Timestamp               Ty Process[PID:TID]
2026-09-14 13:40:49.257 A  PeachCommander[11284:959b] (libsystem_info.dylib) Retrieve User by ID
2026-09-14 13:40:49.257 Df PeachCommander[11284:959b] [com.apple.xpc:connection] [0x1041575c0] activating connection: mach=true listener=false peer=false name=com.apple.cfprefsd.daemon
2026-09-14 13:40:49.257 Df PeachCommander[11284:95a4] [com.apple.xpc:connection] [0x104157d00] activating connection: mach=true listener=false peer=false name=com.apple.cfprefsd.agent
2026-09-14 13:40:49.258 Df PeachCommander[11284:959b] [com.apple.xpc:connection] [0x10415dce0] activating connection: mach=true listener=false peer=false name=com.apple.coreservices.launchservicesd
2026-09-14 13:40:49.258 I  PeachCommander[11284:959b] [com.apple.launchservices:cas] Registering for notification <private> on default queue, to re-boostrap client connection.
2026-09-14 13:40:49.258 Df PeachCommander[11284:959b] [com.apple.xpc:connection] [0xc4eca0000] activating connection: mach=true listener=false peer=false name=com.apple.pasteboard.1
2026-09-14 13:40:49.259 Df PeachCommander[11284:959b] [com.apple.xpc:connection] [0xc4eca0140] activating connection: mach=true listener=false peer=false name=com.apple.distributed_notifications@Uv3
2026-09-14 13:40:49.260 Df PeachCommander[11284:959b] [com.apple.AppKit:AutomaticTermination] void _NSDisableAutomaticTerminationAndLog(NSString *) No windows open yet
2026-09-14 13:40:49.260 A  PeachCommander[11284:959b] (TCC) TCCAccessRequest() IPC
2026-09-14 13:40:49.260 Df PeachCommander[11284:959b] [com.apple.xpc:connection] [0xc4eca0280] activating connection: mach=true listener=false peer=false name=com.apple.tccd.system
2026-09-14 13:40:49.260 I  PeachCommander[11284:959b] [com.apple.TCC:access] SEND: 0/7 synchronous to com.apple.tccd.system: request: msgID=11284.1, function=TCCAccessRequest, service=kTCCServiceListenEvent,
2026-09-14 13:40:49.261 I  PeachCommander[11284:959b] [com.apple.TCC:access] RECV: synchronous reply <dictionary: 0xc4ec88000> { count = 5, transaction: 0, voucher = 0x0, contents =
	"prompt_type" => <uint64: 0x8d0526691fc24ae7>: 1
	"auth_value" => <uint64: 0x8d0526691fc24ae7>: 1
	"preflight_unknown" => <bool: 0x1ee1ad190>: true
	"auth_version" => <uint64: 0x8d0526691fc24ae7>: 1
	"auth_reason" => <uint64: 0x8d0526691fc24ac7>: 5
}
2026-09-14 13:40:49.261 Df PeachCommander[11284:959b] [com.apple.xpc:connection] [0xc4eca0280] invalidated after the last release of the connection object
2026-09-14 13:40:49.261 Df PeachCommander[11284:959b] [com.apple.SkyLight:default] server port 0x0000380f, session port 0x0000380f
2026-09-14 13:40:49.263 Df PeachCommander[11284:959b] [com.apple.SkyLight:default] New connection 0x4dc03 main
2026-09-14 13:40:49.263 I  PeachCommander[11284:95a5] [com.apple.SkyLight:processes] 0[outside of RPC]: First connection id 318467 mapped to ctx = 0xc4ec44380
2026-09-14 13:40:49.264 I  PeachCommander[11284:959b] [com.apple.hiservices:processmgr] Checking in with CAS, pid=11284
2026-09-14 13:40:49.264 I  PeachCommander[11284:959b] [com.apple.launchservices:cas] LSApplicationCheckIn(), app being registered is:"/Users/admin/pc-test/PeachCommander.app/Contents/MacOS/PeachCommander"
2026-09-14 13:40:49.264 I  PeachCommander[11284:959b] [com.apple.launchservices:cas]  { "ApplicationType"="Foreground", "BuildMachineOSBuild"="25E246", "CFBundleDevelopmentRegion"="en", "CFBundleDocumentTypes"=( { "CFBundleTypeName"="Peach Commander Plugin Package", "CFBundleTypeRole"="Viewer", "LSHandlerRank"="Owner", "LSItemContentTypes"=( "com.peachcommander.plugin-package") }), "CFBundleExecutable"="PeachCommander", "CFBundleExecutablePath"="/Users/admin/pc-test/PeachCommander.app/Contents/MacOS/PeachCommander", "CFBundleHelpBookFolder"="PeachCommander.help", "CFBundleHelpBookName"="Peach Commander Help", "CFBundleIconFile"="AppIcon", "CFBundleIconName"="AppIcon", "CFBundleIdentifier"="com.peachcommander.app", "CFBundleInfoDictionaryVersion"="6.0", "CFBundleName"="PeachCommander", "CFBundleNumericVersion"=402685952, "CFBundlePackageType"="APPL", "CFBundleShortVersionString"="0.9.0", "CFBundleSignature"="?????", "CFBundleSupportedPlatforms"=( "MacOSX"), "CFBundleVersion"="18", "DTCompiler"="com.apple.compilers.llvm.clang.1_0", "DTPlatformBuild"="25F70", "DTPlatformName"="macosx", "<…>
2026-09-14 13:40:49.264 Df PeachCommander[11284:959b] [com.apple.processmanager:front-35286506] CHECKIN: pid=11284
2026-09-14 13:40:49.265 Df PeachCommander[11284:959b] [com.apple.processmanager:front-35286506] CHECKEDIN: pid=11284 asn=0x0-0x92092 foreground=1
2026-09-14 13:40:49.265 I  PeachCommander[11284:959b] [com.apple.launchservices:cas] Setting processControlState to default PROC_SETPC_SUSPEND because application does not have LSProcessControlValue key
2026-09-14 13:40:49.265 Df PeachCommander[11284:959b] [com.apple.xpc:connection] [0xc4eca0280] activating connection: mach=false listener=true peer=false name=(anonymous)
2026-09-14 13:40:49.265 Df PeachCommander[11284:959b] [com.apple.xpc:connection] [0xc4eca0280] Connection returned listener port: 0x5403
2026-09-14 13:40:49.265 Df PeachCommander[11284:95a4] [com.apple.xpc:connection] [0xc4f060300] activating connection: mach=false listener=false peer=true name=com.apple.xpc.anonymous.0xc4eca0280.peer[131].0xc4f060300
2026-09-14 13:40:49.265 Df PeachCommander[11284:959b] [com.apple.processmanager:front-35286506] FRONTLOGGING: version 1
2026-09-14 13:40:49.265 Df PeachCommander[11284:959b] [com.apple.processmanager:front-35286506] Registered, pid=11284 ASN=0x0,0x92092
2026-09-14 13:40:49.266 Df PeachCommander[11284:959b] [com.apple.xpc:connection] [0xc4eca03c0] activating connection: mach=true listener=false peer=false name=com.apple.analyticsd
2026-09-14 13:40:49.266 I  PeachCommander[11284:959b] [com.apple.CoreAnalytics:client] Daemon status changed from 0 to 1
2026-09-14 13:40:49.266 I  PeachCommander[11284:95a4] [com.apple.CarbonCore:coreservicesdaemon] SCSession():SCSession( id=100, this=0x0x104168480 option=65538) created, forUID=501 mach_port_t=0x4403.
2026-09-14 13:40:49.266 I  PeachCommander[11284:95a4] [com.apple.CarbonCore:coreservicesdaemon] SCSession():SCSession( id=101, this=0x0x1041685c0 option=65538) created, forUID=501 mach_port_t=0x4303.
2026-09-14 13:40:49.266 I  PeachCommander[11284:95a4] [com.apple.CarbonCore:coreservicesdaemon] connectToCoreServicesD():Instantiating server (coreservicesd based) SCSession, port=0x4403 serverOptions=0x10002.
2026-09-14 13:40:49.266 I  PeachCommander[11284:959b] [com.apple.hiservices:processmgr] _RegisterApplication( pid 11284 => 0x0,0x92092) type=foreground
2026-09-14 13:40:49.266 Df PeachCommander[11284:959b] [com.apple.xpc:connection] [0xc4eca0280] Connection returned listener port: 0x5403
2026-09-14 13:40:49.266 Df PeachCommander[11284:95a9] [com.apple.CoreAnalytics:client] Received configuration update from daemon (initial)
2026-09-14 13:40:49.266 I  PeachCommander[11284:959b] [com.apple.launchservices:cas] CFArrayRef _LSCopyLaunchModifiers(LSSessionID, LSASNRef _Nonnull), result for psn [ kLSCurrentApp ASN, 0x0,0x2]  is 1 items.
2026-09-14 13:40:49.266 Df PeachCommander[11284:95a4] [com.apple.xpc:connection] [0xc4eca0500] activating connection: mach=true listener=false peer=false name=com.apple.lsd.mapdb
2026-09-14 13:40:49.266 Df PeachCommander[11284:959b] [com.apple.processmanager:front-35286506] BringForward: pid=11284 asn=0x0-0x92092 bringForward=1 foreground=1 uiElement=0 launchedByLS=1 modifiersCount=1 allDisabled=1
2026-09-14 13:40:49.266 Df PeachCommander[11284:959b] [com.apple.processmanager:front-35286506] BringFrontModifier: pid=11284 asn=0x0-0x92092 Modifier 0 hideAfter=0 hideOthers=0 dontMakeFrontmost=0 mouseDown=0/0 seed=0/0
2026-09-14 13:40:49.266 Df PeachCommander[11284:959b] [com.apple.processmanager:front-35286506] BringForward: pid=11284 asn=0x0-0x92092
2026-09-14 13:40:49.266 Df PeachCommander[11284:959b] [com.apple.processmanager:front-35286506] SetFrontProcess: asn=0x0-0x92092 options=0
2026-09-14 13:40:49.266 I  PeachCommander[11284:959b] [com.apple.SkyLight:processes] 0[outside of RPC]: SLPSetFrontProcess(0x0-0x92092 window=0 options=0x0
2026-09-14 13:40:49.268 Df PeachCommander[11284:959b] [com.apple.AppKit:Appearance] Current system appearance, (HLTB: 1), (SLS: 0)
2026-09-14 13:40:49.268 Df PeachCommander[11284:959b] (libMobileGestalt.dylib) No persisted cache on this platform.
2026-09-14 13:40:49.269 Df PeachCommander[11284:959b] (libMobileGestalt.dylib) Could not get size of EAN data (IOConnectCallScalarMethod kAppleNVMeEANGetSize returned 0xE00002E2)
2026-09-14 13:40:49.269 I  PeachCommander[11284:95a9] [com.apple.launchservices:cas] information in shared memory for 0x0-0x92092 with seed 533 was still valid, so using cached info { "ApplicationType"="Foreground", "BuildMachineOSBuild"="25E246", "BundleIdentifierLowerCase"="com.peachcommander.app", "CFBundleDevelopmentRegion"="en", "CFBundleDocumentTypes"=( { "CFBundleTypeName"="Peach Commander Plugin Package", "CFBundleTypeRole"="Viewer", "LSHandlerRank"="Owner", "LSItemContentTypes"=( "com.peachcommander.plugin-package") }), "CFBundleExecutable"="PeachCommander", "CFBundleExecutablePath"="/Users/admin/pc-test/PeachCommander.app/Contents/MacOS/PeachCommander", "CFBundleExecutablePathDeviceID"=16777227, "CFBundleExecutablePathINode"=488284, "CFBundleHelpBookFolder"="PeachCommander.help", "CFBundleHelpBookName"="Peach Commander Help", "CFBundleIconFile"="AppIcon", "CFBundleIconName"="AppIcon", "CFBundleIdentifier"="com.peachcommander.app", "CFBundleInfoDictionaryVersion"="6.0", "CFBundleName"="PeachCommander", "CFBundleNameLowerCase"="peachcommander", "CFBundleNumericVersion"=402685952, "CFBundlePackageType"="APPL", "CFBundleShortVersionString"="0.9.0", "CFBun<…>
2026-09-14 13:40:49.269 Df PeachCommander[11284:959b] (libMobileGestalt.dylib) Failed to copy 'aptk' from EAN
2026-09-14 13:40:49.269 Df PeachCommander[11284:959b] (libMobileGestalt.dylib) Failed to copy APTicket properties. Falling back to default policy.
2026-09-14 13:40:49.269 Df PeachCommander[11284:959b] (libMobileGestalt.dylib) Creating default MGSysConfigPolicy
2026-09-14 13:40:49.269 Df PeachCommander[11284:959b] (libMobileGestalt.dylib) CFDictionaryRef copySyscfgDictionary(void) enumeration of <private> failed.
2026-09-14 13:40:49.269 Df PeachCommander[11284:959b] (libMobileGestalt.dylib) Failed to find key <private>
2026-09-14 13:40:49.269 Df PeachCommander[11284:959b] [com.apple.AppKit:Appearance] Current system appearance, (HLTB: 1), (SLS: 0)
2026-09-14 13:40:49.269 Df PeachCommander[11284:959b] [com.apple.AppKit:Appearance] Post-registration system appearance: (HLTB: 1)
2026-09-14 13:40:49.269 I  PeachCommander[11284:95a4] [com.apple.launchservices:db] LaunchServices database schema version: 20971544
2026-09-14 13:40:49.271 I  PeachCommander[11284:95a4] [com.apple.launchservices:default] Unable to load Info.plist exceptions (eGPUOverrides)
2026-09-14 13:40:49.271 I  PeachCommander[11284:95a4] [com.apple.launchservices:default] Unable to load Info.plist exceptions (gameModeOverrides)
2026-09-14 13:40:49.271 I  PeachCommander[11284:95a4] [com.apple.launchservices:default] Unable to load Info.plist exceptions (identifiedGameOverrides)
2026-09-14 13:40:49.271 I  PeachCommander[11284:95a4] [com.apple.launchservices:default] Unable to load Info.plist exceptions (SystemHiddenPreferred)
2026-09-14 13:40:49.271 Df PeachCommander[11284:959b] [com.apple.FrontBoard:Common] FBSWorkspace: endpoint monitoring is disabled.
2026-09-14 13:40:49.271 Df PeachCommander[11284:959b] [com.apple.FrontBoard:Common] FBSWorkspace: default shell endpoint is disabled.
2026-09-14 13:40:49.271 Df PeachCommander[11284:959b] [com.apple.runningboard:connection] Initializing connection
2026-09-14 13:40:49.271 Df PeachCommander[11284:959b] [com.apple.runningboard:process] Removing all cached process handles
2026-09-14 13:40:49.271 Df PeachCommander[11284:95a5] [com.apple.runningboard:connection] Sending handshake request attempt #1 to server
2026-09-14 13:40:49.271 Df PeachCommander[11284:95a5] [com.apple.runningboard:connection] Creating connection to com.apple.runningboard
2026-09-14 13:40:49.271 Df PeachCommander[11284:95a5] [com.apple.xpc:connection] [0xc4eca0640] activating connection: mach=true listener=false peer=false name=com.apple.runningboard
2026-09-14 13:40:49.272 Df PeachCommander[11284:959b] [com.apple.xpc:connection] [0xc4eca0280] Connection returned listener port: 0x5403
2026-09-14 13:40:49.272 A  PeachCommander[11284:95a9] (RunningBoardServices) didChangeInheritances
2026-09-14 13:40:49.272 I  PeachCommander[11284:959b] [com.apple.launchservices:cas] information in shared memory for 0x0-0x92092 with seed 533 was still valid, so using cached info { "ApplicationType"="Foreground", "BuildMachineOSBuild"="25E246", "BundleIdentifierLowerCase"="com.peachcommander.app", "CFBundleDevelopmentRegion"="en", "CFBundleDocumentTypes"=( { "CFBundleTypeName"="Peach Commander Plugin Package", "CFBundleTypeRole"="Viewer", "LSHandlerRank"="Owner", "LSItemContentTypes"=( "com.peachcommander.plugin-package") }), "CFBundleExecutable"="PeachCommander", "CFBundleExecutablePath"="/Users/admin/pc-test/PeachCommander.app/Contents/MacOS/PeachCommander", "CFBundleExecutablePathDeviceID"=16777227, "CFBundleExecutablePathINode"=488284, "CFBundleHelpBookFolder"="PeachCommander.help", "CFBundleHelpBookName"="Peach Commander Help", "CFBundleIconFile"="AppIcon", "CFBundleIconName"="AppIcon", "CFBundleIdentifier"="com.peachcommander.app", "CFBundleInfoDictionaryVersion"="6.0", "CFBundleName"="PeachCommander", "CFBundleNameLowerCase"="peachcommander", "CFBundleNumericVersion"=402685952, "CFBundlePackageType"="APPL", "CFBundleShortVersionString"="0.9.0", "CFBun<…>
2026-09-14 13:40:49.272 Df PeachCommander[11284:95a5] [com.apple.runningboard:connection] Handshake succeeded
2026-09-14 13:40:49.272 Df PeachCommander[11284:95a5] [com.apple.runningboard:connection] Identity resolved as app<application.com.peachcommander.app.487016.488284(501)>
2026-09-14 13:40:49.274 Df PeachCommander[11284:959b] [com.apple.xpc:connection] [0xc4eca0280] Connection returned listener port: 0x5403
2026-09-14 13:40:49.274 A  PeachCommander[11284:95a9] (AppIntents) appintents:register process
2026-09-14 13:40:49.275 Df PeachCommander[11284:95a9] [com.apple.appintents:Connection] Created a new Process Instance Registry XPC connection (inactive)
2026-09-14 13:40:49.275 Df PeachCommander[11284:95a9] [com.apple.xpc:connection] [0xc4eca0780] activating connection: mach=true listener=false peer=false name=com.apple.linkd.autoShortcut
2026-09-14 13:40:49.275 Df PeachCommander[11284:95a9] [com.apple.appintents:Connection] Activated connection to linkd (ApplicationService)
2026-09-14 13:40:49.275 Df PeachCommander[11284:95a9] [com.apple.xpc:connection] [0xc4eca0a00] activating connection: mach=false listener=true peer=false name=(anonymous)
2026-09-14 13:40:49.275 I  PeachCommander[11284:959b] [com.apple.launchservices:cas] information in shared memory for 0x0-0x92092 with seed 533 was still valid, so using cached info { "ApplicationType"="Foreground", "BuildMachineOSBuild"="25E246", "BundleIdentifierLowerCase"="com.peachcommander.app", "CFBundleDevelopmentRegion"="en", "CFBundleDocumentTypes"=( { "CFBundleTypeName"="Peach Commander Plugin Package", "CFBundleTypeRole"="Viewer", "LSHandlerRank"="Owner", "LSItemContentTypes"=( "com.peachcommander.plugin-package") }), "CFBundleExecutable"="PeachCommander", "CFBundleExecutablePath"="/Users/admin/pc-test/PeachCommander.app/Contents/MacOS/PeachCommander", "CFBundleExecutablePathDeviceID"=16777227, "CFBundleExecutablePathINode"=488284, "CFBundleHelpBookFolder"="PeachCommander.help", "CFBundleHelpBookName"="Peach Commander Help", "CFBundleIconFile"="AppIcon", "CFBundleIconName"="AppIcon", "CFBundleIdentifier"="com.peachcommander.app", "CFBundleInfoDictionaryVersion"="6.0", "CFBundleName"="PeachCommander", "CFBundleNameLowerCase"="peachcommander", "CFBundleNumericVersion"=402685952, "CFBundlePackageType"="APPL", "CFBundleShortVersionString"="0.9.0", "CFBun<…>
2026-09-14 13:40:49.275 I  PeachCommander[11284:959b] [com.apple.hiservices:processmgr] TransformProcessType(0x0,0x2 => 1 wasFront=1 pickNew=0)
2026-09-14 13:40:49.275 I  PeachCommander[11284:959b] [com.apple.CoreAnalytics:client] Dropping "com.apple.appkit.app_config" as it isn't used in any transform (not in the config or budgeted?)
2026-09-14 13:40:49.276 I  PeachCommander[11284:95a9] [com.apple.appintents:Execution] LNAppConnectionListener instantiated
2026-09-14 13:40:49.276 Df PeachCommander[11284:95a9] [com.apple.xpc:connection] [0xc4eca0a00] Connection returned listener port: 0x6603
2026-09-14 13:40:49.276 Df PeachCommander[11284:959b] [com.apple.dt.xctest:Default] Registering for test daemon availability notify post.
2026-09-14 13:40:49.276 Df PeachCommander[11284:959b] [com.apple.dt.xctest:Default] notify_get_state check indicated test daemon not ready.
2026-09-14 13:40:49.276 Df PeachCommander[11284:959b] [com.apple.dt.xctest:Default] notify_get_state check indicated test daemon not ready.
2026-09-14 13:40:49.276 Df PeachCommander[11284:959b] [com.apple.dt.xctest:Default] notify_get_state check indicated test daemon not ready.
2026-09-14 13:40:49.277 Df PeachCommander[11284:95a5] [com.apple.xpc:connection] [0xc4eca0780] Re-initialization successful; calling out to event handler with XPC_ERROR_CONNECTION_INTERRUPTED
2026-09-14 13:40:49.277 Df PeachCommander[11284:95a5] [com.apple.appintents:Connection] Process Instance Registry XPC connection has been interrupted
2026-09-14 13:40:49.277 Df PeachCommander[11284:95a5] [com.apple.appintents:Connection] Created a new Process Instance Registry XPC connection (inactive)
2026-09-14 13:40:49.277 A  PeachCommander[11284:95a5] (AppIntents) appintents:register process
2026-09-14 13:40:49.277 Df PeachCommander[11284:95a5] [com.apple.appintents:Connection] Created a new Process Instance Registry XPC connection (inactive)
2026-09-14 13:40:49.277 Df PeachCommander[11284:95a5] [com.apple.xpc:connection] [0xc4eca1040] activating connection: mach=true listener=false peer=false name=com.apple.linkd.autoShortcut
2026-09-14 13:40:49.277 E  PeachCommander[11284:95a9] [com.apple.appintents:Connection] Unable to get synchronousRemoteObjectProxy, error: Error Domain=NSCocoaErrorDomain Code=4097 "connection to service named com.apple.linkd.autoShortcut" UserInfo={NSDebugDescription=connection to service named com.apple.linkd.autoShortcut}
2026-09-14 13:40:49.277 E  PeachCommander[11284:95a9] [com.apple.AppKit:Application] Error registering app with intents framework: Error Domain=NSCocoaErrorDomain Code=4097 UserInfo={NSDebugDescription=<private>}
2026-09-14 13:40:49.277 Df PeachCommander[11284:95a5] [com.apple.appintents:Connection] Activated connection to linkd (ApplicationService)
2026-09-14 13:40:49.277 Df PeachCommander[11284:95a5] [com.apple.xpc:connection] [0xc4eca0a00] Connection returned listener port: 0x6603
2026-09-14 13:40:49.277 Df PeachCommander[11284:95a9] [com.apple.xpc:connection] [0xc4eca1040] Re-initialization successful; calling out to event handler with XPC_ERROR_CONNECTION_INTERRUPTED
2026-09-14 13:40:49.277 Df PeachCommander[11284:95a9] [com.apple.appintents:Connection] Process Instance Registry XPC connection has been interrupted
2026-09-14 13:40:49.277 E  PeachCommander[11284:95a5] [com.apple.appintents:Connection] Unable to get synchronousRemoteObjectProxy, error: Error Domain=NSCocoaErrorDomain Code=4097 "connection to service named com.apple.linkd.autoShortcut" UserInfo={NSDebugDescription=connection to service named com.apple.linkd.autoShortcut}
2026-09-14 13:40:49.277 E  PeachCommander[11284:95a5] [com.apple.appintents:Connection] Unable to re-register with Process Instance Registry, error: Error Domain=NSCocoaErrorDomain Code=4097 "connection to service named com.apple.linkd.autoShortcut" UserInfo={NSDebugDescription=connection to service named com.apple.linkd.autoShortcut}
2026-09-14 13:40:49.277 Df PeachCommander[11284:95a9] [com.apple.appintents:Connection] Created a new Process Instance Registry XPC connection (inactive)
2026-09-14 13:40:49.277 A  PeachCommander[11284:95a9] (AppIntents) appintents:register process
2026-09-14 13:40:49.277 Df PeachCommander[11284:95a9] [com.apple.appintents:Connection] Created a new Process Instance Registry XPC connection (inactive)
2026-09-14 13:40:49.277 Df PeachCommander[11284:95a9] [com.apple.xpc:connection] [0xc4eca12c0] activating connection: mach=true listener=false peer=false name=com.apple.linkd.autoShortcut
2026-09-14 13:40:49.277 Df PeachCommander[11284:95a9] [com.apple.appintents:Connection] Activated connection to linkd (ApplicationService)
2026-09-14 13:40:49.277 Df PeachCommander[11284:95a9] [com.apple.xpc:connection] [0xc4eca0a00] Connection returned listener port: 0x6603
2026-09-14 13:40:49.277 Df PeachCommander[11284:95a4] [com.apple.xpc:connection] [0xc4eca12c0] Re-initialization successful; calling out to event handler with XPC_ERROR_CONNECTION_INTERRUPTED
2026-09-14 13:40:49.277 Df PeachCommander[11284:95a4] [com.apple.appintents:Connection] Process Instance Registry XPC connection has been interrupted
2026-09-14 13:40:49.277 E  PeachCommander[11284:95a9] [com.apple.appintents:Connection] Unable to get synchronousRemoteObjectProxy, error: Error Domain=NSCocoaErrorDomain Code=4097 "connection to service named com.apple.linkd.autoShortcut" UserInfo={NSDebugDescription=connection to service named com.apple.linkd.autoShortcut}
2026-09-14 13:40:49.277 E  PeachCommander[11284:95a9] [com.apple.appintents:Connection] Unable to re-register with Process Instance Registry, error: Error Domain=NSCocoaErrorDomain Code=4097 "connection to service named com.apple.linkd.autoShortcut" UserInfo={NSDebugDescription=connection to service named com.apple.linkd.autoShortcut}
2026-09-14 13:40:49.277 Df PeachCommander[11284:95a4] [com.apple.appintents:Connection] Created a new Process Instance Registry XPC connection (inactive)
2026-09-14 13:40:49.277 A  PeachCommander[11284:95a4] (AppIntents) appintents:register process
2026-09-14 13:40:49.277 Df PeachCommander[11284:95a4] [com.apple.appintents:Connection] Created a new Process Instance Registry XPC connection (inactive)
2026-09-14 13:40:49.277 Df PeachCommander[11284:95a4] [com.apple.xpc:connection] [0xc4eca1540] activating connection: mach=true listener=false peer=false name=com.apple.linkd.autoShortcut
2026-09-14 13:40:49.277 Df PeachCommander[11284:95a4] [com.apple.appintents:Connection] Activated connection to linkd (ApplicationService)
2026-09-14 13:40:49.277 Df PeachCommander[11284:95a4] [com.apple.xpc:connection] [0xc4eca0a00] Connection returned listener port: 0x6603
2026-09-14 13:40:49.278 Df PeachCommander[11284:95a9] [com.apple.xpc:connection] [0xc4eca1540] Re-initialization successful; calling out to event handler with XPC_ERROR_CONNECTION_INTERRUPTED
2026-09-14 13:40:49.278 Df PeachCommander[11284:95a9] [com.apple.appintents:Connection] Process Instance Registry XPC connection has been interrupted
2026-09-14 13:40:49.278 E  PeachCommander[11284:95a9] [com.apple.appintents:Connection] Will NOT re-try to establish the connection
2026-09-14 13:40:49.278 E  PeachCommander[11284:95a4] [com.apple.appintents:Connection] Unable to get synchronousRemoteObjectProxy, error: Error Domain=NSCocoaErrorDomain Code=4097 "connection to service named com.apple.linkd.autoShortcut" UserInfo={NSDebugDescription=connection to service named com.apple.linkd.autoShortcut}
2026-09-14 13:40:49.278 E  PeachCommander[11284:95a4] [com.apple.appintents:Connection] Unable to re-register with Process Instance Registry, error: Error Domain=NSCocoaErrorDomain Code=4097 "connection to service named com.apple.linkd.autoShortcut" UserInfo={NSDebugDescription=connection to service named com.apple.linkd.autoShortcut}
2026-09-14 13:40:49.280 A  PeachCommander[11284:959b] (CoreFoundation) Loading Preferences From System CFPrefsD
2026-09-14 13:40:49.280 Df PeachCommander[11284:959b] (libMobileGestalt.dylib) couldn't load support library
2026-09-14 13:40:49.280 Df PeachCommander[11284:959b] (libMobileGestalt.dylib) called dummy function!
2026-09-14 13:40:49.280 I  PeachCommander[11284:959b] [com.apple.GenerativeModels:availability] Current availability state: unavailable, use cases: com.apple.WritingTools, language: <any>, api: <private>
2026-09-14 13:40:49.280 Df PeachCommander[11284:959b] [com.apple.GenerativeModels:availability] registering darwin observer for name: com.apple.gms.availability.notification
2026-09-14 13:40:49.280 Df PeachCommander[11284:959b] [com.apple.GenerativeModels:availability] registering darwin observer for name: com.apple.os-eligibility-domain.change.greymatter
2026-09-14 13:40:49.280 Df PeachCommander[11284:959b] [com.apple.GenerativeModels:availability] registering darwin observer for name: com.apple.language.changed
2026-09-14 13:40:49.280 Df PeachCommander[11284:959b] [com.apple.WritingTools:Default] isAvailable value changed: isMDMAllowed = true, gmAvailable (current) = false
2026-09-14 13:40:49.282 I  PeachCommander[11284:959b] [com.apple.CoreAnalytics:client] Dropping "com.apple.appkit.app_config" as it isn't used in any transform (not in the config or budgeted?)
2026-09-14 13:40:49.285 Df PeachCommander[11284:959b] [com.apple.AppKit:Appearance] NSApp cache appearance:
-NSRequiresAquaSystemAppearance: 0
-appearance: (null)
-effectiveAppearance: <NSCompositeAppearance: 0xc4ec8c780
 (
    "<NSAquaAppearance: 0xc4ec8c460>",
    "<NSSystemAppearance: 0xc4ec8c6e0>"
)>
2026-09-14 13:40:49.287 A  PeachCommander[11284:959b] (CoreFoundation) Loading Preferences From User CFPrefsD
2026-09-14 13:40:49.287 A  PeachCommander[11284:959b] (CoreFoundation) Loading Preferences From User CFPrefsD
2026-09-14 13:40:49.290 A  PeachCommander[11284:95a5] (libsystem_info.dylib) Membership API: translate identifier
2026-09-14 13:40:49.292 I  PeachCommander[11284:959b] [com.apple.CoreAnalytics:client] Dropping "com.apple.appkit.app_config" as it isn't used in any transform (not in the config or budgeted?)
2026-09-14 13:40:49.292 I  PeachCommander[11284:959b] [com.apple.CoreAnalytics:client] Dropping "com.apple.appkit.app_config" as it isn't used in any transform (not in the config or budgeted?)
2026-09-14 13:40:49.293 Df PeachCommander[11284:95a5] [com.apple.xpc:connection] [0xc4eca1a40] activating connection: mach=true listener=false peer=false name=com.apple.dock.fullscreen
2026-09-14 13:40:49.294 Df PeachCommander[11284:959b] [com.apple.xpc:connection] [0xc4eca1b80] activating connection: mach=true listener=false peer=false name=com.apple.fonts
2026-09-14 13:40:49.296 I  PeachCommander[11284:959b] [com.apple.launchservices:cas] information in shared memory for 0x0-0x92092 with seed 533 was still valid, so using cached info { "ApplicationType"="Foreground", "BuildMachineOSBuild"="25E246", "BundleIdentifierLowerCase"="com.peachcommander.app", "CFBundleDevelopmentRegion"="en", "CFBundleDocumentTypes"=( { "CFBundleTypeName"="Peach Commander Plugin Package", "CFBundleTypeRole"="Viewer", "LSHandlerRank"="Owner", "LSItemContentTypes"=( "com.peachcommander.plugin-package") }), "CFBundleExecutable"="PeachCommander", "CFBundleExecutablePath"="/Users/admin/pc-test/PeachCommander.app/Contents/MacOS/PeachCommander", "CFBundleExecutablePathDeviceID"=16777227, "CFBundleExecutablePathINode"=488284, "CFBundleHelpBookFolder"="PeachCommander.help", "CFBundleHelpBookName"="Peach Commander Help", "CFBundleIconFile"="AppIcon", "CFBundleIconName"="AppIcon", "CFBundleIdentifier"="com.peachcommander.app", "CFBundleInfoDictionaryVersion"="6.0", "CFBundleName"="PeachCommander", "CFBundleNameLowerCase"="peachcommander", "CFBundleNumericVersion"=402685952, "CFBundlePackageType"="APPL", "CFBundleShortVersionString"="0.9.0", "CFBun<…>
2026-09-14 13:40:49.296 I  PeachCommander[11284:959b] [com.apple.CoreAnalytics:client] Dropping "com.apple.appkit.app_config" as it isn't used in any transform (not in the config or budgeted?)
2026-09-14 13:40:49.296 Df PeachCommander[11284:959b] [com.apple.AppKit:AutomaticTermination] -[NSApplication(NSAppssassination) _checkForAutomaticTerminationSupportPossiblyEnablingIt]_block_invoke Enabling automatic termination support.
2026-09-14 13:40:49.297 Df PeachCommander[11284:959b] [com.apple.xpc:connection] [0xc4eca0b40] activating connection: mach=true listener=false peer=false name=com.apple.appkit.restoration_storage
2026-09-14 13:40:49.297 I  PeachCommander[11284:959b] [com.apple.launchservices:cas] information in shared memory for 0x0-0x92092 with seed 533 was still valid, so using cached info { "ApplicationType"="Foreground", "BuildMachineOSBuild"="25E246", "BundleIdentifierLowerCase"="com.peachcommander.app", "CFBundleDevelopmentRegion"="en", "CFBundleDocumentTypes"=( { "CFBundleTypeName"="Peach Commander Plugin Package", "CFBundleTypeRole"="Viewer", "LSHandlerRank"="Owner", "LSItemContentTypes"=( "com.peachcommander.plugin-package") }), "CFBundleExecutable"="PeachCommander", "CFBundleExecutablePath"="/Users/admin/pc-test/PeachCommander.app/Contents/MacOS/PeachCommander", "CFBundleExecutablePathDeviceID"=16777227, "CFBundleExecutablePathINode"=488284, "CFBundleHelpBookFolder"="PeachCommander.help", "CFBundleHelpBookName"="Peach Commander Help", "CFBundleIconFile"="AppIcon", "CFBundleIconName"="AppIcon", "CFBundleIdentifier"="com.peachcommander.app", "CFBundleInfoDictionaryVersion"="6.0", "CFBundleName"="PeachCommander", "CFBundleNameLowerCase"="peachcommander", "CFBundleNumericVersion"=402685952, "CFBundlePackageType"="APPL", "CFBundleShortVersionString"="0.9.0", "CFBun<…>
2026-09-14 13:40:49.297 Df PeachCommander[11284:959b] [com.apple.xpc:connection] [0xc4eca0c80] activating connection: mach=true listener=false peer=false name=com.apple.coreservices.appleevents
2026-09-14 13:40:49.297 I  PeachCommander[11284:959b] [com.apple.appleevents:main] _AEGetRegisteredMachPort() created default port (port:63491/0xf803 rcv:1 send:1 limit:5) and registered it with server
2026-09-14 13:40:49.297 Df PeachCommander[11284:959b] [com.apple.xpc:connection] [0xc4eca0280] Connection returned listener port: 0x5403
2026-09-14 13:40:49.297 I  PeachCommander[11284:959b] [com.apple.launchservices:cas] information in shared memory for 0x0-0x92092 with seed 533 was still valid, so using cached info { "ApplicationType"="Foreground", "BuildMachineOSBuild"="25E246", "BundleIdentifierLowerCase"="com.peachcommander.app", "CFBundleDevelopmentRegion"="en", "CFBundleDocumentTypes"=( { "CFBundleTypeName"="Peach Commander Plugin Package", "CFBundleTypeRole"="Viewer", "LSHandlerRank"="Owner", "LSItemContentTypes"=( "com.peachcommander.plugin-package") }), "CFBundleExecutable"="PeachCommander", "CFBundleExecutablePath"="/Users/admin/pc-test/PeachCommander.app/Contents/MacOS/PeachCommander", "CFBundleExecutablePathDeviceID"=16777227, "CFBundleExecutablePathINode"=488284, "CFBundleHelpBookFolder"="PeachCommander.help", "CFBundleHelpBookName"="Peach Commander Help", "CFBundleIconFile"="AppIcon", "CFBundleIconName"="AppIcon", "CFBundleIdentifier"="com.peachcommander.app", "CFBundleInfoDictionaryVersion"="6.0", "CFBundleName"="PeachCommander", "CFBundleNameLowerCase"="peachcommander", "CFBundleNumericVersion"=402685952, "CFBundlePackageType"="APPL", "CFBundleShortVersionString"="0.9.0", "CFBun<…>
2026-09-14 13:40:49.297 Df PeachCommander[11284:959b] [com.apple.processmanager:front-35286506] SignalReady: pid=11284 asn=0x0-0x92092
2026-09-14 13:40:49.297 Df PeachCommander[11284:959b] [com.apple.processmanager:front-35286506] SIGNAL: pid=11284 asn=0x0x-0x92092
2026-09-14 13:40:49.297 I  PeachCommander[11284:959b] [com.apple.appleevents:main] aeGenerateFakeFirstOAPPEventIfNecessary()
2026-09-14 13:40:49.297 I  PeachCommander[11284:959b] [com.apple.appleevents:main] aeGenerateFakeFirstOAPPEventIfNecessary(), needToCreateFakeOAPPEventIfFirstEvent == true
2026-09-14 13:40:49.297 I  PeachCommander[11284:959b] [com.apple.launchservices:cas] Removing cached information for app [ 0x0-0x92092]  "PeachCommander", as its seed is different from that in shared memory ( 533 vs 535)
2026-09-14 13:40:49.298 I  PeachCommander[11284:959b] [com.apple.CFPasteboard:entry] CopyData('DefaultAsciiKeyboardLayoutPasteboard' (<CFUUID 0xc4ed60540> E662EB6F-1F87-4718-8B39-EF7A256B6D9C) gen: -1 item: 1264739405 flavor: 'DefaultAsciiKeyboardLayoutFlavor')
2026-09-14 13:40:49.298 I  PeachCommander[11284:959b] [com.apple.CFPasteboard:cache] Rebuilding cache for 'DefaultAsciiKeyboardLayoutPasteboard' (<CFUUID 0xc4ed60540> E662EB6F-1F87-4718-8B39-EF7A256B6D9C)
2026-09-14 13:40:49.298 I  PeachCommander[11284:959b] [com.apple.CFPasteboard:exit] (not-in-cache) - result: -8 generation: 0 null data flags: 0
2026-09-14 13:40:49.298 A  PeachCommander[11284:959b] (CoreFoundation) Loading Preferences From User CFPrefsD
2026-09-14 13:40:49.298 A  PeachCommander[11284:959b] (CoreFoundation) Loading Preferences From System CFPrefsD
2026-09-14 13:40:49.299 I  PeachCommander[11284:959b] [com.apple.CFPasteboard:entry] CopyData('AppleIntlFileCacheModificationDatePasteboard' (<CFUUID 0xc4ed60c60> CE1EC93E-DB31-4114-9F7F-5DD70CD4B96E) gen: -1 item: 1 flavor: '-32766 1768845414')
2026-09-14 13:40:49.299 I  PeachCommander[11284:959b] [com.apple.CFPasteboard:cache] Rebuilding cache for 'AppleIntlFileCacheModificationDatePasteboard' (<CFUUID 0xc4ed60c60> CE1EC93E-DB31-4114-9F7F-5DD70CD4B96E)
2026-09-14 13:40:49.299 I  PeachCommander[11284:959b] [com.apple.CFPasteboard:general] Will request data from daemon
2026-09-14 13:40:49.299 I  PeachCommander[11284:959b] [com.apple.CFPasteboard:exit] (not-in-cache) - result: 0 generation: 7 data (310 bytes) flags: 0
2026-09-14 13:40:49.299 I  PeachCommander[11284:959b] [com.apple.CFPasteboard:entry] CopyData('AppleIntlFileCacheModificationDatePasteboard' (<CFUUID 0xc4ed60c60> CE1EC93E-DB31-4114-9F7F-5DD70CD4B96E) gen: -1 item: 1 flavor: '-32765 1802264953')
2026-09-14 13:40:49.299 I  PeachCommander[11284:959b] [com.apple.CFPasteboard:general] Will request data from daemon
2026-09-14 13:40:49.299 I  PeachCommander[11284:959b] [com.apple.CFPasteboard:exit] (not-in-cache) - result: 0 generation: 7 data (306 bytes) flags: 0
2026-09-14 13:40:49.299 I  PeachCommander[11284:959b] [com.apple.CFPasteboard:entry] CopyData('AppleIntlFileCacheModificationDatePasteboard' (<CFUUID 0xc4ed60c60> CE1EC93E-DB31-4114-9F7F-5DD70CD4B96E) gen: -1 item: 1 flavor: '-32764 1802264953')
2026-09-14 13:40:49.299 I  PeachCommander[11284:959b] [com.apple.CFPasteboard:general] Will request data from daemon
2026-09-14 13:40:49.299 I  PeachCommander[11284:959b] [com.apple.CFPasteboard:exit] (not-in-cache) - result: 0 generation: 7 data (281 bytes) flags: 0
2026-09-14 13:40:49.299 I  PeachCommander[11284:959b] [com.apple.CFPasteboard:entry] CopyData('AppleIntlFileCacheModificationDatePasteboard' (<CFUUID 0xc4ed60c60> CE1EC93E-DB31-4114-9F7F-5DD70CD4B96E) gen: -1 item: 1 flavor: '-32763 1802264953')
2026-09-14 13:40:49.299 I  PeachCommander[11284:959b] [com.apple.CFPasteboard:general] Will request data from daemon
2026-09-14 13:40:49.299 I  PeachCommander[11284:959b] [com.apple.CFPasteboard:exit] (not-in-cache) - result: 0 generation: 7 data (318 bytes) flags: 0
2026-09-14 13:40:49.299 I  PeachCommander[11284:959b] [com.apple.CFPasteboard:entry] CopyData('AppleIntlFileCacheModificationDatePasteboard' (<CFUUID 0xc4ed60c60> CE1EC93E-DB31-4114-9F7F-5DD70CD4B96E) gen: -1 item: 1 flavor: '-32765 1768845414')
2026-09-14 13:40:49.299 I  PeachCommander[11284:959b] [com.apple.CFPasteboard:general] Will request data from daemon
2026-09-14 13:40:49.299 I  PeachCommander[11284:959b] [com.apple.CFPasteboard:exit] (not-in-cache) - result: 0 generation: 7 data (303 bytes) flags: 0
2026-09-14 13:40:49.299 I  PeachCommander[11284:959b] [com.apple.CFPasteboard:entry] CopyData('AppleIntlFileCacheModificationDatePasteboard' (<CFUUID 0xc4ed60c60> CE1EC93E-DB31-4114-9F7F-5DD70CD4B96E) gen: -1 item: 1 flavor: '-32763 1768845414')
2026-09-14 13:40:49.299 I  PeachCommander[11284:959b] [com.apple.CFPasteboard:general] Will request data from daemon
2026-09-14 13:40:49.299 I  PeachCommander[11284:959b] [com.apple.CFPasteboard:exit] (not-in-cache) - result: 0 generation: 7 data (315 bytes) flags: 0
2026-09-14 13:40:49.301 I  PeachCommander[11284:959b] [com.apple.launchservices:cas] information in shared memory for 0x0-0x92092 with seed 535 was still valid, so using cached info { "ApplicationType"="Foreground", "BuildMachineOSBuild"="25E246", "BundleIdentifierLowerCase"="com.peachcommander.app", "CFBundleDevelopmentRegion"="en", "CFBundleDocumentTypes"=( { "CFBundleTypeName"="Peach Commander Plugin Package", "CFBundleTypeRole"="Viewer", "LSHandlerRank"="Owner", "LSItemContentTypes"=( "com.peachcommander.plugin-package") }), "CFBundleExecutable"="PeachCommander", "CFBundleExecutablePath"="/Users/admin/pc-test/PeachCommander.app/Contents/MacOS/PeachCommander", "CFBundleExecutablePathDeviceID"=16777227, "CFBundleExecutablePathINode"=488284, "CFBundleHelpBookFolder"="PeachCommander.help", "CFBundleHelpBookName"="Peach Commander Help", "CFBundleIconFile"="AppIcon", "CFBundleIconName"="AppIcon", "CFBundleIdentifier"="com.peachcommander.app", "CFBundleInfoDictionaryVersion"="6.0", "CFBundleName"="PeachCommander", "CFBundleNameLowerCase"="peachcommander", "CFBundleNumericVersion"=402685952, "CFBundlePackageType"="APPL", "CFBundleShortVersionString"="0.9.0", "CFBun<…>
2026-09-14 13:40:49.301 Df PeachCommander[11284:959b] [com.apple.xpc:connection] [0xc4eca1e00] activating connection: mach=false listener=false peer=false name=com.apple.ViewBridgeAuxiliary
2026-09-14 13:40:49.305 Df PeachCommander[11284:959b] [com.apple.xpc:connection] [0xc4eca1cc0] activating connection: mach=false listener=false peer=false name=(anonymous)
2026-09-14 13:40:49.305 Df PeachCommander[11284:959b] [com.apple.xpc:connection] [0xc4eca1f40] activating connection: mach=false listener=true peer=false name=(anonymous)
2026-09-14 13:40:49.305 Df PeachCommander[11284:959b] [com.apple.xpc:connection] [0xc4eca1f40] Connection returned listener port: 0xf303
2026-09-14 13:40:49.305 Df PeachCommander[11284:959b] [com.apple.xpc:connection] [0xc4eca1e00] invalidated after the last release of the connection object
2026-09-14 13:40:49.305 I  PeachCommander[11284:959b] [com.apple.runningboard:assertion] Acquiring assertion: <RBSAssertionDescriptor| "AppNap adapter assertion" ID:(null) target:11284>
2026-09-14 13:40:49.308 I  PeachCommander[11284:959b] [com.apple.showhide:pr-59900543] SHOWHIDE: SHOW id=236 0x0-0x92092, err=0 eventTime=703027872750 windowID=0
2026-09-14 13:40:49.308 I  PeachCommander[11284:959b] [com.apple.CarbonCore:coreservicesdaemon] findOrCreateCacheable():findOrCreateCacheable(), factoryName=3 cacheableName=<private> fCacheables.size()=0
2026-09-14 13:40:49.308 I  PeachCommander[11284:959b] [com.apple.CarbonCore:coreservicesdaemon] findOrCreateCacheable():findOrCreateCacheable(), result = 0xc4f146c40 (should be non-NULL)
2026-09-14 13:40:49.308 Df PeachCommander[11284:959b] [com.apple.AppKit:AutomaticTermination] void _NSDisableAutomaticTerminationAndLog(NSString *) Restoring windows
2026-09-14 13:40:49.308 Df PeachCommander[11284:959b] [com.apple.AppKit:StateRestoration] -[NSApplication _reopenWindowsAsNecessaryIncludingRestorableState:withFullFidelity:completionHandler:] shouldRestoreState=1 hasPersistentStateToRestore=0 shouldStillRestoreStateAfterPrompting=0
2026-09-14 13:40:49.308 Df PeachCommander[11284:959b] [com.apple.xpc:connection] [0xc4eca1e00] activating connection: mach=true listener=false peer=false name=com.apple.window_proxies
2026-09-14 13:40:49.308 Df PeachCommander[11284:959b] [com.apple.xpc:connection] [0xc4eca1e00] invalidated because the current process cancelled the connection by calling xpc_connection_cancel()
2026-09-14 13:40:49.308 I  PeachCommander[11284:959b] [com.apple.SkyLight:processes] 0[outside of RPC]: SLSSetFrontProcessWithInfo(0x0-0x2 window=0 options=0x1
2026-09-14 13:40:49.309 I  PeachCommander[11284:959b] [com.apple.CoreAnalytics:client] Dropping "com.apple.appkit.app_config" as it isn't used in any transform (not in the config or budgeted?)
2026-09-14 13:40:49.309 Df PeachCommander[11284:959b] [com.apple.AppKit:AutomaticTermination] void _NSEnableAutomaticTerminationAndLog(NSString *) Restoring windows
2026-09-14 13:40:49.311 I  PeachCommander[11284:959b] [com.apple.CoreAnalytics:client] Dropping "com.apple.appkit.app_config" as it isn't used in any transform (not in the config or budgeted?)
2026-09-14 13:40:49.311 I  PeachCommander[11284:959b] [com.apple.CoreAnalytics:client] Dropping "com.apple.appkit.app_config" as it isn't used in any transform (not in the config or budgeted?)
2026-09-14 13:40:49.320 A  PeachCommander[11284:959b] (CoreFoundation) Loading Preferences From User CFPrefsD
2026-09-14 13:40:49.326 I  PeachCommander[11284:959b] [com.peachcommander:PCFoundation] VolumeManager initialized
2026-09-14 13:40:49.343 Df PeachCommander[11284:959b] [com.apple.BoardServices:XPCErrors] [C:1] Alloc <private>
2026-09-14 13:40:49.343 Df PeachCommander[11284:959b] [com.apple.xpc:connection] [0xc4eff5180] activating connection: mach=false listener=false peer=false name=(anonymous)
2026-09-14 13:40:49.345 I  PeachCommander[11284:959b] [com.apple.AppKit:Window] context (0 -> ae6cb83d) for window 22f
2026-09-14 13:40:49.345 Df PeachCommander[11284:95a4] [com.apple.corespotlight:index] (<private>) deleteSearchableItemsWithDomainIdentifiers, protectionClass:(null), domainIdentifiers number:1
2026-09-14 13:40:49.345 A  PeachCommander[11284:95a4] (CoreSpotlight) delete-domains
2026-09-14 13:40:49.345 Df PeachCommander[11284:95a4] [com.apple.corespotlight:index] CSInlineDonation:<private>: Skipping donation (feature flag disabled)
2026-09-14 13:40:49.345 Df PeachCommander[11284:95a4] (CoreSpotlight) sConnectionName: com.apple.spotlight.IndexAgent
2026-09-14 13:40:49.345 Df PeachCommander[11284:95a4] (CoreSpotlight) Start service name com.apple.spotlight.IndexAgent
2026-09-14 13:40:49.345 Df PeachCommander[11284:95a4] [com.apple.xpc:connection] [0xc4eff5400] activating connection: mach=true listener=false peer=false name=com.apple.spotlight.IndexAgent
2026-09-14 13:40:49.345 I  PeachCommander[11284:959b] [com.peachcommander:PCFoundation] MainWindowController initialized (config: <private>)
2026-09-14 13:40:49.346 I  PeachCommander[11284:959b] [com.peachcommander:PCFoundation] SelectionState initialized
2026-09-14 13:40:49.346 I  PeachCommander[11284:959b] [com.peachcommander:PCFoundation] DirectoryModel initialized
2026-09-14 13:40:49.346 I  PeachCommander[11284:959b] [com.peachcommander:PCFoundation] VolumeManager initialized
2026-09-14 13:40:49.346 I  PeachCommander[11284:959b] [com.peachcommander:PCFoundation] PanelController initialized for <private> panel
2026-09-14 13:40:49.346 I  PeachCommander[11284:959b] [com.peachcommander:PCFoundation] SelectionState initialized
2026-09-14 13:40:49.346 I  PeachCommander[11284:959b] [com.peachcommander:PCFoundation] DirectoryModel initialized
2026-09-14 13:40:49.346 I  PeachCommander[11284:959b] [com.peachcommander:PCFoundation] VolumeManager initialized
2026-09-14 13:40:49.346 I  PeachCommander[11284:959b] [com.peachcommander:PCFoundation] PanelController initialized for <private> panel
2026-09-14 13:40:49.349 A  PeachCommander[11284:95a4] (RunningBoardServices) didChangeInheritances
2026-09-14 13:40:49.349 I  PeachCommander[11284:959b] [com.apple.AppKit:Animation] Running new animation: <private>
2026-09-14 13:40:49.349 I  PeachCommander[11284:959b] [com.apple.AppKit:Animation] Running new animation: <private>
2026-09-14 13:40:49.349 I  PeachCommander[11284:959b] [com.apple.AppKit:Animation] Running new animation: <private>
2026-09-14 13:40:49.349 I  PeachCommander[11284:959b] [com.apple.AppKit:Animation] Running new animation: <private>
2026-09-14 13:40:49.349 I  PeachCommander[11284:959b] [com.apple.AppKit:Animation] Running new animation: <private>
2026-09-14 13:40:49.351 I  PeachCommander[11284:959b] [com.apple.AppKit:Animation] Running new animation: <private>
2026-09-14 13:40:49.351 I  PeachCommander[11284:959b] [com.apple.AppKit:Animation] Running new animation: <private>
2026-09-14 13:40:49.351 I  PeachCommander[11284:959b] [com.apple.AppKit:Animation] Running new animation: <private>
2026-09-14 13:40:49.351 I  PeachCommander[11284:959b] [com.apple.AppKit:Animation] Running new animation: <private>
2026-09-14 13:40:49.351 I  PeachCommander[11284:959b] [com.apple.AppKit:Animation] Running new animation: <private>
2026-09-14 13:40:49.356 I  PeachCommander[11284:959b] [com.apple.CoreAnalytics:client] Dropping "com.apple.appkit.app_config" as it isn't used in any transform (not in the config or budgeted?)
2026-09-14 13:40:49.359 I  PeachCommander[11284:959b] [com.apple.CoreAnalytics:client] Dropping "com.apple.appkit.app_config" as it isn't used in any transform (not in the config or budgeted?)
2026-09-14 13:40:49.366 Df PeachCommander[11284:959b] [com.apple.xpc:connection] [0xc4eabd680] activating connection: mach=true listener=false peer=false name=com.apple.iconservices
2026-09-14 13:40:49.366 Df PeachCommander[11284:959b] [com.apple.xpc:connection] [0xc4eabd7c0] activating connection: mach=true listener=false peer=false name=com.apple.iconservices.store
2026-09-14 13:40:49.366 I  PeachCommander[11284:959b] [com.peachcommander:Theme] no user themes in /Users/admin/pc-cfg/themes
2026-09-14 13:40:49.366 Df PeachCommander[11284:959b] [com.apple.AppKit:Appearance] Invalidate NSApp effectiveAppearance
2026-09-14 13:40:49.366 Df PeachCommander[11284:959b] [com.apple.AppKit:Appearance] NSApp cache appearance:
-NSRequiresAquaSystemAppearance: 0
-appearance: <NSCompositeAppearance: 0xc4ec8d9a0
 (
    "<NSDarkAquaAppearance: 0xc4ec8da40>",
    "<NSSystemAppearance: 0xc4ec8c6e0>"
)>
-effectiveAppearance: <NSCompositeAppearance: 0xc4ec8d9a0
 (
    "<NSDarkAquaAppearance: 0xc4ec8da40>",
    "<NSSystemAppearance: 0xc4ec8c6e0>"
)>
2026-09-14 13:40:49.368 I  PeachCommander[11284:959b] [com.peachcommander:PCFoundation] Theme applied: id=system, appearance=dark, dark=true, background=#333333
2026-09-14 13:40:49.393 I  PeachCommander[11284:959b] [com.apple.AppKit:Image] ISImage reported a placeholder, image rep is providing a placeholder image for <private>
2026-09-14 13:40:49.393 I  PeachCommander[11284:959b] [com.apple.AppKit:Image] ISImage reported a placeholder, image rep is providing a placeholder image for <private>
2026-09-14 13:40:49.394 I  PeachCommander[11284:959b] [com.apple.CoreAnalytics:client] Dropping "com.apple.appkit.app_config" as it isn't used in any transform (not in the config or budgeted?)
2026-09-14 13:40:49.394 I  PeachCommander[11284:95a5] [com.apple.iconservices:foundation] layer data size zero
2026-09-14 13:40:49.395 I  PeachCommander[11284:95a9] [com.apple.iconservices:foundation] layer data size zero
2026-09-14 13:40:49.398 I  PeachCommander[11284:959b] [com.peachcommander:PCFoundation] Keymap loaded: scheme=<private>, 82 effective bindings
2026-09-14 13:40:49.399 I  PeachCommander[11284:959b] [com.apple.AppKit:Animation] Running new animation: <private>
2026-09-14 13:40:49.399 I  PeachCommander[11284:959b] [com.apple.AppKit:Animation] Running new animation: <private>
2026-09-14 13:40:49.399 I  PeachCommander[11284:959b] [com.apple.AppKit:Animation] Running new animation: <private>
2026-09-14 13:40:49.399 I  PeachCommander[11284:959b] [com.apple.AppKit:Animation] Running new animation: <private>
2026-09-14 13:40:49.399 I  PeachCommander[11284:959b] [com.apple.AppKit:Animation] Running new animation: <private>
2026-09-14 13:40:49.399 I  PeachCommander[11284:959b] [com.apple.AppKit:Animation] Running new animation: <private>
2026-09-14 13:40:49.399 I  PeachCommander[11284:959b] [com.apple.AppKit:Animation] Running new animation: <private>
2026-09-14 13:40:49.399 I  PeachCommander[11284:959b] [com.apple.AppKit:Animation] Running new animation: <private>
2026-09-14 13:40:49.399 I  PeachCommander[11284:959b] [com.apple.AppKit:Animation] Running new animation: <private>
2026-09-14 13:40:49.399 I  PeachCommander[11284:959b] [com.apple.AppKit:Animation] Running new animation: <private>
2026-09-14 13:40:49.401 I  PeachCommander[11284:959b] [com.apple.CoreAnalytics:client] Dropping "<private>" as it isn't used in any transform (not in the config or budgeted?)
2026-09-14 13:40:49.402 I  PeachCommander[11284:959b] [com.apple.CoreAnalytics:client] Dropping "<private>" as it isn't used in any transform (not in the config or budgeted?)
2026-09-14 13:40:49.402 I  PeachCommander[11284:959b] [com.apple.CoreAnalytics:client] Dropping "<private>" as it isn't used in any transform (not in the config or budgeted?)
2026-09-14 13:40:49.402 I  PeachCommander[11284:959b] [com.peachcommander:PCFoundation] MainWindowController window loaded
2026-09-14 13:40:49.402 I  PeachCommander[11284:959b] [com.apple.launchservices:cas] information in shared memory for 0x0-0x92092 with seed 535 was still valid, so using cached info { "ApplicationType"="Foreground", "BuildMachineOSBuild"="25E246", "BundleIdentifierLowerCase"="com.peachcommander.app", "CFBundleDevelopmentRegion"="en", "CFBundleDocumentTypes"=( { "CFBundleTypeName"="Peach Commander Plugin Package", "CFBundleTypeRole"="Viewer", "LSHandlerRank"="Owner", "LSItemContentTypes"=( "com.peachcommander.plugin-package") }), "CFBundleExecutable"="PeachCommander", "CFBundleExecutablePath"="/Users/admin/pc-test/PeachCommander.app/Contents/MacOS/PeachCommander", "CFBundleExecutablePathDeviceID"=16777227, "CFBundleExecutablePathINode"=488284, "CFBundleHelpBookFolder"="PeachCommander.help", "CFBundleHelpBookName"="Peach Commander Help", "CFBundleIconFile"="AppIcon", "CFBundleIconName"="AppIcon", "CFBundleIdentifier"="com.peachcommander.app", "CFBundleInfoDictionaryVersion"="6.0", "CFBundleName"="PeachCommander", "CFBundleNameLowerCase"="peachcommander", "CFBundleNumericVersion"=402685952, "CFBundlePackageType"="APPL", "CFBundleShortVersionString"="0.9.0", "CFBun<…>
2026-09-14 13:40:49.402 I  PeachCommander[11284:959b] [com.apple.launchservices:cas] information in shared memory for 0x0-0x92092 with seed 535 was still valid, so using cached info { "ApplicationType"="Foreground", "BuildMachineOSBuild"="25E246", "BundleIdentifierLowerCase"="com.peachcommander.app", "CFBundleDevelopmentRegion"="en", "CFBundleDocumentTypes"=( { "CFBundleTypeName"="Peach Commander Plugin Package", "CFBundleTypeRole"="Viewer", "LSHandlerRank"="Owner", "LSItemContentTypes"=( "com.peachcommander.plugin-package") }), "CFBundleExecutable"="PeachCommander", "CFBundleExecutablePath"="/Users/admin/pc-test/PeachCommander.app/Contents/MacOS/PeachCommander", "CFBundleExecutablePathDeviceID"=16777227, "CFBundleExecutablePathINode"=488284, "CFBundleHelpBookFolder"="PeachCommander.help", "CFBundleHelpBookName"="Peach Commander Help", "CFBundleIconFile"="AppIcon", "CFBundleIconName"="AppIcon", "CFBundleIdentifier"="com.peachcommander.app", "CFBundleInfoDictionaryVersion"="6.0", "CFBundleName"="PeachCommander", "CFBundleNameLowerCase"="peachcommander", "CFBundleNumericVersion"=402685952, "CFBundlePackageType"="APPL", "CFBundleShortVersionString"="0.9.0", "CFBun<…>
2026-09-14 13:40:49.403 I  PeachCommander[11284:959b] [com.apple.AppKit:Image] ISImage reported a placeholder, image rep is providing a placeholder image for <private>
2026-09-14 13:40:49.403 I  PeachCommander[11284:959b] [com.apple.AppKit:Image] ISImage reported a placeholder, image rep is providing a placeholder image for <private>
2026-09-14 13:40:49.413 I  PeachCommander[11284:959b] [com.apple.AppKit:Window] order window front conditionally: 22f related: 0
2026-09-14 13:40:49.413 Df PeachCommander[11284:959b] [com.apple.AppKit:AutomaticTermination] void _NSEnableAutomaticTerminationAndLog(NSString *) No windows open yet
2026-09-14 13:40:49.413 I  PeachCommander[11284:959b] [com.apple.AppKit:Intelligence] starting collection observation
2026-09-14 13:40:49.413 Df PeachCommander[11284:95a9] [com.apple.UIIntelligenceSupport:xpc] establishing connection to agent
2026-09-14 13:40:49.413 Df PeachCommander[11284:95a9] [com.apple.xpc:session] [0xc4e48e580] Session created.
2026-09-14 13:40:49.413 Df PeachCommander[11284:95a9] [com.apple.xpc:session] [0xc4e48e580] Session created from connection [0xc4eabe580]
2026-09-14 13:40:49.413 Df PeachCommander[11284:95a9] [com.apple.xpc:connection] [0xc4eabe580] activating connection: mach=true listener=false peer=false name=com.apple.uiintelligencesupport.agent
2026-09-14 13:40:49.413 Df PeachCommander[11284:95a9] [com.apple.xpc:session] [0xc4e48e580] Session activated
2026-09-14 13:40:49.413 I  PeachCommander[11284:959b] [com.apple.SkyLight:processes] 0[outside of RPC]: SLSSetFrontProcessWithInfo(0x0-0x2 window=0 options=0x1
2026-09-14 13:40:49.414 Df PeachCommander[11284:95a5] [com.apple.UIIntelligenceSupport:xpc] Connection established with agent PID: 1213
2026-09-14 13:40:49.414 I  PeachCommander[11284:959b] [com.apple.launchservices:cas] information in shared memory for 0x0-0x92092 with seed 535 was still valid, so using cached info { "ApplicationType"="Foreground", "BuildMachineOSBuild"="25E246", "BundleIdentifierLowerCase"="com.peachcommander.app", "CFBundleDevelopmentRegion"="en", "CFBundleDocumentTypes"=( { "CFBundleTypeName"="Peach Commander Plugin Package", "CFBundleTypeRole"="Viewer", "LSHandlerRank"="Owner", "LSItemContentTypes"=( "com.peachcommander.plugin-package") }), "CFBundleExecutable"="PeachCommander", "CFBundleExecutablePath"="/Users/admin/pc-test/PeachCommander.app/Contents/MacOS/PeachCommander", "CFBundleExecutablePathDeviceID"=16777227, "CFBundleExecutablePathINode"=488284, "CFBundleHelpBookFolder"="PeachCommander.help", "CFBundleHelpBookName"="Peach Commander Help", "CFBundleIconFile"="AppIcon", "CFBundleIconName"="AppIcon", "CFBundleIdentifier"="com.peachcommander.app", "CFBundleInfoDictionaryVersion"="6.0", "CFBundleName"="PeachCommander", "CFBundleNameLowerCase"="peachcommander", "CFBundleNumericVersion"=402685952, "CFBundlePackageType"="APPL", "CFBundleShortVersionString"="0.9.0", "CFBun<…>
2026-09-14 13:40:49.414 Df PeachCommander[11284:959b] [com.apple.xpc:connection] [0xc4eabe6c0] activating connection: mach=true listener=false peer=false name=com.apple.FileCoordination
2026-09-14 13:40:49.414 Df PeachCommander[11284:95a5] [com.apple.foundation.filecoordination:presenter] Adding presenter 76267E9E-B7B7-469B-8890-534771D75CFA for URL: <private>
2026-09-14 13:40:49.414 I  PeachCommander[11284:959b] [com.apple.launchservices:cas] information in shared memory for 0x0-0x92092 with seed 535 was still valid, so using cached info { "ApplicationType"="Foreground", "BuildMachineOSBuild"="25E246", "BundleIdentifierLowerCase"="com.peachcommander.app", "CFBundleDevelopmentRegion"="en", "CFBundleDocumentTypes"=( { "CFBundleTypeName"="Peach Commander Plugin Package", "CFBundleTypeRole"="Viewer", "LSHandlerRank"="Owner", "LSItemContentTypes"=( "com.peachcommander.plugin-package") }), "CFBundleExecutable"="PeachCommander", "CFBundleExecutablePath"="/Users/admin/pc-test/PeachCommander.app/Contents/MacOS/PeachCommander", "CFBundleExecutablePathDeviceID"=16777227, "CFBundleExecutablePathINode"=488284, "CFBundleHelpBookFolder"="PeachCommander.help", "CFBundleHelpBookName"="Peach Commander Help", "CFBundleIconFile"="AppIcon", "CFBundleIconName"="AppIcon", "CFBundleIdentifier"="com.peachcommander.app", "CFBundleInfoDictionaryVersion"="6.0", "CFBundleName"="PeachCommander", "CFBundleNameLowerCase"="peachcommander", "CFBundleNumericVersion"=402685952, "CFBundlePackageType"="APPL", "CFBundleShortVersionString"="0.9.0", "CFBun<…>
2026-09-14 13:40:49.417 I  PeachCommander[11284:959b] [com.apple.AppKit:Window] order all windows front 703027872750
2026-09-14 13:40:49.417 I  PeachCommander[11284:959b] [com.apple.launchservices:cas] information in shared memory for 0x0-0x92092 with seed 535 was still valid, so using cached info { "ApplicationType"="Foreground", "BuildMachineOSBuild"="25E246", "BundleIdentifierLowerCase"="com.peachcommander.app", "CFBundleDevelopmentRegion"="en", "CFBundleDocumentTypes"=( { "CFBundleTypeName"="Peach Commander Plugin Package", "CFBundleTypeRole"="Viewer", "LSHandlerRank"="Owner", "LSItemContentTypes"=( "com.peachcommander.plugin-package") }), "CFBundleExecutable"="PeachCommander", "CFBundleExecutablePath"="/Users/admin/pc-test/PeachCommander.app/Contents/MacOS/PeachCommander", "CFBundleExecutablePathDeviceID"=16777227, "CFBundleExecutablePathINode"=488284, "CFBundleHelpBookFolder"="PeachCommander.help", "CFBundleHelpBookName"="Peach Commander Help", "CFBundleIconFile"="AppIcon", "CFBundleIconName"="AppIcon", "CFBundleIdentifier"="com.peachcommander.app", "CFBundleInfoDictionaryVersion"="6.0", "CFBundleName"="PeachCommander", "CFBundleNameLowerCase"="peachcommander", "CFBundleNumericVersion"=402685952, "CFBundlePackageType"="APPL", "CFBundleShortVersionString"="0.9.0", "CFBun<…>
2026-09-14 13:40:49.417 I  PeachCommander[11284:959b] [com.apple.showhide:pr-59900543] SHOWHIDE: CONFIRM, id=236, err=0
2026-09-14 13:40:49.417 I  PeachCommander[11284:959b] [com.apple.AppKit:Window] context (0 -> c347d24) for window 22e
2026-09-14 13:40:49.417 I  PeachCommander[11284:959b] [com.apple.AppKit:Window] context (0 -> b0d86f65) for window 22d
2026-09-14 13:40:49.417 I  PeachCommander[11284:959b] [com.apple.AppKit:Window] context (0 -> 3aae4c6) for window 22c
2026-09-14 13:40:49.417 I  PeachCommander[11284:959b] [com.apple.AppKit:Window] context (0 -> fd648630) for window 22b
2026-09-14 13:40:49.445 Df PeachCommander[11284:959b] [com.apple.AppKit:AutomaticTermination] void _updateToReflectAutomaticTerminationState(void) Setting _kLSApplicationWouldBeTerminatedByTALKey=0
2026-09-14 13:40:49.448 I  PeachCommander[11284:959b] [com.apple.AppKit:Image] ISImage reported a placeholder, image rep is providing a placeholder image for <private>
2026-09-14 13:40:49.448 I  PeachCommander[11284:959b] [com.apple.AppKit:Image] ISImage reported a placeholder, image rep is providing a placeholder image for <private>
2026-09-14 13:40:49.448 I  PeachCommander[11284:959b] [com.apple.AppKit:Image] ISImage reported a placeholder, image rep is providing a placeholder image for <private>
2026-09-14 13:40:49.448 I  PeachCommander[11284:959b] [com.apple.AppKit:Image] ISImage reported a placeholder, image rep is providing a placeholder image for <private>
2026-09-14 13:40:49.448 I  PeachCommander[11284:959b] [com.apple.AppKit:Image] ISImage reported a placeholder, image rep is providing a placeholder image for <private>
2026-09-14 13:40:49.448 I  PeachCommander[11284:959b] [com.apple.AppKit:Image] ISImage reported a placeholder, image rep is providing a placeholder image for <private>
2026-09-14 13:40:49.479 A  PeachCommander[11284:95a5] (RunningBoardServices) didChangeInheritances
2026-09-14 13:40:49.504 Df PeachCommander[11284:959b] [com.apple.libsystem.libdispatch:] DEPRECATED USE in libdispatch client: dispatch source activated with no event handler set; set a breakpoint on _dispatch_bug_deprecated to debug
2026-09-14 13:40:49.567 I  PeachCommander[11284:959b] [com.apple.AppKit:Image] ISImage reported a placeholder, image rep is providing a placeholder image for <private>
2026-09-14 13:40:49.567 I  PeachCommander[11284:959b] [com.apple.AppKit:Image] ISImage reported a placeholder, image rep is providing a placeholder image for <private>
2026-09-14 13:40:49.567 I  PeachCommander[11284:959b] [com.apple.AppKit:Image] ISImage reported a placeholder, image rep is providing a placeholder image for <private>
2026-09-14 13:40:49.572 I  PeachCommander[11284:959b] [com.apple.AppKit:Image] ISImage reported a placeholder, image rep is providing a placeholder image for <private>
2026-09-14 13:40:49.573 I  PeachCommander[11284:959b] [com.apple.AppKit:Image] ISImage reported a placeholder, image rep is providing a placeholder image for <private>
2026-09-14 13:40:49.577 I  PeachCommander[11284:959b] [com.apple.AppKit:Image] ISImage reported a placeholder, image rep is providing a placeholder image for <private>
2026-09-14 13:40:49.577 I  PeachCommander[11284:959b] [com.apple.AppKit:Image] ISImage reported a placeholder, image rep is providing a placeholder image for <private>
2026-09-14 13:40:49.579 I  PeachCommander[11284:959b] [com.apple.AppKit:Image] ISImage reported a placeholder, image rep is providing a placeholder image for <private>
2026-09-14 13:40:49.579 I  PeachCommander[11284:959b] [com.apple.AppKit:Image] ISImage reported a placeholder, image rep is providing a placeholder image for <private>
2026-09-14 13:40:49.608 I  PeachCommander[11284:959b] [com.apple.AppKit:Image] ISImage reported a placeholder, image rep is providing a placeholder image for <private>
2026-09-14 13:40:49.615 I  PeachCommander[11284:959b] [com.apple.AppKit:Image] ISImage reported a placeholder, image rep is providing a placeholder image for <private>
2026-09-14 13:40:49.615 I  PeachCommander[11284:959b] [com.apple.AppKit:Image] ISImage reported a placeholder, image rep is providing a placeholder image for <private>
2026-09-14 13:40:49.616 I  PeachCommander[11284:959b] [com.apple.AppKit:Image] ISImage reported a placeholder, image rep is providing a placeholder image for <private>
2026-09-14 13:40:49.616 I  PeachCommander[11284:959b] [com.apple.AppKit:Image] ISImage reported a placeholder, image rep is providing a placeholder image for <private>
2026-09-14 13:40:49.618 I  PeachCommander[11284:959b] [com.apple.AppKit:Image] ISImage reported a placeholder, image rep is providing a placeholder image for <private>
2026-09-14 13:40:49.618 I  PeachCommander[11284:959b] [com.apple.AppKit:Image] ISImage reported a placeholder, image rep is providing a placeholder image for <private>
2026-09-14 13:40:49.619 I  PeachCommander[11284:959b] [com.apple.AppKit:Image] ISImage reported a placeholder, image rep is providing a placeholder image for <private>
2026-09-14 13:40:49.619 I  PeachCommander[11284:959b] [com.apple.AppKit:Image] ISImage reported a placeholder, image rep is providing a placeholder image for <private>
2026-09-14 13:40:49.620 I  PeachCommander[11284:959b] [com.apple.AppKit:Image] ISImage reported a placeholder, image rep is providing a placeholder image for <private>
2026-09-14 13:40:49.620 I  PeachCommander[11284:959b] [com.apple.AppKit:Image] ISImage reported a placeholder, image rep is providing a placeholder image for <private>
2026-09-14 13:40:49.621 I  PeachCommander[11284:959b] [com.apple.AppKit:Image] ISImage reported a placeholder, image rep is providing a placeholder image for <private>
2026-09-14 13:40:49.621 I  PeachCommander[11284:959b] [com.apple.AppKit:Image] ISImage reported a placeholder, image rep is providing a placeholder image for <private>
2026-09-14 13:40:49.622 I  PeachCommander[11284:959b] [com.apple.AppKit:Image] ISImage reported a placeholder, image rep is providing a placeholder image for <private>
2026-09-14 13:40:49.622 I  PeachCommander[11284:959b] [com.apple.AppKit:Image] ISImage reported a placeholder, image rep is providing a placeholder image for <private>
2026-09-14 13:40:49.623 I  PeachCommander[11284:959b] [com.apple.AppKit:Image] ISImage reported a placeholder, image rep is providing a placeholder image for <private>
2026-09-14 13:40:49.623 I  PeachCommander[11284:959b] [com.apple.AppKit:Image] ISImage reported a placeholder, image rep is providing a placeholder image for <private>
2026-09-14 13:40:49.624 I  PeachCommander[11284:959b] [com.apple.AppKit:Image] ISImage reported a placeholder, image rep is providing a placeholder image for <private>
2026-09-14 13:40:49.624 I  PeachCommander[11284:959b] [com.apple.AppKit:Image] ISImage reported a placeholder, image rep is providing a placeholder image for <private>
2026-09-14 13:40:49.625 I  PeachCommander[11284:959b] [com.apple.AppKit:Image] ISImage reported a placeholder, image rep is providing a placeholder image for <private>
2026-09-14 13:40:49.625 I  PeachCommander[11284:959b] [com.apple.AppKit:Image] ISImage reported a placeholder, image rep is providing a placeholder image for <private>
2026-09-14 13:40:49.626 I  PeachCommander[11284:959b] [com.apple.AppKit:Image] ISImage reported a placeholder, image rep is providing a placeholder image for <private>
2026-09-14 13:40:49.626 I  PeachCommander[11284:959b] [com.apple.AppKit:Image] ISImage reported a placeholder, image rep is providing a placeholder image for <private>
2026-09-14 13:40:49.628 I  PeachCommander[11284:959b] [com.apple.AppKit:Image] ISImage reported a placeholder, image rep is providing a placeholder image for <private>
2026-09-14 13:40:49.628 I  PeachCommander[11284:959b] [com.apple.AppKit:Image] ISImage reported a placeholder, image rep is providing a placeholder image for <private>
2026-09-14 13:40:49.629 I  PeachCommander[11284:959b] [com.apple.AppKit:Image] ISImage reported a placeholder, image rep is providing a placeholder image for <private>
2026-09-14 13:40:49.629 I  PeachCommander[11284:959b] [com.apple.AppKit:Image] ISImage reported a placeholder, image rep is providing a placeholder image for <private>
2026-09-14 13:40:49.630 I  PeachCommander[11284:959b] [com.apple.AppKit:Image] ISImage reported a placeholder, image rep is providing a placeholder image for <private>
2026-09-14 13:40:49.630 I  PeachCommander[11284:959b] [com.apple.AppKit:Image] ISImage reported a placeholder, image rep is providing a placeholder image for <private>
2026-09-14 13:40:49.631 I  PeachCommander[11284:959b] [com.apple.AppKit:Image] ISImage reported a placeholder, image rep is providing a placeholder image for <private>
2026-09-14 13:40:49.631 I  PeachCommander[11284:959b] [com.apple.AppKit:Image] ISImage reported a placeholder, image rep is providing a placeholder image for <private>
2026-09-14 13:40:49.632 I  PeachCommander[11284:959b] [com.apple.AppKit:Image] ISImage reported a placeholder, image rep is providing a placeholder image for <private>
2026-09-14 13:40:49.632 I  PeachCommander[11284:959b] [com.apple.AppKit:Image] ISImage reported a placeholder, image rep is providing a placeholder image for <private>
2026-09-14 13:40:49.633 I  PeachCommander[11284:959b] [com.apple.AppKit:Image] ISImage reported a placeholder, image rep is providing a placeholder image for <private>
2026-09-14 13:40:49.633 I  PeachCommander[11284:959b] [com.apple.AppKit:Image] ISImage reported a placeholder, image rep is providing a placeholder image for <private>
2026-09-14 13:40:49.634 I  PeachCommander[11284:959b] [com.apple.AppKit:Image] ISImage reported a placeholder, image rep is providing a placeholder image for <private>
2026-09-14 13:40:49.634 I  PeachCommander[11284:959b] [com.apple.AppKit:Image] ISImage reported a placeholder, image rep is providing a placeholder image for <private>
2026-09-14 13:40:49.635 I  PeachCommander[11284:959b] [com.apple.AppKit:Image] ISImage reported a placeholder, image rep is providing a placeholder image for <private>
2026-09-14 13:40:49.635 I  PeachCommander[11284:959b] [com.apple.AppKit:Image] ISImage reported a placeholder, image rep is providing a placeholder image for <private>
2026-09-14 13:40:49.636 I  PeachCommander[11284:959b] [com.apple.AppKit:Image] ISImage reported a placeholder, image rep is providing a placeholder image for <private>
2026-09-14 13:40:49.636 I  PeachCommander[11284:959b] [com.apple.AppKit:Image] ISImage reported a placeholder, image rep is providing a placeholder image for <private>
2026-09-14 13:40:49.637 I  PeachCommander[11284:959b] [com.apple.AppKit:Image] ISImage reported a placeholder, image rep is providing a placeholder image for <private>
2026-09-14 13:40:49.637 I  PeachCommander[11284:959b] [com.apple.AppKit:Image] ISImage reported a placeholder, image rep is providing a placeholder image for <private>
2026-09-14 13:40:49.638 I  PeachCommander[11284:959b] [com.apple.AppKit:Image] ISImage reported a placeholder, image rep is providing a placeholder image for <private>
2026-09-14 13:40:49.638 I  PeachCommander[11284:959b] [com.apple.AppKit:Image] ISImage reported a placeholder, image rep is providing a placeholder image for <private>
2026-09-14 13:40:49.639 I  PeachCommander[11284:959b] [com.apple.AppKit:Image] ISImage reported a placeholder, image rep is providing a placeholder image for <private>
2026-09-14 13:40:49.639 I  PeachCommander[11284:959b] [com.apple.AppKit:Image] ISImage reported a placeholder, image rep is providing a placeholder image for <private>
2026-09-14 13:40:49.641 I  PeachCommander[11284:959b] [com.apple.AppKit:Image] ISImage reported a placeholder, image rep is providing a placeholder image for <private>
2026-09-14 13:40:49.641 I  PeachCommander[11284:959b] [com.apple.AppKit:Image] ISImage reported a placeholder, image rep is providing a placeholder image for <private>
2026-09-14 13:40:49.642 I  PeachCommander[11284:959b] [com.apple.AppKit:Image] ISImage reported a placeholder, image rep is providing a placeholder image for <private>
2026-09-14 13:40:49.642 I  PeachCommander[11284:959b] [com.apple.AppKit:Image] ISImage reported a placeholder, image rep is providing a placeholder image for <private>
2026-09-14 13:40:49.644 I  PeachCommander[11284:959b] [com.apple.AppKit:Image] ISImage reported a placeholder, image rep is providing a placeholder image for <private>
2026-09-14 13:40:49.644 I  PeachCommander[11284:959b] [com.apple.AppKit:Image] ISImage reported a placeholder, image rep is providing a placeholder image for <private>
2026-09-14 13:40:49.645 I  PeachCommander[11284:959b] [com.apple.AppKit:Image] ISImage reported a placeholder, image rep is providing a placeholder image for <private>
2026-09-14 13:40:49.645 I  PeachCommander[11284:959b] [com.apple.AppKit:Image] ISImage reported a placeholder, image rep is providing a placeholder image for <private>
2026-09-14 13:40:49.699 I  PeachCommander[11284:959b] [com.apple.coreanimation:Utilities] IOSurface Compression Enabled: NO
2026-09-14 13:40:49.700 Df PeachCommander[11284:95ac] [com.apple.coreanimation:Metal] Precompiled pipelines disabled on unsupported hardware.
2026-09-14 13:40:49.706 I  PeachCommander[11284:959b] [com.apple.CarbonCore:gestalt] SetGestaltValuesBulk SetGestaltValuesBulk( count=22 tuples=0x184a9e650
2026-09-14 13:40:49.706 I  PeachCommander[11284:959b] [com.apple.CarbonCore:gestalt] SetGestaltValue SetGestaltValue(alis 1C9) => 0
2026-09-14 13:40:49.706 I  PeachCommander[11284:959b] [com.apple.CarbonCore:gestalt] SetGestaltValue SetGestaltValue(os   FE) => 0
2026-09-14 13:40:49.706 I  PeachCommander[11284:959b] [com.apple.CarbonCore:gestalt] SetGestaltValue SetGestaltValue(addr 7) => 0
2026-09-14 13:40:49.706 I  PeachCommander[11284:959b] [com.apple.CarbonCore:gestalt] SetGestaltValue SetGestaltValue(fs   3D332) => 0
2026-09-14 13:40:49.706 I  PeachCommander[11284:959b] [com.apple.CarbonCore:gestalt] SetGestaltValue SetGestaltValue(fold 11) => 0
2026-09-14 13:40:49.706 I  PeachCommander[11284:959b] [com.apple.CarbonCore:gestalt] SetGestaltValue SetGestaltValue(lram 7FFFF000) => 0
2026-09-14 13:40:49.706 I  PeachCommander[11284:959b] [com.apple.CarbonCore:gestalt] SetGestaltValue SetGestaltValue(mmap 1) => 0
2026-09-14 13:40:49.706 I  PeachCommander[11284:959b] [com.apple.CarbonCore:gestalt] SetGestaltValue SetGestaltValue(cfrg 1) => 0
2026-09-14 13:40:49.706 I  PeachCommander[11284:959b] [com.apple.CarbonCore:gestalt] SetGestaltValue SetGestaltValue(thds 7) => 0
2026-09-14 13:40:49.706 I  PeachCommander[11284:959b] [com.apple.CarbonCore:gestalt] SetGestaltValue SetGestaltValue(tmgr E) => 0
2026-09-14 13:40:49.706 I  PeachCommander[11284:959b] [com.apple.CarbonCore:gestalt] SetGestaltValue SetGestaltValue(vers 7) => 0
2026-09-14 13:40:49.706 I  PeachCommander[11284:959b] [com.apple.CarbonCore:gestalt] SetGestaltValue SetGestaltValue(cbon 160) => 0
2026-09-14 13:40:49.706 I  PeachCommander[11284:959b] [com.apple.CarbonCore:gestalt] SetGestaltValue SetGestaltValue(cltn 1108000) => 0
2026-09-14 13:40:49.706 I  PeachCommander[11284:959b] [com.apple.CarbonCore:gestalt] SetGestaltValue SetGestaltValue(cpnt 8) => 0
2026-09-14 13:40:49.706 I  PeachCommander[11284:959b] [com.apple.CarbonCore:gestalt] SetGestaltValue SetGestaltValue(rsrc 3) => 0
2026-09-14 13:40:49.706 I  PeachCommander[11284:959b] [com.apple.CarbonCore:gestalt] SetGestaltValue SetGestaltValue(rmbg 11F) => 0
2026-09-14 13:40:49.706 I  PeachCommander[11284:959b] [com.apple.CarbonCore:gestalt] SetGestaltValue SetGestaltValue(vm   11) => 0
2026-09-14 13:40:49.706 I  PeachCommander[11284:959b] [com.apple.CarbonCore:gestalt] SetGestaltValue SetGestaltValue(srad 4170706C) => 0
2026-09-14 13:40:49.706 I  PeachCommander[11284:959b] [com.apple.CarbonCore:gestalt] SetGestaltValue SetGestaltValue(sysa 14) => 0
2026-09-14 13:40:49.706 I  PeachCommander[11284:959b] [com.apple.CarbonCore:gestalt] SetGestaltValue SetGestaltValue(copl 9) => 0
2026-09-14 13:40:49.706 I  PeachCommander[11284:959b] [com.apple.CarbonCore:gestalt] SetGestaltValue SetGestaltValue(xlat 0) => 0
2026-09-14 13:40:49.706 I  PeachCommander[11284:959b] [com.apple.CarbonCore:gestalt] SetGestaltValue SetGestaltValue(stdf 0) => 0
2026-09-14 13:40:49.706 I  PeachCommander[11284:959b] [com.apple.CarbonCore:gestalt] _NewGestalt _NewGestalt(ram  0x184a17644) => 0
2026-09-14 13:40:49.706 I  PeachCommander[11284:959b] [com.apple.CarbonCore:gestalt] _NewGestalt _NewGestalt(ramm 0x184a17644) => 0
2026-09-14 13:40:49.706 I  PeachCommander[11284:959b] [com.apple.CarbonCore:gestalt] _NewGestalt _NewGestalt(cput 0x184a17734) => 0
2026-09-14 13:40:49.706 I  PeachCommander[11284:959b] [com.apple.CarbonCore:gestalt] _NewGestalt _NewGestalt(cpuf 0x184a17764) => 0
2026-09-14 13:40:49.706 I  PeachCommander[11284:959b] [com.apple.CarbonCore:gestalt] _NewGestalt _NewGestalt(bclk 0x184a17794) => 0
2026-09-14 13:40:49.706 I  PeachCommander[11284:959b] [com.apple.CarbonCore:gestalt] _NewGestalt _NewGestalt(bclm 0x184a17794) => 0
2026-09-14 13:40:49.706 I  PeachCommander[11284:959b] [com.apple.CarbonCore:gestalt] _NewGestalt _NewGestalt(pclk 0x184a17834) => 0
2026-09-14 13:40:49.706 I  PeachCommander[11284:959b] [com.apple.CarbonCore:gestalt] _NewGestalt _NewGestalt(mclk 0x184a17834) => 0
2026-09-14 13:40:49.706 I  PeachCommander[11284:959b] [com.apple.CarbonCore:gestalt] _NewGestalt _NewGestalt(a/ux 0x184a1794c) => 0
2026-09-14 13:40:49.706 I  PeachCommander[11284:959b] [com.apple.CarbonCore:gestalt] _NewGestalt _NewGestalt(pgsz 0x184a17954) => 0
2026-09-14 13:40:49.706 I  PeachCommander[11284:959b] [com.apple.CarbonCore:gestalt] _NewGestalt _NewGestalt(csiz 0x184a17994) => 0
2026-09-14 13:40:49.706 I  PeachCommander[11284:959b] [com.apple.CarbonCore:gestalt] _NewGestalt _NewGestalt(sysv 0x1849c2dfc) => 0
2026-09-14 13:40:49.706 I  PeachCommander[11284:959b] [com.apple.CarbonCore:gestalt] _NewGestalt _NewGestalt(sys1 0x1849c2dfc) => 0
2026-09-14 13:40:49.706 I  PeachCommander[11284:959b] [com.apple.CarbonCore:gestalt] _NewGestalt _NewGestalt(sys2 0x1849c2dfc) => 0
2026-09-14 13:40:49.706 I  PeachCommander[11284:959b] [com.apple.CarbonCore:gestalt] _NewGestalt _NewGestalt(sys3 0x1849c2dfc) => 0
2026-09-14 13:40:49.706 I  PeachCommander[11284:959b] [com.apple.CarbonCore:gestalt] _NewGestalt _NewGestalt(cdfl 0x184a179d4) => 0
2026-09-14 13:40:49.706 I  PeachCommander[11284:959b] [com.apple.CarbonCore:gestalt] _NewGestalt _NewGestalt(cdrm 0x184a17c30) => 0
2026-09-14 13:40:49.706 I  PeachCommander[11284:959b] [com.apple.CarbonCore:gestalt] _NewGestalt _NewGestalt(cpus 0x184a17c78) => 0
2026-09-14 13:40:49.706 I  PeachCommander[11284:959b] [com.apple.CarbonCore:gestalt] SetGestaltValue SetGestaltValue(swex 1) => 0
2026-09-14 13:40:49.706 Df PeachCommander[11284:959b] [com.apple.xpc:connection] [0xc4eabf700] activating connection: mach=false listener=false peer=false name=com.apple.hiservices-xpcservice
2026-09-14 13:40:49.707 I  PeachCommander[11284:959b] [com.apple.CFPasteboard:entry] CopyData('ApplePerContextInputPasteboard' (<CFUUID 0xc4dc793a0> C20FF0E8-8745-4A7B-8237-87776D4FBB16) gen: -1 item: 1264739405 flavor: 'ApplePerContextInputFlavor')
2026-09-14 13:40:49.707 I  PeachCommander[11284:959b] [com.apple.CFPasteboard:cache] Rebuilding cache for 'ApplePerContextInputPasteboard' (<CFUUID 0xc4dc793a0> C20FF0E8-8745-4A7B-8237-87776D4FBB16)
2026-09-14 13:40:49.707 I  PeachCommander[11284:959b] [com.apple.CFPasteboard:general] Will request data from daemon
2026-09-14 13:40:49.707 I  PeachCommander[11284:959b] [com.apple.CFPasteboard:exit] (not-in-cache) - result: 0 generation: 1 data (182 bytes) flags: 0
2026-09-14 13:40:49.707 I  PeachCommander[11284:959b] [com.apple.CFPasteboard:entry] CopyData('DefaultAsciiKeyboardLayoutPasteboard' (<CFUUID 0xc4ed60540> E662EB6F-1F87-4718-8B39-EF7A256B6D9C) gen: -1 item: 1264739405 flavor: 'DefaultAsciiKeyboardLayoutFlavor')
2026-09-14 13:40:49.707 I  PeachCommander[11284:959b] [com.apple.CFPasteboard:exit] (not-in-cache) - result: -8 generation: 0 null data flags: 0
2026-09-14 13:40:49.710 A  PeachCommander[11284:95a5] (libsystem_info.dylib) Retrieve Group by ID
2026-09-14 13:40:49.848 I  PeachCommander[11284:963e] [com.apple.AppKit:WindowTab] Indexing 1 items
2026-09-14 13:40:49.848 A  PeachCommander[11284:963e] (CoreSpotlight) end-index-batch
2026-09-14 13:40:49.848 Df PeachCommander[11284:963e] [com.apple.corespotlight:index] *warn* MailCS ======%%% _setMailMessageAttributes skip:1
2026-09-14 13:40:49.848 A  PeachCommander[11284:963e] (CoreSpotlight) index-items
2026-09-14 13:40:49.848 Df PeachCommander[11284:963e] [com.apple.corespotlight:index] CSInlineDonation:<private>: Skipping donation (feature flag disabled)
2026-09-14 13:40:49.848 Df PeachCommander[11284:964b] [com.apple.corespotlight:index] CSInlineDonation:<private>: Skipping donation (feature flag disabled)
2026-09-14 13:40:49.960 I  PeachCommander[11284:959b] [com.apple.HIToolbox:MBDisplays] <private>
2026-09-14 13:40:49.960 I  PeachCommander[11284:959b] [com.apple.HIToolbox:MBDisplays] <private>
2026-09-14 13:40:50.142 I  PeachCommander[11284:959b] [com.apple.AppKit:Image] ISImage reported a placeholder, image rep is providing a placeholder image for <private>
2026-09-14 13:40:50.143 I  PeachCommander[11284:959b] [com.apple.AppKit:Image] ISImage reported a placeholder, image rep is providing a placeholder image for <private>
2026-09-14 13:40:50.144 I  PeachCommander[11284:959b] [com.apple.AppKit:Image] ISImage reported a placeholder, image rep is providing a placeholder image for <private>
2026-09-14 13:40:50.144 I  PeachCommander[11284:959b] [com.apple.AppKit:Image] ISImage reported a placeholder, image rep is providing a placeholder image for <private>
2026-09-14 13:40:50.145 I  PeachCommander[11284:959b] [com.apple.AppKit:Image] ISImage reported a placeholder, image rep is providing a placeholder image for <private>
2026-09-14 13:40:50.146 I  PeachCommander[11284:959b] [com.apple.AppKit:Image] ISImage reported a placeholder, image rep is providing a placeholder image for <private>
2026-09-14 13:40:50.146 I  PeachCommander[11284:959b] [com.apple.AppKit:Image] ISImage reported a placeholder, image rep is providing a placeholder image for <private>
2026-09-14 13:40:50.147 I  PeachCommander[11284:959b] [com.apple.AppKit:Image] ISImage reported a placeholder, image rep is providing a placeholder image for <private>
2026-09-14 13:40:50.148 I  PeachCommander[11284:959b] [com.apple.AppKit:Image] ISImage reported a placeholder, image rep is providing a placeholder image for <private>
2026-09-14 13:40:50.148 I  PeachCommander[11284:959b] [com.apple.AppKit:Image] ISImage reported a placeholder, image rep is providing a placeholder image for <private>
2026-09-14 13:40:50.149 I  PeachCommander[11284:959b] [com.apple.AppKit:Image] ISImage reported a placeholder, image rep is providing a placeholder image for <private>
2026-09-14 13:40:50.149 I  PeachCommander[11284:959b] [com.apple.AppKit:Image] ISImage reported a placeholder, image rep is providing a placeholder image for <private>
2026-09-14 13:40:50.150 I  PeachCommander[11284:959b] [com.apple.AppKit:Image] ISImage reported a placeholder, image rep is providing a placeholder image for <private>
2026-09-14 13:40:50.151 I  PeachCommander[11284:959b] [com.apple.AppKit:Image] ISImage reported a placeholder, image rep is providing a placeholder image for <private>
2026-09-14 13:40:50.151 I  PeachCommander[11284:959b] [com.apple.AppKit:Image] ISImage reported a placeholder, image rep is providing a placeholder image for <private>
2026-09-14 13:40:50.152 I  PeachCommander[11284:959b] [com.apple.AppKit:Image] ISImage reported a placeholder, image rep is providing a placeholder image for <private>
2026-09-14 13:40:50.153 I  PeachCommander[11284:959b] [com.apple.AppKit:Image] ISImage reported a placeholder, image rep is providing a placeholder image for <private>
2026-09-14 13:40:50.154 I  PeachCommander[11284:959b] [com.apple.AppKit:Image] ISImage reported a placeholder, image rep is providing a placeholder image for <private>
2026-09-14 13:40:50.155 I  PeachCommander[11284:959b] [com.apple.AppKit:Image] ISImage reported a placeholder, image rep is providing a placeholder image for <private>
2026-09-14 13:40:50.155 I  PeachCommander[11284:959b] [com.apple.AppKit:Image] ISImage reported a placeholder, image rep is providing a placeholder image for <private>
2026-09-14 13:40:50.156 I  PeachCommander[11284:959b] [com.apple.AppKit:Image] ISImage reported a placeholder, image rep is providing a placeholder image for <private>
2026-09-14 13:40:50.157 I  PeachCommander[11284:959b] [com.apple.AppKit:Image] ISImage reported a placeholder, image rep is providing a placeholder image for <private>
2026-09-14 13:40:50.158 I  PeachCommander[11284:959b] [com.apple.AppKit:Image] ISImage reported a placeholder, image rep is providing a placeholder image for <private>
2026-09-14 13:40:50.159 I  PeachCommander[11284:959b] [com.apple.AppKit:Image] ISImage reported a placeholder, image rep is providing a placeholder image for <private>
2026-09-14 13:40:50.160 I  PeachCommander[11284:959b] [com.apple.AppKit:Image] ISImage reported a placeholder, image rep is providing a placeholder image for <private>
2026-09-14 13:40:50.160 I  PeachCommander[11284:959b] [com.apple.AppKit:Image] ISImage reported a placeholder, image rep is providing a placeholder image for <private>
2026-09-14 13:40:50.161 I  PeachCommander[11284:959b] [com.apple.AppKit:Image] ISImage reported a placeholder, image rep is providing a placeholder image for <private>
2026-09-14 13:40:50.162 I  PeachCommander[11284:959b] [com.apple.AppKit:Image] ISImage reported a placeholder, image rep is providing a placeholder image for <private>
2026-09-14 13:40:50.162 I  PeachCommander[11284:959b] [com.apple.AppKit:Image] ISImage reported a placeholder, image rep is providing a placeholder image for <private>
2026-09-14 13:40:50.163 I  PeachCommander[11284:959b] [com.apple.AppKit:Image] ISImage reported a placeholder, image rep is providing a placeholder image for <private>
2026-09-14 13:40:50.163 I  PeachCommander[11284:959b] [com.apple.AppKit:Image] ISImage reported a placeholder, image rep is providing a placeholder image for <private>
2026-09-14 13:40:50.164 I  PeachCommander[11284:959b] [com.apple.AppKit:Image] ISImage reported a placeholder, image rep is providing a placeholder image for <private>
2026-09-14 13:40:50.164 I  PeachCommander[11284:959b] [com.apple.AppKit:Image] ISImage reported a placeholder, image rep is providing a placeholder image for <private>
2026-09-14 13:40:50.165 I  PeachCommander[11284:959b] [com.apple.AppKit:Image] ISImage reported a placeholder, image rep is providing a placeholder image for <private>
2026-09-14 13:40:50.165 I  PeachCommander[11284:959b] [com.apple.AppKit:Image] ISImage reported a placeholder, image rep is providing a placeholder image for <private>
2026-09-14 13:40:50.166 I  PeachCommander[11284:959b] [com.apple.AppKit:Image] ISImage reported a placeholder, image rep is providing a placeholder image for <private>
2026-09-14 13:40:50.166 I  PeachCommander[11284:959b] [com.apple.AppKit:Image] ISImage reported a placeholder, image rep is providing a placeholder image for <private>
2026-09-14 13:40:50.167 I  PeachCommander[11284:959b] [com.apple.AppKit:Image] ISImage reported a placeholder, image rep is providing a placeholder image for <private>
2026-09-14 13:40:50.167 I  PeachCommander[11284:959b] [com.apple.AppKit:Image] ISImage reported a placeholder, image rep is providing a placeholder image for <private>
2026-09-14 13:40:50.168 I  PeachCommander[11284:959b] [com.apple.AppKit:Image] ISImage reported a placeholder, image rep is providing a placeholder image for <private>
2026-09-14 13:40:50.168 I  PeachCommander[11284:959b] [com.apple.AppKit:Image] ISImage reported a placeholder, image rep is providing a placeholder image for <private>
2026-09-14 13:40:50.169 I  PeachCommander[11284:959b] [com.apple.AppKit:Image] ISImage reported a placeholder, image rep is providing a placeholder image for <private>
2026-09-14 13:40:50.169 I  PeachCommander[11284:959b] [com.apple.AppKit:Image] ISImage reported a placeholder, image rep is providing a placeholder image for <private>
2026-09-14 13:40:50.170 I  PeachCommander[11284:959b] [com.apple.AppKit:Image] ISImage reported a placeholder, image rep is providing a placeholder image for <private>
2026-09-14 13:40:50.170 I  PeachCommander[11284:959b] [com.apple.AppKit:Image] ISImage reported a placeholder, image rep is providing a placeholder image for <private>
2026-09-14 13:40:50.171 I  PeachCommander[11284:959b] [com.apple.AppKit:Image] ISImage reported a placeholder, image rep is providing a placeholder image for <private>
2026-09-14 13:40:50.171 I  PeachCommander[11284:959b] [com.apple.AppKit:Image] ISImage reported a placeholder, image rep is providing a placeholder image for <private>
2026-09-14 13:40:50.172 I  PeachCommander[11284:959b] [com.apple.AppKit:Image] ISImage reported a placeholder, image rep is providing a placeholder image for <private>
2026-09-14 13:40:50.172 I  PeachCommander[11284:959b] [com.apple.AppKit:Image] ISImage reported a placeholder, image rep is providing a placeholder image for <private>
2026-09-14 13:40:50.173 I  PeachCommander[11284:959b] [com.apple.AppKit:Image] ISImage reported a placeholder, image rep is providing a placeholder image for <private>
2026-09-14 13:40:50.173 I  PeachCommander[11284:959b] [com.apple.AppKit:Image] ISImage reported a placeholder, image rep is providing a placeholder image for <private>
2026-09-14 13:40:50.174 I  PeachCommander[11284:959b] [com.apple.AppKit:Image] ISImage reported a placeholder, image rep is providing a placeholder image for <private>
2026-09-14 13:40:50.174 I  PeachCommander[11284:959b] [com.apple.AppKit:Image] ISImage reported a placeholder, image rep is providing a placeholder image for <private>
2026-09-14 13:40:50.175 I  PeachCommander[11284:959b] [com.apple.AppKit:Image] ISImage reported a placeholder, image rep is providing a placeholder image for <private>
2026-09-14 13:40:50.175 I  PeachCommander[11284:959b] [com.apple.AppKit:Image] ISImage reported a placeholder, image rep is providing a placeholder image for <private>
2026-09-14 13:40:50.176 I  PeachCommander[11284:959b] [com.apple.AppKit:Image] ISImage reported a placeholder, image rep is providing a placeholder image for <private>
2026-09-14 13:40:50.176 I  PeachCommander[11284:959b] [com.apple.AppKit:Image] ISImage reported a placeholder, image rep is providing a placeholder image for <private>
2026-09-14 13:40:50.177 I  PeachCommander[11284:959b] [com.apple.AppKit:Image] ISImage reported a placeholder, image rep is providing a placeholder image for <private>
2026-09-14 13:40:50.177 I  PeachCommander[11284:959b] [com.apple.AppKit:Image] ISImage reported a placeholder, image rep is providing a placeholder image for <private>
2026-09-14 13:40:50.178 I  PeachCommander[11284:959b] [com.apple.AppKit:Image] ISImage reported a placeholder, image rep is providing a placeholder image for <private>
2026-09-14 13:40:50.178 I  PeachCommander[11284:959b] [com.apple.AppKit:Image] ISImage reported a placeholder, image rep is providing a placeholder image for <private>
2026-09-14 13:40:50.179 I  PeachCommander[11284:959b] [com.apple.AppKit:Image] ISImage reported a placeholder, image rep is providing a placeholder image for <private>
2026-09-14 13:40:50.179 I  PeachCommander[11284:959b] [com.apple.AppKit:Image] ISImage reported a placeholder, image rep is providing a placeholder image for <private>
2026-09-14 13:40:50.180 I  PeachCommander[11284:959b] [com.apple.AppKit:Image] ISImage reported a placeholder, image rep is providing a placeholder image for <private>
2026-09-14 13:40:50.180 I  PeachCommander[11284:959b] [com.apple.AppKit:Image] ISImage reported a placeholder, image rep is providing a placeholder image for <private>
2026-09-14 13:40:50.181 I  PeachCommander[11284:959b] [com.apple.AppKit:Image] ISImage reported a placeholder, image rep is providing a placeholder image for <private>
2026-09-14 13:40:50.181 I  PeachCommander[11284:959b] [com.apple.AppKit:Image] ISImage reported a placeholder, image rep is providing a placeholder image for <private>
2026-09-14 13:40:50.182 I  PeachCommander[11284:959b] [com.apple.AppKit:Image] ISImage reported a placeholder, image rep is providing a placeholder image for <private>
2026-09-14 13:40:50.182 I  PeachCommander[11284:959b] [com.apple.AppKit:Image] ISImage reported a placeholder, image rep is providing a placeholder image for <private>
2026-09-14 13:40:50.183 I  PeachCommander[11284:959b] [com.apple.AppKit:Image] ISImage reported a placeholder, image rep is providing a placeholder image for <private>
2026-09-14 13:40:50.183 I  PeachCommander[11284:959b] [com.apple.AppKit:Image] ISImage reported a placeholder, image rep is providing a placeholder image for <private>
2026-09-14 13:40:50.184 I  PeachCommander[11284:959b] [com.apple.AppKit:Image] ISImage reported a placeholder, image rep is providing a placeholder image for <private>
2026-09-14 13:40:50.184 I  PeachCommander[11284:959b] [com.apple.AppKit:Image] ISImage reported a placeholder, image rep is providing a placeholder image for <private>
2026-09-14 13:40:50.185 I  PeachCommander[11284:959b] [com.apple.AppKit:Image] ISImage reported a placeholder, image rep is providing a placeholder image for <private>
2026-09-14 13:40:50.185 I  PeachCommander[11284:959b] [com.apple.AppKit:Image] ISImage reported a placeholder, image rep is providing a placeholder image for <private>
2026-09-14 13:40:50.186 I  PeachCommander[11284:959b] [com.apple.AppKit:Image] ISImage reported a placeholder, image rep is providing a placeholder image for <private>
2026-09-14 13:40:50.186 I  PeachCommander[11284:959b] [com.apple.AppKit:Image] ISImage reported a placeholder, image rep is providing a placeholder image for <private>
2026-09-14 13:40:50.187 I  PeachCommander[11284:959b] [com.apple.AppKit:Image] ISImage reported a placeholder, image rep is providing a placeholder image for <private>
2026-09-14 13:40:50.187 I  PeachCommander[11284:959b] [com.apple.AppKit:Image] ISImage reported a placeholder, image rep is providing a placeholder image for <private>
2026-09-14 13:40:50.188 I  PeachCommander[11284:959b] [com.apple.AppKit:Image] ISImage reported a placeholder, image rep is providing a placeholder image for <private>
2026-09-14 13:40:50.188 I  PeachCommander[11284:959b] [com.apple.AppKit:Image] ISImage reported a placeholder, image rep is providing a placeholder image for <private>
2026-09-14 13:40:50.245 A  PeachCommander[11284:95a4] (CoreFoundation) Loading Preferences From System CFPrefsD
2026-09-14 13:40:50.248 I  PeachCommander[11284:959b] [com.apple.AppKit:Image] ISImage reported a placeholder, image rep is providing a placeholder image for <private>
2026-09-14 13:40:50.249 I  PeachCommander[11284:959b] [com.apple.AppKit:Image] ISImage reported a placeholder, image rep is providing a placeholder image for <private>
2026-09-14 13:40:50.249 I  PeachCommander[11284:959b] [com.apple.AppKit:Image] ISImage reported a placeholder, image rep is providing a placeholder image for <private>
2026-09-14 13:40:50.250 I  PeachCommander[11284:959b] [com.apple.AppKit:Image] ISImage reported a placeholder, image rep is providing a placeholder image for <private>
2026-09-14 13:40:50.250 I  PeachCommander[11284:959b] [com.apple.AppKit:Image] ISImage reported a placeholder, image rep is providing a placeholder image for <private>
2026-09-14 13:40:50.251 I  PeachCommander[11284:959b] [com.apple.AppKit:Image] ISImage reported a placeholder, image rep is providing a placeholder image for <private>
2026-09-14 13:40:50.251 I  PeachCommander[11284:959b] [com.apple.AppKit:Image] ISImage reported a placeholder, image rep is providing a placeholder image for <private>
2026-09-14 13:40:50.252 I  PeachCommander[11284:959b] [com.apple.AppKit:Image] ISImage reported a placeholder, image rep is providing a placeholder image for <private>
2026-09-14 13:40:50.253 I  PeachCommander[11284:959b] [com.apple.AppKit:Image] ISImage reported a placeholder, image rep is providing a placeholder image for <private>
2026-09-14 13:40:50.254 I  PeachCommander[11284:959b] [com.apple.AppKit:Image] ISImage reported a placeholder, image rep is providing a placeholder image for <private>
2026-09-14 13:40:50.254 I  PeachCommander[11284:959b] [com.apple.AppKit:Image] ISImage reported a placeholder, image rep is providing a placeholder image for <private>
2026-09-14 13:40:50.255 I  PeachCommander[11284:959b] [com.apple.AppKit:Image] ISImage reported a placeholder, image rep is providing a placeholder image for <private>
2026-09-14 13:40:50.255 I  PeachCommander[11284:959b] [com.apple.AppKit:Image] ISImage reported a placeholder, image rep is providing a placeholder image for <private>
2026-09-14 13:40:50.256 I  PeachCommander[11284:959b] [com.apple.AppKit:Image] ISImage reported a placeholder, image rep is providing a placeholder image for <private>
2026-09-14 13:40:50.256 I  PeachCommander[11284:959b] [com.apple.AppKit:Image] ISImage reported a placeholder, image rep is providing a placeholder image for <private>
2026-09-14 13:40:50.257 I  PeachCommander[11284:959b] [com.apple.AppKit:Image] ISImage reported a placeholder, image rep is providing a placeholder image for <private>
2026-09-14 13:40:50.257 I  PeachCommander[11284:959b] [com.apple.AppKit:Image] ISImage reported a placeholder, image rep is providing a placeholder image for <private>
2026-09-14 13:40:50.258 I  PeachCommander[11284:959b] [com.apple.AppKit:Image] ISImage reported a placeholder, image rep is providing a placeholder image for <private>
2026-09-14 13:40:50.258 I  PeachCommander[11284:959b] [com.apple.AppKit:Image] ISImage reported a placeholder, image rep is providing a placeholder image for <private>
2026-09-14 13:40:50.259 I  PeachCommander[11284:959b] [com.apple.AppKit:Image] ISImage reported a placeholder, image rep is providing a placeholder image for <private>
2026-09-14 13:40:50.259 I  PeachCommander[11284:959b] [com.apple.AppKit:Image] ISImage reported a placeholder, image rep is providing a placeholder image for <private>
2026-09-14 13:40:50.261 I  PeachCommander[11284:959b] [com.apple.AppKit:Image] ISImage reported a placeholder, image rep is providing a placeholder image for <private>
2026-09-14 13:40:50.261 I  PeachCommander[11284:959b] [com.apple.AppKit:Image] ISImage reported a placeholder, image rep is providing a placeholder image for <private>
2026-09-14 13:40:50.263 I  PeachCommander[11284:959b] [com.apple.AppKit:Image] ISImage reported a placeholder, image rep is providing a placeholder image for <private>
2026-09-14 13:40:50.263 I  PeachCommander[11284:959b] [com.apple.AppKit:Image] ISImage reported a placeholder, image rep is providing a placeholder image for <private>
2026-09-14 13:40:50.264 I  PeachCommander[11284:959b] [com.apple.AppKit:Image] ISImage reported a placeholder, image rep is providing a placeholder image for <private>
2026-09-14 13:40:50.264 I  PeachCommander[11284:959b] [com.apple.AppKit:Image] ISImage reported a placeholder, image rep is providing a placeholder image for <private>
2026-09-14 13:40:50.265 I  PeachCommander[11284:959b] [com.apple.AppKit:Image] ISImage reported a placeholder, image rep is providing a placeholder image for <private>
2026-09-14 13:40:50.265 I  PeachCommander[11284:959b] [com.apple.AppKit:Image] ISImage reported a placeholder, image rep is providing a placeholder image for <private>
2026-09-14 13:40:50.266 I  PeachCommander[11284:959b] [com.apple.AppKit:Image] ISImage reported a placeholder, image rep is providing a placeholder image for <private>
2026-09-14 13:40:50.266 I  PeachCommander[11284:959b] [com.apple.AppKit:Image] ISImage reported a placeholder, image rep is providing a placeholder image for <private>
2026-09-14 13:40:50.267 I  PeachCommander[11284:959b] [com.apple.AppKit:Image] ISImage reported a placeholder, image rep is providing a placeholder image for <private>
2026-09-14 13:40:50.267 I  PeachCommander[11284:959b] [com.apple.AppKit:Image] ISImage reported a placeholder, image rep is providing a placeholder image for <private>
2026-09-14 13:40:50.268 I  PeachCommander[11284:959b] [com.apple.AppKit:Image] ISImage reported a placeholder, image rep is providing a placeholder image for <private>
2026-09-14 13:40:50.268 I  PeachCommander[11284:959b] [com.apple.AppKit:Image] ISImage reported a placeholder, image rep is providing a placeholder image for <private>
2026-09-14 13:40:50.269 I  PeachCommander[11284:959b] [com.apple.AppKit:Image] ISImage reported a placeholder, image rep is providing a placeholder image for <private>
2026-09-14 13:40:50.269 I  PeachCommander[11284:959b] [com.apple.AppKit:Image] ISImage reported a placeholder, image rep is providing a placeholder image for <private>
2026-09-14 13:40:50.270 I  PeachCommander[11284:959b] [com.apple.AppKit:Image] ISImage reported a placeholder, image rep is providing a placeholder image for <private>
2026-09-14 13:40:50.270 I  PeachCommander[11284:959b] [com.apple.AppKit:Image] ISImage reported a placeholder, image rep is providing a placeholder image for <private>
2026-09-14 13:40:50.271 I  PeachCommander[11284:959b] [com.apple.AppKit:Image] ISImage reported a placeholder, image rep is providing a placeholder image for <private>
2026-09-14 13:40:50.271 I  PeachCommander[11284:959b] [com.apple.AppKit:Image] ISImage reported a placeholder, image rep is providing a placeholder image for <private>
2026-09-14 13:40:50.272 I  PeachCommander[11284:959b] [com.apple.AppKit:Image] ISImage reported a placeholder, image rep is providing a placeholder image for <private>
2026-09-14 13:40:50.272 I  PeachCommander[11284:959b] [com.apple.AppKit:Image] ISImage reported a placeholder, image rep is providing a placeholder image for <private>
2026-09-14 13:40:50.273 I  PeachCommander[11284:959b] [com.apple.AppKit:Image] ISImage reported a placeholder, image rep is providing a placeholder image for <private>
2026-09-14 13:40:50.273 I  PeachCommander[11284:959b] [com.apple.AppKit:Image] ISImage reported a placeholder, image rep is providing a placeholder image for <private>
2026-09-14 13:40:50.274 I  PeachCommander[11284:959b] [com.apple.AppKit:Image] ISImage reported a placeholder, image rep is providing a placeholder image for <private>
2026-09-14 13:40:50.274 I  PeachCommander[11284:959b] [com.apple.AppKit:Image] ISImage reported a placeholder, image rep is providing a placeholder image for <private>
2026-09-14 13:40:50.275 I  PeachCommander[11284:959b] [com.apple.AppKit:Image] ISImage reported a placeholder, image rep is providing a placeholder image for <private>
2026-09-14 13:40:50.275 I  PeachCommander[11284:959b] [com.apple.AppKit:Image] ISImage reported a placeholder, image rep is providing a placeholder image for <private>
2026-09-14 13:40:50.276 I  PeachCommander[11284:959b] [com.apple.AppKit:Image] ISImage reported a placeholder, image rep is providing a placeholder image for <private>
2026-09-14 13:40:50.276 I  PeachCommander[11284:959b] [com.apple.AppKit:Image] ISImage reported a placeholder, image rep is providing a placeholder image for <private>
2026-09-14 13:40:50.277 I  PeachCommander[11284:959b] [com.apple.AppKit:Image] ISImage reported a placeholder, image rep is providing a placeholder image for <private>
2026-09-14 13:40:50.277 I  PeachCommander[11284:959b] [com.apple.AppKit:Image] ISImage reported a placeholder, image rep is providing a placeholder image for <private>
2026-09-14 13:40:50.278 I  PeachCommander[11284:959b] [com.apple.AppKit:Image] ISImage reported a placeholder, image rep is providing a placeholder image for <private>
2026-09-14 13:40:50.278 I  PeachCommander[11284:959b] [com.apple.AppKit:Image] ISImage reported a placeholder, image rep is providing a placeholder image for <private>
2026-09-14 13:40:50.329 I  PeachCommander[11284:959b] [com.apple.iconservices:foundation] layer data size zero
2026-09-14 13:40:50.329 A  PeachCommander[11284:959b] (CoreFoundation) Loading Preferences From User CFPrefsD
2026-09-14 13:40:50.330 I  PeachCommander[11284:959b] [com.apple.CoreAnalytics:client] Dropping "com.apple.ImageIO.readerSelection" as it isn't used in any transform (not in the config or budgeted?)
2026-09-14 13:40:50.344 I  PeachCommander[11284:959b] [com.peachcommander:PCFoundation] Session restored
2026-09-14 13:40:50.344 Df PeachCommander[11284:959b] (Foundation) <private>
2026-09-14 13:40:50.344 I  PeachCommander[11284:959b] [com.peachcommander:PCFoundation] [automation] running /Users/admin/auto.txt
2026-09-14 13:40:50.344 Df PeachCommander[11284:959b] (Foundation) <private>
2026-09-14 13:40:50.344 I  PeachCommander[11284:959b] [com.peachcommander:PCFoundation] [automation] > probe /Users/admin/at-seed.txt|mkdir -p $HOME/pc-thumbs && cd $HOME/pc-thumbs && rm -f pics.zip && for i in 1 2 3 4 5 6 7 8 9 10 11 12 13 14 15 16 17 18 19 20; do cp $HOME/pc-demo/Images/icon.png i$i.png; done && zip -q pics.zip i*.png && rm -f i*.png && ls $HOME/pc-thumbs | wc -l
2026-09-14 13:40:50.451 Df PeachCommander[11284:959b] (Foundation) <private>
2026-09-14 13:40:50.451 I  PeachCommander[11284:959b] [com.peachcommander:PCFoundation] [automation] > wait 1200
2026-09-14 13:40:50.451 I  PeachCommander[11284:95a4] [com.apple.AppKit:WindowTab] Indexing 1 items
2026-09-14 13:40:50.451 A  PeachCommander[11284:95a4] (CoreSpotlight) end-index-batch
2026-09-14 13:40:50.451 A  PeachCommander[11284:95a4] (CoreSpotlight) index-items
2026-09-14 13:40:50.452 Df PeachCommander[11284:95a4] [com.apple.corespotlight:index] CSInlineDonation:<private>: Skipping donation (feature flag disabled)
2026-09-14 13:40:50.452 Df PeachCommander[11284:95a4] [com.apple.corespotlight:index] CSInlineDonation:<private>: Skipping donation (feature flag disabled)
2026-09-14 13:40:50.462 I  PeachCommander[11284:959b] [com.apple.AppKit:Image] ISImage reported a placeholder, image rep is providing a placeholder image for <private>
2026-09-14 13:40:50.463 I  PeachCommander[11284:959b] [com.apple.AppKit:Image] ISImage reported a placeholder, image rep is providing a placeholder image for <private>
2026-09-14 13:40:50.464 I  PeachCommander[11284:959b] [com.apple.AppKit:Image] ISImage reported a placeholder, image rep is providing a placeholder image for <private>
2026-09-14 13:40:50.465 I  PeachCommander[11284:959b] [com.apple.AppKit:Image] ISImage reported a placeholder, image rep is providing a placeholder image for <private>
2026-09-14 13:40:50.465 I  PeachCommander[11284:959b] [com.apple.AppKit:Image] ISImage reported a placeholder, image rep is providing a placeholder image for <private>
2026-09-14 13:40:50.466 I  PeachCommander[11284:959b] [com.apple.AppKit:Image] ISImage reported a placeholder, image rep is providing a placeholder image for <private>
2026-09-14 13:40:50.467 I  PeachCommander[11284:959b] [com.apple.AppKit:Image] ISImage reported a placeholder, image rep is providing a placeholder image for <private>
2026-09-14 13:40:50.467 I  PeachCommander[11284:959b] [com.apple.AppKit:Image] ISImage reported a placeholder, image rep is providing a placeholder image for <private>
2026-09-14 13:40:50.468 I  PeachCommander[11284:959b] [com.apple.AppKit:Image] ISImage reported a placeholder, image rep is providing a placeholder image for <private>
2026-09-14 13:40:50.468 I  PeachCommander[11284:959b] [com.apple.AppKit:Image] ISImage reported a placeholder, image rep is providing a placeholder image for <private>
2026-09-14 13:40:50.469 I  PeachCommander[11284:959b] [com.apple.AppKit:Image] ISImage reported a placeholder, image rep is providing a placeholder image for <private>
2026-09-14 13:40:50.470 I  PeachCommander[11284:959b] [com.apple.AppKit:Image] ISImage reported a placeholder, image rep is providing a placeholder image for <private>
2026-09-14 13:40:50.470 I  PeachCommander[11284:959b] [com.apple.AppKit:Image] ISImage reported a placeholder, image rep is providing a placeholder image for <private>
2026-09-14 13:40:50.471 I  PeachCommander[11284:959b] [com.apple.AppKit:Image] ISImage reported a placeholder, image rep is providing a placeholder image for <private>
2026-09-14 13:40:50.472 I  PeachCommander[11284:959b] [com.apple.AppKit:Image] ISImage reported a placeholder, image rep is providing a placeholder image for <private>
2026-09-14 13:40:50.472 I  PeachCommander[11284:959b] [com.apple.AppKit:Image] ISImage reported a placeholder, image rep is providing a placeholder image for <private>
2026-09-14 13:40:50.473 I  PeachCommander[11284:959b] [com.apple.AppKit:Image] ISImage reported a placeholder, image rep is providing a placeholder image for <private>
2026-09-14 13:40:50.474 I  PeachCommander[11284:959b] [com.apple.AppKit:Image] ISImage reported a placeholder, image rep is providing a placeholder image for <private>
2026-09-14 13:40:50.474 I  PeachCommander[11284:959b] [com.apple.AppKit:Image] ISImage reported a placeholder, image rep is providing a placeholder image for <private>
2026-09-14 13:40:50.475 I  PeachCommander[11284:959b] [com.apple.AppKit:Image] ISImage reported a placeholder, image rep is providing a placeholder image for <private>
2026-09-14 13:40:50.475 I  PeachCommander[11284:959b] [com.apple.AppKit:Image] ISImage reported a placeholder, image rep is providing a placeholder image for <private>
2026-09-14 13:40:50.476 I  PeachCommander[11284:959b] [com.apple.AppKit:Image] ISImage reported a placeholder, image rep is providing a placeholder image for <private>
2026-09-14 13:40:50.477 I  PeachCommander[11284:959b] [com.apple.AppKit:Image] ISImage reported a placeholder, image rep is providing a placeholder image for <private>
2026-09-14 13:40:50.477 I  PeachCommander[11284:959b] [com.apple.AppKit:Image] ISImage reported a placeholder, image rep is providing a placeholder image for <private>
2026-09-14 13:40:50.478 I  PeachCommander[11284:959b] [com.apple.AppKit:Image] ISImage reported a placeholder, image rep is providing a placeholder image for <private>
2026-09-14 13:40:50.478 I  PeachCommander[11284:959b] [com.apple.AppKit:Image] ISImage reported a placeholder, image rep is providing a placeholder image for <private>
2026-09-14 13:40:50.479 I  PeachCommander[11284:959b] [com.apple.AppKit:Image] ISImage reported a placeholder, image rep is providing a placeholder image for <private>
2026-09-14 13:40:50.480 I  PeachCommander[11284:959b] [com.apple.AppKit:Image] ISImage reported a placeholder, image rep is providing a placeholder image for <private>
2026-09-14 13:40:50.480 I  PeachCommander[11284:959b] [com.apple.AppKit:Image] ISImage reported a placeholder, image rep is providing a placeholder image for <private>
2026-09-14 13:40:50.482 I  PeachCommander[11284:959b] [com.apple.AppKit:Image] ISImage reported a placeholder, image rep is providing a placeholder image for <private>
2026-09-14 13:40:50.482 I  PeachCommander[11284:959b] [com.apple.AppKit:Image] ISImage reported a placeholder, image rep is providing a placeholder image for <private>
2026-09-14 13:40:50.483 I  PeachCommander[11284:959b] [com.apple.AppKit:Image] ISImage reported a placeholder, image rep is providing a placeholder image for <private>
2026-09-14 13:40:50.483 I  PeachCommander[11284:959b] [com.apple.AppKit:Image] ISImage reported a placeholder, image rep is providing a placeholder image for <private>
2026-09-14 13:40:50.484 I  PeachCommander[11284:959b] [com.apple.AppKit:Image] ISImage reported a placeholder, image rep is providing a placeholder image for <private>
2026-09-14 13:40:50.484 I  PeachCommander[11284:959b] [com.apple.AppKit:Image] ISImage reported a placeholder, image rep is providing a placeholder image for <private>
2026-09-14 13:40:50.485 I  PeachCommander[11284:959b] [com.apple.AppKit:Image] ISImage reported a placeholder, image rep is providing a placeholder image for <private>
2026-09-14 13:40:50.485 I  PeachCommander[11284:959b] [com.apple.AppKit:Image] ISImage reported a placeholder, image rep is providing a placeholder image for <private>
2026-09-14 13:40:50.486 I  PeachCommander[11284:959b] [com.apple.AppKit:Image] ISImage reported a placeholder, image rep is providing a placeholder image for <private>
2026-09-14 13:40:50.486 I  PeachCommander[11284:959b] [com.apple.AppKit:Image] ISImage reported a placeholder, image rep is providing a placeholder image for <private>
2026-09-14 13:40:50.487 I  PeachCommander[11284:959b] [com.apple.AppKit:Image] ISImage reported a placeholder, image rep is providing a placeholder image for <private>
2026-09-14 13:40:50.487 I  PeachCommander[11284:959b] [com.apple.AppKit:Image] ISImage reported a placeholder, image rep is providing a placeholder image for <private>
2026-09-14 13:40:50.488 I  PeachCommander[11284:959b] [com.apple.AppKit:Image] ISImage reported a placeholder, image rep is providing a placeholder image for <private>
2026-09-14 13:40:50.488 I  PeachCommander[11284:959b] [com.apple.AppKit:Image] ISImage reported a placeholder, image rep is providing a placeholder image for <private>
2026-09-14 13:40:50.489 I  PeachCommander[11284:959b] [com.apple.AppKit:Image] ISImage reported a placeholder, image rep is providing a placeholder image for <private>
2026-09-14 13:40:50.489 I  PeachCommander[11284:959b] [com.apple.AppKit:Image] ISImage reported a placeholder, image rep is providing a placeholder image for <private>
2026-09-14 13:40:50.490 I  PeachCommander[11284:959b] [com.apple.AppKit:Image] ISImage reported a placeholder, image rep is providing a placeholder image for <private>
2026-09-14 13:40:50.490 I  PeachCommander[11284:959b] [com.apple.AppKit:Image] ISImage reported a placeholder, image rep is providing a placeholder image for <private>
2026-09-14 13:40:50.491 I  PeachCommander[11284:959b] [com.apple.AppKit:Image] ISImage reported a placeholder, image rep is providing a placeholder image for <private>
2026-09-14 13:40:50.491 I  PeachCommander[11284:959b] [com.apple.AppKit:Image] ISImage reported a placeholder, image rep is providing a placeholder image for <private>
2026-09-14 13:40:50.492 I  PeachCommander[11284:959b] [com.apple.AppKit:Image] ISImage reported a placeholder, image rep is providing a placeholder image for <private>
2026-09-14 13:40:50.492 I  PeachCommander[11284:959b] [com.apple.AppKit:Image] ISImage reported a placeholder, image rep is providing a placeholder image for <private>
2026-09-14 13:40:50.493 I  PeachCommander[11284:959b] [com.apple.AppKit:Image] ISImage reported a placeholder, image rep is providing a placeholder image for <private>
2026-09-14 13:40:50.493 I  PeachCommander[11284:959b] [com.apple.AppKit:Image] ISImage reported a placeholder, image rep is providing a placeholder image for <private>
2026-09-14 13:40:50.494 I  PeachCommander[11284:959b] [com.apple.AppKit:Image] ISImage reported a placeholder, image rep is providing a placeholder image for <private>
2026-09-14 13:40:50.494 I  PeachCommander[11284:959b] [com.apple.AppKit:Image] ISImage reported a placeholder, image rep is providing a placeholder image for <private>
2026-09-14 13:40:50.495 I  PeachCommander[11284:959b] [com.apple.AppKit:Image] ISImage reported a placeholder, image rep is providing a placeholder image for <private>
2026-09-14 13:40:50.495 I  PeachCommander[11284:959b] [com.apple.AppKit:Image] ISImage reported a placeholder, image rep is providing a placeholder image for <private>
2026-09-14 13:40:50.496 I  PeachCommander[11284:959b] [com.apple.AppKit:Image] ISImage reported a placeholder, image rep is providing a placeholder image for <private>
2026-09-14 13:40:50.496 I  PeachCommander[11284:959b] [com.apple.AppKit:Image] ISImage reported a placeholder, image rep is providing a placeholder image for <private>
2026-09-14 13:40:50.497 I  PeachCommander[11284:959b] [com.apple.AppKit:Image] ISImage reported a placeholder, image rep is providing a placeholder image for <private>
2026-09-14 13:40:50.497 I  PeachCommander[11284:959b] [com.apple.AppKit:Image] ISImage reported a placeholder, image rep is providing a placeholder image for <private>
2026-09-14 13:40:50.498 I  PeachCommander[11284:959b] [com.apple.AppKit:Image] ISImage reported a placeholder, image rep is providing a placeholder image for <private>
2026-09-14 13:40:50.498 I  PeachCommander[11284:959b] [com.apple.AppKit:Image] ISImage reported a placeholder, image rep is providing a placeholder image for <private>
2026-09-14 13:40:50.499 I  PeachCommander[11284:959b] [com.apple.AppKit:Image] ISImage reported a placeholder, image rep is providing a placeholder image for <private>
2026-09-14 13:40:50.499 I  PeachCommander[11284:959b] [com.apple.AppKit:Image] ISImage reported a placeholder, image rep is providing a placeholder image for <private>
2026-09-14 13:40:50.500 I  PeachCommander[11284:959b] [com.apple.AppKit:Image] ISImage reported a placeholder, image rep is providing a placeholder image for <private>
2026-09-14 13:40:50.500 I  PeachCommander[11284:959b] [com.apple.AppKit:Image] ISImage reported a placeholder, image rep is providing a placeholder image for <private>
2026-09-14 13:40:50.501 I  PeachCommander[11284:959b] [com.apple.AppKit:Image] ISImage reported a placeholder, image rep is providing a placeholder image for <private>
2026-09-14 13:40:50.501 I  PeachCommander[11284:959b] [com.apple.AppKit:Image] ISImage reported a placeholder, image rep is providing a placeholder image for <private>
2026-09-14 13:40:50.502 I  PeachCommander[11284:959b] [com.apple.AppKit:Image] ISImage reported a placeholder, image rep is providing a placeholder image for <private>
2026-09-14 13:40:50.502 I  PeachCommander[11284:959b] [com.apple.AppKit:Image] ISImage reported a placeholder, image rep is providing a placeholder image for <private>
2026-09-14 13:40:50.503 I  PeachCommander[11284:959b] [com.apple.AppKit:Image] ISImage reported a placeholder, image rep is providing a placeholder image for <private>
2026-09-14 13:40:50.503 I  PeachCommander[11284:959b] [com.apple.AppKit:Image] ISImage reported a placeholder, image rep is providing a placeholder image for <private>
2026-09-14 13:40:50.504 I  PeachCommander[11284:959b] [com.apple.AppKit:Image] ISImage reported a placeholder, image rep is providing a placeholder image for <private>
2026-09-14 13:40:50.504 I  PeachCommander[11284:959b] [com.apple.AppKit:Image] ISImage reported a placeholder, image rep is providing a placeholder image for <private>
2026-09-14 13:40:50.505 I  PeachCommander[11284:959b] [com.apple.AppKit:Image] ISImage reported a placeholder, image rep is providing a placeholder image for <private>
2026-09-14 13:40:50.505 I  PeachCommander[11284:959b] [com.apple.AppKit:Image] ISImage reported a placeholder, image rep is providing a placeholder image for <private>
2026-09-14 13:40:50.506 I  PeachCommander[11284:959b] [com.apple.AppKit:Image] ISImage reported a placeholder, image rep is providing a placeholder image for <private>
2026-09-14 13:40:50.506 I  PeachCommander[11284:959b] [com.apple.AppKit:Image] ISImage reported a placeholder, image rep is providing a placeholder image for <private>
2026-09-14 13:40:50.507 I  PeachCommander[11284:959b] [com.apple.AppKit:Image] ISImage reported a placeholder, image rep is providing a placeholder image for <private>
2026-09-14 13:40:50.507 I  PeachCommander[11284:959b] [com.apple.AppKit:Image] ISImage reported a placeholder, image rep is providing a placeholder image for <private>
2026-09-14 13:40:50.575 I  PeachCommander[11284:959b] [com.apple.AppKit:Image] ISImage reported a placeholder, image rep is providing a placeholder image for <private>
2026-09-14 13:40:50.576 I  PeachCommander[11284:959b] [com.apple.AppKit:Image] ISImage reported a placeholder, image rep is providing a placeholder image for <private>
2026-09-14 13:40:50.576 I  PeachCommander[11284:959b] [com.apple.AppKit:Image] ISImage reported a placeholder, image rep is providing a placeholder image for <private>
2026-09-14 13:40:50.577 I  PeachCommander[11284:959b] [com.apple.AppKit:Image] ISImage reported a placeholder, image rep is providing a placeholder image for <private>
2026-09-14 13:40:50.577 I  PeachCommander[11284:959b] [com.apple.AppKit:Image] ISImage reported a placeholder, image rep is providing a placeholder image for <private>
2026-09-14 13:40:50.578 I  PeachCommander[11284:959b] [com.apple.AppKit:Image] ISImage reported a placeholder, image rep is providing a placeholder image for <private>
2026-09-14 13:40:50.578 I  PeachCommander[11284:959b] [com.apple.AppKit:Image] ISImage reported a placeholder, image rep is providing a placeholder image for <private>
2026-09-14 13:40:50.579 I  PeachCommander[11284:959b] [com.apple.AppKit:Image] ISImage reported a placeholder, image rep is providing a placeholder image for <private>
2026-09-14 13:40:50.579 I  PeachCommander[11284:959b] [com.apple.AppKit:Image] ISImage reported a placeholder, image rep is providing a placeholder image for <private>
2026-09-14 13:40:50.580 I  PeachCommander[11284:959b] [com.apple.AppKit:Image] ISImage reported a placeholder, image rep is providing a placeholder image for <private>
2026-09-14 13:40:50.581 I  PeachCommander[11284:959b] [com.apple.AppKit:Image] ISImage reported a placeholder, image rep is providing a placeholder image for <private>
2026-09-14 13:40:50.581 I  PeachCommander[11284:959b] [com.apple.AppKit:Image] ISImage reported a placeholder, image rep is providing a placeholder image for <private>
2026-09-14 13:40:50.582 I  PeachCommander[11284:959b] [com.apple.AppKit:Image] ISImage reported a placeholder, image rep is providing a placeholder image for <private>
2026-09-14 13:40:50.582 I  PeachCommander[11284:959b] [com.apple.AppKit:Image] ISImage reported a placeholder, image rep is providing a placeholder image for <private>
2026-09-14 13:40:50.583 I  PeachCommander[11284:959b] [com.apple.AppKit:Image] ISImage reported a placeholder, image rep is providing a placeholder image for <private>
2026-09-14 13:40:50.583 I  PeachCommander[11284:959b] [com.apple.AppKit:Image] ISImage reported a placeholder, image rep is providing a placeholder image for <private>
2026-09-14 13:40:50.584 I  PeachCommander[11284:959b] [com.apple.AppKit:Image] ISImage reported a placeholder, image rep is providing a placeholder image for <private>
2026-09-14 13:40:50.585 I  PeachCommander[11284:959b] [com.apple.AppKit:Image] ISImage reported a placeholder, image rep is providing a placeholder image for <private>
2026-09-14 13:40:50.585 I  PeachCommander[11284:959b] [com.apple.AppKit:Image] ISImage reported a placeholder, image rep is providing a placeholder image for <private>
2026-09-14 13:40:50.586 I  PeachCommander[11284:959b] [com.apple.AppKit:Image] ISImage reported a placeholder, image rep is providing a placeholder image for <private>
2026-09-14 13:40:50.586 I  PeachCommander[11284:959b] [com.apple.AppKit:Image] ISImage reported a placeholder, image rep is providing a placeholder image for <private>
2026-09-14 13:40:50.587 I  PeachCommander[11284:959b] [com.apple.AppKit:Image] ISImage reported a placeholder, image rep is providing a placeholder image for <private>
2026-09-14 13:40:50.588 I  PeachCommander[11284:959b] [com.apple.AppKit:Image] ISImage reported a placeholder, image rep is providing a placeholder image for <private>
2026-09-14 13:40:50.588 I  PeachCommander[11284:959b] [com.apple.AppKit:Image] ISImage reported a placeholder, image rep is providing a placeholder image for <private>
2026-09-14 13:40:50.589 I  PeachCommander[11284:959b] [com.apple.AppKit:Image] ISImage reported a placeholder, image rep is providing a placeholder image for <private>
2026-09-14 13:40:50.589 I  PeachCommander[11284:959b] [com.apple.AppKit:Image] ISImage reported a placeholder, image rep is providing a placeholder image for <private>
2026-09-14 13:40:50.590 I  PeachCommander[11284:959b] [com.apple.AppKit:Image] ISImage reported a placeholder, image rep is providing a placeholder image for <private>
2026-09-14 13:40:50.590 I  PeachCommander[11284:959b] [com.apple.AppKit:Image] ISImage reported a placeholder, image rep is providing a placeholder image for <private>
2026-09-14 13:40:50.590 I  PeachCommander[11284:959b] [com.apple.AppKit:Image] ISImage reported a placeholder, image rep is providing a placeholder image for <private>
2026-09-14 13:40:50.592 I  PeachCommander[11284:959b] [com.apple.AppKit:Image] ISImage reported a placeholder, image rep is providing a placeholder image for <private>
2026-09-14 13:40:50.592 I  PeachCommander[11284:959b] [com.apple.AppKit:Image] ISImage reported a placeholder, image rep is providing a placeholder image for <private>
2026-09-14 13:40:50.593 I  PeachCommander[11284:959b] [com.apple.AppKit:Image] ISImage reported a placeholder, image rep is providing a placeholder image for <private>
2026-09-14 13:40:50.593 I  PeachCommander[11284:959b] [com.apple.AppKit:Image] ISImage reported a placeholder, image rep is providing a placeholder image for <private>
2026-09-14 13:40:50.594 I  PeachCommander[11284:959b] [com.apple.AppKit:Image] ISImage reported a placeholder, image rep is providing a placeholder image for <private>
2026-09-14 13:40:50.594 I  PeachCommander[11284:959b] [com.apple.AppKit:Image] ISImage reported a placeholder, image rep is providing a placeholder image for <private>
2026-09-14 13:40:50.595 I  PeachCommander[11284:959b] [com.apple.AppKit:Image] ISImage reported a placeholder, image rep is providing a placeholder image for <private>
2026-09-14 13:40:50.595 I  PeachCommander[11284:959b] [com.apple.AppKit:Image] ISImage reported a placeholder, image rep is providing a placeholder image for <private>
2026-09-14 13:40:50.596 I  PeachCommander[11284:959b] [com.apple.AppKit:Image] ISImage reported a placeholder, image rep is providing a placeholder image for <private>
2026-09-14 13:40:50.596 I  PeachCommander[11284:959b] [com.apple.AppKit:Image] ISImage reported a placeholder, image rep is providing a placeholder image for <private>
2026-09-14 13:40:50.597 I  PeachCommander[11284:959b] [com.apple.AppKit:Image] ISImage reported a placeholder, image rep is providing a placeholder image for <private>
2026-09-14 13:40:50.597 I  PeachCommander[11284:959b] [com.apple.AppKit:Image] ISImage reported a placeholder, image rep is providing a placeholder image for <private>
2026-09-14 13:40:50.598 I  PeachCommander[11284:959b] [com.apple.AppKit:Image] ISImage reported a placeholder, image rep is providing a placeholder image for <private>
2026-09-14 13:40:50.598 I  PeachCommander[11284:959b] [com.apple.AppKit:Image] ISImage reported a placeholder, image rep is providing a placeholder image for <private>
2026-09-14 13:40:50.599 I  PeachCommander[11284:959b] [com.apple.AppKit:Image] ISImage reported a placeholder, image rep is providing a placeholder image for <private>
2026-09-14 13:40:50.599 I  PeachCommander[11284:959b] [com.apple.AppKit:Image] ISImage reported a placeholder, image rep is providing a placeholder image for <private>
2026-09-14 13:40:50.600 I  PeachCommander[11284:959b] [com.apple.AppKit:Image] ISImage reported a placeholder, image rep is providing a placeholder image for <private>
2026-09-14 13:40:50.600 I  PeachCommander[11284:959b] [com.apple.AppKit:Image] ISImage reported a placeholder, image rep is providing a placeholder image for <private>
2026-09-14 13:40:50.601 I  PeachCommander[11284:959b] [com.apple.AppKit:Image] ISImage reported a placeholder, image rep is providing a placeholder image for <private>
2026-09-14 13:40:50.601 I  PeachCommander[11284:959b] [com.apple.AppKit:Image] ISImage reported a placeholder, image rep is providing a placeholder image for <private>
2026-09-14 13:40:50.602 I  PeachCommander[11284:959b] [com.apple.AppKit:Image] ISImage reported a placeholder, image rep is providing a placeholder image for <private>
2026-09-14 13:40:50.602 I  PeachCommander[11284:959b] [com.apple.AppKit:Image] ISImage reported a placeholder, image rep is providing a placeholder image for <private>
2026-09-14 13:40:50.603 I  PeachCommander[11284:959b] [com.apple.AppKit:Image] ISImage reported a placeholder, image rep is providing a placeholder image for <private>
2026-09-14 13:40:50.603 I  PeachCommander[11284:959b] [com.apple.AppKit:Image] ISImage reported a placeholder, image rep is providing a placeholder image for <private>
2026-09-14 13:40:50.604 I  PeachCommander[11284:959b] [com.apple.AppKit:Image] ISImage reported a placeholder, image rep is providing a placeholder image for <private>
2026-09-14 13:40:50.604 I  PeachCommander[11284:959b] [com.apple.AppKit:Image] ISImage reported a placeholder, image rep is providing a placeholder image for <private>
2026-09-14 13:40:50.605 I  PeachCommander[11284:959b] [com.apple.AppKit:Image] ISImage reported a placeholder, image rep is providing a placeholder image for <private>
2026-09-14 13:40:50.605 I  PeachCommander[11284:959b] [com.apple.AppKit:Image] ISImage reported a placeholder, image rep is providing a placeholder image for <private>
2026-09-14 13:40:50.606 I  PeachCommander[11284:959b] [com.apple.AppKit:Image] ISImage reported a placeholder, image rep is providing a placeholder image for <private>
2026-09-14 13:40:50.606 I  PeachCommander[11284:959b] [com.apple.AppKit:Image] ISImage reported a placeholder, image rep is providing a placeholder image for <private>
2026-09-14 13:40:50.607 I  PeachCommander[11284:959b] [com.apple.AppKit:Image] ISImage reported a placeholder, image rep is providing a placeholder image for <private>
2026-09-14 13:40:50.607 I  PeachCommander[11284:959b] [com.apple.AppKit:Image] ISImage reported a placeholder, image rep is providing a placeholder image for <private>
2026-09-14 13:40:50.608 I  PeachCommander[11284:959b] [com.apple.AppKit:Image] ISImage reported a placeholder, image rep is providing a placeholder image for <private>
2026-09-14 13:40:50.608 I  PeachCommander[11284:959b] [com.apple.AppKit:Image] ISImage reported a placeholder, image rep is providing a placeholder image for <private>
2026-09-14 13:40:50.609 I  PeachCommander[11284:959b] [com.apple.AppKit:Image] ISImage reported a placeholder, image rep is providing a placeholder image for <private>
2026-09-14 13:40:50.609 I  PeachCommander[11284:959b] [com.apple.AppKit:Image] ISImage reported a placeholder, image rep is providing a placeholder image for <private>
2026-09-14 13:40:50.610 I  PeachCommander[11284:959b] [com.apple.AppKit:Image] ISImage reported a placeholder, image rep is providing a placeholder image for <private>
2026-09-14 13:40:50.610 I  PeachCommander[11284:959b] [com.apple.AppKit:Image] ISImage reported a placeholder, image rep is providing a placeholder image for <private>
2026-09-14 13:40:50.611 I  PeachCommander[11284:959b] [com.apple.AppKit:Image] ISImage reported a placeholder, image rep is providing a placeholder image for <private>
2026-09-14 13:40:50.611 I  PeachCommander[11284:959b] [com.apple.AppKit:Image] ISImage reported a placeholder, image rep is providing a placeholder image for <private>
2026-09-14 13:40:50.612 I  PeachCommander[11284:959b] [com.apple.AppKit:Image] ISImage reported a placeholder, image rep is providing a placeholder image for <private>
2026-09-14 13:40:50.612 I  PeachCommander[11284:959b] [com.apple.AppKit:Image] ISImage reported a placeholder, image rep is providing a placeholder image for <private>
2026-09-14 13:40:50.613 I  PeachCommander[11284:959b] [com.apple.AppKit:Image] ISImage reported a placeholder, image rep is providing a placeholder image for <private>
2026-09-14 13:40:50.613 I  PeachCommander[11284:959b] [com.apple.AppKit:Image] ISImage reported a placeholder, image rep is providing a placeholder image for <private>
2026-09-14 13:40:50.614 I  PeachCommander[11284:959b] [com.apple.AppKit:Image] ISImage reported a placeholder, image rep is providing a placeholder image for <private>
2026-09-14 13:40:50.614 I  PeachCommander[11284:959b] [com.apple.AppKit:Image] ISImage reported a placeholder, image rep is providing a placeholder image for <private>
2026-09-14 13:40:50.615 I  PeachCommander[11284:959b] [com.apple.AppKit:Image] ISImage reported a placeholder, image rep is providing a placeholder image for <private>
2026-09-14 13:40:50.615 I  PeachCommander[11284:959b] [com.apple.AppKit:Image] ISImage reported a placeholder, image rep is providing a placeholder image for <private>
2026-09-14 13:40:50.616 I  PeachCommander[11284:959b] [com.apple.AppKit:Image] ISImage reported a placeholder, image rep is providing a placeholder image for <private>
2026-09-14 13:40:50.616 I  PeachCommander[11284:959b] [com.apple.AppKit:Image] ISImage reported a placeholder, image rep is providing a placeholder image for <private>
2026-09-14 13:40:50.617 I  PeachCommander[11284:959b] [com.apple.AppKit:Image] ISImage reported a placeholder, image rep is providing a placeholder image for <private>
2026-09-14 13:40:50.617 I  PeachCommander[11284:959b] [com.apple.AppKit:Image] ISImage reported a placeholder, image rep is providing a placeholder image for <private>
2026-09-14 13:40:50.683 I  PeachCommander[11284:959b] [com.apple.AppKit:Image] ISImage reported a placeholder, image rep is providing a placeholder image for <private>
2026-09-14 13:40:50.683 I  PeachCommander[11284:959b] [com.apple.AppKit:Image] ISImage reported a placeholder, image rep is providing a placeholder image for <private>
2026-09-14 13:40:50.684 I  PeachCommander[11284:959b] [com.apple.AppKit:Image] ISImage reported a placeholder, image rep is providing a placeholder image for <private>
2026-09-14 13:40:50.685 I  PeachCommander[11284:959b] [com.apple.AppKit:Image] ISImage reported a placeholder, image rep is providing a placeholder image for <private>
2026-09-14 13:40:50.685 I  PeachCommander[11284:959b] [com.apple.AppKit:Image] ISImage reported a placeholder, image rep is providing a placeholder image for <private>
2026-09-14 13:40:50.686 I  PeachCommander[11284:959b] [com.apple.AppKit:Image] ISImage reported a placeholder, image rep is providing a placeholder image for <private>
2026-09-14 13:40:50.686 I  PeachCommander[11284:959b] [com.apple.AppKit:Image] ISImage reported a placeholder, image rep is providing a placeholder image for <private>
2026-09-14 13:40:50.687 I  PeachCommander[11284:959b] [com.apple.AppKit:Image] ISImage reported a placeholder, image rep is providing a placeholder image for <private>
2026-09-14 13:40:50.687 I  PeachCommander[11284:959b] [com.apple.AppKit:Image] ISImage reported a placeholder, image rep is providing a placeholder image for <private>
2026-09-14 13:40:50.688 I  PeachCommander[11284:959b] [com.apple.AppKit:Image] ISImage reported a placeholder, image rep is providing a placeholder image for <private>
2026-09-14 13:40:50.688 I  PeachCommander[11284:959b] [com.apple.AppKit:Image] ISImage reported a placeholder, image rep is providing a placeholder image for <private>
2026-09-14 13:40:50.689 I  PeachCommander[11284:959b] [com.apple.AppKit:Image] ISImage reported a placeholder, image rep is providing a placeholder image for <private>
2026-09-14 13:40:50.689 I  PeachCommander[11284:959b] [com.apple.AppKit:Image] ISImage reported a placeholder, image rep is providing a placeholder image for <private>
2026-09-14 13:40:50.690 I  PeachCommander[11284:959b] [com.apple.AppKit:Image] ISImage reported a placeholder, image rep is providing a placeholder image for <private>
2026-09-14 13:40:50.690 I  PeachCommander[11284:959b] [com.apple.AppKit:Image] ISImage reported a placeholder, image rep is providing a placeholder image for <private>
2026-09-14 13:40:50.691 I  PeachCommander[11284:959b] [com.apple.AppKit:Image] ISImage reported a placeholder, image rep is providing a placeholder image for <private>
2026-09-14 13:40:50.691 I  PeachCommander[11284:959b] [com.apple.AppKit:Image] ISImage reported a placeholder, image rep is providing a placeholder image for <private>
2026-09-14 13:40:50.692 I  PeachCommander[11284:959b] [com.apple.AppKit:Image] ISImage reported a placeholder, image rep is providing a placeholder image for <private>
2026-09-14 13:40:50.693 I  PeachCommander[11284:959b] [com.apple.AppKit:Image] ISImage reported a placeholder, image rep is providing a placeholder image for <private>
2026-09-14 13:40:50.693 I  PeachCommander[11284:959b] [com.apple.AppKit:Image] ISImage reported a placeholder, image rep is providing a placeholder image for <private>
2026-09-14 13:40:50.694 I  PeachCommander[11284:959b] [com.apple.AppKit:Image] ISImage reported a placeholder, image rep is providing a placeholder image for <private>
2026-09-14 13:40:50.694 I  PeachCommander[11284:959b] [com.apple.AppKit:Image] ISImage reported a placeholder, image rep is providing a placeholder image for <private>
2026-09-14 13:40:50.695 I  PeachCommander[11284:959b] [com.apple.AppKit:Image] ISImage reported a placeholder, image rep is providing a placeholder image for <private>
2026-09-14 13:40:50.695 I  PeachCommander[11284:959b] [com.apple.AppKit:Image] ISImage reported a placeholder, image rep is providing a placeholder image for <private>
2026-09-14 13:40:50.696 I  PeachCommander[11284:959b] [com.apple.AppKit:Image] ISImage reported a placeholder, image rep is providing a placeholder image for <private>
2026-09-14 13:40:50.697 I  PeachCommander[11284:959b] [com.apple.AppKit:Image] ISImage reported a placeholder, image rep is providing a placeholder image for <private>
2026-09-14 13:40:50.697 I  PeachCommander[11284:959b] [com.apple.AppKit:Image] ISImage reported a placeholder, image rep is providing a placeholder image for <private>
2026-09-14 13:40:50.698 I  PeachCommander[11284:959b] [com.apple.AppKit:Image] ISImage reported a placeholder, image rep is providing a placeholder image for <private>
2026-09-14 13:40:50.698 I  PeachCommander[11284:959b] [com.apple.AppKit:Image] ISImage reported a placeholder, image rep is providing a placeholder image for <private>
2026-09-14 13:40:50.699 I  PeachCommander[11284:959b] [com.apple.AppKit:Image] ISImage reported a placeholder, image rep is providing a placeholder image for <private>
2026-09-14 13:40:50.699 I  PeachCommander[11284:959b] [com.apple.AppKit:Image] ISImage reported a placeholder, image rep is providing a placeholder image for <private>
2026-09-14 13:40:50.700 I  PeachCommander[11284:959b] [com.apple.AppKit:Image] ISImage reported a placeholder, image rep is providing a placeholder image for <private>
2026-09-14 13:40:50.700 I  PeachCommander[11284:959b] [com.apple.AppKit:Image] ISImage reported a placeholder, image rep is providing a placeholder image for <private>
2026-09-14 13:40:50.701 I  PeachCommander[11284:959b] [com.apple.AppKit:Image] ISImage reported a placeholder, image rep is providing a placeholder image for <private>
2026-09-14 13:40:50.701 I  PeachCommander[11284:959b] [com.apple.AppKit:Image] ISImage reported a placeholder, image rep is providing a placeholder image for <private>
2026-09-14 13:40:50.702 I  PeachCommander[11284:959b] [com.apple.AppKit:Image] ISImage reported a placeholder, image rep is providing a placeholder image for <private>
2026-09-14 13:40:50.702 I  PeachCommander[11284:959b] [com.apple.AppKit:Image] ISImage reported a placeholder, image rep is providing a placeholder image for <private>
2026-09-14 13:40:50.703 I  PeachCommander[11284:959b] [com.apple.AppKit:Image] ISImage reported a placeholder, image rep is providing a placeholder image for <private>
2026-09-14 13:40:50.703 I  PeachCommander[11284:959b] [com.apple.AppKit:Image] ISImage reported a placeholder, image rep is providing a placeholder image for <private>
2026-09-14 13:40:50.704 I  PeachCommander[11284:959b] [com.apple.AppKit:Image] ISImage reported a placeholder, image rep is providing a placeholder image for <private>
2026-09-14 13:40:50.704 I  PeachCommander[11284:959b] [com.apple.AppKit:Image] ISImage reported a placeholder, image rep is providing a placeholder image for <private>
2026-09-14 13:40:50.705 I  PeachCommander[11284:959b] [com.apple.AppKit:Image] ISImage reported a placeholder, image rep is providing a placeholder image for <private>
2026-09-14 13:40:50.705 I  PeachCommander[11284:959b] [com.apple.AppKit:Image] ISImage reported a placeholder, image rep is providing a placeholder image for <private>
2026-09-14 13:40:50.706 I  PeachCommander[11284:959b] [com.apple.AppKit:Image] ISImage reported a placeholder, image rep is providing a placeholder image for <private>
2026-09-14 13:40:50.706 I  PeachCommander[11284:959b] [com.apple.AppKit:Image] ISImage reported a placeholder, image rep is providing a placeholder image for <private>
2026-09-14 13:40:50.707 I  PeachCommander[11284:959b] [com.apple.AppKit:Image] ISImage reported a placeholder, image rep is providing a placeholder image for <private>
2026-09-14 13:40:50.707 I  PeachCommander[11284:959b] [com.apple.AppKit:Image] ISImage reported a placeholder, image rep is providing a placeholder image for <private>
2026-09-14 13:40:50.708 I  PeachCommander[11284:959b] [com.apple.AppKit:Image] ISImage reported a placeholder, image rep is providing a placeholder image for <private>
2026-09-14 13:40:50.708 I  PeachCommander[11284:959b] [com.apple.AppKit:Image] ISImage reported a placeholder, image rep is providing a placeholder image for <private>
2026-09-14 13:40:50.709 I  PeachCommander[11284:959b] [com.apple.AppKit:Image] ISImage reported a placeholder, image rep is providing a placeholder image for <private>
2026-09-14 13:40:50.709 I  PeachCommander[11284:959b] [com.apple.AppKit:Image] ISImage reported a placeholder, image rep is providing a placeholder image for <private>
2026-09-14 13:40:50.710 I  PeachCommander[11284:959b] [com.apple.AppKit:Image] ISImage reported a placeholder, image rep is providing a placeholder image for <private>
2026-09-14 13:40:50.710 I  PeachCommander[11284:959b] [com.apple.AppKit:Image] ISImage reported a placeholder, image rep is providing a placeholder image for <private>
2026-09-14 13:40:50.711 I  PeachCommander[11284:959b] [com.apple.AppKit:Image] ISImage reported a placeholder, image rep is providing a placeholder image for <private>
2026-09-14 13:40:50.711 I  PeachCommander[11284:959b] [com.apple.AppKit:Image] ISImage reported a placeholder, image rep is providing a placeholder image for <private>
2026-09-14 13:40:50.712 I  PeachCommander[11284:959b] [com.apple.AppKit:Image] ISImage reported a placeholder, image rep is providing a placeholder image for <private>
2026-09-14 13:40:50.712 I  PeachCommander[11284:959b] [com.apple.AppKit:Image] ISImage reported a placeholder, image rep is providing a placeholder image for <private>
2026-09-14 13:40:50.714 I  PeachCommander[11284:959b] [com.apple.AppKit:Image] ISImage reported a placeholder, image rep is providing a placeholder image for <private>
2026-09-14 13:40:50.714 I  PeachCommander[11284:959b] [com.apple.AppKit:Image] ISImage reported a placeholder, image rep is providing a placeholder image for <private>
2026-09-14 13:40:50.715 I  PeachCommander[11284:959b] [com.apple.AppKit:Image] ISImage reported a placeholder, image rep is providing a placeholder image for <private>
2026-09-14 13:40:50.715 I  PeachCommander[11284:959b] [com.apple.AppKit:Image] ISImage reported a placeholder, image rep is providing a placeholder image for <private>
2026-09-14 13:40:50.716 I  PeachCommander[11284:959b] [com.apple.AppKit:Image] ISImage reported a placeholder, image rep is providing a placeholder image for <private>
2026-09-14 13:40:50.716 I  PeachCommander[11284:959b] [com.apple.AppKit:Image] ISImage reported a placeholder, image rep is providing a placeholder image for <private>
2026-09-14 13:40:50.717 I  PeachCommander[11284:959b] [com.apple.AppKit:Image] ISImage reported a placeholder, image rep is providing a placeholder image for <private>
2026-09-14 13:40:50.717 I  PeachCommander[11284:959b] [com.apple.AppKit:Image] ISImage reported a placeholder, image rep is providing a placeholder image for <private>
2026-09-14 13:40:50.718 I  PeachCommander[11284:959b] [com.apple.AppKit:Image] ISImage reported a placeholder, image rep is providing a placeholder image for <private>
2026-09-14 13:40:50.718 I  PeachCommander[11284:959b] [com.apple.AppKit:Image] ISImage reported a placeholder, image rep is providing a placeholder image for <private>
2026-09-14 13:40:50.719 I  PeachCommander[11284:959b] [com.apple.AppKit:Image] ISImage reported a placeholder, image rep is providing a placeholder image for <private>
2026-09-14 13:40:50.719 I  PeachCommander[11284:959b] [com.apple.AppKit:Image] ISImage reported a placeholder, image rep is providing a placeholder image for <private>
2026-09-14 13:40:50.720 I  PeachCommander[11284:959b] [com.apple.AppKit:Image] ISImage reported a placeholder, image rep is providing a placeholder image for <private>
2026-09-14 13:40:50.720 I  PeachCommander[11284:959b] [com.apple.AppKit:Image] ISImage reported a placeholder, image rep is providing a placeholder image for <private>
2026-09-14 13:40:50.721 I  PeachCommander[11284:959b] [com.apple.AppKit:Image] ISImage reported a placeholder, image rep is providing a placeholder image for <private>
2026-09-14 13:40:50.721 I  PeachCommander[11284:959b] [com.apple.AppKit:Image] ISImage reported a placeholder, image rep is providing a placeholder image for <private>
2026-09-14 13:40:50.722 I  PeachCommander[11284:959b] [com.apple.AppKit:Image] ISImage reported a placeholder, image rep is providing a placeholder image for <private>
2026-09-14 13:40:50.722 I  PeachCommander[11284:959b] [com.apple.AppKit:Image] ISImage reported a placeholder, image rep is providing a placeholder image for <private>
2026-09-14 13:40:50.723 I  PeachCommander[11284:959b] [com.apple.AppKit:Image] ISImage reported a placeholder, image rep is providing a placeholder image for <private>
2026-09-14 13:40:50.723 I  PeachCommander[11284:959b] [com.apple.AppKit:Image] ISImage reported a placeholder, image rep is providing a placeholder image for <private>
2026-09-14 13:40:50.724 I  PeachCommander[11284:959b] [com.apple.AppKit:Image] ISImage reported a placeholder, image rep is providing a placeholder image for <private>
2026-09-14 13:40:50.724 I  PeachCommander[11284:959b] [com.apple.AppKit:Image] ISImage reported a placeholder, image rep is providing a placeholder image for <private>
2026-09-14 13:40:50.725 I  PeachCommander[11284:959b] [com.apple.AppKit:Image] ISImage reported a placeholder, image rep is providing a placeholder image for <private>
2026-09-14 13:40:50.725 I  PeachCommander[11284:959b] [com.apple.AppKit:Image] ISImage reported a placeholder, image rep is providing a placeholder image for <private>
2026-09-14 13:40:50.810 I  PeachCommander[11284:959b] [com.apple.AppKit:Image] ISImage reported a placeholder, image rep is providing a placeholder image for <private>
2026-09-14 13:40:50.811 I  PeachCommander[11284:959b] [com.apple.AppKit:Image] ISImage reported a placeholder, image rep is providing a placeholder image for <private>
2026-09-14 13:40:50.811 I  PeachCommander[11284:959b] [com.apple.AppKit:Image] ISImage reported a placeholder, image rep is providing a placeholder image for <private>
2026-09-14 13:40:50.812 I  PeachCommander[11284:959b] [com.apple.AppKit:Image] ISImage reported a placeholder, image rep is providing a placeholder image for <private>
2026-09-14 13:40:50.812 I  PeachCommander[11284:959b] [com.apple.AppKit:Image] ISImage reported a placeholder, image rep is providing a placeholder image for <private>
2026-09-14 13:40:50.813 I  PeachCommander[11284:959b] [com.apple.AppKit:Image] ISImage reported a placeholder, image rep is providing a placeholder image for <private>
2026-09-14 13:40:50.814 I  PeachCommander[11284:959b] [com.apple.AppKit:Image] ISImage reported a placeholder, image rep is providing a placeholder image for <private>
2026-09-14 13:40:50.814 I  PeachCommander[11284:959b] [com.apple.AppKit:Image] ISImage reported a placeholder, image rep is providing a placeholder image for <private>
2026-09-14 13:40:50.815 I  PeachCommander[11284:959b] [com.apple.AppKit:Image] ISImage reported a placeholder, image rep is providing a placeholder image for <private>
2026-09-14 13:40:50.815 I  PeachCommander[11284:959b] [com.apple.AppKit:Image] ISImage reported a placeholder, image rep is providing a placeholder image for <private>
2026-09-14 13:40:50.816 I  PeachCommander[11284:959b] [com.apple.AppKit:Image] ISImage reported a placeholder, image rep is providing a placeholder image for <private>
2026-09-14 13:40:50.816 I  PeachCommander[11284:959b] [com.apple.AppKit:Image] ISImage reported a placeholder, image rep is providing a placeholder image for <private>
2026-09-14 13:40:50.817 I  PeachCommander[11284:959b] [com.apple.AppKit:Image] ISImage reported a placeholder, image rep is providing a placeholder image for <private>
2026-09-14 13:40:50.818 I  PeachCommander[11284:959b] [com.apple.AppKit:Image] ISImage reported a placeholder, image rep is providing a placeholder image for <private>
2026-09-14 13:40:50.818 I  PeachCommander[11284:959b] [com.apple.AppKit:Image] ISImage reported a placeholder, image rep is providing a placeholder image for <private>
2026-09-14 13:40:50.819 I  PeachCommander[11284:959b] [com.apple.AppKit:Image] ISImage reported a placeholder, image rep is providing a placeholder image for <private>
2026-09-14 13:40:50.819 I  PeachCommander[11284:959b] [com.apple.AppKit:Image] ISImage reported a placeholder, image rep is providing a placeholder image for <private>
2026-09-14 13:40:50.820 I  PeachCommander[11284:959b] [com.apple.AppKit:Image] ISImage reported a placeholder, image rep is providing a placeholder image for <private>
2026-09-14 13:40:50.821 I  PeachCommander[11284:959b] [com.apple.AppKit:Image] ISImage reported a placeholder, image rep is providing a placeholder image for <private>
2026-09-14 13:40:50.821 I  PeachCommander[11284:959b] [com.apple.AppKit:Image] ISImage reported a placeholder, image rep is providing a placeholder image for <private>
2026-09-14 13:40:50.822 I  PeachCommander[11284:959b] [com.apple.AppKit:Image] ISImage reported a placeholder, image rep is providing a placeholder image for <private>
2026-09-14 13:40:50.823 I  PeachCommander[11284:959b] [com.apple.AppKit:Image] ISImage reported a placeholder, image rep is providing a placeholder image for <private>
2026-09-14 13:40:50.823 I  PeachCommander[11284:959b] [com.apple.AppKit:Image] ISImage reported a placeholder, image rep is providing a placeholder image for <private>
2026-09-14 13:40:50.824 I  PeachCommander[11284:959b] [com.apple.AppKit:Image] ISImage reported a placeholder, image rep is providing a placeholder image for <private>
2026-09-14 13:40:50.824 I  PeachCommander[11284:959b] [com.apple.AppKit:Image] ISImage reported a placeholder, image rep is providing a placeholder image for <private>
2026-09-14 13:40:50.825 I  PeachCommander[11284:959b] [com.apple.AppKit:Image] ISImage reported a placeholder, image rep is providing a placeholder image for <private>
2026-09-14 13:40:50.826 I  PeachCommander[11284:959b] [com.apple.AppKit:Image] ISImage reported a placeholder, image rep is providing a placeholder image for <private>
2026-09-14 13:40:50.846 I  PeachCommander[11284:959b] [com.apple.AppKit:Image] ISImage reported a placeholder, image rep is providing a placeholder image for <private>
2026-09-14 13:40:50.846 I  PeachCommander[11284:959b] [com.apple.AppKit:Image] ISImage reported a placeholder, image rep is providing a placeholder image for <private>
2026-09-14 13:40:50.847 I  PeachCommander[11284:959b] [com.apple.AppKit:Image] ISImage reported a placeholder, image rep is providing a placeholder image for <private>
2026-09-14 13:40:50.847 I  PeachCommander[11284:959b] [com.apple.AppKit:Image] ISImage reported a placeholder, image rep is providing a placeholder image for <private>
2026-09-14 13:40:50.848 I  PeachCommander[11284:959b] [com.apple.AppKit:Image] ISImage reported a placeholder, image rep is providing a placeholder image for <private>
2026-09-14 13:40:50.848 I  PeachCommander[11284:959b] [com.apple.AppKit:Image] ISImage reported a placeholder, image rep is providing a placeholder image for <private>
2026-09-14 13:40:50.849 I  PeachCommander[11284:959b] [com.apple.AppKit:Image] ISImage reported a placeholder, image rep is providing a placeholder image for <private>
2026-09-14 13:40:50.849 I  PeachCommander[11284:959b] [com.apple.AppKit:Image] ISImage reported a placeholder, image rep is providing a placeholder image for <private>
2026-09-14 13:40:50.850 I  PeachCommander[11284:959b] [com.apple.AppKit:Image] ISImage reported a placeholder, image rep is providing a placeholder image for <private>
2026-09-14 13:40:50.850 I  PeachCommander[11284:959b] [com.apple.AppKit:Image] ISImage reported a placeholder, image rep is providing a placeholder image for <private>
2026-09-14 13:40:50.851 I  PeachCommander[11284:959b] [com.apple.AppKit:Image] ISImage reported a placeholder, image rep is providing a placeholder image for <private>
2026-09-14 13:40:50.851 I  PeachCommander[11284:959b] [com.apple.AppKit:Image] ISImage reported a placeholder, image rep is providing a placeholder image for <private>
2026-09-14 13:40:50.852 I  PeachCommander[11284:959b] [com.apple.AppKit:Image] ISImage reported a placeholder, image rep is providing a placeholder image for <private>
2026-09-14 13:40:50.852 I  PeachCommander[11284:959b] [com.apple.AppKit:Image] ISImage reported a placeholder, image rep is providing a placeholder image for <private>
2026-09-14 13:40:50.853 I  PeachCommander[11284:959b] [com.apple.AppKit:Image] ISImage reported a placeholder, image rep is providing a placeholder image for <private>
2026-09-14 13:40:50.853 I  PeachCommander[11284:959b] [com.apple.AppKit:Image] ISImage reported a placeholder, image rep is providing a placeholder image for <private>
2026-09-14 13:40:50.854 I  PeachCommander[11284:959b] [com.apple.AppKit:Image] ISImage reported a placeholder, image rep is providing a placeholder image for <private>
2026-09-14 13:40:50.854 I  PeachCommander[11284:959b] [com.apple.AppKit:Image] ISImage reported a placeholder, image rep is providing a placeholder image for <private>
2026-09-14 13:40:50.855 I  PeachCommander[11284:959b] [com.apple.AppKit:Image] ISImage reported a placeholder, image rep is providing a placeholder image for <private>
2026-09-14 13:40:50.855 I  PeachCommander[11284:959b] [com.apple.AppKit:Image] ISImage reported a placeholder, image rep is providing a placeholder image for <private>
2026-09-14 13:40:50.856 I  PeachCommander[11284:959b] [com.apple.AppKit:Image] ISImage reported a placeholder, image rep is providing a placeholder image for <private>
2026-09-14 13:40:50.857 I  PeachCommander[11284:959b] [com.apple.AppKit:Image] ISImage reported a placeholder, image rep is providing a placeholder image for <private>
2026-09-14 13:40:50.857 I  PeachCommander[11284:959b] [com.apple.AppKit:Image] ISImage reported a placeholder, image rep is providing a placeholder image for <private>
2026-09-14 13:40:50.857 I  PeachCommander[11284:959b] [com.apple.AppKit:Image] ISImage reported a placeholder, image rep is providing a placeholder image for <private>
2026-09-14 13:40:50.858 I  PeachCommander[11284:959b] [com.apple.AppKit:Image] ISImage reported a placeholder, image rep is providing a placeholder image for <private>
2026-09-14 13:40:50.858 I  PeachCommander[11284:959b] [com.apple.AppKit:Image] ISImage reported a placeholder, image rep is providing a placeholder image for <private>
2026-09-14 13:40:50.859 I  PeachCommander[11284:959b] [com.apple.AppKit:Image] ISImage reported a placeholder, image rep is providing a placeholder image for <private>
2026-09-14 13:40:50.859 I  PeachCommander[11284:959b] [com.apple.AppKit:Image] ISImage reported a placeholder, image rep is providing a placeholder image for <private>
2026-09-14 13:40:50.860 I  PeachCommander[11284:959b] [com.apple.AppKit:Image] ISImage reported a placeholder, image rep is providing a placeholder image for <private>
2026-09-14 13:40:50.861 I  PeachCommander[11284:959b] [com.apple.AppKit:Image] ISImage reported a placeholder, image rep is providing a placeholder image for <private>
2026-09-14 13:40:50.861 I  PeachCommander[11284:959b] [com.apple.AppKit:Image] ISImage reported a placeholder, image rep is providing a placeholder image for <private>
2026-09-14 13:40:50.861 I  PeachCommander[11284:959b] [com.apple.AppKit:Image] ISImage reported a placeholder, image rep is providing a placeholder image for <private>
2026-09-14 13:40:50.862 I  PeachCommander[11284:959b] [com.apple.AppKit:Image] ISImage reported a placeholder, image rep is providing a placeholder image for <private>
2026-09-14 13:40:50.862 I  PeachCommander[11284:959b] [com.apple.AppKit:Image] ISImage reported a placeholder, image rep is providing a placeholder image for <private>
2026-09-14 13:40:50.863 I  PeachCommander[11284:959b] [com.apple.AppKit:Image] ISImage reported a placeholder, image rep is providing a placeholder image for <private>
2026-09-14 13:40:50.863 I  PeachCommander[11284:959b] [com.apple.AppKit:Image] ISImage reported a placeholder, image rep is providing a placeholder image for <private>
2026-09-14 13:40:50.864 I  PeachCommander[11284:959b] [com.apple.AppKit:Image] ISImage reported a placeholder, image rep is providing a placeholder image for <private>
2026-09-14 13:40:50.864 I  PeachCommander[11284:959b] [com.apple.AppKit:Image] ISImage reported a placeholder, image rep is providing a placeholder image for <private>
2026-09-14 13:40:50.865 I  PeachCommander[11284:959b] [com.apple.AppKit:Image] ISImage reported a placeholder, image rep is providing a placeholder image for <private>
2026-09-14 13:40:50.865 I  PeachCommander[11284:959b] [com.apple.AppKit:Image] ISImage reported a placeholder, image rep is providing a placeholder image for <private>
2026-09-14 13:40:50.866 I  PeachCommander[11284:959b] [com.apple.AppKit:Image] ISImage reported a placeholder, image rep is providing a placeholder image for <private>
2026-09-14 13:40:50.866 I  PeachCommander[11284:959b] [com.apple.AppKit:Image] ISImage reported a placeholder, image rep is providing a placeholder image for <private>
2026-09-14 13:40:50.867 I  PeachCommander[11284:959b] [com.apple.AppKit:Image] ISImage reported a placeholder, image rep is providing a placeholder image for <private>
2026-09-14 13:40:50.867 I  PeachCommander[11284:959b] [com.apple.AppKit:Image] ISImage reported a placeholder, image rep is providing a placeholder image for <private>
2026-09-14 13:40:50.868 I  PeachCommander[11284:959b] [com.apple.AppKit:Image] ISImage reported a placeholder, image rep is providing a placeholder image for <private>
2026-09-14 13:40:50.868 I  PeachCommander[11284:959b] [com.apple.AppKit:Image] ISImage reported a placeholder, image rep is providing a placeholder image for <private>
2026-09-14 13:40:50.869 I  PeachCommander[11284:959b] [com.apple.AppKit:Image] ISImage reported a placeholder, image rep is providing a placeholder image for <private>
2026-09-14 13:40:50.869 I  PeachCommander[11284:959b] [com.apple.AppKit:Image] ISImage reported a placeholder, image rep is providing a placeholder image for <private>
2026-09-14 13:40:50.871 I  PeachCommander[11284:959b] [com.apple.AppKit:Image] ISImage reported a placeholder, image rep is providing a placeholder image for <private>
2026-09-14 13:40:50.871 I  PeachCommander[11284:959b] [com.apple.AppKit:Image] ISImage reported a placeholder, image rep is providing a placeholder image for <private>
2026-09-14 13:40:50.872 I  PeachCommander[11284:959b] [com.apple.AppKit:Image] ISImage reported a placeholder, image rep is providing a placeholder image for <private>
2026-09-14 13:40:50.872 I  PeachCommander[11284:959b] [com.apple.AppKit:Image] ISImage reported a placeholder, image rep is providing a placeholder image for <private>
2026-09-14 13:40:50.873 I  PeachCommander[11284:959b] [com.apple.AppKit:Image] ISImage reported a placeholder, image rep is providing a placeholder image for <private>
2026-09-14 13:40:50.873 I  PeachCommander[11284:959b] [com.apple.AppKit:Image] ISImage reported a placeholder, image rep is providing a placeholder image for <private>
2026-09-14 13:40:50.938 I  PeachCommander[11284:959b] [com.apple.AppKit:Image] ISImage reported a placeholder, image rep is providing a placeholder image for <private>
2026-09-14 13:40:50.938 I  PeachCommander[11284:959b] [com.apple.AppKit:Image] ISImage reported a placeholder, image rep is providing a placeholder image for <private>
2026-09-14 13:40:50.939 I  PeachCommander[11284:959b] [com.apple.AppKit:Image] ISImage reported a placeholder, image rep is providing a placeholder image for <private>
2026-09-14 13:40:50.939 I  PeachCommander[11284:959b] [com.apple.AppKit:Image] ISImage reported a placeholder, image rep is providing a placeholder image for <private>
2026-09-14 13:40:50.940 I  PeachCommander[11284:959b] [com.apple.AppKit:Image] ISImage reported a placeholder, image rep is providing a placeholder image for <private>
2026-09-14 13:40:50.941 I  PeachCommander[11284:959b] [com.apple.AppKit:Image] ISImage reported a placeholder, image rep is providing a placeholder image for <private>
2026-09-14 13:40:50.941 I  PeachCommander[11284:959b] [com.apple.AppKit:Image] ISImage reported a placeholder, image rep is providing a placeholder image for <private>
2026-09-14 13:40:50.942 I  PeachCommander[11284:959b] [com.apple.AppKit:Image] ISImage reported a placeholder, image rep is providing a placeholder image for <private>
2026-09-14 13:40:50.942 I  PeachCommander[11284:959b] [com.apple.AppKit:Image] ISImage reported a placeholder, image rep is providing a placeholder image for <private>
2026-09-14 13:40:50.943 I  PeachCommander[11284:959b] [com.apple.AppKit:Image] ISImage reported a placeholder, image rep is providing a placeholder image for <private>
2026-09-14 13:40:50.943 I  PeachCommander[11284:959b] [com.apple.AppKit:Image] ISImage reported a placeholder, image rep is providing a placeholder image for <private>
2026-09-14 13:40:50.944 I  PeachCommander[11284:959b] [com.apple.AppKit:Image] ISImage reported a placeholder, image rep is providing a placeholder image for <private>
2026-09-14 13:40:50.945 I  PeachCommander[11284:959b] [com.apple.AppKit:Image] ISImage reported a placeholder, image rep is providing a placeholder image for <private>
2026-09-14 13:40:50.945 I  PeachCommander[11284:959b] [com.apple.AppKit:Image] ISImage reported a placeholder, image rep is providing a placeholder image for <private>
2026-09-14 13:40:50.946 I  PeachCommander[11284:959b] [com.apple.AppKit:Image] ISImage reported a placeholder, image rep is providing a placeholder image for <private>
2026-09-14 13:40:50.946 I  PeachCommander[11284:959b] [com.apple.AppKit:Image] ISImage reported a placeholder, image rep is providing a placeholder image for <private>
2026-09-14 13:40:50.947 I  PeachCommander[11284:959b] [com.apple.AppKit:Image] ISImage reported a placeholder, image rep is providing a placeholder image for <private>
2026-09-14 13:40:50.947 I  PeachCommander[11284:959b] [com.apple.AppKit:Image] ISImage reported a placeholder, image rep is providing a placeholder image for <private>
2026-09-14 13:40:50.948 I  PeachCommander[11284:959b] [com.apple.AppKit:Image] ISImage reported a placeholder, image rep is providing a placeholder image for <private>
2026-09-14 13:40:50.949 I  PeachCommander[11284:959b] [com.apple.AppKit:Image] ISImage reported a placeholder, image rep is providing a placeholder image for <private>
2026-09-14 13:40:50.949 I  PeachCommander[11284:959b] [com.apple.AppKit:Image] ISImage reported a placeholder, image rep is providing a placeholder image for <private>
2026-09-14 13:40:50.950 I  PeachCommander[11284:959b] [com.apple.AppKit:Image] ISImage reported a placeholder, image rep is providing a placeholder image for <private>
2026-09-14 13:40:50.951 I  PeachCommander[11284:959b] [com.apple.AppKit:Image] ISImage reported a placeholder, image rep is providing a placeholder image for <private>
2026-09-14 13:40:50.951 I  PeachCommander[11284:959b] [com.apple.AppKit:Image] ISImage reported a placeholder, image rep is providing a placeholder image for <private>
2026-09-14 13:40:50.952 I  PeachCommander[11284:959b] [com.apple.AppKit:Image] ISImage reported a placeholder, image rep is providing a placeholder image for <private>
2026-09-14 13:40:50.952 I  PeachCommander[11284:959b] [com.apple.AppKit:Image] ISImage reported a placeholder, image rep is providing a placeholder image for <private>
2026-09-14 13:40:50.953 I  PeachCommander[11284:959b] [com.apple.AppKit:Image] ISImage reported a placeholder, image rep is providing a placeholder image for <private>
2026-09-14 13:40:50.953 I  PeachCommander[11284:959b] [com.apple.AppKit:Image] ISImage reported a placeholder, image rep is providing a placeholder image for <private>
2026-09-14 13:40:50.953 I  PeachCommander[11284:959b] [com.apple.AppKit:Image] ISImage reported a placeholder, image rep is providing a placeholder image for <private>
2026-09-14 13:40:50.954 I  PeachCommander[11284:959b] [com.apple.AppKit:Image] ISImage reported a placeholder, image rep is providing a placeholder image for <private>
2026-09-14 13:40:50.954 I  PeachCommander[11284:959b] [com.apple.AppKit:Image] ISImage reported a placeholder, image rep is providing a placeholder image for <private>
2026-09-14 13:40:50.955 I  PeachCommander[11284:959b] [com.apple.AppKit:Image] ISImage reported a placeholder, image rep is providing a placeholder image for <private>
2026-09-14 13:40:50.955 I  PeachCommander[11284:959b] [com.apple.AppKit:Image] ISImage reported a placeholder, image rep is providing a placeholder image for <private>
2026-09-14 13:40:50.956 I  PeachCommander[11284:959b] [com.apple.AppKit:Image] ISImage reported a placeholder, image rep is providing a placeholder image for <private>
2026-09-14 13:40:50.956 I  PeachCommander[11284:959b] [com.apple.AppKit:Image] ISImage reported a placeholder, image rep is providing a placeholder image for <private>
2026-09-14 13:40:50.957 I  PeachCommander[11284:959b] [com.apple.AppKit:Image] ISImage reported a placeholder, image rep is providing a placeholder image for <private>
2026-09-14 13:40:50.957 I  PeachCommander[11284:959b] [com.apple.AppKit:Image] ISImage reported a placeholder, image rep is providing a placeholder image for <private>
2026-09-14 13:40:50.958 I  PeachCommander[11284:959b] [com.apple.AppKit:Image] ISImage reported a placeholder, image rep is providing a placeholder image for <private>
2026-09-14 13:40:50.958 I  PeachCommander[11284:959b] [com.apple.AppKit:Image] ISImage reported a placeholder, image rep is providing a placeholder image for <private>
2026-09-14 13:40:50.960 I  PeachCommander[11284:959b] [com.apple.AppKit:Image] ISImage reported a placeholder, image rep is providing a placeholder image for <private>
2026-09-14 13:40:50.960 I  PeachCommander[11284:959b] [com.apple.AppKit:Image] ISImage reported a placeholder, image rep is providing a placeholder image for <private>
2026-09-14 13:40:50.961 I  PeachCommander[11284:959b] [com.apple.AppKit:Image] ISImage reported a placeholder, image rep is providing a placeholder image for <private>
2026-09-14 13:40:50.961 I  PeachCommander[11284:959b] [com.apple.AppKit:Image] ISImage reported a placeholder, image rep is providing a placeholder image for <private>
2026-09-14 13:40:50.962 I  PeachCommander[11284:959b] [com.apple.AppKit:Image] ISImage reported a placeholder, image rep is providing a placeholder image for <private>
2026-09-14 13:40:50.962 I  PeachCommander[11284:959b] [com.apple.AppKit:Image] ISImage reported a placeholder, image rep is providing a placeholder image for <private>
2026-09-14 13:40:50.963 I  PeachCommander[11284:959b] [com.apple.AppKit:Image] ISImage reported a placeholder, image rep is providing a placeholder image for <private>
2026-09-14 13:40:50.963 I  PeachCommander[11284:959b] [com.apple.AppKit:Image] ISImage reported a placeholder, image rep is providing a placeholder image for <private>
2026-09-14 13:40:50.963 I  PeachCommander[11284:959b] [com.apple.AppKit:Image] ISImage reported a placeholder, image rep is providing a placeholder image for <private>
2026-09-14 13:40:50.964 I  PeachCommander[11284:959b] [com.apple.AppKit:Image] ISImage reported a placeholder, image rep is providing a placeholder image for <private>
2026-09-14 13:40:50.965 I  PeachCommander[11284:959b] [com.apple.AppKit:Image] ISImage reported a placeholder, image rep is providing a placeholder image for <private>
2026-09-14 13:40:50.965 I  PeachCommander[11284:959b] [com.apple.AppKit:Image] ISImage reported a placeholder, image rep is providing a placeholder image for <private>
2026-09-14 13:40:50.965 I  PeachCommander[11284:959b] [com.apple.AppKit:Image] ISImage reported a placeholder, image rep is providing a placeholder image for <private>
2026-09-14 13:40:50.966 I  PeachCommander[11284:959b] [com.apple.AppKit:Image] ISImage reported a placeholder, image rep is providing a placeholder image for <private>
2026-09-14 13:40:50.966 I  PeachCommander[11284:959b] [com.apple.AppKit:Image] ISImage reported a placeholder, image rep is providing a placeholder image for <private>
2026-09-14 13:40:50.966 I  PeachCommander[11284:959b] [com.apple.AppKit:Image] ISImage reported a placeholder, image rep is providing a placeholder image for <private>
2026-09-14 13:40:50.967 I  PeachCommander[11284:959b] [com.apple.AppKit:Image] ISImage reported a placeholder, image rep is providing a placeholder image for <private>
2026-09-14 13:40:50.967 I  PeachCommander[11284:959b] [com.apple.AppKit:Image] ISImage reported a placeholder, image rep is providing a placeholder image for <private>
2026-09-14 13:40:50.968 I  PeachCommander[11284:959b] [com.apple.AppKit:Image] ISImage reported a placeholder, image rep is providing a placeholder image for <private>
2026-09-14 13:40:50.968 I  PeachCommander[11284:959b] [com.apple.AppKit:Image] ISImage reported a placeholder, image rep is providing a placeholder image for <private>
2026-09-14 13:40:50.970 I  PeachCommander[11284:959b] [com.apple.AppKit:Image] ISImage reported a placeholder, image rep is providing a placeholder image for <private>
2026-09-14 13:40:50.970 I  PeachCommander[11284:959b] [com.apple.AppKit:Image] ISImage reported a placeholder, image rep is providing a placeholder image for <private>
2026-09-14 13:40:50.971 I  PeachCommander[11284:959b] [com.apple.AppKit:Image] ISImage reported a placeholder, image rep is providing a placeholder image for <private>
2026-09-14 13:40:50.971 I  PeachCommander[11284:959b] [com.apple.AppKit:Image] ISImage reported a placeholder, image rep is providing a placeholder image for <private>
2026-09-14 13:40:50.972 I  PeachCommander[11284:959b] [com.apple.AppKit:Image] ISImage reported a placeholder, image rep is providing a placeholder image for <private>
2026-09-14 13:40:50.972 I  PeachCommander[11284:959b] [com.apple.AppKit:Image] ISImage reported a placeholder, image rep is providing a placeholder image for <private>
2026-09-14 13:40:50.973 I  PeachCommander[11284:959b] [com.apple.AppKit:Image] ISImage reported a placeholder, image rep is providing a placeholder image for <private>
2026-09-14 13:40:50.973 I  PeachCommander[11284:959b] [com.apple.AppKit:Image] ISImage reported a placeholder, image rep is providing a placeholder image for <private>
2026-09-14 13:40:50.974 I  PeachCommander[11284:959b] [com.apple.AppKit:Image] ISImage reported a placeholder, image rep is providing a placeholder image for <private>
2026-09-14 13:40:50.974 I  PeachCommander[11284:959b] [com.apple.AppKit:Image] ISImage reported a placeholder, image rep is providing a placeholder image for <private>
2026-09-14 13:40:50.975 I  PeachCommander[11284:959b] [com.apple.AppKit:Image] ISImage reported a placeholder, image rep is providing a placeholder image for <private>
2026-09-14 13:40:50.975 I  PeachCommander[11284:959b] [com.apple.AppKit:Image] ISImage reported a placeholder, image rep is providing a placeholder image for <private>
2026-09-14 13:40:50.976 I  PeachCommander[11284:959b] [com.apple.AppKit:Image] ISImage reported a placeholder, image rep is providing a placeholder image for <private>
2026-09-14 13:40:50.976 I  PeachCommander[11284:959b] [com.apple.AppKit:Image] ISImage reported a placeholder, image rep is providing a placeholder image for <private>
2026-09-14 13:40:50.977 I  PeachCommander[11284:959b] [com.apple.AppKit:Image] ISImage reported a placeholder, image rep is providing a placeholder image for <private>
2026-09-14 13:40:50.977 I  PeachCommander[11284:959b] [com.apple.AppKit:Image] ISImage reported a placeholder, image rep is providing a placeholder image for <private>
2026-09-14 13:40:50.978 I  PeachCommander[11284:959b] [com.apple.AppKit:Image] ISImage reported a placeholder, image rep is providing a placeholder image for <private>
2026-09-14 13:40:50.978 I  PeachCommander[11284:959b] [com.apple.AppKit:Image] ISImage reported a placeholder, image rep is providing a placeholder image for <private>
2026-09-14 13:40:50.979 I  PeachCommander[11284:959b] [com.apple.AppKit:Image] ISImage reported a placeholder, image rep is providing a placeholder image for <private>
2026-09-14 13:40:50.979 I  PeachCommander[11284:959b] [com.apple.AppKit:Image] ISImage reported a placeholder, image rep is providing a placeholder image for <private>
2026-09-14 13:40:50.980 I  PeachCommander[11284:959b] [com.apple.AppKit:Image] ISImage reported a placeholder, image rep is providing a placeholder image for <private>
2026-09-14 13:40:50.980 I  PeachCommander[11284:959b] [com.apple.AppKit:Image] ISImage reported a placeholder, image rep is providing a placeholder image for <private>
2026-09-14 13:40:51.654 Df PeachCommander[11284:959b] (Foundation) <private>
2026-09-14 13:40:51.654 I  PeachCommander[11284:959b] [com.peachcommander:PCFoundation] [automation] > active left
2026-09-14 13:40:51.655 Df PeachCommander[11284:959b] (Foundation) <private>
2026-09-14 13:40:51.655 I  PeachCommander[11284:959b] [com.peachcommander:PCFoundation] [automation] > left /Users/admin/pc-thumbs
2026-09-14 13:40:51.686 Df PeachCommander[11284:959b] (Foundation) <private>
2026-09-14 13:40:51.686 I  PeachCommander[11284:959b] [com.peachcommander:PCFoundation] [automation] > wait 1500
2026-09-14 13:40:51.687 I  PeachCommander[11284:959b] [com.apple.AppKit:Image] ISImage reported a placeholder, image rep is providing a placeholder image for <private>
2026-09-14 13:40:51.689 I  PeachCommander[11284:959b] [com.apple.AppKit:Image] ISImage reported a placeholder, image rep is providing a placeholder image for <private>
2026-09-14 13:40:51.690 I  PeachCommander[11284:959b] [com.apple.AppKit:Image] ISImage reported a placeholder, image rep is providing a placeholder image for <private>
2026-09-14 13:40:51.691 I  PeachCommander[11284:959b] [com.apple.AppKit:Image] ISImage reported a placeholder, image rep is providing a placeholder image for <private>
2026-09-14 13:40:51.692 I  PeachCommander[11284:959b] [com.apple.AppKit:Image] ISImage reported a placeholder, image rep is providing a placeholder image for <private>
2026-09-14 13:40:51.693 I  PeachCommander[11284:959b] [com.apple.AppKit:Image] ISImage reported a placeholder, image rep is providing a placeholder image for <private>
2026-09-14 13:40:51.694 I  PeachCommander[11284:959b] [com.apple.AppKit:Image] ISImage reported a placeholder, image rep is providing a placeholder image for <private>
2026-09-14 13:40:51.695 I  PeachCommander[11284:959b] [com.apple.AppKit:Image] ISImage reported a placeholder, image rep is providing a placeholder image for <private>
2026-09-14 13:40:51.696 I  PeachCommander[11284:959b] [com.apple.AppKit:Image] ISImage reported a placeholder, image rep is providing a placeholder image for <private>
2026-09-14 13:40:51.697 I  PeachCommander[11284:959b] [com.apple.AppKit:Image] ISImage reported a placeholder, image rep is providing a placeholder image for <private>
2026-09-14 13:40:51.698 I  PeachCommander[11284:959b] [com.apple.AppKit:Image] ISImage reported a placeholder, image rep is providing a placeholder image for <private>
2026-09-14 13:40:51.699 I  PeachCommander[11284:959b] [com.apple.AppKit:Image] ISImage reported a placeholder, image rep is providing a placeholder image for <private>
2026-09-14 13:40:51.700 I  PeachCommander[11284:959b] [com.apple.AppKit:Image] ISImage reported a placeholder, image rep is providing a placeholder image for <private>
2026-09-14 13:40:51.701 I  PeachCommander[11284:959b] [com.apple.AppKit:Image] ISImage reported a placeholder, image rep is providing a placeholder image for <private>
2026-09-14 13:40:51.702 I  PeachCommander[11284:959b] [com.apple.AppKit:Image] ISImage reported a placeholder, image rep is providing a placeholder image for <private>
2026-09-14 13:40:51.703 I  PeachCommander[11284:959b] [com.apple.AppKit:Image] ISImage reported a placeholder, image rep is providing a placeholder image for <private>
2026-09-14 13:40:51.703 I  PeachCommander[11284:959b] [com.apple.AppKit:Image] ISImage reported a placeholder, image rep is providing a placeholder image for <private>
2026-09-14 13:40:51.704 I  PeachCommander[11284:959b] [com.apple.AppKit:Image] ISImage reported a placeholder, image rep is providing a placeholder image for <private>
2026-09-14 13:40:51.705 I  PeachCommander[11284:959b] [com.apple.AppKit:Image] ISImage reported a placeholder, image rep is providing a placeholder image for <private>
2026-09-14 13:40:51.706 I  PeachCommander[11284:959b] [com.apple.AppKit:Image] ISImage reported a placeholder, image rep is providing a placeholder image for <private>
2026-09-14 13:40:51.707 I  PeachCommander[11284:959b] [com.apple.AppKit:Image] ISImage reported a placeholder, image rep is providing a placeholder image for <private>
2026-09-14 13:40:51.708 I  PeachCommander[11284:959b] [com.apple.AppKit:Image] ISImage reported a placeholder, image rep is providing a placeholder image for <private>
2026-09-14 13:40:51.709 I  PeachCommander[11284:959b] [com.apple.AppKit:Image] ISImage reported a placeholder, image rep is providing a placeholder image for <private>
2026-09-14 13:40:51.709 I  PeachCommander[11284:959b] [com.apple.AppKit:Image] ISImage reported a placeholder, image rep is providing a placeholder image for <private>
2026-09-14 13:40:51.710 I  PeachCommander[11284:959b] [com.apple.AppKit:Image] ISImage reported a placeholder, image rep is providing a placeholder image for <private>
2026-09-14 13:40:51.711 I  PeachCommander[11284:959b] [com.apple.AppKit:Image] ISImage reported a placeholder, image rep is providing a placeholder image for <private>
2026-09-14 13:40:51.712 I  PeachCommander[11284:959b] [com.apple.AppKit:Image] ISImage reported a placeholder, image rep is providing a placeholder image for <private>
2026-09-14 13:40:51.713 I  PeachCommander[11284:959b] [com.apple.AppKit:Image] ISImage reported a placeholder, image rep is providing a placeholder image for <private>
2026-09-14 13:40:51.713 I  PeachCommander[11284:959b] [com.apple.AppKit:Image] ISImage reported a placeholder, image rep is providing a placeholder image for <private>
2026-09-14 13:40:51.715 I  PeachCommander[11284:959b] [com.apple.AppKit:Image] ISImage reported a placeholder, image rep is providing a placeholder image for <private>
2026-09-14 13:40:51.715 I  PeachCommander[11284:959b] [com.apple.AppKit:Image] ISImage reported a placeholder, image rep is providing a placeholder image for <private>
2026-09-14 13:40:51.715 I  PeachCommander[11284:95b2] [com.apple.iconservices:foundation] layer data size zero
2026-09-14 13:40:51.717 I  PeachCommander[11284:95b2] [com.apple.iconservices:foundation] layer data size zero
2026-09-14 13:40:51.730 I  PeachCommander[11284:959b] [com.apple.AppKit:Image] ISImage reported a placeholder, image rep is providing a placeholder image for <private>
2026-09-14 13:40:51.730 I  PeachCommander[11284:959b] [com.apple.AppKit:Image] ISImage reported a placeholder, image rep is providing a placeholder image for <private>
2026-09-14 13:40:51.730 I  PeachCommander[11284:959b] [com.apple.AppKit:Image] ISImage reported a placeholder, image rep is providing a placeholder image for <private>
2026-09-14 13:40:51.730 I  PeachCommander[11284:95ac] [com.apple.iconservices:foundation] layer data size zero
2026-09-14 13:40:51.733 I  PeachCommander[11284:959b] [com.apple.AppKit:Image] ISImage reported a placeholder, image rep is providing a placeholder image for <private>
2026-09-14 13:40:51.734 I  PeachCommander[11284:959b] [com.apple.AppKit:Image] ISImage reported a placeholder, image rep is providing a placeholder image for <private>
2026-09-14 13:40:51.740 I  PeachCommander[11284:959b] [com.apple.AppKit:Image] ISImage reported a placeholder, image rep is providing a placeholder image for <private>
2026-09-14 13:40:51.740 I  PeachCommander[11284:959b] [com.apple.AppKit:Image] ISImage reported a placeholder, image rep is providing a placeholder image for <private>
2026-09-14 13:40:51.742 I  PeachCommander[11284:959b] [com.apple.AppKit:Image] ISImage reported a placeholder, image rep is providing a placeholder image for <private>
2026-09-14 13:40:51.742 I  PeachCommander[11284:959b] [com.apple.AppKit:Image] ISImage reported a placeholder, image rep is providing a placeholder image for <private>
2026-09-14 13:40:51.742 I  PeachCommander[11284:95ac] [com.apple.iconservices:foundation] layer data size zero
2026-09-14 13:40:51.852 I  PeachCommander[11284:964b] [com.apple.AppKit:WindowTab] Indexing 1 items
2026-09-14 13:40:51.852 A  PeachCommander[11284:964b] (CoreSpotlight) end-index-batch
2026-09-14 13:40:51.852 A  PeachCommander[11284:964b] (CoreSpotlight) index-items
2026-09-14 13:40:51.852 Df PeachCommander[11284:964b] [com.apple.corespotlight:index] CSInlineDonation:<private>: Skipping donation (feature flag disabled)
2026-09-14 13:40:51.853 Df PeachCommander[11284:964b] [com.apple.corespotlight:index] CSInlineDonation:<private>: Skipping donation (feature flag disabled)
2026-09-14 13:40:53.243 Df PeachCommander[11284:959b] (Foundation) <private>
2026-09-14 13:40:53.243 I  PeachCommander[11284:959b] [com.peachcommander:PCFoundation] [automation] > focus pics.zip
2026-09-14 13:40:53.249 Df PeachCommander[11284:959b] (Foundation) <private>
2026-09-14 13:40:53.249 I  PeachCommander[11284:959b] [com.peachcommander:PCFoundation] [automation] > wait 700
2026-09-14 13:40:53.253 I  PeachCommander[11284:959b] [com.apple.AppKit:Image] ISImage reported a placeholder, image rep is providing a placeholder image for <private>
2026-09-14 13:40:53.255 I  PeachCommander[11284:959b] [com.apple.AppKit:Image] ISImage reported a placeholder, image rep is providing a placeholder image for <private>
2026-09-14 13:40:53.261 I  PeachCommander[11284:959b] [com.apple.AppKit:Image] ISImage reported a placeholder, image rep is providing a placeholder image for <private>
2026-09-14 13:40:53.261 I  PeachCommander[11284:959b] [com.apple.AppKit:Image] ISImage reported a placeholder, image rep is providing a placeholder image for <private>
2026-09-14 13:40:53.265 I  PeachCommander[11284:959b] [com.apple.AppKit:Image] ISImage reported a placeholder, image rep is providing a placeholder image for <private>
2026-09-14 13:40:53.265 I  PeachCommander[11284:959b] [com.apple.AppKit:Image] ISImage reported a placeholder, image rep is providing a placeholder image for <private>
2026-09-14 13:40:53.459 I  PeachCommander[11284:959b] [com.apple.quicklook:Preview Loading] start loading item <private>
2026-09-14 13:40:53.459 I  PeachCommander[11284:959b] [com.apple.quicklook:Preview Loading] created <private> (customView: (null))
2026-09-14 13:40:53.459 I  PeachCommander[11284:959b] [com.apple.quicklook:Preview Loading] start loading <private> with forced displayBundleID (null)
2026-09-14 13:40:53.477 Df PeachCommander[11284:964c] [com.apple.extensionkit:NSExtension] Class EXGetExtensionClass(void) returning EXConcreteExtension
2026-09-14 13:40:53.477 Df PeachCommander[11284:964c] [com.apple.xpc:connection] [0xc4eabda40] activating connection: mach=true listener=false peer=false name=com.apple.pluginkit.pkd
2026-09-14 13:40:53.478 A  PeachCommander[11284:964c] (PlugInKit) continuous-discovery
2026-09-14 13:40:53.478 Df PeachCommander[11284:964c] [com.apple.PlugInKit:discovery] <PKDiscoveryDriver:0xc4db02460> created discovery driver
2026-09-14 13:40:53.478 Df PeachCommander[11284:964c] [com.apple.PlugInKit:discovery] [d <private>] <PKHost:0xc51a1e3c0> Beginning discovery for flags: 0, point: com.apple.quicklook.preview
2026-09-14 13:40:53.478 I  PeachCommander[11284:964c] [com.apple.PlugInKit:discovery] [d <private>] <PKHost:0xc51a1e3c0> Query: {
    "LS:ExtensionPlatforms" =     (
        1,
        6
    );
    NSExtensionPointName = "com.apple.quicklook.preview";
}
2026-09-14 13:40:53.478 A  PeachCommander[11284:964c] (PlugInKit) continuous-discovery
2026-09-14 13:40:53.478 Df PeachCommander[11284:964c] [com.apple.PlugInKit:discovery] <PKDiscoveryDriver:0xc4db00540> created discovery driver
2026-09-14 13:40:53.478 Df PeachCommander[11284:964c] [com.apple.PlugInKit:discovery] [d <private>] <PKHost:0xc51a1e3c0> Beginning discovery for flags: 0, point: com.apple.quicklook.thumbnail
2026-09-14 13:40:53.478 I  PeachCommander[11284:964c] [com.apple.PlugInKit:discovery] [d <private>] <PKHost:0xc51a1e3c0> Query: {
    "LS:ExtensionPlatforms" =     (
        1,
        6
    );
    NSExtensionPointName = "com.apple.quicklook.thumbnail";
}
2026-09-14 13:40:53.478 A  PeachCommander[11284:964c] (PlugInKit) discovery
2026-09-14 13:40:53.478 Df PeachCommander[11284:964c] [com.apple.PlugInKit:discovery] [d <private>] <PKHost:0xc51a1e3c0> Beginning discovery for flags: 1024, point: com.apple.quicklook.preview
2026-09-14 13:40:53.478 I  PeachCommander[11284:964c] [com.apple.PlugInKit:discovery] [d <private>] <PKHost:0xc51a1e3c0> Query: {
    "LS:ExtensionPlatforms" =     (
        1,
        6
    );
    NSExtensionPointName = "com.apple.quicklook.preview";
}
2026-09-14 13:40:53.484 I  PeachCommander[11284:964b] [com.apple.PlugInKit:discovery] <private>: annotations = <private>
2026-09-14 13:40:53.484 I  PeachCommander[11284:964b] [com.apple.PlugInKit:discovery] <private>: will be managed by runningboard
2026-09-14 13:40:53.484 I  PeachCommander[11284:964b] [com.apple.PlugInKit:discovery] <private>: annotations = <private>
2026-09-14 13:40:53.484 I  PeachCommander[11284:964b] [com.apple.PlugInKit:discovery] <private>: will be managed by runningboard
2026-09-14 13:40:53.484 I  PeachCommander[11284:964b] [com.apple.PlugInKit:discovery] <private>: annotations = <private>
2026-09-14 13:40:53.484 I  PeachCommander[11284:964b] [com.apple.PlugInKit:discovery] <private>: will be managed by runningboard
2026-09-14 13:40:53.484 I  PeachCommander[11284:964b] [com.apple.PlugInKit:discovery] <private>: annotations = <private>
2026-09-14 13:40:53.484 I  PeachCommander[11284:964b] [com.apple.PlugInKit:discovery] <private>: will be managed by runningboard
2026-09-14 13:40:53.484 I  PeachCommander[11284:964b] [com.apple.PlugInKit:discovery] <private>: annotations = <private>
2026-09-14 13:40:53.484 I  PeachCommander[11284:964b] [com.apple.PlugInKit:discovery] <private>: will be managed by runningboard
2026-09-14 13:40:53.484 I  PeachCommander[11284:964b] [com.apple.PlugInKit:discovery] <private>: annotations = <private>
2026-09-14 13:40:53.484 I  PeachCommander[11284:964b] [com.apple.PlugInKit:discovery] <private>: will be managed by runningboard
2026-09-14 13:40:53.484 I  PeachCommander[11284:964b] [com.apple.PlugInKit:discovery] <private>: annotations = <private>
2026-09-14 13:40:53.484 I  PeachCommander[11284:964b] [com.apple.PlugInKit:discovery] <private>: will be managed by runningboard
2026-09-14 13:40:53.484 I  PeachCommander[11284:964b] [com.apple.PlugInKit:discovery] <private>: annotations = <private>
2026-09-14 13:40:53.484 I  PeachCommander[11284:964b] [com.apple.PlugInKit:discovery] <private>: will be managed by runningboard
2026-09-14 13:40:53.484 I  PeachCommander[11284:964b] [com.apple.PlugInKit:discovery] <private>: annotations = <private>
2026-09-14 13:40:53.484 I  PeachCommander[11284:964b] [com.apple.PlugInKit:discovery] <private>: will be managed by runningboard
2026-09-14 13:40:53.484 I  PeachCommander[11284:964b] [com.apple.PlugInKit:discovery] <private>: annotations = <private>
2026-09-14 13:40:53.484 I  PeachCommander[11284:964b] [com.apple.PlugInKit:discovery] <private>: will be managed by runningboard
2026-09-14 13:40:53.484 I  PeachCommander[11284:964b] [com.apple.PlugInKit:discovery] <private>: annotations = <private>
2026-09-14 13:40:53.484 I  PeachCommander[11284:964b] [com.apple.PlugInKit:discovery] <private>: will be managed by runningboard
2026-09-14 13:40:53.484 I  PeachCommander[11284:964b] [com.apple.PlugInKit:discovery] <private>: annotations = <private>
2026-09-14 13:40:53.484 I  PeachCommander[11284:964b] [com.apple.PlugInKit:discovery] <private>: will be managed by runningboard
2026-09-14 13:40:53.484 I  PeachCommander[11284:964b] [com.apple.PlugInKit:discovery] <private>: annotations = <private>
2026-09-14 13:40:53.484 I  PeachCommander[11284:964b] [com.apple.PlugInKit:discovery] <private>: will be managed by runningboard
2026-09-14 13:40:53.484 I  PeachCommander[11284:964b] [com.apple.PlugInKit:discovery] <private>: annotations = <private>
2026-09-14 13:40:53.484 I  PeachCommander[11284:964b] [com.apple.PlugInKit:discovery] <private>: will be managed by runningboard
2026-09-14 13:40:53.484 I  PeachCommander[11284:964b] [com.apple.PlugInKit:discovery] <private>: annotations = <private>
2026-09-14 13:40:53.484 I  PeachCommander[11284:964b] [com.apple.PlugInKit:discovery] <private>: will be managed by runningboard
2026-09-14 13:40:53.484 Df PeachCommander[11284:964b] [com.apple.PlugInKit:discovery] [d <private>] <PKHost:0xc51a1e3c0> Completed discovery. Final # of matches: 15
2026-09-14 13:40:53.484 Df PeachCommander[11284:95b2] [com.apple.PlugInKit:discovery] <PKDiscoveryDriver:0xc4db02460> delivering update to host (15 plugins)
2026-09-14 13:40:53.484 A  PeachCommander[11284:95b2] (ExtensionFoundation) discovering extensions
2026-09-14 13:40:53.484 Df PeachCommander[11284:964b] [com.apple.PlugInKit:discovery] [d <private>] <PKHost:0xc51a1e3c0> Completed discovery. Final # of matches: 0
2026-09-14 13:40:53.484 Df PeachCommander[11284:964b] [com.apple.PlugInKit:discovery] <PKDiscoveryDriver:0xc4db00540> delivering update to host (0 plugins)
2026-09-14 13:40:53.484 A  PeachCommander[11284:964b] (ExtensionFoundation) discovering extensions
2026-09-14 13:40:53.484 Df PeachCommander[11284:964b] [com.apple.extensionkit:NSExtension] discovered extensions: attributes <private>, extensionSet {(
)}
2026-09-14 13:40:53.484 Df PeachCommander[11284:964b] [com.apple.PlugInKit:discovery] <PKDiscoveryDriver:0xc4db00540> installing watchers for continuous discovery
2026-09-14 13:40:53.484 I  PeachCommander[11284:964b] [com.apple.launchservices:default] LSApplicationWorkspace: adding observer PKDiscoveryLSWatcher @ 0xc502f2760
2026-09-14 13:40:53.484 Df PeachCommander[11284:964b] [com.apple.launchservices:appinstallation] registering for distributed notification com.apple.LaunchServices.pluginsregistered in this process
2026-09-14 13:40:53.484 I  PeachCommander[11284:95b2] [com.apple.PlugInKit:ls] [u AC978378-A52C-50B2-94F1-826FD9A17F62] [<private>(<private>)] got localized name: <private>
2026-09-14 13:40:53.484 I  PeachCommander[11284:95b2] [com.apple.PlugInKit:ls] [u AC978378-A52C-50B2-94F1-826FD9A17F62] [<private>(<private>)] got localized short name: <private>
2026-09-14 13:40:53.484 Df PeachCommander[11284:964b] [com.apple.launchservices:appinstallation] registering for distributed notification com.apple.LaunchServices.pluginsunregistered in this process
2026-09-14 13:40:53.484 I  PeachCommander[11284:95b2] [com.apple.PlugInKit:ls] [u C36DBDEB-523F-5DDD-877C-6D622C722A8F] [<private>(<private>)] got localized name: <private>
2026-09-14 13:40:53.484 I  PeachCommander[11284:95b2] [com.apple.PlugInKit:ls] [u C36DBDEB-523F-5DDD-877C-6D622C722A8F] [<private>(<private>)] got localized short name: <private>
2026-09-14 13:40:53.485 I  PeachCommander[11284:95b2] [com.apple.PlugInKit:ls] [u ADB97B55-5E05-562D-958A-70C9ACD54675] [<private>(<private>)] got localized name: <private>
2026-09-14 13:40:53.485 I  PeachCommander[11284:95b2] [com.apple.PlugInKit:ls] [u ADB97B55-5E05-562D-958A-70C9ACD54675] [<private>(<private>)] got localized short name: <private>
2026-09-14 13:40:53.485 I  PeachCommander[11284:95b2] [com.apple.PlugInKit:ls] [u 4E82BA7F-82A5-5F10-9C03-82E958797767] [<private>(<private>)] got localized name: <private>
2026-09-14 13:40:53.485 I  PeachCommander[11284:95b2] [com.apple.PlugInKit:ls] [u 4E82BA7F-82A5-5F10-9C03-82E958797767] [<private>(<private>)] got localized short name: <private>
2026-09-14 13:40:53.485 I  PeachCommander[11284:95b2] [com.apple.PlugInKit:ls] [u 730349A3-BA1A-592C-A941-42DEE99A47D2] [<private>(<private>)] got localized name: <private>
2026-09-14 13:40:53.485 I  PeachCommander[11284:95b2] [com.apple.PlugInKit:ls] [u 730349A3-BA1A-592C-A941-42DEE99A47D2] [<private>(<private>)] got localized short name: <private>
2026-09-14 13:40:53.485 I  PeachCommander[11284:95b2] [com.apple.PlugInKit:ls] [u 179E0CAC-3678-521F-B491-D6DC6F3A014C] [<private>(<private>)] got localized name: <private>
2026-09-14 13:40:53.485 I  PeachCommander[11284:95b2] [com.apple.PlugInKit:ls] [u 179E0CAC-3678-521F-B491-D6DC6F3A014C] [<private>(<private>)] got localized short name: <private>
2026-09-14 13:40:53.485 I  PeachCommander[11284:95b2] [com.apple.PlugInKit:ls] [u C9237836-9EDE-5458-BC51-1EF99D421D43] [<private>(<private>)] got localized name: <private>
2026-09-14 13:40:53.485 I  PeachCommander[11284:95b2] [com.apple.PlugInKit:ls] [u C9237836-9EDE-5458-BC51-1EF99D421D43] [<private>(<private>)] got localized short name: <private>
2026-09-14 13:40:53.485 I  PeachCommander[11284:95b2] [com.apple.PlugInKit:ls] [u C9D1FBCF-764F-5E24-AAD9-CE0496922BBA] [<private>(<private>)] got localized name: <private>
2026-09-14 13:40:53.485 I  PeachCommander[11284:95b2] [com.apple.PlugInKit:ls] [u C9D1FBCF-764F-5E24-AAD9-CE0496922BBA] [<private>(<private>)] got localized short name: <private>
2026-09-14 13:40:53.485 I  PeachCommander[11284:95b2] [com.apple.PlugInKit:ls] [u 0C51A65B-FCC6-5387-8711-C114CD2BDA22] [<private>(<private>)] got localized name: <private>
2026-09-14 13:40:53.485 I  PeachCommander[11284:95b2] [com.apple.PlugInKit:ls] [u 0C51A65B-FCC6-5387-8711-C114CD2BDA22] [<private>(<private>)] got localized short name: <private>
2026-09-14 13:40:53.485 I  PeachCommander[11284:95b2] [com.apple.PlugInKit:ls] [u 90192E76-5EDA-5F9A-A19C-AEB81206E7A8] [<private>(<private>)] got localized name: <private>
2026-09-14 13:40:53.485 I  PeachCommander[11284:95b2] [com.apple.PlugInKit:ls] [u 90192E76-5EDA-5F9A-A19C-AEB81206E7A8] [<private>(<private>)] got localized short name: <private>
2026-09-14 13:40:53.485 I  PeachCommander[11284:95b2] [com.apple.PlugInKit:ls] [u 1309ECBC-0FDE-5428-9119-2E032CBF36E1] [<private>(<private>)] got localized name: <private>
2026-09-14 13:40:53.485 I  PeachCommander[11284:95b2] [com.apple.PlugInKit:ls] [u 1309ECBC-0FDE-5428-9119-2E032CBF36E1] [<private>(<private>)] got localized short name: <private>
2026-09-14 13:40:53.485 I  PeachCommander[11284:95b2] [com.apple.PlugInKit:ls] [u 3726DEC0-CF32-5BD2-A4AD-7046B4A01276] [<private>(<private>)] got localized name: <private>
2026-09-14 13:40:53.485 I  PeachCommander[11284:95b2] [com.apple.PlugInKit:ls] [u 3726DEC0-CF32-5BD2-A4AD-7046B4A01276] [<private>(<private>)] got localized short name: <private>
2026-09-14 13:40:53.485 I  PeachCommander[11284:95b2] [com.apple.PlugInKit:ls] [u 62634612-4528-5DED-993C-EABC4363C3AB] [<private>(<private>)] got localized name: <private>
2026-09-14 13:40:53.485 I  PeachCommander[11284:95b2] [com.apple.PlugInKit:ls] [u 62634612-4528-5DED-993C-EABC4363C3AB] [<private>(<private>)] got localized short name: <private>
2026-09-14 13:40:53.485 I  PeachCommander[11284:95b2] [com.apple.PlugInKit:ls] [u 6A0ADBE6-25C5-54D5-BF7F-B4D6498ECCE1] [<private>(<private>)] got localized name: <private>
2026-09-14 13:40:53.485 I  PeachCommander[11284:95b2] [com.apple.PlugInKit:ls] [u 6A0ADBE6-25C5-54D5-BF7F-B4D6498ECCE1] [<private>(<private>)] got localized short name: <private>
2026-09-14 13:40:53.486 I  PeachCommander[11284:95b2] [com.apple.PlugInKit:ls] [u 8E8E8A8D-CCC6-5614-9FEA-E0943D71DC49] [<private>(<private>)] got localized name: <private>
2026-09-14 13:40:53.486 I  PeachCommander[11284:95b2] [com.apple.PlugInKit:ls] [u 8E8E8A8D-CCC6-5614-9FEA-E0943D71DC49] [<private>(<private>)] got localized short name: <private>
2026-09-14 13:40:53.486 Df PeachCommander[11284:95b2] [com.apple.extensionkit:NSExtension] discovered extensions: attributes <private>, extensionSet {(
    <EXConcreteExtension: 0xc4e485b20> {id = com.apple.QuickLookUIFramework.QLPreviewGenerationExtension},
    <EXConcreteExtension: 0xc4e485960> {id = com.apple.Safari.SafariQuickLookPreview},
    <EXConcreteExtension: 0xc4e4873a0> {id = com.apple.Notes.QuickLookExtension},
    <EXConcreteExtension: 0xc4e4840e0> {id = com.apple.SceneKitQLPreviewExtension},
    <EXConcreteExtension: 0xc4e484460> {id = com.apple.CoreHapticsTools.QLPreviewExtension},
    <EXConcreteExtension: 0xc4e485c00> {id = com.apple.mail.MailQuickLookExtension},
    <EXConcreteExtension: 0xc4e486ca0> {id = com.apple.CalendarUI.SpotlightEventPreview},
    <EXConcreteExtension: 0xc4e486d80> {id = com.apple.reminders.quicklookextension},
    <EXConcreteExtension: 0xc4e486e60> {id = com.apple.HydraQLPreviewExtension},
    <EXConcreteExtension: 0xc4e486f40> {id = com.apple.tips.TipsQuicklook},
    <EXConcreteExtension: 0xc4e487020> {id = com.apple.OFDPreview},
    <EXConcreteExtension: 0xc4e487100> {id = com.apple.osanalytics.
2026-09-14 13:40:53.486 Df PeachCommander[11284:95b2] [com.apple.PlugInKit:discovery] <PKDiscoveryDriver:0xc4db02460> installing watchers for continuous discovery
2026-09-14 13:40:53.486 I  PeachCommander[11284:95b2] [com.apple.launchservices:default] LSApplicationWorkspace: adding observer PKDiscoveryLSWatcher @ 0xc502f3940
2026-09-14 13:40:53.487 Df PeachCommander[11284:964c] [com.apple.PlugInKit:discovery] [d <private>] <PKHost:0xc51a1e3c0> Completed discovery. Final # of matches: 15
2026-09-14 13:40:53.487 I  PeachCommander[11284:964c] [com.apple.PlugInKit:ls] [u AC978378-A52C-50B2-94F1-826FD9A17F62] [<private>(<private>)] got localized name: <private>
2026-09-14 13:40:53.487 I  PeachCommander[11284:964c] [com.apple.PlugInKit:ls] [u AC978378-A52C-50B2-94F1-826FD9A17F62] [<private>(<private>)] got localized short name: <private>
2026-09-14 13:40:53.487 I  PeachCommander[11284:964c] [com.apple.PlugInKit:ls] [u C36DBDEB-523F-5DDD-877C-6D622C722A8F] [<private>(<private>)] got localized name: <private>
2026-09-14 13:40:53.487 I  PeachCommander[11284:964c] [com.apple.PlugInKit:ls] [u C36DBDEB-523F-5DDD-877C-6D622C722A8F] [<private>(<private>)] got localized short name: <private>
2026-09-14 13:40:53.487 I  PeachCommander[11284:964c] [com.apple.PlugInKit:ls] [u ADB97B55-5E05-562D-958A-70C9ACD54675] [<private>(<private>)] got localized name: <private>
2026-09-14 13:40:53.487 I  PeachCommander[11284:964c] [com.apple.PlugInKit:ls] [u ADB97B55-5E05-562D-958A-70C9ACD54675] [<private>(<private>)] got localized short name: <private>
2026-09-14 13:40:53.487 I  PeachCommander[11284:964c] [com.apple.PlugInKit:ls] [u 4E82BA7F-82A5-5F10-9C03-82E958797767] [<private>(<private>)] got localized name: <private>
2026-09-14 13:40:53.487 I  PeachCommander[11284:964c] [com.apple.PlugInKit:ls] [u 4E82BA7F-82A5-5F10-9C03-82E958797767] [<private>(<private>)] got localized short name: <private>
2026-09-14 13:40:53.487 I  PeachCommander[11284:964c] [com.apple.PlugInKit:ls] [u 730349A3-BA1A-592C-A941-42DEE99A47D2] [<private>(<private>)] got localized name: <private>
2026-09-14 13:40:53.487 I  PeachCommander[11284:964c] [com.apple.PlugInKit:ls] [u 730349A3-BA1A-592C-A941-42DEE99A47D2] [<private>(<private>)] got localized short name: <private>
2026-09-14 13:40:53.487 I  PeachCommander[11284:964c] [com.apple.PlugInKit:ls] [u 179E0CAC-3678-521F-B491-D6DC6F3A014C] [<private>(<private>)] got localized name: <private>
2026-09-14 13:40:53.487 I  PeachCommander[11284:964c] [com.apple.PlugInKit:ls] [u 179E0CAC-3678-521F-B491-D6DC6F3A014C] [<private>(<private>)] got localized short name: <private>
2026-09-14 13:40:53.487 I  PeachCommander[11284:964c] [com.apple.PlugInKit:ls] [u C9237836-9EDE-5458-BC51-1EF99D421D43] [<private>(<private>)] got localized name: <private>
2026-09-14 13:40:53.487 I  PeachCommander[11284:964c] [com.apple.PlugInKit:ls] [u C9237836-9EDE-5458-BC51-1EF99D421D43] [<private>(<private>)] got localized short name: <private>
2026-09-14 13:40:53.487 I  PeachCommander[11284:964c] [com.apple.PlugInKit:ls] [u C9D1FBCF-764F-5E24-AAD9-CE0496922BBA] [<private>(<private>)] got localized name: <private>
2026-09-14 13:40:53.487 I  PeachCommander[11284:964c] [com.apple.PlugInKit:ls] [u C9D1FBCF-764F-5E24-AAD9-CE0496922BBA] [<private>(<private>)] got localized short name: <private>
2026-09-14 13:40:53.487 I  PeachCommander[11284:964c] [com.apple.PlugInKit:ls] [u 0C51A65B-FCC6-5387-8711-C114CD2BDA22] [<private>(<private>)] got localized name: <private>
2026-09-14 13:40:53.487 I  PeachCommander[11284:964c] [com.apple.PlugInKit:ls] [u 0C51A65B-FCC6-5387-8711-C114CD2BDA22] [<private>(<private>)] got localized short name: <private>
2026-09-14 13:40:53.487 I  PeachCommander[11284:964c] [com.apple.PlugInKit:ls] [u 90192E76-5EDA-5F9A-A19C-AEB81206E7A8] [<private>(<private>)] got localized name: <private>
2026-09-14 13:40:53.487 I  PeachCommander[11284:964c] [com.apple.PlugInKit:ls] [u 90192E76-5EDA-5F9A-A19C-AEB81206E7A8] [<private>(<private>)] got localized short name: <private>
2026-09-14 13:40:53.487 I  PeachCommander[11284:964c] [com.apple.PlugInKit:ls] [u 1309ECBC-0FDE-5428-9119-2E032CBF36E1] [<private>(<private>)] got localized name: <private>
2026-09-14 13:40:53.487 I  PeachCommander[11284:964c] [com.apple.PlugInKit:ls] [u 1309ECBC-0FDE-5428-9119-2E032CBF36E1] [<private>(<private>)] got localized short name: <private>
2026-09-14 13:40:53.487 I  PeachCommander[11284:964c] [com.apple.PlugInKit:ls] [u 3726DEC0-CF32-5BD2-A4AD-7046B4A01276] [<private>(<private>)] got localized name: <private>
2026-09-14 13:40:53.487 I  PeachCommander[11284:964c] [com.apple.PlugInKit:ls] [u 3726DEC0-CF32-5BD2-A4AD-7046B4A01276] [<private>(<private>)] got localized short name: <private>
2026-09-14 13:40:53.487 I  PeachCommander[11284:964c] [com.apple.PlugInKit:ls] [u 62634612-4528-5DED-993C-EABC4363C3AB] [<private>(<private>)] got localized name: <private>
2026-09-14 13:40:53.487 I  PeachCommander[11284:964c] [com.apple.PlugInKit:ls] [u 62634612-4528-5DED-993C-EABC4363C3AB] [<private>(<private>)] got localized short name: <private>
2026-09-14 13:40:53.487 I  PeachCommander[11284:964c] [com.apple.PlugInKit:ls] [u 6A0ADBE6-25C5-54D5-BF7F-B4D6498ECCE1] [<private>(<private>)] got localized name: <private>
2026-09-14 13:40:53.487 I  PeachCommander[11284:964c] [com.apple.PlugInKit:ls] [u 6A0ADBE6-25C5-54D5-BF7F-B4D6498ECCE1] [<private>(<private>)] got localized short name: <private>
2026-09-14 13:40:53.487 I  PeachCommander[11284:964c] [com.apple.PlugInKit:ls] [u 8E8E8A8D-CCC6-5614-9FEA-E0943D71DC49] [<private>(<private>)] got localized name: <private>
2026-09-14 13:40:53.487 I  PeachCommander[11284:964c] [com.apple.PlugInKit:ls] [u 8E8E8A8D-CCC6-5614-9FEA-E0943D71DC49] [<private>(<private>)] got localized short name: <private>
2026-09-14 13:40:53.487 E  PeachCommander[11284:964c] [com.apple.quicklook:thumbnails.extensions] Invalid content type identifier <private> specified in extension <private>
2026-09-14 13:40:53.488 E  PeachCommander[11284:964c] [com.apple.quicklook:thumbnails.extensions] Invalid content type identifier <private> specified in extension <private>
2026-09-14 13:40:53.488 I  PeachCommander[11284:964c] [com.apple.quicklook:default] Retrieving extension for type public.zip-archive from dictionary 0xc4f8e2a80 #UTI
2026-09-14 13:40:53.488 I  PeachCommander[11284:964c] [com.apple.quicklook:default] No exact match found in type dictionary 0xc4f8e2a80 for '<private>' #UTI
2026-09-14 13:40:53.488 I  PeachCommander[11284:964c] [com.apple.quicklook:default] No exact match found in type dictionary 0xc4f8e2a80 for '<private>' #UTI
2026-09-14 13:40:53.489 I  PeachCommander[11284:964c] [com.apple.quicklook:default] No exact match found in type dictionary 0xc4f8e2a80 for '<private>' #UTI
2026-09-14 13:40:53.489 I  PeachCommander[11284:964c] [com.apple.quicklook:default] No exact match found in type dictionary 0xc4f8e2a80 for '<private>' #UTI
2026-09-14 13:40:53.489 I  PeachCommander[11284:964c] [com.apple.quicklook:default] No exact match found in type dictionary 0xc4f8e2a80 for '<private>' #UTI
2026-09-14 13:40:53.489 I  PeachCommander[11284:964b] [com.apple.quicklook:Generator] Registering <private> for <private>
2026-09-14 13:40:53.489 I  PeachCommander[11284:964b] [com.apple.quicklook:Generator] Registering <private> for <private>
2026-09-14 13:40:53.489 I  PeachCommander[11284:964b] [com.apple.quicklook:Generator] Registering <private> for <private>
2026-09-14 13:40:53.489 I  PeachCommander[11284:964b] [com.apple.quicklook:Generator] Registering <private> for <private>
2026-09-14 13:40:53.489 I  PeachCommander[11284:964b] [com.apple.quicklook:Generator] Registering <private> for <private>
2026-09-14 13:40:53.489 I  PeachCommander[11284:964b] [com.apple.quicklook:Generator] Registering <private> for <private>
2026-09-14 13:40:53.489 I  PeachCommander[11284:964b] [com.apple.quicklook:Generator] Registering <private> for <private>
2026-09-14 13:40:53.489 I  PeachCommander[11284:964b] [com.apple.quicklook:Generator] Registering <private> for <private>
2026-09-14 13:40:53.489 I  PeachCommander[11284:964b] [com.apple.quicklook:Generator] Registering <private> for <private>
2026-09-14 13:40:53.489 I  PeachCommander[11284:964b] [com.apple.quicklook:Generator] Registering <private> for <private>
2026-09-14 13:40:53.489 I  PeachCommander[11284:964b] [com.apple.quicklook:Generator] Registering <private> for <private>
2026-09-14 13:40:53.489 I  PeachCommander[11284:964b] [com.apple.quicklook:Generator] Registering <private> for <private>
2026-09-14 13:40:53.489 I  PeachCommander[11284:964b] [com.apple.quicklook:Generator] Registering <private> for <private>
2026-09-14 13:40:53.489 I  PeachCommander[11284:964b] [com.apple.quicklook:Generator] Registering <private> for <private>
2026-09-14 13:40:53.489 I  PeachCommander[11284:964b] [com.apple.quicklook:Generator] Registering <private> for <private>
2026-09-14 13:40:53.489 I  PeachCommander[11284:964b] [com.apple.quicklook:Generator] Registering <private> for <private>
2026-09-14 13:40:53.489 I  PeachCommander[11284:964b] [com.apple.quicklook:Generator] Registering <private> for <private>
2026-09-14 13:40:53.489 I  PeachCommander[11284:964b] [com.apple.quicklook:Generator] Registering <private> for <private>
2026-09-14 13:40:53.489 I  PeachCommander[11284:964b] [com.apple.quicklook:Generator] Registering <private> for <private>
2026-09-14 13:40:53.489 I  PeachCommander[11284:964b] [com.apple.quicklook:Generator] Registering <private> for <private>
2026-09-14 13:40:53.489 I  PeachCommander[11284:964b] [com.apple.quicklook:Generator] Registering <private> for <private>
2026-09-14 13:40:53.489 I  PeachCommander[11284:964b] [com.apple.quicklook:Generator] Registering <private> for <private>
2026-09-14 13:40:53.489 I  PeachCommander[11284:964b] [com.apple.quicklook:Generator] Registering <private> for <private>
2026-09-14 13:40:53.489 I  PeachCommander[11284:964b] [com.apple.quicklook:Generator] Registering <private> for <private>
2026-09-14 13:40:53.489 I  PeachCommander[11284:964b] [com.apple.quicklook:Generator] Registering <private> for <private>
2026-09-14 13:40:53.489 I  PeachCommander[11284:964b] [com.apple.quicklook:Generator] Registering <private> for <private>
2026-09-14 13:40:53.489 I  PeachCommander[11284:964b] [com.apple.quicklook:Generator] Registering <private> for <private>
2026-09-14 13:40:53.489 I  PeachCommander[11284:964b] [com.apple.quicklook:Generator] Registering <private> for <private>
2026-09-14 13:40:53.489 I  PeachCommander[11284:964b] [com.apple.quicklook:Generator] Registering <private> for <private>
2026-09-14 13:40:53.489 I  PeachCommander[11284:964b] [com.apple.quicklook:Generator] Registering <private> for <private>
2026-09-14 13:40:53.489 I  PeachCommander[11284:964b] [com.apple.quicklook:Generator] Registering <private> for <private>
2026-09-14 13:40:53.489 I  PeachCommander[11284:964b] [com.apple.quicklook:Generator] Registering <private> for <private>
2026-09-14 13:40:53.489 I  PeachCommander[11284:964b] [com.apple.quicklook:Generator] Registering <private> for <private>
2026-09-14 13:40:53.489 I  PeachCommander[11284:964b] [com.apple.quicklook:Generator] Registering <private> for <private>
2026-09-14 13:40:53.489 I  PeachCommander[11284:964b] [com.apple.quicklook:Generator] Registering <private> for <private>
2026-09-14 13:40:53.489 I  PeachCommander[11284:964b] [com.apple.quicklook:Generator] Registering <private> for <private>
2026-09-14 13:40:53.489 I  PeachCommander[11284:964b] [com.apple.quicklook:Generator] Registering <private> for <private>
2026-09-14 13:40:53.489 I  PeachCommander[11284:964b] [com.apple.quicklook:Generator] Registering <private> for <private>
2026-09-14 13:40:53.489 I  PeachCommander[11284:964b] [com.apple.quicklook:Generator] Registering <private> for <private>
2026-09-14 13:40:53.489 I  PeachCommander[11284:964b] [com.apple.quicklook:Generator] Registering <private> for <private>
2026-09-14 13:40:53.489 I  PeachCommander[11284:964b] [com.apple.quicklook:Generator] Registering <private> for <private>
2026-09-14 13:40:53.489 I  PeachCommander[11284:964b] [com.apple.quicklook:Generator] Registering <private> for <private>
2026-09-14 13:40:53.489 I  PeachCommander[11284:964b] [com.apple.quicklook:Generator] Registering <private> for <private>
2026-09-14 13:40:53.489 I  PeachCommander[11284:964b] [com.apple.quicklook:Generator] Registering <private> for <private>
2026-09-14 13:40:53.489 I  PeachCommander[11284:964b] [com.apple.quicklook:Generator] Registering <private> for <private>
2026-09-14 13:40:53.489 I  PeachCommander[11284:964b] [com.apple.quicklook:Generator] Registering <private> for <private>
2026-09-14 13:40:53.489 I  PeachCommander[11284:964b] [com.apple.quicklook:Generator] Registering <private> for <private>
2026-09-14 13:40:53.489 I  PeachCommander[11284:964b] [com.apple.quicklook:Generator] Registering <private> for <private>
2026-09-14 13:40:53.489 I  PeachCommander[11284:964b] [com.apple.quicklook:Generator] Registering <private> for <private>
2026-09-14 13:40:53.489 I  PeachCommander[11284:964b] [com.apple.quicklook:Generator] Registering <private> for <private>
2026-09-14 13:40:53.489 I  PeachCommander[11284:964b] [com.apple.quicklook:Generator] Registering <private> for <private>
2026-09-14 13:40:53.490 I  PeachCommander[11284:964b] [com.apple.quicklook:Generator] Registering <private> for <private>
2026-09-14 13:40:53.490 I  PeachCommander[11284:964b] [com.apple.quicklook:Generator] Registering <private> for <private>
2026-09-14 13:40:53.490 I  PeachCommander[11284:964b] [com.apple.quicklook:Generator] Registering <private> for <private>
2026-09-14 13:40:53.490 I  PeachCommander[11284:964b] [com.apple.quicklook:Generator] Registering <private> for <private>
2026-09-14 13:40:53.490 I  PeachCommander[11284:964b] [com.apple.quicklook:Generator] Registering <private> for <private>
2026-09-14 13:40:53.490 I  PeachCommander[11284:964b] [com.apple.quicklook:Generator] Registering <private> for <private>
2026-09-14 13:40:53.490 I  PeachCommander[11284:964b] [com.apple.quicklook:Generator] Registering <private> for <private>
2026-09-14 13:40:53.490 I  PeachCommander[11284:964b] [com.apple.quicklook:Generator] Registering <private> for <private>
2026-09-14 13:40:53.490 I  PeachCommander[11284:964b] [com.apple.quicklook:Generator] Registering <private> for <private>
2026-09-14 13:40:53.490 I  PeachCommander[11284:964b] [com.apple.quicklook:Generator] Registering <private> for <private>
2026-09-14 13:40:53.490 I  PeachCommander[11284:964b] [com.apple.quicklook:Generator] Registering <private> for <private>
2026-09-14 13:40:53.490 I  PeachCommander[11284:964b] [com.apple.quicklook:Generator] Registering <private> for <private>
2026-09-14 13:40:53.490 I  PeachCommander[11284:964b] [com.apple.quicklook:Generator] Registering <private> for <private>
2026-09-14 13:40:53.490 I  PeachCommander[11284:964b] [com.apple.quicklook:Generator] Registering <private> for <private>
2026-09-14 13:40:53.490 I  PeachCommander[11284:964b] [com.apple.quicklook:Generator] Registering <private> for <private>
2026-09-14 13:40:53.490 I  PeachCommander[11284:964b] [com.apple.quicklook:Generator] Registering <private> for <private>
2026-09-14 13:40:53.490 I  PeachCommander[11284:964b] [com.apple.quicklook:Generator] Registering <private> for <private>
2026-09-14 13:40:53.490 I  PeachCommander[11284:964b] [com.apple.quicklook:Generator] Registering <private> for <private>
2026-09-14 13:40:53.490 I  PeachCommander[11284:964b] [com.apple.quicklook:Generator] Registering <private> for <private>
2026-09-14 13:40:53.490 I  PeachCommander[11284:964b] [com.apple.quicklook:Generator] Registering <private> for <private>
2026-09-14 13:40:53.490 I  PeachCommander[11284:964b] [com.apple.quicklook:Generator] Registering <private> for <private>
2026-09-14 13:40:53.490 I  PeachCommander[11284:964b] [com.apple.quicklook:Generator] Registering <private> for <private>
2026-09-14 13:40:53.490 I  PeachCommander[11284:964b] [com.apple.quicklook:Generator] Registering <private> for <private>
2026-09-14 13:40:53.490 I  PeachCommander[11284:964b] [com.apple.quicklook:Generator] Registering <private> for <private>
2026-09-14 13:40:53.490 I  PeachCommander[11284:964b] [com.apple.quicklook:Generator] Registering <private> for <private>
2026-09-14 13:40:53.490 I  PeachCommander[11284:964b] [com.apple.quicklook:Generator] Registering <private> for <private>
2026-09-14 13:40:53.490 I  PeachCommander[11284:964b] [com.apple.quicklook:Generator] Registering <private> for <private>
2026-09-14 13:40:53.490 I  PeachCommander[11284:964b] [com.apple.quicklook:Generator] Registering <private> for <private>
2026-09-14 13:40:53.490 I  PeachCommander[11284:964c] [com.apple.quicklook:default] No exact match found in type dictionary 0xc4f8e0d40 for '<private>' #UTI
2026-09-14 13:40:53.490 I  PeachCommander[11284:964c] [com.apple.quicklook:default] No exact match found in type dictionary 0xc4f8e0d40 for '<private>' #UTI
2026-09-14 13:40:53.490 I  PeachCommander[11284:964c] [com.apple.quicklook:default] No exact match found in type dictionary 0xc4f8e0d40 for '<private>' #UTI
2026-09-14 13:40:53.490 I  PeachCommander[11284:964c] [com.apple.quicklook:default] No exact match found in type dictionary 0xc4f8e0d40 for '<private>' #UTI
2026-09-14 13:40:53.490 I  PeachCommander[11284:964c] [com.apple.quicklook:default] Caching NSNULL as Generator for '<private>' #UTI
2026-09-14 13:40:53.490 I  PeachCommander[11284:964c] [com.apple.quicklook:default] Caching NSNULL as Generator for '<private>' #UTI
2026-09-14 13:40:53.490 I  PeachCommander[11284:964c] [com.apple.quicklook:default] No exact match found in type dictionary 0xc4f8e0d40 for '<private>' #UTI
2026-09-14 13:40:53.490 I  PeachCommander[11284:964c] [com.apple.quicklook:default] Caching NSNULL as Generator for '<private>' #UTI
2026-09-14 13:40:53.490 I  PeachCommander[11284:964c] [com.apple.quicklook:default] Caching NSNULL as Generator for '<private>' #UTI
2026-09-14 13:40:53.490 I  PeachCommander[11284:964c] [com.apple.quicklook:default] Caching NSNULL as Generator for '<private>' #UTI
2026-09-14 13:40:53.490 I  PeachCommander[11284:964c] [com.apple.quicklook:default] Getting <private> for 'Generator' from UTI '<private>' #UTI
2026-09-14 13:40:53.490 I  PeachCommander[11284:964c] [com.apple.quicklook:Preview Loading] got displayBundleID com.apple.qldisplay.Generic for <private>
2026-09-14 13:40:53.490 I  PeachCommander[11284:959b] [com.apple.quicklook:Generator] Posting kQLGeneratorsHaveChangedNotification
2026-09-14 13:40:53.494 I  PeachCommander[11284:959b] [com.apple.quicklook:Preview Loading] document <private> got display bundle <private>
2026-09-14 13:40:53.494 I  PeachCommander[11284:959b] [com.apple.quicklook:General] Falling back on Generic preview for: <private>
2026-09-14 13:40:53.494 Df PeachCommander[11284:959b] [com.apple.xpc:connection] [0xc4eabf200] activating connection: mach=true listener=false peer=false name=com.apple.quicklook.ThumbnailsAgent
2026-09-14 13:40:53.497 I  PeachCommander[11284:964c] [com.apple.quicklook:cloudthumbnails] Calling request completionBlock for <private> <private>
2026-09-14 13:40:53.497 I  PeachCommander[11284:964c] [com.apple.quicklook:cloudthumbnails] Thumbnail generation duration of 0.002 for <private>. Most representative thumbnail generated: (null)
2026-09-14 13:40:53.497 I  PeachCommander[11284:964c] [com.apple.iconservices:foundation] layer data size zero
2026-09-14 13:40:53.497 I  PeachCommander[11284:959b] [com.apple.quicklook:General] DID LOAD <private>
2026-09-14 13:40:53.499 I  PeachCommander[11284:959b] [com.apple.quicklook:Preview Loading] document <private> did load
2026-09-14 13:40:53.499 I  PeachCommander[11284:959b] [com.apple.quicklook:Preview Loading] setting displayable from (null) to <private>
2026-09-14 13:40:54.001 Df PeachCommander[11284:959b] (Foundation) <private>
2026-09-14 13:40:54.001 I  PeachCommander[11284:959b] [com.peachcommander:PCFoundation] [automation] > enter
2026-09-14 13:40:54.002 Df PeachCommander[11284:959b] (Foundation) <private>
2026-09-14 13:40:54.002 I  PeachCommander[11284:959b] [com.peachcommander:PCFoundation] [automation] > wait 2000
2026-09-14 13:40:54.015 I  PeachCommander[11284:959b] [com.apple.AppKit:Image] ISImage reported a placeholder, image rep is providing a placeholder image for <private>
2026-09-14 13:40:54.018 I  PeachCommander[11284:959b] [com.apple.AppKit:Image] ISImage reported a placeholder, image rep is providing a placeholder image for <private>
2026-09-14 13:40:54.019 I  PeachCommander[11284:959b] [com.apple.AppKit:Image] ISImage reported a placeholder, image rep is providing a placeholder image for <private>
2026-09-14 13:40:54.019 I  PeachCommander[11284:959b] [com.apple.AppKit:Image] ISImage reported a placeholder, image rep is providing a placeholder image for <private>
2026-09-14 13:40:54.023 I  PeachCommander[11284:959b] [com.apple.AppKit:Image] ISImage reported a placeholder, image rep is providing a placeholder image for <private>
2026-09-14 13:40:54.024 I  PeachCommander[11284:959b] [com.apple.AppKit:Image] ISImage reported a placeholder, image rep is providing a placeholder image for <private>
2026-09-14 13:40:54.028 I  PeachCommander[11284:959b] [com.apple.AppKit:Image] ISImage reported a placeholder, image rep is providing a placeholder image for <private>
2026-09-14 13:40:54.028 I  PeachCommander[11284:959b] [com.apple.AppKit:Image] ISImage reported a placeholder, image rep is providing a placeholder image for <private>
2026-09-14 13:40:54.032 I  PeachCommander[11284:959b] [com.apple.AppKit:Image] ISImage reported a placeholder, image rep is providing a placeholder image for <private>
2026-09-14 13:40:54.032 I  PeachCommander[11284:959b] [com.apple.AppKit:Image] ISImage reported a placeholder, image rep is providing a placeholder image for <private>
2026-09-14 13:40:54.035 I  PeachCommander[11284:959b] [com.apple.AppKit:Image] ISImage reported a placeholder, image rep is providing a placeholder image for <private>
2026-09-14 13:40:54.035 I  PeachCommander[11284:959b] [com.apple.AppKit:Image] ISImage reported a placeholder, image rep is providing a placeholder image for <private>
2026-09-14 13:40:54.038 I  PeachCommander[11284:959b] [com.apple.AppKit:Image] ISImage reported a placeholder, image rep is providing a placeholder image for <private>
2026-09-14 13:40:54.038 I  PeachCommander[11284:959b] [com.apple.AppKit:Image] ISImage reported a placeholder, image rep is providing a placeholder image for <private>
2026-09-14 13:40:54.040 I  PeachCommander[11284:959b] [com.apple.AppKit:Image] ISImage reported a placeholder, image rep is providing a placeholder image for <private>
2026-09-14 13:40:54.040 I  PeachCommander[11284:959b] [com.apple.AppKit:Image] ISImage reported a placeholder, image rep is providing a placeholder image for <private>
2026-09-14 13:40:54.042 I  PeachCommander[11284:959b] [com.apple.AppKit:Image] ISImage reported a placeholder, image rep is providing a placeholder image for <private>
2026-09-14 13:40:54.042 I  PeachCommander[11284:959b] [com.apple.AppKit:Image] ISImage reported a placeholder, image rep is providing a placeholder image for <private>
2026-09-14 13:40:54.044 I  PeachCommander[11284:959b] [com.apple.AppKit:Image] ISImage reported a placeholder, image rep is providing a placeholder image for <private>
2026-09-14 13:40:54.044 I  PeachCommander[11284:959b] [com.apple.AppKit:Image] ISImage reported a placeholder, image rep is providing a placeholder image for <private>
2026-09-14 13:40:54.046 I  PeachCommander[11284:959b] [com.apple.AppKit:Image] ISImage reported a placeholder, image rep is providing a placeholder image for <private>
2026-09-14 13:40:54.046 I  PeachCommander[11284:959b] [com.apple.AppKit:Image] ISImage reported a placeholder, image rep is providing a placeholder image for <private>
2026-09-14 13:40:54.048 I  PeachCommander[11284:959b] [com.apple.AppKit:Image] ISImage reported a placeholder, image rep is providing a placeholder image for <private>
2026-09-14 13:40:54.048 I  PeachCommander[11284:959b] [com.apple.AppKit:Image] ISImage reported a placeholder, image rep is providing a placeholder image for <private>
2026-09-14 13:40:54.050 I  PeachCommander[11284:959b] [com.apple.AppKit:Image] ISImage reported a placeholder, image rep is providing a placeholder image for <private>
2026-09-14 13:40:54.050 I  PeachCommander[11284:959b] [com.apple.AppKit:Image] ISImage reported a placeholder, image rep is providing a placeholder image for <private>
2026-09-14 13:40:54.052 I  PeachCommander[11284:959b] [com.apple.AppKit:Image] ISImage reported a placeholder, image rep is providing a placeholder image for <private>
2026-09-14 13:40:54.052 I  PeachCommander[11284:959b] [com.apple.AppKit:Image] ISImage reported a placeholder, image rep is providing a placeholder image for <private>
2026-09-14 13:40:54.054 I  PeachCommander[11284:959b] [com.apple.AppKit:Image] ISImage reported a placeholder, image rep is providing a placeholder image for <private>
2026-09-14 13:40:54.054 I  PeachCommander[11284:959b] [com.apple.AppKit:Image] ISImage reported a placeholder, image rep is providing a placeholder image for <private>
2026-09-14 13:40:54.056 I  PeachCommander[11284:959b] [com.apple.AppKit:Image] ISImage reported a placeholder, image rep is providing a placeholder image for <private>
2026-09-14 13:40:54.056 I  PeachCommander[11284:959b] [com.apple.AppKit:Image] ISImage reported a placeholder, image rep is providing a placeholder image for <private>
2026-09-14 13:40:54.057 I  PeachCommander[11284:959b] [com.apple.AppKit:Image] ISImage reported a placeholder, image rep is providing a placeholder image for <private>
2026-09-14 13:40:54.057 I  PeachCommander[11284:959b] [com.apple.AppKit:Image] ISImage reported a placeholder, image rep is providing a placeholder image for <private>
2026-09-14 13:40:54.059 I  PeachCommander[11284:959b] [com.apple.AppKit:Image] ISImage reported a placeholder, image rep is providing a placeholder image for <private>
2026-09-14 13:40:54.059 I  PeachCommander[11284:959b] [com.apple.AppKit:Image] ISImage reported a placeholder, image rep is providing a placeholder image for <private>
2026-09-14 13:40:54.061 I  PeachCommander[11284:959b] [com.apple.AppKit:Image] ISImage reported a placeholder, image rep is providing a placeholder image for <private>
2026-09-14 13:40:54.061 I  PeachCommander[11284:959b] [com.apple.AppKit:Image] ISImage reported a placeholder, image rep is providing a placeholder image for <private>
2026-09-14 13:40:54.062 I  PeachCommander[11284:959b] [com.apple.AppKit:Image] ISImage reported a placeholder, image rep is providing a placeholder image for <private>
2026-09-14 13:40:54.062 I  PeachCommander[11284:959b] [com.apple.AppKit:Image] ISImage reported a placeholder, image rep is providing a placeholder image for <private>
2026-09-14 13:40:54.064 I  PeachCommander[11284:959b] [com.apple.AppKit:Image] ISImage reported a placeholder, image rep is providing a placeholder image for <private>
2026-09-14 13:40:54.064 I  PeachCommander[11284:959b] [com.apple.AppKit:Image] ISImage reported a placeholder, image rep is providing a placeholder image for <private>
2026-09-14 13:40:54.065 I  PeachCommander[11284:959b] [com.apple.AppKit:Image] ISImage reported a placeholder, image rep is providing a placeholder image for <private>
2026-09-14 13:40:54.065 I  PeachCommander[11284:959b] [com.apple.AppKit:Image] ISImage reported a placeholder, image rep is providing a placeholder image for <private>
2026-09-14 13:40:54.117 I  PeachCommander[11284:959b] [com.apple.AppKit:Image] ISImage reported a placeholder, image rep is providing a placeholder image for <private>
2026-09-14 13:40:54.117 I  PeachCommander[11284:959b] [com.apple.AppKit:Image] ISImage reported a placeholder, image rep is providing a placeholder image for <private>
2026-09-14 13:40:54.117 I  PeachCommander[11284:959b] [com.apple.AppKit:Image] ISImage reported a placeholder, image rep is providing a placeholder image for <private>
2026-09-14 13:40:54.117 I  PeachCommander[11284:959b] [com.apple.AppKit:Image] ISImage reported a placeholder, image rep is providing a placeholder image for <private>
2026-09-14 13:40:54.117 I  PeachCommander[11284:964b] [com.apple.iconservices:foundation] layer data size zero
2026-09-14 13:40:54.118 I  PeachCommander[11284:959b] [com.apple.AppKit:Image] ISImage reported a placeholder, image rep is providing a placeholder image for <private>
2026-09-14 13:40:54.118 I  PeachCommander[11284:959b] [com.apple.AppKit:Image] ISImage reported a placeholder, image rep is providing a placeholder image for <private>
2026-09-14 13:40:54.118 I  PeachCommander[11284:959b] [com.apple.AppKit:Image] ISImage reported a placeholder, image rep is providing a placeholder image for <private>
2026-09-14 13:40:54.118 I  PeachCommander[11284:959b] [com.apple.AppKit:Image] ISImage reported a placeholder, image rep is providing a placeholder image for <private>
2026-09-14 13:40:54.118 I  PeachCommander[11284:959b] [com.apple.AppKit:Image] ISImage reported a placeholder, image rep is providing a placeholder image for <private>
2026-09-14 13:40:54.118 I  PeachCommander[11284:959b] [com.apple.AppKit:Image] ISImage reported a placeholder, image rep is providing a placeholder image for <private>
2026-09-14 13:40:54.118 I  PeachCommander[11284:959b] [com.apple.AppKit:Image] ISImage reported a placeholder, image rep is providing a placeholder image for <private>
2026-09-14 13:40:54.118 I  PeachCommander[11284:959b] [com.apple.AppKit:Image] ISImage reported a placeholder, image rep is providing a placeholder image for <private>
2026-09-14 13:40:54.118 I  PeachCommander[11284:959b] [com.apple.AppKit:Image] ISImage reported a placeholder, image rep is providing a placeholder image for <private>
2026-09-14 13:40:54.118 I  PeachCommander[11284:959b] [com.apple.AppKit:Image] ISImage reported a placeholder, image rep is providing a placeholder image for <private>
2026-09-14 13:40:54.118 I  PeachCommander[11284:959b] [com.apple.AppKit:Image] ISImage reported a placeholder, image rep is providing a placeholder image for <private>
2026-09-14 13:40:54.118 I  PeachCommander[11284:959b] [com.apple.AppKit:Image] ISImage reported a placeholder, image rep is providing a placeholder image for <private>
2026-09-14 13:40:54.118 I  PeachCommander[11284:959b] [com.apple.AppKit:Image] ISImage reported a placeholder, image rep is providing a placeholder image for <private>
2026-09-14 13:40:54.118 I  PeachCommander[11284:959b] [com.apple.AppKit:Image] ISImage reported a placeholder, image rep is providing a placeholder image for <private>
2026-09-14 13:40:54.118 I  PeachCommander[11284:959b] [com.apple.AppKit:Image] ISImage reported a placeholder, image rep is providing a placeholder image for <private>
2026-09-14 13:40:54.118 I  PeachCommander[11284:959b] [com.apple.AppKit:Image] ISImage reported a placeholder, image rep is providing a placeholder image for <private>
2026-09-14 13:40:54.118 I  PeachCommander[11284:959b] [com.apple.AppKit:Image] ISImage reported a placeholder, image rep is providing a placeholder image for <private>
2026-09-14 13:40:54.118 I  PeachCommander[11284:959b] [com.apple.AppKit:Image] ISImage reported a placeholder, image rep is providing a placeholder image for <private>
2026-09-14 13:40:54.118 I  PeachCommander[11284:959b] [com.apple.AppKit:Image] ISImage reported a placeholder, image rep is providing a placeholder image for <private>
2026-09-14 13:40:54.118 I  PeachCommander[11284:959b] [com.apple.AppKit:Image] ISImage reported a placeholder, image rep is providing a placeholder image for <private>
2026-09-14 13:40:54.118 I  PeachCommander[11284:959b] [com.apple.AppKit:Image] ISImage reported a placeholder, image rep is providing a placeholder image for <private>
2026-09-14 13:40:54.119 I  PeachCommander[11284:959b] [com.apple.AppKit:Image] ISImage reported a placeholder, image rep is providing a placeholder image for <private>
2026-09-14 13:40:54.119 I  PeachCommander[11284:959b] [com.apple.AppKit:Image] ISImage reported a placeholder, image rep is providing a placeholder image for <private>
2026-09-14 13:40:54.119 I  PeachCommander[11284:959b] [com.apple.AppKit:Image] ISImage reported a placeholder, image rep is providing a placeholder image for <private>
2026-09-14 13:40:54.119 I  PeachCommander[11284:959b] [com.apple.AppKit:Image] ISImage reported a placeholder, image rep is providing a placeholder image for <private>
2026-09-14 13:40:54.119 I  PeachCommander[11284:959b] [com.apple.AppKit:Image] ISImage reported a placeholder, image rep is providing a placeholder image for <private>
2026-09-14 13:40:54.119 I  PeachCommander[11284:959b] [com.apple.AppKit:Image] ISImage reported a placeholder, image rep is providing a placeholder image for <private>
2026-09-14 13:40:54.119 I  PeachCommander[11284:959b] [com.apple.AppKit:Image] ISImage reported a placeholder, image rep is providing a placeholder image for <private>
2026-09-14 13:40:54.119 I  PeachCommander[11284:959b] [com.apple.AppKit:Image] ISImage reported a placeholder, image rep is providing a placeholder image for <private>
2026-09-14 13:40:54.119 I  PeachCommander[11284:959b] [com.apple.AppKit:Image] ISImage reported a placeholder, image rep is providing a placeholder image for <private>
2026-09-14 13:40:54.119 I  PeachCommander[11284:959b] [com.apple.AppKit:Image] ISImage reported a placeholder, image rep is providing a placeholder image for <private>
2026-09-14 13:40:54.119 I  PeachCommander[11284:959b] [com.apple.AppKit:Image] ISImage reported a placeholder, image rep is providing a placeholder image for <private>
2026-09-14 13:40:54.119 I  PeachCommander[11284:959b] [com.apple.AppKit:Image] ISImage reported a placeholder, image rep is providing a placeholder image for <private>
2026-09-14 13:40:54.119 I  PeachCommander[11284:959b] [com.apple.AppKit:Image] ISImage reported a placeholder, image rep is providing a placeholder image for <private>
2026-09-14 13:40:54.119 I  PeachCommander[11284:959b] [com.apple.AppKit:Image] ISImage reported a placeholder, image rep is providing a placeholder image for <private>
2026-09-14 13:40:54.119 I  PeachCommander[11284:959b] [com.apple.AppKit:Image] ISImage reported a placeholder, image rep is providing a placeholder image for <private>
2026-09-14 13:40:54.119 I  PeachCommander[11284:959b] [com.apple.AppKit:Image] ISImage reported a placeholder, image rep is providing a placeholder image for <private>
2026-09-14 13:40:54.119 I  PeachCommander[11284:959b] [com.apple.AppKit:Image] ISImage reported a placeholder, image rep is providing a placeholder image for <private>
2026-09-14 13:40:54.119 I  PeachCommander[11284:959b] [com.apple.AppKit:Image] ISImage reported a placeholder, image rep is providing a placeholder image for <private>
2026-09-14 13:40:54.119 I  PeachCommander[11284:959b] [com.apple.AppKit:Image] ISImage reported a placeholder, image rep is providing a placeholder image for <private>
2026-09-14 13:40:54.119 I  PeachCommander[11284:959b] [com.apple.AppKit:Image] ISImage reported a placeholder, image rep is providing a placeholder image for <private>
2026-09-14 13:40:54.119 I  PeachCommander[11284:959b] [com.apple.AppKit:Image] ISImage reported a placeholder, image rep is providing a placeholder image for <private>
2026-09-14 13:40:54.119 I  PeachCommander[11284:959b] [com.apple.AppKit:Image] ISImage reported a placeholder, image rep is providing a placeholder image for <private>
2026-09-14 13:40:54.119 I  PeachCommander[11284:959b] [com.apple.AppKit:Image] ISImage reported a placeholder, image rep is providing a placeholder image for <private>
2026-09-14 13:40:54.120 I  PeachCommander[11284:959b] [com.apple.AppKit:Image] ISImage reported a placeholder, image rep is providing a placeholder image for <private>
2026-09-14 13:40:54.120 I  PeachCommander[11284:959b] [com.apple.AppKit:Image] ISImage reported a placeholder, image rep is providing a placeholder image for <private>
2026-09-14 13:40:54.120 I  PeachCommander[11284:959b] [com.apple.AppKit:Image] ISImage reported a placeholder, image rep is providing a placeholder image for <private>
2026-09-14 13:40:54.120 I  PeachCommander[11284:959b] [com.apple.AppKit:Image] ISImage reported a placeholder, image rep is providing a placeholder image for <private>
2026-09-14 13:40:54.120 I  PeachCommander[11284:959b] [com.apple.AppKit:Image] ISImage reported a placeholder, image rep is providing a placeholder image for <private>
2026-09-14 13:40:54.120 I  PeachCommander[11284:959b] [com.apple.AppKit:Image] ISImage reported a placeholder, image rep is providing a placeholder image for <private>
2026-09-14 13:40:54.120 I  PeachCommander[11284:959b] [com.apple.AppKit:Image] ISImage reported a placeholder, image rep is providing a placeholder image for <private>
2026-09-14 13:40:54.120 I  PeachCommander[11284:959b] [com.apple.AppKit:Image] ISImage reported a placeholder, image rep is providing a placeholder image for <private>
2026-09-14 13:40:54.120 I  PeachCommander[11284:959b] [com.apple.AppKit:Image] ISImage reported a placeholder, image rep is providing a placeholder image for <private>
2026-09-14 13:40:54.120 I  PeachCommander[11284:959b] [com.apple.AppKit:Image] ISImage reported a placeholder, image rep is providing a placeholder image for <private>
2026-09-14 13:40:54.120 I  PeachCommander[11284:959b] [com.apple.AppKit:Image] ISImage reported a placeholder, image rep is providing a placeholder image for <private>
2026-09-14 13:40:54.120 I  PeachCommander[11284:959b] [com.apple.AppKit:Image] ISImage reported a placeholder, image rep is providing a placeholder image for <private>
2026-09-14 13:40:54.121 I  PeachCommander[11284:959b] [com.apple.quicklook:Preview Loading] start loading item (null)
2026-09-14 13:40:54.121 I  PeachCommander[11284:959b] [com.apple.quicklook:Preview Loading] setting displayable from <private> to (null)
2026-09-14 13:40:54.121 Df PeachCommander[11284:959b] [com.apple.foundation.filecoordination:general] NSFileCoordinator instance 0xc51a1ff00 was cancelled. All future claims made on this instance will immediately fail with cancellation
2026-09-14 13:40:54.121 I  PeachCommander[11284:959b] [com.apple.AppKit:Image] ISImage reported a placeholder, image rep is providing a placeholder image for <private>
2026-09-14 13:40:54.121 I  PeachCommander[11284:959b] [com.apple.AppKit:Image] ISImage reported a placeholder, image rep is providing a placeholder image for <private>
2026-09-14 13:40:54.122 I  PeachCommander[11284:959b] [com.apple.AppKit:Image] ISImage reported a placeholder, image rep is providing a placeholder image for <private>
2026-09-14 13:40:54.122 I  PeachCommander[11284:959b] [com.apple.AppKit:Image] ISImage reported a placeholder, image rep is providing a placeholder image for <private>
2026-09-14 13:40:54.122 I  PeachCommander[11284:959b] [com.apple.AppKit:Image] ISImage reported a placeholder, image rep is providing a placeholder image for <private>
2026-09-14 13:40:54.122 I  PeachCommander[11284:959b] [com.apple.AppKit:Image] ISImage reported a placeholder, image rep is providing a placeholder image for <private>
2026-09-14 13:40:54.123 I  PeachCommander[11284:959b] [com.apple.AppKit:Image] ISImage reported a placeholder, image rep is providing a placeholder image for <private>
2026-09-14 13:40:54.123 I  PeachCommander[11284:959b] [com.apple.AppKit:Image] ISImage reported a placeholder, image rep is providing a placeholder image for <private>
2026-09-14 13:40:54.124 I  PeachCommander[11284:959b] [com.apple.AppKit:Image] ISImage reported a placeholder, image rep is providing a placeholder image for <private>
2026-09-14 13:40:54.124 I  PeachCommander[11284:959b] [com.apple.AppKit:Image] ISImage reported a placeholder, image rep is providing a placeholder image for <private>
2026-09-14 13:40:54.124 I  PeachCommander[11284:959b] [com.apple.AppKit:Image] ISImage reported a placeholder, image rep is providing a placeholder image for <private>
2026-09-14 13:40:54.124 I  PeachCommander[11284:959b] [com.apple.AppKit:Image] ISImage reported a placeholder, image rep is providing a placeholder image for <private>
2026-09-14 13:40:54.126 I  PeachCommander[11284:959b] [com.apple.AppKit:Image] ISImage reported a placeholder, image rep is providing a placeholder image for <private>
2026-09-14 13:40:54.126 I  PeachCommander[11284:959b] [com.apple.AppKit:Image] ISImage reported a placeholder, image rep is providing a placeholder image for <private>
2026-09-14 13:40:54.126 I  PeachCommander[11284:959b] [com.apple.AppKit:Image] ISImage reported a placeholder, image rep is providing a placeholder image for <private>
2026-09-14 13:40:54.127 I  PeachCommander[11284:959b] [com.apple.AppKit:Image] ISImage reported a placeholder, image rep is providing a placeholder image for <private>
2026-09-14 13:40:54.127 I  PeachCommander[11284:959b] [com.apple.AppKit:Image] ISImage reported a placeholder, image rep is providing a placeholder image for <private>
2026-09-14 13:40:54.127 I  PeachCommander[11284:959b] [com.apple.AppKit:Image] ISImage reported a placeholder, image rep is providing a placeholder image for <private>
2026-09-14 13:40:54.128 I  PeachCommander[11284:959b] [com.apple.AppKit:Image] ISImage reported a placeholder, image rep is providing a placeholder image for <private>
2026-09-14 13:40:54.128 I  PeachCommander[11284:959b] [com.apple.AppKit:Image] ISImage reported a placeholder, image rep is providing a placeholder image for <private>
2026-09-14 13:40:54.128 I  PeachCommander[11284:959b] [com.apple.AppKit:Image] ISImage reported a placeholder, image rep is providing a placeholder image for <private>
2026-09-14 13:40:54.128 I  PeachCommander[11284:959b] [com.apple.AppKit:Image] ISImage reported a placeholder, image rep is providing a placeholder image for <private>
2026-09-14 13:40:54.129 I  PeachCommander[11284:959b] [com.apple.AppKit:Image] ISImage reported a placeholder, image rep is providing a placeholder image for <private>
2026-09-14 13:40:54.129 I  PeachCommander[11284:959b] [com.apple.AppKit:Image] ISImage reported a placeholder, image rep is providing a placeholder image for <private>
2026-09-14 13:40:54.129 I  PeachCommander[11284:959b] [com.apple.AppKit:Image] ISImage reported a placeholder, image rep is providing a placeholder image for <private>
2026-09-14 13:40:54.130 I  PeachCommander[11284:959b] [com.apple.AppKit:Image] ISImage reported a placeholder, image rep is providing a placeholder image for <private>
2026-09-14 13:40:54.130 I  PeachCommander[11284:959b] [com.apple.AppKit:Image] ISImage reported a placeholder, image rep is providing a placeholder image for <private>
2026-09-14 13:40:54.130 I  PeachCommander[11284:959b] [com.apple.AppKit:Image] ISImage reported a placeholder, image rep is providing a placeholder image for <private>
2026-09-14 13:40:54.130 I  PeachCommander[11284:959b] [com.apple.AppKit:Image] ISImage reported a placeholder, image rep is providing a placeholder image for <private>
2026-09-14 13:40:54.131 I  PeachCommander[11284:959b] [com.apple.AppKit:Image] ISImage reported a placeholder, image rep is providing a placeholder image for <private>
2026-09-14 13:40:54.131 I  PeachCommander[11284:959b] [com.apple.AppKit:Image] ISImage reported a placeholder, image rep is providing a placeholder image for <private>
2026-09-14 13:40:54.131 I  PeachCommander[11284:959b] [com.apple.AppKit:Image] ISImage reported a placeholder, image rep is providing a placeholder image for <private>
2026-09-14 13:40:54.131 I  PeachCommander[11284:959b] [com.apple.AppKit:Image] ISImage reported a placeholder, image rep is providing a placeholder image for <private>
2026-09-14 13:40:54.132 I  PeachCommander[11284:959b] [com.apple.AppKit:Image] ISImage reported a placeholder, image rep is providing a placeholder image for <private>
2026-09-14 13:40:54.132 I  PeachCommander[11284:959b] [com.apple.AppKit:Image] ISImage reported a placeholder, image rep is providing a placeholder image for <private>
2026-09-14 13:40:54.132 I  PeachCommander[11284:959b] [com.apple.AppKit:Image] ISImage reported a placeholder, image rep is providing a placeholder image for <private>
2026-09-14 13:40:54.133 I  PeachCommander[11284:959b] [com.apple.AppKit:Image] ISImage reported a placeholder, image rep is providing a placeholder image for <private>
2026-09-14 13:40:54.133 I  PeachCommander[11284:959b] [com.apple.AppKit:Image] ISImage reported a placeholder, image rep is providing a placeholder image for <private>
2026-09-14 13:40:54.133 I  PeachCommander[11284:959b] [com.apple.AppKit:Image] ISImage reported a placeholder, image rep is providing a placeholder image for <private>
2026-09-14 13:40:54.134 I  PeachCommander[11284:959b] [com.apple.AppKit:Image] ISImage reported a placeholder, image rep is providing a placeholder image for <private>
2026-09-14 13:40:54.134 I  PeachCommander[11284:959b] [com.apple.AppKit:Image] ISImage reported a placeholder, image rep is providing a placeholder image for <private>
2026-09-14 13:40:54.134 I  PeachCommander[11284:959b] [com.apple.AppKit:Image] ISImage reported a placeholder, image rep is providing a placeholder image for <private>
2026-09-14 13:40:54.135 I  PeachCommander[11284:959b] [com.apple.AppKit:Image] ISImage reported a placeholder, image rep is providing a placeholder image for <private>
2026-09-14 13:40:54.136 I  PeachCommander[11284:959b] [com.apple.AppKit:Image] ISImage reported a placeholder, image rep is providing a placeholder image for <private>
2026-09-14 13:40:54.136 I  PeachCommander[11284:959b] [com.apple.AppKit:Image] ISImage reported a placeholder, image rep is providing a placeholder image for <private>
2026-09-14 13:40:54.137 I  PeachCommander[11284:959b] [com.apple.AppKit:Image] ISImage reported a placeholder, image rep is providing a placeholder image for <private>
2026-09-14 13:40:54.137 I  PeachCommander[11284:959b] [com.apple.AppKit:Image] ISImage reported a placeholder, image rep is providing a placeholder image for <private>
2026-09-14 13:40:54.137 I  PeachCommander[11284:959b] [com.apple.AppKit:Image] ISImage reported a placeholder, image rep is providing a placeholder image for <private>
2026-09-14 13:40:54.137 I  PeachCommander[11284:959b] [com.apple.AppKit:Image] ISImage reported a placeholder, image rep is providing a placeholder image for <private>
2026-09-14 13:40:54.138 I  PeachCommander[11284:959b] [com.apple.AppKit:Image] ISImage reported a placeholder, image rep is providing a placeholder image for <private>
2026-09-14 13:40:54.138 I  PeachCommander[11284:959b] [com.apple.AppKit:Image] ISImage reported a placeholder, image rep is providing a placeholder image for <private>
2026-09-14 13:40:54.138 I  PeachCommander[11284:959b] [com.apple.AppKit:Image] ISImage reported a placeholder, image rep is providing a placeholder image for <private>
2026-09-14 13:40:54.138 I  PeachCommander[11284:959b] [com.apple.AppKit:Image] ISImage reported a placeholder, image rep is providing a placeholder image for <private>
2026-09-14 13:40:54.138 I  PeachCommander[11284:959b] [com.apple.AppKit:Image] ISImage reported a placeholder, image rep is providing a placeholder image for <private>
2026-09-14 13:40:54.139 I  PeachCommander[11284:959b] [com.apple.AppKit:Image] ISImage reported a placeholder, image rep is providing a placeholder image for <private>
2026-09-14 13:40:54.139 I  PeachCommander[11284:959b] [com.apple.AppKit:Image] ISImage reported a placeholder, image rep is providing a placeholder image for <private>
2026-09-14 13:40:54.139 I  PeachCommander[11284:959b] [com.apple.AppKit:Image] ISImage reported a placeholder, image rep is providing a placeholder image for <private>
2026-09-14 13:40:54.148 I  PeachCommander[11284:959b] [com.apple.AppKit:Image] ISImage reported a placeholder, image rep is providing a placeholder image for <private>
2026-09-14 13:40:54.149 I  PeachCommander[11284:959b] [com.apple.AppKit:Image] ISImage reported a placeholder, image rep is providing a placeholder image for <private>
2026-09-14 13:40:54.150 I  PeachCommander[11284:959b] [com.apple.AppKit:Image] ISImage reported a placeholder, image rep is providing a placeholder image for <private>
2026-09-14 13:40:54.150 I  PeachCommander[11284:959b] [com.apple.AppKit:Image] ISImage reported a placeholder, image rep is providing a placeholder image for <private>
2026-09-14 13:40:54.151 I  PeachCommander[11284:959b] [com.apple.AppKit:Image] ISImage reported a placeholder, image rep is providing a placeholder image for <private>
2026-09-14 13:40:54.151 I  PeachCommander[11284:959b] [com.apple.AppKit:Image] ISImage reported a placeholder, image rep is providing a placeholder image for <private>
2026-09-14 13:40:54.152 I  PeachCommander[11284:959b] [com.apple.AppKit:Image] ISImage reported a placeholder, image rep is providing a placeholder image for <private>
2026-09-14 13:40:54.152 I  PeachCommander[11284:959b] [com.apple.AppKit:Image] ISImage reported a placeholder, image rep is providing a placeholder image for <private>
2026-09-14 13:40:54.153 I  PeachCommander[11284:959b] [com.apple.AppKit:Image] ISImage reported a placeholder, image rep is providing a placeholder image for <private>
2026-09-14 13:40:54.154 I  PeachCommander[11284:959b] [com.apple.AppKit:Image] ISImage reported a placeholder, image rep is providing a placeholder image for <private>
2026-09-14 13:40:54.154 I  PeachCommander[11284:959b] [com.apple.AppKit:Image] ISImage reported a placeholder, image rep is providing a placeholder image for <private>
2026-09-14 13:40:54.155 I  PeachCommander[11284:959b] [com.apple.AppKit:Image] ISImage reported a placeholder, image rep is providing a placeholder image for <private>
2026-09-14 13:40:54.155 I  PeachCommander[11284:959b] [com.apple.AppKit:Image] ISImage reported a placeholder, image rep is providing a placeholder image for <private>
2026-09-14 13:40:54.156 I  PeachCommander[11284:959b] [com.apple.AppKit:Image] ISImage reported a placeholder, image rep is providing a placeholder image for <private>
2026-09-14 13:40:54.157 I  PeachCommander[11284:959b] [com.apple.AppKit:Image] ISImage reported a placeholder, image rep is providing a placeholder image for <private>
2026-09-14 13:40:54.157 I  PeachCommander[11284:959b] [com.apple.AppKit:Image] ISImage reported a placeholder, image rep is providing a placeholder image for <private>
2026-09-14 13:40:54.158 I  PeachCommander[11284:959b] [com.apple.AppKit:Image] ISImage reported a placeholder, image rep is providing a placeholder image for <private>
2026-09-14 13:40:54.158 I  PeachCommander[11284:959b] [com.apple.AppKit:Image] ISImage reported a placeholder, image rep is providing a placeholder image for <private>
2026-09-14 13:40:54.159 I  PeachCommander[11284:959b] [com.apple.AppKit:Image] ISImage reported a placeholder, image rep is providing a placeholder image for <private>
2026-09-14 13:40:54.160 I  PeachCommander[11284:959b] [com.apple.AppKit:Image] ISImage reported a placeholder, image rep is providing a placeholder image for <private>
2026-09-14 13:40:54.160 I  PeachCommander[11284:959b] [com.apple.AppKit:Image] ISImage reported a placeholder, image rep is providing a placeholder image for <private>
2026-09-14 13:40:54.161 I  PeachCommander[11284:959b] [com.apple.AppKit:Image] ISImage reported a placeholder, image rep is providing a placeholder image for <private>
2026-09-14 13:40:54.161 I  PeachCommander[11284:959b] [com.apple.AppKit:Image] ISImage reported a placeholder, image rep is providing a placeholder image for <private>
2026-09-14 13:40:54.162 I  PeachCommander[11284:959b] [com.apple.AppKit:Image] ISImage reported a placeholder, image rep is providing a placeholder image for <private>
2026-09-14 13:40:54.162 I  PeachCommander[11284:959b] [com.apple.AppKit:Image] ISImage reported a placeholder, image rep is providing a placeholder image for <private>
2026-09-14 13:40:54.162 I  PeachCommander[11284:95b2] [com.apple.iconservices:foundation] layer data size zero
2026-09-14 13:40:54.163 I  PeachCommander[11284:959b] [com.apple.AppKit:Image] ISImage reported a placeholder, image rep is providing a placeholder image for <private>
2026-09-14 13:40:54.163 I  PeachCommander[11284:959b] [com.apple.AppKit:Image] ISImage reported a placeholder, image rep is providing a placeholder image for <private>
2026-09-14 13:40:54.164 I  PeachCommander[11284:959b] [com.apple.AppKit:Image] ISImage reported a placeholder, image rep is providing a placeholder image for <private>
2026-09-14 13:40:54.164 I  PeachCommander[11284:959b] [com.apple.AppKit:Image] ISImage reported a placeholder, image rep is providing a placeholder image for <private>
2026-09-14 13:40:54.165 I  PeachCommander[11284:959b] [com.apple.AppKit:Image] ISImage reported a placeholder, image rep is providing a placeholder image for <private>
2026-09-14 13:40:54.165 I  PeachCommander[11284:959b] [com.apple.AppKit:Image] ISImage reported a placeholder, image rep is providing a placeholder image for <private>
2026-09-14 13:40:54.166 I  PeachCommander[11284:959b] [com.apple.AppKit:Image] ISImage reported a placeholder, image rep is providing a placeholder image for <private>
2026-09-14 13:40:54.166 I  PeachCommander[11284:959b] [com.apple.AppKit:Image] ISImage reported a placeholder, image rep is providing a placeholder image for <private>
2026-09-14 13:40:54.167 I  PeachCommander[11284:959b] [com.apple.AppKit:Image] ISImage reported a placeholder, image rep is providing a placeholder image for <private>
2026-09-14 13:40:54.167 I  PeachCommander[11284:959b] [com.apple.AppKit:Image] ISImage reported a placeholder, image rep is providing a placeholder image for <private>
2026-09-14 13:40:54.168 I  PeachCommander[11284:959b] [com.apple.AppKit:Image] ISImage reported a placeholder, image rep is providing a placeholder image for <private>
2026-09-14 13:40:54.168 I  PeachCommander[11284:959b] [com.apple.AppKit:Image] ISImage reported a placeholder, image rep is providing a placeholder image for <private>
2026-09-14 13:40:54.169 I  PeachCommander[11284:959b] [com.apple.AppKit:Image] ISImage reported a placeholder, image rep is providing a placeholder image for <private>
2026-09-14 13:40:54.169 I  PeachCommander[11284:959b] [com.apple.AppKit:Image] ISImage reported a placeholder, image rep is providing a placeholder image for <private>
2026-09-14 13:40:54.170 I  PeachCommander[11284:959b] [com.apple.AppKit:Image] ISImage reported a placeholder, image rep is providing a placeholder image for <private>
2026-09-14 13:40:54.170 I  PeachCommander[11284:959b] [com.apple.AppKit:Image] ISImage reported a placeholder, image rep is providing a placeholder image for <private>
2026-09-14 13:40:54.171 I  PeachCommander[11284:959b] [com.apple.AppKit:Image] ISImage reported a placeholder, image rep is providing a placeholder image for <private>
2026-09-14 13:40:54.171 I  PeachCommander[11284:959b] [com.apple.AppKit:Image] ISImage reported a placeholder, image rep is providing a placeholder image for <private>
2026-09-14 13:40:54.172 I  PeachCommander[11284:959b] [com.apple.AppKit:Image] ISImage reported a placeholder, image rep is providing a placeholder image for <private>
2026-09-14 13:40:54.172 I  PeachCommander[11284:959b] [com.apple.AppKit:Image] ISImage reported a placeholder, image rep is providing a placeholder image for <private>
2026-09-14 13:40:54.173 I  PeachCommander[11284:959b] [com.apple.AppKit:Image] ISImage reported a placeholder, image rep is providing a placeholder image for <private>
2026-09-14 13:40:54.173 I  PeachCommander[11284:959b] [com.apple.AppKit:Image] ISImage reported a placeholder, image rep is providing a placeholder image for <private>
2026-09-14 13:40:54.174 I  PeachCommander[11284:959b] [com.apple.AppKit:Image] ISImage reported a placeholder, image rep is providing a placeholder image for <private>
2026-09-14 13:40:54.174 I  PeachCommander[11284:959b] [com.apple.AppKit:Image] ISImage reported a placeholder, image rep is providing a placeholder image for <private>
2026-09-14 13:40:54.175 I  PeachCommander[11284:959b] [com.apple.AppKit:Image] ISImage reported a placeholder, image rep is providing a placeholder image for <private>
2026-09-14 13:40:54.175 I  PeachCommander[11284:959b] [com.apple.AppKit:Image] ISImage reported a placeholder, image rep is providing a placeholder image for <private>
2026-09-14 13:40:54.176 I  PeachCommander[11284:959b] [com.apple.AppKit:Image] ISImage reported a placeholder, image rep is providing a placeholder image for <private>
2026-09-14 13:40:54.176 I  PeachCommander[11284:959b] [com.apple.AppKit:Image] ISImage reported a placeholder, image rep is providing a placeholder image for <private>
2026-09-14 13:40:54.177 I  PeachCommander[11284:959b] [com.apple.AppKit:Image] ISImage reported a placeholder, image rep is providing a placeholder image for <private>
2026-09-14 13:40:54.177 I  PeachCommander[11284:959b] [com.apple.AppKit:Image] ISImage reported a placeholder, image rep is providing a placeholder image for <private>
2026-09-14 13:40:54.178 I  PeachCommander[11284:959b] [com.apple.AppKit:Image] ISImage reported a placeholder, image rep is providing a placeholder image for <private>
2026-09-14 13:40:54.178 I  PeachCommander[11284:959b] [com.apple.AppKit:Image] ISImage reported a placeholder, image rep is providing a placeholder image for <private>
2026-09-14 13:40:54.179 I  PeachCommander[11284:959b] [com.apple.AppKit:Image] ISImage reported a placeholder, image rep is providing a placeholder image for <private>
2026-09-14 13:40:54.179 I  PeachCommander[11284:959b] [com.apple.AppKit:Image] ISImage reported a placeholder, image rep is providing a placeholder image for <private>
2026-09-14 13:40:54.180 I  PeachCommander[11284:959b] [com.apple.AppKit:Image] ISImage reported a placeholder, image rep is providing a placeholder image for <private>
2026-09-14 13:40:54.180 I  PeachCommander[11284:959b] [com.apple.AppKit:Image] ISImage reported a placeholder, image rep is providing a placeholder image for <private>
2026-09-14 13:40:54.181 I  PeachCommander[11284:959b] [com.apple.AppKit:Image] ISImage reported a placeholder, image rep is providing a placeholder image for <private>
2026-09-14 13:40:54.181 I  PeachCommander[11284:959b] [com.apple.AppKit:Image] ISImage reported a placeholder, image rep is providing a placeholder image for <private>
2026-09-14 13:40:54.294 I  PeachCommander[11284:964c] [com.apple.AppKit:WindowTab] Indexing 1 items
2026-09-14 13:40:54.294 A  PeachCommander[11284:964c] (CoreSpotlight) end-index-batch
2026-09-14 13:40:54.294 A  PeachCommander[11284:964c] (CoreSpotlight) index-items
2026-09-14 13:40:54.294 Df PeachCommander[11284:964c] [com.apple.corespotlight:index] CSInlineDonation:<private>: Skipping donation (feature flag disabled)
2026-09-14 13:40:54.295 Df PeachCommander[11284:964c] [com.apple.corespotlight:index] CSInlineDonation:<private>: Skipping donation (feature flag disabled)
2026-09-14 13:40:56.077 Df PeachCommander[11284:959b] (Foundation) <private>
2026-09-14 13:40:56.077 I  PeachCommander[11284:959b] [com.peachcommander:PCFoundation] [automation] > cmd cm_SrcThumbs
2026-09-14 13:40:56.077 Df PeachCommander[11284:959b] (Foundation) <private>
2026-09-14 13:40:56.077 I  PeachCommander[11284:959b] [com.peachcommander:PCFoundation] [automation] > wait 4000
2026-09-14 13:40:56.170 I  PeachCommander[11284:959b] [com.apple.iconservices:foundation] layer data size zero
2026-09-14 13:40:56.232 I  PeachCommander[11284:959b] [com.apple.iconservices:foundation] layer data size zero
2026-09-14 13:40:56.299 I  PeachCommander[11284:9640] [com.apple.quicklook:cloudthumbnails] Received thumbnail for <private>: data of length 16384, bitmap format <private>, error (null), image <private>
2026-09-14 13:40:56.299 I  PeachCommander[11284:95ac] [com.apple.quicklook:cloudthumbnails] Calling request completionBlock for <private> without error.
2026-09-14 13:40:56.299 I  PeachCommander[11284:9640] [com.apple.quicklook:cloudthumbnails] Received thumbnail for <private>: data of length 16384, bitmap format <private>, error (null), image <private>
2026-09-14 13:40:56.299 I  PeachCommander[11284:95ac] [com.apple.quicklook:cloudthumbnails] Thumbnail generation duration of 0.064 for <private>. Most representative thumbnail generated: <private>
2026-09-14 13:40:56.299 I  PeachCommander[11284:95ac] [com.apple.quicklook:cloudthumbnails] Calling request completionBlock for <private> without error.
2026-09-14 13:40:56.299 I  PeachCommander[11284:95ac] [com.apple.quicklook:cloudthumbnails] Thumbnail generation duration of 0.064 for <private>. Most representative thumbnail generated: <private>
2026-09-14 13:40:56.300 I  PeachCommander[11284:9640] [com.apple.quicklook:cloudthumbnails] Received thumbnail for <private>: data of length 16384, bitmap format <private>, error (null), image <private>
2026-09-14 13:40:56.300 I  PeachCommander[11284:9640] [com.apple.quicklook:cloudthumbnails] Calling request completionBlock for <private> without error.
2026-09-14 13:40:56.300 I  PeachCommander[11284:9640] [com.apple.quicklook:cloudthumbnails] Thumbnail generation duration of 0.064 for <private>. Most representative thumbnail generated: <private>
2026-09-14 13:40:56.309 Df PeachCommander[11284:95ac] (CoreVideo) Pixel format registry initialized. Constant classes enabled.
2026-09-14 13:41:00.242 Df PeachCommander[11284:95a9] [com.apple.launchservices:default] LSExceptions shared instance invalidated for timeout.
2026-09-14 13:41:00.243 Df PeachCommander[11284:959b] (Foundation) <private>
2026-09-14 13:41:00.243 I  PeachCommander[11284:959b] [com.peachcommander:PCFoundation] [automation] > dump /Users/admin/at-zip.txt
2026-09-14 13:41:00.245 Df PeachCommander[11284:959b] (Foundation) <private>
2026-09-14 13:41:00.248 Df PeachCommander[11284:959b] (Foundation) <private>
2026-09-14 13:41:00.248 I  PeachCommander[11284:959b] [com.peachcommander:PCFoundation] [automation] > wait 600
2026-09-14 13:41:00.294 I  PeachCommander[11284:959b] [com.apple.AppKit:Image] ISImage reported a placeholder, image rep is providing a placeholder image for <private>
2026-09-14 13:41:00.296 I  PeachCommander[11284:959b] [com.apple.AppKit:Image] ISImage reported a placeholder, image rep is providing a placeholder image for <private>
2026-09-14 13:41:00.297 I  PeachCommander[11284:959b] [com.apple.AppKit:Image] ISImage reported a placeholder, image rep is providing a placeholder image for <private>
2026-09-14 13:41:00.298 I  PeachCommander[11284:959b] [com.apple.AppKit:Image] ISImage reported a placeholder, image rep is providing a placeholder image for <private>
2026-09-14 13:41:00.299 I  PeachCommander[11284:959b] [com.apple.AppKit:Image] ISImage reported a placeholder, image rep is providing a placeholder image for <private>
2026-09-14 13:41:00.300 I  PeachCommander[11284:959b] [com.apple.AppKit:Image] ISImage reported a placeholder, image rep is providing a placeholder image for <private>
2026-09-14 13:41:00.301 I  PeachCommander[11284:959b] [com.apple.AppKit:Image] ISImage reported a placeholder, image rep is providing a placeholder image for <private>
2026-09-14 13:41:00.302 I  PeachCommander[11284:959b] [com.apple.AppKit:Image] ISImage reported a placeholder, image rep is providing a placeholder image for <private>
2026-09-14 13:41:00.303 I  PeachCommander[11284:959b] [com.apple.AppKit:Image] ISImage reported a placeholder, image rep is providing a placeholder image for <private>
2026-09-14 13:41:00.304 I  PeachCommander[11284:959b] [com.apple.AppKit:Image] ISImage reported a placeholder, image rep is providing a placeholder image for <private>
2026-09-14 13:41:00.305 I  PeachCommander[11284:959b] [com.apple.AppKit:Image] ISImage reported a placeholder, image rep is providing a placeholder image for <private>
2026-09-14 13:41:00.306 I  PeachCommander[11284:959b] [com.apple.AppKit:Image] ISImage reported a placeholder, image rep is providing a placeholder image for <private>
2026-09-14 13:41:00.307 I  PeachCommander[11284:959b] [com.apple.AppKit:Image] ISImage reported a placeholder, image rep is providing a placeholder image for <private>
2026-09-14 13:41:00.308 I  PeachCommander[11284:959b] [com.apple.AppKit:Image] ISImage reported a placeholder, image rep is providing a placeholder image for <private>
2026-09-14 13:41:00.309 I  PeachCommander[11284:959b] [com.apple.AppKit:Image] ISImage reported a placeholder, image rep is providing a placeholder image for <private>
2026-09-14 13:41:00.310 I  PeachCommander[11284:959b] [com.apple.AppKit:Image] ISImage reported a placeholder, image rep is providing a placeholder image for <private>
2026-09-14 13:41:00.311 I  PeachCommander[11284:959b] [com.apple.AppKit:Image] ISImage reported a placeholder, image rep is providing a placeholder image for <private>
2026-09-14 13:41:00.312 I  PeachCommander[11284:959b] [com.apple.AppKit:Image] ISImage reported a placeholder, image rep is providing a placeholder image for <private>
2026-09-14 13:41:00.313 I  PeachCommander[11284:959b] [com.apple.AppKit:Image] ISImage reported a placeholder, image rep is providing a placeholder image for <private>
2026-09-14 13:41:00.314 I  PeachCommander[11284:959b] [com.apple.AppKit:Image] ISImage reported a placeholder, image rep is providing a placeholder image for <private>
2026-09-14 13:41:00.315 I  PeachCommander[11284:959b] [com.apple.AppKit:Image] ISImage reported a placeholder, image rep is providing a placeholder image for <private>
2026-09-14 13:41:00.316 I  PeachCommander[11284:959b] [com.apple.AppKit:Image] ISImage reported a placeholder, image rep is providing a placeholder image for <private>
2026-09-14 13:41:00.317 I  PeachCommander[11284:959b] [com.apple.AppKit:Image] ISImage reported a placeholder, image rep is providing a placeholder image for <private>
2026-09-14 13:41:00.318 I  PeachCommander[11284:959b] [com.apple.AppKit:Image] ISImage reported a placeholder, image rep is providing a placeholder image for <private>
2026-09-14 13:41:00.319 I  PeachCommander[11284:959b] [com.apple.AppKit:Image] ISImage reported a placeholder, image rep is providing a placeholder image for <private>
2026-09-14 13:41:00.320 I  PeachCommander[11284:959b] [com.apple.AppKit:Image] ISImage reported a placeholder, image rep is providing a placeholder image for <private>
2026-09-14 13:41:00.321 I  PeachCommander[11284:959b] [com.apple.AppKit:Image] ISImage reported a placeholder, image rep is providing a placeholder image for <private>
2026-09-14 13:41:00.321 I  PeachCommander[11284:959b] [com.apple.AppKit:Image] ISImage reported a placeholder, image rep is providing a placeholder image for <private>
2026-09-14 13:41:00.321 I  PeachCommander[11284:959b] [com.apple.AppKit:Image] ISImage reported a placeholder, image rep is providing a placeholder image for <private>
2026-09-14 13:41:00.323 I  PeachCommander[11284:959b] [com.apple.AppKit:Image] ISImage reported a placeholder, image rep is providing a placeholder image for <private>
2026-09-14 13:41:00.323 I  PeachCommander[11284:959b] [com.apple.AppKit:Image] ISImage reported a placeholder, image rep is providing a placeholder image for <private>
2026-09-14 13:41:00.325 I  PeachCommander[11284:959b] [com.apple.AppKit:Image] ISImage reported a placeholder, image rep is providing a placeholder image for <private>
2026-09-14 13:41:00.325 I  PeachCommander[11284:959b] [com.apple.AppKit:Image] ISImage reported a placeholder, image rep is providing a placeholder image for <private>
2026-09-14 13:41:00.326 I  PeachCommander[11284:959b] [com.apple.AppKit:Image] ISImage reported a placeholder, image rep is providing a placeholder image for <private>
2026-09-14 13:41:00.326 I  PeachCommander[11284:959b] [com.apple.AppKit:Image] ISImage reported a placeholder, image rep is providing a placeholder image for <private>
2026-09-14 13:41:00.328 I  PeachCommander[11284:959b] [com.apple.AppKit:Image] ISImage reported a placeholder, image rep is providing a placeholder image for <private>
2026-09-14 13:41:00.328 I  PeachCommander[11284:959b] [com.apple.AppKit:Image] ISImage reported a placeholder, image rep is providing a placeholder image for <private>
2026-09-14 13:41:00.329 I  PeachCommander[11284:959b] [com.apple.AppKit:Image] ISImage reported a placeholder, image rep is providing a placeholder image for <private>
2026-09-14 13:41:00.329 I  PeachCommander[11284:959b] [com.apple.AppKit:Image] ISImage reported a placeholder, image rep is providing a placeholder image for <private>
2026-09-14 13:41:00.331 I  PeachCommander[11284:959b] [com.apple.AppKit:Image] ISImage reported a placeholder, image rep is providing a placeholder image for <private>
2026-09-14 13:41:00.331 I  PeachCommander[11284:959b] [com.apple.AppKit:Image] ISImage reported a placeholder, image rep is providing a placeholder image for <private>
2026-09-14 13:41:00.332 I  PeachCommander[11284:959b] [com.apple.AppKit:Image] ISImage reported a placeholder, image rep is providing a placeholder image for <private>
2026-09-14 13:41:00.332 I  PeachCommander[11284:959b] [com.apple.AppKit:Image] ISImage reported a placeholder, image rep is providing a placeholder image for <private>
2026-09-14 13:41:00.333 I  PeachCommander[11284:959b] [com.apple.AppKit:Image] ISImage reported a placeholder, image rep is providing a placeholder image for <private>
2026-09-14 13:41:00.333 I  PeachCommander[11284:959b] [com.apple.AppKit:Image] ISImage reported a placeholder, image rep is providing a placeholder image for <private>
2026-09-14 13:41:00.334 I  PeachCommander[11284:959b] [com.apple.AppKit:Image] ISImage reported a placeholder, image rep is providing a placeholder image for <private>
2026-09-14 13:41:00.334 I  PeachCommander[11284:959b] [com.apple.AppKit:Image] ISImage reported a placeholder, image rep is providing a placeholder image for <private>
2026-09-14 13:41:00.336 I  PeachCommander[11284:959b] [com.apple.AppKit:Image] ISImage reported a placeholder, image rep is providing a placeholder image for <private>
2026-09-14 13:41:00.336 I  PeachCommander[11284:959b] [com.apple.AppKit:Image] ISImage reported a placeholder, image rep is providing a placeholder image for <private>
2026-09-14 13:41:00.337 I  PeachCommander[11284:959b] [com.apple.AppKit:Image] ISImage reported a placeholder, image rep is providing a placeholder image for <private>
2026-09-14 13:41:00.337 I  PeachCommander[11284:959b] [com.apple.AppKit:Image] ISImage reported a placeholder, image rep is providing a placeholder image for <private>
2026-09-14 13:41:00.338 I  PeachCommander[11284:959b] [com.apple.AppKit:Image] ISImage reported a placeholder, image rep is providing a placeholder image for <private>
2026-09-14 13:41:00.338 I  PeachCommander[11284:959b] [com.apple.AppKit:Image] ISImage reported a placeholder, image rep is providing a placeholder image for <private>
2026-09-14 13:41:00.339 I  PeachCommander[11284:959b] [com.apple.AppKit:Image] ISImage reported a placeholder, image rep is providing a placeholder image for <private>
2026-09-14 13:41:00.339 I  PeachCommander[11284:959b] [com.apple.AppKit:Image] ISImage reported a placeholder, image rep is providing a placeholder image for <private>
2026-09-14 13:41:00.340 I  PeachCommander[11284:959b] [com.apple.AppKit:Image] ISImage reported a placeholder, image rep is providing a placeholder image for <private>
2026-09-14 13:41:00.340 I  PeachCommander[11284:959b] [com.apple.AppKit:Image] ISImage reported a placeholder, image rep is providing a placeholder image for <private>
2026-09-14 13:41:00.341 I  PeachCommander[11284:959b] [com.apple.AppKit:Image] ISImage reported a placeholder, image rep is providing a placeholder image for <private>
2026-09-14 13:41:00.341 I  PeachCommander[11284:959b] [com.apple.AppKit:Image] ISImage reported a placeholder, image rep is providing a placeholder image for <private>
2026-09-14 13:41:00.342 I  PeachCommander[11284:959b] [com.apple.AppKit:Image] ISImage reported a placeholder, image rep is providing a placeholder image for <private>
2026-09-14 13:41:00.343 I  PeachCommander[11284:959b] [com.apple.AppKit:Image] ISImage reported a placeholder, image rep is providing a placeholder image for <private>
2026-09-14 13:41:00.344 I  PeachCommander[11284:959b] [com.apple.AppKit:Image] ISImage reported a placeholder, image rep is providing a placeholder image for <private>
2026-09-14 13:41:00.344 I  PeachCommander[11284:959b] [com.apple.AppKit:Image] ISImage reported a placeholder, image rep is providing a placeholder image for <private>
2026-09-14 13:41:00.345 I  PeachCommander[11284:959b] [com.apple.AppKit:Image] ISImage reported a placeholder, image rep is providing a placeholder image for <private>
2026-09-14 13:41:00.345 I  PeachCommander[11284:959b] [com.apple.AppKit:Image] ISImage reported a placeholder, image rep is providing a placeholder image for <private>
2026-09-14 13:41:00.346 I  PeachCommander[11284:959b] [com.apple.AppKit:Image] ISImage reported a placeholder, image rep is providing a placeholder image for <private>
2026-09-14 13:41:00.346 I  PeachCommander[11284:959b] [com.apple.AppKit:Image] ISImage reported a placeholder, image rep is providing a placeholder image for <private>
2026-09-14 13:41:00.347 I  PeachCommander[11284:959b] [com.apple.AppKit:Image] ISImage reported a placeholder, image rep is providing a placeholder image for <private>
2026-09-14 13:41:00.347 I  PeachCommander[11284:959b] [com.apple.AppKit:Image] ISImage reported a placeholder, image rep is providing a placeholder image for <private>
2026-09-14 13:41:00.348 I  PeachCommander[11284:959b] [com.apple.AppKit:Image] ISImage reported a placeholder, image rep is providing a placeholder image for <private>
2026-09-14 13:41:00.348 I  PeachCommander[11284:959b] [com.apple.AppKit:Image] ISImage reported a placeholder, image rep is providing a placeholder image for <private>
2026-09-14 13:41:00.349 I  PeachCommander[11284:959b] [com.apple.AppKit:Image] ISImage reported a placeholder, image rep is providing a placeholder image for <private>
2026-09-14 13:41:00.349 I  PeachCommander[11284:959b] [com.apple.AppKit:Image] ISImage reported a placeholder, image rep is providing a placeholder image for <private>
2026-09-14 13:41:00.350 I  PeachCommander[11284:959b] [com.apple.AppKit:Image] ISImage reported a placeholder, image rep is providing a placeholder image for <private>
2026-09-14 13:41:00.350 I  PeachCommander[11284:959b] [com.apple.AppKit:Image] ISImage reported a placeholder, image rep is providing a placeholder image for <private>
2026-09-14 13:41:00.351 I  PeachCommander[11284:959b] [com.apple.AppKit:Image] ISImage reported a placeholder, image rep is providing a placeholder image for <private>
2026-09-14 13:41:00.351 I  PeachCommander[11284:959b] [com.apple.AppKit:Image] ISImage reported a placeholder, image rep is providing a placeholder image for <private>
2026-09-14 13:41:00.352 I  PeachCommander[11284:959b] [com.apple.AppKit:Image] ISImage reported a placeholder, image rep is providing a placeholder image for <private>
2026-09-14 13:41:00.352 I  PeachCommander[11284:959b] [com.apple.AppKit:Image] ISImage reported a placeholder, image rep is providing a placeholder image for <private>
2026-09-14 13:41:00.353 I  PeachCommander[11284:959b] [com.apple.AppKit:Image] ISImage reported a placeholder, image rep is providing a placeholder image for <private>
2026-09-14 13:41:00.354 I  PeachCommander[11284:959b] [com.apple.AppKit:Image] ISImage reported a placeholder, image rep is providing a placeholder image for <private>
2026-09-14 13:41:00.438 I  PeachCommander[11284:959b] [com.apple.AppKit:Image] ISImage reported a placeholder, image rep is providing a placeholder image for <private>
2026-09-14 13:41:00.438 I  PeachCommander[11284:959b] [com.apple.AppKit:Image] ISImage reported a placeholder, image rep is providing a placeholder image for <private>
2026-09-14 13:41:00.439 I  PeachCommander[11284:959b] [com.apple.AppKit:Image] ISImage reported a placeholder, image rep is providing a placeholder image for <private>
2026-09-14 13:41:00.439 I  PeachCommander[11284:959b] [com.apple.AppKit:Image] ISImage reported a placeholder, image rep is providing a placeholder image for <private>
2026-09-14 13:41:00.440 I  PeachCommander[11284:959b] [com.apple.AppKit:Image] ISImage reported a placeholder, image rep is providing a placeholder image for <private>
2026-09-14 13:41:00.440 I  PeachCommander[11284:959b] [com.apple.AppKit:Image] ISImage reported a placeholder, image rep is providing a placeholder image for <private>
2026-09-14 13:41:00.441 I  PeachCommander[11284:959b] [com.apple.AppKit:Image] ISImage reported a placeholder, image rep is providing a placeholder image for <private>
2026-09-14 13:41:00.442 I  PeachCommander[11284:959b] [com.apple.AppKit:Image] ISImage reported a placeholder, image rep is providing a placeholder image for <private>
2026-09-14 13:41:00.442 I  PeachCommander[11284:959b] [com.apple.AppKit:Image] ISImage reported a placeholder, image rep is providing a placeholder image for <private>
2026-09-14 13:41:00.443 I  PeachCommander[11284:959b] [com.apple.AppKit:Image] ISImage reported a placeholder, image rep is providing a placeholder image for <private>
2026-09-14 13:41:00.443 I  PeachCommander[11284:959b] [com.apple.AppKit:Image] ISImage reported a placeholder, image rep is providing a placeholder image for <private>
2026-09-14 13:41:00.444 I  PeachCommander[11284:959b] [com.apple.AppKit:Image] ISImage reported a placeholder, image rep is providing a placeholder image for <private>
2026-09-14 13:41:00.444 I  PeachCommander[11284:959b] [com.apple.AppKit:Image] ISImage reported a placeholder, image rep is providing a placeholder image for <private>
2026-09-14 13:41:00.445 I  PeachCommander[11284:959b] [com.apple.AppKit:Image] ISImage reported a placeholder, image rep is providing a placeholder image for <private>
2026-09-14 13:41:00.446 I  PeachCommander[11284:959b] [com.apple.AppKit:Image] ISImage reported a placeholder, image rep is providing a placeholder image for <private>
2026-09-14 13:41:00.447 I  PeachCommander[11284:959b] [com.apple.AppKit:Image] ISImage reported a placeholder, image rep is providing a placeholder image for <private>
2026-09-14 13:41:00.447 I  PeachCommander[11284:959b] [com.apple.AppKit:Image] ISImage reported a placeholder, image rep is providing a placeholder image for <private>
2026-09-14 13:41:00.448 I  PeachCommander[11284:959b] [com.apple.AppKit:Image] ISImage reported a placeholder, image rep is providing a placeholder image for <private>
2026-09-14 13:41:00.448 I  PeachCommander[11284:959b] [com.apple.AppKit:Image] ISImage reported a placeholder, image rep is providing a placeholder image for <private>
2026-09-14 13:41:00.449 I  PeachCommander[11284:959b] [com.apple.AppKit:Image] ISImage reported a placeholder, image rep is providing a placeholder image for <private>
2026-09-14 13:41:00.450 I  PeachCommander[11284:959b] [com.apple.AppKit:Image] ISImage reported a placeholder, image rep is providing a placeholder image for <private>
2026-09-14 13:41:00.450 I  PeachCommander[11284:959b] [com.apple.AppKit:Image] ISImage reported a placeholder, image rep is providing a placeholder image for <private>
2026-09-14 13:41:00.451 I  PeachCommander[11284:959b] [com.apple.AppKit:Image] ISImage reported a placeholder, image rep is providing a placeholder image for <private>
2026-09-14 13:41:00.452 I  PeachCommander[11284:959b] [com.apple.AppKit:Image] ISImage reported a placeholder, image rep is providing a placeholder image for <private>
2026-09-14 13:41:00.452 I  PeachCommander[11284:959b] [com.apple.AppKit:Image] ISImage reported a placeholder, image rep is providing a placeholder image for <private>
2026-09-14 13:41:00.453 I  PeachCommander[11284:959b] [com.apple.AppKit:Image] ISImage reported a placeholder, image rep is providing a placeholder image for <private>
2026-09-14 13:41:00.453 I  PeachCommander[11284:959b] [com.apple.AppKit:Image] ISImage reported a placeholder, image rep is providing a placeholder image for <private>
2026-09-14 13:41:00.454 I  PeachCommander[11284:959b] [com.apple.AppKit:Image] ISImage reported a placeholder, image rep is providing a placeholder image for <private>
2026-09-14 13:41:00.454 I  PeachCommander[11284:959b] [com.apple.AppKit:Image] ISImage reported a placeholder, image rep is providing a placeholder image for <private>
2026-09-14 13:41:00.455 I  PeachCommander[11284:959b] [com.apple.AppKit:Image] ISImage reported a placeholder, image rep is providing a placeholder image for <private>
2026-09-14 13:41:00.455 I  PeachCommander[11284:959b] [com.apple.AppKit:Image] ISImage reported a placeholder, image rep is providing a placeholder image for <private>
2026-09-14 13:41:00.456 I  PeachCommander[11284:959b] [com.apple.AppKit:Image] ISImage reported a placeholder, image rep is providing a placeholder image for <private>
2026-09-14 13:41:00.456 I  PeachCommander[11284:959b] [com.apple.AppKit:Image] ISImage reported a placeholder, image rep is providing a placeholder image for <private>
2026-09-14 13:41:00.457 I  PeachCommander[11284:959b] [com.apple.AppKit:Image] ISImage reported a placeholder, image rep is providing a placeholder image for <private>
2026-09-14 13:41:00.457 I  PeachCommander[11284:959b] [com.apple.AppKit:Image] ISImage reported a placeholder, image rep is providing a placeholder image for <private>
2026-09-14 13:41:00.458 I  PeachCommander[11284:959b] [com.apple.AppKit:Image] ISImage reported a placeholder, image rep is providing a placeholder image for <private>
2026-09-14 13:41:00.458 I  PeachCommander[11284:959b] [com.apple.AppKit:Image] ISImage reported a placeholder, image rep is providing a placeholder image for <private>
2026-09-14 13:41:00.459 I  PeachCommander[11284:959b] [com.apple.AppKit:Image] ISImage reported a placeholder, image rep is providing a placeholder image for <private>
2026-09-14 13:41:00.459 I  PeachCommander[11284:959b] [com.apple.AppKit:Image] ISImage reported a placeholder, image rep is providing a placeholder image for <private>
2026-09-14 13:41:00.460 I  PeachCommander[11284:959b] [com.apple.AppKit:Image] ISImage reported a placeholder, image rep is providing a placeholder image for <private>
2026-09-14 13:41:00.460 I  PeachCommander[11284:959b] [com.apple.AppKit:Image] ISImage reported a placeholder, image rep is providing a placeholder image for <private>
2026-09-14 13:41:00.461 I  PeachCommander[11284:959b] [com.apple.AppKit:Image] ISImage reported a placeholder, image rep is providing a placeholder image for <private>
2026-09-14 13:41:00.461 I  PeachCommander[11284:959b] [com.apple.AppKit:Image] ISImage reported a placeholder, image rep is providing a placeholder image for <private>
2026-09-14 13:41:00.462 I  PeachCommander[11284:959b] [com.apple.AppKit:Image] ISImage reported a placeholder, image rep is providing a placeholder image for <private>
2026-09-14 13:41:00.462 I  PeachCommander[11284:959b] [com.apple.AppKit:Image] ISImage reported a placeholder, image rep is providing a placeholder image for <private>
2026-09-14 13:41:00.463 I  PeachCommander[11284:959b] [com.apple.AppKit:Image] ISImage reported a placeholder, image rep is providing a placeholder image for <private>
2026-09-14 13:41:00.463 I  PeachCommander[11284:959b] [com.apple.AppKit:Image] ISImage reported a placeholder, image rep is providing a placeholder image for <private>
2026-09-14 13:41:00.464 I  PeachCommander[11284:959b] [com.apple.AppKit:Image] ISImage reported a placeholder, image rep is providing a placeholder image for <private>
2026-09-14 13:41:00.464 I  PeachCommander[11284:959b] [com.apple.AppKit:Image] ISImage reported a placeholder, image rep is providing a placeholder image for <private>
2026-09-14 13:41:00.465 I  PeachCommander[11284:959b] [com.apple.AppKit:Image] ISImage reported a placeholder, image rep is providing a placeholder image for <private>
2026-09-14 13:41:00.465 I  PeachCommander[11284:959b] [com.apple.AppKit:Image] ISImage reported a placeholder, image rep is providing a placeholder image for <private>
2026-09-14 13:41:00.466 I  PeachCommander[11284:959b] [com.apple.AppKit:Image] ISImage reported a placeholder, image rep is providing a placeholder image for <private>
2026-09-14 13:41:00.466 I  PeachCommander[11284:959b] [com.apple.AppKit:Image] ISImage reported a placeholder, image rep is providing a placeholder image for <private>
2026-09-14 13:41:00.467 I  PeachCommander[11284:959b] [com.apple.AppKit:Image] ISImage reported a placeholder, image rep is providing a placeholder image for <private>
2026-09-14 13:41:00.467 I  PeachCommander[11284:959b] [com.apple.AppKit:Image] ISImage reported a placeholder, image rep is providing a placeholder image for <private>
2026-09-14 13:41:00.468 I  PeachCommander[11284:959b] [com.apple.AppKit:Image] ISImage reported a placeholder, image rep is providing a placeholder image for <private>
2026-09-14 13:41:00.468 I  PeachCommander[11284:959b] [com.apple.AppKit:Image] ISImage reported a placeholder, image rep is providing a placeholder image for <private>
2026-09-14 13:41:00.469 I  PeachCommander[11284:959b] [com.apple.AppKit:Image] ISImage reported a placeholder, image rep is providing a placeholder image for <private>
2026-09-14 13:41:00.469 I  PeachCommander[11284:959b] [com.apple.AppKit:Image] ISImage reported a placeholder, image rep is providing a placeholder image for <private>
2026-09-14 13:41:00.470 I  PeachCommander[11284:959b] [com.apple.AppKit:Image] ISImage reported a placeholder, image rep is providing a placeholder image for <private>
2026-09-14 13:41:00.470 I  PeachCommander[11284:959b] [com.apple.AppKit:Image] ISImage reported a placeholder, image rep is providing a placeholder image for <private>
2026-09-14 13:41:00.471 I  PeachCommander[11284:959b] [com.apple.AppKit:Image] ISImage reported a placeholder, image rep is providing a placeholder image for <private>
2026-09-14 13:41:00.471 I  PeachCommander[11284:959b] [com.apple.AppKit:Image] ISImage reported a placeholder, image rep is providing a placeholder image for <private>
2026-09-14 13:41:00.472 I  PeachCommander[11284:959b] [com.apple.AppKit:Image] ISImage reported a placeholder, image rep is providing a placeholder image for <private>
2026-09-14 13:41:00.472 I  PeachCommander[11284:959b] [com.apple.AppKit:Image] ISImage reported a placeholder, image rep is providing a placeholder image for <private>
2026-09-14 13:41:00.473 I  PeachCommander[11284:959b] [com.apple.AppKit:Image] ISImage reported a placeholder, image rep is providing a placeholder image for <private>
2026-09-14 13:41:00.473 I  PeachCommander[11284:959b] [com.apple.AppKit:Image] ISImage reported a placeholder, image rep is providing a placeholder image for <private>
2026-09-14 13:41:00.474 I  PeachCommander[11284:959b] [com.apple.AppKit:Image] ISImage reported a placeholder, image rep is providing a placeholder image for <private>
2026-09-14 13:41:00.474 I  PeachCommander[11284:959b] [com.apple.AppKit:Image] ISImage reported a placeholder, image rep is providing a placeholder image for <private>
2026-09-14 13:41:00.475 I  PeachCommander[11284:959b] [com.apple.AppKit:Image] ISImage reported a placeholder, image rep is providing a placeholder image for <private>
2026-09-14 13:41:00.475 I  PeachCommander[11284:959b] [com.apple.AppKit:Image] ISImage reported a placeholder, image rep is providing a placeholder image for <private>
2026-09-14 13:41:00.476 I  PeachCommander[11284:959b] [com.apple.AppKit:Image] ISImage reported a placeholder, image rep is providing a placeholder image for <private>
2026-09-14 13:41:00.477 I  PeachCommander[11284:959b] [com.apple.AppKit:Image] ISImage reported a placeholder, image rep is providing a placeholder image for <private>
2026-09-14 13:41:00.478 I  PeachCommander[11284:959b] [com.apple.AppKit:Image] ISImage reported a placeholder, image rep is providing a placeholder image for <private>
2026-09-14 13:41:00.478 I  PeachCommander[11284:959b] [com.apple.AppKit:Image] ISImage reported a placeholder, image rep is providing a placeholder image for <private>
2026-09-14 13:41:00.479 I  PeachCommander[11284:959b] [com.apple.AppKit:Image] ISImage reported a placeholder, image rep is providing a placeholder image for <private>
2026-09-14 13:41:00.479 I  PeachCommander[11284:959b] [com.apple.AppKit:Image] ISImage reported a placeholder, image rep is providing a placeholder image for <private>
2026-09-14 13:41:00.479 I  PeachCommander[11284:959b] [com.apple.AppKit:Image] ISImage reported a placeholder, image rep is providing a placeholder image for <private>
2026-09-14 13:41:00.480 I  PeachCommander[11284:959b] [com.apple.AppKit:Image] ISImage reported a placeholder, image rep is providing a placeholder image for <private>
2026-09-14 13:41:00.480 I  PeachCommander[11284:959b] [com.apple.AppKit:Image] ISImage reported a placeholder, image rep is providing a placeholder image for <private>
2026-09-14 13:41:00.481 I  PeachCommander[11284:959b] [com.apple.AppKit:Image] ISImage reported a placeholder, image rep is providing a placeholder image for <private>
2026-09-14 13:41:00.893 Df PeachCommander[11284:959b] (Foundation) <private>
2026-09-14 13:41:00.893 I  PeachCommander[11284:959b] [com.peachcommander:PCFoundation] [automation] done
