Timestamp               Ty Process[PID:TID]
2026-09-14 12:38:26.271 A  PeachCommander[1440:1f7f] (libsystem_info.dylib) Retrieve User by ID
2026-09-14 12:38:26.271 Df PeachCommander[1440:1f7f] [com.apple.xpc:connection] [0x1062509a0] activating connection: mach=true listener=false peer=false name=com.apple.cfprefsd.daemon
2026-09-14 12:38:26.271 Df PeachCommander[1440:1f86] [com.apple.xpc:connection] [0x106253fe0] activating connection: mach=true listener=false peer=false name=com.apple.cfprefsd.agent
2026-09-14 12:38:26.272 Df PeachCommander[1440:1f7f] [com.apple.xpc:connection] [0x106256b20] activating connection: mach=true listener=false peer=false name=com.apple.coreservices.launchservicesd
2026-09-14 12:38:26.272 I  PeachCommander[1440:1f7f] [com.apple.launchservices:cas] Registering for notification <private> on default queue, to re-boostrap client connection.
2026-09-14 12:38:26.272 Df PeachCommander[1440:1f7f] [com.apple.xpc:connection] [0x826c80000] activating connection: mach=true listener=false peer=false name=com.apple.pasteboard.1
2026-09-14 12:38:26.273 Df PeachCommander[1440:1f7f] [com.apple.xpc:connection] [0x826c80140] activating connection: mach=true listener=false peer=false name=com.apple.distributed_notifications@Uv3
2026-09-14 12:38:26.274 Df PeachCommander[1440:1f7f] [com.apple.AppKit:AutomaticTermination] void _NSDisableAutomaticTerminationAndLog(NSString *) No windows open yet
2026-09-14 12:38:26.274 A  PeachCommander[1440:1f7f] (TCC) TCCAccessRequest() IPC
2026-09-14 12:38:26.274 Df PeachCommander[1440:1f7f] [com.apple.xpc:connection] [0x826c80280] activating connection: mach=true listener=false peer=false name=com.apple.tccd.system
2026-09-14 12:38:26.274 I  PeachCommander[1440:1f7f] [com.apple.TCC:access] SEND: 0/7 synchronous to com.apple.tccd.system: request: msgID=1440.1, function=TCCAccessRequest, service=kTCCServiceListenEvent,
2026-09-14 12:38:26.275 I  PeachCommander[1440:1f7f] [com.apple.TCC:access] RECV: synchronous reply <dictionary: 0x826c68000> { count = 5, transaction: 0, voucher = 0x0, contents =
	"prompt_type" => <uint64: 0xaeeafb2279a416ef>: 1
	"auth_value" => <uint64: 0xaeeafb2279a416ef>: 1
	"preflight_unknown" => <bool: 0x1eef4d190>: true
	"auth_version" => <uint64: 0xaeeafb2279a416ef>: 1
	"auth_reason" => <uint64: 0xaeeafb2279a416cf>: 5
}
2026-09-14 12:38:26.275 Df PeachCommander[1440:1f7f] [com.apple.xpc:connection] [0x826c80280] invalidated after the last release of the connection object
2026-09-14 12:38:26.275 Df PeachCommander[1440:1f7f] [com.apple.SkyLight:default] server port 0x00003107, session port 0x00003107
2026-09-14 12:38:26.277 Df PeachCommander[1440:1f7f] [com.apple.SkyLight:default] New connection 0x51d1f main
2026-09-14 12:38:26.277 I  PeachCommander[1440:1f86] [com.apple.SkyLight:processes] 0[outside of RPC]: First connection id 335135 mapped to ctx = 0x106259630
2026-09-14 12:38:26.278 I  PeachCommander[1440:1f7f] [com.apple.hiservices:processmgr] Checking in with CAS, pid=1440
2026-09-14 12:38:26.278 I  PeachCommander[1440:1f7f] [com.apple.launchservices:cas] LSApplicationCheckIn(), app being registered is:"/Users/admin/pc-test/PeachCommander.app/Contents/MacOS/PeachCommander"
2026-09-14 12:38:26.278 I  PeachCommander[1440:1f7f] [com.apple.launchservices:cas]  { "ApplicationType"="Foreground", "BuildMachineOSBuild"="25E246", "CFBundleDevelopmentRegion"="en", "CFBundleDocumentTypes"=( { "CFBundleTypeName"="Peach Commander Plugin Package", "CFBundleTypeRole"="Viewer", "LSHandlerRank"="Owner", "LSItemContentTypes"=( "com.peachcommander.plugin-package") }), "CFBundleExecutable"="PeachCommander", "CFBundleExecutablePath"="/Users/admin/pc-test/PeachCommander.app/Contents/MacOS/PeachCommander", "CFBundleHelpBookFolder"="PeachCommander.help", "CFBundleHelpBookName"="Peach Commander Help", "CFBundleIconFile"="AppIcon", "CFBundleIconName"="AppIcon", "CFBundleIdentifier"="com.peachcommander.app", "CFBundleInfoDictionaryVersion"="6.0", "CFBundleName"="PeachCommander", "CFBundleNumericVersion"=402685952, "CFBundlePackageType"="APPL", "CFBundleShortVersionString"="0.9.0", "CFBundleSignature"="?????", "CFBundleSupportedPlatforms"=( "MacOSX"), "CFBundleVersion"="18", "DTCompiler"="com.apple.compilers.llvm.clang.1_0", "DTPlatformBuild"="25F70", "DTPlatformName"="macosx", "<…>
2026-09-14 12:38:26.278 Df PeachCommander[1440:1f7f] [com.apple.processmanager:front-35286506] CHECKIN: pid=1440
2026-09-14 12:38:26.279 Df PeachCommander[1440:1f7f] [com.apple.processmanager:front-35286506] CHECKEDIN: pid=1440 asn=0x0-0x2a02a foreground=1
2026-09-14 12:38:26.279 I  PeachCommander[1440:1f7f] [com.apple.launchservices:cas] Setting processControlState to default PROC_SETPC_SUSPEND because application does not have LSProcessControlValue key
2026-09-14 12:38:26.279 Df PeachCommander[1440:1f7f] [com.apple.xpc:connection] [0x826c80280] activating connection: mach=false listener=true peer=false name=(anonymous)
2026-09-14 12:38:26.279 Df PeachCommander[1440:1f7f] [com.apple.xpc:connection] [0x826c80280] Connection returned listener port: 0x5303
2026-09-14 12:38:26.280 Df PeachCommander[1440:1f87] [com.apple.xpc:connection] [0x8270b4300] activating connection: mach=false listener=false peer=true name=com.apple.xpc.anonymous.0x826c80280.peer[131].0x8270b4300
2026-09-14 12:38:26.280 Df PeachCommander[1440:1f7f] [com.apple.processmanager:front-35286506] FRONTLOGGING: version 1
2026-09-14 12:38:26.280 Df PeachCommander[1440:1f7f] [com.apple.processmanager:front-35286506] Registered, pid=1440 ASN=0x0,0x2a02a
2026-09-14 12:38:26.280 Df PeachCommander[1440:1f7f] [com.apple.xpc:connection] [0x826c803c0] activating connection: mach=true listener=false peer=false name=com.apple.analyticsd
2026-09-14 12:38:26.280 I  PeachCommander[1440:1f7f] [com.apple.CoreAnalytics:client] Daemon status changed from 0 to 1
2026-09-14 12:38:26.280 I  PeachCommander[1440:1f87] [com.apple.CarbonCore:coreservicesdaemon] SCSession():SCSession( id=100, this=0x0x1062545a0 option=65538) created, forUID=501 mach_port_t=0x4603.
2026-09-14 12:38:26.280 I  PeachCommander[1440:1f87] [com.apple.CarbonCore:coreservicesdaemon] SCSession():SCSession( id=101, this=0x0x1062546e0 option=65538) created, forUID=501 mach_port_t=0x4503.
2026-09-14 12:38:26.280 I  PeachCommander[1440:1f87] [com.apple.CarbonCore:coreservicesdaemon] connectToCoreServicesD():Instantiating server (coreservicesd based) SCSession, port=0x4603 serverOptions=0x10002.
2026-09-14 12:38:26.280 I  PeachCommander[1440:1f7f] [com.apple.hiservices:processmgr] _RegisterApplication( pid 1440 => 0x0,0x2a02a) type=foreground
2026-09-14 12:38:26.280 Df PeachCommander[1440:1f7f] [com.apple.xpc:connection] [0x826c80280] Connection returned listener port: 0x5303
2026-09-14 12:38:26.280 I  PeachCommander[1440:1f7f] [com.apple.launchservices:cas] CFArrayRef _LSCopyLaunchModifiers(LSSessionID, LSASNRef _Nonnull), result for psn [ kLSCurrentApp ASN, 0x0,0x2]  is 1 items.
2026-09-14 12:38:26.280 Df PeachCommander[1440:1f7f] [com.apple.processmanager:front-35286506] BringForward: pid=1440 asn=0x0-0x2a02a bringForward=1 foreground=1 uiElement=0 launchedByLS=1 modifiersCount=1 allDisabled=1
2026-09-14 12:38:26.280 Df PeachCommander[1440:1f7f] [com.apple.processmanager:front-35286506] BringFrontModifier: pid=1440 asn=0x0-0x2a02a Modifier 0 hideAfter=0 hideOthers=0 dontMakeFrontmost=0 mouseDown=0/0 seed=0/0
2026-09-14 12:38:26.280 Df PeachCommander[1440:1f7f] [com.apple.processmanager:front-35286506] BringForward: pid=1440 asn=0x0-0x2a02a
2026-09-14 12:38:26.280 Df PeachCommander[1440:1f7f] [com.apple.processmanager:front-35286506] SetFrontProcess: asn=0x0-0x2a02a options=0
2026-09-14 12:38:26.280 I  PeachCommander[1440:1f7f] [com.apple.SkyLight:processes] 0[outside of RPC]: SLPSetFrontProcess(0x0-0x2a02a window=0 options=0x0
2026-09-14 12:38:26.280 Df PeachCommander[1440:1f87] [com.apple.xpc:connection] [0x826c80500] activating connection: mach=true listener=false peer=false name=com.apple.lsd.mapdb
2026-09-14 12:38:26.282 Df PeachCommander[1440:1f7f] [com.apple.AppKit:Appearance] Current system appearance, (HLTB: 1), (SLS: 0)
2026-09-14 12:38:26.282 Df PeachCommander[1440:1f7f] (libMobileGestalt.dylib) No persisted cache on this platform.
2026-09-14 12:38:26.283 I  PeachCommander[1440:1f8b] [com.apple.launchservices:cas] information in shared memory for 0x0-0x2a02a with seed 533 was still valid, so using cached info { "ApplicationType"="Foreground", "BuildMachineOSBuild"="25E246", "BundleIdentifierLowerCase"="com.peachcommander.app", "CFBundleDevelopmentRegion"="en", "CFBundleDocumentTypes"=( { "CFBundleTypeName"="Peach Commander Plugin Package", "CFBundleTypeRole"="Viewer", "LSHandlerRank"="Owner", "LSItemContentTypes"=( "com.peachcommander.plugin-package") }), "CFBundleExecutable"="PeachCommander", "CFBundleExecutablePath"="/Users/admin/pc-test/PeachCommander.app/Contents/MacOS/PeachCommander", "CFBundleExecutablePathDeviceID"=16777229, "CFBundleExecutablePathINode"=487975, "CFBundleHelpBookFolder"="PeachCommander.help", "CFBundleHelpBookName"="Peach Commander Help", "CFBundleIconFile"="AppIcon", "CFBundleIconName"="AppIcon", "CFBundleIdentifier"="com.peachcommander.app", "CFBundleInfoDictionaryVersion"="6.0", "CFBundleName"="PeachCommander", "CFBundleNameLowerCase"="peachcommander", "CFBundleNumericVersion"=402685952, "CFBundlePackageType"="APPL", "CFBundleShortVersionString"="0.9.0", "CFBun<…>
2026-09-14 12:38:26.283 Df PeachCommander[1440:1f7f] (libMobileGestalt.dylib) Could not get size of EAN data (IOConnectCallScalarMethod kAppleNVMeEANGetSize returned 0xE00002E2)
2026-09-14 12:38:26.283 Df PeachCommander[1440:1f7f] (libMobileGestalt.dylib) Failed to copy 'aptk' from EAN
2026-09-14 12:38:26.283 Df PeachCommander[1440:1f7f] (libMobileGestalt.dylib) Failed to copy APTicket properties. Falling back to default policy.
2026-09-14 12:38:26.283 Df PeachCommander[1440:1f7f] (libMobileGestalt.dylib) Creating default MGSysConfigPolicy
2026-09-14 12:38:26.283 Df PeachCommander[1440:1f7f] (libMobileGestalt.dylib) CFDictionaryRef copySyscfgDictionary(void) enumeration of <private> failed.
2026-09-14 12:38:26.283 Df PeachCommander[1440:1f7f] (libMobileGestalt.dylib) Failed to find key <private>
2026-09-14 12:38:26.283 I  PeachCommander[1440:1f87] [com.apple.launchservices:db] LaunchServices database schema version: 20971544
2026-09-14 12:38:26.283 Df PeachCommander[1440:1f7f] [com.apple.AppKit:Appearance] Current system appearance, (HLTB: 1), (SLS: 0)
2026-09-14 12:38:26.284 Df PeachCommander[1440:1f7f] [com.apple.AppKit:Appearance] Post-registration system appearance: (HLTB: 1)
2026-09-14 12:38:26.285 I  PeachCommander[1440:1f87] [com.apple.launchservices:default] Unable to load Info.plist exceptions (eGPUOverrides)
2026-09-14 12:38:26.285 I  PeachCommander[1440:1f87] [com.apple.launchservices:default] Unable to load Info.plist exceptions (gameModeOverrides)
2026-09-14 12:38:26.285 I  PeachCommander[1440:1f87] [com.apple.launchservices:default] Unable to load Info.plist exceptions (identifiedGameOverrides)
2026-09-14 12:38:26.285 I  PeachCommander[1440:1f87] [com.apple.launchservices:default] Unable to load Info.plist exceptions (SystemHiddenPreferred)
2026-09-14 12:38:26.285 Df PeachCommander[1440:1f86] [com.apple.CoreAnalytics:client] Received configuration update from daemon (initial)
2026-09-14 12:38:26.285 Df PeachCommander[1440:1f7f] [com.apple.FrontBoard:Common] FBSWorkspace: endpoint monitoring is disabled.
2026-09-14 12:38:26.285 Df PeachCommander[1440:1f7f] [com.apple.FrontBoard:Common] FBSWorkspace: default shell endpoint is disabled.
2026-09-14 12:38:26.285 Df PeachCommander[1440:1f7f] [com.apple.runningboard:connection] Initializing connection
2026-09-14 12:38:26.285 Df PeachCommander[1440:1f7f] [com.apple.runningboard:process] Removing all cached process handles
2026-09-14 12:38:26.285 Df PeachCommander[1440:1f8b] [com.apple.runningboard:connection] Sending handshake request attempt #1 to server
2026-09-14 12:38:26.285 Df PeachCommander[1440:1f8b] [com.apple.runningboard:connection] Creating connection to com.apple.runningboard
2026-09-14 12:38:26.285 Df PeachCommander[1440:1f8b] [com.apple.xpc:connection] [0x826c80640] activating connection: mach=true listener=false peer=false name=com.apple.runningboard
2026-09-14 12:38:26.286 Df PeachCommander[1440:1f7f] [com.apple.xpc:connection] [0x826c80280] Connection returned listener port: 0x5303
2026-09-14 12:38:26.286 A  PeachCommander[1440:1f8c] (RunningBoardServices) didChangeInheritances
2026-09-14 12:38:26.286 I  PeachCommander[1440:1f7f] [com.apple.launchservices:cas] information in shared memory for 0x0-0x2a02a with seed 533 was still valid, so using cached info { "ApplicationType"="Foreground", "BuildMachineOSBuild"="25E246", "BundleIdentifierLowerCase"="com.peachcommander.app", "CFBundleDevelopmentRegion"="en", "CFBundleDocumentTypes"=( { "CFBundleTypeName"="Peach Commander Plugin Package", "CFBundleTypeRole"="Viewer", "LSHandlerRank"="Owner", "LSItemContentTypes"=( "com.peachcommander.plugin-package") }), "CFBundleExecutable"="PeachCommander", "CFBundleExecutablePath"="/Users/admin/pc-test/PeachCommander.app/Contents/MacOS/PeachCommander", "CFBundleExecutablePathDeviceID"=16777229, "CFBundleExecutablePathINode"=487975, "CFBundleHelpBookFolder"="PeachCommander.help", "CFBundleHelpBookName"="Peach Commander Help", "CFBundleIconFile"="AppIcon", "CFBundleIconName"="AppIcon", "CFBundleIdentifier"="com.peachcommander.app", "CFBundleInfoDictionaryVersion"="6.0", "CFBundleName"="PeachCommander", "CFBundleNameLowerCase"="peachcommander", "CFBundleNumericVersion"=402685952, "CFBundlePackageType"="APPL", "CFBundleShortVersionString"="0.9.0", "CFBun<…>
2026-09-14 12:38:26.286 Df PeachCommander[1440:1f8b] [com.apple.runningboard:connection] Handshake succeeded
2026-09-14 12:38:26.286 Df PeachCommander[1440:1f8b] [com.apple.runningboard:connection] Identity resolved as app<application.com.peachcommander.app.487320.487975(501)>
2026-09-14 12:38:26.288 Df PeachCommander[1440:1f7f] [com.apple.xpc:connection] [0x826c80280] Connection returned listener port: 0x5303
2026-09-14 12:38:26.289 A  PeachCommander[1440:1f8c] (AppIntents) appintents:register process
2026-09-14 12:38:26.289 Df PeachCommander[1440:1f8c] [com.apple.appintents:Connection] Created a new Process Instance Registry XPC connection (inactive)
2026-09-14 12:38:26.289 Df PeachCommander[1440:1f8c] [com.apple.xpc:connection] [0x826c80780] activating connection: mach=true listener=false peer=false name=com.apple.linkd.autoShortcut
2026-09-14 12:38:26.289 Df PeachCommander[1440:1f8c] [com.apple.appintents:Connection] Activated connection to linkd (ApplicationService)
2026-09-14 12:38:26.289 Df PeachCommander[1440:1f8c] [com.apple.xpc:connection] [0x826c80a00] activating connection: mach=false listener=true peer=false name=(anonymous)
2026-09-14 12:38:26.289 I  PeachCommander[1440:1f7f] [com.apple.launchservices:cas] information in shared memory for 0x0-0x2a02a with seed 533 was still valid, so using cached info { "ApplicationType"="Foreground", "BuildMachineOSBuild"="25E246", "BundleIdentifierLowerCase"="com.peachcommander.app", "CFBundleDevelopmentRegion"="en", "CFBundleDocumentTypes"=( { "CFBundleTypeName"="Peach Commander Plugin Package", "CFBundleTypeRole"="Viewer", "LSHandlerRank"="Owner", "LSItemContentTypes"=( "com.peachcommander.plugin-package") }), "CFBundleExecutable"="PeachCommander", "CFBundleExecutablePath"="/Users/admin/pc-test/PeachCommander.app/Contents/MacOS/PeachCommander", "CFBundleExecutablePathDeviceID"=16777229, "CFBundleExecutablePathINode"=487975, "CFBundleHelpBookFolder"="PeachCommander.help", "CFBundleHelpBookName"="Peach Commander Help", "CFBundleIconFile"="AppIcon", "CFBundleIconName"="AppIcon", "CFBundleIdentifier"="com.peachcommander.app", "CFBundleInfoDictionaryVersion"="6.0", "CFBundleName"="PeachCommander", "CFBundleNameLowerCase"="peachcommander", "CFBundleNumericVersion"=402685952, "CFBundlePackageType"="APPL", "CFBundleShortVersionString"="0.9.0", "CFBun<…>
2026-09-14 12:38:26.289 I  PeachCommander[1440:1f7f] [com.apple.hiservices:processmgr] TransformProcessType(0x0,0x2 => 1 wasFront=1 pickNew=0)
2026-09-14 12:38:26.289 I  PeachCommander[1440:1f7f] [com.apple.CoreAnalytics:client] Dropping "com.apple.appkit.app_config" as it isn't used in any transform (not in the config or budgeted?)
2026-09-14 12:38:26.290 I  PeachCommander[1440:1f8c] [com.apple.appintents:Execution] LNAppConnectionListener instantiated
2026-09-14 12:38:26.290 Df PeachCommander[1440:1f8c] [com.apple.xpc:connection] [0x826c80a00] Connection returned listener port: 0x6c03
2026-09-14 12:38:26.290 Df PeachCommander[1440:1f7f] [com.apple.dt.xctest:Default] Registering for test daemon availability notify post.
2026-09-14 12:38:26.290 Df PeachCommander[1440:1f7f] [com.apple.dt.xctest:Default] notify_get_state check indicated test daemon not ready.
2026-09-14 12:38:26.290 Df PeachCommander[1440:1f86] [com.apple.xpc:connection] [0x826c80780] Re-initialization successful; calling out to event handler with XPC_ERROR_CONNECTION_INTERRUPTED
2026-09-14 12:38:26.290 Df PeachCommander[1440:1f86] [com.apple.appintents:Connection] Process Instance Registry XPC connection has been interrupted
2026-09-14 12:38:26.290 Df PeachCommander[1440:1f7f] [com.apple.dt.xctest:Default] notify_get_state check indicated test daemon not ready.
2026-09-14 12:38:26.290 E  PeachCommander[1440:1f8c] [com.apple.appintents:Connection] Unable to get synchronousRemoteObjectProxy, error: Error Domain=NSCocoaErrorDomain Code=4097 "connection to service named com.apple.linkd.autoShortcut" UserInfo={NSDebugDescription=connection to service named com.apple.linkd.autoShortcut}
2026-09-14 12:38:26.290 E  PeachCommander[1440:1f8c] [com.apple.AppKit:Application] Error registering app with intents framework: Error Domain=NSCocoaErrorDomain Code=4097 UserInfo={NSDebugDescription=<private>}
2026-09-14 12:38:26.290 Df PeachCommander[1440:1f8b] [com.apple.appintents:Connection] Created a new Process Instance Registry XPC connection (inactive)
2026-09-14 12:38:26.290 Df PeachCommander[1440:1f7f] [com.apple.dt.xctest:Default] notify_get_state check indicated test daemon not ready.
2026-09-14 12:38:26.290 A  PeachCommander[1440:1f8b] (AppIntents) appintents:register process
2026-09-14 12:38:26.290 Df PeachCommander[1440:1f8b] [com.apple.appintents:Connection] Created a new Process Instance Registry XPC connection (inactive)
2026-09-14 12:38:26.290 Df PeachCommander[1440:1f8b] [com.apple.xpc:connection] [0x826c80c80] activating connection: mach=true listener=false peer=false name=com.apple.linkd.autoShortcut
2026-09-14 12:38:26.290 Df PeachCommander[1440:1f8b] [com.apple.appintents:Connection] Activated connection to linkd (ApplicationService)
2026-09-14 12:38:26.290 Df PeachCommander[1440:1f8b] [com.apple.xpc:connection] [0x826c80a00] Connection returned listener port: 0x6c03
2026-09-14 12:38:26.291 Df PeachCommander[1440:1f8c] [com.apple.xpc:connection] [0x826c80c80] Re-initialization successful; calling out to event handler with XPC_ERROR_CONNECTION_INTERRUPTED
2026-09-14 12:38:26.291 Df PeachCommander[1440:1f8c] [com.apple.appintents:Connection] Process Instance Registry XPC connection has been interrupted
2026-09-14 12:38:26.291 Df PeachCommander[1440:1f8c] [com.apple.appintents:Connection] Created a new Process Instance Registry XPC connection (inactive)
2026-09-14 12:38:26.291 A  PeachCommander[1440:1f8c] (AppIntents) appintents:register process
2026-09-14 12:38:26.291 Df PeachCommander[1440:1f8c] [com.apple.appintents:Connection] Created a new Process Instance Registry XPC connection (inactive)
2026-09-14 12:38:26.291 Df PeachCommander[1440:1f8c] [com.apple.xpc:connection] [0x826c812c0] activating connection: mach=true listener=false peer=false name=com.apple.linkd.autoShortcut
2026-09-14 12:38:26.292 Df PeachCommander[1440:1f8c] [com.apple.appintents:Connection] Activated connection to linkd (ApplicationService)
2026-09-14 12:38:26.292 Df PeachCommander[1440:1f8c] [com.apple.xpc:connection] [0x826c80a00] Connection returned listener port: 0x6c03
2026-09-14 12:38:26.292 E  PeachCommander[1440:1f8b] [com.apple.appintents:Connection] Unable to get synchronousRemoteObjectProxy, error: Error Domain=NSCocoaErrorDomain Code=4097 "connection to service named com.apple.linkd.autoShortcut" UserInfo={NSDebugDescription=connection to service named com.apple.linkd.autoShortcut}
2026-09-14 12:38:26.292 E  PeachCommander[1440:1f8b] [com.apple.appintents:Connection] Unable to re-register with Process Instance Registry, error: Error Domain=NSCocoaErrorDomain Code=4097 "connection to service named com.apple.linkd.autoShortcut" UserInfo={NSDebugDescription=connection to service named com.apple.linkd.autoShortcut}
2026-09-14 12:38:26.292 Df PeachCommander[1440:1f8b] [com.apple.xpc:connection] [0x826c812c0] Re-initialization successful; calling out to event handler with XPC_ERROR_CONNECTION_INTERRUPTED
2026-09-14 12:38:26.292 Df PeachCommander[1440:1f8b] [com.apple.appintents:Connection] Process Instance Registry XPC connection has been interrupted
2026-09-14 12:38:26.292 E  PeachCommander[1440:1f8c] [com.apple.appintents:Connection] Unable to get synchronousRemoteObjectProxy, error: Error Domain=NSCocoaErrorDomain Code=4097 "connection to service named com.apple.linkd.autoShortcut" UserInfo={NSDebugDescription=connection to service named com.apple.linkd.autoShortcut}
2026-09-14 12:38:26.292 E  PeachCommander[1440:1f8c] [com.apple.appintents:Connection] Unable to re-register with Process Instance Registry, error: Error Domain=NSCocoaErrorDomain Code=4097 "connection to service named com.apple.linkd.autoShortcut" UserInfo={NSDebugDescription=connection to service named com.apple.linkd.autoShortcut}
2026-09-14 12:38:26.294 Df PeachCommander[1440:1f8b] [com.apple.appintents:Connection] Created a new Process Instance Registry XPC connection (inactive)
2026-09-14 12:38:26.294 A  PeachCommander[1440:1f8b] (AppIntents) appintents:register process
2026-09-14 12:38:26.294 Df PeachCommander[1440:1f8b] [com.apple.appintents:Connection] Created a new Process Instance Registry XPC connection (inactive)
2026-09-14 12:38:26.294 Df PeachCommander[1440:1f8b] [com.apple.xpc:connection] [0x826c81540] activating connection: mach=true listener=false peer=false name=com.apple.linkd.autoShortcut
2026-09-14 12:38:26.294 Df PeachCommander[1440:1f8b] [com.apple.appintents:Connection] Activated connection to linkd (ApplicationService)
2026-09-14 12:38:26.294 Df PeachCommander[1440:1f8b] [com.apple.xpc:connection] [0x826c80a00] Connection returned listener port: 0x6c03
2026-09-14 12:38:26.294 A  PeachCommander[1440:1f7f] (CoreFoundation) Loading Preferences From System CFPrefsD
2026-09-14 12:38:26.294 Df PeachCommander[1440:1f8c] [com.apple.xpc:connection] [0x826c81540] Re-initialization successful; calling out to event handler with XPC_ERROR_CONNECTION_INTERRUPTED
2026-09-14 12:38:26.294 Df PeachCommander[1440:1f8c] [com.apple.appintents:Connection] Process Instance Registry XPC connection has been interrupted
2026-09-14 12:38:26.294 E  PeachCommander[1440:1f8c] [com.apple.appintents:Connection] Will NOT re-try to establish the connection
2026-09-14 12:38:26.294 E  PeachCommander[1440:1f8b] [com.apple.appintents:Connection] Unable to get synchronousRemoteObjectProxy, error: Error Domain=NSCocoaErrorDomain Code=4097 "connection to service named com.apple.linkd.autoShortcut" UserInfo={NSDebugDescription=connection to service named com.apple.linkd.autoShortcut}
2026-09-14 12:38:26.294 E  PeachCommander[1440:1f8b] [com.apple.appintents:Connection] Unable to re-register with Process Instance Registry, error: Error Domain=NSCocoaErrorDomain Code=4097 "connection to service named com.apple.linkd.autoShortcut" UserInfo={NSDebugDescription=connection to service named com.apple.linkd.autoShortcut}
2026-09-14 12:38:26.294 Df PeachCommander[1440:1f7f] (libMobileGestalt.dylib) couldn't load support library
2026-09-14 12:38:26.294 Df PeachCommander[1440:1f7f] (libMobileGestalt.dylib) called dummy function!
2026-09-14 12:38:26.294 I  PeachCommander[1440:1f7f] [com.apple.GenerativeModels:availability] Current availability state: unavailable, use cases: com.apple.WritingTools, language: <any>, api: <private>
2026-09-14 12:38:26.294 Df PeachCommander[1440:1f7f] [com.apple.GenerativeModels:availability] registering darwin observer for name: com.apple.gms.availability.notification
2026-09-14 12:38:26.294 Df PeachCommander[1440:1f7f] [com.apple.GenerativeModels:availability] registering darwin observer for name: com.apple.os-eligibility-domain.change.greymatter
2026-09-14 12:38:26.294 Df PeachCommander[1440:1f7f] [com.apple.GenerativeModels:availability] registering darwin observer for name: com.apple.language.changed
2026-09-14 12:38:26.294 Df PeachCommander[1440:1f7f] [com.apple.WritingTools:Default] isAvailable value changed: isMDMAllowed = true, gmAvailable (current) = false
2026-09-14 12:38:26.297 I  PeachCommander[1440:1f7f] [com.apple.CoreAnalytics:client] Dropping "com.apple.appkit.app_config" as it isn't used in any transform (not in the config or budgeted?)
2026-09-14 12:38:26.299 Df PeachCommander[1440:1f7f] [com.apple.AppKit:Appearance] NSApp cache appearance:
-NSRequiresAquaSystemAppearance: 0
-appearance: (null)
-effectiveAppearance: <NSCompositeAppearance: 0x826c6c820
 (
    "<NSAquaAppearance: 0x826c6c6e0>",
    "<NSSystemAppearance: 0x826c6c780>"
)>
2026-09-14 12:38:26.301 A  PeachCommander[1440:1f7f] (CoreFoundation) Loading Preferences From User CFPrefsD
2026-09-14 12:38:26.302 A  PeachCommander[1440:1f7f] (CoreFoundation) Loading Preferences From User CFPrefsD
2026-09-14 12:38:26.304 A  PeachCommander[1440:1f8c] (libsystem_info.dylib) Membership API: translate identifier
2026-09-14 12:38:26.306 I  PeachCommander[1440:1f7f] [com.apple.CoreAnalytics:client] Dropping "com.apple.appkit.app_config" as it isn't used in any transform (not in the config or budgeted?)
2026-09-14 12:38:26.306 I  PeachCommander[1440:1f7f] [com.apple.CoreAnalytics:client] Dropping "com.apple.appkit.app_config" as it isn't used in any transform (not in the config or budgeted?)
2026-09-14 12:38:26.308 Df PeachCommander[1440:1f8b] [com.apple.xpc:connection] [0x826c81a40] activating connection: mach=true listener=false peer=false name=com.apple.dock.fullscreen
2026-09-14 12:38:26.309 Df PeachCommander[1440:1f7f] [com.apple.xpc:connection] [0x826c81b80] activating connection: mach=true listener=false peer=false name=com.apple.fonts
2026-09-14 12:38:26.312 I  PeachCommander[1440:1f7f] [com.apple.launchservices:cas] information in shared memory for 0x0-0x2a02a with seed 533 was still valid, so using cached info { "ApplicationType"="Foreground", "BuildMachineOSBuild"="25E246", "BundleIdentifierLowerCase"="com.peachcommander.app", "CFBundleDevelopmentRegion"="en", "CFBundleDocumentTypes"=( { "CFBundleTypeName"="Peach Commander Plugin Package", "CFBundleTypeRole"="Viewer", "LSHandlerRank"="Owner", "LSItemContentTypes"=( "com.peachcommander.plugin-package") }), "CFBundleExecutable"="PeachCommander", "CFBundleExecutablePath"="/Users/admin/pc-test/PeachCommander.app/Contents/MacOS/PeachCommander", "CFBundleExecutablePathDeviceID"=16777229, "CFBundleExecutablePathINode"=487975, "CFBundleHelpBookFolder"="PeachCommander.help", "CFBundleHelpBookName"="Peach Commander Help", "CFBundleIconFile"="AppIcon", "CFBundleIconName"="AppIcon", "CFBundleIdentifier"="com.peachcommander.app", "CFBundleInfoDictionaryVersion"="6.0", "CFBundleName"="PeachCommander", "CFBundleNameLowerCase"="peachcommander", "CFBundleNumericVersion"=402685952, "CFBundlePackageType"="APPL", "CFBundleShortVersionString"="0.9.0", "CFBun<…>
2026-09-14 12:38:26.312 I  PeachCommander[1440:1f7f] [com.apple.CoreAnalytics:client] Dropping "com.apple.appkit.app_config" as it isn't used in any transform (not in the config or budgeted?)
2026-09-14 12:38:26.312 Df PeachCommander[1440:1f7f] [com.apple.AppKit:AutomaticTermination] -[NSApplication(NSAppssassination) _checkForAutomaticTerminationSupportPossiblyEnablingIt]_block_invoke Enabling automatic termination support.
2026-09-14 12:38:26.312 Df PeachCommander[1440:1f7f] [com.apple.xpc:connection] [0x826c80dc0] activating connection: mach=true listener=false peer=false name=com.apple.appkit.restoration_storage
2026-09-14 12:38:26.312 I  PeachCommander[1440:1f7f] [com.apple.launchservices:cas] information in shared memory for 0x0-0x2a02a with seed 533 was still valid, so using cached info { "ApplicationType"="Foreground", "BuildMachineOSBuild"="25E246", "BundleIdentifierLowerCase"="com.peachcommander.app", "CFBundleDevelopmentRegion"="en", "CFBundleDocumentTypes"=( { "CFBundleTypeName"="Peach Commander Plugin Package", "CFBundleTypeRole"="Viewer", "LSHandlerRank"="Owner", "LSItemContentTypes"=( "com.peachcommander.plugin-package") }), "CFBundleExecutable"="PeachCommander", "CFBundleExecutablePath"="/Users/admin/pc-test/PeachCommander.app/Contents/MacOS/PeachCommander", "CFBundleExecutablePathDeviceID"=16777229, "CFBundleExecutablePathINode"=487975, "CFBundleHelpBookFolder"="PeachCommander.help", "CFBundleHelpBookName"="Peach Commander Help", "CFBundleIconFile"="AppIcon", "CFBundleIconName"="AppIcon", "CFBundleIdentifier"="com.peachcommander.app", "CFBundleInfoDictionaryVersion"="6.0", "CFBundleName"="PeachCommander", "CFBundleNameLowerCase"="peachcommander", "CFBundleNumericVersion"=402685952, "CFBundlePackageType"="APPL", "CFBundleShortVersionString"="0.9.0", "CFBun<…>
2026-09-14 12:38:26.312 Df PeachCommander[1440:1f7f] [com.apple.xpc:connection] [0x826c80f00] activating connection: mach=true listener=false peer=false name=com.apple.coreservices.appleevents
2026-09-14 12:38:26.313 I  PeachCommander[1440:1f7f] [com.apple.appleevents:main] _AEGetRegisteredMachPort() created default port (port:45571/0xb203 rcv:1 send:1 limit:5) and registered it with server
2026-09-14 12:38:26.313 Df PeachCommander[1440:1f7f] [com.apple.xpc:connection] [0x826c80280] Connection returned listener port: 0x5303
2026-09-14 12:38:26.313 I  PeachCommander[1440:1f7f] [com.apple.launchservices:cas] information in shared memory for 0x0-0x2a02a with seed 533 was still valid, so using cached info { "ApplicationType"="Foreground", "BuildMachineOSBuild"="25E246", "BundleIdentifierLowerCase"="com.peachcommander.app", "CFBundleDevelopmentRegion"="en", "CFBundleDocumentTypes"=( { "CFBundleTypeName"="Peach Commander Plugin Package", "CFBundleTypeRole"="Viewer", "LSHandlerRank"="Owner", "LSItemContentTypes"=( "com.peachcommander.plugin-package") }), "CFBundleExecutable"="PeachCommander", "CFBundleExecutablePath"="/Users/admin/pc-test/PeachCommander.app/Contents/MacOS/PeachCommander", "CFBundleExecutablePathDeviceID"=16777229, "CFBundleExecutablePathINode"=487975, "CFBundleHelpBookFolder"="PeachCommander.help", "CFBundleHelpBookName"="Peach Commander Help", "CFBundleIconFile"="AppIcon", "CFBundleIconName"="AppIcon", "CFBundleIdentifier"="com.peachcommander.app", "CFBundleInfoDictionaryVersion"="6.0", "CFBundleName"="PeachCommander", "CFBundleNameLowerCase"="peachcommander", "CFBundleNumericVersion"=402685952, "CFBundlePackageType"="APPL", "CFBundleShortVersionString"="0.9.0", "CFBun<…>
2026-09-14 12:38:26.313 Df PeachCommander[1440:1f7f] [com.apple.processmanager:front-35286506] SignalReady: pid=1440 asn=0x0-0x2a02a
2026-09-14 12:38:26.313 Df PeachCommander[1440:1f7f] [com.apple.processmanager:front-35286506] SIGNAL: pid=1440 asn=0x0x-0x2a02a
2026-09-14 12:38:26.313 I  PeachCommander[1440:1f7f] [com.apple.appleevents:main] aeGenerateFakeFirstOAPPEventIfNecessary()
2026-09-14 12:38:26.313 I  PeachCommander[1440:1f7f] [com.apple.appleevents:main] aeGenerateFakeFirstOAPPEventIfNecessary(), needToCreateFakeOAPPEventIfFirstEvent == true
2026-09-14 12:38:26.313 I  PeachCommander[1440:1f7f] [com.apple.launchservices:cas] Removing cached information for app [ 0x0-0x2a02a]  "PeachCommander", as its seed is different from that in shared memory ( 533 vs 535)
2026-09-14 12:38:26.314 I  PeachCommander[1440:1f7f] [com.apple.CFPasteboard:entry] CopyData('DefaultAsciiKeyboardLayoutPasteboard' (<CFUUID 0x826ed6180> DF1169A5-81EC-40C0-A20D-46113D4C2F7C) gen: -1 item: 1264739405 flavor: 'DefaultAsciiKeyboardLayoutFlavor')
2026-09-14 12:38:26.314 I  PeachCommander[1440:1f7f] [com.apple.CFPasteboard:cache] Rebuilding cache for 'DefaultAsciiKeyboardLayoutPasteboard' (<CFUUID 0x826ed6180> DF1169A5-81EC-40C0-A20D-46113D4C2F7C)
2026-09-14 12:38:26.314 I  PeachCommander[1440:1f7f] [com.apple.CFPasteboard:exit] (not-in-cache) - result: -8 generation: 0 null data flags: 0
2026-09-14 12:38:26.314 A  PeachCommander[1440:1f7f] (CoreFoundation) Loading Preferences From User CFPrefsD
2026-09-14 12:38:26.314 A  PeachCommander[1440:1f7f] (CoreFoundation) Loading Preferences From System CFPrefsD
2026-09-14 12:38:26.315 I  PeachCommander[1440:1f7f] [com.apple.CFPasteboard:entry] CopyData('AppleIntlFileCacheModificationDatePasteboard' (<CFUUID 0x826ed6200> 57238629-4C11-4C31-A3A9-BA356A47FA68) gen: -1 item: 1 flavor: '-32766 1768845414')
2026-09-14 12:38:26.315 I  PeachCommander[1440:1f7f] [com.apple.CFPasteboard:cache] Rebuilding cache for 'AppleIntlFileCacheModificationDatePasteboard' (<CFUUID 0x826ed6200> 57238629-4C11-4C31-A3A9-BA356A47FA68)
2026-09-14 12:38:26.315 I  PeachCommander[1440:1f7f] [com.apple.CFPasteboard:general] Will request data from daemon
2026-09-14 12:38:26.315 I  PeachCommander[1440:1f7f] [com.apple.CFPasteboard:exit] (not-in-cache) - result: 0 generation: 1 data (310 bytes) flags: 0
2026-09-14 12:38:26.315 I  PeachCommander[1440:1f7f] [com.apple.CFPasteboard:entry] CopyData('AppleIntlFileCacheModificationDatePasteboard' (<CFUUID 0x826ed6200> 57238629-4C11-4C31-A3A9-BA356A47FA68) gen: -1 item: 1 flavor: '-32765 1802264953')
2026-09-14 12:38:26.315 I  PeachCommander[1440:1f7f] [com.apple.CFPasteboard:general] Will request data from daemon
2026-09-14 12:38:26.315 I  PeachCommander[1440:1f7f] [com.apple.CFPasteboard:exit] (not-in-cache) - result: 0 generation: 1 data (306 bytes) flags: 0
2026-09-14 12:38:26.315 I  PeachCommander[1440:1f7f] [com.apple.CFPasteboard:entry] CopyData('AppleIntlFileCacheModificationDatePasteboard' (<CFUUID 0x826ed6200> 57238629-4C11-4C31-A3A9-BA356A47FA68) gen: -1 item: 1 flavor: '-32764 1802264953')
2026-09-14 12:38:26.315 I  PeachCommander[1440:1f7f] [com.apple.CFPasteboard:general] Will request data from daemon
2026-09-14 12:38:26.315 I  PeachCommander[1440:1f7f] [com.apple.CFPasteboard:exit] (not-in-cache) - result: 0 generation: 1 data (281 bytes) flags: 0
2026-09-14 12:38:26.315 I  PeachCommander[1440:1f7f] [com.apple.CFPasteboard:entry] CopyData('AppleIntlFileCacheModificationDatePasteboard' (<CFUUID 0x826ed6200> 57238629-4C11-4C31-A3A9-BA356A47FA68) gen: -1 item: 1 flavor: '-32763 1802264953')
2026-09-14 12:38:26.315 I  PeachCommander[1440:1f7f] [com.apple.CFPasteboard:general] Will request data from daemon
2026-09-14 12:38:26.315 I  PeachCommander[1440:1f7f] [com.apple.CFPasteboard:exit] (not-in-cache) - result: 0 generation: 1 data (318 bytes) flags: 0
2026-09-14 12:38:26.315 I  PeachCommander[1440:1f7f] [com.apple.CFPasteboard:entry] CopyData('AppleIntlFileCacheModificationDatePasteboard' (<CFUUID 0x826ed6200> 57238629-4C11-4C31-A3A9-BA356A47FA68) gen: -1 item: 1 flavor: '-32765 1768845414')
2026-09-14 12:38:26.315 I  PeachCommander[1440:1f7f] [com.apple.CFPasteboard:general] Will request data from daemon
2026-09-14 12:38:26.315 I  PeachCommander[1440:1f7f] [com.apple.CFPasteboard:exit] (not-in-cache) - result: 0 generation: 1 data (303 bytes) flags: 0
2026-09-14 12:38:26.315 I  PeachCommander[1440:1f7f] [com.apple.CFPasteboard:entry] CopyData('AppleIntlFileCacheModificationDatePasteboard' (<CFUUID 0x826ed6200> 57238629-4C11-4C31-A3A9-BA356A47FA68) gen: -1 item: 1 flavor: '-32763 1768845414')
2026-09-14 12:38:26.315 I  PeachCommander[1440:1f7f] [com.apple.CFPasteboard:general] Will request data from daemon
2026-09-14 12:38:26.315 I  PeachCommander[1440:1f7f] [com.apple.CFPasteboard:exit] (not-in-cache) - result: 0 generation: 1 data (315 bytes) flags: 0
2026-09-14 12:38:26.316 I  PeachCommander[1440:1f7f] [com.apple.launchservices:cas] information in shared memory for 0x0-0x2a02a with seed 535 was still valid, so using cached info { "ApplicationType"="Foreground", "BuildMachineOSBuild"="25E246", "BundleIdentifierLowerCase"="com.peachcommander.app", "CFBundleDevelopmentRegion"="en", "CFBundleDocumentTypes"=( { "CFBundleTypeName"="Peach Commander Plugin Package", "CFBundleTypeRole"="Viewer", "LSHandlerRank"="Owner", "LSItemContentTypes"=( "com.peachcommander.plugin-package") }), "CFBundleExecutable"="PeachCommander", "CFBundleExecutablePath"="/Users/admin/pc-test/PeachCommander.app/Contents/MacOS/PeachCommander", "CFBundleExecutablePathDeviceID"=16777229, "CFBundleExecutablePathINode"=487975, "CFBundleHelpBookFolder"="PeachCommander.help", "CFBundleHelpBookName"="Peach Commander Help", "CFBundleIconFile"="AppIcon", "CFBundleIconName"="AppIcon", "CFBundleIdentifier"="com.peachcommander.app", "CFBundleInfoDictionaryVersion"="6.0", "CFBundleName"="PeachCommander", "CFBundleNameLowerCase"="peachcommander", "CFBundleNumericVersion"=402685952, "CFBundlePackageType"="APPL", "CFBundleShortVersionString"="0.9.0", "CFBun<…>
2026-09-14 12:38:26.316 Df PeachCommander[1440:1f7f] [com.apple.xpc:connection] [0x826c81e00] activating connection: mach=false listener=false peer=false name=com.apple.ViewBridgeAuxiliary
2026-09-14 12:38:26.321 Df PeachCommander[1440:1f7f] [com.apple.xpc:connection] [0x826c81cc0] activating connection: mach=false listener=false peer=false name=(anonymous)
2026-09-14 12:38:26.321 Df PeachCommander[1440:1f7f] [com.apple.xpc:connection] [0x826c81f40] activating connection: mach=false listener=true peer=false name=(anonymous)
2026-09-14 12:38:26.321 Df PeachCommander[1440:1f7f] [com.apple.xpc:connection] [0x826c81f40] Connection returned listener port: 0xf603
2026-09-14 12:38:26.321 Df PeachCommander[1440:1f7f] [com.apple.xpc:connection] [0x826c81e00] invalidated after the last release of the connection object
2026-09-14 12:38:26.322 I  PeachCommander[1440:1f7f] [com.apple.runningboard:assertion] Acquiring assertion: <RBSAssertionDescriptor| "AppNap adapter assertion" ID:(null) target:1440>
2026-09-14 12:38:26.325 I  PeachCommander[1440:1f7f] [com.apple.showhide:pr-59900543] SHOWHIDE: SHOW id=16 0x0-0x2A02A, err=0 eventTime=55809034083 windowID=0
2026-09-14 12:38:26.325 I  PeachCommander[1440:1f7f] [com.apple.CarbonCore:coreservicesdaemon] findOrCreateCacheable():findOrCreateCacheable(), factoryName=3 cacheableName=<private> fCacheables.size()=0
2026-09-14 12:38:26.325 I  PeachCommander[1440:1f7f] [com.apple.CarbonCore:coreservicesdaemon] findOrCreateCacheable():findOrCreateCacheable(), result = 0x827314180 (should be non-NULL)
2026-09-14 12:38:26.325 Df PeachCommander[1440:1f7f] [com.apple.AppKit:AutomaticTermination] void _NSDisableAutomaticTerminationAndLog(NSString *) Restoring windows
2026-09-14 12:38:26.325 Df PeachCommander[1440:1f7f] [com.apple.AppKit:StateRestoration] -[NSApplication _reopenWindowsAsNecessaryIncludingRestorableState:withFullFidelity:completionHandler:] shouldRestoreState=1 hasPersistentStateToRestore=0 shouldStillRestoreStateAfterPrompting=0
2026-09-14 12:38:26.325 Df PeachCommander[1440:1f7f] [com.apple.xpc:connection] [0x826c81e00] activating connection: mach=true listener=false peer=false name=com.apple.window_proxies
2026-09-14 12:38:26.325 Df PeachCommander[1440:1f7f] [com.apple.xpc:connection] [0x826c81e00] invalidated because the current process cancelled the connection by calling xpc_connection_cancel()
2026-09-14 12:38:26.325 I  PeachCommander[1440:1f7f] [com.apple.SkyLight:processes] 0[outside of RPC]: SLSSetFrontProcessWithInfo(0x0-0x2 window=0 options=0x1
2026-09-14 12:38:26.325 I  PeachCommander[1440:1f7f] [com.apple.CoreAnalytics:client] Dropping "com.apple.appkit.app_config" as it isn't used in any transform (not in the config or budgeted?)
2026-09-14 12:38:26.325 Df PeachCommander[1440:1f7f] [com.apple.AppKit:AutomaticTermination] void _NSEnableAutomaticTerminationAndLog(NSString *) Restoring windows
2026-09-14 12:38:26.328 I  PeachCommander[1440:1f7f] [com.apple.CoreAnalytics:client] Dropping "com.apple.appkit.app_config" as it isn't used in any transform (not in the config or budgeted?)
2026-09-14 12:38:26.328 I  PeachCommander[1440:1f7f] [com.apple.CoreAnalytics:client] Dropping "com.apple.appkit.app_config" as it isn't used in any transform (not in the config or budgeted?)
2026-09-14 12:38:26.338 A  PeachCommander[1440:1f7f] (CoreFoundation) Loading Preferences From User CFPrefsD
2026-09-14 12:38:26.345 I  PeachCommander[1440:1f7f] [com.peachcommander:PCFoundation] VolumeManager initialized
2026-09-14 12:38:26.357 A  PeachCommander[1440:1f87] (RunningBoardServices) didChangeInheritances
2026-09-14 12:38:26.363 Df PeachCommander[1440:1f7f] [com.apple.BoardServices:XPCErrors] [C:1] Alloc <private>
2026-09-14 12:38:26.363 Df PeachCommander[1440:1f7f] [com.apple.xpc:connection] [0x826fbd180] activating connection: mach=false listener=false peer=false name=(anonymous)
2026-09-14 12:38:26.365 I  PeachCommander[1440:1f7f] [com.apple.AppKit:Window] context (0 -> 9dd2c526) for window 38
2026-09-14 12:38:26.366 Df PeachCommander[1440:1f8b] [com.apple.corespotlight:index] (<private>) deleteSearchableItemsWithDomainIdentifiers, protectionClass:(null), domainIdentifiers number:1
2026-09-14 12:38:26.366 A  PeachCommander[1440:1f8b] (CoreSpotlight) delete-domains
2026-09-14 12:38:26.366 Df PeachCommander[1440:1f8b] [com.apple.corespotlight:index] CSInlineDonation:<private>: Skipping donation (feature flag disabled)
2026-09-14 12:38:26.366 Df PeachCommander[1440:1f8b] (CoreSpotlight) sConnectionName: com.apple.spotlight.IndexAgent
2026-09-14 12:38:26.366 Df PeachCommander[1440:1f8b] (CoreSpotlight) Start service name com.apple.spotlight.IndexAgent
2026-09-14 12:38:26.366 Df PeachCommander[1440:1f8b] [com.apple.xpc:connection] [0x826fbd400] activating connection: mach=true listener=false peer=false name=com.apple.spotlight.IndexAgent
2026-09-14 12:38:26.366 I  PeachCommander[1440:1f7f] [com.peachcommander:PCFoundation] MainWindowController initialized (config: <private>)
2026-09-14 12:38:26.366 I  PeachCommander[1440:1f7f] [com.peachcommander:PCFoundation] SelectionState initialized
2026-09-14 12:38:26.366 I  PeachCommander[1440:1f7f] [com.peachcommander:PCFoundation] DirectoryModel initialized
2026-09-14 12:38:26.366 I  PeachCommander[1440:1f7f] [com.peachcommander:PCFoundation] VolumeManager initialized
2026-09-14 12:38:26.366 I  PeachCommander[1440:1f7f] [com.peachcommander:PCFoundation] PanelController initialized for <private> panel
2026-09-14 12:38:26.366 I  PeachCommander[1440:1f7f] [com.peachcommander:PCFoundation] SelectionState initialized
2026-09-14 12:38:26.366 I  PeachCommander[1440:1f7f] [com.peachcommander:PCFoundation] DirectoryModel initialized
2026-09-14 12:38:26.366 I  PeachCommander[1440:1f7f] [com.peachcommander:PCFoundation] VolumeManager initialized
2026-09-14 12:38:26.366 I  PeachCommander[1440:1f7f] [com.peachcommander:PCFoundation] PanelController initialized for <private> panel
2026-09-14 12:38:26.370 I  PeachCommander[1440:1f7f] [com.apple.AppKit:Animation] Running new animation: <private>
2026-09-14 12:38:26.370 I  PeachCommander[1440:1f7f] [com.apple.AppKit:Animation] Running new animation: <private>
2026-09-14 12:38:26.370 I  PeachCommander[1440:1f7f] [com.apple.AppKit:Animation] Running new animation: <private>
2026-09-14 12:38:26.370 I  PeachCommander[1440:1f7f] [com.apple.AppKit:Animation] Running new animation: <private>
2026-09-14 12:38:26.370 I  PeachCommander[1440:1f7f] [com.apple.AppKit:Animation] Running new animation: <private>
2026-09-14 12:38:26.372 I  PeachCommander[1440:1f7f] [com.apple.AppKit:Animation] Running new animation: <private>
2026-09-14 12:38:26.372 I  PeachCommander[1440:1f7f] [com.apple.AppKit:Animation] Running new animation: <private>
2026-09-14 12:38:26.372 I  PeachCommander[1440:1f7f] [com.apple.AppKit:Animation] Running new animation: <private>
2026-09-14 12:38:26.372 I  PeachCommander[1440:1f7f] [com.apple.AppKit:Animation] Running new animation: <private>
2026-09-14 12:38:26.372 I  PeachCommander[1440:1f7f] [com.apple.AppKit:Animation] Running new animation: <private>
2026-09-14 12:38:26.379 I  PeachCommander[1440:1f7f] [com.apple.CoreAnalytics:client] Dropping "com.apple.appkit.app_config" as it isn't used in any transform (not in the config or budgeted?)
2026-09-14 12:38:26.381 I  PeachCommander[1440:1f7f] [com.apple.CoreAnalytics:client] Dropping "com.apple.appkit.app_config" as it isn't used in any transform (not in the config or budgeted?)
2026-09-14 12:38:26.389 Df PeachCommander[1440:1f7f] [com.apple.xpc:connection] [0x8269bd680] activating connection: mach=true listener=false peer=false name=com.apple.iconservices
2026-09-14 12:38:26.389 Df PeachCommander[1440:1f7f] [com.apple.xpc:connection] [0x8269bd7c0] activating connection: mach=true listener=false peer=false name=com.apple.iconservices.store
2026-09-14 12:38:26.389 I  PeachCommander[1440:1f7f] [com.peachcommander:Theme] no user themes in /Users/admin/pc-cfg/themes
2026-09-14 12:38:26.389 Df PeachCommander[1440:1f7f] [com.apple.AppKit:Appearance] Invalidate NSApp effectiveAppearance
2026-09-14 12:38:26.390 Df PeachCommander[1440:1f7f] [com.apple.AppKit:Appearance] NSApp cache appearance:
-NSRequiresAquaSystemAppearance: 0
-appearance: <NSCompositeAppearance: 0x826c6d9a0
 (
    "<NSDarkAquaAppearance: 0x826c6da40>",
    "<NSSystemAppearance: 0x826c6c780>"
)>
-effectiveAppearance: <NSCompositeAppearance: 0x826c6d9a0
 (
    "<NSDarkAquaAppearance: 0x826c6da40>",
    "<NSSystemAppearance: 0x826c6c780>"
)>
2026-09-14 12:38:26.392 I  PeachCommander[1440:1f7f] [com.peachcommander:PCFoundation] Theme applied: id=system, appearance=dark, dark=true, background=#333333
2026-09-14 12:38:26.393 I  PeachCommander[1440:1f7f] [com.peachcommander:PCFoundation] Keymap loaded: scheme=<private>, 82 effective bindings
2026-09-14 12:38:26.418 I  PeachCommander[1440:1f7f] [com.apple.CoreAnalytics:client] Dropping "<private>" as it isn't used in any transform (not in the config or budgeted?)
2026-09-14 12:38:26.418 I  PeachCommander[1440:1f7f] [com.apple.CoreAnalytics:client] Dropping "<private>" as it isn't used in any transform (not in the config or budgeted?)
2026-09-14 12:38:26.418 I  PeachCommander[1440:1f7f] [com.apple.CoreAnalytics:client] Dropping "<private>" as it isn't used in any transform (not in the config or budgeted?)
2026-09-14 12:38:26.422 I  PeachCommander[1440:1f7f] [com.apple.AppKit:Image] ISImage reported a placeholder, image rep is providing a placeholder image for <private>
2026-09-14 12:38:26.422 I  PeachCommander[1440:1f7f] [com.apple.AppKit:Image] ISImage reported a placeholder, image rep is providing a placeholder image for <private>
2026-09-14 12:38:26.423 I  PeachCommander[1440:1f7f] [com.apple.CoreAnalytics:client] Dropping "com.apple.appkit.app_config" as it isn't used in any transform (not in the config or budgeted?)
2026-09-14 12:38:26.423 I  PeachCommander[1440:1f8c] [com.apple.iconservices:foundation] layer data size zero
2026-09-14 12:38:26.425 I  PeachCommander[1440:1f87] [com.apple.iconservices:foundation] layer data size zero
2026-09-14 12:38:26.427 I  PeachCommander[1440:1f7f] [com.peachcommander:PCFoundation] MainWindowController window loaded
2026-09-14 12:38:26.427 I  PeachCommander[1440:1f7f] [com.apple.launchservices:cas] information in shared memory for 0x0-0x2a02a with seed 535 was still valid, so using cached info { "ApplicationType"="Foreground", "BuildMachineOSBuild"="25E246", "BundleIdentifierLowerCase"="com.peachcommander.app", "CFBundleDevelopmentRegion"="en", "CFBundleDocumentTypes"=( { "CFBundleTypeName"="Peach Commander Plugin Package", "CFBundleTypeRole"="Viewer", "LSHandlerRank"="Owner", "LSItemContentTypes"=( "com.peachcommander.plugin-package") }), "CFBundleExecutable"="PeachCommander", "CFBundleExecutablePath"="/Users/admin/pc-test/PeachCommander.app/Contents/MacOS/PeachCommander", "CFBundleExecutablePathDeviceID"=16777229, "CFBundleExecutablePathINode"=487975, "CFBundleHelpBookFolder"="PeachCommander.help", "CFBundleHelpBookName"="Peach Commander Help", "CFBundleIconFile"="AppIcon", "CFBundleIconName"="AppIcon", "CFBundleIdentifier"="com.peachcommander.app", "CFBundleInfoDictionaryVersion"="6.0", "CFBundleName"="PeachCommander", "CFBundleNameLowerCase"="peachcommander", "CFBundleNumericVersion"=402685952, "CFBundlePackageType"="APPL", "CFBundleShortVersionString"="0.9.0", "CFBun<…>
2026-09-14 12:38:26.427 I  PeachCommander[1440:1f7f] [com.apple.launchservices:cas] information in shared memory for 0x0-0x2a02a with seed 535 was still valid, so using cached info { "ApplicationType"="Foreground", "BuildMachineOSBuild"="25E246", "BundleIdentifierLowerCase"="com.peachcommander.app", "CFBundleDevelopmentRegion"="en", "CFBundleDocumentTypes"=( { "CFBundleTypeName"="Peach Commander Plugin Package", "CFBundleTypeRole"="Viewer", "LSHandlerRank"="Owner", "LSItemContentTypes"=( "com.peachcommander.plugin-package") }), "CFBundleExecutable"="PeachCommander", "CFBundleExecutablePath"="/Users/admin/pc-test/PeachCommander.app/Contents/MacOS/PeachCommander", "CFBundleExecutablePathDeviceID"=16777229, "CFBundleExecutablePathINode"=487975, "CFBundleHelpBookFolder"="PeachCommander.help", "CFBundleHelpBookName"="Peach Commander Help", "CFBundleIconFile"="AppIcon", "CFBundleIconName"="AppIcon", "CFBundleIdentifier"="com.peachcommander.app", "CFBundleInfoDictionaryVersion"="6.0", "CFBundleName"="PeachCommander", "CFBundleNameLowerCase"="peachcommander", "CFBundleNumericVersion"=402685952, "CFBundlePackageType"="APPL", "CFBundleShortVersionString"="0.9.0", "CFBun<…>
2026-09-14 12:38:26.428 I  PeachCommander[1440:1f7f] [com.apple.AppKit:Animation] Running new animation: <private>
2026-09-14 12:38:26.428 I  PeachCommander[1440:1f7f] [com.apple.AppKit:Animation] Running new animation: <private>
2026-09-14 12:38:26.428 I  PeachCommander[1440:1f7f] [com.apple.AppKit:Animation] Running new animation: <private>
2026-09-14 12:38:26.428 I  PeachCommander[1440:1f7f] [com.apple.AppKit:Animation] Running new animation: <private>
2026-09-14 12:38:26.428 I  PeachCommander[1440:1f7f] [com.apple.AppKit:Animation] Running new animation: <private>
2026-09-14 12:38:26.428 I  PeachCommander[1440:1f7f] [com.apple.AppKit:Image] ISImage reported a placeholder, image rep is providing a placeholder image for <private>
2026-09-14 12:38:26.428 I  PeachCommander[1440:1f7f] [com.apple.AppKit:Image] ISImage reported a placeholder, image rep is providing a placeholder image for <private>
2026-09-14 12:38:26.430 I  PeachCommander[1440:1f7f] [com.apple.AppKit:Animation] Running new animation: <private>
2026-09-14 12:38:26.430 I  PeachCommander[1440:1f7f] [com.apple.AppKit:Animation] Running new animation: <private>
2026-09-14 12:38:26.430 I  PeachCommander[1440:1f7f] [com.apple.AppKit:Animation] Running new animation: <private>
2026-09-14 12:38:26.430 I  PeachCommander[1440:1f7f] [com.apple.AppKit:Animation] Running new animation: <private>
2026-09-14 12:38:26.430 I  PeachCommander[1440:1f7f] [com.apple.AppKit:Animation] Running new animation: <private>
2026-09-14 12:38:26.437 I  PeachCommander[1440:1f7f] [com.apple.AppKit:Window] order window front conditionally: 38 related: 0
2026-09-14 12:38:26.437 Df PeachCommander[1440:1f7f] [com.apple.AppKit:AutomaticTermination] void _NSEnableAutomaticTerminationAndLog(NSString *) No windows open yet
2026-09-14 12:38:26.437 I  PeachCommander[1440:1f7f] [com.apple.AppKit:Intelligence] starting collection observation
2026-09-14 12:38:26.437 Df PeachCommander[1440:1f87] [com.apple.UIIntelligenceSupport:xpc] establishing connection to agent
2026-09-14 12:38:26.437 Df PeachCommander[1440:1f87] [com.apple.xpc:session] [0x827dc6ad0] Session created.
2026-09-14 12:38:26.437 Df PeachCommander[1440:1f87] [com.apple.xpc:session] [0x827dc6ad0] Session created from connection [0x8269be440]
2026-09-14 12:38:26.437 Df PeachCommander[1440:1f87] [com.apple.xpc:connection] [0x8269be440] activating connection: mach=true listener=false peer=false name=com.apple.uiintelligencesupport.agent
2026-09-14 12:38:26.438 Df PeachCommander[1440:1f87] [com.apple.xpc:session] [0x827dc6ad0] Session activated
2026-09-14 12:38:26.438 I  PeachCommander[1440:1f7f] [com.apple.SkyLight:processes] 0[outside of RPC]: SLSSetFrontProcessWithInfo(0x0-0x2 window=0 options=0x1
2026-09-14 12:38:26.438 Df PeachCommander[1440:1f8c] [com.apple.UIIntelligenceSupport:xpc] Connection established with agent PID: 1211
2026-09-14 12:38:26.438 I  PeachCommander[1440:1f7f] [com.apple.launchservices:cas] information in shared memory for 0x0-0x2a02a with seed 535 was still valid, so using cached info { "ApplicationType"="Foreground", "BuildMachineOSBuild"="25E246", "BundleIdentifierLowerCase"="com.peachcommander.app", "CFBundleDevelopmentRegion"="en", "CFBundleDocumentTypes"=( { "CFBundleTypeName"="Peach Commander Plugin Package", "CFBundleTypeRole"="Viewer", "LSHandlerRank"="Owner", "LSItemContentTypes"=( "com.peachcommander.plugin-package") }), "CFBundleExecutable"="PeachCommander", "CFBundleExecutablePath"="/Users/admin/pc-test/PeachCommander.app/Contents/MacOS/PeachCommander", "CFBundleExecutablePathDeviceID"=16777229, "CFBundleExecutablePathINode"=487975, "CFBundleHelpBookFolder"="PeachCommander.help", "CFBundleHelpBookName"="Peach Commander Help", "CFBundleIconFile"="AppIcon", "CFBundleIconName"="AppIcon", "CFBundleIdentifier"="com.peachcommander.app", "CFBundleInfoDictionaryVersion"="6.0", "CFBundleName"="PeachCommander", "CFBundleNameLowerCase"="peachcommander", "CFBundleNumericVersion"=402685952, "CFBundlePackageType"="APPL", "CFBundleShortVersionString"="0.9.0", "CFBun<…>
2026-09-14 12:38:26.439 Df PeachCommander[1440:1f7f] [com.apple.xpc:connection] [0x8269be580] activating connection: mach=true listener=false peer=false name=com.apple.FileCoordination
2026-09-14 12:38:26.439 Df PeachCommander[1440:1f8c] [com.apple.foundation.filecoordination:presenter] Adding presenter 7B356F27-7EA4-4EDB-A445-739438EE98B2 for URL: <private>
2026-09-14 12:38:26.439 I  PeachCommander[1440:1f7f] [com.apple.launchservices:cas] information in shared memory for 0x0-0x2a02a with seed 535 was still valid, so using cached info { "ApplicationType"="Foreground", "BuildMachineOSBuild"="25E246", "BundleIdentifierLowerCase"="com.peachcommander.app", "CFBundleDevelopmentRegion"="en", "CFBundleDocumentTypes"=( { "CFBundleTypeName"="Peach Commander Plugin Package", "CFBundleTypeRole"="Viewer", "LSHandlerRank"="Owner", "LSItemContentTypes"=( "com.peachcommander.plugin-package") }), "CFBundleExecutable"="PeachCommander", "CFBundleExecutablePath"="/Users/admin/pc-test/PeachCommander.app/Contents/MacOS/PeachCommander", "CFBundleExecutablePathDeviceID"=16777229, "CFBundleExecutablePathINode"=487975, "CFBundleHelpBookFolder"="PeachCommander.help", "CFBundleHelpBookName"="Peach Commander Help", "CFBundleIconFile"="AppIcon", "CFBundleIconName"="AppIcon", "CFBundleIdentifier"="com.peachcommander.app", "CFBundleInfoDictionaryVersion"="6.0", "CFBundleName"="PeachCommander", "CFBundleNameLowerCase"="peachcommander", "CFBundleNumericVersion"=402685952, "CFBundlePackageType"="APPL", "CFBundleShortVersionString"="0.9.0", "CFBun<…>
2026-09-14 12:38:26.441 I  PeachCommander[1440:1f7f] [com.apple.AppKit:Window] order all windows front 55809034083
2026-09-14 12:38:26.441 I  PeachCommander[1440:1f7f] [com.apple.launchservices:cas] information in shared memory for 0x0-0x2a02a with seed 535 was still valid, so using cached info { "ApplicationType"="Foreground", "BuildMachineOSBuild"="25E246", "BundleIdentifierLowerCase"="com.peachcommander.app", "CFBundleDevelopmentRegion"="en", "CFBundleDocumentTypes"=( { "CFBundleTypeName"="Peach Commander Plugin Package", "CFBundleTypeRole"="Viewer", "LSHandlerRank"="Owner", "LSItemContentTypes"=( "com.peachcommander.plugin-package") }), "CFBundleExecutable"="PeachCommander", "CFBundleExecutablePath"="/Users/admin/pc-test/PeachCommander.app/Contents/MacOS/PeachCommander", "CFBundleExecutablePathDeviceID"=16777229, "CFBundleExecutablePathINode"=487975, "CFBundleHelpBookFolder"="PeachCommander.help", "CFBundleHelpBookName"="Peach Commander Help", "CFBundleIconFile"="AppIcon", "CFBundleIconName"="AppIcon", "CFBundleIdentifier"="com.peachcommander.app", "CFBundleInfoDictionaryVersion"="6.0", "CFBundleName"="PeachCommander", "CFBundleNameLowerCase"="peachcommander", "CFBundleNumericVersion"=402685952, "CFBundlePackageType"="APPL", "CFBundleShortVersionString"="0.9.0", "CFBun<…>
2026-09-14 12:38:26.441 I  PeachCommander[1440:1f7f] [com.apple.showhide:pr-59900543] SHOWHIDE: CONFIRM, id=16, err=0
2026-09-14 12:38:26.442 I  PeachCommander[1440:1f7f] [com.apple.AppKit:Window] context (0 -> a1a31ff8) for window 37
2026-09-14 12:38:26.442 I  PeachCommander[1440:1f7f] [com.apple.AppKit:Window] context (0 -> 109976ff) for window 36
2026-09-14 12:38:26.442 I  PeachCommander[1440:1f7f] [com.apple.AppKit:Window] context (0 -> d2ed7091) for window 35
2026-09-14 12:38:26.442 I  PeachCommander[1440:1f7f] [com.apple.AppKit:Window] context (0 -> c4c7b5a3) for window 34
2026-09-14 12:38:26.469 Df PeachCommander[1440:1f7f] [com.apple.AppKit:AutomaticTermination] void _updateToReflectAutomaticTerminationState(void) Setting _kLSApplicationWouldBeTerminatedByTALKey=0
2026-09-14 12:38:26.471 I  PeachCommander[1440:1f7f] [com.apple.AppKit:Image] ISImage reported a placeholder, image rep is providing a placeholder image for <private>
2026-09-14 12:38:26.471 I  PeachCommander[1440:1f7f] [com.apple.AppKit:Image] ISImage reported a placeholder, image rep is providing a placeholder image for <private>
2026-09-14 12:38:26.472 I  PeachCommander[1440:1f7f] [com.apple.AppKit:Image] ISImage reported a placeholder, image rep is providing a placeholder image for <private>
2026-09-14 12:38:26.472 I  PeachCommander[1440:1f7f] [com.apple.AppKit:Image] ISImage reported a placeholder, image rep is providing a placeholder image for <private>
2026-09-14 12:38:26.472 I  PeachCommander[1440:1f7f] [com.apple.AppKit:Image] ISImage reported a placeholder, image rep is providing a placeholder image for <private>
2026-09-14 12:38:26.472 I  PeachCommander[1440:1f7f] [com.apple.AppKit:Image] ISImage reported a placeholder, image rep is providing a placeholder image for <private>
2026-09-14 12:38:26.502 A  PeachCommander[1440:1f8b] (RunningBoardServices) didChangeInheritances
2026-09-14 12:38:26.537 Df PeachCommander[1440:1f7f] [com.apple.libsystem.libdispatch:] DEPRECATED USE in libdispatch client: dispatch source activated with no event handler set; set a breakpoint on _dispatch_bug_deprecated to debug
2026-09-14 12:38:26.598 I  PeachCommander[1440:1f7f] [com.apple.AppKit:Image] ISImage reported a placeholder, image rep is providing a placeholder image for <private>
2026-09-14 12:38:26.598 I  PeachCommander[1440:1f7f] [com.apple.AppKit:Image] ISImage reported a placeholder, image rep is providing a placeholder image for <private>
2026-09-14 12:38:26.599 I  PeachCommander[1440:1f7f] [com.apple.AppKit:Image] ISImage reported a placeholder, image rep is providing a placeholder image for <private>
2026-09-14 12:38:26.604 I  PeachCommander[1440:1f7f] [com.apple.AppKit:Image] ISImage reported a placeholder, image rep is providing a placeholder image for <private>
2026-09-14 12:38:26.604 I  PeachCommander[1440:1f7f] [com.apple.AppKit:Image] ISImage reported a placeholder, image rep is providing a placeholder image for <private>
2026-09-14 12:38:26.609 I  PeachCommander[1440:1f7f] [com.apple.AppKit:Image] ISImage reported a placeholder, image rep is providing a placeholder image for <private>
2026-09-14 12:38:26.609 I  PeachCommander[1440:1f7f] [com.apple.AppKit:Image] ISImage reported a placeholder, image rep is providing a placeholder image for <private>
2026-09-14 12:38:26.612 I  PeachCommander[1440:1f7f] [com.apple.AppKit:Image] ISImage reported a placeholder, image rep is providing a placeholder image for <private>
2026-09-14 12:38:26.612 I  PeachCommander[1440:1f7f] [com.apple.AppKit:Image] ISImage reported a placeholder, image rep is providing a placeholder image for <private>
2026-09-14 12:38:26.653 I  PeachCommander[1440:1f7f] [com.apple.AppKit:Image] ISImage reported a placeholder, image rep is providing a placeholder image for <private>
2026-09-14 12:38:26.654 A  PeachCommander[1440:1f86] (CoreFoundation) Loading Preferences From System CFPrefsD
2026-09-14 12:38:26.656 I  PeachCommander[1440:1f7f] [com.apple.AppKit:Image] ISImage reported a placeholder, image rep is providing a placeholder image for <private>
2026-09-14 12:38:26.657 I  PeachCommander[1440:1f7f] [com.apple.AppKit:Image] ISImage reported a placeholder, image rep is providing a placeholder image for <private>
2026-09-14 12:38:26.658 I  PeachCommander[1440:1f7f] [com.apple.AppKit:Image] ISImage reported a placeholder, image rep is providing a placeholder image for <private>
2026-09-14 12:38:26.659 I  PeachCommander[1440:1f7f] [com.apple.AppKit:Image] ISImage reported a placeholder, image rep is providing a placeholder image for <private>
2026-09-14 12:38:26.659 I  PeachCommander[1440:1f7f] [com.apple.AppKit:Image] ISImage reported a placeholder, image rep is providing a placeholder image for <private>
2026-09-14 12:38:26.661 I  PeachCommander[1440:1f7f] [com.apple.AppKit:Image] ISImage reported a placeholder, image rep is providing a placeholder image for <private>
2026-09-14 12:38:26.661 I  PeachCommander[1440:1f7f] [com.apple.AppKit:Image] ISImage reported a placeholder, image rep is providing a placeholder image for <private>
2026-09-14 12:38:26.662 I  PeachCommander[1440:1f7f] [com.apple.AppKit:Image] ISImage reported a placeholder, image rep is providing a placeholder image for <private>
2026-09-14 12:38:26.662 I  PeachCommander[1440:1f7f] [com.apple.AppKit:Image] ISImage reported a placeholder, image rep is providing a placeholder image for <private>
2026-09-14 12:38:26.663 I  PeachCommander[1440:1f7f] [com.apple.AppKit:Image] ISImage reported a placeholder, image rep is providing a placeholder image for <private>
2026-09-14 12:38:26.663 I  PeachCommander[1440:1f7f] [com.apple.AppKit:Image] ISImage reported a placeholder, image rep is providing a placeholder image for <private>
2026-09-14 12:38:26.664 I  PeachCommander[1440:1f7f] [com.apple.AppKit:Image] ISImage reported a placeholder, image rep is providing a placeholder image for <private>
2026-09-14 12:38:26.665 I  PeachCommander[1440:1f7f] [com.apple.AppKit:Image] ISImage reported a placeholder, image rep is providing a placeholder image for <private>
2026-09-14 12:38:26.666 I  PeachCommander[1440:1f7f] [com.apple.AppKit:Image] ISImage reported a placeholder, image rep is providing a placeholder image for <private>
2026-09-14 12:38:26.666 I  PeachCommander[1440:1f7f] [com.apple.AppKit:Image] ISImage reported a placeholder, image rep is providing a placeholder image for <private>
2026-09-14 12:38:26.667 I  PeachCommander[1440:1f7f] [com.apple.AppKit:Image] ISImage reported a placeholder, image rep is providing a placeholder image for <private>
2026-09-14 12:38:26.667 I  PeachCommander[1440:1f7f] [com.apple.AppKit:Image] ISImage reported a placeholder, image rep is providing a placeholder image for <private>
2026-09-14 12:38:26.668 I  PeachCommander[1440:1f7f] [com.apple.AppKit:Image] ISImage reported a placeholder, image rep is providing a placeholder image for <private>
2026-09-14 12:38:26.668 I  PeachCommander[1440:1f7f] [com.apple.AppKit:Image] ISImage reported a placeholder, image rep is providing a placeholder image for <private>
2026-09-14 12:38:26.669 I  PeachCommander[1440:1f7f] [com.apple.AppKit:Image] ISImage reported a placeholder, image rep is providing a placeholder image for <private>
2026-09-14 12:38:26.669 I  PeachCommander[1440:1f7f] [com.apple.AppKit:Image] ISImage reported a placeholder, image rep is providing a placeholder image for <private>
2026-09-14 12:38:26.670 I  PeachCommander[1440:1f7f] [com.apple.AppKit:Image] ISImage reported a placeholder, image rep is providing a placeholder image for <private>
2026-09-14 12:38:26.670 I  PeachCommander[1440:1f7f] [com.apple.AppKit:Image] ISImage reported a placeholder, image rep is providing a placeholder image for <private>
2026-09-14 12:38:26.671 I  PeachCommander[1440:1f7f] [com.apple.AppKit:Image] ISImage reported a placeholder, image rep is providing a placeholder image for <private>
2026-09-14 12:38:26.671 I  PeachCommander[1440:1f7f] [com.apple.AppKit:Image] ISImage reported a placeholder, image rep is providing a placeholder image for <private>
2026-09-14 12:38:26.673 I  PeachCommander[1440:1f7f] [com.apple.AppKit:Image] ISImage reported a placeholder, image rep is providing a placeholder image for <private>
2026-09-14 12:38:26.673 I  PeachCommander[1440:1f7f] [com.apple.AppKit:Image] ISImage reported a placeholder, image rep is providing a placeholder image for <private>
2026-09-14 12:38:26.674 I  PeachCommander[1440:1f7f] [com.apple.AppKit:Image] ISImage reported a placeholder, image rep is providing a placeholder image for <private>
2026-09-14 12:38:26.674 I  PeachCommander[1440:1f7f] [com.apple.AppKit:Image] ISImage reported a placeholder, image rep is providing a placeholder image for <private>
2026-09-14 12:38:26.675 I  PeachCommander[1440:1f7f] [com.apple.AppKit:Image] ISImage reported a placeholder, image rep is providing a placeholder image for <private>
2026-09-14 12:38:26.675 I  PeachCommander[1440:1f7f] [com.apple.AppKit:Image] ISImage reported a placeholder, image rep is providing a placeholder image for <private>
2026-09-14 12:38:26.676 I  PeachCommander[1440:1f7f] [com.apple.AppKit:Image] ISImage reported a placeholder, image rep is providing a placeholder image for <private>
2026-09-14 12:38:26.676 I  PeachCommander[1440:1f7f] [com.apple.AppKit:Image] ISImage reported a placeholder, image rep is providing a placeholder image for <private>
2026-09-14 12:38:26.678 I  PeachCommander[1440:1f7f] [com.apple.AppKit:Image] ISImage reported a placeholder, image rep is providing a placeholder image for <private>
2026-09-14 12:38:26.678 I  PeachCommander[1440:1f7f] [com.apple.AppKit:Image] ISImage reported a placeholder, image rep is providing a placeholder image for <private>
2026-09-14 12:38:26.679 I  PeachCommander[1440:1f7f] [com.apple.AppKit:Image] ISImage reported a placeholder, image rep is providing a placeholder image for <private>
2026-09-14 12:38:26.679 I  PeachCommander[1440:1f7f] [com.apple.AppKit:Image] ISImage reported a placeholder, image rep is providing a placeholder image for <private>
2026-09-14 12:38:26.680 I  PeachCommander[1440:1f7f] [com.apple.AppKit:Image] ISImage reported a placeholder, image rep is providing a placeholder image for <private>
2026-09-14 12:38:26.680 I  PeachCommander[1440:1f7f] [com.apple.AppKit:Image] ISImage reported a placeholder, image rep is providing a placeholder image for <private>
2026-09-14 12:38:26.681 I  PeachCommander[1440:1f7f] [com.apple.AppKit:Image] ISImage reported a placeholder, image rep is providing a placeholder image for <private>
2026-09-14 12:38:26.681 I  PeachCommander[1440:1f7f] [com.apple.AppKit:Image] ISImage reported a placeholder, image rep is providing a placeholder image for <private>
2026-09-14 12:38:26.682 I  PeachCommander[1440:1f7f] [com.apple.AppKit:Image] ISImage reported a placeholder, image rep is providing a placeholder image for <private>
2026-09-14 12:38:26.682 I  PeachCommander[1440:1f7f] [com.apple.AppKit:Image] ISImage reported a placeholder, image rep is providing a placeholder image for <private>
2026-09-14 12:38:26.683 I  PeachCommander[1440:1f7f] [com.apple.AppKit:Image] ISImage reported a placeholder, image rep is providing a placeholder image for <private>
2026-09-14 12:38:26.684 I  PeachCommander[1440:1f7f] [com.apple.AppKit:Image] ISImage reported a placeholder, image rep is providing a placeholder image for <private>
2026-09-14 12:38:26.685 I  PeachCommander[1440:1f7f] [com.apple.AppKit:Image] ISImage reported a placeholder, image rep is providing a placeholder image for <private>
2026-09-14 12:38:26.685 I  PeachCommander[1440:1f7f] [com.apple.AppKit:Image] ISImage reported a placeholder, image rep is providing a placeholder image for <private>
2026-09-14 12:38:26.686 I  PeachCommander[1440:1f7f] [com.apple.AppKit:Image] ISImage reported a placeholder, image rep is providing a placeholder image for <private>
2026-09-14 12:38:26.686 I  PeachCommander[1440:1f7f] [com.apple.AppKit:Image] ISImage reported a placeholder, image rep is providing a placeholder image for <private>
2026-09-14 12:38:26.687 I  PeachCommander[1440:1f7f] [com.apple.AppKit:Image] ISImage reported a placeholder, image rep is providing a placeholder image for <private>
2026-09-14 12:38:26.687 I  PeachCommander[1440:1f7f] [com.apple.AppKit:Image] ISImage reported a placeholder, image rep is providing a placeholder image for <private>
2026-09-14 12:38:26.688 I  PeachCommander[1440:1f7f] [com.apple.AppKit:Image] ISImage reported a placeholder, image rep is providing a placeholder image for <private>
2026-09-14 12:38:26.688 I  PeachCommander[1440:1f7f] [com.apple.AppKit:Image] ISImage reported a placeholder, image rep is providing a placeholder image for <private>
2026-09-14 12:38:26.689 I  PeachCommander[1440:1f7f] [com.apple.AppKit:Image] ISImage reported a placeholder, image rep is providing a placeholder image for <private>
2026-09-14 12:38:26.689 I  PeachCommander[1440:1f7f] [com.apple.AppKit:Image] ISImage reported a placeholder, image rep is providing a placeholder image for <private>
2026-09-14 12:38:26.704 I  PeachCommander[1440:1f7f] [com.apple.AppKit:Image] ISImage reported a placeholder, image rep is providing a placeholder image for <private>
2026-09-14 12:38:26.704 I  PeachCommander[1440:1f7f] [com.apple.AppKit:Image] ISImage reported a placeholder, image rep is providing a placeholder image for <private>
2026-09-14 12:38:26.705 I  PeachCommander[1440:1f7f] [com.apple.AppKit:Image] ISImage reported a placeholder, image rep is providing a placeholder image for <private>
2026-09-14 12:38:26.705 I  PeachCommander[1440:1f7f] [com.apple.AppKit:Image] ISImage reported a placeholder, image rep is providing a placeholder image for <private>
2026-09-14 12:38:26.706 I  PeachCommander[1440:1f7f] [com.apple.AppKit:Image] ISImage reported a placeholder, image rep is providing a placeholder image for <private>
2026-09-14 12:38:26.706 I  PeachCommander[1440:1f7f] [com.apple.AppKit:Image] ISImage reported a placeholder, image rep is providing a placeholder image for <private>
2026-09-14 12:38:26.708 I  PeachCommander[1440:1f7f] [com.apple.AppKit:Image] ISImage reported a placeholder, image rep is providing a placeholder image for <private>
2026-09-14 12:38:26.708 I  PeachCommander[1440:1f7f] [com.apple.AppKit:Image] ISImage reported a placeholder, image rep is providing a placeholder image for <private>
2026-09-14 12:38:26.709 I  PeachCommander[1440:1f7f] [com.apple.AppKit:Image] ISImage reported a placeholder, image rep is providing a placeholder image for <private>
2026-09-14 12:38:26.709 I  PeachCommander[1440:1f7f] [com.apple.AppKit:Image] ISImage reported a placeholder, image rep is providing a placeholder image for <private>
2026-09-14 12:38:26.710 I  PeachCommander[1440:1f7f] [com.apple.AppKit:Image] ISImage reported a placeholder, image rep is providing a placeholder image for <private>
2026-09-14 12:38:26.711 I  PeachCommander[1440:1f7f] [com.apple.AppKit:Image] ISImage reported a placeholder, image rep is providing a placeholder image for <private>
2026-09-14 12:38:26.712 I  PeachCommander[1440:1f7f] [com.apple.AppKit:Image] ISImage reported a placeholder, image rep is providing a placeholder image for <private>
2026-09-14 12:38:26.712 I  PeachCommander[1440:1f7f] [com.apple.AppKit:Image] ISImage reported a placeholder, image rep is providing a placeholder image for <private>
2026-09-14 12:38:26.713 I  PeachCommander[1440:1f7f] [com.apple.AppKit:Image] ISImage reported a placeholder, image rep is providing a placeholder image for <private>
2026-09-14 12:38:26.713 I  PeachCommander[1440:1f7f] [com.apple.AppKit:Image] ISImage reported a placeholder, image rep is providing a placeholder image for <private>
2026-09-14 12:38:26.714 I  PeachCommander[1440:1f7f] [com.apple.AppKit:Image] ISImage reported a placeholder, image rep is providing a placeholder image for <private>
2026-09-14 12:38:26.714 I  PeachCommander[1440:1f7f] [com.apple.AppKit:Image] ISImage reported a placeholder, image rep is providing a placeholder image for <private>
2026-09-14 12:38:26.715 I  PeachCommander[1440:1f7f] [com.apple.AppKit:Image] ISImage reported a placeholder, image rep is providing a placeholder image for <private>
2026-09-14 12:38:26.715 I  PeachCommander[1440:1f7f] [com.apple.AppKit:Image] ISImage reported a placeholder, image rep is providing a placeholder image for <private>
2026-09-14 12:38:26.716 I  PeachCommander[1440:1f7f] [com.apple.AppKit:Image] ISImage reported a placeholder, image rep is providing a placeholder image for <private>
2026-09-14 12:38:26.716 I  PeachCommander[1440:1f7f] [com.apple.AppKit:Image] ISImage reported a placeholder, image rep is providing a placeholder image for <private>
2026-09-14 12:38:26.717 I  PeachCommander[1440:1f7f] [com.apple.AppKit:Image] ISImage reported a placeholder, image rep is providing a placeholder image for <private>
2026-09-14 12:38:26.717 I  PeachCommander[1440:1f7f] [com.apple.AppKit:Image] ISImage reported a placeholder, image rep is providing a placeholder image for <private>
2026-09-14 12:38:26.719 I  PeachCommander[1440:1f7f] [com.apple.AppKit:Image] ISImage reported a placeholder, image rep is providing a placeholder image for <private>
2026-09-14 12:38:26.719 I  PeachCommander[1440:1f7f] [com.apple.AppKit:Image] ISImage reported a placeholder, image rep is providing a placeholder image for <private>
2026-09-14 12:38:26.720 I  PeachCommander[1440:1f7f] [com.apple.AppKit:Image] ISImage reported a placeholder, image rep is providing a placeholder image for <private>
2026-09-14 12:38:26.720 I  PeachCommander[1440:1f7f] [com.apple.AppKit:Image] ISImage reported a placeholder, image rep is providing a placeholder image for <private>
2026-09-14 12:38:26.721 I  PeachCommander[1440:1f7f] [com.apple.AppKit:Image] ISImage reported a placeholder, image rep is providing a placeholder image for <private>
2026-09-14 12:38:26.721 I  PeachCommander[1440:1f7f] [com.apple.AppKit:Image] ISImage reported a placeholder, image rep is providing a placeholder image for <private>
2026-09-14 12:38:26.722 I  PeachCommander[1440:1f7f] [com.apple.AppKit:Image] ISImage reported a placeholder, image rep is providing a placeholder image for <private>
2026-09-14 12:38:26.722 I  PeachCommander[1440:1f7f] [com.apple.AppKit:Image] ISImage reported a placeholder, image rep is providing a placeholder image for <private>
2026-09-14 12:38:26.723 I  PeachCommander[1440:1f7f] [com.apple.AppKit:Image] ISImage reported a placeholder, image rep is providing a placeholder image for <private>
2026-09-14 12:38:26.723 I  PeachCommander[1440:1f7f] [com.apple.AppKit:Image] ISImage reported a placeholder, image rep is providing a placeholder image for <private>
2026-09-14 12:38:26.724 I  PeachCommander[1440:1f7f] [com.apple.AppKit:Image] ISImage reported a placeholder, image rep is providing a placeholder image for <private>
2026-09-14 12:38:26.724 I  PeachCommander[1440:1f7f] [com.apple.AppKit:Image] ISImage reported a placeholder, image rep is providing a placeholder image for <private>
2026-09-14 12:38:26.726 I  PeachCommander[1440:1f7f] [com.apple.AppKit:Image] ISImage reported a placeholder, image rep is providing a placeholder image for <private>
2026-09-14 12:38:26.726 I  PeachCommander[1440:1f7f] [com.apple.AppKit:Image] ISImage reported a placeholder, image rep is providing a placeholder image for <private>
2026-09-14 12:38:26.727 I  PeachCommander[1440:1f7f] [com.apple.AppKit:Image] ISImage reported a placeholder, image rep is providing a placeholder image for <private>
2026-09-14 12:38:26.727 I  PeachCommander[1440:1f7f] [com.apple.AppKit:Image] ISImage reported a placeholder, image rep is providing a placeholder image for <private>
2026-09-14 12:38:26.728 I  PeachCommander[1440:1f7f] [com.apple.AppKit:Image] ISImage reported a placeholder, image rep is providing a placeholder image for <private>
2026-09-14 12:38:26.728 I  PeachCommander[1440:1f7f] [com.apple.AppKit:Image] ISImage reported a placeholder, image rep is providing a placeholder image for <private>
2026-09-14 12:38:26.729 I  PeachCommander[1440:1f7f] [com.apple.AppKit:Image] ISImage reported a placeholder, image rep is providing a placeholder image for <private>
2026-09-14 12:38:26.729 I  PeachCommander[1440:1f7f] [com.apple.AppKit:Image] ISImage reported a placeholder, image rep is providing a placeholder image for <private>
2026-09-14 12:38:26.731 I  PeachCommander[1440:1f7f] [com.apple.AppKit:Image] ISImage reported a placeholder, image rep is providing a placeholder image for <private>
2026-09-14 12:38:26.731 I  PeachCommander[1440:1f7f] [com.apple.AppKit:Image] ISImage reported a placeholder, image rep is providing a placeholder image for <private>
2026-09-14 12:38:26.732 I  PeachCommander[1440:1f7f] [com.apple.AppKit:Image] ISImage reported a placeholder, image rep is providing a placeholder image for <private>
2026-09-14 12:38:26.732 I  PeachCommander[1440:1f7f] [com.apple.AppKit:Image] ISImage reported a placeholder, image rep is providing a placeholder image for <private>
2026-09-14 12:38:26.733 I  PeachCommander[1440:1f7f] [com.apple.AppKit:Image] ISImage reported a placeholder, image rep is providing a placeholder image for <private>
2026-09-14 12:38:26.733 I  PeachCommander[1440:1f7f] [com.apple.AppKit:Image] ISImage reported a placeholder, image rep is providing a placeholder image for <private>
2026-09-14 12:38:26.734 I  PeachCommander[1440:1f7f] [com.apple.AppKit:Image] ISImage reported a placeholder, image rep is providing a placeholder image for <private>
2026-09-14 12:38:26.734 I  PeachCommander[1440:1f7f] [com.apple.AppKit:Image] ISImage reported a placeholder, image rep is providing a placeholder image for <private>
2026-09-14 12:38:26.735 I  PeachCommander[1440:1f7f] [com.apple.AppKit:Image] ISImage reported a placeholder, image rep is providing a placeholder image for <private>
2026-09-14 12:38:26.735 I  PeachCommander[1440:1f7f] [com.apple.AppKit:Image] ISImage reported a placeholder, image rep is providing a placeholder image for <private>
2026-09-14 12:38:26.829 I  PeachCommander[1440:1f7f] [com.apple.iconservices:foundation] layer data size zero
2026-09-14 12:38:26.830 A  PeachCommander[1440:1f7f] (CoreFoundation) Loading Preferences From User CFPrefsD
2026-09-14 12:38:26.830 I  PeachCommander[1440:1f7f] [com.apple.CoreAnalytics:client] Dropping "com.apple.ImageIO.readerSelection" as it isn't used in any transform (not in the config or budgeted?)
2026-09-14 12:38:26.854 I  PeachCommander[1440:1f7f] [com.apple.coreanimation:Utilities] IOSurface Compression Enabled: NO
2026-09-14 12:38:26.855 Df PeachCommander[1440:1f8b] [com.apple.coreanimation:Metal] Precompiled pipelines disabled on unsupported hardware.
2026-09-14 12:38:26.865 I  PeachCommander[1440:1f7f] [com.apple.CarbonCore:gestalt] SetGestaltValuesBulk SetGestaltValuesBulk( count=22 tuples=0x18583e650
2026-09-14 12:38:26.865 I  PeachCommander[1440:1f7f] [com.apple.CarbonCore:gestalt] SetGestaltValue SetGestaltValue(alis 1C9) => 0
2026-09-14 12:38:26.865 I  PeachCommander[1440:1f7f] [com.apple.CarbonCore:gestalt] SetGestaltValue SetGestaltValue(os   FE) => 0
2026-09-14 12:38:26.865 I  PeachCommander[1440:1f7f] [com.apple.CarbonCore:gestalt] SetGestaltValue SetGestaltValue(addr 7) => 0
2026-09-14 12:38:26.865 I  PeachCommander[1440:1f7f] [com.apple.CarbonCore:gestalt] SetGestaltValue SetGestaltValue(fs   3D332) => 0
2026-09-14 12:38:26.865 I  PeachCommander[1440:1f7f] [com.apple.CarbonCore:gestalt] SetGestaltValue SetGestaltValue(fold 11) => 0
2026-09-14 12:38:26.865 I  PeachCommander[1440:1f7f] [com.apple.CarbonCore:gestalt] SetGestaltValue SetGestaltValue(lram 7FFFF000) => 0
2026-09-14 12:38:26.865 I  PeachCommander[1440:1f7f] [com.apple.CarbonCore:gestalt] SetGestaltValue SetGestaltValue(mmap 1) => 0
2026-09-14 12:38:26.865 I  PeachCommander[1440:1f7f] [com.apple.CarbonCore:gestalt] SetGestaltValue SetGestaltValue(cfrg 1) => 0
2026-09-14 12:38:26.865 I  PeachCommander[1440:1f7f] [com.apple.CarbonCore:gestalt] SetGestaltValue SetGestaltValue(thds 7) => 0
2026-09-14 12:38:26.865 I  PeachCommander[1440:1f7f] [com.apple.CarbonCore:gestalt] SetGestaltValue SetGestaltValue(tmgr E) => 0
2026-09-14 12:38:26.865 I  PeachCommander[1440:1f7f] [com.apple.CarbonCore:gestalt] SetGestaltValue SetGestaltValue(vers 7) => 0
2026-09-14 12:38:26.865 I  PeachCommander[1440:1f7f] [com.apple.CarbonCore:gestalt] SetGestaltValue SetGestaltValue(cbon 160) => 0
2026-09-14 12:38:26.865 I  PeachCommander[1440:1f7f] [com.apple.CarbonCore:gestalt] SetGestaltValue SetGestaltValue(cltn 1108000) => 0
2026-09-14 12:38:26.865 I  PeachCommander[1440:1f7f] [com.apple.CarbonCore:gestalt] SetGestaltValue SetGestaltValue(cpnt 8) => 0
2026-09-14 12:38:26.865 I  PeachCommander[1440:1f7f] [com.apple.CarbonCore:gestalt] SetGestaltValue SetGestaltValue(rsrc 3) => 0
2026-09-14 12:38:26.865 I  PeachCommander[1440:1f7f] [com.apple.CarbonCore:gestalt] SetGestaltValue SetGestaltValue(rmbg 11F) => 0
2026-09-14 12:38:26.865 I  PeachCommander[1440:1f7f] [com.apple.CarbonCore:gestalt] SetGestaltValue SetGestaltValue(vm   11) => 0
2026-09-14 12:38:26.865 I  PeachCommander[1440:1f7f] [com.apple.CarbonCore:gestalt] SetGestaltValue SetGestaltValue(srad 4170706C) => 0
2026-09-14 12:38:26.865 I  PeachCommander[1440:1f7f] [com.apple.CarbonCore:gestalt] SetGestaltValue SetGestaltValue(sysa 14) => 0
2026-09-14 12:38:26.865 I  PeachCommander[1440:1f7f] [com.apple.CarbonCore:gestalt] SetGestaltValue SetGestaltValue(copl 9) => 0
2026-09-14 12:38:26.865 I  PeachCommander[1440:1f7f] [com.apple.CarbonCore:gestalt] SetGestaltValue SetGestaltValue(xlat 0) => 0
2026-09-14 12:38:26.865 I  PeachCommander[1440:1f7f] [com.apple.CarbonCore:gestalt] SetGestaltValue SetGestaltValue(stdf 0) => 0
2026-09-14 12:38:26.865 I  PeachCommander[1440:1f7f] [com.apple.CarbonCore:gestalt] _NewGestalt _NewGestalt(ram  0x1857b7644) => 0
2026-09-14 12:38:26.865 I  PeachCommander[1440:1f7f] [com.apple.CarbonCore:gestalt] _NewGestalt _NewGestalt(ramm 0x1857b7644) => 0
2026-09-14 12:38:26.865 I  PeachCommander[1440:1f7f] [com.apple.CarbonCore:gestalt] _NewGestalt _NewGestalt(cput 0x1857b7734) => 0
2026-09-14 12:38:26.865 I  PeachCommander[1440:1f7f] [com.apple.CarbonCore:gestalt] _NewGestalt _NewGestalt(cpuf 0x1857b7764) => 0
2026-09-14 12:38:26.865 I  PeachCommander[1440:1f7f] [com.apple.CarbonCore:gestalt] _NewGestalt _NewGestalt(bclk 0x1857b7794) => 0
2026-09-14 12:38:26.865 I  PeachCommander[1440:1f7f] [com.apple.CarbonCore:gestalt] _NewGestalt _NewGestalt(bclm 0x1857b7794) => 0
2026-09-14 12:38:26.865 I  PeachCommander[1440:1f7f] [com.apple.CarbonCore:gestalt] _NewGestalt _NewGestalt(pclk 0x1857b7834) => 0
2026-09-14 12:38:26.865 I  PeachCommander[1440:1f7f] [com.apple.CarbonCore:gestalt] _NewGestalt _NewGestalt(mclk 0x1857b7834) => 0
2026-09-14 12:38:26.865 I  PeachCommander[1440:1f7f] [com.apple.CarbonCore:gestalt] _NewGestalt _NewGestalt(a/ux 0x1857b794c) => 0
2026-09-14 12:38:26.865 I  PeachCommander[1440:1f7f] [com.apple.CarbonCore:gestalt] _NewGestalt _NewGestalt(pgsz 0x1857b7954) => 0
2026-09-14 12:38:26.865 I  PeachCommander[1440:1f7f] [com.apple.CarbonCore:gestalt] _NewGestalt _NewGestalt(csiz 0x1857b7994) => 0
2026-09-14 12:38:26.865 I  PeachCommander[1440:1f7f] [com.apple.CarbonCore:gestalt] _NewGestalt _NewGestalt(sysv 0x185762dfc) => 0
2026-09-14 12:38:26.865 I  PeachCommander[1440:1f7f] [com.apple.CarbonCore:gestalt] _NewGestalt _NewGestalt(sys1 0x185762dfc) => 0
2026-09-14 12:38:26.865 I  PeachCommander[1440:1f7f] [com.apple.CarbonCore:gestalt] _NewGestalt _NewGestalt(sys2 0x185762dfc) => 0
2026-09-14 12:38:26.865 I  PeachCommander[1440:1f7f] [com.apple.CarbonCore:gestalt] _NewGestalt _NewGestalt(sys3 0x185762dfc) => 0
2026-09-14 12:38:26.865 I  PeachCommander[1440:1f7f] [com.apple.CarbonCore:gestalt] _NewGestalt _NewGestalt(cdfl 0x1857b79d4) => 0
2026-09-14 12:38:26.865 I  PeachCommander[1440:1f7f] [com.apple.CarbonCore:gestalt] _NewGestalt _NewGestalt(cdrm 0x1857b7c30) => 0
2026-09-14 12:38:26.865 I  PeachCommander[1440:1f7f] [com.apple.CarbonCore:gestalt] _NewGestalt _NewGestalt(cpus 0x1857b7c78) => 0
2026-09-14 12:38:26.865 I  PeachCommander[1440:1f7f] [com.apple.CarbonCore:gestalt] SetGestaltValue SetGestaltValue(swex 1) => 0
2026-09-14 12:38:26.865 Df PeachCommander[1440:1f7f] [com.apple.xpc:connection] [0x8269bf840] activating connection: mach=false listener=false peer=false name=com.apple.hiservices-xpcservice
2026-09-14 12:38:26.866 I  PeachCommander[1440:1f7f] [com.apple.CFPasteboard:entry] CopyData('ApplePerContextInputPasteboard' (<CFUUID 0x826714700> 53E7061D-C014-4FF1-94F8-42A0D4ECC092) gen: -1 item: 1264739405 flavor: 'ApplePerContextInputFlavor')
2026-09-14 12:38:26.866 I  PeachCommander[1440:1f7f] [com.apple.CFPasteboard:cache] Rebuilding cache for 'ApplePerContextInputPasteboard' (<CFUUID 0x826714700> 53E7061D-C014-4FF1-94F8-42A0D4ECC092)
2026-09-14 12:38:26.866 I  PeachCommander[1440:1f7f] [com.apple.CFPasteboard:general] Will request data from daemon
2026-09-14 12:38:26.866 I  PeachCommander[1440:1f7f] [com.apple.CFPasteboard:exit] (not-in-cache) - result: 0 generation: 1 data (182 bytes) flags: 0
2026-09-14 12:38:26.866 I  PeachCommander[1440:1f7f] [com.apple.CFPasteboard:entry] CopyData('DefaultAsciiKeyboardLayoutPasteboard' (<CFUUID 0x826ed6180> DF1169A5-81EC-40C0-A20D-46113D4C2F7C) gen: -1 item: 1264739405 flavor: 'DefaultAsciiKeyboardLayoutFlavor')
2026-09-14 12:38:26.866 I  PeachCommander[1440:1f7f] [com.apple.CFPasteboard:exit] (not-in-cache) - result: -8 generation: 0 null data flags: 0
2026-09-14 12:38:26.867 A  PeachCommander[1440:1f8d] (libsystem_info.dylib) Retrieve Group by ID
2026-09-14 12:38:26.867 I  PeachCommander[1440:1f7f] [com.peachcommander:PCFoundation] Session restored
2026-09-14 12:38:26.868 Df PeachCommander[1440:1f7f] (Foundation) <private>
2026-09-14 12:38:26.868 I  PeachCommander[1440:1f7f] [com.peachcommander:PCFoundation] [automation] running /Users/admin/auto.txt
2026-09-14 12:38:26.868 Df PeachCommander[1440:1f7f] (Foundation) <private>
2026-09-14 12:38:26.868 I  PeachCommander[1440:1f7f] [com.peachcommander:PCFoundation] [automation] > active left
2026-09-14 12:38:26.868 Df PeachCommander[1440:1f7f] (Foundation) <private>
2026-09-14 12:38:26.868 I  PeachCommander[1440:1f7f] [com.peachcommander:PCFoundation] [automation] > left /Users/admin/pc-demo
2026-09-14 12:38:26.868 I  PeachCommander[1440:2022] [com.apple.AppKit:WindowTab] Indexing 1 items
2026-09-14 12:38:26.868 A  PeachCommander[1440:2022] (CoreSpotlight) end-index-batch
2026-09-14 12:38:26.868 Df PeachCommander[1440:2022] [com.apple.corespotlight:index] *warn* MailCS ======%%% _setMailMessageAttributes skip:1
2026-09-14 12:38:26.868 A  PeachCommander[1440:2022] (CoreSpotlight) index-items
2026-09-14 12:38:26.868 Df PeachCommander[1440:2022] [com.apple.corespotlight:index] CSInlineDonation:<private>: Skipping donation (feature flag disabled)
2026-09-14 12:38:26.868 Df PeachCommander[1440:2022] [com.apple.corespotlight:index] CSInlineDonation:<private>: Skipping donation (feature flag disabled)
2026-09-14 12:38:26.880 I  PeachCommander[1440:1f7f] [com.apple.AppKit:Image] ISImage reported a placeholder, image rep is providing a placeholder image for <private>
2026-09-14 12:38:26.881 I  PeachCommander[1440:1f7f] [com.apple.AppKit:Image] ISImage reported a placeholder, image rep is providing a placeholder image for <private>
2026-09-14 12:38:26.882 I  PeachCommander[1440:1f7f] [com.apple.AppKit:Image] ISImage reported a placeholder, image rep is providing a placeholder image for <private>
2026-09-14 12:38:26.883 I  PeachCommander[1440:1f7f] [com.apple.AppKit:Image] ISImage reported a placeholder, image rep is providing a placeholder image for <private>
2026-09-14 12:38:26.883 I  PeachCommander[1440:1f7f] [com.apple.AppKit:Image] ISImage reported a placeholder, image rep is providing a placeholder image for <private>
2026-09-14 12:38:26.884 I  PeachCommander[1440:1f7f] [com.apple.AppKit:Image] ISImage reported a placeholder, image rep is providing a placeholder image for <private>
2026-09-14 12:38:26.885 I  PeachCommander[1440:1f7f] [com.apple.AppKit:Image] ISImage reported a placeholder, image rep is providing a placeholder image for <private>
2026-09-14 12:38:26.885 I  PeachCommander[1440:1f7f] [com.apple.AppKit:Image] ISImage reported a placeholder, image rep is providing a placeholder image for <private>
2026-09-14 12:38:26.886 I  PeachCommander[1440:1f7f] [com.apple.AppKit:Image] ISImage reported a placeholder, image rep is providing a placeholder image for <private>
2026-09-14 12:38:26.887 I  PeachCommander[1440:1f7f] [com.apple.AppKit:Image] ISImage reported a placeholder, image rep is providing a placeholder image for <private>
2026-09-14 12:38:26.888 I  PeachCommander[1440:1f7f] [com.apple.AppKit:Image] ISImage reported a placeholder, image rep is providing a placeholder image for <private>
2026-09-14 12:38:26.889 I  PeachCommander[1440:1f7f] [com.apple.AppKit:Image] ISImage reported a placeholder, image rep is providing a placeholder image for <private>
2026-09-14 12:38:26.890 I  PeachCommander[1440:1f7f] [com.apple.AppKit:Image] ISImage reported a placeholder, image rep is providing a placeholder image for <private>
2026-09-14 12:38:26.890 I  PeachCommander[1440:1f7f] [com.apple.AppKit:Image] ISImage reported a placeholder, image rep is providing a placeholder image for <private>
2026-09-14 12:38:26.891 I  PeachCommander[1440:1f7f] [com.apple.AppKit:Image] ISImage reported a placeholder, image rep is providing a placeholder image for <private>
2026-09-14 12:38:26.892 I  PeachCommander[1440:1f7f] [com.apple.AppKit:Image] ISImage reported a placeholder, image rep is providing a placeholder image for <private>
2026-09-14 12:38:26.892 I  PeachCommander[1440:1f7f] [com.apple.AppKit:Image] ISImage reported a placeholder, image rep is providing a placeholder image for <private>
2026-09-14 12:38:26.893 I  PeachCommander[1440:1f7f] [com.apple.AppKit:Image] ISImage reported a placeholder, image rep is providing a placeholder image for <private>
2026-09-14 12:38:26.894 I  PeachCommander[1440:1f7f] [com.apple.AppKit:Image] ISImage reported a placeholder, image rep is providing a placeholder image for <private>
2026-09-14 12:38:26.894 I  PeachCommander[1440:1f7f] [com.apple.AppKit:Image] ISImage reported a placeholder, image rep is providing a placeholder image for <private>
2026-09-14 12:38:26.895 I  PeachCommander[1440:1f7f] [com.apple.AppKit:Image] ISImage reported a placeholder, image rep is providing a placeholder image for <private>
2026-09-14 12:38:26.896 I  PeachCommander[1440:1f7f] [com.apple.AppKit:Image] ISImage reported a placeholder, image rep is providing a placeholder image for <private>
2026-09-14 12:38:26.897 I  PeachCommander[1440:1f7f] [com.apple.AppKit:Image] ISImage reported a placeholder, image rep is providing a placeholder image for <private>
2026-09-14 12:38:26.898 I  PeachCommander[1440:1f7f] [com.apple.AppKit:Image] ISImage reported a placeholder, image rep is providing a placeholder image for <private>
2026-09-14 12:38:26.898 I  PeachCommander[1440:1f7f] [com.apple.AppKit:Image] ISImage reported a placeholder, image rep is providing a placeholder image for <private>
2026-09-14 12:38:26.899 I  PeachCommander[1440:1f7f] [com.apple.AppKit:Image] ISImage reported a placeholder, image rep is providing a placeholder image for <private>
2026-09-14 12:38:26.900 I  PeachCommander[1440:1f7f] [com.apple.AppKit:Image] ISImage reported a placeholder, image rep is providing a placeholder image for <private>
2026-09-14 12:38:26.901 I  PeachCommander[1440:1f7f] [com.apple.AppKit:Image] ISImage reported a placeholder, image rep is providing a placeholder image for <private>
2026-09-14 12:38:26.901 I  PeachCommander[1440:1f7f] [com.apple.AppKit:Image] ISImage reported a placeholder, image rep is providing a placeholder image for <private>
2026-09-14 12:38:26.903 I  PeachCommander[1440:1f7f] [com.apple.AppKit:Image] ISImage reported a placeholder, image rep is providing a placeholder image for <private>
2026-09-14 12:38:26.903 I  PeachCommander[1440:1f7f] [com.apple.AppKit:Image] ISImage reported a placeholder, image rep is providing a placeholder image for <private>
2026-09-14 12:38:26.904 I  PeachCommander[1440:1f7f] [com.apple.AppKit:Image] ISImage reported a placeholder, image rep is providing a placeholder image for <private>
2026-09-14 12:38:26.904 I  PeachCommander[1440:1f7f] [com.apple.AppKit:Image] ISImage reported a placeholder, image rep is providing a placeholder image for <private>
2026-09-14 12:38:26.905 I  PeachCommander[1440:1f7f] [com.apple.AppKit:Image] ISImage reported a placeholder, image rep is providing a placeholder image for <private>
2026-09-14 12:38:26.905 I  PeachCommander[1440:1f7f] [com.apple.AppKit:Image] ISImage reported a placeholder, image rep is providing a placeholder image for <private>
2026-09-14 12:38:26.906 I  PeachCommander[1440:1f7f] [com.apple.AppKit:Image] ISImage reported a placeholder, image rep is providing a placeholder image for <private>
2026-09-14 12:38:26.906 I  PeachCommander[1440:1f7f] [com.apple.AppKit:Image] ISImage reported a placeholder, image rep is providing a placeholder image for <private>
2026-09-14 12:38:26.907 I  PeachCommander[1440:1f7f] [com.apple.AppKit:Image] ISImage reported a placeholder, image rep is providing a placeholder image for <private>
2026-09-14 12:38:26.907 I  PeachCommander[1440:1f7f] [com.apple.AppKit:Image] ISImage reported a placeholder, image rep is providing a placeholder image for <private>
2026-09-14 12:38:26.908 I  PeachCommander[1440:1f7f] [com.apple.AppKit:Image] ISImage reported a placeholder, image rep is providing a placeholder image for <private>
2026-09-14 12:38:26.908 I  PeachCommander[1440:1f7f] [com.apple.AppKit:Image] ISImage reported a placeholder, image rep is providing a placeholder image for <private>
2026-09-14 12:38:26.909 I  PeachCommander[1440:1f7f] [com.apple.AppKit:Image] ISImage reported a placeholder, image rep is providing a placeholder image for <private>
2026-09-14 12:38:26.910 I  PeachCommander[1440:1f7f] [com.apple.AppKit:Image] ISImage reported a placeholder, image rep is providing a placeholder image for <private>
2026-09-14 12:38:26.911 I  PeachCommander[1440:1f7f] [com.apple.AppKit:Image] ISImage reported a placeholder, image rep is providing a placeholder image for <private>
2026-09-14 12:38:26.911 I  PeachCommander[1440:1f7f] [com.apple.AppKit:Image] ISImage reported a placeholder, image rep is providing a placeholder image for <private>
2026-09-14 12:38:26.912 I  PeachCommander[1440:1f7f] [com.apple.AppKit:Image] ISImage reported a placeholder, image rep is providing a placeholder image for <private>
2026-09-14 12:38:26.912 I  PeachCommander[1440:1f7f] [com.apple.AppKit:Image] ISImage reported a placeholder, image rep is providing a placeholder image for <private>
2026-09-14 12:38:26.913 I  PeachCommander[1440:1f7f] [com.apple.AppKit:Image] ISImage reported a placeholder, image rep is providing a placeholder image for <private>
2026-09-14 12:38:26.913 I  PeachCommander[1440:1f7f] [com.apple.AppKit:Image] ISImage reported a placeholder, image rep is providing a placeholder image for <private>
2026-09-14 12:38:26.915 I  PeachCommander[1440:1f7f] [com.apple.AppKit:Image] ISImage reported a placeholder, image rep is providing a placeholder image for <private>
2026-09-14 12:38:26.915 I  PeachCommander[1440:1f7f] [com.apple.AppKit:Image] ISImage reported a placeholder, image rep is providing a placeholder image for <private>
2026-09-14 12:38:26.916 I  PeachCommander[1440:1f7f] [com.apple.AppKit:Image] ISImage reported a placeholder, image rep is providing a placeholder image for <private>
2026-09-14 12:38:26.916 I  PeachCommander[1440:1f7f] [com.apple.AppKit:Image] ISImage reported a placeholder, image rep is providing a placeholder image for <private>
2026-09-14 12:38:26.917 I  PeachCommander[1440:1f7f] [com.apple.AppKit:Image] ISImage reported a placeholder, image rep is providing a placeholder image for <private>
2026-09-14 12:38:26.917 I  PeachCommander[1440:1f7f] [com.apple.AppKit:Image] ISImage reported a placeholder, image rep is providing a placeholder image for <private>
2026-09-14 12:38:26.918 I  PeachCommander[1440:1f7f] [com.apple.AppKit:Image] ISImage reported a placeholder, image rep is providing a placeholder image for <private>
2026-09-14 12:38:26.918 I  PeachCommander[1440:1f7f] [com.apple.AppKit:Image] ISImage reported a placeholder, image rep is providing a placeholder image for <private>
2026-09-14 12:38:26.919 I  PeachCommander[1440:1f7f] [com.apple.AppKit:Image] ISImage reported a placeholder, image rep is providing a placeholder image for <private>
2026-09-14 12:38:26.919 I  PeachCommander[1440:1f7f] [com.apple.AppKit:Image] ISImage reported a placeholder, image rep is providing a placeholder image for <private>
2026-09-14 12:38:26.920 I  PeachCommander[1440:1f7f] [com.apple.AppKit:Image] ISImage reported a placeholder, image rep is providing a placeholder image for <private>
2026-09-14 12:38:26.920 I  PeachCommander[1440:1f7f] [com.apple.AppKit:Image] ISImage reported a placeholder, image rep is providing a placeholder image for <private>
2026-09-14 12:38:26.921 I  PeachCommander[1440:1f7f] [com.apple.AppKit:Image] ISImage reported a placeholder, image rep is providing a placeholder image for <private>
2026-09-14 12:38:26.921 I  PeachCommander[1440:1f7f] [com.apple.AppKit:Image] ISImage reported a placeholder, image rep is providing a placeholder image for <private>
2026-09-14 12:38:26.922 I  PeachCommander[1440:1f7f] [com.apple.AppKit:Image] ISImage reported a placeholder, image rep is providing a placeholder image for <private>
2026-09-14 12:38:26.922 I  PeachCommander[1440:1f7f] [com.apple.AppKit:Image] ISImage reported a placeholder, image rep is providing a placeholder image for <private>
2026-09-14 12:38:26.923 I  PeachCommander[1440:1f7f] [com.apple.AppKit:Image] ISImage reported a placeholder, image rep is providing a placeholder image for <private>
2026-09-14 12:38:26.923 I  PeachCommander[1440:1f7f] [com.apple.AppKit:Image] ISImage reported a placeholder, image rep is providing a placeholder image for <private>
2026-09-14 12:38:26.924 I  PeachCommander[1440:1f7f] [com.apple.AppKit:Image] ISImage reported a placeholder, image rep is providing a placeholder image for <private>
2026-09-14 12:38:26.924 I  PeachCommander[1440:1f7f] [com.apple.AppKit:Image] ISImage reported a placeholder, image rep is providing a placeholder image for <private>
2026-09-14 12:38:26.925 I  PeachCommander[1440:1f7f] [com.apple.AppKit:Image] ISImage reported a placeholder, image rep is providing a placeholder image for <private>
2026-09-14 12:38:26.925 I  PeachCommander[1440:1f7f] [com.apple.AppKit:Image] ISImage reported a placeholder, image rep is providing a placeholder image for <private>
2026-09-14 12:38:26.926 I  PeachCommander[1440:1f7f] [com.apple.AppKit:Image] ISImage reported a placeholder, image rep is providing a placeholder image for <private>
2026-09-14 12:38:26.926 I  PeachCommander[1440:1f7f] [com.apple.AppKit:Image] ISImage reported a placeholder, image rep is providing a placeholder image for <private>
2026-09-14 12:38:26.927 I  PeachCommander[1440:1f7f] [com.apple.AppKit:Image] ISImage reported a placeholder, image rep is providing a placeholder image for <private>
2026-09-14 12:38:26.927 I  PeachCommander[1440:1f7f] [com.apple.AppKit:Image] ISImage reported a placeholder, image rep is providing a placeholder image for <private>
2026-09-14 12:38:26.928 I  PeachCommander[1440:1f7f] [com.apple.AppKit:Image] ISImage reported a placeholder, image rep is providing a placeholder image for <private>
2026-09-14 12:38:26.928 I  PeachCommander[1440:1f7f] [com.apple.AppKit:Image] ISImage reported a placeholder, image rep is providing a placeholder image for <private>
2026-09-14 12:38:26.929 I  PeachCommander[1440:1f7f] [com.apple.AppKit:Image] ISImage reported a placeholder, image rep is providing a placeholder image for <private>
2026-09-14 12:38:26.929 I  PeachCommander[1440:1f7f] [com.apple.AppKit:Image] ISImage reported a placeholder, image rep is providing a placeholder image for <private>
2026-09-14 12:38:26.930 I  PeachCommander[1440:1f7f] [com.apple.AppKit:Image] ISImage reported a placeholder, image rep is providing a placeholder image for <private>
2026-09-14 12:38:26.930 I  PeachCommander[1440:1f7f] [com.apple.AppKit:Image] ISImage reported a placeholder, image rep is providing a placeholder image for <private>
2026-09-14 12:38:26.993 I  PeachCommander[1440:1f7f] [com.apple.HIToolbox:MBDisplays] <private>
2026-09-14 12:38:26.993 I  PeachCommander[1440:1f7f] [com.apple.HIToolbox:MBDisplays] <private>
2026-09-14 12:38:27.260 Df PeachCommander[1440:1f7f] (Foundation) <private>
2026-09-14 12:38:27.260 I  PeachCommander[1440:1f7f] [com.peachcommander:PCFoundation] [automation] > wait 1200
2026-09-14 12:38:27.261 I  PeachCommander[1440:1f7f] [com.apple.AppKit:Image] ISImage reported a placeholder, image rep is providing a placeholder image for <private>
2026-09-14 12:38:27.262 I  PeachCommander[1440:1f7f] [com.apple.AppKit:Image] ISImage reported a placeholder, image rep is providing a placeholder image for <private>
2026-09-14 12:38:27.263 I  PeachCommander[1440:1f7f] [com.apple.AppKit:Image] ISImage reported a placeholder, image rep is providing a placeholder image for <private>
2026-09-14 12:38:27.263 I  PeachCommander[1440:1f7f] [com.apple.AppKit:Image] ISImage reported a placeholder, image rep is providing a placeholder image for <private>
2026-09-14 12:38:27.264 I  PeachCommander[1440:1f7f] [com.apple.AppKit:Image] ISImage reported a placeholder, image rep is providing a placeholder image for <private>
2026-09-14 12:38:27.265 I  PeachCommander[1440:1f7f] [com.apple.AppKit:Image] ISImage reported a placeholder, image rep is providing a placeholder image for <private>
2026-09-14 12:38:27.265 I  PeachCommander[1440:1f7f] [com.apple.AppKit:Image] ISImage reported a placeholder, image rep is providing a placeholder image for <private>
2026-09-14 12:38:27.266 I  PeachCommander[1440:1f7f] [com.apple.AppKit:Image] ISImage reported a placeholder, image rep is providing a placeholder image for <private>
2026-09-14 12:38:27.267 I  PeachCommander[1440:1f7f] [com.apple.AppKit:Image] ISImage reported a placeholder, image rep is providing a placeholder image for <private>
2026-09-14 12:38:27.267 I  PeachCommander[1440:1f7f] [com.apple.AppKit:Image] ISImage reported a placeholder, image rep is providing a placeholder image for <private>
2026-09-14 12:38:27.268 I  PeachCommander[1440:1f7f] [com.apple.AppKit:Image] ISImage reported a placeholder, image rep is providing a placeholder image for <private>
2026-09-14 12:38:27.269 I  PeachCommander[1440:1f7f] [com.apple.AppKit:Image] ISImage reported a placeholder, image rep is providing a placeholder image for <private>
2026-09-14 12:38:27.269 I  PeachCommander[1440:1f7f] [com.apple.AppKit:Image] ISImage reported a placeholder, image rep is providing a placeholder image for <private>
2026-09-14 12:38:27.270 I  PeachCommander[1440:1f7f] [com.apple.AppKit:Image] ISImage reported a placeholder, image rep is providing a placeholder image for <private>
2026-09-14 12:38:27.271 I  PeachCommander[1440:1f7f] [com.apple.AppKit:Image] ISImage reported a placeholder, image rep is providing a placeholder image for <private>
2026-09-14 12:38:27.272 I  PeachCommander[1440:1f7f] [com.apple.AppKit:Image] ISImage reported a placeholder, image rep is providing a placeholder image for <private>
2026-09-14 12:38:27.272 I  PeachCommander[1440:1f7f] [com.apple.AppKit:Image] ISImage reported a placeholder, image rep is providing a placeholder image for <private>
2026-09-14 12:38:27.273 I  PeachCommander[1440:1f7f] [com.apple.AppKit:Image] ISImage reported a placeholder, image rep is providing a placeholder image for <private>
2026-09-14 12:38:27.274 I  PeachCommander[1440:1f7f] [com.apple.AppKit:Image] ISImage reported a placeholder, image rep is providing a placeholder image for <private>
2026-09-14 12:38:27.274 I  PeachCommander[1440:1f7f] [com.apple.AppKit:Image] ISImage reported a placeholder, image rep is providing a placeholder image for <private>
2026-09-14 12:38:27.275 I  PeachCommander[1440:1f7f] [com.apple.AppKit:Image] ISImage reported a placeholder, image rep is providing a placeholder image for <private>
2026-09-14 12:38:27.276 I  PeachCommander[1440:1f7f] [com.apple.AppKit:Image] ISImage reported a placeholder, image rep is providing a placeholder image for <private>
2026-09-14 12:38:27.276 I  PeachCommander[1440:1f7f] [com.apple.AppKit:Image] ISImage reported a placeholder, image rep is providing a placeholder image for <private>
2026-09-14 12:38:27.277 I  PeachCommander[1440:1f7f] [com.apple.AppKit:Image] ISImage reported a placeholder, image rep is providing a placeholder image for <private>
2026-09-14 12:38:27.278 I  PeachCommander[1440:1f7f] [com.apple.AppKit:Image] ISImage reported a placeholder, image rep is providing a placeholder image for <private>
2026-09-14 12:38:27.278 I  PeachCommander[1440:1f7f] [com.apple.AppKit:Image] ISImage reported a placeholder, image rep is providing a placeholder image for <private>
2026-09-14 12:38:27.279 I  PeachCommander[1440:1f7f] [com.apple.AppKit:Image] ISImage reported a placeholder, image rep is providing a placeholder image for <private>
2026-09-14 12:38:27.280 I  PeachCommander[1440:1f7f] [com.apple.AppKit:Image] ISImage reported a placeholder, image rep is providing a placeholder image for <private>
2026-09-14 12:38:27.280 I  PeachCommander[1440:1f7f] [com.apple.AppKit:Image] ISImage reported a placeholder, image rep is providing a placeholder image for <private>
2026-09-14 12:38:27.281 I  PeachCommander[1440:1f7f] [com.apple.AppKit:Image] ISImage reported a placeholder, image rep is providing a placeholder image for <private>
2026-09-14 12:38:27.281 I  PeachCommander[1440:1f7f] [com.apple.AppKit:Image] ISImage reported a placeholder, image rep is providing a placeholder image for <private>
2026-09-14 12:38:27.282 I  PeachCommander[1440:1f7f] [com.apple.AppKit:Image] ISImage reported a placeholder, image rep is providing a placeholder image for <private>
2026-09-14 12:38:27.282 I  PeachCommander[1440:1f7f] [com.apple.AppKit:Image] ISImage reported a placeholder, image rep is providing a placeholder image for <private>
2026-09-14 12:38:27.284 I  PeachCommander[1440:1f7f] [com.apple.AppKit:Image] ISImage reported a placeholder, image rep is providing a placeholder image for <private>
2026-09-14 12:38:27.284 I  PeachCommander[1440:1f7f] [com.apple.AppKit:Image] ISImage reported a placeholder, image rep is providing a placeholder image for <private>
2026-09-14 12:38:27.285 I  PeachCommander[1440:1f7f] [com.apple.AppKit:Image] ISImage reported a placeholder, image rep is providing a placeholder image for <private>
2026-09-14 12:38:27.285 I  PeachCommander[1440:1f7f] [com.apple.AppKit:Image] ISImage reported a placeholder, image rep is providing a placeholder image for <private>
2026-09-14 12:38:27.286 I  PeachCommander[1440:1f7f] [com.apple.AppKit:Image] ISImage reported a placeholder, image rep is providing a placeholder image for <private>
2026-09-14 12:38:27.286 I  PeachCommander[1440:1f7f] [com.apple.AppKit:Image] ISImage reported a placeholder, image rep is providing a placeholder image for <private>
2026-09-14 12:38:27.288 I  PeachCommander[1440:1f7f] [com.apple.AppKit:Image] ISImage reported a placeholder, image rep is providing a placeholder image for <private>
2026-09-14 12:38:27.288 I  PeachCommander[1440:1f7f] [com.apple.AppKit:Image] ISImage reported a placeholder, image rep is providing a placeholder image for <private>
2026-09-14 12:38:27.289 I  PeachCommander[1440:1f7f] [com.apple.AppKit:Image] ISImage reported a placeholder, image rep is providing a placeholder image for <private>
2026-09-14 12:38:27.289 I  PeachCommander[1440:1f7f] [com.apple.AppKit:Image] ISImage reported a placeholder, image rep is providing a placeholder image for <private>
2026-09-14 12:38:27.290 I  PeachCommander[1440:1f7f] [com.apple.AppKit:Image] ISImage reported a placeholder, image rep is providing a placeholder image for <private>
2026-09-14 12:38:27.290 I  PeachCommander[1440:1f7f] [com.apple.AppKit:Image] ISImage reported a placeholder, image rep is providing a placeholder image for <private>
2026-09-14 12:38:27.292 I  PeachCommander[1440:1f7f] [com.apple.AppKit:Image] ISImage reported a placeholder, image rep is providing a placeholder image for <private>
2026-09-14 12:38:27.292 I  PeachCommander[1440:1f7f] [com.apple.AppKit:Image] ISImage reported a placeholder, image rep is providing a placeholder image for <private>
2026-09-14 12:38:27.292 I  PeachCommander[1440:1f8d] [com.apple.iconservices:foundation] layer data size zero
2026-09-14 12:38:27.293 I  PeachCommander[1440:1f7f] [com.apple.AppKit:Image] ISImage reported a placeholder, image rep is providing a placeholder image for <private>
2026-09-14 12:38:27.293 I  PeachCommander[1440:1f7f] [com.apple.AppKit:Image] ISImage reported a placeholder, image rep is providing a placeholder image for <private>
2026-09-14 12:38:27.295 I  PeachCommander[1440:1f7f] [com.apple.AppKit:Image] ISImage reported a placeholder, image rep is providing a placeholder image for <private>
2026-09-14 12:38:27.295 I  PeachCommander[1440:1f7f] [com.apple.AppKit:Image] ISImage reported a placeholder, image rep is providing a placeholder image for <private>
2026-09-14 12:38:27.296 I  PeachCommander[1440:1f7f] [com.apple.AppKit:Image] ISImage reported a placeholder, image rep is providing a placeholder image for <private>
2026-09-14 12:38:27.296 I  PeachCommander[1440:1f7f] [com.apple.AppKit:Image] ISImage reported a placeholder, image rep is providing a placeholder image for <private>
2026-09-14 12:38:27.297 I  PeachCommander[1440:1f7f] [com.apple.AppKit:Image] ISImage reported a placeholder, image rep is providing a placeholder image for <private>
2026-09-14 12:38:27.297 I  PeachCommander[1440:1f7f] [com.apple.AppKit:Image] ISImage reported a placeholder, image rep is providing a placeholder image for <private>
2026-09-14 12:38:27.299 I  PeachCommander[1440:1f7f] [com.apple.AppKit:Image] ISImage reported a placeholder, image rep is providing a placeholder image for <private>
2026-09-14 12:38:27.299 I  PeachCommander[1440:1f7f] [com.apple.AppKit:Image] ISImage reported a placeholder, image rep is providing a placeholder image for <private>
2026-09-14 12:38:27.300 I  PeachCommander[1440:1f7f] [com.apple.AppKit:Image] ISImage reported a placeholder, image rep is providing a placeholder image for <private>
2026-09-14 12:38:27.300 I  PeachCommander[1440:1f7f] [com.apple.AppKit:Image] ISImage reported a placeholder, image rep is providing a placeholder image for <private>
2026-09-14 12:38:27.301 I  PeachCommander[1440:1f7f] [com.apple.AppKit:Image] ISImage reported a placeholder, image rep is providing a placeholder image for <private>
2026-09-14 12:38:27.301 I  PeachCommander[1440:1f7f] [com.apple.AppKit:Image] ISImage reported a placeholder, image rep is providing a placeholder image for <private>
2026-09-14 12:38:27.302 I  PeachCommander[1440:1f7f] [com.apple.AppKit:Image] ISImage reported a placeholder, image rep is providing a placeholder image for <private>
2026-09-14 12:38:27.302 I  PeachCommander[1440:1f7f] [com.apple.AppKit:Image] ISImage reported a placeholder, image rep is providing a placeholder image for <private>
2026-09-14 12:38:27.303 I  PeachCommander[1440:1f7f] [com.apple.AppKit:Image] ISImage reported a placeholder, image rep is providing a placeholder image for <private>
2026-09-14 12:38:27.303 I  PeachCommander[1440:1f7f] [com.apple.AppKit:Image] ISImage reported a placeholder, image rep is providing a placeholder image for <private>
2026-09-14 12:38:27.305 I  PeachCommander[1440:1f7f] [com.apple.AppKit:Image] ISImage reported a placeholder, image rep is providing a placeholder image for <private>
2026-09-14 12:38:27.305 I  PeachCommander[1440:1f7f] [com.apple.AppKit:Image] ISImage reported a placeholder, image rep is providing a placeholder image for <private>
2026-09-14 12:38:27.306 I  PeachCommander[1440:1f7f] [com.apple.AppKit:Image] ISImage reported a placeholder, image rep is providing a placeholder image for <private>
2026-09-14 12:38:27.306 I  PeachCommander[1440:1f7f] [com.apple.AppKit:Image] ISImage reported a placeholder, image rep is providing a placeholder image for <private>
2026-09-14 12:38:27.307 I  PeachCommander[1440:1f7f] [com.apple.AppKit:Image] ISImage reported a placeholder, image rep is providing a placeholder image for <private>
2026-09-14 12:38:27.307 I  PeachCommander[1440:1f7f] [com.apple.AppKit:Image] ISImage reported a placeholder, image rep is providing a placeholder image for <private>
2026-09-14 12:38:27.308 I  PeachCommander[1440:1f7f] [com.apple.AppKit:Image] ISImage reported a placeholder, image rep is providing a placeholder image for <private>
2026-09-14 12:38:27.308 I  PeachCommander[1440:1f7f] [com.apple.AppKit:Image] ISImage reported a placeholder, image rep is providing a placeholder image for <private>
2026-09-14 12:38:27.309 I  PeachCommander[1440:1f7f] [com.apple.AppKit:Image] ISImage reported a placeholder, image rep is providing a placeholder image for <private>
2026-09-14 12:38:27.310 I  PeachCommander[1440:1f7f] [com.apple.AppKit:Image] ISImage reported a placeholder, image rep is providing a placeholder image for <private>
2026-09-14 12:38:27.311 I  PeachCommander[1440:1f7f] [com.apple.AppKit:Image] ISImage reported a placeholder, image rep is providing a placeholder image for <private>
2026-09-14 12:38:27.311 I  PeachCommander[1440:1f7f] [com.apple.AppKit:Image] ISImage reported a placeholder, image rep is providing a placeholder image for <private>
2026-09-14 12:38:27.312 I  PeachCommander[1440:1f7f] [com.apple.AppKit:Image] ISImage reported a placeholder, image rep is providing a placeholder image for <private>
2026-09-14 12:38:27.312 I  PeachCommander[1440:1f7f] [com.apple.AppKit:Image] ISImage reported a placeholder, image rep is providing a placeholder image for <private>
2026-09-14 12:38:27.317 I  PeachCommander[1440:1f87] [com.apple.iconservices:foundation] layer data size zero
2026-09-14 12:38:27.383 I  PeachCommander[1440:1f7f] [com.apple.AppKit:Image] ISImage reported a placeholder, image rep is providing a placeholder image for <private>
2026-09-14 12:38:27.383 I  PeachCommander[1440:1f7f] [com.apple.AppKit:Image] ISImage reported a placeholder, image rep is providing a placeholder image for <private>
2026-09-14 12:38:27.383 I  PeachCommander[1440:1f7f] [com.apple.AppKit:Image] ISImage reported a placeholder, image rep is providing a placeholder image for <private>
2026-09-14 12:38:27.383 I  PeachCommander[1440:1f7f] [com.apple.AppKit:Image] ISImage reported a placeholder, image rep is providing a placeholder image for <private>
2026-09-14 12:38:27.383 I  PeachCommander[1440:1f7f] [com.apple.AppKit:Image] ISImage reported a placeholder, image rep is providing a placeholder image for <private>
2026-09-14 12:38:27.383 I  PeachCommander[1440:1f7f] [com.apple.AppKit:Image] ISImage reported a placeholder, image rep is providing a placeholder image for <private>
2026-09-14 12:38:27.383 I  PeachCommander[1440:1f7f] [com.apple.AppKit:Image] ISImage reported a placeholder, image rep is providing a placeholder image for <private>
2026-09-14 12:38:27.383 I  PeachCommander[1440:1f7f] [com.apple.AppKit:Image] ISImage reported a placeholder, image rep is providing a placeholder image for <private>
2026-09-14 12:38:27.383 I  PeachCommander[1440:1f7f] [com.apple.AppKit:Image] ISImage reported a placeholder, image rep is providing a placeholder image for <private>
2026-09-14 12:38:27.383 I  PeachCommander[1440:1f7f] [com.apple.AppKit:Image] ISImage reported a placeholder, image rep is providing a placeholder image for <private>
2026-09-14 12:38:27.384 I  PeachCommander[1440:1f7f] [com.apple.AppKit:Image] ISImage reported a placeholder, image rep is providing a placeholder image for <private>
2026-09-14 12:38:27.384 I  PeachCommander[1440:1f7f] [com.apple.AppKit:Image] ISImage reported a placeholder, image rep is providing a placeholder image for <private>
2026-09-14 12:38:27.384 I  PeachCommander[1440:1f7f] [com.apple.AppKit:Image] ISImage reported a placeholder, image rep is providing a placeholder image for <private>
2026-09-14 12:38:27.384 I  PeachCommander[1440:1f7f] [com.apple.AppKit:Image] ISImage reported a placeholder, image rep is providing a placeholder image for <private>
2026-09-14 12:38:27.384 I  PeachCommander[1440:1f7f] [com.apple.AppKit:Image] ISImage reported a placeholder, image rep is providing a placeholder image for <private>
2026-09-14 12:38:27.384 I  PeachCommander[1440:1f7f] [com.apple.AppKit:Image] ISImage reported a placeholder, image rep is providing a placeholder image for <private>
2026-09-14 12:38:27.384 I  PeachCommander[1440:1f7f] [com.apple.AppKit:Image] ISImage reported a placeholder, image rep is providing a placeholder image for <private>
2026-09-14 12:38:27.384 I  PeachCommander[1440:1f7f] [com.apple.AppKit:Image] ISImage reported a placeholder, image rep is providing a placeholder image for <private>
2026-09-14 12:38:27.384 I  PeachCommander[1440:1f7f] [com.apple.AppKit:Image] ISImage reported a placeholder, image rep is providing a placeholder image for <private>
2026-09-14 12:38:27.384 I  PeachCommander[1440:1f7f] [com.apple.AppKit:Image] ISImage reported a placeholder, image rep is providing a placeholder image for <private>
2026-09-14 12:38:27.384 I  PeachCommander[1440:1f7f] [com.apple.AppKit:Image] ISImage reported a placeholder, image rep is providing a placeholder image for <private>
2026-09-14 12:38:27.384 I  PeachCommander[1440:1f7f] [com.apple.AppKit:Image] ISImage reported a placeholder, image rep is providing a placeholder image for <private>
2026-09-14 12:38:27.384 I  PeachCommander[1440:1f7f] [com.apple.AppKit:Image] ISImage reported a placeholder, image rep is providing a placeholder image for <private>
2026-09-14 12:38:27.384 I  PeachCommander[1440:1f7f] [com.apple.AppKit:Image] ISImage reported a placeholder, image rep is providing a placeholder image for <private>
2026-09-14 12:38:27.384 I  PeachCommander[1440:1f7f] [com.apple.AppKit:Image] ISImage reported a placeholder, image rep is providing a placeholder image for <private>
2026-09-14 12:38:27.384 I  PeachCommander[1440:1f7f] [com.apple.AppKit:Image] ISImage reported a placeholder, image rep is providing a placeholder image for <private>
2026-09-14 12:38:27.385 I  PeachCommander[1440:1f7f] [com.apple.AppKit:Image] ISImage reported a placeholder, image rep is providing a placeholder image for <private>
2026-09-14 12:38:27.385 I  PeachCommander[1440:1f7f] [com.apple.AppKit:Image] ISImage reported a placeholder, image rep is providing a placeholder image for <private>
2026-09-14 12:38:27.385 I  PeachCommander[1440:1f7f] [com.apple.AppKit:Image] ISImage reported a placeholder, image rep is providing a placeholder image for <private>
2026-09-14 12:38:27.385 I  PeachCommander[1440:1f7f] [com.apple.AppKit:Image] ISImage reported a placeholder, image rep is providing a placeholder image for <private>
2026-09-14 12:38:27.388 I  PeachCommander[1440:1f7f] [com.apple.AppKit:Image] ISImage reported a placeholder, image rep is providing a placeholder image for <private>
2026-09-14 12:38:27.388 I  PeachCommander[1440:1f7f] [com.apple.AppKit:Image] ISImage reported a placeholder, image rep is providing a placeholder image for <private>
2026-09-14 12:38:27.388 I  PeachCommander[1440:1f7f] [com.apple.AppKit:Image] ISImage reported a placeholder, image rep is providing a placeholder image for <private>
2026-09-14 12:38:27.388 I  PeachCommander[1440:1f7f] [com.apple.AppKit:Image] ISImage reported a placeholder, image rep is providing a placeholder image for <private>
2026-09-14 12:38:27.388 I  PeachCommander[1440:1f7f] [com.apple.AppKit:Image] ISImage reported a placeholder, image rep is providing a placeholder image for <private>
2026-09-14 12:38:27.388 I  PeachCommander[1440:1f7f] [com.apple.AppKit:Image] ISImage reported a placeholder, image rep is providing a placeholder image for <private>
2026-09-14 12:38:27.389 I  PeachCommander[1440:1f7f] [com.apple.AppKit:Image] ISImage reported a placeholder, image rep is providing a placeholder image for <private>
2026-09-14 12:38:27.389 I  PeachCommander[1440:1f7f] [com.apple.AppKit:Image] ISImage reported a placeholder, image rep is providing a placeholder image for <private>
2026-09-14 12:38:27.389 I  PeachCommander[1440:1f7f] [com.apple.AppKit:Image] ISImage reported a placeholder, image rep is providing a placeholder image for <private>
2026-09-14 12:38:27.389 I  PeachCommander[1440:1f7f] [com.apple.AppKit:Image] ISImage reported a placeholder, image rep is providing a placeholder image for <private>
2026-09-14 12:38:27.389 I  PeachCommander[1440:1f7f] [com.apple.AppKit:Image] ISImage reported a placeholder, image rep is providing a placeholder image for <private>
2026-09-14 12:38:27.389 I  PeachCommander[1440:1f7f] [com.apple.AppKit:Image] ISImage reported a placeholder, image rep is providing a placeholder image for <private>
2026-09-14 12:38:27.389 I  PeachCommander[1440:1f7f] [com.apple.AppKit:Image] ISImage reported a placeholder, image rep is providing a placeholder image for <private>
2026-09-14 12:38:27.389 I  PeachCommander[1440:1f7f] [com.apple.AppKit:Image] ISImage reported a placeholder, image rep is providing a placeholder image for <private>
2026-09-14 12:38:27.389 I  PeachCommander[1440:1f7f] [com.apple.AppKit:Image] ISImage reported a placeholder, image rep is providing a placeholder image for <private>
2026-09-14 12:38:27.389 I  PeachCommander[1440:1f7f] [com.apple.AppKit:Image] ISImage reported a placeholder, image rep is providing a placeholder image for <private>
2026-09-14 12:38:27.389 I  PeachCommander[1440:1f7f] [com.apple.AppKit:Image] ISImage reported a placeholder, image rep is providing a placeholder image for <private>
2026-09-14 12:38:27.389 I  PeachCommander[1440:1f7f] [com.apple.AppKit:Image] ISImage reported a placeholder, image rep is providing a placeholder image for <private>
2026-09-14 12:38:27.389 I  PeachCommander[1440:1f7f] [com.apple.AppKit:Image] ISImage reported a placeholder, image rep is providing a placeholder image for <private>
2026-09-14 12:38:27.389 I  PeachCommander[1440:1f7f] [com.apple.AppKit:Image] ISImage reported a placeholder, image rep is providing a placeholder image for <private>
2026-09-14 12:38:27.389 I  PeachCommander[1440:1f7f] [com.apple.AppKit:Image] ISImage reported a placeholder, image rep is providing a placeholder image for <private>
2026-09-14 12:38:27.391 I  PeachCommander[1440:1f7f] [com.apple.iconservices:foundation] layer data size zero
2026-09-14 12:38:27.391 I  PeachCommander[1440:1f7f] [com.apple.iconservices:foundation] layer data size zero
2026-09-14 12:38:27.391 I  PeachCommander[1440:1f7f] [com.apple.iconservices:foundation] layer data size zero
2026-09-14 12:38:27.391 I  PeachCommander[1440:1f7f] [com.apple.iconservices:foundation] layer data size zero
2026-09-14 12:38:27.391 I  PeachCommander[1440:1f7f] [com.apple.iconservices:foundation] layer data size zero
2026-09-14 12:38:27.391 I  PeachCommander[1440:1f7f] [com.apple.iconservices:foundation] layer data size zero
2026-09-14 12:38:27.391 I  PeachCommander[1440:1f7f] [com.apple.iconservices:foundation] layer data size zero
2026-09-14 12:38:27.391 I  PeachCommander[1440:1f7f] [com.apple.iconservices:foundation] layer data size zero
2026-09-14 12:38:27.392 I  PeachCommander[1440:1f7f] [com.apple.iconservices:foundation] layer data size zero
2026-09-14 12:38:27.392 I  PeachCommander[1440:1f7f] [com.apple.iconservices:foundation] layer data size zero
2026-09-14 12:38:27.403 I  PeachCommander[1440:1f7f] [com.apple.AppKit:Image] ISImage reported a placeholder, image rep is providing a placeholder image for <private>
2026-09-14 12:38:27.403 I  PeachCommander[1440:1f7f] [com.apple.AppKit:Image] ISImage reported a placeholder, image rep is providing a placeholder image for <private>
2026-09-14 12:38:27.403 I  PeachCommander[1440:1f7f] [com.apple.AppKit:Image] ISImage reported a placeholder, image rep is providing a placeholder image for <private>
2026-09-14 12:38:27.404 I  PeachCommander[1440:1f7f] [com.apple.AppKit:Image] ISImage reported a placeholder, image rep is providing a placeholder image for <private>
2026-09-14 12:38:27.404 I  PeachCommander[1440:1f7f] [com.apple.AppKit:Image] ISImage reported a placeholder, image rep is providing a placeholder image for <private>
2026-09-14 12:38:27.404 I  PeachCommander[1440:1f7f] [com.apple.AppKit:Image] ISImage reported a placeholder, image rep is providing a placeholder image for <private>
2026-09-14 12:38:27.405 I  PeachCommander[1440:1f7f] [com.apple.AppKit:Image] ISImage reported a placeholder, image rep is providing a placeholder image for <private>
2026-09-14 12:38:27.405 I  PeachCommander[1440:1f7f] [com.apple.AppKit:Image] ISImage reported a placeholder, image rep is providing a placeholder image for <private>
2026-09-14 12:38:27.405 I  PeachCommander[1440:1f7f] [com.apple.AppKit:Image] ISImage reported a placeholder, image rep is providing a placeholder image for <private>
2026-09-14 12:38:27.407 I  PeachCommander[1440:1f7f] [com.apple.AppKit:Image] ISImage reported a placeholder, image rep is providing a placeholder image for <private>
2026-09-14 12:38:27.407 I  PeachCommander[1440:1f7f] [com.apple.AppKit:Image] ISImage reported a placeholder, image rep is providing a placeholder image for <private>
2026-09-14 12:38:27.407 I  PeachCommander[1440:1f7f] [com.apple.AppKit:Image] ISImage reported a placeholder, image rep is providing a placeholder image for <private>
2026-09-14 12:38:27.408 I  PeachCommander[1440:1f7f] [com.apple.AppKit:Image] ISImage reported a placeholder, image rep is providing a placeholder image for <private>
2026-09-14 12:38:27.408 I  PeachCommander[1440:1f7f] [com.apple.AppKit:Image] ISImage reported a placeholder, image rep is providing a placeholder image for <private>
2026-09-14 12:38:27.408 I  PeachCommander[1440:1f7f] [com.apple.AppKit:Image] ISImage reported a placeholder, image rep is providing a placeholder image for <private>
2026-09-14 12:38:27.411 I  PeachCommander[1440:1f7f] [com.apple.AppKit:Image] ISImage reported a placeholder, image rep is providing a placeholder image for <private>
2026-09-14 12:38:27.411 I  PeachCommander[1440:1f7f] [com.apple.AppKit:Image] ISImage reported a placeholder, image rep is providing a placeholder image for <private>
2026-09-14 12:38:27.411 I  PeachCommander[1440:1f7f] [com.apple.AppKit:Image] ISImage reported a placeholder, image rep is providing a placeholder image for <private>
2026-09-14 12:38:27.412 I  PeachCommander[1440:1f7f] [com.apple.AppKit:Image] ISImage reported a placeholder, image rep is providing a placeholder image for <private>
2026-09-14 12:38:27.412 I  PeachCommander[1440:1f7f] [com.apple.AppKit:Image] ISImage reported a placeholder, image rep is providing a placeholder image for <private>
2026-09-14 12:38:27.412 I  PeachCommander[1440:1f7f] [com.apple.AppKit:Image] ISImage reported a placeholder, image rep is providing a placeholder image for <private>
2026-09-14 12:38:27.436 I  PeachCommander[1440:1f7f] [com.apple.AppKit:Image] ISImage reported a placeholder, image rep is providing a placeholder image for <private>
2026-09-14 12:38:27.437 I  PeachCommander[1440:1f7f] [com.apple.AppKit:Image] ISImage reported a placeholder, image rep is providing a placeholder image for <private>
2026-09-14 12:38:27.437 I  PeachCommander[1440:1f7f] [com.apple.AppKit:Image] ISImage reported a placeholder, image rep is providing a placeholder image for <private>
2026-09-14 12:38:27.438 I  PeachCommander[1440:1f7f] [com.apple.AppKit:Image] ISImage reported a placeholder, image rep is providing a placeholder image for <private>
2026-09-14 12:38:27.439 I  PeachCommander[1440:1f7f] [com.apple.AppKit:Image] ISImage reported a placeholder, image rep is providing a placeholder image for <private>
2026-09-14 12:38:27.440 I  PeachCommander[1440:1f7f] [com.apple.AppKit:Image] ISImage reported a placeholder, image rep is providing a placeholder image for <private>
2026-09-14 12:38:27.440 I  PeachCommander[1440:1f7f] [com.apple.AppKit:Image] ISImage reported a placeholder, image rep is providing a placeholder image for <private>
2026-09-14 12:38:27.441 I  PeachCommander[1440:1f7f] [com.apple.AppKit:Image] ISImage reported a placeholder, image rep is providing a placeholder image for <private>
2026-09-14 12:38:27.442 I  PeachCommander[1440:1f7f] [com.apple.AppKit:Image] ISImage reported a placeholder, image rep is providing a placeholder image for <private>
2026-09-14 12:38:27.442 I  PeachCommander[1440:1f7f] [com.apple.AppKit:Image] ISImage reported a placeholder, image rep is providing a placeholder image for <private>
2026-09-14 12:38:27.443 I  PeachCommander[1440:1f7f] [com.apple.AppKit:Image] ISImage reported a placeholder, image rep is providing a placeholder image for <private>
2026-09-14 12:38:27.444 I  PeachCommander[1440:1f7f] [com.apple.AppKit:Image] ISImage reported a placeholder, image rep is providing a placeholder image for <private>
2026-09-14 12:38:27.444 I  PeachCommander[1440:1f7f] [com.apple.AppKit:Image] ISImage reported a placeholder, image rep is providing a placeholder image for <private>
2026-09-14 12:38:27.445 I  PeachCommander[1440:1f7f] [com.apple.AppKit:Image] ISImage reported a placeholder, image rep is providing a placeholder image for <private>
2026-09-14 12:38:27.446 I  PeachCommander[1440:1f7f] [com.apple.AppKit:Image] ISImage reported a placeholder, image rep is providing a placeholder image for <private>
2026-09-14 12:38:27.446 I  PeachCommander[1440:1f7f] [com.apple.AppKit:Image] ISImage reported a placeholder, image rep is providing a placeholder image for <private>
2026-09-14 12:38:27.447 I  PeachCommander[1440:1f7f] [com.apple.AppKit:Image] ISImage reported a placeholder, image rep is providing a placeholder image for <private>
2026-09-14 12:38:27.448 I  PeachCommander[1440:1f7f] [com.apple.AppKit:Image] ISImage reported a placeholder, image rep is providing a placeholder image for <private>
2026-09-14 12:38:27.448 I  PeachCommander[1440:1f7f] [com.apple.AppKit:Image] ISImage reported a placeholder, image rep is providing a placeholder image for <private>
2026-09-14 12:38:27.449 I  PeachCommander[1440:1f7f] [com.apple.AppKit:Image] ISImage reported a placeholder, image rep is providing a placeholder image for <private>
2026-09-14 12:38:27.450 I  PeachCommander[1440:1f7f] [com.apple.AppKit:Image] ISImage reported a placeholder, image rep is providing a placeholder image for <private>
2026-09-14 12:38:27.451 I  PeachCommander[1440:1f7f] [com.apple.AppKit:Image] ISImage reported a placeholder, image rep is providing a placeholder image for <private>
2026-09-14 12:38:27.451 I  PeachCommander[1440:1f7f] [com.apple.AppKit:Image] ISImage reported a placeholder, image rep is providing a placeholder image for <private>
2026-09-14 12:38:27.452 I  PeachCommander[1440:1f7f] [com.apple.AppKit:Image] ISImage reported a placeholder, image rep is providing a placeholder image for <private>
2026-09-14 12:38:27.453 I  PeachCommander[1440:1f7f] [com.apple.AppKit:Image] ISImage reported a placeholder, image rep is providing a placeholder image for <private>
2026-09-14 12:38:27.453 I  PeachCommander[1440:1f7f] [com.apple.AppKit:Image] ISImage reported a placeholder, image rep is providing a placeholder image for <private>
2026-09-14 12:38:27.455 I  PeachCommander[1440:1f7f] [com.apple.AppKit:Image] ISImage reported a placeholder, image rep is providing a placeholder image for <private>
2026-09-14 12:38:27.455 I  PeachCommander[1440:1f7f] [com.apple.AppKit:Image] ISImage reported a placeholder, image rep is providing a placeholder image for <private>
2026-09-14 12:38:27.456 I  PeachCommander[1440:1f7f] [com.apple.AppKit:Image] ISImage reported a placeholder, image rep is providing a placeholder image for <private>
2026-09-14 12:38:27.456 I  PeachCommander[1440:1f7f] [com.apple.AppKit:Image] ISImage reported a placeholder, image rep is providing a placeholder image for <private>
2026-09-14 12:38:27.457 I  PeachCommander[1440:1f7f] [com.apple.AppKit:Image] ISImage reported a placeholder, image rep is providing a placeholder image for <private>
2026-09-14 12:38:27.457 I  PeachCommander[1440:1f7f] [com.apple.AppKit:Image] ISImage reported a placeholder, image rep is providing a placeholder image for <private>
2026-09-14 12:38:27.458 I  PeachCommander[1440:1f7f] [com.apple.AppKit:Image] ISImage reported a placeholder, image rep is providing a placeholder image for <private>
2026-09-14 12:38:27.458 I  PeachCommander[1440:1f7f] [com.apple.AppKit:Image] ISImage reported a placeholder, image rep is providing a placeholder image for <private>
2026-09-14 12:38:27.459 I  PeachCommander[1440:1f7f] [com.apple.AppKit:Image] ISImage reported a placeholder, image rep is providing a placeholder image for <private>
2026-09-14 12:38:27.459 I  PeachCommander[1440:1f7f] [com.apple.AppKit:Image] ISImage reported a placeholder, image rep is providing a placeholder image for <private>
2026-09-14 12:38:27.460 I  PeachCommander[1440:1f7f] [com.apple.AppKit:Image] ISImage reported a placeholder, image rep is providing a placeholder image for <private>
2026-09-14 12:38:27.460 I  PeachCommander[1440:1f7f] [com.apple.AppKit:Image] ISImage reported a placeholder, image rep is providing a placeholder image for <private>
2026-09-14 12:38:27.461 I  PeachCommander[1440:1f7f] [com.apple.AppKit:Image] ISImage reported a placeholder, image rep is providing a placeholder image for <private>
2026-09-14 12:38:27.461 I  PeachCommander[1440:1f7f] [com.apple.AppKit:Image] ISImage reported a placeholder, image rep is providing a placeholder image for <private>
2026-09-14 12:38:27.462 I  PeachCommander[1440:1f7f] [com.apple.AppKit:Image] ISImage reported a placeholder, image rep is providing a placeholder image for <private>
2026-09-14 12:38:27.463 I  PeachCommander[1440:1f7f] [com.apple.AppKit:Image] ISImage reported a placeholder, image rep is providing a placeholder image for <private>
2026-09-14 12:38:27.464 I  PeachCommander[1440:1f7f] [com.apple.AppKit:Image] ISImage reported a placeholder, image rep is providing a placeholder image for <private>
2026-09-14 12:38:27.464 I  PeachCommander[1440:1f7f] [com.apple.AppKit:Image] ISImage reported a placeholder, image rep is providing a placeholder image for <private>
2026-09-14 12:38:27.465 I  PeachCommander[1440:1f7f] [com.apple.AppKit:Image] ISImage reported a placeholder, image rep is providing a placeholder image for <private>
2026-09-14 12:38:27.465 I  PeachCommander[1440:1f7f] [com.apple.AppKit:Image] ISImage reported a placeholder, image rep is providing a placeholder image for <private>
2026-09-14 12:38:27.465 I  PeachCommander[1440:1f86] [com.apple.iconservices:foundation] layer data size zero
2026-09-14 12:38:27.466 I  PeachCommander[1440:1f7f] [com.apple.AppKit:Image] ISImage reported a placeholder, image rep is providing a placeholder image for <private>
2026-09-14 12:38:27.466 I  PeachCommander[1440:1f7f] [com.apple.AppKit:Image] ISImage reported a placeholder, image rep is providing a placeholder image for <private>
2026-09-14 12:38:27.466 I  PeachCommander[1440:1f86] [com.apple.iconservices:foundation] layer data size zero
2026-09-14 12:38:27.468 I  PeachCommander[1440:1f7f] [com.apple.AppKit:Image] ISImage reported a placeholder, image rep is providing a placeholder image for <private>
2026-09-14 12:38:27.468 I  PeachCommander[1440:1f7f] [com.apple.AppKit:Image] ISImage reported a placeholder, image rep is providing a placeholder image for <private>
2026-09-14 12:38:27.468 I  PeachCommander[1440:1f86] [com.apple.iconservices:foundation] layer data size zero
2026-09-14 12:38:27.469 I  PeachCommander[1440:1f7f] [com.apple.AppKit:Image] ISImage reported a placeholder, image rep is providing a placeholder image for <private>
2026-09-14 12:38:27.469 I  PeachCommander[1440:1f7f] [com.apple.AppKit:Image] ISImage reported a placeholder, image rep is providing a placeholder image for <private>
2026-09-14 12:38:27.470 I  PeachCommander[1440:1f7f] [com.apple.AppKit:Image] ISImage reported a placeholder, image rep is providing a placeholder image for <private>
2026-09-14 12:38:27.470 I  PeachCommander[1440:1f7f] [com.apple.AppKit:Image] ISImage reported a placeholder, image rep is providing a placeholder image for <private>
2026-09-14 12:38:27.471 I  PeachCommander[1440:1f7f] [com.apple.AppKit:Image] ISImage reported a placeholder, image rep is providing a placeholder image for <private>
2026-09-14 12:38:27.471 I  PeachCommander[1440:1f7f] [com.apple.AppKit:Image] ISImage reported a placeholder, image rep is providing a placeholder image for <private>
2026-09-14 12:38:27.471 I  PeachCommander[1440:1f86] [com.apple.iconservices:foundation] layer data size zero
2026-09-14 12:38:27.472 I  PeachCommander[1440:1f7f] [com.apple.AppKit:Image] ISImage reported a placeholder, image rep is providing a placeholder image for <private>
2026-09-14 12:38:27.472 I  PeachCommander[1440:1f7f] [com.apple.AppKit:Image] ISImage reported a placeholder, image rep is providing a placeholder image for <private>
2026-09-14 12:38:27.473 I  PeachCommander[1440:1f7f] [com.apple.AppKit:Image] ISImage reported a placeholder, image rep is providing a placeholder image for <private>
2026-09-14 12:38:27.473 I  PeachCommander[1440:1f7f] [com.apple.AppKit:Image] ISImage reported a placeholder, image rep is providing a placeholder image for <private>
2026-09-14 12:38:27.474 I  PeachCommander[1440:1f7f] [com.apple.AppKit:Image] ISImage reported a placeholder, image rep is providing a placeholder image for <private>
2026-09-14 12:38:27.474 I  PeachCommander[1440:1f7f] [com.apple.AppKit:Image] ISImage reported a placeholder, image rep is providing a placeholder image for <private>
2026-09-14 12:38:27.475 I  PeachCommander[1440:1f7f] [com.apple.AppKit:Image] ISImage reported a placeholder, image rep is providing a placeholder image for <private>
2026-09-14 12:38:27.475 I  PeachCommander[1440:1f7f] [com.apple.AppKit:Image] ISImage reported a placeholder, image rep is providing a placeholder image for <private>
2026-09-14 12:38:27.476 I  PeachCommander[1440:1f7f] [com.apple.AppKit:Image] ISImage reported a placeholder, image rep is providing a placeholder image for <private>
2026-09-14 12:38:27.476 I  PeachCommander[1440:1f7f] [com.apple.AppKit:Image] ISImage reported a placeholder, image rep is providing a placeholder image for <private>
2026-09-14 12:38:27.477 I  PeachCommander[1440:1f7f] [com.apple.AppKit:Image] ISImage reported a placeholder, image rep is providing a placeholder image for <private>
2026-09-14 12:38:27.477 I  PeachCommander[1440:1f7f] [com.apple.AppKit:Image] ISImage reported a placeholder, image rep is providing a placeholder image for <private>
2026-09-14 12:38:27.479 I  PeachCommander[1440:1f7f] [com.apple.AppKit:Image] ISImage reported a placeholder, image rep is providing a placeholder image for <private>
2026-09-14 12:38:27.479 I  PeachCommander[1440:1f7f] [com.apple.AppKit:Image] ISImage reported a placeholder, image rep is providing a placeholder image for <private>
2026-09-14 12:38:27.480 I  PeachCommander[1440:1f7f] [com.apple.AppKit:Image] ISImage reported a placeholder, image rep is providing a placeholder image for <private>
2026-09-14 12:38:27.480 I  PeachCommander[1440:1f7f] [com.apple.AppKit:Image] ISImage reported a placeholder, image rep is providing a placeholder image for <private>
2026-09-14 12:38:27.481 I  PeachCommander[1440:1f7f] [com.apple.AppKit:Image] ISImage reported a placeholder, image rep is providing a placeholder image for <private>
2026-09-14 12:38:27.481 I  PeachCommander[1440:1f7f] [com.apple.AppKit:Image] ISImage reported a placeholder, image rep is providing a placeholder image for <private>
2026-09-14 12:38:27.483 I  PeachCommander[1440:1f7f] [com.apple.AppKit:Image] ISImage reported a placeholder, image rep is providing a placeholder image for <private>
2026-09-14 12:38:27.483 I  PeachCommander[1440:1f7f] [com.apple.AppKit:Image] ISImage reported a placeholder, image rep is providing a placeholder image for <private>
2026-09-14 12:38:27.484 I  PeachCommander[1440:1f7f] [com.apple.AppKit:Image] ISImage reported a placeholder, image rep is providing a placeholder image for <private>
2026-09-14 12:38:27.484 I  PeachCommander[1440:1f7f] [com.apple.AppKit:Image] ISImage reported a placeholder, image rep is providing a placeholder image for <private>
2026-09-14 12:38:27.534 I  PeachCommander[1440:1f86] [com.apple.iconservices:foundation] layer data size zero
2026-09-14 12:38:27.573 I  PeachCommander[1440:1f8d] [com.apple.iconservices:foundation] layer data size zero
2026-09-14 12:38:27.626 I  PeachCommander[1440:2063] [com.apple.AppKit:WindowTab] Indexing 1 items
2026-09-14 12:38:27.626 A  PeachCommander[1440:2063] (CoreSpotlight) end-index-batch
2026-09-14 12:38:27.626 A  PeachCommander[1440:2063] (CoreSpotlight) index-items
2026-09-14 12:38:27.626 Df PeachCommander[1440:2063] [com.apple.corespotlight:index] CSInlineDonation:<private>: Skipping donation (feature flag disabled)
2026-09-14 12:38:27.626 Df PeachCommander[1440:2063] [com.apple.corespotlight:index] CSInlineDonation:<private>: Skipping donation (feature flag disabled)
2026-09-14 12:38:27.631 I  PeachCommander[1440:2023] [com.apple.iconservices:foundation] layer data size zero
2026-09-14 12:38:27.686 I  PeachCommander[1440:1f87] [com.apple.iconservices:foundation] layer data size zero
2026-09-14 12:38:27.739 I  PeachCommander[1440:2024] [com.apple.iconservices:foundation] layer data size zero
2026-09-14 12:38:27.776 I  PeachCommander[1440:1f8c] [com.apple.iconservices:foundation] layer data size zero
2026-09-14 12:38:27.777 I  PeachCommander[1440:1f8b] [com.apple.iconservices:foundation] layer data size zero
2026-09-14 12:38:27.777 I  PeachCommander[1440:2060] [com.apple.iconservices:foundation] layer data size zero
2026-09-14 12:38:27.778 I  PeachCommander[1440:2022] [com.apple.iconservices:foundation] layer data size zero
2026-09-14 12:38:27.778 I  PeachCommander[1440:2061] [com.apple.iconservices:foundation] layer data size zero
2026-09-14 12:38:27.813 I  PeachCommander[1440:2062] [com.apple.iconservices:foundation] layer data size zero
2026-09-14 12:38:28.523 Df PeachCommander[1440:1f7f] (Foundation) <private>
2026-09-14 12:38:28.523 I  PeachCommander[1440:1f7f] [com.peachcommander:PCFoundation] [automation] > cmd cm_SrcShort
2026-09-14 12:38:28.523 Df PeachCommander[1440:1f7f] (Foundation) <private>
2026-09-14 12:38:28.523 I  PeachCommander[1440:1f7f] [com.peachcommander:PCFoundation] [automation] > wait 800
2026-09-14 12:38:28.543 Df PeachCommander[1440:2022] [com.apple.xpc:connection] [0x8269bf340] activating connection: mach=false listener=false peer=false name=com.apple.MTLCompilerService
2026-09-14 12:38:28.543 Df PeachCommander[1440:2022] [com.apple.xpc:connection] [0x8269bfd40] activating connection: mach=false listener=false peer=false name=com.apple.MTLCompilerService
2026-09-14 12:38:28.543 A  PeachCommander[1440:2062] (Metal) Metal Compiling Shader
2026-09-14 12:38:28.568 A  PeachCommander[1440:2062] (Metal) Metal Compiling Shader
2026-09-14 12:38:28.569 A  PeachCommander[1440:2060] (Metal) Metal Compiling Shader
2026-09-14 12:38:28.570 A  PeachCommander[1440:2060] (Metal) Metal Compiling Shader
2026-09-14 12:38:28.571 A  PeachCommander[1440:2060] (Metal) Metal Compiling Shader
2026-09-14 12:38:28.572 A  PeachCommander[1440:2060] (Metal) Metal Compiling Shader
2026-09-14 12:38:28.572 A  PeachCommander[1440:2062] (Metal) Metal Compiling Shader
2026-09-14 12:38:28.573 A  PeachCommander[1440:2062] (Metal) Metal Compiling Shader
2026-09-14 12:38:29.338 Df PeachCommander[1440:1f7f] (Foundation) <private>
2026-09-14 12:38:29.338 I  PeachCommander[1440:1f7f] [com.peachcommander:PCFoundation] [automation] done
