Timestamp               Ty Process[PID:TID]
2026-09-14 13:55:53.997 A  PeachCommander[23883:133ef] (libsystem_info.dylib) Retrieve User by ID
2026-09-14 13:55:53.997 Df PeachCommander[23883:133ef] [com.apple.xpc:connection] [0x103bbb5c0] activating connection: mach=true listener=false peer=false name=com.apple.cfprefsd.daemon
2026-09-14 13:55:53.997 Df PeachCommander[23883:133f7] [com.apple.xpc:connection] [0x103bbbd00] activating connection: mach=true listener=false peer=false name=com.apple.cfprefsd.agent
2026-09-14 13:55:53.998 Df PeachCommander[23883:133ef] [com.apple.xpc:connection] [0x103bc1ce0] activating connection: mach=true listener=false peer=false name=com.apple.coreservices.launchservicesd
2026-09-14 13:55:53.998 I  PeachCommander[23883:133ef] [com.apple.launchservices:cas] Registering for notification <private> on default queue, to re-boostrap client connection.
2026-09-14 13:55:53.999 Df PeachCommander[23883:133ef] [com.apple.xpc:connection] [0xad2ca0000] activating connection: mach=true listener=false peer=false name=com.apple.pasteboard.1
2026-09-14 13:55:53.999 Df PeachCommander[23883:133ef] [com.apple.xpc:connection] [0xad2ca0140] activating connection: mach=true listener=false peer=false name=com.apple.distributed_notifications@Uv3
2026-09-14 13:55:54.000 Df PeachCommander[23883:133ef] [com.apple.AppKit:AutomaticTermination] void _NSDisableAutomaticTerminationAndLog(NSString *) No windows open yet
2026-09-14 13:55:54.000 A  PeachCommander[23883:133ef] (TCC) TCCAccessRequest() IPC
2026-09-14 13:55:54.000 Df PeachCommander[23883:133ef] [com.apple.xpc:connection] [0xad2ca0280] activating connection: mach=true listener=false peer=false name=com.apple.tccd.system
2026-09-14 13:55:54.000 I  PeachCommander[23883:133ef] [com.apple.TCC:access] SEND: 0/7 synchronous to com.apple.tccd.system: request: msgID=23883.1, function=TCCAccessRequest, service=kTCCServiceListenEvent,
2026-09-14 13:55:54.001 I  PeachCommander[23883:133ef] [com.apple.TCC:access] RECV: synchronous reply <dictionary: 0xad2c88000> { count = 5, transaction: 0, voucher = 0x0, contents =
	"prompt_type" => <uint64: 0x90e0f730d465d067>: 1
	"auth_value" => <uint64: 0x90e0f730d465d067>: 1
	"preflight_unknown" => <bool: 0x1ee1ad190>: true
	"auth_version" => <uint64: 0x90e0f730d465d067>: 1
	"auth_reason" => <uint64: 0x90e0f730d465d047>: 5
}
2026-09-14 13:55:54.001 Df PeachCommander[23883:133ef] [com.apple.xpc:connection] [0xad2ca0280] invalidated after the last release of the connection object
2026-09-14 13:55:54.002 Df PeachCommander[23883:133ef] [com.apple.SkyLight:default] server port 0x0000370f, session port 0x0000370f
2026-09-14 13:55:54.004 I  PeachCommander[23883:133f8] [com.apple.SkyLight:processes] 0[outside of RPC]: First connection id 282751 mapped to ctx = 0xad2c44380
2026-09-14 13:55:54.004 Df PeachCommander[23883:133ef] [com.apple.SkyLight:default] New connection 0x4507f main
2026-09-14 13:55:54.004 I  PeachCommander[23883:133ef] [com.apple.hiservices:processmgr] Checking in with CAS, pid=23883
2026-09-14 13:55:54.004 I  PeachCommander[23883:133ef] [com.apple.launchservices:cas] LSApplicationCheckIn(), app being registered is:"/Users/admin/pc-test/PeachCommander.app/Contents/MacOS/PeachCommander"
2026-09-14 13:55:54.005 I  PeachCommander[23883:133ef] [com.apple.launchservices:cas]  { "ApplicationType"="Foreground", "BuildMachineOSBuild"="25E246", "CFBundleDevelopmentRegion"="en", "CFBundleDocumentTypes"=( { "CFBundleTypeName"="Peach Commander Plugin Package", "CFBundleTypeRole"="Viewer", "LSHandlerRank"="Owner", "LSItemContentTypes"=( "com.peachcommander.plugin-package") }), "CFBundleExecutable"="PeachCommander", "CFBundleExecutablePath"="/Users/admin/pc-test/PeachCommander.app/Contents/MacOS/PeachCommander", "CFBundleHelpBookFolder"="PeachCommander.help", "CFBundleHelpBookName"="Peach Commander Help", "CFBundleIconFile"="AppIcon", "CFBundleIconName"="AppIcon", "CFBundleIdentifier"="com.peachcommander.app", "CFBundleInfoDictionaryVersion"="6.0", "CFBundleName"="PeachCommander", "CFBundleNumericVersion"=402685952, "CFBundlePackageType"="APPL", "CFBundleShortVersionString"="0.9.0", "CFBundleSignature"="?????", "CFBundleSupportedPlatforms"=( "MacOSX"), "CFBundleVersion"="18", "DTCompiler"="com.apple.compilers.llvm.clang.1_0", "DTPlatformBuild"="25F70", "DTPlatformName"="macosx", "<…>
2026-09-14 13:55:54.005 Df PeachCommander[23883:133ef] [com.apple.processmanager:front-35286506] CHECKIN: pid=23883
2026-09-14 13:55:54.006 Df PeachCommander[23883:133ef] [com.apple.processmanager:front-35286506] CHECKEDIN: pid=23883 asn=0x0-0x13d13d foreground=1
2026-09-14 13:55:54.006 I  PeachCommander[23883:133ef] [com.apple.launchservices:cas] Setting processControlState to default PROC_SETPC_SUSPEND because application does not have LSProcessControlValue key
2026-09-14 13:55:54.006 Df PeachCommander[23883:133ef] [com.apple.xpc:connection] [0xad2ca0280] activating connection: mach=false listener=true peer=false name=(anonymous)
2026-09-14 13:55:54.006 Df PeachCommander[23883:133ef] [com.apple.xpc:connection] [0xad2ca0280] Connection returned listener port: 0x4103
2026-09-14 13:55:54.006 Df PeachCommander[23883:133f7] [com.apple.xpc:connection] [0xad3060300] activating connection: mach=false listener=false peer=true name=com.apple.xpc.anonymous.0xad2ca0280.peer[131].0xad3060300
2026-09-14 13:55:54.007 Df PeachCommander[23883:133ef] [com.apple.processmanager:front-35286506] FRONTLOGGING: version 1
2026-09-14 13:55:54.007 Df PeachCommander[23883:133ef] [com.apple.processmanager:front-35286506] Registered, pid=23883 ASN=0x0,0x13d13d
2026-09-14 13:55:54.007 Df PeachCommander[23883:133ef] [com.apple.xpc:connection] [0xad2ca03c0] activating connection: mach=true listener=false peer=false name=com.apple.analyticsd
2026-09-14 13:55:54.007 I  PeachCommander[23883:133ef] [com.apple.CoreAnalytics:client] Daemon status changed from 0 to 1
2026-09-14 13:55:54.007 I  PeachCommander[23883:133f7] [com.apple.CarbonCore:coreservicesdaemon] SCSession():SCSession( id=100, this=0x0x103bc0ed0 option=65538) created, forUID=501 mach_port_t=0x4503.
2026-09-14 13:55:54.007 I  PeachCommander[23883:133f7] [com.apple.CarbonCore:coreservicesdaemon] SCSession():SCSession( id=101, this=0x0x103bccb10 option=65538) created, forUID=501 mach_port_t=0x5203.
2026-09-14 13:55:54.007 I  PeachCommander[23883:133f7] [com.apple.CarbonCore:coreservicesdaemon] connectToCoreServicesD():Instantiating server (coreservicesd based) SCSession, port=0x4503 serverOptions=0x10002.
2026-09-14 13:55:54.007 I  PeachCommander[23883:133ef] [com.apple.hiservices:processmgr] _RegisterApplication( pid 23883 => 0x0,0x13d13d) type=foreground
2026-09-14 13:55:54.007 Df PeachCommander[23883:133ef] [com.apple.xpc:connection] [0xad2ca0280] Connection returned listener port: 0x4103
2026-09-14 13:55:54.007 I  PeachCommander[23883:133ef] [com.apple.launchservices:cas] CFArrayRef _LSCopyLaunchModifiers(LSSessionID, LSASNRef _Nonnull), result for psn [ kLSCurrentApp ASN, 0x0,0x2]  is 1 items.
2026-09-14 13:55:54.007 Df PeachCommander[23883:133ef] [com.apple.processmanager:front-35286506] BringForward: pid=23883 asn=0x0-0x13d13d bringForward=1 foreground=1 uiElement=0 launchedByLS=1 modifiersCount=1 allDisabled=1
2026-09-14 13:55:54.007 Df PeachCommander[23883:133ef] [com.apple.processmanager:front-35286506] BringFrontModifier: pid=23883 asn=0x0-0x13d13d Modifier 0 hideAfter=0 hideOthers=0 dontMakeFrontmost=0 mouseDown=0/0 seed=0/0
2026-09-14 13:55:54.007 Df PeachCommander[23883:133ef] [com.apple.processmanager:front-35286506] BringForward: pid=23883 asn=0x0-0x13d13d
2026-09-14 13:55:54.007 Df PeachCommander[23883:133ef] [com.apple.processmanager:front-35286506] SetFrontProcess: asn=0x0-0x13d13d options=0
2026-09-14 13:55:54.007 I  PeachCommander[23883:133ef] [com.apple.SkyLight:processes] 0[outside of RPC]: SLPSetFrontProcess(0x0-0x13d13d window=0 options=0x0
2026-09-14 13:55:54.007 Df PeachCommander[23883:133f7] [com.apple.xpc:connection] [0xad2ca0500] activating connection: mach=true listener=false peer=false name=com.apple.lsd.mapdb
2026-09-14 13:55:54.007 Df PeachCommander[23883:133f8] [com.apple.CoreAnalytics:client] Received configuration update from daemon (initial)
2026-09-14 13:55:54.009 Df PeachCommander[23883:133ef] [com.apple.AppKit:Appearance] Current system appearance, (HLTB: 1), (SLS: 0)
2026-09-14 13:55:54.010 Df PeachCommander[23883:133ef] (libMobileGestalt.dylib) No persisted cache on this platform.
2026-09-14 13:55:54.010 I  PeachCommander[23883:133f8] [com.apple.launchservices:cas] information in shared memory for 0x0-0x13d13d with seed 533 was still valid, so using cached info { "ApplicationType"="Foreground", "BuildMachineOSBuild"="25E246", "BundleIdentifierLowerCase"="com.peachcommander.app", "CFBundleDevelopmentRegion"="en", "CFBundleDocumentTypes"=( { "CFBundleTypeName"="Peach Commander Plugin Package", "CFBundleTypeRole"="Viewer", "LSHandlerRank"="Owner", "LSItemContentTypes"=( "com.peachcommander.plugin-package") }), "CFBundleExecutable"="PeachCommander", "CFBundleExecutablePath"="/Users/admin/pc-test/PeachCommander.app/Contents/MacOS/PeachCommander", "CFBundleExecutablePathDeviceID"=16777227, "CFBundleExecutablePathINode"=488284, "CFBundleHelpBookFolder"="PeachCommander.help", "CFBundleHelpBookName"="Peach Commander Help", "CFBundleIconFile"="AppIcon", "CFBundleIconName"="AppIcon", "CFBundleIdentifier"="com.peachcommander.app", "CFBundleInfoDictionaryVersion"="6.0", "CFBundleName"="PeachCommander", "CFBundleNameLowerCase"="peachcommander", "CFBundleNumericVersion"=402685952, "CFBundlePackageType"="APPL", "CFBundleShortVersionString"="0.9.0", "CFBun<…>
2026-09-14 13:55:54.010 Df PeachCommander[23883:133ef] (libMobileGestalt.dylib) Could not get size of EAN data (IOConnectCallScalarMethod kAppleNVMeEANGetSize returned 0xE00002E2)
2026-09-14 13:55:54.010 Df PeachCommander[23883:133ef] (libMobileGestalt.dylib) Failed to copy 'aptk' from EAN
2026-09-14 13:55:54.010 Df PeachCommander[23883:133ef] (libMobileGestalt.dylib) Failed to copy APTicket properties. Falling back to default policy.
2026-09-14 13:55:54.010 Df PeachCommander[23883:133ef] (libMobileGestalt.dylib) Creating default MGSysConfigPolicy
2026-09-14 13:55:54.010 Df PeachCommander[23883:133ef] (libMobileGestalt.dylib) CFDictionaryRef copySyscfgDictionary(void) enumeration of <private> failed.
2026-09-14 13:55:54.010 Df PeachCommander[23883:133ef] (libMobileGestalt.dylib) Failed to find key <private>
2026-09-14 13:55:54.010 I  PeachCommander[23883:133f7] [com.apple.launchservices:db] LaunchServices database schema version: 20971544
2026-09-14 13:55:54.011 Df PeachCommander[23883:133ef] [com.apple.AppKit:Appearance] Current system appearance, (HLTB: 1), (SLS: 0)
2026-09-14 13:55:54.011 Df PeachCommander[23883:133ef] [com.apple.AppKit:Appearance] Post-registration system appearance: (HLTB: 1)
2026-09-14 13:55:54.012 I  PeachCommander[23883:133f7] [com.apple.launchservices:default] Unable to load Info.plist exceptions (eGPUOverrides)
2026-09-14 13:55:54.012 I  PeachCommander[23883:133f7] [com.apple.launchservices:default] Unable to load Info.plist exceptions (gameModeOverrides)
2026-09-14 13:55:54.012 I  PeachCommander[23883:133f7] [com.apple.launchservices:default] Unable to load Info.plist exceptions (identifiedGameOverrides)
2026-09-14 13:55:54.012 I  PeachCommander[23883:133f7] [com.apple.launchservices:default] Unable to load Info.plist exceptions (SystemHiddenPreferred)
2026-09-14 13:55:54.012 Df PeachCommander[23883:133ef] [com.apple.FrontBoard:Common] FBSWorkspace: endpoint monitoring is disabled.
2026-09-14 13:55:54.012 Df PeachCommander[23883:133ef] [com.apple.FrontBoard:Common] FBSWorkspace: default shell endpoint is disabled.
2026-09-14 13:55:54.013 Df PeachCommander[23883:133ef] [com.apple.runningboard:connection] Initializing connection
2026-09-14 13:55:54.013 Df PeachCommander[23883:133ef] [com.apple.runningboard:process] Removing all cached process handles
2026-09-14 13:55:54.013 Df PeachCommander[23883:133fc] [com.apple.runningboard:connection] Sending handshake request attempt #1 to server
2026-09-14 13:55:54.013 Df PeachCommander[23883:133fc] [com.apple.runningboard:connection] Creating connection to com.apple.runningboard
2026-09-14 13:55:54.013 Df PeachCommander[23883:133fc] [com.apple.xpc:connection] [0xad2ca0640] activating connection: mach=true listener=false peer=false name=com.apple.runningboard
2026-09-14 13:55:54.013 A  PeachCommander[23883:133f8] (RunningBoardServices) didChangeInheritances
2026-09-14 13:55:54.013 Df PeachCommander[23883:133ef] [com.apple.xpc:connection] [0xad2ca0280] Connection returned listener port: 0x4103
2026-09-14 13:55:54.013 Df PeachCommander[23883:133fc] [com.apple.runningboard:connection] Handshake succeeded
2026-09-14 13:55:54.013 Df PeachCommander[23883:133fc] [com.apple.runningboard:connection] Identity resolved as app<application.com.peachcommander.app.487016.488284(501)>
2026-09-14 13:55:54.013 I  PeachCommander[23883:133ef] [com.apple.launchservices:cas] information in shared memory for 0x0-0x13d13d with seed 533 was still valid, so using cached info { "ApplicationType"="Foreground", "BuildMachineOSBuild"="25E246", "BundleIdentifierLowerCase"="com.peachcommander.app", "CFBundleDevelopmentRegion"="en", "CFBundleDocumentTypes"=( { "CFBundleTypeName"="Peach Commander Plugin Package", "CFBundleTypeRole"="Viewer", "LSHandlerRank"="Owner", "LSItemContentTypes"=( "com.peachcommander.plugin-package") }), "CFBundleExecutable"="PeachCommander", "CFBundleExecutablePath"="/Users/admin/pc-test/PeachCommander.app/Contents/MacOS/PeachCommander", "CFBundleExecutablePathDeviceID"=16777227, "CFBundleExecutablePathINode"=488284, "CFBundleHelpBookFolder"="PeachCommander.help", "CFBundleHelpBookName"="Peach Commander Help", "CFBundleIconFile"="AppIcon", "CFBundleIconName"="AppIcon", "CFBundleIdentifier"="com.peachcommander.app", "CFBundleInfoDictionaryVersion"="6.0", "CFBundleName"="PeachCommander", "CFBundleNameLowerCase"="peachcommander", "CFBundleNumericVersion"=402685952, "CFBundlePackageType"="APPL", "CFBundleShortVersionString"="0.9.0", "CFBun<…>
2026-09-14 13:55:54.015 Df PeachCommander[23883:133ef] [com.apple.xpc:connection] [0xad2ca0280] Connection returned listener port: 0x4103
2026-09-14 13:55:54.015 A  PeachCommander[23883:133f8] (AppIntents) appintents:register process
2026-09-14 13:55:54.016 Df PeachCommander[23883:133f8] [com.apple.appintents:Connection] Created a new Process Instance Registry XPC connection (inactive)
2026-09-14 13:55:54.016 Df PeachCommander[23883:133f8] [com.apple.xpc:connection] [0xad2ca0780] activating connection: mach=true listener=false peer=false name=com.apple.linkd.autoShortcut
2026-09-14 13:55:54.016 Df PeachCommander[23883:133f8] [com.apple.appintents:Connection] Activated connection to linkd (ApplicationService)
2026-09-14 13:55:54.016 Df PeachCommander[23883:133f8] [com.apple.xpc:connection] [0xad2ca0a00] activating connection: mach=false listener=true peer=false name=(anonymous)
2026-09-14 13:55:54.016 I  PeachCommander[23883:133ef] [com.apple.launchservices:cas] information in shared memory for 0x0-0x13d13d with seed 533 was still valid, so using cached info { "ApplicationType"="Foreground", "BuildMachineOSBuild"="25E246", "BundleIdentifierLowerCase"="com.peachcommander.app", "CFBundleDevelopmentRegion"="en", "CFBundleDocumentTypes"=( { "CFBundleTypeName"="Peach Commander Plugin Package", "CFBundleTypeRole"="Viewer", "LSHandlerRank"="Owner", "LSItemContentTypes"=( "com.peachcommander.plugin-package") }), "CFBundleExecutable"="PeachCommander", "CFBundleExecutablePath"="/Users/admin/pc-test/PeachCommander.app/Contents/MacOS/PeachCommander", "CFBundleExecutablePathDeviceID"=16777227, "CFBundleExecutablePathINode"=488284, "CFBundleHelpBookFolder"="PeachCommander.help", "CFBundleHelpBookName"="Peach Commander Help", "CFBundleIconFile"="AppIcon", "CFBundleIconName"="AppIcon", "CFBundleIdentifier"="com.peachcommander.app", "CFBundleInfoDictionaryVersion"="6.0", "CFBundleName"="PeachCommander", "CFBundleNameLowerCase"="peachcommander", "CFBundleNumericVersion"=402685952, "CFBundlePackageType"="APPL", "CFBundleShortVersionString"="0.9.0", "CFBun<…>
2026-09-14 13:55:54.016 I  PeachCommander[23883:133ef] [com.apple.hiservices:processmgr] TransformProcessType(0x0,0x2 => 1 wasFront=1 pickNew=0)
2026-09-14 13:55:54.016 I  PeachCommander[23883:133ef] [com.apple.CoreAnalytics:client] Dropping "com.apple.appkit.app_config" as it isn't used in any transform (not in the config or budgeted?)
2026-09-14 13:55:54.016 I  PeachCommander[23883:133f8] [com.apple.appintents:Execution] LNAppConnectionListener instantiated
2026-09-14 13:55:54.016 Df PeachCommander[23883:133f8] [com.apple.xpc:connection] [0xad2ca0a00] Connection returned listener port: 0x7103
2026-09-14 13:55:54.016 Df PeachCommander[23883:133ef] [com.apple.dt.xctest:Default] Registering for test daemon availability notify post.
2026-09-14 13:55:54.017 Df PeachCommander[23883:133f7] [com.apple.xpc:connection] [0xad2ca0780] Re-initialization successful; calling out to event handler with XPC_ERROR_CONNECTION_INTERRUPTED
2026-09-14 13:55:54.017 Df PeachCommander[23883:133f7] [com.apple.appintents:Connection] Process Instance Registry XPC connection has been interrupted
2026-09-14 13:55:54.017 Df PeachCommander[23883:133ef] [com.apple.dt.xctest:Default] notify_get_state check indicated test daemon not ready.
2026-09-14 13:55:54.017 E  PeachCommander[23883:133f8] [com.apple.appintents:Connection] Unable to get synchronousRemoteObjectProxy, error: Error Domain=NSCocoaErrorDomain Code=4097 "connection to service named com.apple.linkd.autoShortcut" UserInfo={NSDebugDescription=connection to service named com.apple.linkd.autoShortcut}
2026-09-14 13:55:54.017 E  PeachCommander[23883:133f8] [com.apple.AppKit:Application] Error registering app with intents framework: Error Domain=NSCocoaErrorDomain Code=4097 UserInfo={NSDebugDescription=<private>}
2026-09-14 13:55:54.017 Df PeachCommander[23883:133ef] [com.apple.dt.xctest:Default] notify_get_state check indicated test daemon not ready.
2026-09-14 13:55:54.017 Df PeachCommander[23883:133fc] [com.apple.appintents:Connection] Created a new Process Instance Registry XPC connection (inactive)
2026-09-14 13:55:54.017 A  PeachCommander[23883:133fc] (AppIntents) appintents:register process
2026-09-14 13:55:54.017 Df PeachCommander[23883:133fc] [com.apple.appintents:Connection] Created a new Process Instance Registry XPC connection (inactive)
2026-09-14 13:55:54.017 Df PeachCommander[23883:133fc] [com.apple.xpc:connection] [0xad2ca0c80] activating connection: mach=true listener=false peer=false name=com.apple.linkd.autoShortcut
2026-09-14 13:55:54.017 Df PeachCommander[23883:133ef] [com.apple.dt.xctest:Default] notify_get_state check indicated test daemon not ready.
2026-09-14 13:55:54.017 Df PeachCommander[23883:133fc] [com.apple.appintents:Connection] Activated connection to linkd (ApplicationService)
2026-09-14 13:55:54.017 Df PeachCommander[23883:133fc] [com.apple.xpc:connection] [0xad2ca0a00] Connection returned listener port: 0x7103
2026-09-14 13:55:54.017 Df PeachCommander[23883:133f8] [com.apple.xpc:connection] [0xad2ca0c80] Re-initialization successful; calling out to event handler with XPC_ERROR_CONNECTION_INTERRUPTED
2026-09-14 13:55:54.017 Df PeachCommander[23883:133f8] [com.apple.appintents:Connection] Process Instance Registry XPC connection has been interrupted
2026-09-14 13:55:54.017 E  PeachCommander[23883:133fc] [com.apple.appintents:Connection] Unable to get synchronousRemoteObjectProxy, error: Error Domain=NSCocoaErrorDomain Code=4097 "connection to service named com.apple.linkd.autoShortcut" UserInfo={NSDebugDescription=connection to service named com.apple.linkd.autoShortcut}
2026-09-14 13:55:54.017 E  PeachCommander[23883:133fc] [com.apple.appintents:Connection] Unable to re-register with Process Instance Registry, error: Error Domain=NSCocoaErrorDomain Code=4097 "connection to service named com.apple.linkd.autoShortcut" UserInfo={NSDebugDescription=connection to service named com.apple.linkd.autoShortcut}
2026-09-14 13:55:54.017 Df PeachCommander[23883:133f8] [com.apple.appintents:Connection] Created a new Process Instance Registry XPC connection (inactive)
2026-09-14 13:55:54.017 A  PeachCommander[23883:133f8] (AppIntents) appintents:register process
2026-09-14 13:55:54.017 Df PeachCommander[23883:133f8] [com.apple.appintents:Connection] Created a new Process Instance Registry XPC connection (inactive)
2026-09-14 13:55:54.017 Df PeachCommander[23883:133f8] [com.apple.xpc:connection] [0xad2ca12c0] activating connection: mach=true listener=false peer=false name=com.apple.linkd.autoShortcut
2026-09-14 13:55:54.017 Df PeachCommander[23883:133f8] [com.apple.appintents:Connection] Activated connection to linkd (ApplicationService)
2026-09-14 13:55:54.017 Df PeachCommander[23883:133f8] [com.apple.xpc:connection] [0xad2ca0a00] Connection returned listener port: 0x7103
2026-09-14 13:55:54.017 Df PeachCommander[23883:133fc] [com.apple.xpc:connection] [0xad2ca12c0] Re-initialization successful; calling out to event handler with XPC_ERROR_CONNECTION_INTERRUPTED
2026-09-14 13:55:54.017 Df PeachCommander[23883:133fc] [com.apple.appintents:Connection] Process Instance Registry XPC connection has been interrupted
2026-09-14 13:55:54.017 E  PeachCommander[23883:133f8] [com.apple.appintents:Connection] Unable to get synchronousRemoteObjectProxy, error: Error Domain=NSCocoaErrorDomain Code=4097 "connection to service named com.apple.linkd.autoShortcut" UserInfo={NSDebugDescription=connection to service named com.apple.linkd.autoShortcut}
2026-09-14 13:55:54.017 E  PeachCommander[23883:133f8] [com.apple.appintents:Connection] Unable to re-register with Process Instance Registry, error: Error Domain=NSCocoaErrorDomain Code=4097 "connection to service named com.apple.linkd.autoShortcut" UserInfo={NSDebugDescription=connection to service named com.apple.linkd.autoShortcut}
2026-09-14 13:55:54.017 Df PeachCommander[23883:133fc] [com.apple.appintents:Connection] Created a new Process Instance Registry XPC connection (inactive)
2026-09-14 13:55:54.017 A  PeachCommander[23883:133fc] (AppIntents) appintents:register process
2026-09-14 13:55:54.017 Df PeachCommander[23883:133fc] [com.apple.appintents:Connection] Created a new Process Instance Registry XPC connection (inactive)
2026-09-14 13:55:54.017 Df PeachCommander[23883:133fc] [com.apple.xpc:connection] [0xad2ca1540] activating connection: mach=true listener=false peer=false name=com.apple.linkd.autoShortcut
2026-09-14 13:55:54.017 Df PeachCommander[23883:133fc] [com.apple.appintents:Connection] Activated connection to linkd (ApplicationService)
2026-09-14 13:55:54.017 Df PeachCommander[23883:133fc] [com.apple.xpc:connection] [0xad2ca0a00] Connection returned listener port: 0x7103
2026-09-14 13:55:54.018 Df PeachCommander[23883:133f8] [com.apple.xpc:connection] [0xad2ca1540] Re-initialization successful; calling out to event handler with XPC_ERROR_CONNECTION_INTERRUPTED
2026-09-14 13:55:54.018 Df PeachCommander[23883:133f8] [com.apple.appintents:Connection] Process Instance Registry XPC connection has been interrupted
2026-09-14 13:55:54.018 E  PeachCommander[23883:133f8] [com.apple.appintents:Connection] Will NOT re-try to establish the connection
2026-09-14 13:55:54.018 E  PeachCommander[23883:133fc] [com.apple.appintents:Connection] Unable to get synchronousRemoteObjectProxy, error: Error Domain=NSCocoaErrorDomain Code=4097 "connection to service named com.apple.linkd.autoShortcut" UserInfo={NSDebugDescription=connection to service named com.apple.linkd.autoShortcut}
2026-09-14 13:55:54.018 E  PeachCommander[23883:133fc] [com.apple.appintents:Connection] Unable to re-register with Process Instance Registry, error: Error Domain=NSCocoaErrorDomain Code=4097 "connection to service named com.apple.linkd.autoShortcut" UserInfo={NSDebugDescription=connection to service named com.apple.linkd.autoShortcut}
2026-09-14 13:55:54.020 A  PeachCommander[23883:133ef] (CoreFoundation) Loading Preferences From System CFPrefsD
2026-09-14 13:55:54.020 Df PeachCommander[23883:133ef] (libMobileGestalt.dylib) couldn't load support library
2026-09-14 13:55:54.020 Df PeachCommander[23883:133ef] (libMobileGestalt.dylib) called dummy function!
2026-09-14 13:55:54.021 I  PeachCommander[23883:133ef] [com.apple.GenerativeModels:availability] Current availability state: unavailable, use cases: com.apple.WritingTools, language: <any>, api: <private>
2026-09-14 13:55:54.021 Df PeachCommander[23883:133ef] [com.apple.GenerativeModels:availability] registering darwin observer for name: com.apple.gms.availability.notification
2026-09-14 13:55:54.021 Df PeachCommander[23883:133ef] [com.apple.GenerativeModels:availability] registering darwin observer for name: com.apple.os-eligibility-domain.change.greymatter
2026-09-14 13:55:54.021 Df PeachCommander[23883:133ef] [com.apple.GenerativeModels:availability] registering darwin observer for name: com.apple.language.changed
2026-09-14 13:55:54.021 Df PeachCommander[23883:133ef] [com.apple.WritingTools:Default] isAvailable value changed: isMDMAllowed = true, gmAvailable (current) = false
2026-09-14 13:55:54.023 I  PeachCommander[23883:133ef] [com.apple.CoreAnalytics:client] Dropping "com.apple.appkit.app_config" as it isn't used in any transform (not in the config or budgeted?)
2026-09-14 13:55:54.025 Df PeachCommander[23883:133ef] [com.apple.AppKit:Appearance] NSApp cache appearance:
-NSRequiresAquaSystemAppearance: 0
-appearance: (null)
-effectiveAppearance: <NSCompositeAppearance: 0xad2c8c500
 (
    "<NSAquaAppearance: 0xad2c8c460>",
    "<NSSystemAppearance: 0xad2c8c6e0>"
)>
2026-09-14 13:55:54.027 A  PeachCommander[23883:133ef] (CoreFoundation) Loading Preferences From User CFPrefsD
2026-09-14 13:55:54.028 A  PeachCommander[23883:133ef] (CoreFoundation) Loading Preferences From User CFPrefsD
2026-09-14 13:55:54.031 A  PeachCommander[23883:133f8] (libsystem_info.dylib) Membership API: translate identifier
2026-09-14 13:55:54.033 I  PeachCommander[23883:133ef] [com.apple.CoreAnalytics:client] Dropping "com.apple.appkit.app_config" as it isn't used in any transform (not in the config or budgeted?)
2026-09-14 13:55:54.033 I  PeachCommander[23883:133ef] [com.apple.CoreAnalytics:client] Dropping "com.apple.appkit.app_config" as it isn't used in any transform (not in the config or budgeted?)
2026-09-14 13:55:54.034 Df PeachCommander[23883:133f8] [com.apple.xpc:connection] [0xad2ca1a40] activating connection: mach=true listener=false peer=false name=com.apple.dock.fullscreen
2026-09-14 13:55:54.035 Df PeachCommander[23883:133ef] [com.apple.xpc:connection] [0xad2ca1b80] activating connection: mach=true listener=false peer=false name=com.apple.fonts
2026-09-14 13:55:54.038 I  PeachCommander[23883:133ef] [com.apple.launchservices:cas] information in shared memory for 0x0-0x13d13d with seed 533 was still valid, so using cached info { "ApplicationType"="Foreground", "BuildMachineOSBuild"="25E246", "BundleIdentifierLowerCase"="com.peachcommander.app", "CFBundleDevelopmentRegion"="en", "CFBundleDocumentTypes"=( { "CFBundleTypeName"="Peach Commander Plugin Package", "CFBundleTypeRole"="Viewer", "LSHandlerRank"="Owner", "LSItemContentTypes"=( "com.peachcommander.plugin-package") }), "CFBundleExecutable"="PeachCommander", "CFBundleExecutablePath"="/Users/admin/pc-test/PeachCommander.app/Contents/MacOS/PeachCommander", "CFBundleExecutablePathDeviceID"=16777227, "CFBundleExecutablePathINode"=488284, "CFBundleHelpBookFolder"="PeachCommander.help", "CFBundleHelpBookName"="Peach Commander Help", "CFBundleIconFile"="AppIcon", "CFBundleIconName"="AppIcon", "CFBundleIdentifier"="com.peachcommander.app", "CFBundleInfoDictionaryVersion"="6.0", "CFBundleName"="PeachCommander", "CFBundleNameLowerCase"="peachcommander", "CFBundleNumericVersion"=402685952, "CFBundlePackageType"="APPL", "CFBundleShortVersionString"="0.9.0", "CFBun<…>
2026-09-14 13:55:54.038 I  PeachCommander[23883:133ef] [com.apple.CoreAnalytics:client] Dropping "com.apple.appkit.app_config" as it isn't used in any transform (not in the config or budgeted?)
2026-09-14 13:55:54.038 Df PeachCommander[23883:133ef] [com.apple.AppKit:AutomaticTermination] -[NSApplication(NSAppssassination) _checkForAutomaticTerminationSupportPossiblyEnablingIt]_block_invoke Enabling automatic termination support.
2026-09-14 13:55:54.038 Df PeachCommander[23883:133ef] [com.apple.xpc:connection] [0xad2ca0dc0] activating connection: mach=true listener=false peer=false name=com.apple.appkit.restoration_storage
2026-09-14 13:55:54.038 I  PeachCommander[23883:133ef] [com.apple.launchservices:cas] information in shared memory for 0x0-0x13d13d with seed 533 was still valid, so using cached info { "ApplicationType"="Foreground", "BuildMachineOSBuild"="25E246", "BundleIdentifierLowerCase"="com.peachcommander.app", "CFBundleDevelopmentRegion"="en", "CFBundleDocumentTypes"=( { "CFBundleTypeName"="Peach Commander Plugin Package", "CFBundleTypeRole"="Viewer", "LSHandlerRank"="Owner", "LSItemContentTypes"=( "com.peachcommander.plugin-package") }), "CFBundleExecutable"="PeachCommander", "CFBundleExecutablePath"="/Users/admin/pc-test/PeachCommander.app/Contents/MacOS/PeachCommander", "CFBundleExecutablePathDeviceID"=16777227, "CFBundleExecutablePathINode"=488284, "CFBundleHelpBookFolder"="PeachCommander.help", "CFBundleHelpBookName"="Peach Commander Help", "CFBundleIconFile"="AppIcon", "CFBundleIconName"="AppIcon", "CFBundleIdentifier"="com.peachcommander.app", "CFBundleInfoDictionaryVersion"="6.0", "CFBundleName"="PeachCommander", "CFBundleNameLowerCase"="peachcommander", "CFBundleNumericVersion"=402685952, "CFBundlePackageType"="APPL", "CFBundleShortVersionString"="0.9.0", "CFBun<…>
2026-09-14 13:55:54.038 Df PeachCommander[23883:133ef] [com.apple.xpc:connection] [0xad2ca0f00] activating connection: mach=true listener=false peer=false name=com.apple.coreservices.appleevents
2026-09-14 13:55:54.039 I  PeachCommander[23883:133ef] [com.apple.appleevents:main] _AEGetRegisteredMachPort() created default port (port:44291/0xad03 rcv:1 send:1 limit:5) and registered it with server
2026-09-14 13:55:54.039 Df PeachCommander[23883:133ef] [com.apple.xpc:connection] [0xad2ca0280] Connection returned listener port: 0x4103
2026-09-14 13:55:54.039 I  PeachCommander[23883:133ef] [com.apple.launchservices:cas] information in shared memory for 0x0-0x13d13d with seed 533 was still valid, so using cached info { "ApplicationType"="Foreground", "BuildMachineOSBuild"="25E246", "BundleIdentifierLowerCase"="com.peachcommander.app", "CFBundleDevelopmentRegion"="en", "CFBundleDocumentTypes"=( { "CFBundleTypeName"="Peach Commander Plugin Package", "CFBundleTypeRole"="Viewer", "LSHandlerRank"="Owner", "LSItemContentTypes"=( "com.peachcommander.plugin-package") }), "CFBundleExecutable"="PeachCommander", "CFBundleExecutablePath"="/Users/admin/pc-test/PeachCommander.app/Contents/MacOS/PeachCommander", "CFBundleExecutablePathDeviceID"=16777227, "CFBundleExecutablePathINode"=488284, "CFBundleHelpBookFolder"="PeachCommander.help", "CFBundleHelpBookName"="Peach Commander Help", "CFBundleIconFile"="AppIcon", "CFBundleIconName"="AppIcon", "CFBundleIdentifier"="com.peachcommander.app", "CFBundleInfoDictionaryVersion"="6.0", "CFBundleName"="PeachCommander", "CFBundleNameLowerCase"="peachcommander", "CFBundleNumericVersion"=402685952, "CFBundlePackageType"="APPL", "CFBundleShortVersionString"="0.9.0", "CFBun<…>
2026-09-14 13:55:54.039 Df PeachCommander[23883:133ef] [com.apple.processmanager:front-35286506] SignalReady: pid=23883 asn=0x0-0x13d13d
2026-09-14 13:55:54.039 Df PeachCommander[23883:133ef] [com.apple.processmanager:front-35286506] SIGNAL: pid=23883 asn=0x0x-0x13d13d
2026-09-14 13:55:54.039 I  PeachCommander[23883:133ef] [com.apple.appleevents:main] aeGenerateFakeFirstOAPPEventIfNecessary()
2026-09-14 13:55:54.039 I  PeachCommander[23883:133ef] [com.apple.appleevents:main] aeGenerateFakeFirstOAPPEventIfNecessary(), needToCreateFakeOAPPEventIfFirstEvent == true
2026-09-14 13:55:54.039 I  PeachCommander[23883:133ef] [com.apple.launchservices:cas] Removing cached information for app [ 0x0-0x13d13d]  "PeachCommander", as its seed is different from that in shared memory ( 533 vs 535)
2026-09-14 13:55:54.040 I  PeachCommander[23883:133ef] [com.apple.CFPasteboard:entry] CopyData('DefaultAsciiKeyboardLayoutPasteboard' (<CFUUID 0xad2d5c9c0> 92032D44-0F62-4E5C-A9F9-1CF5F03EBA17) gen: -1 item: 1264739405 flavor: 'DefaultAsciiKeyboardLayoutFlavor')
2026-09-14 13:55:54.040 I  PeachCommander[23883:133ef] [com.apple.CFPasteboard:cache] Rebuilding cache for 'DefaultAsciiKeyboardLayoutPasteboard' (<CFUUID 0xad2d5c9c0> 92032D44-0F62-4E5C-A9F9-1CF5F03EBA17)
2026-09-14 13:55:54.040 I  PeachCommander[23883:133ef] [com.apple.CFPasteboard:exit] (not-in-cache) - result: -8 generation: 0 null data flags: 0
2026-09-14 13:55:54.040 A  PeachCommander[23883:133ef] (CoreFoundation) Loading Preferences From User CFPrefsD
2026-09-14 13:55:54.040 A  PeachCommander[23883:133ef] (CoreFoundation) Loading Preferences From System CFPrefsD
2026-09-14 13:55:54.041 I  PeachCommander[23883:133ef] [com.apple.CFPasteboard:entry] CopyData('AppleIntlFileCacheModificationDatePasteboard' (<CFUUID 0xad2d5cc40> A1ACFADD-5BDA-4986-BDF2-AA82108582EE) gen: -1 item: 1 flavor: '-32766 1768845414')
2026-09-14 13:55:54.041 I  PeachCommander[23883:133ef] [com.apple.CFPasteboard:cache] Rebuilding cache for 'AppleIntlFileCacheModificationDatePasteboard' (<CFUUID 0xad2d5cc40> A1ACFADD-5BDA-4986-BDF2-AA82108582EE)
2026-09-14 13:55:54.041 I  PeachCommander[23883:133ef] [com.apple.CFPasteboard:general] Will request data from daemon
2026-09-14 13:55:54.041 I  PeachCommander[23883:133ef] [com.apple.CFPasteboard:exit] (not-in-cache) - result: 0 generation: 7 data (310 bytes) flags: 0
2026-09-14 13:55:54.041 I  PeachCommander[23883:133ef] [com.apple.CFPasteboard:entry] CopyData('AppleIntlFileCacheModificationDatePasteboard' (<CFUUID 0xad2d5cc40> A1ACFADD-5BDA-4986-BDF2-AA82108582EE) gen: -1 item: 1 flavor: '-32765 1802264953')
2026-09-14 13:55:54.041 I  PeachCommander[23883:133ef] [com.apple.CFPasteboard:general] Will request data from daemon
2026-09-14 13:55:54.041 I  PeachCommander[23883:133ef] [com.apple.CFPasteboard:exit] (not-in-cache) - result: 0 generation: 7 data (306 bytes) flags: 0
2026-09-14 13:55:54.041 I  PeachCommander[23883:133ef] [com.apple.CFPasteboard:entry] CopyData('AppleIntlFileCacheModificationDatePasteboard' (<CFUUID 0xad2d5cc40> A1ACFADD-5BDA-4986-BDF2-AA82108582EE) gen: -1 item: 1 flavor: '-32764 1802264953')
2026-09-14 13:55:54.041 I  PeachCommander[23883:133ef] [com.apple.CFPasteboard:general] Will request data from daemon
2026-09-14 13:55:54.041 I  PeachCommander[23883:133ef] [com.apple.CFPasteboard:exit] (not-in-cache) - result: 0 generation: 7 data (281 bytes) flags: 0
2026-09-14 13:55:54.041 I  PeachCommander[23883:133ef] [com.apple.CFPasteboard:entry] CopyData('AppleIntlFileCacheModificationDatePasteboard' (<CFUUID 0xad2d5cc40> A1ACFADD-5BDA-4986-BDF2-AA82108582EE) gen: -1 item: 1 flavor: '-32763 1802264953')
2026-09-14 13:55:54.041 I  PeachCommander[23883:133ef] [com.apple.CFPasteboard:general] Will request data from daemon
2026-09-14 13:55:54.041 I  PeachCommander[23883:133ef] [com.apple.CFPasteboard:exit] (not-in-cache) - result: 0 generation: 7 data (318 bytes) flags: 0
2026-09-14 13:55:54.041 I  PeachCommander[23883:133ef] [com.apple.CFPasteboard:entry] CopyData('AppleIntlFileCacheModificationDatePasteboard' (<CFUUID 0xad2d5cc40> A1ACFADD-5BDA-4986-BDF2-AA82108582EE) gen: -1 item: 1 flavor: '-32765 1768845414')
2026-09-14 13:55:54.041 I  PeachCommander[23883:133ef] [com.apple.CFPasteboard:general] Will request data from daemon
2026-09-14 13:55:54.041 I  PeachCommander[23883:133ef] [com.apple.CFPasteboard:exit] (not-in-cache) - result: 0 generation: 7 data (303 bytes) flags: 0
2026-09-14 13:55:54.041 I  PeachCommander[23883:133ef] [com.apple.CFPasteboard:entry] CopyData('AppleIntlFileCacheModificationDatePasteboard' (<CFUUID 0xad2d5cc40> A1ACFADD-5BDA-4986-BDF2-AA82108582EE) gen: -1 item: 1 flavor: '-32763 1768845414')
2026-09-14 13:55:54.041 I  PeachCommander[23883:133ef] [com.apple.CFPasteboard:general] Will request data from daemon
2026-09-14 13:55:54.041 I  PeachCommander[23883:133ef] [com.apple.CFPasteboard:exit] (not-in-cache) - result: 0 generation: 7 data (315 bytes) flags: 0
2026-09-14 13:55:54.042 I  PeachCommander[23883:133ef] [com.apple.launchservices:cas] information in shared memory for 0x0-0x13d13d with seed 535 was still valid, so using cached info { "ApplicationType"="Foreground", "BuildMachineOSBuild"="25E246", "BundleIdentifierLowerCase"="com.peachcommander.app", "CFBundleDevelopmentRegion"="en", "CFBundleDocumentTypes"=( { "CFBundleTypeName"="Peach Commander Plugin Package", "CFBundleTypeRole"="Viewer", "LSHandlerRank"="Owner", "LSItemContentTypes"=( "com.peachcommander.plugin-package") }), "CFBundleExecutable"="PeachCommander", "CFBundleExecutablePath"="/Users/admin/pc-test/PeachCommander.app/Contents/MacOS/PeachCommander", "CFBundleExecutablePathDeviceID"=16777227, "CFBundleExecutablePathINode"=488284, "CFBundleHelpBookFolder"="PeachCommander.help", "CFBundleHelpBookName"="Peach Commander Help", "CFBundleIconFile"="AppIcon", "CFBundleIconName"="AppIcon", "CFBundleIdentifier"="com.peachcommander.app", "CFBundleInfoDictionaryVersion"="6.0", "CFBundleName"="PeachCommander", "CFBundleNameLowerCase"="peachcommander", "CFBundleNumericVersion"=402685952, "CFBundlePackageType"="APPL", "CFBundleShortVersionString"="0.9.0", "CFBun<…>
2026-09-14 13:55:54.042 Df PeachCommander[23883:133ef] [com.apple.xpc:connection] [0xad2ca1e00] activating connection: mach=false listener=false peer=false name=com.apple.ViewBridgeAuxiliary
2026-09-14 13:55:54.047 Df PeachCommander[23883:133ef] [com.apple.xpc:connection] [0xad2ca1cc0] activating connection: mach=false listener=false peer=false name=(anonymous)
2026-09-14 13:55:54.047 Df PeachCommander[23883:133ef] [com.apple.xpc:connection] [0xad2ca1f40] activating connection: mach=false listener=true peer=false name=(anonymous)
2026-09-14 13:55:54.047 Df PeachCommander[23883:133ef] [com.apple.xpc:connection] [0xad2ca1f40] Connection returned listener port: 0xee03
2026-09-14 13:55:54.047 Df PeachCommander[23883:133ef] [com.apple.xpc:connection] [0xad2ca1e00] invalidated after the last release of the connection object
2026-09-14 13:55:54.048 I  PeachCommander[23883:133ef] [com.apple.showhide:pr-59900543] SHOWHIDE: SHOW id=528 0x0-0x13D13D, err=0 eventTime=1607713080916 windowID=0
2026-09-14 13:55:54.048 I  PeachCommander[23883:133ef] [com.apple.CarbonCore:coreservicesdaemon] findOrCreateCacheable():findOrCreateCacheable(), factoryName=3 cacheableName=<private> fCacheables.size()=0
2026-09-14 13:55:54.048 I  PeachCommander[23883:133ef] [com.apple.CarbonCore:coreservicesdaemon] findOrCreateCacheable():findOrCreateCacheable(), result = 0xad3148d40 (should be non-NULL)
2026-09-14 13:55:54.048 Df PeachCommander[23883:133ef] [com.apple.AppKit:AutomaticTermination] void _NSDisableAutomaticTerminationAndLog(NSString *) Restoring windows
2026-09-14 13:55:54.048 Df PeachCommander[23883:133ef] [com.apple.AppKit:StateRestoration] -[NSApplication _reopenWindowsAsNecessaryIncludingRestorableState:withFullFidelity:completionHandler:] shouldRestoreState=1 hasPersistentStateToRestore=0 shouldStillRestoreStateAfterPrompting=0
2026-09-14 13:55:54.048 Df PeachCommander[23883:133ef] [com.apple.xpc:connection] [0xad2ca1e00] activating connection: mach=true listener=false peer=false name=com.apple.window_proxies
2026-09-14 13:55:54.048 Df PeachCommander[23883:133ef] [com.apple.xpc:connection] [0xad2ca1e00] invalidated because the current process cancelled the connection by calling xpc_connection_cancel()
2026-09-14 13:55:54.048 I  PeachCommander[23883:133ef] [com.apple.SkyLight:processes] 0[outside of RPC]: SLSSetFrontProcessWithInfo(0x0-0x2 window=0 options=0x1
2026-09-14 13:55:54.048 I  PeachCommander[23883:133ef] [com.apple.CoreAnalytics:client] Dropping "com.apple.appkit.app_config" as it isn't used in any transform (not in the config or budgeted?)
2026-09-14 13:55:54.048 Df PeachCommander[23883:133ef] [com.apple.AppKit:AutomaticTermination] void _NSEnableAutomaticTerminationAndLog(NSString *) Restoring windows
2026-09-14 13:55:54.050 I  PeachCommander[23883:133ef] [com.apple.CoreAnalytics:client] Dropping "com.apple.appkit.app_config" as it isn't used in any transform (not in the config or budgeted?)
2026-09-14 13:55:54.051 I  PeachCommander[23883:133ef] [com.apple.CoreAnalytics:client] Dropping "com.apple.appkit.app_config" as it isn't used in any transform (not in the config or budgeted?)
2026-09-14 13:55:54.059 A  PeachCommander[23883:133ef] (CoreFoundation) Loading Preferences From User CFPrefsD
2026-09-14 13:55:54.064 I  PeachCommander[23883:133ef] [com.peachcommander:PCFoundation] VolumeManager initialized
2026-09-14 13:55:54.081 Df PeachCommander[23883:133ef] [com.apple.BoardServices:XPCErrors] [C:1] Alloc <private>
2026-09-14 13:55:54.081 Df PeachCommander[23883:133ef] [com.apple.xpc:connection] [0xad2ff1180] activating connection: mach=false listener=false peer=false name=(anonymous)
2026-09-14 13:55:54.083 I  PeachCommander[23883:133ef] [com.apple.AppKit:Window] context (0 -> f90ee77b) for window 4f0
2026-09-14 13:55:54.084 Df PeachCommander[23883:133fc] [com.apple.corespotlight:index] (<private>) deleteSearchableItemsWithDomainIdentifiers, protectionClass:(null), domainIdentifiers number:1
2026-09-14 13:55:54.084 A  PeachCommander[23883:133fc] (CoreSpotlight) delete-domains
2026-09-14 13:55:54.084 Df PeachCommander[23883:133f8] [com.apple.corespotlight:index] CSInlineDonation:<private>: Skipping donation (feature flag disabled)
2026-09-14 13:55:54.084 Df PeachCommander[23883:133f8] (CoreSpotlight) sConnectionName: com.apple.spotlight.IndexAgent
2026-09-14 13:55:54.084 Df PeachCommander[23883:133f8] (CoreSpotlight) Start service name com.apple.spotlight.IndexAgent
2026-09-14 13:55:54.084 Df PeachCommander[23883:133f8] [com.apple.xpc:connection] [0xad2ff1400] activating connection: mach=true listener=false peer=false name=com.apple.spotlight.IndexAgent
2026-09-14 13:55:54.084 I  PeachCommander[23883:133ef] [com.peachcommander:PCFoundation] MainWindowController initialized (config: <private>)
2026-09-14 13:55:54.084 I  PeachCommander[23883:133ef] [com.peachcommander:PCFoundation] SelectionState initialized
2026-09-14 13:55:54.084 I  PeachCommander[23883:133ef] [com.peachcommander:PCFoundation] DirectoryModel initialized
2026-09-14 13:55:54.084 I  PeachCommander[23883:133ef] [com.peachcommander:PCFoundation] VolumeManager initialized
2026-09-14 13:55:54.084 I  PeachCommander[23883:133ef] [com.peachcommander:PCFoundation] PanelController initialized for <private> panel
2026-09-14 13:55:54.085 I  PeachCommander[23883:133ef] [com.peachcommander:PCFoundation] SelectionState initialized
2026-09-14 13:55:54.085 I  PeachCommander[23883:133ef] [com.peachcommander:PCFoundation] DirectoryModel initialized
2026-09-14 13:55:54.085 I  PeachCommander[23883:133ef] [com.peachcommander:PCFoundation] VolumeManager initialized
2026-09-14 13:55:54.085 I  PeachCommander[23883:133ef] [com.peachcommander:PCFoundation] PanelController initialized for <private> panel
2026-09-14 13:55:54.088 I  PeachCommander[23883:133ef] [com.apple.AppKit:Animation] Running new animation: <private>
2026-09-14 13:55:54.088 I  PeachCommander[23883:133ef] [com.apple.AppKit:Animation] Running new animation: <private>
2026-09-14 13:55:54.088 I  PeachCommander[23883:133ef] [com.apple.AppKit:Animation] Running new animation: <private>
2026-09-14 13:55:54.088 I  PeachCommander[23883:133ef] [com.apple.AppKit:Animation] Running new animation: <private>
2026-09-14 13:55:54.088 I  PeachCommander[23883:133ef] [com.apple.AppKit:Animation] Running new animation: <private>
2026-09-14 13:55:54.088 A  PeachCommander[23883:133fc] (RunningBoardServices) didChangeInheritances
2026-09-14 13:55:54.090 I  PeachCommander[23883:133ef] [com.apple.AppKit:Animation] Running new animation: <private>
2026-09-14 13:55:54.090 I  PeachCommander[23883:133ef] [com.apple.AppKit:Animation] Running new animation: <private>
2026-09-14 13:55:54.090 I  PeachCommander[23883:133ef] [com.apple.AppKit:Animation] Running new animation: <private>
2026-09-14 13:55:54.090 I  PeachCommander[23883:133ef] [com.apple.AppKit:Animation] Running new animation: <private>
2026-09-14 13:55:54.090 I  PeachCommander[23883:133ef] [com.apple.AppKit:Animation] Running new animation: <private>
2026-09-14 13:55:54.095 I  PeachCommander[23883:133ef] [com.apple.CoreAnalytics:client] Dropping "com.apple.appkit.app_config" as it isn't used in any transform (not in the config or budgeted?)
2026-09-14 13:55:54.097 I  PeachCommander[23883:133ef] [com.apple.CoreAnalytics:client] Dropping "com.apple.appkit.app_config" as it isn't used in any transform (not in the config or budgeted?)
2026-09-14 13:55:54.100 I  PeachCommander[23883:133ef] [com.apple.launchservices:datasep] application record search init. Node: <FSNode 0xad3956b60> { isDir = ?, path = <private> } bundleID: (null) itemID: 0
2026-09-14 13:55:54.102 I  PeachCommander[23883:133ef] [com.apple.GenerativeModels:availability] Current availability state: unavailable, use cases: com.apple.Settings.AppleIntelligence,com.apple.Siri.NLRouter, language: en, api: <private>
2026-09-14 13:55:54.102 Df PeachCommander[23883:133ef] [com.apple.GenerativeModels:availability] isOkayToHaveAsset: False
2026-09-14 13:55:54.102 E  PeachCommander[23883:133ef] [com.apple.siri:Utility] AFIsDeviceGreymatterEligible Missing entitlements for os_eligibility lookup
2026-09-14 13:55:54.102 I  PeachCommander[23883:133ef] [com.apple.GenerativeModels:availability] Current availability state: unavailable, use cases: com.apple.Settings.AppleIntelligence, language: en, api: <private>
2026-09-14 13:55:54.102 Df PeachCommander[23883:133ef] [com.apple.GenerativeModels:availability] isOkayToHaveAsset: False
2026-09-14 13:55:54.102 Df PeachCommander[23883:133ef] [com.apple.siri:Utility] -[AFSystemAssistantExperienceStatusManager fetchGenerativeModelsAvailability] #SAEStatus #cacheUpdate Updating cache:
deviceSupportsSAE: 0 (0)
       saeEnabled: 0 (0)
     saeAvailable: 0 (0)
      swaiEnabled: 0 (0)
        viEnabled: 0 (0)
        siriAvailability:
        <private>
        ((null))
2026-09-14 13:55:54.102 Df PeachCommander[23883:133ef] [com.apple.xpc:connection] [0xad2acc140] activating connection: mach=true listener=false peer=false name=com.apple.iconservices
2026-09-14 13:55:54.102 Df PeachCommander[23883:133ef] [com.apple.xpc:connection] [0xad2acc280] activating connection: mach=true listener=false peer=false name=com.apple.iconservices.store
2026-09-14 13:55:54.106 I  PeachCommander[23883:133ef] [com.peachcommander:Theme] no user themes in /Users/admin/pc-cfg/themes
2026-09-14 13:55:54.106 Df PeachCommander[23883:133ef] [com.apple.AppKit:Appearance] Invalidate NSApp effectiveAppearance
2026-09-14 13:55:54.106 Df PeachCommander[23883:133ef] [com.apple.AppKit:Appearance] NSApp cache appearance:
-NSRequiresAquaSystemAppearance: 0
-appearance: <NSCompositeAppearance: 0xad2c8d9a0
 (
    "<NSDarkAquaAppearance: 0xad2c8da40>",
    "<NSSystemAppearance: 0xad2c8c6e0>"
)>
-effectiveAppearance: <NSCompositeAppearance: 0xad2c8d9a0
 (
    "<NSDarkAquaAppearance: 0xad2c8da40>",
    "<NSSystemAppearance: 0xad2c8c6e0>"
)>
2026-09-14 13:55:54.107 A  PeachCommander[23883:133fc] (libsystem_info.dylib) Retrieve Group by ID
2026-09-14 13:55:54.108 I  PeachCommander[23883:133ef] [com.peachcommander:PCFoundation] Theme applied: id=norton, appearance=dark, dark=true, background=#0000AA
2026-09-14 13:55:54.132 I  PeachCommander[23883:133ef] [com.apple.iconservices:foundation] layer data size zero
2026-09-14 13:55:54.133 I  PeachCommander[23883:133ef] [com.apple.CoreAnalytics:client] Dropping "com.apple.appkit.app_config" as it isn't used in any transform (not in the config or budgeted?)
2026-09-14 13:55:54.136 I  PeachCommander[23883:133ef] [com.peachcommander:PCFoundation] Keymap loaded: scheme=<private>, 82 effective bindings
2026-09-14 13:55:54.137 I  PeachCommander[23883:133ef] [com.apple.AppKit:Animation] Running new animation: <private>
2026-09-14 13:55:54.137 I  PeachCommander[23883:133ef] [com.apple.AppKit:Animation] Running new animation: <private>
2026-09-14 13:55:54.137 I  PeachCommander[23883:133ef] [com.apple.AppKit:Animation] Running new animation: <private>
2026-09-14 13:55:54.137 I  PeachCommander[23883:133ef] [com.apple.AppKit:Animation] Running new animation: <private>
2026-09-14 13:55:54.137 I  PeachCommander[23883:133ef] [com.apple.AppKit:Animation] Running new animation: <private>
2026-09-14 13:55:54.137 I  PeachCommander[23883:133ef] [com.apple.AppKit:Animation] Running new animation: <private>
2026-09-14 13:55:54.137 I  PeachCommander[23883:133ef] [com.apple.AppKit:Animation] Running new animation: <private>
2026-09-14 13:55:54.137 I  PeachCommander[23883:133ef] [com.apple.AppKit:Animation] Running new animation: <private>
2026-09-14 13:55:54.137 I  PeachCommander[23883:133ef] [com.apple.AppKit:Animation] Running new animation: <private>
2026-09-14 13:55:54.137 I  PeachCommander[23883:133ef] [com.apple.AppKit:Animation] Running new animation: <private>
2026-09-14 13:55:54.140 I  PeachCommander[23883:133ef] [com.apple.CoreAnalytics:client] Dropping "<private>" as it isn't used in any transform (not in the config or budgeted?)
2026-09-14 13:55:54.140 I  PeachCommander[23883:133ef] [com.apple.CoreAnalytics:client] Dropping "<private>" as it isn't used in any transform (not in the config or budgeted?)
2026-09-14 13:55:54.140 I  PeachCommander[23883:133ef] [com.apple.CoreAnalytics:client] Dropping "<private>" as it isn't used in any transform (not in the config or budgeted?)
2026-09-14 13:55:54.140 I  PeachCommander[23883:133ef] [com.peachcommander:PCFoundation] MainWindowController window loaded
2026-09-14 13:55:54.141 I  PeachCommander[23883:133ef] [com.apple.launchservices:cas] information in shared memory for 0x0-0x13d13d with seed 535 was still valid, so using cached info { "ApplicationType"="Foreground", "BuildMachineOSBuild"="25E246", "BundleIdentifierLowerCase"="com.peachcommander.app", "CFBundleDevelopmentRegion"="en", "CFBundleDocumentTypes"=( { "CFBundleTypeName"="Peach Commander Plugin Package", "CFBundleTypeRole"="Viewer", "LSHandlerRank"="Owner", "LSItemContentTypes"=( "com.peachcommander.plugin-package") }), "CFBundleExecutable"="PeachCommander", "CFBundleExecutablePath"="/Users/admin/pc-test/PeachCommander.app/Contents/MacOS/PeachCommander", "CFBundleExecutablePathDeviceID"=16777227, "CFBundleExecutablePathINode"=488284, "CFBundleHelpBookFolder"="PeachCommander.help", "CFBundleHelpBookName"="Peach Commander Help", "CFBundleIconFile"="AppIcon", "CFBundleIconName"="AppIcon", "CFBundleIdentifier"="com.peachcommander.app", "CFBundleInfoDictionaryVersion"="6.0", "CFBundleName"="PeachCommander", "CFBundleNameLowerCase"="peachcommander", "CFBundleNumericVersion"=402685952, "CFBundlePackageType"="APPL", "CFBundleShortVersionString"="0.9.0", "CFBun<…>
2026-09-14 13:55:54.141 I  PeachCommander[23883:133ef] [com.apple.launchservices:cas] information in shared memory for 0x0-0x13d13d with seed 535 was still valid, so using cached info { "ApplicationType"="Foreground", "BuildMachineOSBuild"="25E246", "BundleIdentifierLowerCase"="com.peachcommander.app", "CFBundleDevelopmentRegion"="en", "CFBundleDocumentTypes"=( { "CFBundleTypeName"="Peach Commander Plugin Package", "CFBundleTypeRole"="Viewer", "LSHandlerRank"="Owner", "LSItemContentTypes"=( "com.peachcommander.plugin-package") }), "CFBundleExecutable"="PeachCommander", "CFBundleExecutablePath"="/Users/admin/pc-test/PeachCommander.app/Contents/MacOS/PeachCommander", "CFBundleExecutablePathDeviceID"=16777227, "CFBundleExecutablePathINode"=488284, "CFBundleHelpBookFolder"="PeachCommander.help", "CFBundleHelpBookName"="Peach Commander Help", "CFBundleIconFile"="AppIcon", "CFBundleIconName"="AppIcon", "CFBundleIdentifier"="com.peachcommander.app", "CFBundleInfoDictionaryVersion"="6.0", "CFBundleName"="PeachCommander", "CFBundleNameLowerCase"="peachcommander", "CFBundleNumericVersion"=402685952, "CFBundlePackageType"="APPL", "CFBundleShortVersionString"="0.9.0", "CFBun<…>
2026-09-14 13:55:54.149 I  PeachCommander[23883:133ef] [com.apple.AppKit:Window] order window front conditionally: 4f0 related: 0
2026-09-14 13:55:54.149 Df PeachCommander[23883:133ef] [com.apple.AppKit:AutomaticTermination] void _NSEnableAutomaticTerminationAndLog(NSString *) No windows open yet
2026-09-14 13:55:54.150 I  PeachCommander[23883:133ef] [com.apple.AppKit:Intelligence] starting collection observation
2026-09-14 13:55:54.150 Df PeachCommander[23883:133f7] [com.apple.UIIntelligenceSupport:xpc] establishing connection to agent
2026-09-14 13:55:54.150 Df PeachCommander[23883:133f7] [com.apple.xpc:session] [0xad24815e0] Session created.
2026-09-14 13:55:54.150 Df PeachCommander[23883:133f7] [com.apple.xpc:session] [0xad24815e0] Session created from connection [0xad2ace440]
2026-09-14 13:55:54.150 Df PeachCommander[23883:133f7] [com.apple.xpc:connection] [0xad2ace440] activating connection: mach=true listener=false peer=false name=com.apple.uiintelligencesupport.agent
2026-09-14 13:55:54.150 Df PeachCommander[23883:133f7] [com.apple.xpc:session] [0xad24815e0] Session activated
2026-09-14 13:55:54.150 I  PeachCommander[23883:133ef] [com.apple.SkyLight:processes] 0[outside of RPC]: SLSSetFrontProcessWithInfo(0x0-0x2 window=0 options=0x1
2026-09-14 13:55:54.150 Df PeachCommander[23883:133f8] [com.apple.UIIntelligenceSupport:xpc] Connection established with agent PID: 1213
2026-09-14 13:55:54.150 I  PeachCommander[23883:133ef] [com.apple.launchservices:cas] information in shared memory for 0x0-0x13d13d with seed 535 was still valid, so using cached info { "ApplicationType"="Foreground", "BuildMachineOSBuild"="25E246", "BundleIdentifierLowerCase"="com.peachcommander.app", "CFBundleDevelopmentRegion"="en", "CFBundleDocumentTypes"=( { "CFBundleTypeName"="Peach Commander Plugin Package", "CFBundleTypeRole"="Viewer", "LSHandlerRank"="Owner", "LSItemContentTypes"=( "com.peachcommander.plugin-package") }), "CFBundleExecutable"="PeachCommander", "CFBundleExecutablePath"="/Users/admin/pc-test/PeachCommander.app/Contents/MacOS/PeachCommander", "CFBundleExecutablePathDeviceID"=16777227, "CFBundleExecutablePathINode"=488284, "CFBundleHelpBookFolder"="PeachCommander.help", "CFBundleHelpBookName"="Peach Commander Help", "CFBundleIconFile"="AppIcon", "CFBundleIconName"="AppIcon", "CFBundleIdentifier"="com.peachcommander.app", "CFBundleInfoDictionaryVersion"="6.0", "CFBundleName"="PeachCommander", "CFBundleNameLowerCase"="peachcommander", "CFBundleNumericVersion"=402685952, "CFBundlePackageType"="APPL", "CFBundleShortVersionString"="0.9.0", "CFBun<…>
2026-09-14 13:55:54.151 Df PeachCommander[23883:133ef] [com.apple.xpc:connection] [0xad2ace580] activating connection: mach=true listener=false peer=false name=com.apple.FileCoordination
2026-09-14 13:55:54.151 Df PeachCommander[23883:133f8] [com.apple.foundation.filecoordination:presenter] Adding presenter 59B50D84-F236-4A3E-8084-54AA70F152B5 for URL: <private>
2026-09-14 13:55:54.151 I  PeachCommander[23883:133ef] [com.apple.launchservices:cas] information in shared memory for 0x0-0x13d13d with seed 535 was still valid, so using cached info { "ApplicationType"="Foreground", "BuildMachineOSBuild"="25E246", "BundleIdentifierLowerCase"="com.peachcommander.app", "CFBundleDevelopmentRegion"="en", "CFBundleDocumentTypes"=( { "CFBundleTypeName"="Peach Commander Plugin Package", "CFBundleTypeRole"="Viewer", "LSHandlerRank"="Owner", "LSItemContentTypes"=( "com.peachcommander.plugin-package") }), "CFBundleExecutable"="PeachCommander", "CFBundleExecutablePath"="/Users/admin/pc-test/PeachCommander.app/Contents/MacOS/PeachCommander", "CFBundleExecutablePathDeviceID"=16777227, "CFBundleExecutablePathINode"=488284, "CFBundleHelpBookFolder"="PeachCommander.help", "CFBundleHelpBookName"="Peach Commander Help", "CFBundleIconFile"="AppIcon", "CFBundleIconName"="AppIcon", "CFBundleIdentifier"="com.peachcommander.app", "CFBundleInfoDictionaryVersion"="6.0", "CFBundleName"="PeachCommander", "CFBundleNameLowerCase"="peachcommander", "CFBundleNumericVersion"=402685952, "CFBundlePackageType"="APPL", "CFBundleShortVersionString"="0.9.0", "CFBun<…>
2026-09-14 13:55:54.154 I  PeachCommander[23883:133ef] [com.apple.AppKit:Window] order all windows front 1607713080916
2026-09-14 13:55:54.154 I  PeachCommander[23883:133ef] [com.apple.launchservices:cas] information in shared memory for 0x0-0x13d13d with seed 535 was still valid, so using cached info { "ApplicationType"="Foreground", "BuildMachineOSBuild"="25E246", "BundleIdentifierLowerCase"="com.peachcommander.app", "CFBundleDevelopmentRegion"="en", "CFBundleDocumentTypes"=( { "CFBundleTypeName"="Peach Commander Plugin Package", "CFBundleTypeRole"="Viewer", "LSHandlerRank"="Owner", "LSItemContentTypes"=( "com.peachcommander.plugin-package") }), "CFBundleExecutable"="PeachCommander", "CFBundleExecutablePath"="/Users/admin/pc-test/PeachCommander.app/Contents/MacOS/PeachCommander", "CFBundleExecutablePathDeviceID"=16777227, "CFBundleExecutablePathINode"=488284, "CFBundleHelpBookFolder"="PeachCommander.help", "CFBundleHelpBookName"="Peach Commander Help", "CFBundleIconFile"="AppIcon", "CFBundleIconName"="AppIcon", "CFBundleIdentifier"="com.peachcommander.app", "CFBundleInfoDictionaryVersion"="6.0", "CFBundleName"="PeachCommander", "CFBundleNameLowerCase"="peachcommander", "CFBundleNumericVersion"=402685952, "CFBundlePackageType"="APPL", "CFBundleShortVersionString"="0.9.0", "CFBun<…>
2026-09-14 13:55:54.154 I  PeachCommander[23883:133ef] [com.apple.showhide:pr-59900543] SHOWHIDE: CONFIRM, id=528, err=0
2026-09-14 13:55:54.154 I  PeachCommander[23883:133ef] [com.apple.AppKit:Window] context (0 -> 88fdc5f2) for window 4ef
2026-09-14 13:55:54.154 I  PeachCommander[23883:133ef] [com.apple.AppKit:Window] context (0 -> fc7be17d) for window 4ee
2026-09-14 13:55:54.154 I  PeachCommander[23883:133ef] [com.apple.AppKit:Window] context (0 -> a311690d) for window 4ed
2026-09-14 13:55:54.154 I  PeachCommander[23883:133ef] [com.apple.AppKit:Window] context (0 -> 2b613e06) for window 4ec
2026-09-14 13:55:54.170 I  PeachCommander[23883:133ef] [com.apple.iconservices:foundation] layer data size zero
2026-09-14 13:55:54.178 Df PeachCommander[23883:133ef] [com.apple.AppKit:AutomaticTermination] void _updateToReflectAutomaticTerminationState(void) Setting _kLSApplicationWouldBeTerminatedByTALKey=0
2026-09-14 13:55:54.178 I  PeachCommander[23883:133ef] [com.apple.runningboard:assertion] Acquiring assertion: <RBSAssertionDescriptor| "AppNap adapter assertion" ID:(null) target:23883>
2026-09-14 13:55:54.212 A  PeachCommander[23883:133fc] (RunningBoardServices) didChangeInheritances
2026-09-14 13:55:54.239 Df PeachCommander[23883:133ef] [com.apple.libsystem.libdispatch:] DEPRECATED USE in libdispatch client: dispatch source activated with no event handler set; set a breakpoint on _dispatch_bug_deprecated to debug
2026-09-14 13:55:54.329 I  PeachCommander[23883:133ef] [com.apple.coreanimation:Utilities] IOSurface Compression Enabled: NO
2026-09-14 13:55:54.330 Df PeachCommander[23883:133f7] [com.apple.coreanimation:Metal] Precompiled pipelines disabled on unsupported hardware.
2026-09-14 13:55:54.341 I  PeachCommander[23883:133ef] [com.apple.CarbonCore:gestalt] SetGestaltValuesBulk SetGestaltValuesBulk( count=22 tuples=0x184a9e650
2026-09-14 13:55:54.341 I  PeachCommander[23883:133ef] [com.apple.CarbonCore:gestalt] SetGestaltValue SetGestaltValue(alis 1C9) => 0
2026-09-14 13:55:54.341 I  PeachCommander[23883:133ef] [com.apple.CarbonCore:gestalt] SetGestaltValue SetGestaltValue(os   FE) => 0
2026-09-14 13:55:54.341 I  PeachCommander[23883:133ef] [com.apple.CarbonCore:gestalt] SetGestaltValue SetGestaltValue(addr 7) => 0
2026-09-14 13:55:54.341 I  PeachCommander[23883:133ef] [com.apple.CarbonCore:gestalt] SetGestaltValue SetGestaltValue(fs   3D332) => 0
2026-09-14 13:55:54.341 I  PeachCommander[23883:133ef] [com.apple.CarbonCore:gestalt] SetGestaltValue SetGestaltValue(fold 11) => 0
2026-09-14 13:55:54.341 I  PeachCommander[23883:133ef] [com.apple.CarbonCore:gestalt] SetGestaltValue SetGestaltValue(lram 7FFFF000) => 0
2026-09-14 13:55:54.341 I  PeachCommander[23883:133ef] [com.apple.CarbonCore:gestalt] SetGestaltValue SetGestaltValue(mmap 1) => 0
2026-09-14 13:55:54.341 I  PeachCommander[23883:133ef] [com.apple.CarbonCore:gestalt] SetGestaltValue SetGestaltValue(cfrg 1) => 0
2026-09-14 13:55:54.341 I  PeachCommander[23883:133ef] [com.apple.CarbonCore:gestalt] SetGestaltValue SetGestaltValue(thds 7) => 0
2026-09-14 13:55:54.341 I  PeachCommander[23883:133ef] [com.apple.CarbonCore:gestalt] SetGestaltValue SetGestaltValue(tmgr E) => 0
2026-09-14 13:55:54.341 I  PeachCommander[23883:133ef] [com.apple.CarbonCore:gestalt] SetGestaltValue SetGestaltValue(vers 7) => 0
2026-09-14 13:55:54.341 I  PeachCommander[23883:133ef] [com.apple.CarbonCore:gestalt] SetGestaltValue SetGestaltValue(cbon 160) => 0
2026-09-14 13:55:54.341 I  PeachCommander[23883:133ef] [com.apple.CarbonCore:gestalt] SetGestaltValue SetGestaltValue(cltn 1108000) => 0
2026-09-14 13:55:54.341 I  PeachCommander[23883:133ef] [com.apple.CarbonCore:gestalt] SetGestaltValue SetGestaltValue(cpnt 8) => 0
2026-09-14 13:55:54.341 I  PeachCommander[23883:133ef] [com.apple.CarbonCore:gestalt] SetGestaltValue SetGestaltValue(rsrc 3) => 0
2026-09-14 13:55:54.341 I  PeachCommander[23883:133ef] [com.apple.CarbonCore:gestalt] SetGestaltValue SetGestaltValue(rmbg 11F) => 0
2026-09-14 13:55:54.341 I  PeachCommander[23883:133ef] [com.apple.CarbonCore:gestalt] SetGestaltValue SetGestaltValue(vm   11) => 0
2026-09-14 13:55:54.341 I  PeachCommander[23883:133ef] [com.apple.CarbonCore:gestalt] SetGestaltValue SetGestaltValue(srad 4170706C) => 0
2026-09-14 13:55:54.341 I  PeachCommander[23883:133ef] [com.apple.CarbonCore:gestalt] SetGestaltValue SetGestaltValue(sysa 14) => 0
2026-09-14 13:55:54.341 I  PeachCommander[23883:133ef] [com.apple.CarbonCore:gestalt] SetGestaltValue SetGestaltValue(copl 9) => 0
2026-09-14 13:55:54.341 I  PeachCommander[23883:133ef] [com.apple.CarbonCore:gestalt] SetGestaltValue SetGestaltValue(xlat 0) => 0
2026-09-14 13:55:54.341 I  PeachCommander[23883:133ef] [com.apple.CarbonCore:gestalt] SetGestaltValue SetGestaltValue(stdf 0) => 0
2026-09-14 13:55:54.341 I  PeachCommander[23883:133ef] [com.apple.CarbonCore:gestalt] _NewGestalt _NewGestalt(ram  0x184a17644) => 0
2026-09-14 13:55:54.341 I  PeachCommander[23883:133ef] [com.apple.CarbonCore:gestalt] _NewGestalt _NewGestalt(ramm 0x184a17644) => 0
2026-09-14 13:55:54.341 I  PeachCommander[23883:133ef] [com.apple.CarbonCore:gestalt] _NewGestalt _NewGestalt(cput 0x184a17734) => 0
2026-09-14 13:55:54.341 I  PeachCommander[23883:133ef] [com.apple.CarbonCore:gestalt] _NewGestalt _NewGestalt(cpuf 0x184a17764) => 0
2026-09-14 13:55:54.341 I  PeachCommander[23883:133ef] [com.apple.CarbonCore:gestalt] _NewGestalt _NewGestalt(bclk 0x184a17794) => 0
2026-09-14 13:55:54.341 I  PeachCommander[23883:133ef] [com.apple.CarbonCore:gestalt] _NewGestalt _NewGestalt(bclm 0x184a17794) => 0
2026-09-14 13:55:54.341 I  PeachCommander[23883:133ef] [com.apple.CarbonCore:gestalt] _NewGestalt _NewGestalt(pclk 0x184a17834) => 0
2026-09-14 13:55:54.341 I  PeachCommander[23883:133ef] [com.apple.CarbonCore:gestalt] _NewGestalt _NewGestalt(mclk 0x184a17834) => 0
2026-09-14 13:55:54.341 I  PeachCommander[23883:133ef] [com.apple.CarbonCore:gestalt] _NewGestalt _NewGestalt(a/ux 0x184a1794c) => 0
2026-09-14 13:55:54.341 I  PeachCommander[23883:133ef] [com.apple.CarbonCore:gestalt] _NewGestalt _NewGestalt(pgsz 0x184a17954) => 0
2026-09-14 13:55:54.341 I  PeachCommander[23883:133ef] [com.apple.CarbonCore:gestalt] _NewGestalt _NewGestalt(csiz 0x184a17994) => 0
2026-09-14 13:55:54.341 I  PeachCommander[23883:133ef] [com.apple.CarbonCore:gestalt] _NewGestalt _NewGestalt(sysv 0x1849c2dfc) => 0
2026-09-14 13:55:54.341 I  PeachCommander[23883:133ef] [com.apple.CarbonCore:gestalt] _NewGestalt _NewGestalt(sys1 0x1849c2dfc) => 0
2026-09-14 13:55:54.341 I  PeachCommander[23883:133ef] [com.apple.CarbonCore:gestalt] _NewGestalt _NewGestalt(sys2 0x1849c2dfc) => 0
2026-09-14 13:55:54.341 I  PeachCommander[23883:133ef] [com.apple.CarbonCore:gestalt] _NewGestalt _NewGestalt(sys3 0x1849c2dfc) => 0
2026-09-14 13:55:54.341 I  PeachCommander[23883:133ef] [com.apple.CarbonCore:gestalt] _NewGestalt _NewGestalt(cdfl 0x184a179d4) => 0
2026-09-14 13:55:54.341 I  PeachCommander[23883:133ef] [com.apple.CarbonCore:gestalt] _NewGestalt _NewGestalt(cdrm 0x184a17c30) => 0
2026-09-14 13:55:54.341 I  PeachCommander[23883:133ef] [com.apple.CarbonCore:gestalt] _NewGestalt _NewGestalt(cpus 0x184a17c78) => 0
2026-09-14 13:55:54.341 I  PeachCommander[23883:133ef] [com.apple.CarbonCore:gestalt] SetGestaltValue SetGestaltValue(swex 1) => 0
2026-09-14 13:55:54.341 Df PeachCommander[23883:133ef] [com.apple.xpc:connection] [0xad2acf980] activating connection: mach=false listener=false peer=false name=com.apple.hiservices-xpcservice
2026-09-14 13:55:54.342 I  PeachCommander[23883:133ef] [com.apple.CFPasteboard:entry] CopyData('ApplePerContextInputPasteboard' (<CFUUID 0xad24a7220> 9E020932-4422-44E3-A5DF-3C36AFCC1382) gen: -1 item: 1264739405 flavor: 'ApplePerContextInputFlavor')
2026-09-14 13:55:54.342 I  PeachCommander[23883:133ef] [com.apple.CFPasteboard:cache] Rebuilding cache for 'ApplePerContextInputPasteboard' (<CFUUID 0xad24a7220> 9E020932-4422-44E3-A5DF-3C36AFCC1382)
2026-09-14 13:55:54.342 I  PeachCommander[23883:133ef] [com.apple.CFPasteboard:general] Will request data from daemon
2026-09-14 13:55:54.342 I  PeachCommander[23883:133ef] [com.apple.CFPasteboard:exit] (not-in-cache) - result: 0 generation: 1 data (182 bytes) flags: 0
2026-09-14 13:55:54.342 I  PeachCommander[23883:133ef] [com.apple.CFPasteboard:entry] CopyData('DefaultAsciiKeyboardLayoutPasteboard' (<CFUUID 0xad2d5c9c0> 92032D44-0F62-4E5C-A9F9-1CF5F03EBA17) gen: -1 item: 1264739405 flavor: 'DefaultAsciiKeyboardLayoutFlavor')
2026-09-14 13:55:54.342 I  PeachCommander[23883:133ef] [com.apple.CFPasteboard:exit] (not-in-cache) - result: -8 generation: 0 null data flags: 0
2026-09-14 13:55:54.344 I  PeachCommander[23883:133ef] [com.apple.AppKit:Window] context (0 -> a5607301) for window 4f1
2026-09-14 13:55:54.345 Df PeachCommander[23883:133ef] [com.apple.inputmethodkitClient:Client] +[IMKClient subclass]: chose IMKClient_Modern
2026-09-14 13:55:54.345 Df PeachCommander[23883:133ef] [com.apple.BoardServices:XPCErrors] [C:2] Alloc com.apple.backboard.hid-services.xpc
2026-09-14 13:55:54.345 Df PeachCommander[23883:133ef] [com.apple.xpc:connection] [0xad2acfac0] activating connection: mach=false listener=false peer=false name=(anonymous)
2026-09-14 13:55:54.345 E  PeachCommander[23883:133fc] [com.apple.BaseBoard:Common] Unable to obtain a task name port right for pid 168: (os/kern) failure (0x5)
2026-09-14 13:55:54.345 Df PeachCommander[23883:13401] [com.apple.xpc:connection] [0xad2ace940] activating connection: mach=false listener=false peer=false name=com.apple.TextInputUI.xpc.CursorUIViewService
2026-09-14 13:55:54.345 Df PeachCommander[23883:133f7] [com.apple.xpc:connection] [0xad2ace940] invalidated after the last release of the connection object
2026-09-14 13:55:54.345 I  PeachCommander[23883:133ef] [com.apple.CFPasteboard:entry] CopyData('DefaultAsciiKeyboardLayoutPasteboard' (<CFUUID 0xad2d5c9c0> 92032D44-0F62-4E5C-A9F9-1CF5F03EBA17) gen: -1 item: 1264739405 flavor: 'DefaultAsciiKeyboardLayoutFlavor')
2026-09-14 13:55:54.345 I  PeachCommander[23883:133ef] [com.apple.CFPasteboard:exit] (not-in-cache) - result: -8 generation: 0 null data flags: 0
2026-09-14 13:55:54.346 Df PeachCommander[23883:133ef] [com.apple.xpc:connection] [0xad2ace6c0] activating connection: mach=false listener=false peer=false name=(anonymous)
2026-09-14 13:55:54.346 Df PeachCommander[23883:133ef] [com.apple.xpc:connection] [0xad2ace940] activating connection: mach=false listener=false peer=false name=com.apple.ViewBridgeAuxiliary
2026-09-14 13:55:54.346 Df PeachCommander[23883:133ef] [com.apple.xpc:connection] [0xad2ace1c0] activating connection: mach=false listener=false peer=false name=(anonymous)
2026-09-14 13:55:54.346 Df PeachCommander[23883:133ef] [com.apple.xpc:connection] [0xad2ace940] invalidated after the last release of the connection object
2026-09-14 13:55:54.361 Df PeachCommander[23883:133ef] [com.apple.TextInputUI:CursorUI] -[TUINSCursorUIController activate:]_block_invoke: Create CursorUIViewService: TUINSRemoteViewController
2026-09-14 13:55:54.361 I  PeachCommander[23883:133ef] [com.apple.AppKit:Window] window <TUINSWindow: 0xad27e8280> windowNumber=4f1 finishing close
2026-09-14 13:55:54.361 I  PeachCommander[23883:133ef] [com.apple.AppKit:Window] order window: 4f1 op: 0 relative: 0 related: 0
2026-09-14 13:55:54.362 A  PeachCommander[23883:13401] (CoreFoundation) Loading Preferences From System CFPrefsD
2026-09-14 13:55:54.368 A  PeachCommander[23883:133ef] (CoreFoundation) Loading Preferences From User CFPrefsD
2026-09-14 13:55:54.368 I  PeachCommander[23883:133ef] [com.apple.CoreAnalytics:client] Dropping "com.apple.ImageIO.readerSelection" as it isn't used in any transform (not in the config or budgeted?)
2026-09-14 13:55:54.455 I  PeachCommander[23883:133ef] [com.apple.iconservices:foundation] layer data size zero
2026-09-14 13:55:54.471 I  PeachCommander[23883:133ef] [com.apple.CoreAnalytics:client] Dropping "com.apple.appkit.app_config" as it isn't used in any transform (not in the config or budgeted?)
2026-09-14 13:55:54.471 I  PeachCommander[23883:133ef] [com.apple.SafariPlatformSupport:SafariPlatformSupport] -[SFSafariPlatformSupport credentialSelected:] with nil credential
2026-09-14 13:55:54.471 I  PeachCommander[23883:133ef] [com.apple.SafariPlatformSupport:SafariPlatformSupport] -[SFSafariPlatformSupport oneTimeCodeSelected:] with nil code
2026-09-14 13:55:54.471 Df PeachCommander[23883:13401] [com.apple.xpc:connection] [0xad2ace940] activating connection: mach=false listener=false peer=false name=com.apple.SafariPlatformSupport.Helper
2026-09-14 13:55:54.477 Df PeachCommander[23883:133ef] [com.apple.BoardServices:XPCErrors] [C:3] Alloc com.apple.backboard.hid-services.xpc
2026-09-14 13:55:54.477 Df PeachCommander[23883:133ef] [com.apple.xpc:connection] [0xad2acdcc0] activating connection: mach=false listener=false peer=false name=(anonymous)
2026-09-14 13:55:54.477 Df PeachCommander[23883:13489] [com.apple.BackBoard:EventDelivery] BKSHIDEventDeliveryManager - connection activation
2026-09-14 13:55:54.478 I  PeachCommander[23883:133ef] [com.peachcommander:PCFoundation] Session restored
2026-09-14 13:55:54.478 Df PeachCommander[23883:133ef] (Foundation) <private>
2026-09-14 13:55:54.478 I  PeachCommander[23883:133ef] [com.peachcommander:PCFoundation] [automation] running /Users/admin/auto.txt
2026-09-14 13:55:54.478 Df PeachCommander[23883:133ef] (Foundation) <private>
2026-09-14 13:55:54.478 I  PeachCommander[23883:133ef] [com.peachcommander:PCFoundation] [automation] > active left
2026-09-14 13:55:54.478 Df PeachCommander[23883:133ef] (Foundation) <private>
2026-09-14 13:55:54.478 I  PeachCommander[23883:133ef] [com.peachcommander:PCFoundation] [automation] > left /Users/admin/pc-demo
2026-09-14 13:55:54.528 Df PeachCommander[23883:133ef] [com.apple.xpc:connection] [0xad2ace080] activating connection: mach=false listener=false peer=false name=(anonymous)
2026-09-14 13:55:54.528 Df PeachCommander[23883:133ef] [com.apple.xpc:connection] [0xad2acf0c0] activating connection: mach=false listener=false peer=false name=(anonymous)
2026-09-14 13:55:54.580 I  PeachCommander[23883:133ef] [com.apple.launchservices:datasep] application record search init. Node: <FSNode 0xad3f8c540> { isDir = y, path = <private> } bundleID: (null) itemID: 0
2026-09-14 13:55:54.580 I  PeachCommander[23883:133ef] [com.apple.launchservices:datasep] application record search init. Node: <FSNode 0xad3f8c540> { isDir = y, path = <private> } bundleID: (null) itemID: 0
2026-09-14 13:55:54.580 I  PeachCommander[23883:133ef] [com.apple.SafariPlatformSupport:SafariPlatformSupport] -[SFSafariPlatformSupport credentialSelected:] with nil credential
2026-09-14 13:55:54.580 I  PeachCommander[23883:133ef] [com.apple.SafariPlatformSupport:SafariPlatformSupport] -[SFSafariPlatformSupport oneTimeCodeSelected:] with nil code
2026-09-14 13:55:54.585 I  PeachCommander[23883:13489] [com.apple.AppKit:WindowTab] Indexing 1 items
2026-09-14 13:55:54.585 A  PeachCommander[23883:13489] (CoreSpotlight) end-index-batch
2026-09-14 13:55:54.585 Df PeachCommander[23883:13489] [com.apple.corespotlight:index] *warn* MailCS ======%%% _setMailMessageAttributes skip:1
2026-09-14 13:55:54.586 A  PeachCommander[23883:13489] (CoreSpotlight) index-items
2026-09-14 13:55:54.586 Df PeachCommander[23883:13489] [com.apple.corespotlight:index] CSInlineDonation:<private>: Skipping donation (feature flag disabled)
2026-09-14 13:55:54.586 Df PeachCommander[23883:13489] [com.apple.corespotlight:index] CSInlineDonation:<private>: Skipping donation (feature flag disabled)
2026-09-14 13:55:54.696 I  PeachCommander[23883:133ef] [com.apple.HIToolbox:MBDisplays] <private>
2026-09-14 13:55:54.696 I  PeachCommander[23883:133ef] [com.apple.HIToolbox:MBDisplays] <private>
2026-09-14 13:55:54.966 Df PeachCommander[23883:133fc] [com.apple.xpc:connection] [0xad2ace940] invalidated after the last release of the connection object
2026-09-14 13:55:54.967 I  PeachCommander[23883:133ef] [com.apple.launchservices:cas] Removing cached information for app [ 0x0-0x13d13d]  "PeachCommander", as its seed is different from that in shared memory ( 535 vs 537)
2026-09-14 13:55:55.072 Df PeachCommander[23883:133ef] (Foundation) <private>
2026-09-14 13:55:55.072 I  PeachCommander[23883:133ef] [com.peachcommander:PCFoundation] [automation] > wait 1200
2026-09-14 13:55:55.090 I  PeachCommander[23883:133ef] [com.apple.AppKit:Image] ISImage reported a placeholder, image rep is providing a placeholder image for <private>
2026-09-14 13:55:55.090 I  PeachCommander[23883:133ef] [com.apple.AppKit:Image] ISImage reported a placeholder, image rep is providing a placeholder image for <private>
2026-09-14 13:55:55.091 I  PeachCommander[23883:133fc] [com.apple.iconservices:foundation] layer data size zero
2026-09-14 13:55:55.092 I  PeachCommander[23883:133ef] [com.apple.AppKit:Image] ISImage reported a placeholder, image rep is providing a placeholder image for <private>
2026-09-14 13:55:55.092 I  PeachCommander[23883:133ef] [com.apple.AppKit:Image] ISImage reported a placeholder, image rep is providing a placeholder image for <private>
2026-09-14 13:55:55.093 I  PeachCommander[23883:133ef] [com.apple.AppKit:Image] ISImage reported a placeholder, image rep is providing a placeholder image for <private>
2026-09-14 13:55:55.093 I  PeachCommander[23883:133ef] [com.apple.AppKit:Image] ISImage reported a placeholder, image rep is providing a placeholder image for <private>
2026-09-14 13:55:55.094 I  PeachCommander[23883:133ef] [com.apple.AppKit:Image] ISImage reported a placeholder, image rep is providing a placeholder image for <private>
2026-09-14 13:55:55.094 I  PeachCommander[23883:133ef] [com.apple.AppKit:Image] ISImage reported a placeholder, image rep is providing a placeholder image for <private>
2026-09-14 13:55:55.095 I  PeachCommander[23883:133ef] [com.apple.AppKit:Image] ISImage reported a placeholder, image rep is providing a placeholder image for <private>
2026-09-14 13:55:55.095 I  PeachCommander[23883:133ef] [com.apple.AppKit:Image] ISImage reported a placeholder, image rep is providing a placeholder image for <private>
2026-09-14 13:55:55.096 I  PeachCommander[23883:133ef] [com.apple.AppKit:Image] ISImage reported a placeholder, image rep is providing a placeholder image for <private>
2026-09-14 13:55:55.096 I  PeachCommander[23883:133ef] [com.apple.AppKit:Image] ISImage reported a placeholder, image rep is providing a placeholder image for <private>
2026-09-14 13:55:55.100 I  PeachCommander[23883:133f8] [com.apple.iconservices:foundation] layer data size zero
2026-09-14 13:55:55.124 I  PeachCommander[23883:133ef] [com.apple.SafariPlatformSupport:SafariPlatformSupport] -[SPSafariPlatformSupport completionListPreferredContentSizeDidUpdate] with size {0, 0}, in window that is visible
2026-09-14 13:55:55.126 I  PeachCommander[23883:133ef] [com.apple.iconservices:foundation] layer data size zero
2026-09-14 13:55:55.126 I  PeachCommander[23883:133ef] [com.apple.AppKit:Image] ISImage reported a placeholder, image rep is providing a placeholder image for <private>
2026-09-14 13:55:55.126 I  PeachCommander[23883:133ef] [com.apple.iconservices:foundation] layer data size zero
2026-09-14 13:55:55.126 I  PeachCommander[23883:133ef] [com.apple.AppKit:Image] ISImage reported a placeholder, image rep is providing a placeholder image for <private>
2026-09-14 13:55:55.126 I  PeachCommander[23883:133ef] [com.apple.iconservices:foundation] layer data size zero
2026-09-14 13:55:55.126 I  PeachCommander[23883:133ef] [com.apple.AppKit:Image] ISImage reported a placeholder, image rep is providing a placeholder image for <private>
2026-09-14 13:55:55.126 I  PeachCommander[23883:133ef] [com.apple.AppKit:Image] ISImage reported a placeholder, image rep is providing a placeholder image for <private>
2026-09-14 13:55:55.129 I  PeachCommander[23883:133ef] [com.apple.AppKit:Image] ISImage reported a placeholder, image rep is providing a placeholder image for <private>
2026-09-14 13:55:55.129 I  PeachCommander[23883:133ef] [com.apple.AppKit:Image] ISImage reported a placeholder, image rep is providing a placeholder image for <private>
2026-09-14 13:55:55.129 I  PeachCommander[23883:133ef] [com.apple.AppKit:Image] ISImage reported a placeholder, image rep is providing a placeholder image for <private>
2026-09-14 13:55:55.129 I  PeachCommander[23883:133ef] [com.apple.AppKit:Image] ISImage reported a placeholder, image rep is providing a placeholder image for <private>
2026-09-14 13:55:55.131 I  PeachCommander[23883:133ef] [com.apple.iconservices:foundation] layer data size zero
2026-09-14 13:55:55.131 I  PeachCommander[23883:133ef] [com.apple.iconservices:foundation] layer data size zero
2026-09-14 13:55:55.131 I  PeachCommander[23883:133ef] [com.apple.iconservices:foundation] layer data size zero
2026-09-14 13:55:55.131 I  PeachCommander[23883:133ef] [com.apple.iconservices:foundation] layer data size zero
2026-09-14 13:55:55.522 I  PeachCommander[23883:133ef] [com.apple.AppKit:Image] ISImage reported a placeholder, image rep is providing a placeholder image for <private>
2026-09-14 13:55:55.555 I  PeachCommander[23883:133ef] [com.apple.AppKit:Image] ISImage reported a placeholder, image rep is providing a placeholder image for <private>
2026-09-14 13:55:55.555 I  PeachCommander[23883:133ef] [com.apple.AppKit:Image] ISImage reported a placeholder, image rep is providing a placeholder image for <private>
2026-09-14 13:55:55.555 I  PeachCommander[23883:13402] [com.apple.iconservices:foundation] layer data size zero
2026-09-14 13:55:55.650 I  PeachCommander[23883:133fc] [com.apple.AppKit:WindowTab] Indexing 1 items
2026-09-14 13:55:55.650 A  PeachCommander[23883:133fc] (CoreSpotlight) end-index-batch
2026-09-14 13:55:55.650 A  PeachCommander[23883:133fc] (CoreSpotlight) index-items
2026-09-14 13:55:55.650 Df PeachCommander[23883:133fc] [com.apple.corespotlight:index] CSInlineDonation:<private>: Skipping donation (feature flag disabled)
2026-09-14 13:55:55.650 Df PeachCommander[23883:133fc] [com.apple.corespotlight:index] CSInlineDonation:<private>: Skipping donation (feature flag disabled)
2026-09-14 13:55:56.331 Df PeachCommander[23883:133ef] (Foundation) <private>
2026-09-14 13:55:56.331 I  PeachCommander[23883:133ef] [com.peachcommander:PCFoundation] [automation] > findviewhit report.txt|Revenue|/Users/admin/pc-demo|/Users/admin/seed-on.txt
2026-09-14 13:55:56.375 I  PeachCommander[23883:133ef] [com.apple.AppKit:Window] context (0 -> f3b26cea) for window 4f4
2026-09-14 13:55:56.412 I  PeachCommander[23883:133ef] [com.apple.CFPasteboard:entry] CopyData('DefaultAsciiKeyboardLayoutPasteboard' (<CFUUID 0xad2d5c9c0> 92032D44-0F62-4E5C-A9F9-1CF5F03EBA17) gen: -1 item: 1264739405 flavor: 'DefaultAsciiKeyboardLayoutFlavor')
2026-09-14 13:55:56.412 I  PeachCommander[23883:133ef] [com.apple.CFPasteboard:exit] (not-in-cache) - result: -8 generation: 0 null data flags: 0
2026-09-14 13:55:56.442 I  PeachCommander[23883:133ef] [com.apple.AppKit:Window] order window front conditionally: 4f4 related: 0
2026-09-14 13:55:56.816 I  PeachCommander[23883:133f8] [com.apple.AppKit:WindowTab] Indexing 2 items
2026-09-14 13:55:56.816 A  PeachCommander[23883:133f8] (CoreSpotlight) end-index-batch
2026-09-14 13:55:56.817 A  PeachCommander[23883:133f8] (CoreSpotlight) index-items
2026-09-14 13:55:56.817 Df PeachCommander[23883:133f8] [com.apple.corespotlight:index] CSInlineDonation:<private>: Skipping donation (feature flag disabled)
2026-09-14 13:55:56.817 Df PeachCommander[23883:133f8] [com.apple.corespotlight:index] CSInlineDonation:<private>: Skipping donation (feature flag disabled)
2026-09-14 13:55:59.761 I  PeachCommander[23883:133ef] [com.apple.AppKit:Animation] Running new animation: <private>
2026-09-14 13:55:59.761 I  PeachCommander[23883:133ef] [com.apple.AppKit:Animation] Running new animation: <private>
2026-09-14 13:55:59.761 I  PeachCommander[23883:133ef] [com.apple.AppKit:Animation] Running new animation: <private>
2026-09-14 13:55:59.761 I  PeachCommander[23883:133ef] [com.apple.AppKit:Animation] Running new animation: <private>
2026-09-14 13:55:59.761 I  PeachCommander[23883:133ef] [com.apple.AppKit:Animation] Running new animation: <private>
2026-09-14 13:55:59.767 I  PeachCommander[23883:133ef] [com.apple.AppKit:Window] context (0 -> f8e59422) for window 4f5
2026-09-14 13:55:59.771 I  PeachCommander[23883:133ef] [com.apple.AppKit:Animation] Running new animation: <private>
2026-09-14 13:55:59.772 I  PeachCommander[23883:133ef] [com.apple.AppKit:Animation] Running new animation: <private>
2026-09-14 13:55:59.772 I  PeachCommander[23883:133ef] [com.apple.AppKit:Animation] Running new animation: <private>
2026-09-14 13:55:59.772 I  PeachCommander[23883:133ef] [com.apple.AppKit:Animation] Running new animation: <private>
2026-09-14 13:55:59.772 I  PeachCommander[23883:133ef] [com.apple.AppKit:Animation] Running new animation: <private>
2026-09-14 13:55:59.798 I  PeachCommander[23883:133ef] [com.apple.CFPasteboard:entry] CopyItemsAndFlavors('Apple CFPasteboard find (<CFUUID 0xad23d7c60> DD02C06F-C484-4491-95EC-87C1DB35592E)' gen: -1)
2026-09-14 13:55:59.798 I  PeachCommander[23883:133ef] [com.apple.CFPasteboard:cache] Rebuilding cache for 'Apple CFPasteboard find' (<CFUUID 0xad23d7c60> DD02C06F-C484-4491-95EC-87C1DB35592E)
2026-09-14 13:55:59.798 I  PeachCommander[23883:133ef] [com.apple.CFPasteboard:exit] result: 0, gen: -1 item-count: 2 flavor-count: 2 (-1 means nil)
2026-09-14 13:55:59.798 I  PeachCommander[23883:133ef] [com.apple.CFPasteboard:entry] GetDataFlags('Apple CFPasteboard find' (<CFUUID 0xad23d7c60> DD02C06F-C484-4491-95EC-87C1DB35592E) gen: -1  item: 789514, flavor: 'public.utf8-plain-text')
2026-09-14 13:55:59.798 I  PeachCommander[23883:133ef] [com.apple.CFPasteboard:exit] result: 0 flags: 20000000
2026-09-14 13:55:59.798 I  PeachCommander[23883:133ef] [com.apple.CFPasteboard:entry] GetDataFlags('Apple CFPasteboard find' (<CFUUID 0xad23d7c60> DD02C06F-C484-4491-95EC-87C1DB35592E) gen: -1  item: 789514, flavor: 'com.apple.cocoa.pasteboard.find-panel-search-options')
2026-09-14 13:55:59.798 I  PeachCommander[23883:133ef] [com.apple.CFPasteboard:exit] result: 0 flags: 20000000
2026-09-14 13:55:59.798 Df PeachCommander[23883:133ef] [com.apple.AppKit:Pasteboard] NSPasteboard (name: Apple CFPasteboard find): data requested for type NSStringPboardType at index 0
2026-09-14 13:55:59.798 I  PeachCommander[23883:133ef] [com.apple.CFPasteboard:entry] GetItemCount('Apple CFPasteboard find' (<CFUUID 0xad23d7c60> DD02C06F-C484-4491-95EC-87C1DB35592E) gen: -1)
2026-09-14 13:55:59.798 I  PeachCommander[23883:133ef] [com.apple.CFPasteboard:exit] result: 0 gen: 1 count: 1
2026-09-14 13:55:59.798 I  PeachCommander[23883:133ef] [com.apple.CFPasteboard:entry] CopyItemsAndFlavors('Apple CFPasteboard find (<CFUUID 0xad23d7c60> DD02C06F-C484-4491-95EC-87C1DB35592E)' gen: -1)
2026-09-14 13:55:59.798 I  PeachCommander[23883:133ef] [com.apple.CFPasteboard:exit] result: 0, gen: -1 item-count: 2 flavor-count: 2 (-1 means nil)
2026-09-14 13:55:59.798 I  PeachCommander[23883:133ef] [com.apple.CFPasteboard:entry] CopyData('Apple CFPasteboard find' (<CFUUID 0xad23d7c60> DD02C06F-C484-4491-95EC-87C1DB35592E) gen: 1 item: 789514 flavor: 'public.utf8-plain-text')
2026-09-14 13:55:59.798 I  PeachCommander[23883:133ef] [com.apple.CFPasteboard:general] Will request data from daemon
2026-09-14 13:55:59.799 I  PeachCommander[23883:133ef] [com.apple.CFPasteboard:exit] (not-in-cache) - result: 0 generation: 1 data (0 bytes) flags: 20000000
2026-09-14 13:55:59.799 I  PeachCommander[23883:133ef] [com.apple.inputAnalytics.client:IATextInputActions] initWithAnalyticsMetadataObserver service
2026-09-14 13:55:59.800 I  PeachCommander[23883:133ef] [com.apple.CFPasteboard:entry] BeginGeneration('Apple CFPasteboard find' (<CFUUID 0xad23d7c60> DD02C06F-C484-4491-95EC-87C1DB35592E))
2026-09-14 13:55:59.800 I  PeachCommander[23883:133ef] [com.apple.CFPasteboard:exit] result: 0 generation: 2
2026-09-14 13:55:59.800 I  PeachCommander[23883:133ef] [com.apple.CFPasteboard:entry] SetData('Apple CFPasteboard find' (<CFUUID 0xad23d7c60> DD02C06F-C484-4491-95EC-87C1DB35592E) gen: 2 item: 789514 flavor: 'public.utf8-plain-text') local-gen: 2
2026-09-14 13:55:59.800 I  PeachCommander[23883:133ef] [com.apple.CFPasteboard:entry] _SetData('Apple CFPasteboard find' (<CFUUID 0xad23d7c60> DD02C06F-C484-4491-95EC-87C1DB35592E) gen: 2 item: 789514 flavor: 'public.utf8-plain-text' data: 7 bytes flags: 20000000) local-gen: 2
2026-09-14 13:55:59.800 I  PeachCommander[23883:133ef] [com.apple.CFPasteboard:exit] Successfully set data (new-entry)
2026-09-14 13:55:59.800 I  PeachCommander[23883:133ef] [com.apple.CFPasteboard:general] Flushing 1 pending entries for pboard 'Apple CFPasteboard find' (<CFUUID 0xad23d7c60> DD02C06F-C484-4491-95EC-87C1DB35592E) generation: 2.
2026-09-14 13:55:59.800 I  PeachCommander[23883:133ef] [com.apple.CFPasteboard:exit] result: 0
2026-09-14 13:55:59.801 Df PeachCommander[23883:133ef] [com.apple.xpc:connection] [0xad1b8c280] activating connection: mach=true listener=false peer=false name=com.apple.pbs.fetch_services
2026-09-14 13:55:59.801 Df PeachCommander[23883:133ef] [com.apple.xpc:connection] [0xad1b8c280] invalidated after the last release of the connection object
2026-09-14 13:55:59.801 A  PeachCommander[23883:133ef] (CoreFoundation) Loading Preferences From User CFPrefsD
2026-09-14 13:55:59.803 A  PeachCommander[23883:133ef] (CoreFoundation) Updating Key-Value Observers Of Preferences
2026-09-14 13:55:59.804 I  PeachCommander[23883:133ef] [com.apple.CFPasteboard:entry] BeginGeneration('Apple CFPasteboard find' (<CFUUID 0xad23d7c60> DD02C06F-C484-4491-95EC-87C1DB35592E))
2026-09-14 13:55:59.805 I  PeachCommander[23883:133ef] [com.apple.CFPasteboard:exit] result: 0 generation: 3
2026-09-14 13:55:59.805 I  PeachCommander[23883:133ef] [com.apple.CFPasteboard:entry] PromiseDataUsingBlock('Apple CFPasteboard find' (<CFUUID 0xad23d7c60> DD02C06F-C484-4491-95EC-87C1DB35592E) gen: 3 item: 789514 flavor: 'public.utf8-plain-text')
2026-09-14 13:55:59.805 I  PeachCommander[23883:133ef] [com.apple.CFPasteboard:exit] Successfully promised data (new-entry)
2026-09-14 13:55:59.805 I  PeachCommander[23883:133ef] [com.apple.CFPasteboard:exit] result: 0
2026-09-14 13:55:59.805 I  PeachCommander[23883:133ef] [com.apple.CFPasteboard:entry] PromiseDataUsingBlock('Apple CFPasteboard find' (<CFUUID 0xad23d7c60> DD02C06F-C484-4491-95EC-87C1DB35592E) gen: 3 item: 789514 flavor: 'com.apple.cocoa.pasteboard.find-panel-search-options')
2026-09-14 13:55:59.805 I  PeachCommander[23883:133ef] [com.apple.CFPasteboard:exit] Successfully promised data (new-entry)
2026-09-14 13:55:59.805 I  PeachCommander[23883:133ef] [com.apple.CFPasteboard:exit] result: 0
2026-09-14 13:55:59.805 I  PeachCommander[23883:133ef] [com.apple.CFPasteboard:entry] SetData('Apple CFPasteboard find' (<CFUUID 0xad23d7c60> DD02C06F-C484-4491-95EC-87C1DB35592E) gen: 3 item: 789514 flavor: 'public.utf8-plain-text') local-gen: 3
2026-09-14 13:55:59.805 I  PeachCommander[23883:133ef] [com.apple.CFPasteboard:entry] _SetData('Apple CFPasteboard find' (<CFUUID 0xad23d7c60> DD02C06F-C484-4491-95EC-87C1DB35592E) gen: 3 item: 789514 flavor: 'public.utf8-plain-text' data: 7 bytes flags: 20000000) local-gen: 3
2026-09-14 13:55:59.805 I  PeachCommander[23883:133ef] [com.apple.CFPasteboard:promise] Promise fulfilled - 7 bytes for 'Apple CFPasteboard find' gen: 3 of flavor: 'public.utf8-plain-text'
2026-09-14 13:55:59.805 I  PeachCommander[23883:133ef] [com.apple.CFPasteboard:exit] Successfully set data (cache)
2026-09-14 13:55:59.805 I  PeachCommander[23883:133ef] [com.apple.CFPasteboard:general] Flushing 2 pending entries synchronously for pboard 'Apple CFPasteboard find' (<CFUUID 0xad23d7c60> DD02C06F-C484-4491-95EC-87C1DB35592E) generation: 3.
2026-09-14 13:55:59.805 I  PeachCommander[23883:133ef] [com.apple.CFPasteboard:exit] result: 0
2026-09-14 13:55:59.805 I  PeachCommander[23883:133ef] [com.apple.CFPasteboard:entry] SetData('Apple CFPasteboard find' (<CFUUID 0xad23d7c60> DD02C06F-C484-4491-95EC-87C1DB35592E) gen: 3 item: 789514 flavor: 'com.apple.cocoa.pasteboard.find-panel-search-options') local-gen: 3
2026-09-14 13:55:59.805 I  PeachCommander[23883:133ef] [com.apple.CFPasteboard:entry] _SetData('Apple CFPasteboard find' (<CFUUID 0xad23d7c60> DD02C06F-C484-4491-95EC-87C1DB35592E) gen: 3 item: 789514 flavor: 'com.apple.cocoa.pasteboard.find-panel-search-options' data: 116 bytes flags: 20000000) local-gen: 3
2026-09-14 13:55:59.805 I  PeachCommander[23883:133ef] [com.apple.CFPasteboard:promise] Promise fulfilled - 116 bytes for 'Apple CFPasteboard find' gen: 3 of flavor: 'com.apple.cocoa.pasteboard.find-panel-search-options'
2026-09-14 13:55:59.805 I  PeachCommander[23883:133ef] [com.apple.CFPasteboard:exit] Successfully set data (cache)
2026-09-14 13:55:59.805 I  PeachCommander[23883:133ef] [com.apple.CFPasteboard:general] Flushing 1 pending entries synchronously for pboard 'Apple CFPasteboard find' (<CFUUID 0xad23d7c60> DD02C06F-C484-4491-95EC-87C1DB35592E) generation: 3.
2026-09-14 13:55:59.805 I  PeachCommander[23883:133ef] [com.apple.CFPasteboard:exit] result: 0
2026-09-14 13:55:59.820 I  PeachCommander[23883:133ef] [com.apple.CFPasteboard:entry] CopyItemsAndFlavors('Apple CFPasteboard find (<CFUUID 0xad23d7c60> DD02C06F-C484-4491-95EC-87C1DB35592E)' gen: -1)
2026-09-14 13:55:59.820 I  PeachCommander[23883:133ef] [com.apple.CFPasteboard:exit] result: 0, gen: -1 item-count: 2 flavor-count: 2 (-1 means nil)
2026-09-14 13:55:59.821 I  PeachCommander[23883:133ef] [com.apple.CFPasteboard:entry] GetDataFlags('Apple CFPasteboard find' (<CFUUID 0xad23d7c60> DD02C06F-C484-4491-95EC-87C1DB35592E) gen: -1  item: 789514, flavor: 'public.utf8-plain-text')
2026-09-14 13:55:59.821 I  PeachCommander[23883:133ef] [com.apple.CFPasteboard:exit] result: 0 flags: 20000000
2026-09-14 13:55:59.821 I  PeachCommander[23883:133ef] [com.apple.CFPasteboard:entry] GetDataFlags('Apple CFPasteboard find' (<CFUUID 0xad23d7c60> DD02C06F-C484-4491-95EC-87C1DB35592E) gen: -1  item: 789514, flavor: 'com.apple.cocoa.pasteboard.find-panel-search-options')
2026-09-14 13:55:59.821 I  PeachCommander[23883:133ef] [com.apple.CFPasteboard:exit] result: 0 flags: 20000000
2026-09-14 13:55:59.821 Df PeachCommander[23883:133ef] [com.apple.AppKit:Pasteboard] NSPasteboard (name: Apple CFPasteboard find): data requested for type NSStringPboardType at index 0
2026-09-14 13:55:59.821 I  PeachCommander[23883:133ef] [com.apple.CFPasteboard:entry] GetItemCount('Apple CFPasteboard find' (<CFUUID 0xad23d7c60> DD02C06F-C484-4491-95EC-87C1DB35592E) gen: -1)
2026-09-14 13:55:59.821 I  PeachCommander[23883:133ef] [com.apple.CFPasteboard:exit] result: 0 gen: 3 count: 1
2026-09-14 13:55:59.821 I  PeachCommander[23883:133ef] [com.apple.CFPasteboard:entry] CopyItemsAndFlavors('Apple CFPasteboard find (<CFUUID 0xad23d7c60> DD02C06F-C484-4491-95EC-87C1DB35592E)' gen: -1)
2026-09-14 13:55:59.821 I  PeachCommander[23883:133ef] [com.apple.CFPasteboard:exit] result: 0, gen: -1 item-count: 2 flavor-count: 2 (-1 means nil)
2026-09-14 13:55:59.821 I  PeachCommander[23883:133ef] [com.apple.CFPasteboard:entry] CopyData('Apple CFPasteboard find' (<CFUUID 0xad23d7c60> DD02C06F-C484-4491-95EC-87C1DB35592E) gen: 3 item: 789514 flavor: 'public.utf8-plain-text')
2026-09-14 13:55:59.821 I  PeachCommander[23883:133ef] [com.apple.CFPasteboard:exit] (cache) - result: 0 generation: 3 data (7 bytes) flags: 20000000
2026-09-14 13:55:59.821 Df PeachCommander[23883:133ef] [com.apple.AppKit:Pasteboard] NSPasteboard (name: Apple CFPasteboard find): data requested for type com.apple.cocoa.pasteboard.find-panel-search-options at index 0
2026-09-14 13:55:59.821 I  PeachCommander[23883:133ef] [com.apple.CFPasteboard:entry] CopyItemsAndFlavors('Apple CFPasteboard find (<CFUUID 0xad23d7c60> DD02C06F-C484-4491-95EC-87C1DB35592E)' gen: -1)
2026-09-14 13:55:59.821 I  PeachCommander[23883:133ef] [com.apple.CFPasteboard:exit] result: 0, gen: -1 item-count: 2 flavor-count: 2 (-1 means nil)
2026-09-14 13:55:59.821 I  PeachCommander[23883:133ef] [com.apple.CFPasteboard:entry] CopyData('Apple CFPasteboard find' (<CFUUID 0xad23d7c60> DD02C06F-C484-4491-95EC-87C1DB35592E) gen: 3 item: 789514 flavor: 'com.apple.cocoa.pasteboard.find-panel-search-options')
2026-09-14 13:55:59.821 I  PeachCommander[23883:133ef] [com.apple.CFPasteboard:exit] (cache) - result: 0 generation: 3 data (116 bytes) flags: 20000000
2026-09-14 13:55:59.821 Df PeachCommander[23883:133ef] [com.apple.AppKit:Pasteboard] NSPasteboard (name: Apple CFPasteboard find): data requested for type NSStringPboardType at index 0
2026-09-14 13:55:59.821 I  PeachCommander[23883:133ef] [com.apple.CFPasteboard:entry] GetItemCount('Apple CFPasteboard find' (<CFUUID 0xad23d7c60> DD02C06F-C484-4491-95EC-87C1DB35592E) gen: -1)
2026-09-14 13:55:59.821 I  PeachCommander[23883:133ef] [com.apple.CFPasteboard:exit] result: 0 gen: 3 count: 1
2026-09-14 13:55:59.821 I  PeachCommander[23883:133ef] [com.apple.CFPasteboard:entry] CopyItemsAndFlavors('Apple CFPasteboard find (<CFUUID 0xad23d7c60> DD02C06F-C484-4491-95EC-87C1DB35592E)' gen: -1)
2026-09-14 13:55:59.821 I  PeachCommander[23883:133ef] [com.apple.CFPasteboard:exit] result: 0, gen: -1 item-count: 2 flavor-count: 2 (-1 means nil)
2026-09-14 13:55:59.821 I  PeachCommander[23883:133ef] [com.apple.CFPasteboard:entry] CopyData('Apple CFPasteboard find' (<CFUUID 0xad23d7c60> DD02C06F-C484-4491-95EC-87C1DB35592E) gen: 3 item: 789514 flavor: 'public.utf8-plain-text')
2026-09-14 13:55:59.821 I  PeachCommander[23883:133ef] [com.apple.CFPasteboard:exit] (cache) - result: 0 generation: 3 data (7 bytes) flags: 20000000
2026-09-14 13:55:59.821 Df PeachCommander[23883:133ef] [com.apple.AppKit:Pasteboard] NSPasteboard (name: Apple CFPasteboard find): data requested for type com.apple.cocoa.pasteboard.find-panel-search-options at index 0
2026-09-14 13:55:59.821 I  PeachCommander[23883:133ef] [com.apple.CFPasteboard:entry] CopyItemsAndFlavors('Apple CFPasteboard find (<CFUUID 0xad23d7c60> DD02C06F-C484-4491-95EC-87C1DB35592E)' gen: -1)
2026-09-14 13:55:59.821 I  PeachCommander[23883:133ef] [com.apple.CFPasteboard:exit] result: 0, gen: -1 item-count: 2 flavor-count: 2 (-1 means nil)
2026-09-14 13:55:59.821 I  PeachCommander[23883:133ef] [com.apple.CFPasteboard:entry] CopyData('Apple CFPasteboard find' (<CFUUID 0xad23d7c60> DD02C06F-C484-4491-95EC-87C1DB35592E) gen: 3 item: 789514 flavor: 'com.apple.cocoa.pasteboard.find-panel-search-options')
2026-09-14 13:55:59.821 I  PeachCommander[23883:133ef] [com.apple.CFPasteboard:exit] (cache) - result: 0 generation: 3 data (116 bytes) flags: 20000000
2026-09-14 13:55:59.850 I  PeachCommander[23883:133ef] [com.apple.AppKit:Animation] Running new animation: <private>
2026-09-14 13:55:59.850 I  PeachCommander[23883:133ef] [com.apple.AppKit:Animation] Running new animation: <private>
2026-09-14 13:55:59.850 I  PeachCommander[23883:133ef] [com.apple.AppKit:Animation] Running new animation: <private>
2026-09-14 13:55:59.850 I  PeachCommander[23883:133ef] [com.apple.AppKit:Animation] Running new animation: <private>
2026-09-14 13:55:59.850 I  PeachCommander[23883:133ef] [com.apple.AppKit:Animation] Running new animation: <private>
2026-09-14 13:55:59.851 Df PeachCommander[23883:133ef] [com.apple.TextInputUI:CursorUI] -[TUINSCursorUIController scheduleUpdateCursorLocation]
2026-09-14 13:55:59.851 Df PeachCommander[23883:133ef] [com.apple.TextInputUI:CursorUI] -[TUINSCursorUIController scheduleUpdateCursorLocation]
2026-09-14 13:55:59.851 I  PeachCommander[23883:13402] [com.apple.inputAnalytics.client:IATextInputActions] mergeOrConsumeAction calling sendSignal:toChannel:withNullableSessionID:withPayload:
2026-09-14 13:55:59.851 Df PeachCommander[23883:133ef] [com.apple.TextInputUI:CursorUI] -[TUINSCursorUIController scheduleUpdateCursorLocation]
2026-09-14 13:55:59.851 Df PeachCommander[23883:13402] [com.apple.inputAnalytics.client:IASignalAnalytics] channel:<private> signal:<private> sessionID:<private> timestamp:<private> payload:<private>
2026-09-14 13:55:59.851 I  PeachCommander[23883:13402] [com.apple.inputAnalytics.client:IAXPCClient] IASignalAnalytics: fetching xpcClient...
2026-09-14 13:55:59.851 I  PeachCommander[23883:13402] [com.apple.inputAnalytics.client:IAXPCClient] Initialized 0xad4e98c80
2026-09-14 13:55:59.851 I  PeachCommander[23883:13402] [com.apple.inputAnalytics.client:IAXPCClient] 0xad4e98c80 using shared remote object proxy
2026-09-14 13:55:59.851 I  PeachCommander[23883:13402] [com.apple.inputAnalytics.client:IAXPCClient] 0xad4e98c80 calling connection resume after shared instance
2026-09-14 13:55:59.851 Df PeachCommander[23883:13402] [com.apple.xpc:connection] [0xad1b8de00] activating connection: mach=true listener=false peer=false name=com.apple.inputanalyticsd
2026-09-14 13:55:59.851 I  PeachCommander[23883:13402] [com.apple.inputAnalytics.client:IAXPCClient] IAXPCclient 0xad4e98c80 init created _connection 0xad27e2260 _server 0x0 with IXAXPCProtocol
2026-09-14 13:55:59.851 I  PeachCommander[23883:13402] [com.apple.inputAnalytics.client:IAXPCClient] IASignalAnalytics: ...returning xpcClient 0xad4e98c80
2026-09-14 13:55:59.851 I  PeachCommander[23883:13402] [com.apple.inputAnalytics.client:IAXPCClient] server: returning server 0xad2368230
2026-09-14 13:55:59.851 I  PeachCommander[23883:133ef] [com.apple.CFPasteboard:entry] BeginGeneration('Apple CFPasteboard find' (<CFUUID 0xad23d7c60> DD02C06F-C484-4491-95EC-87C1DB35592E))
2026-09-14 13:55:59.851 I  PeachCommander[23883:13402] [com.apple.inputAnalytics:IAServerStats] Logging <private>
2026-09-14 13:55:59.851 I  PeachCommander[23883:133ef] [com.apple.CFPasteboard:exit] result: 0 generation: 4
2026-09-14 13:55:59.851 I  PeachCommander[23883:13402] [com.apple.CoreAnalytics:client] Dropping "com.apple.inputAnalytics.serverStats" as it isn't used in any transform (not in the config or budgeted?)
2026-09-14 13:55:59.852 I  PeachCommander[23883:133ef] [com.apple.CFPasteboard:entry] PromiseDataUsingBlock('Apple CFPasteboard find' (<CFUUID 0xad23d7c60> DD02C06F-C484-4491-95EC-87C1DB35592E) gen: 4 item: 789514 flavor: 'public.utf8-plain-text')
2026-09-14 13:55:59.852 I  PeachCommander[23883:133ef] [com.apple.CFPasteboard:exit] Successfully promised data (new-entry)
2026-09-14 13:55:59.852 I  PeachCommander[23883:133ef] [com.apple.CFPasteboard:exit] result: 0
2026-09-14 13:55:59.852 I  PeachCommander[23883:133ef] [com.apple.CFPasteboard:entry] PromiseDataUsingBlock('Apple CFPasteboard find' (<CFUUID 0xad23d7c60> DD02C06F-C484-4491-95EC-87C1DB35592E) gen: 4 item: 789514 flavor: 'com.apple.cocoa.pasteboard.find-panel-search-options')
2026-09-14 13:55:59.852 I  PeachCommander[23883:133ef] [com.apple.CFPasteboard:exit] Successfully promised data (new-entry)
2026-09-14 13:55:59.852 I  PeachCommander[23883:133ef] [com.apple.CFPasteboard:exit] result: 0
2026-09-14 13:55:59.852 I  PeachCommander[23883:133ef] [com.apple.CFPasteboard:entry] SetData('Apple CFPasteboard find' (<CFUUID 0xad23d7c60> DD02C06F-C484-4491-95EC-87C1DB35592E) gen: 4 item: 789514 flavor: 'public.utf8-plain-text') local-gen: 4
2026-09-14 13:55:59.852 I  PeachCommander[23883:133ef] [com.apple.CFPasteboard:entry] _SetData('Apple CFPasteboard find' (<CFUUID 0xad23d7c60> DD02C06F-C484-4491-95EC-87C1DB35592E) gen: 4 item: 789514 flavor: 'public.utf8-plain-text' data: 7 bytes flags: 20000000) local-gen: 4
2026-09-14 13:55:59.852 I  PeachCommander[23883:133ef] [com.apple.CFPasteboard:promise] Promise fulfilled - 7 bytes for 'Apple CFPasteboard find' gen: 4 of flavor: 'public.utf8-plain-text'
2026-09-14 13:55:59.852 I  PeachCommander[23883:133ef] [com.apple.CFPasteboard:exit] Successfully set data (cache)
2026-09-14 13:55:59.852 I  PeachCommander[23883:133ef] [com.apple.CFPasteboard:general] Flushing 2 pending entries synchronously for pboard 'Apple CFPasteboard find' (<CFUUID 0xad23d7c60> DD02C06F-C484-4491-95EC-87C1DB35592E) generation: 4.
2026-09-14 13:55:59.852 I  PeachCommander[23883:133ef] [com.apple.CFPasteboard:exit] result: 0
2026-09-14 13:55:59.852 I  PeachCommander[23883:133ef] [com.apple.CFPasteboard:entry] SetData('Apple CFPasteboard find' (<CFUUID 0xad23d7c60> DD02C06F-C484-4491-95EC-87C1DB35592E) gen: 4 item: 789514 flavor: 'com.apple.cocoa.pasteboard.find-panel-search-options') local-gen: 4
2026-09-14 13:55:59.852 I  PeachCommander[23883:133ef] [com.apple.CFPasteboard:entry] _SetData('Apple CFPasteboard find' (<CFUUID 0xad23d7c60> DD02C06F-C484-4491-95EC-87C1DB35592E) gen: 4 item: 789514 flavor: 'com.apple.cocoa.pasteboard.find-panel-search-options' data: 116 bytes flags: 20000000) local-gen: 4
2026-09-14 13:55:59.852 I  PeachCommander[23883:133ef] [com.apple.CFPasteboard:promise] Promise fulfilled - 116 bytes for 'Apple CFPasteboard find' gen: 4 of flavor: 'com.apple.cocoa.pasteboard.find-panel-search-options'
2026-09-14 13:55:59.852 I  PeachCommander[23883:133ef] [com.apple.CFPasteboard:exit] Successfully set data (cache)
2026-09-14 13:55:59.852 I  PeachCommander[23883:133ef] [com.apple.CFPasteboard:general] Flushing 1 pending entries synchronously for pboard 'Apple CFPasteboard find' (<CFUUID 0xad23d7c60> DD02C06F-C484-4491-95EC-87C1DB35592E) generation: 4.
2026-09-14 13:55:59.852 I  PeachCommander[23883:133ef] [com.apple.CFPasteboard:exit] result: 0
2026-09-14 13:55:59.852 I  PeachCommander[23883:13402] [com.apple.inputAnalytics.client:IATextInputActions] flushAndSetLastAction calling sendSignal:toChannel:withNullableSessionID:withPayload:
2026-09-14 13:55:59.852 Df PeachCommander[23883:13402] [com.apple.inputAnalytics.client:IASignalAnalytics] channel:<private> signal:<private> sessionID:<private> timestamp:<private> payload:<private>
2026-09-14 13:55:59.852 I  PeachCommander[23883:13402] [com.apple.inputAnalytics.client:IAXPCClient] IASignalAnalytics: fetching xpcClient...
2026-09-14 13:55:59.852 I  PeachCommander[23883:13402] [com.apple.inputAnalytics.client:IAXPCClient] IASignalAnalytics: ...returning xpcClient 0xad4e98c80
2026-09-14 13:55:59.852 I  PeachCommander[23883:13402] [com.apple.inputAnalytics.client:IAXPCClient] server: returning server 0xad2368230
2026-09-14 13:55:59.853 I  PeachCommander[23883:13402] [com.apple.inputAnalytics.client:IATextInputActions] flushAndSetLastAction calling sendSignal:toChannel:withNullableSessionID:withPayload:
2026-09-14 13:55:59.853 Df PeachCommander[23883:13402] [com.apple.inputAnalytics.client:IASignalAnalytics] channel:<private> signal:<private> sessionID:<private> timestamp:<private> payload:<private>
2026-09-14 13:55:59.853 I  PeachCommander[23883:13402] [com.apple.inputAnalytics.client:IAXPCClient] IASignalAnalytics: fetching xpcClient...
2026-09-14 13:55:59.853 I  PeachCommander[23883:13402] [com.apple.inputAnalytics.client:IAXPCClient] IASignalAnalytics: ...returning xpcClient 0xad4e98c80
2026-09-14 13:55:59.853 I  PeachCommander[23883:13402] [com.apple.inputAnalytics.client:IAXPCClient] server: returning server 0xad2368230
2026-09-14 13:55:59.853 I  PeachCommander[23883:13402] [com.apple.inputAnalytics.client:IATextInputActions] mergeOrConsumeAction calling sendSignal:toChannel:withNullableSessionID:withPayload:
2026-09-14 13:55:59.853 Df PeachCommander[23883:13402] [com.apple.inputAnalytics.client:IASignalAnalytics] channel:<private> signal:<private> sessionID:<private> timestamp:<private> payload:<private>
2026-09-14 13:55:59.853 I  PeachCommander[23883:13402] [com.apple.inputAnalytics.client:IAXPCClient] IASignalAnalytics: fetching xpcClient...
2026-09-14 13:55:59.853 I  PeachCommander[23883:13402] [com.apple.inputAnalytics.client:IAXPCClient] IASignalAnalytics: ...returning xpcClient 0xad4e98c80
2026-09-14 13:55:59.853 I  PeachCommander[23883:13402] [com.apple.inputAnalytics.client:IAXPCClient] server: returning server 0xad2368230
2026-09-14 13:55:59.853 Df PeachCommander[23883:133ef] [com.apple.TextInputUI:CursorUI] -[TUINSCursorUIController scheduleUpdateCursorLocation]
2026-09-14 13:55:59.853 I  PeachCommander[23883:13402] [com.apple.inputAnalytics.client:IATextInputActions] mergeOrConsumeAction calling sendSignal:toChannel:withNullableSessionID:withPayload:
2026-09-14 13:55:59.853 Df PeachCommander[23883:13402] [com.apple.inputAnalytics.client:IASignalAnalytics] channel:<private> signal:<private> sessionID:<private> timestamp:<private> payload:<private>
2026-09-14 13:55:59.853 I  PeachCommander[23883:13402] [com.apple.inputAnalytics.client:IAXPCClient] IASignalAnalytics: fetching xpcClient...
2026-09-14 13:55:59.853 I  PeachCommander[23883:13402] [com.apple.inputAnalytics.client:IAXPCClient] IASignalAnalytics: ...returning xpcClient 0xad4e98c80
2026-09-14 13:55:59.853 I  PeachCommander[23883:13402] [com.apple.inputAnalytics.client:IAXPCClient] server: returning server 0xad2368230
2026-09-14 13:55:59.853 A  PeachCommander[23883:133ef] (CoreFoundation) Loading Preferences From User CFPrefsD
2026-09-14 13:55:59.862 I  PeachCommander[23883:133ef] [com.apple.AppKit:Animation] Running new animation: <private>
2026-09-14 13:55:59.862 I  PeachCommander[23883:133ef] [com.apple.AppKit:Animation] Running new animation: <private>
2026-09-14 13:55:59.862 I  PeachCommander[23883:133ef] [com.apple.AppKit:Animation] Running new animation: <private>
2026-09-14 13:55:59.862 I  PeachCommander[23883:133ef] [com.apple.AppKit:Animation] Running new animation: <private>
2026-09-14 13:55:59.862 I  PeachCommander[23883:133ef] [com.apple.AppKit:Animation] Running new animation: <private>
2026-09-14 13:55:59.863 I  PeachCommander[23883:133ef] [com.apple.AppKit:Window] order window front conditionally: 4f5 related: 0
2026-09-14 13:55:59.864 I  PeachCommander[23883:133ef] [com.apple.AppKit:Window] order window front conditionally: 4f5 related: 0
2026-09-14 13:55:59.873 I  PeachCommander[23883:133ef] [com.apple.AppKit:Window] context (0 -> 389ea4c6) for window 4f6
2026-09-14 13:55:59.874 I  PeachCommander[23883:133ef] [com.apple.AppKit:Window] parent <NSWindow: 0xad1a75400> windowNumber=4f5 remove <_NSTextFinderOverlayWindow: 0xad14c1180> windowNumber=4f6 from group
2026-09-14 13:55:59.874 I  PeachCommander[23883:133ef] [com.apple.AppKit:Window] parent <NSWindow: 0xad1a75400> windowNumber=4f5 add <_NSTextFinderOverlayWindow: 0xad14c1180> windowNumber=4f6 to group
2026-09-14 13:55:59.874 I  PeachCommander[23883:133ef] [com.apple.AppKit:Window] order window: 4f6 op: 1 relative: 4f5 related: 0
2026-09-14 13:56:00.202 I  PeachCommander[23883:13493] [com.apple.AppKit:WindowTab] Indexing 3 items
2026-09-14 13:56:00.202 A  PeachCommander[23883:13493] (CoreSpotlight) end-index-batch
2026-09-14 13:56:00.202 A  PeachCommander[23883:13493] (CoreSpotlight) index-items
2026-09-14 13:56:00.202 Df PeachCommander[23883:13493] [com.apple.corespotlight:index] CSInlineDonation:<private>: Skipping donation (feature flag disabled)
2026-09-14 13:56:00.202 Df PeachCommander[23883:13493] [com.apple.corespotlight:index] CSInlineDonation:<private>: Skipping donation (feature flag disabled)
2026-09-14 13:56:00.500 I  PeachCommander[23883:133ef] [com.apple.AppKit:Window] parent <NSWindow: 0xad1a75400> windowNumber=4f5 remove <_NSTextFinderOverlayWindow: 0xad14c1180> windowNumber=4f6 from group
2026-09-14 13:56:00.500 I  PeachCommander[23883:133ef] [com.apple.AppKit:Window] window <_NSTextFinderOverlayWindow: 0xad14c1180> windowNumber=4f6 finishing close
2026-09-14 13:56:00.501 I  PeachCommander[23883:133ef] [com.apple.AppKit:Window] order window: 4f6 op: 0 relative: 0 related: 0
2026-09-14 13:56:00.558 I  PeachCommander[23883:133f7] [com.apple.AppKit:WindowTab] Indexing 3 items
2026-09-14 13:56:00.558 A  PeachCommander[23883:133f7] (CoreSpotlight) end-index-batch
2026-09-14 13:56:00.559 A  PeachCommander[23883:133f7] (CoreSpotlight) index-items
2026-09-14 13:56:00.559 Df PeachCommander[23883:133f7] [com.apple.corespotlight:index] CSInlineDonation:<private>: Skipping donation (feature flag disabled)
2026-09-14 13:56:00.560 Df PeachCommander[23883:133f7] [com.apple.corespotlight:index] CSInlineDonation:<private>: Skipping donation (feature flag disabled)
2026-09-14 13:56:01.465 Df PeachCommander[23883:133ef] [com.apple.AppKit:Pasteboard] NSPasteboard (name: Apple CFPasteboard find): data requested for type public.utf8-plain-text at index 0
2026-09-14 13:56:01.465 I  PeachCommander[23883:133ef] [com.apple.CFPasteboard:entry] CopyItemsAndFlavors('Apple CFPasteboard find (<CFUUID 0xad23d7c60> DD02C06F-C484-4491-95EC-87C1DB35592E)' gen: -1)
2026-09-14 13:56:01.465 I  PeachCommander[23883:133ef] [com.apple.CFPasteboard:exit] result: 0, gen: -1 item-count: 2 flavor-count: 2 (-1 means nil)
2026-09-14 13:56:01.465 I  PeachCommander[23883:133ef] [com.apple.CFPasteboard:entry] GetDataFlags('Apple CFPasteboard find' (<CFUUID 0xad23d7c60> DD02C06F-C484-4491-95EC-87C1DB35592E) gen: -1  item: 789514, flavor: 'public.utf8-plain-text')
2026-09-14 13:56:01.465 I  PeachCommander[23883:133ef] [com.apple.CFPasteboard:exit] result: 0 flags: 20000000
2026-09-14 13:56:01.465 I  PeachCommander[23883:133ef] [com.apple.CFPasteboard:entry] GetDataFlags('Apple CFPasteboard find' (<CFUUID 0xad23d7c60> DD02C06F-C484-4491-95EC-87C1DB35592E) gen: -1  item: 789514, flavor: 'com.apple.cocoa.pasteboard.find-panel-search-options')
2026-09-14 13:56:01.465 I  PeachCommander[23883:133ef] [com.apple.CFPasteboard:exit] result: 0 flags: 20000000
2026-09-14 13:56:01.465 I  PeachCommander[23883:133ef] [com.apple.CFPasteboard:entry] GetItemCount('Apple CFPasteboard find' (<CFUUID 0xad23d7c60> DD02C06F-C484-4491-95EC-87C1DB35592E) gen: -1)
2026-09-14 13:56:01.465 I  PeachCommander[23883:133ef] [com.apple.CFPasteboard:exit] result: 0 gen: 4 count: 1
2026-09-14 13:56:01.465 I  PeachCommander[23883:133ef] [com.apple.CFPasteboard:entry] CopyItemsAndFlavors('Apple CFPasteboard find (<CFUUID 0xad23d7c60> DD02C06F-C484-4491-95EC-87C1DB35592E)' gen: -1)
2026-09-14 13:56:01.465 I  PeachCommander[23883:133ef] [com.apple.CFPasteboard:exit] result: 0, gen: -1 item-count: 2 flavor-count: 2 (-1 means nil)
2026-09-14 13:56:01.465 I  PeachCommander[23883:133ef] [com.apple.CFPasteboard:entry] CopyData('Apple CFPasteboard find' (<CFUUID 0xad23d7c60> DD02C06F-C484-4491-95EC-87C1DB35592E) gen: 4 item: 789514 flavor: 'public.utf8-plain-text')
2026-09-14 13:56:01.465 I  PeachCommander[23883:133ef] [com.apple.CFPasteboard:exit] (cache) - result: 0 generation: 4 data (7 bytes) flags: 20000000
2026-09-14 13:56:01.468 Df PeachCommander[23883:133ef] (Foundation) <private>
2026-09-14 13:56:01.468 I  PeachCommander[23883:133ef] [com.peachcommander:PCFoundation] [automation] > wait 1200
2026-09-14 13:56:02.721 Df PeachCommander[23883:133ef] (Foundation) <private>
2026-09-14 13:56:02.721 I  PeachCommander[23883:133ef] [com.peachcommander:PCFoundation] [automation] > listerretype Quarterly|/Users/admin/seed-retyped.txt
2026-09-14 13:56:02.723 Df PeachCommander[23883:134ac] (CoreVideo) Pixel format registry initialized. Constant classes enabled.
2026-09-14 13:56:03.132 Df PeachCommander[23883:133ef] [com.apple.AppKit:Pasteboard] NSPasteboard (name: Apple CFPasteboard find): data requested for type public.utf8-plain-text at index 0
2026-09-14 13:56:03.132 I  PeachCommander[23883:133ef] [com.apple.CFPasteboard:entry] GetItemCount('Apple CFPasteboard find' (<CFUUID 0xad23d7c60> DD02C06F-C484-4491-95EC-87C1DB35592E) gen: -1)
2026-09-14 13:56:03.132 I  PeachCommander[23883:133ef] [com.apple.CFPasteboard:exit] result: 0 gen: 4 count: 1
2026-09-14 13:56:03.132 I  PeachCommander[23883:133ef] [com.apple.CFPasteboard:entry] CopyItemsAndFlavors('Apple CFPasteboard find (<CFUUID 0xad23d7c60> DD02C06F-C484-4491-95EC-87C1DB35592E)' gen: -1)
2026-09-14 13:56:03.132 I  PeachCommander[23883:133ef] [com.apple.CFPasteboard:exit] result: 0, gen: -1 item-count: 2 flavor-count: 2 (-1 means nil)
2026-09-14 13:56:03.132 I  PeachCommander[23883:133ef] [com.apple.CFPasteboard:entry] CopyData('Apple CFPasteboard find' (<CFUUID 0xad23d7c60> DD02C06F-C484-4491-95EC-87C1DB35592E) gen: 4 item: 789514 flavor: 'public.utf8-plain-text')
2026-09-14 13:56:03.132 I  PeachCommander[23883:133ef] [com.apple.CFPasteboard:exit] (cache) - result: 0 generation: 4 data (7 bytes) flags: 20000000
2026-09-14 13:56:03.133 Df PeachCommander[23883:133ef] (Foundation) <private>
2026-09-14 13:56:03.133 I  PeachCommander[23883:133ef] [com.peachcommander:PCFoundation] [automation] > wait 800
2026-09-14 13:56:03.988 Df PeachCommander[23883:133ef] (Foundation) <private>
2026-09-14 13:56:03.988 I  PeachCommander[23883:133ef] [com.peachcommander:PCFoundation] [automation] > listerreload /Users/admin/seed-reloaded.txt
2026-09-14 13:56:03.996 Df PeachCommander[23883:133ef] [com.apple.AppKit:Pasteboard] NSPasteboard (name: Apple CFPasteboard find): data requested for type NSStringPboardType at index 0
2026-09-14 13:56:03.996 I  PeachCommander[23883:133ef] [com.apple.CFPasteboard:entry] GetItemCount('Apple CFPasteboard find' (<CFUUID 0xad23d7c60> DD02C06F-C484-4491-95EC-87C1DB35592E) gen: -1)
2026-09-14 13:56:03.996 I  PeachCommander[23883:133ef] [com.apple.CFPasteboard:exit] result: 0 gen: 4 count: 1
2026-09-14 13:56:03.996 I  PeachCommander[23883:133ef] [com.apple.CFPasteboard:entry] CopyItemsAndFlavors('Apple CFPasteboard find (<CFUUID 0xad23d7c60> DD02C06F-C484-4491-95EC-87C1DB35592E)' gen: -1)
2026-09-14 13:56:03.996 I  PeachCommander[23883:133ef] [com.apple.CFPasteboard:exit] result: 0, gen: -1 item-count: 2 flavor-count: 2 (-1 means nil)
2026-09-14 13:56:03.996 I  PeachCommander[23883:133ef] [com.apple.CFPasteboard:entry] CopyData('Apple CFPasteboard find' (<CFUUID 0xad23d7c60> DD02C06F-C484-4491-95EC-87C1DB35592E) gen: 4 item: 789514 flavor: 'public.utf8-plain-text')
2026-09-14 13:56:03.996 I  PeachCommander[23883:133ef] [com.apple.CFPasteboard:exit] (cache) - result: 0 generation: 4 data (7 bytes) flags: 20000000
2026-09-14 13:56:03.996 Df PeachCommander[23883:133ef] [com.apple.AppKit:Pasteboard] NSPasteboard (name: Apple CFPasteboard find): data requested for type com.apple.cocoa.pasteboard.find-panel-search-options at index 0
2026-09-14 13:56:03.996 I  PeachCommander[23883:133ef] [com.apple.CFPasteboard:entry] CopyItemsAndFlavors('Apple CFPasteboard find (<CFUUID 0xad23d7c60> DD02C06F-C484-4491-95EC-87C1DB35592E)' gen: -1)
2026-09-14 13:56:03.996 I  PeachCommander[23883:133ef] [com.apple.CFPasteboard:exit] result: 0, gen: -1 item-count: 2 flavor-count: 2 (-1 means nil)
2026-09-14 13:56:03.996 I  PeachCommander[23883:133ef] [com.apple.CFPasteboard:entry] CopyData('Apple CFPasteboard find' (<CFUUID 0xad23d7c60> DD02C06F-C484-4491-95EC-87C1DB35592E) gen: 4 item: 789514 flavor: 'com.apple.cocoa.pasteboard.find-panel-search-options')
2026-09-14 13:56:03.996 I  PeachCommander[23883:133ef] [com.apple.CFPasteboard:exit] (cache) - result: 0 generation: 4 data (116 bytes) flags: 20000000
2026-09-14 13:56:04.205 Df PeachCommander[23883:13489] [com.apple.launchservices:default] LSExceptions shared instance invalidated for timeout.
2026-09-14 13:56:04.534 Df PeachCommander[23883:133ef] [com.apple.AppKit:Pasteboard] NSPasteboard (name: Apple CFPasteboard find): data requested for type public.utf8-plain-text at index 0
2026-09-14 13:56:04.534 I  PeachCommander[23883:133ef] [com.apple.CFPasteboard:entry] GetItemCount('Apple CFPasteboard find' (<CFUUID 0xad23d7c60> DD02C06F-C484-4491-95EC-87C1DB35592E) gen: -1)
2026-09-14 13:56:04.534 I  PeachCommander[23883:133ef] [com.apple.CFPasteboard:exit] result: 0 gen: 4 count: 1
2026-09-14 13:56:04.534 I  PeachCommander[23883:133ef] [com.apple.CFPasteboard:entry] CopyItemsAndFlavors('Apple CFPasteboard find (<CFUUID 0xad23d7c60> DD02C06F-C484-4491-95EC-87C1DB35592E)' gen: -1)
2026-09-14 13:56:04.534 I  PeachCommander[23883:133ef] [com.apple.CFPasteboard:exit] result: 0, gen: -1 item-count: 2 flavor-count: 2 (-1 means nil)
2026-09-14 13:56:04.534 I  PeachCommander[23883:133ef] [com.apple.CFPasteboard:entry] CopyData('Apple CFPasteboard find' (<CFUUID 0xad23d7c60> DD02C06F-C484-4491-95EC-87C1DB35592E) gen: 4 item: 789514 flavor: 'public.utf8-plain-text')
2026-09-14 13:56:04.534 I  PeachCommander[23883:133ef] [com.apple.CFPasteboard:exit] (cache) - result: 0 generation: 4 data (7 bytes) flags: 20000000
2026-09-14 13:56:04.536 Df PeachCommander[23883:133ef] (Foundation) <private>
2026-09-14 13:56:04.536 I  PeachCommander[23883:133ef] [com.peachcommander:PCFoundation] [automation] > wait 1000
2026-09-14 13:56:05.597 Df PeachCommander[23883:133ef] (Foundation) <private>
2026-09-14 13:56:05.597 I  PeachCommander[23883:133ef] [com.peachcommander:PCFoundation] [automation] done
