Timestamp               Ty Process[PID:TID]
2026-09-09 19:44:04.141 A  PeachCommander[28619:16ea1] (libsystem_info.dylib) Retrieve User by ID
2026-09-09 19:44:04.141 Df PeachCommander[28619:16ea1] [com.apple.xpc:connection] [0x103311b50] activating connection: mach=true listener=false peer=false name=com.apple.cfprefsd.daemon
2026-09-09 19:44:04.141 Df PeachCommander[28619:16ea8] [com.apple.xpc:connection] [0x103312c00] activating connection: mach=true listener=false peer=false name=com.apple.cfprefsd.agent
2026-09-09 19:44:04.143 Df PeachCommander[28619:16ea1] [com.apple.xpc:connection] [0x103313e70] activating connection: mach=true listener=false peer=false name=com.apple.coreservices.launchservicesd
2026-09-09 19:44:04.143 I  PeachCommander[28619:16ea1] [com.apple.launchservices:cas] Registering for notification <private> on default queue, to re-boostrap client connection.
2026-09-09 19:44:04.143 Df PeachCommander[28619:16ea1] [com.apple.xpc:connection] [0xbc0cc0000] activating connection: mach=true listener=false peer=false name=com.apple.pasteboard.1
2026-09-09 19:44:04.143 Df PeachCommander[28619:16ea1] [com.apple.xpc:connection] [0xbc0cc0140] activating connection: mach=true listener=false peer=false name=com.apple.distributed_notifications@Uv3
2026-09-09 19:44:04.145 Df PeachCommander[28619:16ea1] [com.apple.AppKit:AutomaticTermination] void _NSDisableAutomaticTerminationAndLog(NSString *) No windows open yet
2026-09-09 19:44:04.145 A  PeachCommander[28619:16ea1] (TCC) TCCAccessRequest() IPC
2026-09-09 19:44:04.145 Df PeachCommander[28619:16ea1] [com.apple.xpc:connection] [0xbc0cc0280] activating connection: mach=true listener=false peer=false name=com.apple.tccd.system
2026-09-09 19:44:04.145 I  PeachCommander[28619:16ea1] [com.apple.TCC:access] SEND: 0/7 synchronous to com.apple.tccd.system: request: msgID=28619.1, function=TCCAccessRequest, service=kTCCServiceListenEvent,
2026-09-09 19:44:04.146 I  PeachCommander[28619:16ea1] [com.apple.TCC:access] RECV: synchronous reply <dictionary: 0xbc0c84000> { count = 5, transaction: 0, voucher = 0x0, contents =
	"prompt_type" => <uint64: 0xa9ae8249497b88af>: 1
	"auth_value" => <uint64: 0xa9ae8249497b88af>: 1
	"preflight_unknown" => <bool: 0x1f1059190>: true
	"auth_version" => <uint64: 0xa9ae8249497b88af>: 1
	"auth_reason" => <uint64: 0xa9ae8249497b888f>: 5
}
2026-09-09 19:44:04.146 Df PeachCommander[28619:16ea1] [com.apple.xpc:connection] [0xbc0cc0280] invalidated after the last release of the connection object
2026-09-09 19:44:04.146 Df PeachCommander[28619:16ea1] [com.apple.SkyLight:default] server port 0x00002f0b, session port 0x00002f0b
2026-09-09 19:44:04.149 I  PeachCommander[28619:16ea9] [com.apple.SkyLight:processes] 0[outside of RPC]: First connection id 85475 mapped to ctx = 0xbc1020680
2026-09-09 19:44:04.149 Df PeachCommander[28619:16ea1] [com.apple.SkyLight:default] New connection 0x14de3 main
2026-09-09 19:44:04.149 I  PeachCommander[28619:16ea1] [com.apple.hiservices:processmgr] Checking in with CAS, pid=28619
2026-09-09 19:44:04.149 I  PeachCommander[28619:16ea1] [com.apple.launchservices:cas] LSApplicationCheckIn(), app being registered is:"/Users/admin/pc-test/PeachCommander.app/Contents/MacOS/PeachCommander"
2026-09-09 19:44:04.149 I  PeachCommander[28619:16ea1] [com.apple.launchservices:cas]  { "ApplicationType"="Foreground", "BuildMachineOSBuild"="25E246", "CFBundleDevelopmentRegion"="en", "CFBundleDocumentTypes"=( { "CFBundleTypeName"="Peach Commander Plugin Package", "CFBundleTypeRole"="Viewer", "LSHandlerRank"="Owner", "LSItemContentTypes"=( "com.peachcommander.plugin-package") }), "CFBundleExecutable"="PeachCommander", "CFBundleExecutablePath"="/Users/admin/pc-test/PeachCommander.app/Contents/MacOS/PeachCommander", "CFBundleHelpBookFolder"="PeachCommander.help", "CFBundleHelpBookName"="Peach Commander Help", "CFBundleIconFile"="AppIcon", "CFBundleIconName"="AppIcon", "CFBundleIdentifier"="com.peachcommander.app", "CFBundleInfoDictionaryVersion"="6.0", "CFBundleName"="PeachCommander", "CFBundleNumericVersion"=402685952, "CFBundlePackageType"="APPL", "CFBundleShortVersionString"="0.9.0", "CFBundleSignature"="?????", "CFBundleSupportedPlatforms"=( "MacOSX"), "CFBundleVersion"="18", "DTCompiler"="com.apple.compilers.llvm.clang.1_0", "DTPlatformBuild"="25F70", "DTPlatformName"="macosx", "<…>
2026-09-09 19:44:04.149 Df PeachCommander[28619:16ea1] [com.apple.processmanager:front-35286506] CHECKIN: pid=28619
2026-09-09 19:44:04.151 Df PeachCommander[28619:16ea1] [com.apple.processmanager:front-35286506] CHECKEDIN: pid=28619 asn=0x0-0x180180 foreground=1
2026-09-09 19:44:04.151 I  PeachCommander[28619:16ea1] [com.apple.launchservices:cas] Setting processControlState to default PROC_SETPC_SUSPEND because application does not have LSProcessControlValue key
2026-09-09 19:44:04.151 Df PeachCommander[28619:16ea1] [com.apple.xpc:connection] [0xbc0cc0280] activating connection: mach=false listener=true peer=false name=(anonymous)
2026-09-09 19:44:04.151 Df PeachCommander[28619:16ea1] [com.apple.xpc:connection] [0xbc0cc0280] Connection returned listener port: 0x4103
2026-09-09 19:44:04.151 Df PeachCommander[28619:16ea8] [com.apple.xpc:connection] [0xbc108c300] activating connection: mach=false listener=false peer=true name=com.apple.xpc.anonymous.0xbc0cc0280.peer[131].0xbc108c300
2026-09-09 19:44:04.151 Df PeachCommander[28619:16ea1] [com.apple.processmanager:front-35286506] FRONTLOGGING: version 1
2026-09-09 19:44:04.151 Df PeachCommander[28619:16ea1] [com.apple.processmanager:front-35286506] Registered, pid=28619 ASN=0x0,0x180180
2026-09-09 19:44:04.151 Df PeachCommander[28619:16ea1] [com.apple.xpc:connection] [0xbc0cc03c0] activating connection: mach=true listener=false peer=false name=com.apple.analyticsd
2026-09-09 19:44:04.152 I  PeachCommander[28619:16ea1] [com.apple.CoreAnalytics:client] Daemon status changed from 0 to 1
2026-09-09 19:44:04.152 I  PeachCommander[28619:16ea8] [com.apple.CarbonCore:coreservicesdaemon] SCSession():SCSession( id=100, this=0x0x10331dc70 option=65538) created, forUID=501 mach_port_t=0x5203.
2026-09-09 19:44:04.152 I  PeachCommander[28619:16ea8] [com.apple.CarbonCore:coreservicesdaemon] SCSession():SCSession( id=101, this=0x0x1033157b0 option=65538) created, forUID=501 mach_port_t=0x4503.
2026-09-09 19:44:04.152 I  PeachCommander[28619:16ea8] [com.apple.CarbonCore:coreservicesdaemon] connectToCoreServicesD():Instantiating server (coreservicesd based) SCSession, port=0x5203 serverOptions=0x10002.
2026-09-09 19:44:04.152 I  PeachCommander[28619:16ea1] [com.apple.hiservices:processmgr] _RegisterApplication( pid 28619 => 0x0,0x180180) type=foreground
2026-09-09 19:44:04.152 Df PeachCommander[28619:16ea1] [com.apple.xpc:connection] [0xbc0cc0280] Connection returned listener port: 0x4103
2026-09-09 19:44:04.152 Df PeachCommander[28619:16eae] [com.apple.CoreAnalytics:client] Received configuration update from daemon (initial)
2026-09-09 19:44:04.152 Df PeachCommander[28619:16ea8] [com.apple.xpc:connection] [0xbc0cc0500] activating connection: mach=true listener=false peer=false name=com.apple.lsd.mapdb
2026-09-09 19:44:04.152 I  PeachCommander[28619:16ea1] [com.apple.launchservices:cas] CFArrayRef _LSCopyLaunchModifiers(LSSessionID, LSASNRef _Nonnull), result for psn [ kLSCurrentApp ASN, 0x0,0x2]  is 1 items.
2026-09-09 19:44:04.152 Df PeachCommander[28619:16ea1] [com.apple.processmanager:front-35286506] BringForward: pid=28619 asn=0x0-0x180180 bringForward=1 foreground=1 uiElement=0 launchedByLS=1 modifiersCount=1 allDisabled=1
2026-09-09 19:44:04.152 Df PeachCommander[28619:16ea1] [com.apple.processmanager:front-35286506] BringFrontModifier: pid=28619 asn=0x0-0x180180 Modifier 0 hideAfter=0 hideOthers=0 dontMakeFrontmost=0 mouseDown=0/0 seed=0/0
2026-09-09 19:44:04.152 Df PeachCommander[28619:16ea1] [com.apple.processmanager:front-35286506] BringForward: pid=28619 asn=0x0-0x180180
2026-09-09 19:44:04.152 Df PeachCommander[28619:16ea1] [com.apple.processmanager:front-35286506] SetFrontProcess: asn=0x0-0x180180 options=0
2026-09-09 19:44:04.152 I  PeachCommander[28619:16ea1] [com.apple.SkyLight:processes] 0[outside of RPC]: SLPSetFrontProcess(0x0-0x180180 window=0 options=0x0
2026-09-09 19:44:04.154 Df PeachCommander[28619:16ea1] [com.apple.AppKit:Appearance] Current system appearance, (HLTB: 1), (SLS: 0)
2026-09-09 19:44:04.155 I  PeachCommander[28619:16eae] [com.apple.launchservices:cas] information in shared memory for 0x0-0x180180 with seed 533 was still valid, so using cached info { "ApplicationType"="Foreground", "BuildMachineOSBuild"="25E246", "BundleIdentifierLowerCase"="com.peachcommander.app", "CFBundleDevelopmentRegion"="en", "CFBundleDocumentTypes"=( { "CFBundleTypeName"="Peach Commander Plugin Package", "CFBundleTypeRole"="Viewer", "LSHandlerRank"="Owner", "LSItemContentTypes"=( "com.peachcommander.plugin-package") }), "CFBundleExecutable"="PeachCommander", "CFBundleExecutablePath"="/Users/admin/pc-test/PeachCommander.app/Contents/MacOS/PeachCommander", "CFBundleExecutablePathDeviceID"=16777229, "CFBundleExecutablePathINode"=487885, "CFBundleHelpBookFolder"="PeachCommander.help", "CFBundleHelpBookName"="Peach Commander Help", "CFBundleIconFile"="AppIcon", "CFBundleIconName"="AppIcon", "CFBundleIdentifier"="com.peachcommander.app", "CFBundleInfoDictionaryVersion"="6.0", "CFBundleName"="PeachCommander", "CFBundleNameLowerCase"="peachcommander", "CFBundleNumericVersion"=402685952, "CFBundlePackageType"="APPL", "CFBundleShortVersionString"="0.9.0", "CFBun<…>
2026-09-09 19:44:04.155 Df PeachCommander[28619:16ea1] (libMobileGestalt.dylib) No persisted cache on this platform.
2026-09-09 19:44:04.155 Df PeachCommander[28619:16ea1] (libMobileGestalt.dylib) Could not get size of EAN data (IOConnectCallScalarMethod kAppleNVMeEANGetSize returned 0xE00002E2)
2026-09-09 19:44:04.155 Df PeachCommander[28619:16ea1] (libMobileGestalt.dylib) Failed to copy 'aptk' from EAN
2026-09-09 19:44:04.155 I  PeachCommander[28619:16ea8] [com.apple.launchservices:db] LaunchServices database schema version: 20971544
2026-09-09 19:44:04.155 Df PeachCommander[28619:16ea1] (libMobileGestalt.dylib) Failed to copy APTicket properties. Falling back to default policy.
2026-09-09 19:44:04.155 Df PeachCommander[28619:16ea1] (libMobileGestalt.dylib) Creating default MGSysConfigPolicy
2026-09-09 19:44:04.155 Df PeachCommander[28619:16ea1] (libMobileGestalt.dylib) CFDictionaryRef copySyscfgDictionary(void) enumeration of <private> failed.
2026-09-09 19:44:04.155 Df PeachCommander[28619:16ea1] (libMobileGestalt.dylib) Failed to find key <private>
2026-09-09 19:44:04.156 Df PeachCommander[28619:16ea1] [com.apple.AppKit:Appearance] Current system appearance, (HLTB: 1), (SLS: 0)
2026-09-09 19:44:04.157 Df PeachCommander[28619:16ea1] [com.apple.AppKit:Appearance] Post-registration system appearance: (HLTB: 1)
2026-09-09 19:44:04.157 I  PeachCommander[28619:16ea8] [com.apple.launchservices:default] Unable to load Info.plist exceptions (eGPUOverrides)
2026-09-09 19:44:04.157 I  PeachCommander[28619:16ea8] [com.apple.launchservices:default] Unable to load Info.plist exceptions (gameModeOverrides)
2026-09-09 19:44:04.157 I  PeachCommander[28619:16ea8] [com.apple.launchservices:default] Unable to load Info.plist exceptions (identifiedGameOverrides)
2026-09-09 19:44:04.157 I  PeachCommander[28619:16ea8] [com.apple.launchservices:default] Unable to load Info.plist exceptions (SystemHiddenPreferred)
2026-09-09 19:44:04.158 Df PeachCommander[28619:16ea1] [com.apple.FrontBoard:Common] FBSWorkspace: endpoint monitoring is disabled.
2026-09-09 19:44:04.158 Df PeachCommander[28619:16ea1] [com.apple.FrontBoard:Common] FBSWorkspace: default shell endpoint is disabled.
2026-09-09 19:44:04.158 Df PeachCommander[28619:16ea1] [com.apple.runningboard:connection] Initializing connection
2026-09-09 19:44:04.158 Df PeachCommander[28619:16ea1] [com.apple.runningboard:process] Removing all cached process handles
2026-09-09 19:44:04.158 Df PeachCommander[28619:16eae] [com.apple.runningboard:connection] Sending handshake request attempt #1 to server
2026-09-09 19:44:04.158 Df PeachCommander[28619:16eae] [com.apple.runningboard:connection] Creating connection to com.apple.runningboard
2026-09-09 19:44:04.158 Df PeachCommander[28619:16eae] [com.apple.xpc:connection] [0xbc0cc0640] activating connection: mach=true listener=false peer=false name=com.apple.runningboard
2026-09-09 19:44:04.158 Df PeachCommander[28619:16ea1] [com.apple.xpc:connection] [0xbc0cc0280] Connection returned listener port: 0x4103
2026-09-09 19:44:04.158 A  PeachCommander[28619:16ea8] (RunningBoardServices) didChangeInheritances
2026-09-09 19:44:04.158 I  PeachCommander[28619:16ea1] [com.apple.launchservices:cas] information in shared memory for 0x0-0x180180 with seed 533 was still valid, so using cached info { "ApplicationType"="Foreground", "BuildMachineOSBuild"="25E246", "BundleIdentifierLowerCase"="com.peachcommander.app", "CFBundleDevelopmentRegion"="en", "CFBundleDocumentTypes"=( { "CFBundleTypeName"="Peach Commander Plugin Package", "CFBundleTypeRole"="Viewer", "LSHandlerRank"="Owner", "LSItemContentTypes"=( "com.peachcommander.plugin-package") }), "CFBundleExecutable"="PeachCommander", "CFBundleExecutablePath"="/Users/admin/pc-test/PeachCommander.app/Contents/MacOS/PeachCommander", "CFBundleExecutablePathDeviceID"=16777229, "CFBundleExecutablePathINode"=487885, "CFBundleHelpBookFolder"="PeachCommander.help", "CFBundleHelpBookName"="Peach Commander Help", "CFBundleIconFile"="AppIcon", "CFBundleIconName"="AppIcon", "CFBundleIdentifier"="com.peachcommander.app", "CFBundleInfoDictionaryVersion"="6.0", "CFBundleName"="PeachCommander", "CFBundleNameLowerCase"="peachcommander", "CFBundleNumericVersion"=402685952, "CFBundlePackageType"="APPL", "CFBundleShortVersionString"="0.9.0", "CFBun<…>
2026-09-09 19:44:04.159 Df PeachCommander[28619:16eae] [com.apple.runningboard:connection] Handshake succeeded
2026-09-09 19:44:04.159 Df PeachCommander[28619:16eae] [com.apple.runningboard:connection] Identity resolved as app<application.com.peachcommander.app.486897.487885(501)>
2026-09-09 19:44:04.160 Df PeachCommander[28619:16ea1] [com.apple.xpc:connection] [0xbc0cc0280] Connection returned listener port: 0x4103
2026-09-09 19:44:04.160 A  PeachCommander[28619:16ead] (AppIntents) appintents:register process
2026-09-09 19:44:04.160 Df PeachCommander[28619:16ead] [com.apple.appintents:Connection] Created a new Process Instance Registry XPC connection (inactive)
2026-09-09 19:44:04.160 Df PeachCommander[28619:16ead] [com.apple.xpc:connection] [0xbc0cc0780] activating connection: mach=true listener=false peer=false name=com.apple.linkd.autoShortcut
2026-09-09 19:44:04.161 Df PeachCommander[28619:16ead] [com.apple.appintents:Connection] Activated connection to linkd (ApplicationService)
2026-09-09 19:44:04.161 Df PeachCommander[28619:16ead] [com.apple.xpc:connection] [0xbc0cc0a00] activating connection: mach=false listener=true peer=false name=(anonymous)
2026-09-09 19:44:04.161 I  PeachCommander[28619:16ea1] [com.apple.launchservices:cas] information in shared memory for 0x0-0x180180 with seed 533 was still valid, so using cached info { "ApplicationType"="Foreground", "BuildMachineOSBuild"="25E246", "BundleIdentifierLowerCase"="com.peachcommander.app", "CFBundleDevelopmentRegion"="en", "CFBundleDocumentTypes"=( { "CFBundleTypeName"="Peach Commander Plugin Package", "CFBundleTypeRole"="Viewer", "LSHandlerRank"="Owner", "LSItemContentTypes"=( "com.peachcommander.plugin-package") }), "CFBundleExecutable"="PeachCommander", "CFBundleExecutablePath"="/Users/admin/pc-test/PeachCommander.app/Contents/MacOS/PeachCommander", "CFBundleExecutablePathDeviceID"=16777229, "CFBundleExecutablePathINode"=487885, "CFBundleHelpBookFolder"="PeachCommander.help", "CFBundleHelpBookName"="Peach Commander Help", "CFBundleIconFile"="AppIcon", "CFBundleIconName"="AppIcon", "CFBundleIdentifier"="com.peachcommander.app", "CFBundleInfoDictionaryVersion"="6.0", "CFBundleName"="PeachCommander", "CFBundleNameLowerCase"="peachcommander", "CFBundleNumericVersion"=402685952, "CFBundlePackageType"="APPL", "CFBundleShortVersionString"="0.9.0", "CFBun<…>
2026-09-09 19:44:04.161 I  PeachCommander[28619:16ea1] [com.apple.hiservices:processmgr] TransformProcessType(0x0,0x2 => 1 wasFront=1 pickNew=0)
2026-09-09 19:44:04.161 I  PeachCommander[28619:16ea1] [com.apple.CoreAnalytics:client] Dropping "com.apple.appkit.app_config" as it isn't used in any transform (not in the config or budgeted?)
2026-09-09 19:44:04.161 I  PeachCommander[28619:16ead] [com.apple.appintents:Execution] LNAppConnectionListener instantiated
2026-09-09 19:44:04.161 Df PeachCommander[28619:16ead] [com.apple.xpc:connection] [0xbc0cc0a00] Connection returned listener port: 0x6a03
2026-09-09 19:44:04.161 Df PeachCommander[28619:16ea1] [com.apple.dt.xctest:Default] Registering for test daemon availability notify post.
2026-09-09 19:44:04.161 Df PeachCommander[28619:16ea1] [com.apple.dt.xctest:Default] notify_get_state check indicated test daemon not ready.
2026-09-09 19:44:04.161 Df PeachCommander[28619:16eae] [com.apple.xpc:connection] [0xbc0cc0780] Re-initialization successful; calling out to event handler with XPC_ERROR_CONNECTION_INTERRUPTED
2026-09-09 19:44:04.161 Df PeachCommander[28619:16eae] [com.apple.appintents:Connection] Process Instance Registry XPC connection has been interrupted
2026-09-09 19:44:04.161 Df PeachCommander[28619:16ea1] [com.apple.dt.xctest:Default] notify_get_state check indicated test daemon not ready.
2026-09-09 19:44:04.162 Df PeachCommander[28619:16ea1] [com.apple.dt.xctest:Default] notify_get_state check indicated test daemon not ready.
2026-09-09 19:44:04.162 Df PeachCommander[28619:16eae] [com.apple.appintents:Connection] Created a new Process Instance Registry XPC connection (inactive)
2026-09-09 19:44:04.162 A  PeachCommander[28619:16eae] (AppIntents) appintents:register process
2026-09-09 19:44:04.162 Df PeachCommander[28619:16eae] [com.apple.appintents:Connection] Created a new Process Instance Registry XPC connection (inactive)
2026-09-09 19:44:04.162 Df PeachCommander[28619:16eae] [com.apple.xpc:connection] [0xbc0cc0c80] activating connection: mach=true listener=false peer=false name=com.apple.linkd.autoShortcut
2026-09-09 19:44:04.162 E  PeachCommander[28619:16ead] [com.apple.appintents:Connection] Unable to get synchronousRemoteObjectProxy, error: Error Domain=NSCocoaErrorDomain Code=4097 "connection to service named com.apple.linkd.autoShortcut" UserInfo={NSDebugDescription=connection to service named com.apple.linkd.autoShortcut}
2026-09-09 19:44:04.162 E  PeachCommander[28619:16ead] [com.apple.AppKit:Application] Error registering app with intents framework: Error Domain=NSCocoaErrorDomain Code=4097 UserInfo={NSDebugDescription=<private>}
2026-09-09 19:44:04.162 Df PeachCommander[28619:16eae] [com.apple.appintents:Connection] Activated connection to linkd (ApplicationService)
2026-09-09 19:44:04.162 Df PeachCommander[28619:16eae] [com.apple.xpc:connection] [0xbc0cc0a00] Connection returned listener port: 0x6a03
2026-09-09 19:44:04.162 Df PeachCommander[28619:16ead] [com.apple.xpc:connection] [0xbc0cc0c80] Re-initialization successful; calling out to event handler with XPC_ERROR_CONNECTION_INTERRUPTED
2026-09-09 19:44:04.162 Df PeachCommander[28619:16ead] [com.apple.appintents:Connection] Process Instance Registry XPC connection has been interrupted
2026-09-09 19:44:04.162 Df PeachCommander[28619:16ead] [com.apple.appintents:Connection] Created a new Process Instance Registry XPC connection (inactive)
2026-09-09 19:44:04.162 A  PeachCommander[28619:16ead] (AppIntents) appintents:register process
2026-09-09 19:44:04.162 Df PeachCommander[28619:16ead] [com.apple.appintents:Connection] Created a new Process Instance Registry XPC connection (inactive)
2026-09-09 19:44:04.162 Df PeachCommander[28619:16ead] [com.apple.xpc:connection] [0xbc0cc12c0] activating connection: mach=true listener=false peer=false name=com.apple.linkd.autoShortcut
2026-09-09 19:44:04.163 E  PeachCommander[28619:16eae] [com.apple.appintents:Connection] Unable to get synchronousRemoteObjectProxy, error: Error Domain=NSCocoaErrorDomain Code=4097 "connection to service named com.apple.linkd.autoShortcut" UserInfo={NSDebugDescription=connection to service named com.apple.linkd.autoShortcut}
2026-09-09 19:44:04.163 E  PeachCommander[28619:16eae] [com.apple.appintents:Connection] Unable to re-register with Process Instance Registry, error: Error Domain=NSCocoaErrorDomain Code=4097 "connection to service named com.apple.linkd.autoShortcut" UserInfo={NSDebugDescription=connection to service named com.apple.linkd.autoShortcut}
2026-09-09 19:44:04.163 Df PeachCommander[28619:16ead] [com.apple.appintents:Connection] Activated connection to linkd (ApplicationService)
2026-09-09 19:44:04.163 Df PeachCommander[28619:16ead] [com.apple.xpc:connection] [0xbc0cc0a00] Connection returned listener port: 0x6a03
2026-09-09 19:44:04.163 Df PeachCommander[28619:16eae] [com.apple.xpc:connection] [0xbc0cc12c0] Re-initialization successful; calling out to event handler with XPC_ERROR_CONNECTION_INTERRUPTED
2026-09-09 19:44:04.163 Df PeachCommander[28619:16eae] [com.apple.appintents:Connection] Process Instance Registry XPC connection has been interrupted
2026-09-09 19:44:04.163 E  PeachCommander[28619:16ead] [com.apple.appintents:Connection] Unable to get synchronousRemoteObjectProxy, error: Error Domain=NSCocoaErrorDomain Code=4097 "connection to service named com.apple.linkd.autoShortcut" UserInfo={NSDebugDescription=connection to service named com.apple.linkd.autoShortcut}
2026-09-09 19:44:04.163 E  PeachCommander[28619:16ead] [com.apple.appintents:Connection] Unable to re-register with Process Instance Registry, error: Error Domain=NSCocoaErrorDomain Code=4097 "connection to service named com.apple.linkd.autoShortcut" UserInfo={NSDebugDescription=connection to service named com.apple.linkd.autoShortcut}
2026-09-09 19:44:04.163 Df PeachCommander[28619:16eae] [com.apple.appintents:Connection] Created a new Process Instance Registry XPC connection (inactive)
2026-09-09 19:44:04.163 A  PeachCommander[28619:16eae] (AppIntents) appintents:register process
2026-09-09 19:44:04.163 Df PeachCommander[28619:16eae] [com.apple.appintents:Connection] Created a new Process Instance Registry XPC connection (inactive)
2026-09-09 19:44:04.163 Df PeachCommander[28619:16eae] [com.apple.xpc:connection] [0xbc0cc1540] activating connection: mach=true listener=false peer=false name=com.apple.linkd.autoShortcut
2026-09-09 19:44:04.163 Df PeachCommander[28619:16eae] [com.apple.appintents:Connection] Activated connection to linkd (ApplicationService)
2026-09-09 19:44:04.163 Df PeachCommander[28619:16eae] [com.apple.xpc:connection] [0xbc0cc0a00] Connection returned listener port: 0x6a03
2026-09-09 19:44:04.163 Df PeachCommander[28619:16ead] [com.apple.xpc:connection] [0xbc0cc1540] Re-initialization successful; calling out to event handler with XPC_ERROR_CONNECTION_INTERRUPTED
2026-09-09 19:44:04.163 Df PeachCommander[28619:16ead] [com.apple.appintents:Connection] Process Instance Registry XPC connection has been interrupted
2026-09-09 19:44:04.163 E  PeachCommander[28619:16ead] [com.apple.appintents:Connection] Will NOT re-try to establish the connection
2026-09-09 19:44:04.163 E  PeachCommander[28619:16eae] [com.apple.appintents:Connection] Unable to get synchronousRemoteObjectProxy, error: Error Domain=NSCocoaErrorDomain Code=4097 "connection to service named com.apple.linkd.autoShortcut" UserInfo={NSDebugDescription=connection to service named com.apple.linkd.autoShortcut}
2026-09-09 19:44:04.163 E  PeachCommander[28619:16eae] [com.apple.appintents:Connection] Unable to re-register with Process Instance Registry, error: Error Domain=NSCocoaErrorDomain Code=4097 "connection to service named com.apple.linkd.autoShortcut" UserInfo={NSDebugDescription=connection to service named com.apple.linkd.autoShortcut}
2026-09-09 19:44:04.165 A  PeachCommander[28619:16ea1] (CoreFoundation) Loading Preferences From System CFPrefsD
2026-09-09 19:44:04.165 Df PeachCommander[28619:16ea1] (libMobileGestalt.dylib) couldn't load support library
2026-09-09 19:44:04.165 Df PeachCommander[28619:16ea1] (libMobileGestalt.dylib) called dummy function!
2026-09-09 19:44:04.165 I  PeachCommander[28619:16ea1] [com.apple.GenerativeModels:availability] Current availability state: unavailable, use cases: com.apple.WritingTools, language: <any>, api: <private>
2026-09-09 19:44:04.165 Df PeachCommander[28619:16ea1] [com.apple.GenerativeModels:availability] registering darwin observer for name: com.apple.gms.availability.notification
2026-09-09 19:44:04.165 Df PeachCommander[28619:16ea1] [com.apple.GenerativeModels:availability] registering darwin observer for name: com.apple.os-eligibility-domain.change.greymatter
2026-09-09 19:44:04.165 Df PeachCommander[28619:16ea1] [com.apple.GenerativeModels:availability] registering darwin observer for name: com.apple.language.changed
2026-09-09 19:44:04.165 Df PeachCommander[28619:16ea1] [com.apple.WritingTools:Default] isAvailable value changed: isMDMAllowed = true, gmAvailable (current) = false
2026-09-09 19:44:04.168 I  PeachCommander[28619:16ea1] [com.apple.CoreAnalytics:client] Dropping "com.apple.appkit.app_config" as it isn't used in any transform (not in the config or budgeted?)
2026-09-09 19:44:04.170 Df PeachCommander[28619:16ea1] [com.apple.AppKit:Appearance] NSApp cache appearance:
-NSRequiresAquaSystemAppearance: 0
-appearance: (null)
-effectiveAppearance: <NSCompositeAppearance: 0xbc1034500
 (
    "<NSAquaAppearance: 0xbc1034460>",
    "<NSSystemAppearance: 0xbc1034780>"
)>
2026-09-09 19:44:04.173 A  PeachCommander[28619:16ea1] (CoreFoundation) Loading Preferences From User CFPrefsD
2026-09-09 19:44:04.173 A  PeachCommander[28619:16ea1] (CoreFoundation) Loading Preferences From User CFPrefsD
2026-09-09 19:44:04.176 A  PeachCommander[28619:16ead] (libsystem_info.dylib) Membership API: translate identifier
2026-09-09 19:44:04.178 I  PeachCommander[28619:16ea1] [com.apple.CoreAnalytics:client] Dropping "com.apple.appkit.app_config" as it isn't used in any transform (not in the config or budgeted?)
2026-09-09 19:44:04.178 I  PeachCommander[28619:16ea1] [com.apple.CoreAnalytics:client] Dropping "com.apple.appkit.app_config" as it isn't used in any transform (not in the config or budgeted?)
2026-09-09 19:44:04.179 Df PeachCommander[28619:16eae] [com.apple.xpc:connection] [0xbc0cc1a40] activating connection: mach=true listener=false peer=false name=com.apple.dock.fullscreen
2026-09-09 19:44:04.180 Df PeachCommander[28619:16ea1] [com.apple.xpc:connection] [0xbc0cc1b80] activating connection: mach=true listener=false peer=false name=com.apple.fonts
2026-09-09 19:44:04.182 I  PeachCommander[28619:16ea1] [com.apple.launchservices:cas] information in shared memory for 0x0-0x180180 with seed 533 was still valid, so using cached info { "ApplicationType"="Foreground", "BuildMachineOSBuild"="25E246", "BundleIdentifierLowerCase"="com.peachcommander.app", "CFBundleDevelopmentRegion"="en", "CFBundleDocumentTypes"=( { "CFBundleTypeName"="Peach Commander Plugin Package", "CFBundleTypeRole"="Viewer", "LSHandlerRank"="Owner", "LSItemContentTypes"=( "com.peachcommander.plugin-package") }), "CFBundleExecutable"="PeachCommander", "CFBundleExecutablePath"="/Users/admin/pc-test/PeachCommander.app/Contents/MacOS/PeachCommander", "CFBundleExecutablePathDeviceID"=16777229, "CFBundleExecutablePathINode"=487885, "CFBundleHelpBookFolder"="PeachCommander.help", "CFBundleHelpBookName"="Peach Commander Help", "CFBundleIconFile"="AppIcon", "CFBundleIconName"="AppIcon", "CFBundleIdentifier"="com.peachcommander.app", "CFBundleInfoDictionaryVersion"="6.0", "CFBundleName"="PeachCommander", "CFBundleNameLowerCase"="peachcommander", "CFBundleNumericVersion"=402685952, "CFBundlePackageType"="APPL", "CFBundleShortVersionString"="0.9.0", "CFBun<…>
2026-09-09 19:44:04.183 I  PeachCommander[28619:16ea1] [com.apple.CoreAnalytics:client] Dropping "com.apple.appkit.app_config" as it isn't used in any transform (not in the config or budgeted?)
2026-09-09 19:44:04.183 Df PeachCommander[28619:16ea1] [com.apple.AppKit:AutomaticTermination] -[NSApplication(NSAppssassination) _checkForAutomaticTerminationSupportPossiblyEnablingIt]_block_invoke Enabling automatic termination support.
2026-09-09 19:44:04.183 Df PeachCommander[28619:16ea1] [com.apple.xpc:connection] [0xbc0cc0f00] activating connection: mach=true listener=false peer=false name=com.apple.appkit.restoration_storage
2026-09-09 19:44:04.183 I  PeachCommander[28619:16ea1] [com.apple.launchservices:cas] information in shared memory for 0x0-0x180180 with seed 533 was still valid, so using cached info { "ApplicationType"="Foreground", "BuildMachineOSBuild"="25E246", "BundleIdentifierLowerCase"="com.peachcommander.app", "CFBundleDevelopmentRegion"="en", "CFBundleDocumentTypes"=( { "CFBundleTypeName"="Peach Commander Plugin Package", "CFBundleTypeRole"="Viewer", "LSHandlerRank"="Owner", "LSItemContentTypes"=( "com.peachcommander.plugin-package") }), "CFBundleExecutable"="PeachCommander", "CFBundleExecutablePath"="/Users/admin/pc-test/PeachCommander.app/Contents/MacOS/PeachCommander", "CFBundleExecutablePathDeviceID"=16777229, "CFBundleExecutablePathINode"=487885, "CFBundleHelpBookFolder"="PeachCommander.help", "CFBundleHelpBookName"="Peach Commander Help", "CFBundleIconFile"="AppIcon", "CFBundleIconName"="AppIcon", "CFBundleIdentifier"="com.peachcommander.app", "CFBundleInfoDictionaryVersion"="6.0", "CFBundleName"="PeachCommander", "CFBundleNameLowerCase"="peachcommander", "CFBundleNumericVersion"=402685952, "CFBundlePackageType"="APPL", "CFBundleShortVersionString"="0.9.0", "CFBun<…>
2026-09-09 19:44:04.183 Df PeachCommander[28619:16ea1] [com.apple.xpc:connection] [0xbc0cc1040] activating connection: mach=true listener=false peer=false name=com.apple.coreservices.appleevents
2026-09-09 19:44:04.183 I  PeachCommander[28619:16ea1] [com.apple.appleevents:main] _AEGetRegisteredMachPort() created default port (port:64515/0xfc03 rcv:1 send:1 limit:5) and registered it with server
2026-09-09 19:44:04.183 Df PeachCommander[28619:16ea1] [com.apple.xpc:connection] [0xbc0cc0280] Connection returned listener port: 0x4103
2026-09-09 19:44:04.184 I  PeachCommander[28619:16ea1] [com.apple.launchservices:cas] information in shared memory for 0x0-0x180180 with seed 533 was still valid, so using cached info { "ApplicationType"="Foreground", "BuildMachineOSBuild"="25E246", "BundleIdentifierLowerCase"="com.peachcommander.app", "CFBundleDevelopmentRegion"="en", "CFBundleDocumentTypes"=( { "CFBundleTypeName"="Peach Commander Plugin Package", "CFBundleTypeRole"="Viewer", "LSHandlerRank"="Owner", "LSItemContentTypes"=( "com.peachcommander.plugin-package") }), "CFBundleExecutable"="PeachCommander", "CFBundleExecutablePath"="/Users/admin/pc-test/PeachCommander.app/Contents/MacOS/PeachCommander", "CFBundleExecutablePathDeviceID"=16777229, "CFBundleExecutablePathINode"=487885, "CFBundleHelpBookFolder"="PeachCommander.help", "CFBundleHelpBookName"="Peach Commander Help", "CFBundleIconFile"="AppIcon", "CFBundleIconName"="AppIcon", "CFBundleIdentifier"="com.peachcommander.app", "CFBundleInfoDictionaryVersion"="6.0", "CFBundleName"="PeachCommander", "CFBundleNameLowerCase"="peachcommander", "CFBundleNumericVersion"=402685952, "CFBundlePackageType"="APPL", "CFBundleShortVersionString"="0.9.0", "CFBun<…>
2026-09-09 19:44:04.184 Df PeachCommander[28619:16ea1] [com.apple.processmanager:front-35286506] SignalReady: pid=28619 asn=0x0-0x180180
2026-09-09 19:44:04.184 Df PeachCommander[28619:16ea1] [com.apple.processmanager:front-35286506] SIGNAL: pid=28619 asn=0x0x-0x180180
2026-09-09 19:44:04.184 I  PeachCommander[28619:16ea1] [com.apple.appleevents:main] aeGenerateFakeFirstOAPPEventIfNecessary()
2026-09-09 19:44:04.184 I  PeachCommander[28619:16ea1] [com.apple.appleevents:main] aeGenerateFakeFirstOAPPEventIfNecessary(), needToCreateFakeOAPPEventIfFirstEvent == true
2026-09-09 19:44:04.184 I  PeachCommander[28619:16ea1] [com.apple.launchservices:cas] Removing cached information for app [ 0x0-0x180180]  "PeachCommander", as its seed is different from that in shared memory ( 533 vs 535)
2026-09-09 19:44:04.185 I  PeachCommander[28619:16ea1] [com.apple.CFPasteboard:entry] CopyData('DefaultAsciiKeyboardLayoutPasteboard' (<CFUUID 0xbc11d4720> EB82CC12-6E8B-4998-A797-BFC40855A8A0) gen: -1 item: 1264739405 flavor: 'DefaultAsciiKeyboardLayoutFlavor')
2026-09-09 19:44:04.185 I  PeachCommander[28619:16ea1] [com.apple.CFPasteboard:cache] Rebuilding cache for 'DefaultAsciiKeyboardLayoutPasteboard' (<CFUUID 0xbc11d4720> EB82CC12-6E8B-4998-A797-BFC40855A8A0)
2026-09-09 19:44:04.185 I  PeachCommander[28619:16ea1] [com.apple.CFPasteboard:exit] (not-in-cache) - result: -8 generation: 0 null data flags: 0
2026-09-09 19:44:04.185 A  PeachCommander[28619:16ea1] (CoreFoundation) Loading Preferences From User CFPrefsD
2026-09-09 19:44:04.185 A  PeachCommander[28619:16ea1] (CoreFoundation) Loading Preferences From System CFPrefsD
2026-09-09 19:44:04.185 I  PeachCommander[28619:16ea1] [com.apple.CFPasteboard:entry] CopyData('AppleIntlFileCacheModificationDatePasteboard' (<CFUUID 0xbc11d6680> 662B6603-E346-440F-B152-D79125A0605F) gen: -1 item: 1 flavor: '-32766 1768845414')
2026-09-09 19:44:04.185 I  PeachCommander[28619:16ea1] [com.apple.CFPasteboard:cache] Rebuilding cache for 'AppleIntlFileCacheModificationDatePasteboard' (<CFUUID 0xbc11d6680> 662B6603-E346-440F-B152-D79125A0605F)
2026-09-09 19:44:04.185 I  PeachCommander[28619:16ea1] [com.apple.CFPasteboard:general] Will request data from daemon
2026-09-09 19:44:04.185 I  PeachCommander[28619:16ea1] [com.apple.CFPasteboard:exit] (not-in-cache) - result: 0 generation: 1 data (310 bytes) flags: 0
2026-09-09 19:44:04.185 I  PeachCommander[28619:16ea1] [com.apple.CFPasteboard:entry] CopyData('AppleIntlFileCacheModificationDatePasteboard' (<CFUUID 0xbc11d6680> 662B6603-E346-440F-B152-D79125A0605F) gen: -1 item: 1 flavor: '-32765 1802264953')
2026-09-09 19:44:04.185 I  PeachCommander[28619:16ea1] [com.apple.CFPasteboard:general] Will request data from daemon
2026-09-09 19:44:04.185 I  PeachCommander[28619:16ea1] [com.apple.CFPasteboard:exit] (not-in-cache) - result: 0 generation: 1 data (306 bytes) flags: 0
2026-09-09 19:44:04.186 I  PeachCommander[28619:16ea1] [com.apple.CFPasteboard:entry] CopyData('AppleIntlFileCacheModificationDatePasteboard' (<CFUUID 0xbc11d6680> 662B6603-E346-440F-B152-D79125A0605F) gen: -1 item: 1 flavor: '-32764 1802264953')
2026-09-09 19:44:04.186 I  PeachCommander[28619:16ea1] [com.apple.CFPasteboard:general] Will request data from daemon
2026-09-09 19:44:04.186 I  PeachCommander[28619:16ea1] [com.apple.CFPasteboard:exit] (not-in-cache) - result: 0 generation: 1 data (281 bytes) flags: 0
2026-09-09 19:44:04.186 I  PeachCommander[28619:16ea1] [com.apple.CFPasteboard:entry] CopyData('AppleIntlFileCacheModificationDatePasteboard' (<CFUUID 0xbc11d6680> 662B6603-E346-440F-B152-D79125A0605F) gen: -1 item: 1 flavor: '-32763 1802264953')
2026-09-09 19:44:04.186 I  PeachCommander[28619:16ea1] [com.apple.CFPasteboard:general] Will request data from daemon
2026-09-09 19:44:04.186 I  PeachCommander[28619:16ea1] [com.apple.CFPasteboard:exit] (not-in-cache) - result: 0 generation: 1 data (318 bytes) flags: 0
2026-09-09 19:44:04.186 I  PeachCommander[28619:16ea1] [com.apple.CFPasteboard:entry] CopyData('AppleIntlFileCacheModificationDatePasteboard' (<CFUUID 0xbc11d6680> 662B6603-E346-440F-B152-D79125A0605F) gen: -1 item: 1 flavor: '-32765 1768845414')
2026-09-09 19:44:04.186 I  PeachCommander[28619:16ea1] [com.apple.CFPasteboard:general] Will request data from daemon
2026-09-09 19:44:04.186 I  PeachCommander[28619:16ea1] [com.apple.CFPasteboard:exit] (not-in-cache) - result: 0 generation: 1 data (303 bytes) flags: 0
2026-09-09 19:44:04.186 I  PeachCommander[28619:16ea1] [com.apple.CFPasteboard:entry] CopyData('AppleIntlFileCacheModificationDatePasteboard' (<CFUUID 0xbc11d6680> 662B6603-E346-440F-B152-D79125A0605F) gen: -1 item: 1 flavor: '-32763 1768845414')
2026-09-09 19:44:04.186 I  PeachCommander[28619:16ea1] [com.apple.CFPasteboard:general] Will request data from daemon
2026-09-09 19:44:04.186 I  PeachCommander[28619:16ea1] [com.apple.CFPasteboard:exit] (not-in-cache) - result: 0 generation: 1 data (315 bytes) flags: 0
2026-09-09 19:44:04.187 I  PeachCommander[28619:16ea1] [com.apple.launchservices:cas] information in shared memory for 0x0-0x180180 with seed 535 was still valid, so using cached info { "ApplicationType"="Foreground", "BuildMachineOSBuild"="25E246", "BundleIdentifierLowerCase"="com.peachcommander.app", "CFBundleDevelopmentRegion"="en", "CFBundleDocumentTypes"=( { "CFBundleTypeName"="Peach Commander Plugin Package", "CFBundleTypeRole"="Viewer", "LSHandlerRank"="Owner", "LSItemContentTypes"=( "com.peachcommander.plugin-package") }), "CFBundleExecutable"="PeachCommander", "CFBundleExecutablePath"="/Users/admin/pc-test/PeachCommander.app/Contents/MacOS/PeachCommander", "CFBundleExecutablePathDeviceID"=16777229, "CFBundleExecutablePathINode"=487885, "CFBundleHelpBookFolder"="PeachCommander.help", "CFBundleHelpBookName"="Peach Commander Help", "CFBundleIconFile"="AppIcon", "CFBundleIconName"="AppIcon", "CFBundleIdentifier"="com.peachcommander.app", "CFBundleInfoDictionaryVersion"="6.0", "CFBundleName"="PeachCommander", "CFBundleNameLowerCase"="peachcommander", "CFBundleNumericVersion"=402685952, "CFBundlePackageType"="APPL", "CFBundleShortVersionString"="0.9.0", "CFBun<…>
2026-09-09 19:44:04.187 Df PeachCommander[28619:16ea1] [com.apple.xpc:connection] [0xbc0cc1e00] activating connection: mach=false listener=false peer=false name=com.apple.ViewBridgeAuxiliary
2026-09-09 19:44:04.192 Df PeachCommander[28619:16ea1] [com.apple.xpc:connection] [0xbc0cc1cc0] activating connection: mach=false listener=false peer=false name=(anonymous)
2026-09-09 19:44:04.192 Df PeachCommander[28619:16ea1] [com.apple.xpc:connection] [0xbc0cc1f40] activating connection: mach=false listener=true peer=false name=(anonymous)
2026-09-09 19:44:04.192 Df PeachCommander[28619:16ea1] [com.apple.xpc:connection] [0xbc0cc1f40] Connection returned listener port: 0xb703
2026-09-09 19:44:04.192 Df PeachCommander[28619:16ea1] [com.apple.xpc:connection] [0xbc0cc1e00] invalidated after the last release of the connection object
2026-09-09 19:44:04.192 I  PeachCommander[28619:16ea1] [com.apple.showhide:pr-59900543] SHOWHIDE: SHOW id=644 0x0-0x180180, err=0 eventTime=1947817596541 windowID=0
2026-09-09 19:44:04.192 I  PeachCommander[28619:16ea1] [com.apple.CarbonCore:coreservicesdaemon] findOrCreateCacheable():findOrCreateCacheable(), factoryName=3 cacheableName=<private> fCacheables.size()=0
2026-09-09 19:44:04.192 I  PeachCommander[28619:16ea1] [com.apple.CarbonCore:coreservicesdaemon] findOrCreateCacheable():findOrCreateCacheable(), result = 0xbc0f1a200 (should be non-NULL)
2026-09-09 19:44:04.192 Df PeachCommander[28619:16ea1] [com.apple.AppKit:AutomaticTermination] void _NSDisableAutomaticTerminationAndLog(NSString *) Restoring windows
2026-09-09 19:44:04.192 Df PeachCommander[28619:16ea1] [com.apple.AppKit:StateRestoration] -[NSApplication _reopenWindowsAsNecessaryIncludingRestorableState:withFullFidelity:completionHandler:] shouldRestoreState=1 hasPersistentStateToRestore=0 shouldStillRestoreStateAfterPrompting=0
2026-09-09 19:44:04.192 Df PeachCommander[28619:16ea1] [com.apple.xpc:connection] [0xbc0cc1e00] activating connection: mach=true listener=false peer=false name=com.apple.window_proxies
2026-09-09 19:44:04.193 Df PeachCommander[28619:16ea1] [com.apple.xpc:connection] [0xbc0cc1e00] invalidated because the current process cancelled the connection by calling xpc_connection_cancel()
2026-09-09 19:44:04.193 I  PeachCommander[28619:16ea1] [com.apple.SkyLight:processes] 0[outside of RPC]: SLSSetFrontProcessWithInfo(0x0-0x2 window=0 options=0x1
2026-09-09 19:44:04.193 I  PeachCommander[28619:16ea1] [com.apple.CoreAnalytics:client] Dropping "com.apple.appkit.app_config" as it isn't used in any transform (not in the config or budgeted?)
2026-09-09 19:44:04.193 Df PeachCommander[28619:16ea1] [com.apple.AppKit:AutomaticTermination] void _NSEnableAutomaticTerminationAndLog(NSString *) Restoring windows
2026-09-09 19:44:04.195 I  PeachCommander[28619:16ea1] [com.apple.CoreAnalytics:client] Dropping "com.apple.appkit.app_config" as it isn't used in any transform (not in the config or budgeted?)
2026-09-09 19:44:04.196 I  PeachCommander[28619:16ea1] [com.apple.CoreAnalytics:client] Dropping "com.apple.appkit.app_config" as it isn't used in any transform (not in the config or budgeted?)
2026-09-09 19:44:04.205 A  PeachCommander[28619:16ea1] (CoreFoundation) Loading Preferences From User CFPrefsD
2026-09-09 19:44:04.211 I  PeachCommander[28619:16ea1] [com.peachcommander:PCFoundation] VolumeManager initialized
2026-09-09 19:44:04.226 Df PeachCommander[28619:16ea1] [com.apple.BoardServices:XPCErrors] [C:1] Alloc <private>
2026-09-09 19:44:04.226 Df PeachCommander[28619:16ea1] [com.apple.xpc:connection] [0xbc0fe9180] activating connection: mach=false listener=false peer=false name=(anonymous)
2026-09-09 19:44:04.228 I  PeachCommander[28619:16ea1] [com.apple.AppKit:Window] context (0 -> 811278d2) for window 61b
2026-09-09 19:44:04.229 Df PeachCommander[28619:16ead] [com.apple.corespotlight:index] (<private>) deleteSearchableItemsWithDomainIdentifiers, protectionClass:(null), domainIdentifiers number:1
2026-09-09 19:44:04.229 A  PeachCommander[28619:16ead] (CoreSpotlight) delete-domains
2026-09-09 19:44:04.229 Df PeachCommander[28619:16ead] [com.apple.corespotlight:index] CSInlineDonation:<private>: Skipping donation (feature flag disabled)
2026-09-09 19:44:04.229 Df PeachCommander[28619:16ead] (CoreSpotlight) sConnectionName: com.apple.spotlight.IndexAgent
2026-09-09 19:44:04.229 Df PeachCommander[28619:16ead] (CoreSpotlight) Start service name com.apple.spotlight.IndexAgent
2026-09-09 19:44:04.229 Df PeachCommander[28619:16ead] [com.apple.xpc:connection] [0xbc0fe9400] activating connection: mach=true listener=false peer=false name=com.apple.spotlight.IndexAgent
2026-09-09 19:44:04.229 I  PeachCommander[28619:16ea1] [com.peachcommander:PCFoundation] MainWindowController initialized (config: <private>)
2026-09-09 19:44:04.229 I  PeachCommander[28619:16ea1] [com.peachcommander:PCFoundation] SelectionState initialized
2026-09-09 19:44:04.229 I  PeachCommander[28619:16ea1] [com.peachcommander:PCFoundation] DirectoryModel initialized
2026-09-09 19:44:04.229 I  PeachCommander[28619:16ea1] [com.peachcommander:PCFoundation] VolumeManager initialized
2026-09-09 19:44:04.229 I  PeachCommander[28619:16ea1] [com.peachcommander:PCFoundation] PanelController initialized for <private> panel
2026-09-09 19:44:04.230 I  PeachCommander[28619:16ea1] [com.peachcommander:PCFoundation] SelectionState initialized
2026-09-09 19:44:04.230 I  PeachCommander[28619:16ea1] [com.peachcommander:PCFoundation] DirectoryModel initialized
2026-09-09 19:44:04.230 I  PeachCommander[28619:16ea1] [com.peachcommander:PCFoundation] VolumeManager initialized
2026-09-09 19:44:04.230 I  PeachCommander[28619:16ea1] [com.peachcommander:PCFoundation] PanelController initialized for <private> panel
2026-09-09 19:44:04.233 I  PeachCommander[28619:16ea1] [com.apple.AppKit:Animation] Running new animation: <private>
2026-09-09 19:44:04.233 I  PeachCommander[28619:16ea1] [com.apple.AppKit:Animation] Running new animation: <private>
2026-09-09 19:44:04.233 I  PeachCommander[28619:16ea1] [com.apple.AppKit:Animation] Running new animation: <private>
2026-09-09 19:44:04.233 I  PeachCommander[28619:16ea1] [com.apple.AppKit:Animation] Running new animation: <private>
2026-09-09 19:44:04.233 I  PeachCommander[28619:16ea1] [com.apple.AppKit:Animation] Running new animation: <private>
2026-09-09 19:44:04.235 I  PeachCommander[28619:16ea1] [com.apple.AppKit:Animation] Running new animation: <private>
2026-09-09 19:44:04.235 I  PeachCommander[28619:16ea1] [com.apple.AppKit:Animation] Running new animation: <private>
2026-09-09 19:44:04.235 I  PeachCommander[28619:16ea1] [com.apple.AppKit:Animation] Running new animation: <private>
2026-09-09 19:44:04.235 I  PeachCommander[28619:16ea1] [com.apple.AppKit:Animation] Running new animation: <private>
2026-09-09 19:44:04.235 I  PeachCommander[28619:16ea1] [com.apple.AppKit:Animation] Running new animation: <private>
2026-09-09 19:44:04.237 A  PeachCommander[28619:16ead] (RunningBoardServices) didChangeInheritances
2026-09-09 19:44:04.242 I  PeachCommander[28619:16ea1] [com.apple.CoreAnalytics:client] Dropping "com.apple.appkit.app_config" as it isn't used in any transform (not in the config or budgeted?)
2026-09-09 19:44:04.244 I  PeachCommander[28619:16ea1] [com.apple.CoreAnalytics:client] Dropping "com.apple.appkit.app_config" as it isn't used in any transform (not in the config or budgeted?)
2026-09-09 19:44:04.247 I  PeachCommander[28619:16ea1] [com.apple.launchservices:datasep] application record search init. Node: <FSNode 0xbc1662ba0> { isDir = ?, path = <private> } bundleID: (null) itemID: 0
2026-09-09 19:44:04.248 I  PeachCommander[28619:16ea1] [com.apple.GenerativeModels:availability] Current availability state: unavailable, use cases: com.apple.Settings.AppleIntelligence,com.apple.Siri.NLRouter, language: en, api: <private>
2026-09-09 19:44:04.248 Df PeachCommander[28619:16ea1] [com.apple.GenerativeModels:availability] isOkayToHaveAsset: False
2026-09-09 19:44:04.248 E  PeachCommander[28619:16ea1] [com.apple.siri:Utility] AFIsDeviceGreymatterEligible Missing entitlements for os_eligibility lookup
2026-09-09 19:44:04.248 I  PeachCommander[28619:16ea1] [com.apple.GenerativeModels:availability] Current availability state: unavailable, use cases: com.apple.Settings.AppleIntelligence, language: en, api: <private>
2026-09-09 19:44:04.248 Df PeachCommander[28619:16ea1] [com.apple.GenerativeModels:availability] isOkayToHaveAsset: False
2026-09-09 19:44:04.248 Df PeachCommander[28619:16ea1] [com.apple.siri:Utility] -[AFSystemAssistantExperienceStatusManager fetchGenerativeModelsAvailability] #SAEStatus #cacheUpdate Updating cache:
deviceSupportsSAE: 0 (0)
       saeEnabled: 0 (0)
     saeAvailable: 0 (0)
      swaiEnabled: 0 (0)
        viEnabled: 0 (0)
        siriAvailability:
        <private>
        ((null))
2026-09-09 19:44:04.248 Df PeachCommander[28619:16ea1] [com.apple.xpc:connection] [0xbc05fc140] activating connection: mach=true listener=false peer=false name=com.apple.iconservices
2026-09-09 19:44:04.248 Df PeachCommander[28619:16ea1] [com.apple.xpc:connection] [0xbc05fc280] activating connection: mach=true listener=false peer=false name=com.apple.iconservices.store
2026-09-09 19:44:04.252 I  PeachCommander[28619:16ea1] [com.peachcommander:Theme] no user themes in /Users/admin/pc-cfg/themes
2026-09-09 19:44:04.252 Df PeachCommander[28619:16ea1] [com.apple.AppKit:Appearance] Invalidate NSApp effectiveAppearance
2026-09-09 19:44:04.253 Df PeachCommander[28619:16ea1] [com.apple.AppKit:Appearance] NSApp cache appearance:
-NSRequiresAquaSystemAppearance: 0
-appearance: (null)
-effectiveAppearance: <NSCompositeAppearance: 0xbc1034500
 (
    "<NSAquaAppearance: 0xbc1034460>",
    "<NSSystemAppearance: 0xbc1034780>"
)>
2026-09-09 19:44:04.253 A  PeachCommander[28619:16eae] (libsystem_info.dylib) Retrieve Group by ID
2026-09-09 19:44:04.253 I  PeachCommander[28619:16ea1] [com.peachcommander:PCFoundation] Theme applied: id=system, appearance=system, dark=false, background=#FFFFFF
2026-09-09 19:44:04.279 I  PeachCommander[28619:16ea1] [com.apple.iconservices:foundation] layer data size zero
2026-09-09 19:44:04.279 I  PeachCommander[28619:16ea1] [com.apple.CoreAnalytics:client] Dropping "com.apple.appkit.app_config" as it isn't used in any transform (not in the config or budgeted?)
2026-09-09 19:44:04.282 I  PeachCommander[28619:16ea1] [com.peachcommander:PCFoundation] Keymap loaded: scheme=<private>, 82 effective bindings
2026-09-09 19:44:04.283 I  PeachCommander[28619:16ea1] [com.apple.AppKit:Animation] Running new animation: <private>
2026-09-09 19:44:04.283 I  PeachCommander[28619:16ea1] [com.apple.AppKit:Animation] Running new animation: <private>
2026-09-09 19:44:04.283 I  PeachCommander[28619:16ea1] [com.apple.AppKit:Animation] Running new animation: <private>
2026-09-09 19:44:04.283 I  PeachCommander[28619:16ea1] [com.apple.AppKit:Animation] Running new animation: <private>
2026-09-09 19:44:04.283 I  PeachCommander[28619:16ea1] [com.apple.AppKit:Animation] Running new animation: <private>
2026-09-09 19:44:04.283 I  PeachCommander[28619:16ea1] [com.apple.AppKit:Animation] Running new animation: <private>
2026-09-09 19:44:04.283 I  PeachCommander[28619:16ea1] [com.apple.AppKit:Animation] Running new animation: <private>
2026-09-09 19:44:04.283 I  PeachCommander[28619:16ea1] [com.apple.AppKit:Animation] Running new animation: <private>
2026-09-09 19:44:04.283 I  PeachCommander[28619:16ea1] [com.apple.AppKit:Animation] Running new animation: <private>
2026-09-09 19:44:04.283 I  PeachCommander[28619:16ea1] [com.apple.AppKit:Animation] Running new animation: <private>
2026-09-09 19:44:04.286 I  PeachCommander[28619:16ea1] [com.apple.CoreAnalytics:client] Dropping "<private>" as it isn't used in any transform (not in the config or budgeted?)
2026-09-09 19:44:04.286 I  PeachCommander[28619:16ea1] [com.apple.CoreAnalytics:client] Dropping "<private>" as it isn't used in any transform (not in the config or budgeted?)
2026-09-09 19:44:04.286 I  PeachCommander[28619:16ea1] [com.apple.CoreAnalytics:client] Dropping "<private>" as it isn't used in any transform (not in the config or budgeted?)
2026-09-09 19:44:04.287 I  PeachCommander[28619:16ea1] [com.peachcommander:PCFoundation] MainWindowController window loaded
2026-09-09 19:44:04.287 I  PeachCommander[28619:16ea1] [com.apple.launchservices:cas] information in shared memory for 0x0-0x180180 with seed 535 was still valid, so using cached info { "ApplicationType"="Foreground", "BuildMachineOSBuild"="25E246", "BundleIdentifierLowerCase"="com.peachcommander.app", "CFBundleDevelopmentRegion"="en", "CFBundleDocumentTypes"=( { "CFBundleTypeName"="Peach Commander Plugin Package", "CFBundleTypeRole"="Viewer", "LSHandlerRank"="Owner", "LSItemContentTypes"=( "com.peachcommander.plugin-package") }), "CFBundleExecutable"="PeachCommander", "CFBundleExecutablePath"="/Users/admin/pc-test/PeachCommander.app/Contents/MacOS/PeachCommander", "CFBundleExecutablePathDeviceID"=16777229, "CFBundleExecutablePathINode"=487885, "CFBundleHelpBookFolder"="PeachCommander.help", "CFBundleHelpBookName"="Peach Commander Help", "CFBundleIconFile"="AppIcon", "CFBundleIconName"="AppIcon", "CFBundleIdentifier"="com.peachcommander.app", "CFBundleInfoDictionaryVersion"="6.0", "CFBundleName"="PeachCommander", "CFBundleNameLowerCase"="peachcommander", "CFBundleNumericVersion"=402685952, "CFBundlePackageType"="APPL", "CFBundleShortVersionString"="0.9.0", "CFBun<…>
2026-09-09 19:44:04.287 I  PeachCommander[28619:16ea1] [com.apple.launchservices:cas] information in shared memory for 0x0-0x180180 with seed 535 was still valid, so using cached info { "ApplicationType"="Foreground", "BuildMachineOSBuild"="25E246", "BundleIdentifierLowerCase"="com.peachcommander.app", "CFBundleDevelopmentRegion"="en", "CFBundleDocumentTypes"=( { "CFBundleTypeName"="Peach Commander Plugin Package", "CFBundleTypeRole"="Viewer", "LSHandlerRank"="Owner", "LSItemContentTypes"=( "com.peachcommander.plugin-package") }), "CFBundleExecutable"="PeachCommander", "CFBundleExecutablePath"="/Users/admin/pc-test/PeachCommander.app/Contents/MacOS/PeachCommander", "CFBundleExecutablePathDeviceID"=16777229, "CFBundleExecutablePathINode"=487885, "CFBundleHelpBookFolder"="PeachCommander.help", "CFBundleHelpBookName"="Peach Commander Help", "CFBundleIconFile"="AppIcon", "CFBundleIconName"="AppIcon", "CFBundleIdentifier"="com.peachcommander.app", "CFBundleInfoDictionaryVersion"="6.0", "CFBundleName"="PeachCommander", "CFBundleNameLowerCase"="peachcommander", "CFBundleNumericVersion"=402685952, "CFBundlePackageType"="APPL", "CFBundleShortVersionString"="0.9.0", "CFBun<…>
2026-09-09 19:44:04.296 I  PeachCommander[28619:16ea1] [com.apple.AppKit:Window] order window front conditionally: 61b related: 0
2026-09-09 19:44:04.296 Df PeachCommander[28619:16ea1] [com.apple.AppKit:AutomaticTermination] void _NSEnableAutomaticTerminationAndLog(NSString *) No windows open yet
2026-09-09 19:44:04.296 I  PeachCommander[28619:16ea1] [com.apple.AppKit:Intelligence] starting collection observation
2026-09-09 19:44:04.296 Df PeachCommander[28619:16ead] [com.apple.UIIntelligenceSupport:xpc] establishing connection to agent
2026-09-09 19:44:04.296 Df PeachCommander[28619:16ead] [com.apple.xpc:session] [0xbc008d130] Session created.
2026-09-09 19:44:04.296 Df PeachCommander[28619:16ead] [com.apple.xpc:session] [0xbc008d130] Session created from connection [0xbc05fe300]
2026-09-09 19:44:04.296 Df PeachCommander[28619:16ead] [com.apple.xpc:connection] [0xbc05fe300] activating connection: mach=true listener=false peer=false name=com.apple.uiintelligencesupport.agent
2026-09-09 19:44:04.296 Df PeachCommander[28619:16ead] [com.apple.xpc:session] [0xbc008d130] Session activated
2026-09-09 19:44:04.296 I  PeachCommander[28619:16ea1] [com.apple.SkyLight:processes] 0[outside of RPC]: SLSSetFrontProcessWithInfo(0x0-0x2 window=0 options=0x1
2026-09-09 19:44:04.296 Df PeachCommander[28619:16ea8] [com.apple.UIIntelligenceSupport:xpc] Connection established with agent PID: 1128
2026-09-09 19:44:04.297 I  PeachCommander[28619:16ea1] [com.apple.launchservices:cas] information in shared memory for 0x0-0x180180 with seed 535 was still valid, so using cached info { "ApplicationType"="Foreground", "BuildMachineOSBuild"="25E246", "BundleIdentifierLowerCase"="com.peachcommander.app", "CFBundleDevelopmentRegion"="en", "CFBundleDocumentTypes"=( { "CFBundleTypeName"="Peach Commander Plugin Package", "CFBundleTypeRole"="Viewer", "LSHandlerRank"="Owner", "LSItemContentTypes"=( "com.peachcommander.plugin-package") }), "CFBundleExecutable"="PeachCommander", "CFBundleExecutablePath"="/Users/admin/pc-test/PeachCommander.app/Contents/MacOS/PeachCommander", "CFBundleExecutablePathDeviceID"=16777229, "CFBundleExecutablePathINode"=487885, "CFBundleHelpBookFolder"="PeachCommander.help", "CFBundleHelpBookName"="Peach Commander Help", "CFBundleIconFile"="AppIcon", "CFBundleIconName"="AppIcon", "CFBundleIdentifier"="com.peachcommander.app", "CFBundleInfoDictionaryVersion"="6.0", "CFBundleName"="PeachCommander", "CFBundleNameLowerCase"="peachcommander", "CFBundleNumericVersion"=402685952, "CFBundlePackageType"="APPL", "CFBundleShortVersionString"="0.9.0", "CFBun<…>
2026-09-09 19:44:04.297 Df PeachCommander[28619:16ea1] [com.apple.xpc:connection] [0xbc05fe440] activating connection: mach=true listener=false peer=false name=com.apple.FileCoordination
2026-09-09 19:44:04.297 Df PeachCommander[28619:16ea8] [com.apple.foundation.filecoordination:presenter] Adding presenter 93F7B9B8-4D8A-4186-9B9A-995C11E7B1BC for URL: <private>
2026-09-09 19:44:04.297 I  PeachCommander[28619:16ea1] [com.apple.launchservices:cas] information in shared memory for 0x0-0x180180 with seed 535 was still valid, so using cached info { "ApplicationType"="Foreground", "BuildMachineOSBuild"="25E246", "BundleIdentifierLowerCase"="com.peachcommander.app", "CFBundleDevelopmentRegion"="en", "CFBundleDocumentTypes"=( { "CFBundleTypeName"="Peach Commander Plugin Package", "CFBundleTypeRole"="Viewer", "LSHandlerRank"="Owner", "LSItemContentTypes"=( "com.peachcommander.plugin-package") }), "CFBundleExecutable"="PeachCommander", "CFBundleExecutablePath"="/Users/admin/pc-test/PeachCommander.app/Contents/MacOS/PeachCommander", "CFBundleExecutablePathDeviceID"=16777229, "CFBundleExecutablePathINode"=487885, "CFBundleHelpBookFolder"="PeachCommander.help", "CFBundleHelpBookName"="Peach Commander Help", "CFBundleIconFile"="AppIcon", "CFBundleIconName"="AppIcon", "CFBundleIdentifier"="com.peachcommander.app", "CFBundleInfoDictionaryVersion"="6.0", "CFBundleName"="PeachCommander", "CFBundleNameLowerCase"="peachcommander", "CFBundleNumericVersion"=402685952, "CFBundlePackageType"="APPL", "CFBundleShortVersionString"="0.9.0", "CFBun<…>
2026-09-09 19:44:04.300 I  PeachCommander[28619:16ea1] [com.apple.AppKit:Window] order all windows front 1947817596541
2026-09-09 19:44:04.300 I  PeachCommander[28619:16ea1] [com.apple.launchservices:cas] information in shared memory for 0x0-0x180180 with seed 535 was still valid, so using cached info { "ApplicationType"="Foreground", "BuildMachineOSBuild"="25E246", "BundleIdentifierLowerCase"="com.peachcommander.app", "CFBundleDevelopmentRegion"="en", "CFBundleDocumentTypes"=( { "CFBundleTypeName"="Peach Commander Plugin Package", "CFBundleTypeRole"="Viewer", "LSHandlerRank"="Owner", "LSItemContentTypes"=( "com.peachcommander.plugin-package") }), "CFBundleExecutable"="PeachCommander", "CFBundleExecutablePath"="/Users/admin/pc-test/PeachCommander.app/Contents/MacOS/PeachCommander", "CFBundleExecutablePathDeviceID"=16777229, "CFBundleExecutablePathINode"=487885, "CFBundleHelpBookFolder"="PeachCommander.help", "CFBundleHelpBookName"="Peach Commander Help", "CFBundleIconFile"="AppIcon", "CFBundleIconName"="AppIcon", "CFBundleIdentifier"="com.peachcommander.app", "CFBundleInfoDictionaryVersion"="6.0", "CFBundleName"="PeachCommander", "CFBundleNameLowerCase"="peachcommander", "CFBundleNumericVersion"=402685952, "CFBundlePackageType"="APPL", "CFBundleShortVersionString"="0.9.0", "CFBun<…>
2026-09-09 19:44:04.300 I  PeachCommander[28619:16ea1] [com.apple.showhide:pr-59900543] SHOWHIDE: CONFIRM, id=644, err=0
2026-09-09 19:44:04.300 I  PeachCommander[28619:16ea1] [com.apple.AppKit:Window] context (0 -> cc8c149b) for window 61a
2026-09-09 19:44:04.300 I  PeachCommander[28619:16ea1] [com.apple.AppKit:Window] context (0 -> 44990a6e) for window 619
2026-09-09 19:44:04.300 I  PeachCommander[28619:16ea1] [com.apple.AppKit:Window] context (0 -> 498a4df) for window 618
2026-09-09 19:44:04.300 I  PeachCommander[28619:16ea1] [com.apple.AppKit:Window] context (0 -> 595d15d6) for window 617
2026-09-09 19:44:04.325 Df PeachCommander[28619:16ea1] [com.apple.AppKit:AutomaticTermination] void _updateToReflectAutomaticTerminationState(void) Setting _kLSApplicationWouldBeTerminatedByTALKey=0
2026-09-09 19:44:04.326 I  PeachCommander[28619:16ea1] [com.apple.runningboard:assertion] Acquiring assertion: <RBSAssertionDescriptor| "AppNap adapter assertion" ID:(null) target:28619>
2026-09-09 19:44:04.359 A  PeachCommander[28619:16ea9] (RunningBoardServices) didChangeInheritances
2026-09-09 19:44:04.384 Df PeachCommander[28619:16ea1] [com.apple.libsystem.libdispatch:] DEPRECATED USE in libdispatch client: dispatch source activated with no event handler set; set a breakpoint on _dispatch_bug_deprecated to debug
2026-09-09 19:44:04.476 I  PeachCommander[28619:16ea1] [com.apple.coreanimation:Utilities] IOSurface Compression Enabled: NO
2026-09-09 19:44:04.477 Df PeachCommander[28619:16ea9] [com.apple.coreanimation:Metal] Precompiled pipelines disabled on unsupported hardware.
2026-09-09 19:44:04.489 I  PeachCommander[28619:16ea1] [com.apple.CarbonCore:gestalt] SetGestaltValuesBulk SetGestaltValuesBulk( count=22 tuples=0x18794a650
2026-09-09 19:44:04.489 I  PeachCommander[28619:16ea1] [com.apple.CarbonCore:gestalt] SetGestaltValue SetGestaltValue(alis 1C9) => 0
2026-09-09 19:44:04.489 I  PeachCommander[28619:16ea1] [com.apple.CarbonCore:gestalt] SetGestaltValue SetGestaltValue(os   FE) => 0
2026-09-09 19:44:04.489 I  PeachCommander[28619:16ea1] [com.apple.CarbonCore:gestalt] SetGestaltValue SetGestaltValue(addr 7) => 0
2026-09-09 19:44:04.489 I  PeachCommander[28619:16ea1] [com.apple.CarbonCore:gestalt] SetGestaltValue SetGestaltValue(fs   3D332) => 0
2026-09-09 19:44:04.489 I  PeachCommander[28619:16ea1] [com.apple.CarbonCore:gestalt] SetGestaltValue SetGestaltValue(fold 11) => 0
2026-09-09 19:44:04.489 I  PeachCommander[28619:16ea1] [com.apple.CarbonCore:gestalt] SetGestaltValue SetGestaltValue(lram 7FFFF000) => 0
2026-09-09 19:44:04.489 I  PeachCommander[28619:16ea1] [com.apple.CarbonCore:gestalt] SetGestaltValue SetGestaltValue(mmap 1) => 0
2026-09-09 19:44:04.489 I  PeachCommander[28619:16ea1] [com.apple.CarbonCore:gestalt] SetGestaltValue SetGestaltValue(cfrg 1) => 0
2026-09-09 19:44:04.489 I  PeachCommander[28619:16ea1] [com.apple.CarbonCore:gestalt] SetGestaltValue SetGestaltValue(thds 7) => 0
2026-09-09 19:44:04.489 I  PeachCommander[28619:16ea1] [com.apple.CarbonCore:gestalt] SetGestaltValue SetGestaltValue(tmgr E) => 0
2026-09-09 19:44:04.489 I  PeachCommander[28619:16ea1] [com.apple.CarbonCore:gestalt] SetGestaltValue SetGestaltValue(vers 7) => 0
2026-09-09 19:44:04.489 I  PeachCommander[28619:16ea1] [com.apple.CarbonCore:gestalt] SetGestaltValue SetGestaltValue(cbon 160) => 0
2026-09-09 19:44:04.489 I  PeachCommander[28619:16ea1] [com.apple.CarbonCore:gestalt] SetGestaltValue SetGestaltValue(cltn 1108000) => 0
2026-09-09 19:44:04.489 I  PeachCommander[28619:16ea1] [com.apple.CarbonCore:gestalt] SetGestaltValue SetGestaltValue(cpnt 8) => 0
2026-09-09 19:44:04.489 I  PeachCommander[28619:16ea1] [com.apple.CarbonCore:gestalt] SetGestaltValue SetGestaltValue(rsrc 3) => 0
2026-09-09 19:44:04.489 I  PeachCommander[28619:16ea1] [com.apple.CarbonCore:gestalt] SetGestaltValue SetGestaltValue(rmbg 11F) => 0
2026-09-09 19:44:04.489 I  PeachCommander[28619:16ea1] [com.apple.CarbonCore:gestalt] SetGestaltValue SetGestaltValue(vm   11) => 0
2026-09-09 19:44:04.489 I  PeachCommander[28619:16ea1] [com.apple.CarbonCore:gestalt] SetGestaltValue SetGestaltValue(srad 4170706C) => 0
2026-09-09 19:44:04.489 I  PeachCommander[28619:16ea1] [com.apple.CarbonCore:gestalt] SetGestaltValue SetGestaltValue(sysa 14) => 0
2026-09-09 19:44:04.489 I  PeachCommander[28619:16ea1] [com.apple.CarbonCore:gestalt] SetGestaltValue SetGestaltValue(copl 9) => 0
2026-09-09 19:44:04.489 I  PeachCommander[28619:16ea1] [com.apple.CarbonCore:gestalt] SetGestaltValue SetGestaltValue(xlat 0) => 0
2026-09-09 19:44:04.489 I  PeachCommander[28619:16ea1] [com.apple.CarbonCore:gestalt] SetGestaltValue SetGestaltValue(stdf 0) => 0
2026-09-09 19:44:04.489 I  PeachCommander[28619:16ea1] [com.apple.CarbonCore:gestalt] _NewGestalt _NewGestalt(ram  0x1878c3644) => 0
2026-09-09 19:44:04.489 I  PeachCommander[28619:16ea1] [com.apple.CarbonCore:gestalt] _NewGestalt _NewGestalt(ramm 0x1878c3644) => 0
2026-09-09 19:44:04.489 I  PeachCommander[28619:16ea1] [com.apple.CarbonCore:gestalt] _NewGestalt _NewGestalt(cput 0x1878c3734) => 0
2026-09-09 19:44:04.489 I  PeachCommander[28619:16ea1] [com.apple.CarbonCore:gestalt] _NewGestalt _NewGestalt(cpuf 0x1878c3764) => 0
2026-09-09 19:44:04.489 I  PeachCommander[28619:16ea1] [com.apple.CarbonCore:gestalt] _NewGestalt _NewGestalt(bclk 0x1878c3794) => 0
2026-09-09 19:44:04.489 I  PeachCommander[28619:16ea1] [com.apple.CarbonCore:gestalt] _NewGestalt _NewGestalt(bclm 0x1878c3794) => 0
2026-09-09 19:44:04.489 I  PeachCommander[28619:16ea1] [com.apple.CarbonCore:gestalt] _NewGestalt _NewGestalt(pclk 0x1878c3834) => 0
2026-09-09 19:44:04.489 I  PeachCommander[28619:16ea1] [com.apple.CarbonCore:gestalt] _NewGestalt _NewGestalt(mclk 0x1878c3834) => 0
2026-09-09 19:44:04.489 I  PeachCommander[28619:16ea1] [com.apple.CarbonCore:gestalt] _NewGestalt _NewGestalt(a/ux 0x1878c394c) => 0
2026-09-09 19:44:04.489 I  PeachCommander[28619:16ea1] [com.apple.CarbonCore:gestalt] _NewGestalt _NewGestalt(pgsz 0x1878c3954) => 0
2026-09-09 19:44:04.489 I  PeachCommander[28619:16ea1] [com.apple.CarbonCore:gestalt] _NewGestalt _NewGestalt(csiz 0x1878c3994) => 0
2026-09-09 19:44:04.489 I  PeachCommander[28619:16ea1] [com.apple.CarbonCore:gestalt] _NewGestalt _NewGestalt(sysv 0x18786edfc) => 0
2026-09-09 19:44:04.489 I  PeachCommander[28619:16ea1] [com.apple.CarbonCore:gestalt] _NewGestalt _NewGestalt(sys1 0x18786edfc) => 0
2026-09-09 19:44:04.489 I  PeachCommander[28619:16ea1] [com.apple.CarbonCore:gestalt] _NewGestalt _NewGestalt(sys2 0x18786edfc) => 0
2026-09-09 19:44:04.489 I  PeachCommander[28619:16ea1] [com.apple.CarbonCore:gestalt] _NewGestalt _NewGestalt(sys3 0x18786edfc) => 0
2026-09-09 19:44:04.489 I  PeachCommander[28619:16ea1] [com.apple.CarbonCore:gestalt] _NewGestalt _NewGestalt(cdfl 0x1878c39d4) => 0
2026-09-09 19:44:04.489 I  PeachCommander[28619:16ea1] [com.apple.CarbonCore:gestalt] _NewGestalt _NewGestalt(cdrm 0x1878c3c30) => 0
2026-09-09 19:44:04.489 I  PeachCommander[28619:16ea1] [com.apple.CarbonCore:gestalt] _NewGestalt _NewGestalt(cpus 0x1878c3c78) => 0
2026-09-09 19:44:04.489 I  PeachCommander[28619:16ea1] [com.apple.CarbonCore:gestalt] SetGestaltValue SetGestaltValue(swex 1) => 0
2026-09-09 19:44:04.489 Df PeachCommander[28619:16ea1] [com.apple.xpc:connection] [0xbc05ff980] activating connection: mach=false listener=false peer=false name=com.apple.hiservices-xpcservice
2026-09-09 19:44:04.490 I  PeachCommander[28619:16ea1] [com.apple.CFPasteboard:entry] CopyData('ApplePerContextInputPasteboard' (<CFUUID 0xbc1c519c0> 3A677EB4-10AA-488B-BEB7-1BA639B26E6B) gen: -1 item: 1264739405 flavor: 'ApplePerContextInputFlavor')
2026-09-09 19:44:04.490 I  PeachCommander[28619:16ea1] [com.apple.CFPasteboard:cache] Rebuilding cache for 'ApplePerContextInputPasteboard' (<CFUUID 0xbc1c519c0> 3A677EB4-10AA-488B-BEB7-1BA639B26E6B)
2026-09-09 19:44:04.490 I  PeachCommander[28619:16ea1] [com.apple.CFPasteboard:general] Will request data from daemon
2026-09-09 19:44:04.490 I  PeachCommander[28619:16ea1] [com.apple.CFPasteboard:exit] (not-in-cache) - result: 0 generation: 1 data (182 bytes) flags: 0
2026-09-09 19:44:04.490 I  PeachCommander[28619:16ea1] [com.apple.CFPasteboard:entry] CopyData('DefaultAsciiKeyboardLayoutPasteboard' (<CFUUID 0xbc11d4720> EB82CC12-6E8B-4998-A797-BFC40855A8A0) gen: -1 item: 1264739405 flavor: 'DefaultAsciiKeyboardLayoutFlavor')
2026-09-09 19:44:04.490 I  PeachCommander[28619:16ea1] [com.apple.CFPasteboard:exit] (not-in-cache) - result: -8 generation: 0 null data flags: 0
2026-09-09 19:44:04.491 I  PeachCommander[28619:16ea1] [com.apple.AppKit:Window] context (0 -> dced0c8) for window 61c
2026-09-09 19:44:04.492 Df PeachCommander[28619:16ea1] [com.apple.inputmethodkitClient:Client] +[IMKClient subclass]: chose IMKClient_Modern
2026-09-09 19:44:04.492 Df PeachCommander[28619:16ea1] [com.apple.BoardServices:XPCErrors] [C:2] Alloc com.apple.backboard.hid-services.xpc
2026-09-09 19:44:04.492 Df PeachCommander[28619:16ea1] [com.apple.xpc:connection] [0xbc05ffac0] activating connection: mach=false listener=false peer=false name=(anonymous)
2026-09-09 19:44:04.492 E  PeachCommander[28619:16ead] [com.apple.BaseBoard:Common] Unable to obtain a task name port right for pid 167: (os/kern) failure (0x5)
2026-09-09 19:44:04.492 Df PeachCommander[28619:16ead] [com.apple.xpc:connection] [0xbc05fe940] activating connection: mach=false listener=false peer=false name=com.apple.TextInputUI.xpc.CursorUIViewService
2026-09-09 19:44:04.492 Df PeachCommander[28619:16ea8] [com.apple.xpc:connection] [0xbc05fe940] invalidated after the last release of the connection object
2026-09-09 19:44:04.493 I  PeachCommander[28619:16ea1] [com.apple.CFPasteboard:entry] CopyData('DefaultAsciiKeyboardLayoutPasteboard' (<CFUUID 0xbc11d4720> EB82CC12-6E8B-4998-A797-BFC40855A8A0) gen: -1 item: 1264739405 flavor: 'DefaultAsciiKeyboardLayoutFlavor')
2026-09-09 19:44:04.493 I  PeachCommander[28619:16ea1] [com.apple.CFPasteboard:exit] (not-in-cache) - result: -8 generation: 0 null data flags: 0
2026-09-09 19:44:04.493 Df PeachCommander[28619:16ea1] [com.apple.xpc:connection] [0xbc05fe6c0] activating connection: mach=false listener=false peer=false name=(anonymous)
2026-09-09 19:44:04.493 Df PeachCommander[28619:16ea1] [com.apple.xpc:connection] [0xbc05fe940] activating connection: mach=false listener=false peer=false name=com.apple.ViewBridgeAuxiliary
2026-09-09 19:44:04.493 Df PeachCommander[28619:16ea1] [com.apple.xpc:connection] [0xbc05fe580] activating connection: mach=false listener=false peer=false name=(anonymous)
2026-09-09 19:44:04.493 Df PeachCommander[28619:16ea1] [com.apple.xpc:connection] [0xbc05fe940] invalidated after the last release of the connection object
2026-09-09 19:44:04.508 Df PeachCommander[28619:16ea1] [com.apple.TextInputUI:CursorUI] -[TUINSCursorUIController activate:]_block_invoke: Create CursorUIViewService: TUINSRemoteViewController
2026-09-09 19:44:04.509 I  PeachCommander[28619:16ea1] [com.apple.AppKit:Window] window <TUINSWindow: 0xbbf810280> windowNumber=61c finishing close
2026-09-09 19:44:04.509 I  PeachCommander[28619:16ea1] [com.apple.AppKit:Window] order window: 61c op: 0 relative: 0 related: 0
2026-09-09 19:44:04.510 A  PeachCommander[28619:16ea8] (CoreFoundation) Loading Preferences From System CFPrefsD
2026-09-09 19:44:04.559 I  PeachCommander[28619:16ea1] [com.apple.iconservices:foundation] layer data size zero
2026-09-09 19:44:04.560 A  PeachCommander[28619:16ea1] (CoreFoundation) Loading Preferences From User CFPrefsD
2026-09-09 19:44:04.560 I  PeachCommander[28619:16ea1] [com.apple.CoreAnalytics:client] Dropping "com.apple.ImageIO.readerSelection" as it isn't used in any transform (not in the config or budgeted?)
2026-09-09 19:44:04.617 I  PeachCommander[28619:16ea1] [com.apple.CoreAnalytics:client] Dropping "com.apple.appkit.app_config" as it isn't used in any transform (not in the config or budgeted?)
2026-09-09 19:44:04.617 I  PeachCommander[28619:16ea1] [com.apple.SafariPlatformSupport:SafariPlatformSupport] -[SFSafariPlatformSupport credentialSelected:] with nil credential
2026-09-09 19:44:04.617 I  PeachCommander[28619:16ea1] [com.apple.SafariPlatformSupport:SafariPlatformSupport] -[SFSafariPlatformSupport oneTimeCodeSelected:] with nil code
2026-09-09 19:44:04.626 Df PeachCommander[28619:16ea1] [com.apple.BoardServices:XPCErrors] [C:3] Alloc com.apple.backboard.hid-services.xpc
2026-09-09 19:44:04.626 Df PeachCommander[28619:16ea1] [com.apple.xpc:connection] [0xbc05fe080] activating connection: mach=false listener=false peer=false name=(anonymous)
2026-09-09 19:44:04.626 Df PeachCommander[28619:16f40] [com.apple.BackBoard:EventDelivery] BKSHIDEventDeliveryManager - connection activation
2026-09-09 19:44:04.729 I  PeachCommander[28619:16ea1] [com.apple.launchservices:datasep] application record search init. Node: <FSNode 0xbc2200fa0> { isDir = y, path = <private> } bundleID: (null) itemID: 0
2026-09-09 19:44:04.729 I  PeachCommander[28619:16ea1] [com.apple.launchservices:datasep] application record search init. Node: <FSNode 0xbc2200fa0> { isDir = y, path = <private> } bundleID: (null) itemID: 0
2026-09-09 19:44:04.729 I  PeachCommander[28619:16ea1] [com.apple.SafariPlatformSupport:SafariPlatformSupport] -[SFSafariPlatformSupport credentialSelected:] with nil credential
2026-09-09 19:44:04.729 I  PeachCommander[28619:16ea1] [com.apple.SafariPlatformSupport:SafariPlatformSupport] -[SFSafariPlatformSupport oneTimeCodeSelected:] with nil code
2026-09-09 19:44:04.729 I  PeachCommander[28619:16f41] [com.apple.AppKit:WindowTab] Indexing 1 items
2026-09-09 19:44:04.729 A  PeachCommander[28619:16f41] (CoreSpotlight) end-index-batch
2026-09-09 19:44:04.730 Df PeachCommander[28619:16f41] [com.apple.corespotlight:index] *warn* MailCS ======%%% _setMailMessageAttributes skip:1
2026-09-09 19:44:04.730 A  PeachCommander[28619:16f41] (CoreSpotlight) index-items
2026-09-09 19:44:04.730 Df PeachCommander[28619:16f41] [com.apple.corespotlight:index] CSInlineDonation:<private>: Skipping donation (feature flag disabled)
2026-09-09 19:44:04.730 Df PeachCommander[28619:16f41] [com.apple.corespotlight:index] CSInlineDonation:<private>: Skipping donation (feature flag disabled)
2026-09-09 19:44:04.845 I  PeachCommander[28619:16ea1] [com.apple.HIToolbox:MBDisplays] <private>
2026-09-09 19:44:04.845 I  PeachCommander[28619:16ea1] [com.apple.HIToolbox:MBDisplays] <private>
2026-09-09 19:44:04.914 I  PeachCommander[28619:16ea1] [com.peachcommander:PCFoundation] Session restored
2026-09-09 19:44:04.914 Df PeachCommander[28619:16ea1] (Foundation) <private>
2026-09-09 19:44:04.914 I  PeachCommander[28619:16ea1] [com.peachcommander:PCFoundation] [automation] running /Users/admin/auto.txt
2026-09-09 19:44:04.914 Df PeachCommander[28619:16ea1] (Foundation) <private>
2026-09-09 19:44:04.914 I  PeachCommander[28619:16ea1] [com.peachcommander:PCFoundation] [automation] > probe /Users/admin/hex-made.txt|/usr/bin/python3 -c "open('/Users/admin/hexfix.bin','wb').write(bytes(range(256))*32)" && echo made
2026-09-09 19:44:04.941 Df PeachCommander[28619:16ea1] (Foundation) <private>
2026-09-09 19:44:04.941 I  PeachCommander[28619:16ea1] [com.peachcommander:PCFoundation] [automation] > hexgoto /Users/admin/hexfix.bin|0x1000 + 15 + 1|/Users/admin/hex-clipboard-goto.txt
2026-09-09 19:44:04.946 I  PeachCommander[28619:16ea1] [com.apple.AppKit:Animation] Running new animation: <private>
2026-09-09 19:44:04.946 I  PeachCommander[28619:16ea1] [com.apple.AppKit:Animation] Running new animation: <private>
2026-09-09 19:44:04.946 I  PeachCommander[28619:16ea1] [com.apple.AppKit:Animation] Running new animation: <private>
2026-09-09 19:44:04.946 I  PeachCommander[28619:16ea1] [com.apple.AppKit:Animation] Running new animation: <private>
2026-09-09 19:44:04.946 I  PeachCommander[28619:16ea1] [com.apple.AppKit:Animation] Running new animation: <private>
2026-09-09 19:44:04.949 I  PeachCommander[28619:16ea1] [com.apple.AppKit:Window] context (0 -> 44bd6e08) for window 61e
2026-09-09 19:44:04.954 I  PeachCommander[28619:16ea1] [com.apple.CFPasteboard:entry] CopyData('DefaultAsciiKeyboardLayoutPasteboard' (<CFUUID 0xbc11d4720> EB82CC12-6E8B-4998-A797-BFC40855A8A0) gen: -1 item: 1264739405 flavor: 'DefaultAsciiKeyboardLayoutFlavor')
2026-09-09 19:44:04.954 I  PeachCommander[28619:16ea1] [com.apple.CFPasteboard:exit] (not-in-cache) - result: -8 generation: 0 null data flags: 0
2026-09-09 19:44:04.978 Df PeachCommander[28619:16ead] [com.apple.xpc:connection] [0xbbf1fde00] activating connection: mach=false listener=false peer=false name=com.apple.SafariPlatformSupport.Helper
2026-09-09 19:44:04.981 I  PeachCommander[28619:16ea1] [com.apple.AppKit:Window] order window front conditionally: 61e related: 0
2026-09-09 19:44:04.981 I  PeachCommander[28619:16ea1] [com.apple.AppKit:Window] order window front conditionally: 61e related: 0
2026-09-09 19:44:04.988 I  PeachCommander[28619:16ea1] [com.apple.AppKit:Window] context (0 -> b373bd09) for window 61f
2026-09-09 19:44:04.988 I  PeachCommander[28619:16ea1] [com.apple.launchservices:cas] Removing cached information for app [ 0x0-0x180180]  "PeachCommander", as its seed is different from that in shared memory ( 535 vs 537)
2026-09-09 19:44:04.990 Df PeachCommander[28619:16ea1] (Foundation) <private>
2026-09-09 19:44:04.990 I  PeachCommander[28619:16ea1] [com.peachcommander:PCFoundation] [automation] > wait 800
2026-09-09 19:44:04.997 I  PeachCommander[28619:16ea1] [com.apple.CoreAnalytics:client] Dropping "<private>" as it isn't used in any transform (not in the config or budgeted?)
2026-09-09 19:44:05.003 I  PeachCommander[28619:16ea1] [com.apple.AppKit:Animation] Running new animation: <private>
2026-09-09 19:44:05.003 I  PeachCommander[28619:16ea1] [com.apple.AppKit:Animation] Running new animation: <private>
2026-09-09 19:44:05.003 I  PeachCommander[28619:16ea1] [com.apple.AppKit:Animation] Running new animation: <private>
2026-09-09 19:44:05.003 I  PeachCommander[28619:16ea1] [com.apple.AppKit:Animation] Running new animation: <private>
2026-09-09 19:44:05.003 I  PeachCommander[28619:16ea1] [com.apple.AppKit:Animation] Running new animation: <private>
2026-09-09 19:44:05.045 Df PeachCommander[28619:16ead] [com.apple.xpc:connection] [0xbbf1fde00] invalidated after the last release of the connection object
2026-09-09 19:44:05.051 Df PeachCommander[28619:16ea1] [com.apple.xpc:connection] [0xbbf1fc8c0] activating connection: mach=false listener=false peer=false name=(anonymous)
2026-09-09 19:44:05.051 Df PeachCommander[28619:16ea1] [com.apple.xpc:connection] [0xbbf1fde00] activating connection: mach=false listener=false peer=false name=(anonymous)
2026-09-09 19:44:05.295 I  PeachCommander[28619:16ea1] [com.apple.SafariPlatformSupport:SafariPlatformSupport] -[SPSafariPlatformSupport completionListPreferredContentSizeDidUpdate] with size {0, 0}, in window that is visible
2026-09-09 19:44:05.532 I  PeachCommander[28619:16f41] [com.apple.AppKit:WindowTab] Indexing 2 items
2026-09-09 19:44:05.532 A  PeachCommander[28619:16f41] (CoreSpotlight) end-index-batch
2026-09-09 19:44:05.532 A  PeachCommander[28619:16f41] (CoreSpotlight) index-items
2026-09-09 19:44:05.532 Df PeachCommander[28619:16ead] [com.apple.corespotlight:index] CSInlineDonation:<private>: Skipping donation (feature flag disabled)
2026-09-09 19:44:05.533 Df PeachCommander[28619:16ead] [com.apple.corespotlight:index] CSInlineDonation:<private>: Skipping donation (feature flag disabled)
2026-09-09 19:44:05.825 Df PeachCommander[28619:16ea1] (Foundation) <private>
2026-09-09 19:44:05.825 I  PeachCommander[28619:16ea1] [com.peachcommander:PCFoundation] [automation] > menudump /Users/admin/hex-clipboard-menu.txt
2026-09-09 19:44:05.826 Df PeachCommander[28619:16ea1] (Foundation) <private>
2026-09-09 19:44:05.826 Df PeachCommander[28619:16ea1] (Foundation) <private>
2026-09-09 19:44:05.826 I  PeachCommander[28619:16ea1] [com.peachcommander:PCFoundation] [automation] > wait 400
2026-09-09 19:44:06.254 Df PeachCommander[28619:16ea1] (Foundation) <private>
2026-09-09 19:44:06.254 I  PeachCommander[28619:16ea1] [com.peachcommander:PCFoundation] [automation] > hexclip /Users/admin/hexfix.bin|COPY-ME|/Users/admin/hex-clipboard.txt
2026-09-09 19:44:06.254 I  PeachCommander[28619:16ea1] [com.apple.CFPasteboard:entry] BeginGeneration('Apple CFPasteboard general' (<CFUUID 0xbc1014fe0> F86DD2B2-5ED5-49E0-83F0-B126CE948E86))
2026-09-09 19:44:06.254 I  PeachCommander[28619:16ea1] [com.apple.CFPasteboard:exit] result: 0 generation: 8
2026-09-09 19:44:06.254 I  PeachCommander[28619:16ea1] [com.apple.CFPasteboard:entry] BeginGeneration('Apple CFPasteboard general' (<CFUUID 0xbc1014fe0> F86DD2B2-5ED5-49E0-83F0-B126CE948E86))
2026-09-09 19:44:06.254 I  PeachCommander[28619:16ea1] [com.apple.CFPasteboard:exit] result: 0 generation: 9
2026-09-09 19:44:06.259 I  PeachCommander[28619:16ea1] [com.apple.CFPasteboard:entry] SetData('Apple CFPasteboard general' (<CFUUID 0xbc1014fe0> F86DD2B2-5ED5-49E0-83F0-B126CE948E86) gen: 9 item: 789514 flavor: 'public.utf8-plain-text') local-gen: 9
2026-09-09 19:44:06.259 I  PeachCommander[28619:16ea1] [com.apple.CFPasteboard:entry] _SetData('Apple CFPasteboard general' (<CFUUID 0xbc1014fe0> F86DD2B2-5ED5-49E0-83F0-B126CE948E86) gen: 9 item: 789514 flavor: 'public.utf8-plain-text' data: 24575 bytes flags: 20000000) local-gen: 9
2026-09-09 19:44:06.259 I  PeachCommander[28619:16ea1] [com.apple.CFPasteboard:exit] Successfully set data (new-entry)
2026-09-09 19:44:06.259 I  PeachCommander[28619:16ea1] [com.apple.CFPasteboard:general] Flushing 1 pending entries for pboard 'Apple CFPasteboard general' (<CFUUID 0xbc1014fe0> F86DD2B2-5ED5-49E0-83F0-B126CE948E86) generation: 9.
2026-09-09 19:44:06.259 I  PeachCommander[28619:16ea1] [com.apple.CFPasteboard:exit] result: 0
2026-09-09 19:44:06.259 Df PeachCommander[28619:16ea1] [com.apple.AppKit:Pasteboard] NSPasteboard (name: Apple CFPasteboard general): data requested for type public.utf8-plain-text at index 0
2026-09-09 19:44:06.259 I  PeachCommander[28619:16ea1] [com.apple.CFPasteboard:entry] CopyItemsAndFlavors('Apple CFPasteboard general (<CFUUID 0xbc1014fe0> F86DD2B2-5ED5-49E0-83F0-B126CE948E86)' gen: -1)
2026-09-09 19:44:06.259 I  PeachCommander[28619:16ea1] [com.apple.CFPasteboard:exit] result: 0, gen: -1 item-count: 1 flavor-count: 1 (-1 means nil)
2026-09-09 19:44:06.259 I  PeachCommander[28619:16ea1] [com.apple.CFPasteboard:entry] GetDataFlags('Apple CFPasteboard general' (<CFUUID 0xbc1014fe0> F86DD2B2-5ED5-49E0-83F0-B126CE948E86) gen: -1  item: 789514, flavor: 'public.utf8-plain-text')
2026-09-09 19:44:06.259 I  PeachCommander[28619:16ea1] [com.apple.CFPasteboard:exit] result: 0 flags: 20000000
2026-09-09 19:44:06.259 I  PeachCommander[28619:16ea1] [com.apple.CFPasteboard:entry] GetItemCount('Apple CFPasteboard general' (<CFUUID 0xbc1014fe0> F86DD2B2-5ED5-49E0-83F0-B126CE948E86) gen: -1)
2026-09-09 19:44:06.259 I  PeachCommander[28619:16ea1] [com.apple.CFPasteboard:exit] result: 0 gen: 9 count: 1
2026-09-09 19:44:06.259 I  PeachCommander[28619:16ea1] [com.apple.CFPasteboard:entry] CopyItemsAndFlavors('Apple CFPasteboard general (<CFUUID 0xbc1014fe0> F86DD2B2-5ED5-49E0-83F0-B126CE948E86)' gen: -1)
2026-09-09 19:44:06.259 I  PeachCommander[28619:16ea1] [com.apple.CFPasteboard:exit] result: 0, gen: -1 item-count: 1 flavor-count: 1 (-1 means nil)
2026-09-09 19:44:06.259 I  PeachCommander[28619:16ea1] [com.apple.CFPasteboard:entry] CopyData('Apple CFPasteboard general' (<CFUUID 0xbc1014fe0> F86DD2B2-5ED5-49E0-83F0-B126CE948E86) gen: 9 item: 789514 flavor: 'public.utf8-plain-text')
2026-09-09 19:44:06.259 I  PeachCommander[28619:16ea1] [com.apple.CFPasteboard:exit] (cache) - result: 0 generation: 9 data (24575 bytes) flags: 20000000
2026-09-09 19:44:06.259 I  PeachCommander[28619:16ea1] [com.apple.CFPasteboard:entry] BeginGeneration('Apple CFPasteboard general' (<CFUUID 0xbc1014fe0> F86DD2B2-5ED5-49E0-83F0-B126CE948E86))
2026-09-09 19:44:06.259 I  PeachCommander[28619:16ea1] [com.apple.CFPasteboard:exit] result: 0 generation: 10
2026-09-09 19:44:06.264 I  PeachCommander[28619:16ea1] [com.apple.AppKit:Window] context (0 -> bf383c44) for window 621
2026-09-09 19:44:06.265 I  PeachCommander[28619:16ea1] [com.apple.AppKit:Window] window 61e begin sheet 621
2026-09-09 19:44:06.271 I  PeachCommander[28619:16ea1] [com.apple.AppKit:Window] window 61e show sheet 621
2026-09-09 19:44:06.271 I  PeachCommander[28619:16ea1] [com.apple.inputAnalytics.client:IATextInputActions] initWithAnalyticsMetadataObserver service
2026-09-09 19:44:06.272 I  PeachCommander[28619:16eb4] [com.apple.inputAnalytics.client:IATextInputActions] mergeOrConsumeAction calling sendSignal:toChannel:withNullableSessionID:withPayload:
2026-09-09 19:44:06.272 Df PeachCommander[28619:16eb4] [com.apple.inputAnalytics.client:IASignalAnalytics] channel:<private> signal:<private> sessionID:<private> timestamp:<private> payload:<private>
2026-09-09 19:44:06.272 Df PeachCommander[28619:16ea1] [com.apple.TextInputUI:CursorUI] -[TUINSCursorUIController scheduleUpdateCursorLocation]
2026-09-09 19:44:06.272 I  PeachCommander[28619:16eb4] [com.apple.inputAnalytics.client:IAXPCClient] IASignalAnalytics: fetching xpcClient...
2026-09-09 19:44:06.272 I  PeachCommander[28619:16eb4] [com.apple.inputAnalytics.client:IAXPCClient] Initialized 0xbc2503a20
2026-09-09 19:44:06.272 I  PeachCommander[28619:16eb4] [com.apple.inputAnalytics.client:IAXPCClient] 0xbc2503a20 using shared remote object proxy
2026-09-09 19:44:06.272 I  PeachCommander[28619:16eb4] [com.apple.inputAnalytics.client:IAXPCClient] 0xbc2503a20 calling connection resume after shared instance
2026-09-09 19:44:06.272 Df PeachCommander[28619:16eb4] [com.apple.xpc:connection] [0xbbf1fe300] activating connection: mach=true listener=false peer=false name=com.apple.inputanalyticsd
2026-09-09 19:44:06.272 I  PeachCommander[28619:16eb4] [com.apple.inputAnalytics.client:IAXPCClient] IAXPCclient 0xbc2503a20 init created _connection 0xbc1aefa20 _server 0x0 with IXAXPCProtocol
2026-09-09 19:44:06.272 I  PeachCommander[28619:16eb4] [com.apple.inputAnalytics.client:IAXPCClient] IASignalAnalytics: ...returning xpcClient 0xbc2503a20
2026-09-09 19:44:06.272 I  PeachCommander[28619:16eb4] [com.apple.inputAnalytics.client:IAXPCClient] server: returning server 0xbbf4ac370
2026-09-09 19:44:06.272 I  PeachCommander[28619:16ea1] [com.apple.AppKit:Window] order window front conditionally: 61e related: 0
2026-09-09 19:44:06.272 I  PeachCommander[28619:16eb4] [com.apple.inputAnalytics:IAServerStats] Logging <private>
2026-09-09 19:44:06.272 I  PeachCommander[28619:16eb4] [com.apple.CoreAnalytics:client] Dropping "com.apple.inputAnalytics.serverStats" as it isn't used in any transform (not in the config or budgeted?)
2026-09-09 19:44:06.272 I  PeachCommander[28619:16ea1] [com.apple.AppKit:Window] parent <NSWindow: 0xbc05cad00> windowNumber=61e remove <NSWindow: 0xbc02e7700> windowNumber=621 from group
2026-09-09 19:44:06.272 I  PeachCommander[28619:16ea1] [com.apple.AppKit:Window] parent <NSWindow: 0xbc05cad00> windowNumber=61e add <NSWindow: 0xbc02e7700> windowNumber=621 to group
2026-09-09 19:44:06.274 Df PeachCommander[28619:16eb4] [com.apple.xpc:connection] [0xbbf1fdb80] activating connection: mach=false listener=false peer=false name=com.apple.TextInputUI.xpc.CursorUIViewService
2026-09-09 19:44:06.274 Df PeachCommander[28619:16eb4] [com.apple.xpc:connection] [0xbbf1fdb80] invalidated after the last release of the connection object
2026-09-09 19:44:06.274 Df PeachCommander[28619:16ea1] [com.apple.TextInputUI:CursorUI] -[TUINSCursorUIController scheduleUpdateCursorLocation]
2026-09-09 19:44:06.274 I  PeachCommander[28619:16ea1] [com.apple.AppKit:Window] order window: 621 op: 1 relative: 61e related: 0
2026-09-09 19:44:06.311 Df PeachCommander[28619:16ea1] [com.apple.TextInputUI:CursorUI] -[TUINSCursorUIController scheduleUpdateCursorLocation]
2026-09-09 19:44:06.325 E  PeachCommander[28619:16eb4] (AppleParavirtGPUMetalIOGPUFamily) -[AppleParavirtCommandBuffer getCommandBufferBytes:]: adding another exec
2026-09-09 19:44:06.541 I  PeachCommander[28619:16ea1] [com.apple.AppKit:Window] parent <NSWindow: 0xbc05cad00> windowNumber=61e remove <NSWindow: 0xbc02e7700> windowNumber=621 from group
2026-09-09 19:44:06.541 I  PeachCommander[28619:16ea1] [com.apple.AppKit:Window] parent <NSWindow: 0xbc05cad00> windowNumber=61e add <NSWindow: 0xbc02e7700> windowNumber=621 to group
2026-09-09 19:44:06.541 I  PeachCommander[28619:16ea1] [com.apple.AppKit:Window] order window: 621 op: 1 relative: 61e related: 0
2026-09-09 19:44:06.541 I  PeachCommander[28619:16eb4] [com.apple.inputAnalytics.client:IATextInputActions] flushAndSetLastAction calling sendSignal:toChannel:withNullableSessionID:withPayload:
2026-09-09 19:44:06.542 Df PeachCommander[28619:16eb4] [com.apple.inputAnalytics.client:IASignalAnalytics] channel:<private> signal:<private> sessionID:<private> timestamp:<private> payload:<private>
2026-09-09 19:44:06.542 I  PeachCommander[28619:16eb4] [com.apple.inputAnalytics.client:IAXPCClient] IASignalAnalytics: fetching xpcClient...
2026-09-09 19:44:06.542 I  PeachCommander[28619:16eb4] [com.apple.inputAnalytics.client:IAXPCClient] IASignalAnalytics: ...returning xpcClient 0xbc2503a20
2026-09-09 19:44:06.542 I  PeachCommander[28619:16eb4] [com.apple.inputAnalytics.client:IAXPCClient] server: returning server 0xbbf4ac370
2026-09-09 19:44:06.542 I  PeachCommander[28619:16eb4] [com.apple.inputAnalytics.client:IATextInputActions] flushAndSetLastAction calling sendSignal:toChannel:withNullableSessionID:withPayload:
2026-09-09 19:44:06.542 Df PeachCommander[28619:16eb4] [com.apple.inputAnalytics.client:IASignalAnalytics] channel:<private> signal:<private> sessionID:<private> timestamp:<private> payload:<private>
2026-09-09 19:44:06.542 I  PeachCommander[28619:16eb4] [com.apple.inputAnalytics.client:IAXPCClient] IASignalAnalytics: fetching xpcClient...
2026-09-09 19:44:06.542 I  PeachCommander[28619:16eb4] [com.apple.inputAnalytics.client:IAXPCClient] IASignalAnalytics: ...returning xpcClient 0xbc2503a20
2026-09-09 19:44:06.542 I  PeachCommander[28619:16eb4] [com.apple.inputAnalytics.client:IAXPCClient] server: returning server 0xbbf4ac370
2026-09-09 19:44:06.542 I  PeachCommander[28619:16eb4] [com.apple.inputAnalytics.client:IATextInputActions] mergeOrConsumeAction calling sendSignal:toChannel:withNullableSessionID:withPayload:
2026-09-09 19:44:06.542 Df PeachCommander[28619:16eb4] [com.apple.inputAnalytics.client:IASignalAnalytics] channel:<private> signal:<private> sessionID:<private> timestamp:<private> payload:<private>
2026-09-09 19:44:06.542 I  PeachCommander[28619:16eb4] [com.apple.inputAnalytics.client:IAXPCClient] IASignalAnalytics: fetching xpcClient...
2026-09-09 19:44:06.542 I  PeachCommander[28619:16eb4] [com.apple.inputAnalytics.client:IAXPCClient] IASignalAnalytics: ...returning xpcClient 0xbc2503a20
2026-09-09 19:44:06.542 I  PeachCommander[28619:16eb4] [com.apple.inputAnalytics.client:IAXPCClient] server: returning server 0xbbf4ac370
2026-09-09 19:44:06.543 I  PeachCommander[28619:16eb4] [com.apple.inputAnalytics.client:IATextInputActions] mergeOrConsumeAction calling sendSignal:toChannel:withNullableSessionID:withPayload:
2026-09-09 19:44:06.544 Df PeachCommander[28619:16eb4] [com.apple.inputAnalytics.client:IASignalAnalytics] channel:<private> signal:<private> sessionID:<private> timestamp:<private> payload:<private>
2026-09-09 19:44:06.544 I  PeachCommander[28619:16eb4] [com.apple.inputAnalytics.client:IAXPCClient] IASignalAnalytics: fetching xpcClient...
2026-09-09 19:44:06.544 I  PeachCommander[28619:16eb4] [com.apple.inputAnalytics.client:IAXPCClient] IASignalAnalytics: ...returning xpcClient 0xbc2503a20
2026-09-09 19:44:06.544 I  PeachCommander[28619:16eb4] [com.apple.inputAnalytics.client:IAXPCClient] server: returning server 0xbbf4ac370
2026-09-09 19:44:06.544 Df PeachCommander[28619:16eb4] [com.apple.xpc:connection] [0xbbf1fdb80] activating connection: mach=false listener=false peer=false name=com.apple.TextInputUI.xpc.CursorUIViewService
2026-09-09 19:44:06.544 Df PeachCommander[28619:16ea1] [com.apple.TextInputUI:CursorUI] -[TUINSCursorUIController scheduleUpdateCursorLocation]
2026-09-09 19:44:06.544 Df PeachCommander[28619:16ea1] [com.apple.TextInputUI:CursorUI] -[TUINSCursorUIController scheduleUpdateCursorLocation]
2026-09-09 19:44:06.544 Df PeachCommander[28619:16ead] [com.apple.xpc:connection] [0xbbf1fdb80] invalidated after the last release of the connection object
2026-09-09 19:44:06.545 Df PeachCommander[28619:16ea1] [com.apple.TextInputUI:CursorUI] -[TUINSCursorUIController scheduleUpdateCursorLocation]
2026-09-09 19:44:06.545 Df PeachCommander[28619:16ea1] [com.apple.xpc:connection] [0xbbf1fed00] activating connection: mach=true listener=false peer=false name=com.apple.pbs.fetch_services
2026-09-09 19:44:06.546 Df PeachCommander[28619:16ea1] [com.apple.xpc:connection] [0xbbf1fed00] invalidated after the last release of the connection object
2026-09-09 19:44:06.546 A  PeachCommander[28619:16ea1] (CoreFoundation) Loading Preferences From User CFPrefsD
2026-09-09 19:44:06.549 A  PeachCommander[28619:16ea1] (CoreFoundation) Updating Key-Value Observers Of Preferences
2026-09-09 19:44:06.550 I  PeachCommander[28619:16ea9] [com.apple.inputAnalytics.client:IATextInputActions] flushAndSetLastAction calling sendSignal:toChannel:withNullableSessionID:withPayload:
2026-09-09 19:44:06.550 Df PeachCommander[28619:16ea9] [com.apple.inputAnalytics.client:IASignalAnalytics] channel:<private> signal:<private> sessionID:<private> timestamp:<private> payload:<private>
2026-09-09 19:44:06.550 I  PeachCommander[28619:16ea9] [com.apple.inputAnalytics.client:IAXPCClient] IASignalAnalytics: fetching xpcClient...
2026-09-09 19:44:06.550 I  PeachCommander[28619:16ea9] [com.apple.inputAnalytics.client:IAXPCClient] IASignalAnalytics: ...returning xpcClient 0xbc2503a20
2026-09-09 19:44:06.550 I  PeachCommander[28619:16ea9] [com.apple.inputAnalytics.client:IAXPCClient] server: returning server 0xbbf4ac370
2026-09-09 19:44:06.550 Df PeachCommander[28619:16ea1] [com.apple.TextInputUI:CursorUI] -[TUINSCursorUIController scheduleUpdateCursorLocation]
2026-09-09 19:44:06.550 A  PeachCommander[28619:16ea1] (AppKit) sendAction:
2026-09-09 19:44:06.550 I  PeachCommander[28619:16ea1] [com.apple.CFPasteboard:entry] BeginGeneration('Apple CFPasteboard general' (<CFUUID 0xbc1014fe0> F86DD2B2-5ED5-49E0-83F0-B126CE948E86))
2026-09-09 19:44:06.550 I  PeachCommander[28619:16ea1] [com.apple.CFPasteboard:exit] result: 0 generation: 11
2026-09-09 19:44:06.550 I  PeachCommander[28619:16ea1] [com.apple.CFPasteboard:entry] PromiseDataUsingBlock('Apple CFPasteboard general' (<CFUUID 0xbc1014fe0> F86DD2B2-5ED5-49E0-83F0-B126CE948E86) gen: 11 item: 789514 flavor: 'public.utf8-plain-text')
2026-09-09 19:44:06.550 I  PeachCommander[28619:16ea1] [com.apple.CFPasteboard:exit] Successfully promised data (new-entry)
2026-09-09 19:44:06.550 I  PeachCommander[28619:16ea1] [com.apple.CFPasteboard:exit] result: 0
2026-09-09 19:44:06.550 I  PeachCommander[28619:16ea1] [com.apple.CFPasteboard:entry] SetData('Apple CFPasteboard general' (<CFUUID 0xbc1014fe0> F86DD2B2-5ED5-49E0-83F0-B126CE948E86) gen: 11 item: 789514 flavor: 'public.utf8-plain-text') local-gen: 11
2026-09-09 19:44:06.550 I  PeachCommander[28619:16ea1] [com.apple.CFPasteboard:entry] _SetData('Apple CFPasteboard general' (<CFUUID 0xbc1014fe0> F86DD2B2-5ED5-49E0-83F0-B126CE948E86) gen: 11 item: 789514 flavor: 'public.utf8-plain-text' data: 7 bytes flags: 20000000) local-gen: 11
2026-09-09 19:44:06.550 I  PeachCommander[28619:16ea1] [com.apple.CFPasteboard:promise] Promise fulfilled - 7 bytes for 'Apple CFPasteboard general' gen: 11 of flavor: 'public.utf8-plain-text'
2026-09-09 19:44:06.550 I  PeachCommander[28619:16ea1] [com.apple.CFPasteboard:exit] Successfully set data (cache)
2026-09-09 19:44:06.550 I  PeachCommander[28619:16ea1] [com.apple.CFPasteboard:general] Flushing 1 pending entries synchronously for pboard 'Apple CFPasteboard general' (<CFUUID 0xbc1014fe0> F86DD2B2-5ED5-49E0-83F0-B126CE948E86) generation: 11.
2026-09-09 19:44:06.551 I  PeachCommander[28619:16ea1] [com.apple.CFPasteboard:exit] result: 0
2026-09-09 19:44:06.551 Df PeachCommander[28619:16ea1] [com.apple.AppKit:Pasteboard] NSPasteboard (name: Apple CFPasteboard general): data requested for type public.utf8-plain-text at index 0
2026-09-09 19:44:06.551 I  PeachCommander[28619:16ea1] [com.apple.CFPasteboard:entry] CopyItemsAndFlavors('Apple CFPasteboard general (<CFUUID 0xbc1014fe0> F86DD2B2-5ED5-49E0-83F0-B126CE948E86)' gen: -1)
2026-09-09 19:44:06.551 I  PeachCommander[28619:16ea1] [com.apple.CFPasteboard:exit] result: 0, gen: -1 item-count: 1 flavor-count: 1 (-1 means nil)
2026-09-09 19:44:06.551 I  PeachCommander[28619:16ea1] [com.apple.CFPasteboard:entry] GetDataFlags('Apple CFPasteboard general' (<CFUUID 0xbc1014fe0> F86DD2B2-5ED5-49E0-83F0-B126CE948E86) gen: -1  item: 789514, flavor: 'public.utf8-plain-text')
2026-09-09 19:44:06.551 I  PeachCommander[28619:16ea1] [com.apple.CFPasteboard:exit] result: 0 flags: 20000000
2026-09-09 19:44:06.551 I  PeachCommander[28619:16ea1] [com.apple.CFPasteboard:entry] GetItemCount('Apple CFPasteboard general' (<CFUUID 0xbc1014fe0> F86DD2B2-5ED5-49E0-83F0-B126CE948E86) gen: -1)
2026-09-09 19:44:06.551 I  PeachCommander[28619:16ea1] [com.apple.CFPasteboard:exit] result: 0 gen: 11 count: 1
2026-09-09 19:44:06.551 I  PeachCommander[28619:16ea1] [com.apple.CFPasteboard:entry] CopyItemsAndFlavors('Apple CFPasteboard general (<CFUUID 0xbc1014fe0> F86DD2B2-5ED5-49E0-83F0-B126CE948E86)' gen: -1)
2026-09-09 19:44:06.551 I  PeachCommander[28619:16ea1] [com.apple.CFPasteboard:exit] result: 0, gen: -1 item-count: 1 flavor-count: 1 (-1 means nil)
2026-09-09 19:44:06.551 I  PeachCommander[28619:16ea1] [com.apple.CFPasteboard:entry] CopyData('Apple CFPasteboard general' (<CFUUID 0xbc1014fe0> F86DD2B2-5ED5-49E0-83F0-B126CE948E86) gen: 11 item: 789514 flavor: 'public.utf8-plain-text')
2026-09-09 19:44:06.551 I  PeachCommander[28619:16ea1] [com.apple.CFPasteboard:exit] (cache) - result: 0 generation: 11 data (7 bytes) flags: 20000000
2026-09-09 19:44:06.551 I  PeachCommander[28619:16ea1] [com.apple.CFPasteboard:entry] BeginGeneration('Apple CFPasteboard general' (<CFUUID 0xbc1014fe0> F86DD2B2-5ED5-49E0-83F0-B126CE948E86))
2026-09-09 19:44:06.551 I  PeachCommander[28619:16ea1] [com.apple.CFPasteboard:exit] result: 0 generation: 12
2026-09-09 19:44:06.551 I  PeachCommander[28619:16ea1] [com.apple.CFPasteboard:entry] SetData('Apple CFPasteboard general' (<CFUUID 0xbc1014fe0> F86DD2B2-5ED5-49E0-83F0-B126CE948E86) gen: 12 item: 789514 flavor: 'public.utf8-plain-text') local-gen: 12
2026-09-09 19:44:06.551 I  PeachCommander[28619:16ea1] [com.apple.CFPasteboard:entry] _SetData('Apple CFPasteboard general' (<CFUUID 0xbc1014fe0> F86DD2B2-5ED5-49E0-83F0-B126CE948E86) gen: 12 item: 789514 flavor: 'public.utf8-plain-text' data: 21 bytes flags: 20000000) local-gen: 12
2026-09-09 19:44:06.551 I  PeachCommander[28619:16ea1] [com.apple.CFPasteboard:exit] Successfully set data (new-entry)
2026-09-09 19:44:06.551 I  PeachCommander[28619:16ea1] [com.apple.CFPasteboard:general] Flushing 1 pending entries for pboard 'Apple CFPasteboard general' (<CFUUID 0xbc1014fe0> F86DD2B2-5ED5-49E0-83F0-B126CE948E86) generation: 12.
2026-09-09 19:44:06.551 I  PeachCommander[28619:16ea1] [com.apple.CFPasteboard:exit] result: 0
2026-09-09 19:44:06.551 Df PeachCommander[28619:16ea1] [com.apple.TextInputUI:CursorUI] -[TUINSCursorUIController scheduleUpdateCursorLocation]
2026-09-09 19:44:06.551 A  PeachCommander[28619:16ea1] (AppKit) sendAction:
2026-09-09 19:44:06.551 I  PeachCommander[28619:16ea1] [com.apple.CFPasteboard:entry] CopyItemsAndFlavors('Apple CFPasteboard general (<CFUUID 0xbc1014fe0> F86DD2B2-5ED5-49E0-83F0-B126CE948E86)' gen: -1)
2026-09-09 19:44:06.551 I  PeachCommander[28619:16ea1] [com.apple.CFPasteboard:exit] result: 0, gen: -1 item-count: 1 flavor-count: 1 (-1 means nil)
2026-09-09 19:44:06.551 I  PeachCommander[28619:16ea1] [com.apple.CFPasteboard:entry] GetDataFlags('Apple CFPasteboard general' (<CFUUID 0xbc1014fe0> F86DD2B2-5ED5-49E0-83F0-B126CE948E86) gen: -1  item: 789514, flavor: 'public.utf8-plain-text')
2026-09-09 19:44:06.551 I  PeachCommander[28619:16ea1] [com.apple.CFPasteboard:exit] result: 0 flags: 20000000
2026-09-09 19:44:06.551 I  PeachCommander[28619:16ea1] [com.apple.CFPasteboard:entry] GetItemCount('Apple CFPasteboard general' (<CFUUID 0xbc1014fe0> F86DD2B2-5ED5-49E0-83F0-B126CE948E86) gen: -1)
2026-09-09 19:44:06.551 I  PeachCommander[28619:16ea1] [com.apple.CFPasteboard:exit] result: 0 gen: 12 count: 1
2026-09-09 19:44:06.551 Df PeachCommander[28619:16ea1] [com.apple.AppKit:Pasteboard] NSPasteboard (name: Apple CFPasteboard general): data requested for type public.utf8-plain-text at index 0
2026-09-09 19:44:06.551 I  PeachCommander[28619:16ea1] [com.apple.CFPasteboard:entry] GetItemAtIndex('Apple CFPasteboard general' (<CFUUID 0xbc1014fe0> F86DD2B2-5ED5-49E0-83F0-B126CE948E86) gen: -1 idx: 1)
2026-09-09 19:44:06.551 I  PeachCommander[28619:16ea1] [com.apple.CFPasteboard:exit] result: 0 gen: 12 item: 789514
2026-09-09 19:44:06.551 I  PeachCommander[28619:16ea1] [com.apple.CFPasteboard:entry] CopyFlavorsForItem('Apple CFPasteboard general' (<CFUUID 0xbc1014fe0> F86DD2B2-5ED5-49E0-83F0-B126CE948E86) gen: -1 item: 789514)
2026-09-09 19:44:06.551 I  PeachCommander[28619:16ea1] [com.apple.CFPasteboard:exit] result: 0 gen: 12 flavor-count: 1  (-1 means nil)
2026-09-09 19:44:06.551 I  PeachCommander[28619:16ea1] [com.apple.CFPasteboard:entry] CopyData('Apple CFPasteboard general' (<CFUUID 0xbc1014fe0> F86DD2B2-5ED5-49E0-83F0-B126CE948E86) gen: 12 item: 789514 flavor: 'public.utf8-plain-text')
2026-09-09 19:44:06.551 I  PeachCommander[28619:16ea1] [com.apple.CFPasteboard:exit] (cache) - result: 0 generation: 12 data (21 bytes) flags: 20000000
2026-09-09 19:44:06.552 Df PeachCommander[28619:16ea1] [com.apple.TextInputUI:CursorUI] -[TUINSCursorUIController scheduleUpdateCursorLocation]
2026-09-09 19:44:06.552 I  PeachCommander[28619:16ea1] [com.apple.AppKit:Window] window 61e end modal sheet 621
2026-09-09 19:44:06.552 I  PeachCommander[28619:16eb4] [com.apple.inputAnalytics.client:IATextInputActions] flushAndSetLastAction calling sendSignal:toChannel:withNullableSessionID:withPayload:
2026-09-09 19:44:06.552 Df PeachCommander[28619:16eb4] [com.apple.inputAnalytics.client:IASignalAnalytics] channel:<private> signal:<private> sessionID:<private> timestamp:<private> payload:<private>
2026-09-09 19:44:06.552 I  PeachCommander[28619:16eb4] [com.apple.inputAnalytics.client:IAXPCClient] IASignalAnalytics: fetching xpcClient...
2026-09-09 19:44:06.552 I  PeachCommander[28619:16eb4] [com.apple.inputAnalytics.client:IAXPCClient] IASignalAnalytics: ...returning xpcClient 0xbc2503a20
2026-09-09 19:44:06.552 I  PeachCommander[28619:16eb4] [com.apple.inputAnalytics.client:IAXPCClient] server: returning server 0xbbf4ac370
2026-09-09 19:44:06.552 I  PeachCommander[28619:16eb4] [com.apple.inputAnalytics.client:IATextInputActions] flushAndSetLastAction calling sendSignal:toChannel:withNullableSessionID:withPayload:
2026-09-09 19:44:06.552 Df PeachCommander[28619:16eb4] [com.apple.inputAnalytics.client:IASignalAnalytics] channel:<private> signal:<private> sessionID:<private> timestamp:<private> payload:<private>
2026-09-09 19:44:06.552 I  PeachCommander[28619:16eb4] [com.apple.inputAnalytics.client:IAXPCClient] IASignalAnalytics: fetching xpcClient...
2026-09-09 19:44:06.552 I  PeachCommander[28619:16eb4] [com.apple.inputAnalytics.client:IAXPCClient] IASignalAnalytics: ...returning xpcClient 0xbc2503a20
2026-09-09 19:44:06.552 I  PeachCommander[28619:16eb4] [com.apple.inputAnalytics.client:IAXPCClient] server: returning server 0xbbf4ac370
2026-09-09 19:44:06.552 I  PeachCommander[28619:16eb4] [com.apple.inputAnalytics.client:IATextInputActions] mergeOrConsumeAction calling sendSignal:toChannel:withNullableSessionID:withPayload:
2026-09-09 19:44:06.552 Df PeachCommander[28619:16eb4] [com.apple.inputAnalytics.client:IASignalAnalytics] channel:<private> signal:<private> sessionID:<private> timestamp:<private> payload:<private>
2026-09-09 19:44:06.552 I  PeachCommander[28619:16eb4] [com.apple.inputAnalytics.client:IAXPCClient] IASignalAnalytics: fetching xpcClient...
2026-09-09 19:44:06.552 I  PeachCommander[28619:16eb4] [com.apple.inputAnalytics.client:IAXPCClient] IASignalAnalytics: ...returning xpcClient 0xbc2503a20
2026-09-09 19:44:06.552 I  PeachCommander[28619:16eb4] [com.apple.inputAnalytics.client:IAXPCClient] server: returning server 0xbbf4ac370
2026-09-09 19:44:06.553 I  PeachCommander[28619:16ea1] [com.apple.CFPasteboard:entry] CopyData('DefaultAsciiKeyboardLayoutPasteboard' (<CFUUID 0xbc11d4720> EB82CC12-6E8B-4998-A797-BFC40855A8A0) gen: -1 item: 1264739405 flavor: 'DefaultAsciiKeyboardLayoutFlavor')
2026-09-09 19:44:06.553 I  PeachCommander[28619:16ea1] [com.apple.CFPasteboard:exit] (not-in-cache) - result: -8 generation: 0 null data flags: 0
2026-09-09 19:44:06.558 I  PeachCommander[28619:16ea1] [com.apple.AppKit:Window] order window front conditionally: 61e related: 0
2026-09-09 19:44:06.821 I  PeachCommander[28619:16ea1] [com.apple.AppKit:Window] parent <NSWindow: 0xbc05cad00> windowNumber=61e remove <NSWindow: 0xbc02e7700> windowNumber=621 from group
2026-09-09 19:44:06.829 I  PeachCommander[28619:16ea1] [com.apple.AppKit:Window] order window: 621 op: 0 relative: 0 related: 0
2026-09-09 19:44:06.833 Df PeachCommander[28619:16ea1] (Foundation) <private>
2026-09-09 19:44:06.833 I  PeachCommander[28619:16ea1] [com.peachcommander:PCFoundation] [automation] > wait 600
2026-09-09 19:44:06.869 I  PeachCommander[28619:16ea1] [com.apple.SafariPlatformSupport:SafariPlatformSupport] When asked to display OTP completion list, computed key window was not NSApp.keyWindow
2026-09-09 19:44:06.870 I  PeachCommander[28619:16ea1] [com.apple.AppKit:Window] context (0 -> 8936efa6) for window 622
2026-09-09 19:44:06.870 I  PeachCommander[28619:16ea1] [com.apple.AppKit:Window] order window: 622 op: 0 relative: 0 related: 0
2026-09-09 19:44:06.872 I  PeachCommander[28619:16ea1] [com.apple.AppKit:Window] context (b373bd09 -> 0) for window 61f
2026-09-09 19:44:06.924 Df PeachCommander[28619:16ea1] [com.apple.xpc:connection] [0xbbf1fea80] activating connection: mach=false listener=false peer=false name=(anonymous)
2026-09-09 19:44:06.924 Df PeachCommander[28619:16ea1] [com.apple.xpc:connection] [0xbbf1fe940] activating connection: mach=false listener=false peer=false name=(anonymous)
2026-09-09 19:44:06.924 Df PeachCommander[28619:16ea1] [com.apple.xpc:connection] [0xbbf1febc0] activating connection: mach=false listener=false peer=false name=(anonymous)
2026-09-09 19:44:06.924 Df PeachCommander[28619:16ea1] [com.apple.xpc:connection] [0xbbf1fe080] activating connection: mach=false listener=false peer=false name=(anonymous)
2026-09-09 19:44:06.925 I  PeachCommander[28619:16ea1] [com.apple.SafariPlatformSupport:SafariPlatformSupport] -[SPSafariPlatformSupport completionListPreferredContentSizeDidUpdate] with size {0, 0}, in window that is visible
2026-09-09 19:44:06.925 I  PeachCommander[28619:16ea1] [com.apple.AppKit:Window] order window: 622 op: 0 relative: 0 related: 0
2026-09-09 19:44:06.925 I  PeachCommander[28619:16ea1] [com.apple.AppKit:Window] order window: 622 op: 0 relative: 0 related: 0
2026-09-09 19:44:06.925 I  PeachCommander[28619:16ea1] [com.apple.SafariPlatformSupport:SafariPlatformSupport] -[SFSafariPlatformSupport credentialSelected:] with nil credential
2026-09-09 19:44:06.925 I  PeachCommander[28619:16ea1] [com.apple.SafariPlatformSupport:SafariPlatformSupport] -[SFSafariPlatformSupport oneTimeCodeSelected:] with nil code
2026-09-09 19:44:06.925 I  PeachCommander[28619:16eb4] [com.apple.AppKit:WindowTab] Indexing 2 items
2026-09-09 19:44:06.925 A  PeachCommander[28619:16eb4] (CoreSpotlight) end-index-batch
2026-09-09 19:44:06.925 A  PeachCommander[28619:16eb4] (CoreSpotlight) index-items
2026-09-09 19:44:06.925 Df PeachCommander[28619:16eb4] [com.apple.corespotlight:index] CSInlineDonation:<private>: Skipping donation (feature flag disabled)
2026-09-09 19:44:06.926 Df PeachCommander[28619:16eb4] [com.apple.corespotlight:index] CSInlineDonation:<private>: Skipping donation (feature flag disabled)
2026-09-09 19:44:06.932 Df PeachCommander[28619:16ea1] [com.apple.TextInputUI:CursorUI] -[TUINSCursorUIController activate:]_block_invoke: Create CursorUIViewService: TUINSRemoteViewController
2026-09-09 19:44:06.932 Df PeachCommander[28619:16ea1] [com.apple.xpc:connection] [0xbc05fe580] invalidated because the current process cancelled the connection by calling xpc_connection_cancel()
2026-09-09 19:44:06.932 Df PeachCommander[28619:16ea1] [com.apple.xpc:connection] [0xbc05fe6c0] invalidated because the current process cancelled the connection by calling xpc_connection_cancel()
2026-09-09 19:44:06.932 E  PeachCommander[28619:16ea1] [com.apple.TextInputUI:CursorUI] ViewBridge to RemoteViewService Terminated: Error Domain=com.apple.ViewBridge Code=18 UserInfo={com.apple.ViewBridge.error.hint=this process disconnected remote view controller -- benign unless unexpected, com.apple.ViewBridge.error.description=NSViewBridgeErrorCanceled}
2026-09-09 19:44:06.949 Df PeachCommander[28619:16ea1] [com.apple.TextInputUI:CursorUI] -[TUINSCursorUIController activate:]_block_invoke: Create CursorUIViewService: TUINSRemoteViewController
2026-09-09 19:44:06.949 Df PeachCommander[28619:16ea1] [com.apple.xpc:connection] [0xbbf1fe940] invalidated because the current process cancelled the connection by calling xpc_connection_cancel()
2026-09-09 19:44:06.949 Df PeachCommander[28619:16ea1] [com.apple.xpc:connection] [0xbbf1fea80] invalidated because the current process cancelled the connection by calling xpc_connection_cancel()
2026-09-09 19:44:06.993 I  PeachCommander[28619:16ea1] [com.apple.AppKit:Window] context (8936efa6 -> 0) for window 622
2026-09-09 19:44:07.445 Df PeachCommander[28619:16ea1] (Foundation) <private>
2026-09-09 19:44:07.445 I  PeachCommander[28619:16ea1] [com.peachcommander:PCFoundation] [automation] done
