Timestamp               Ty Process[PID:TID]
2026-09-14 12:02:59.480 A  PeachCommander[22178:11efe] (libsystem_info.dylib) Retrieve User by ID
2026-09-14 12:02:59.481 Df PeachCommander[22178:11efe] [com.apple.xpc:connection] [0x101c89d90] activating connection: mach=true listener=false peer=false name=com.apple.cfprefsd.daemon
2026-09-14 12:02:59.481 Df PeachCommander[22178:11f04] [com.apple.xpc:connection] [0x101c8a490] activating connection: mach=true listener=false peer=false name=com.apple.cfprefsd.agent
2026-09-14 12:02:59.482 Df PeachCommander[22178:11efe] [com.apple.xpc:connection] [0x101c8f4b0] activating connection: mach=true listener=false peer=false name=com.apple.coreservices.launchservicesd
2026-09-14 12:02:59.483 I  PeachCommander[22178:11efe] [com.apple.launchservices:cas] Registering for notification <private> on default queue, to re-boostrap client connection.
2026-09-14 12:02:59.483 Df PeachCommander[22178:11efe] [com.apple.xpc:connection] [0x864cb4000] activating connection: mach=true listener=false peer=false name=com.apple.pasteboard.1
2026-09-14 12:02:59.483 Df PeachCommander[22178:11efe] [com.apple.xpc:connection] [0x864cb4140] activating connection: mach=true listener=false peer=false name=com.apple.distributed_notifications@Uv3
2026-09-14 12:02:59.485 Df PeachCommander[22178:11efe] [com.apple.AppKit:AutomaticTermination] void _NSDisableAutomaticTerminationAndLog(NSString *) No windows open yet
2026-09-14 12:02:59.485 A  PeachCommander[22178:11efe] (TCC) TCCAccessRequest() IPC
2026-09-14 12:02:59.485 Df PeachCommander[22178:11efe] [com.apple.xpc:connection] [0x864cb4280] activating connection: mach=true listener=false peer=false name=com.apple.tccd.system
2026-09-14 12:02:59.485 I  PeachCommander[22178:11efe] [com.apple.TCC:access] SEND: 0/7 synchronous to com.apple.tccd.system: request: msgID=22178.1, function=TCCAccessRequest, service=kTCCServiceListenEvent,
2026-09-14 12:02:59.486 I  PeachCommander[22178:11efe] [com.apple.TCC:access] RECV: synchronous reply <dictionary: 0x864c78000> { count = 5, transaction: 0, voucher = 0x0, contents =
	"prompt_type" => <uint64: 0x8deda7b8e18d5f2f>: 1
	"auth_value" => <uint64: 0x8deda7b8e18d5f2f>: 1
	"preflight_unknown" => <bool: 0x1f7121190>: true
	"auth_version" => <uint64: 0x8deda7b8e18d5f2f>: 1
	"auth_reason" => <uint64: 0x8deda7b8e18d5f0f>: 5
}
2026-09-14 12:02:59.486 Df PeachCommander[22178:11efe] [com.apple.xpc:connection] [0x864cb4280] invalidated after the last release of the connection object
2026-09-14 12:02:59.487 Df PeachCommander[22178:11efe] [com.apple.SkyLight:default] server port 0x00003813, session port 0x00003813
2026-09-14 12:02:59.489 Df PeachCommander[22178:11efe] [com.apple.SkyLight:default] New connection 0x47893 main
2026-09-14 12:02:59.489 I  PeachCommander[22178:11f05] [com.apple.SkyLight:processes] 0[outside of RPC]: First connection id 293011 mapped to ctx = 0x86501d000
2026-09-14 12:02:59.490 I  PeachCommander[22178:11efe] [com.apple.hiservices:processmgr] Checking in with CAS, pid=22178
2026-09-14 12:02:59.490 I  PeachCommander[22178:11efe] [com.apple.launchservices:cas] LSApplicationCheckIn(), app being registered is:"/Users/admin/pc-test/PeachCommander.app/Contents/MacOS/PeachCommander"
2026-09-14 12:02:59.490 I  PeachCommander[22178:11efe] [com.apple.launchservices:cas]  { "ApplicationType"="Foreground", "BuildMachineOSBuild"="25E246", "CFBundleDevelopmentRegion"="en", "CFBundleDocumentTypes"=( { "CFBundleTypeName"="Peach Commander Plugin Package", "CFBundleTypeRole"="Viewer", "LSHandlerRank"="Owner", "LSItemContentTypes"=( "com.peachcommander.plugin-package") }), "CFBundleExecutable"="PeachCommander", "CFBundleExecutablePath"="/Users/admin/pc-test/PeachCommander.app/Contents/MacOS/PeachCommander", "CFBundleHelpBookFolder"="PeachCommander.help", "CFBundleHelpBookName"="Peach Commander Help", "CFBundleIconFile"="AppIcon", "CFBundleIconName"="AppIcon", "CFBundleIdentifier"="com.peachcommander.app", "CFBundleInfoDictionaryVersion"="6.0", "CFBundleName"="PeachCommander", "CFBundleNumericVersion"=402685952, "CFBundlePackageType"="APPL", "CFBundleShortVersionString"="0.9.0", "CFBundleSignature"="?????", "CFBundleSupportedPlatforms"=( "MacOSX"), "CFBundleVersion"="18", "DTCompiler"="com.apple.compilers.llvm.clang.1_0", "DTPlatformBuild"="25F70", "DTPlatformName"="macosx", "<…>
2026-09-14 12:02:59.490 Df PeachCommander[22178:11efe] [com.apple.processmanager:front-35286506] CHECKIN: pid=22178
2026-09-14 12:02:59.492 Df PeachCommander[22178:11efe] [com.apple.processmanager:front-35286506] CHECKEDIN: pid=22178 asn=0x0-0x121121 foreground=1
2026-09-14 12:02:59.492 I  PeachCommander[22178:11efe] [com.apple.launchservices:cas] Setting processControlState to default PROC_SETPC_SUSPEND because application does not have LSProcessControlValue key
2026-09-14 12:02:59.492 Df PeachCommander[22178:11efe] [com.apple.xpc:connection] [0x864cb4280] activating connection: mach=false listener=true peer=false name=(anonymous)
2026-09-14 12:02:59.492 Df PeachCommander[22178:11efe] [com.apple.xpc:connection] [0x864cb4280] Connection returned listener port: 0x5403
2026-09-14 12:02:59.492 Df PeachCommander[22178:11f04] [com.apple.xpc:connection] [0x8650b8300] activating connection: mach=false listener=false peer=true name=com.apple.xpc.anonymous.0x864cb4280.peer[131].0x8650b8300
2026-09-14 12:02:59.492 Df PeachCommander[22178:11efe] [com.apple.processmanager:front-35286506] FRONTLOGGING: version 1
2026-09-14 12:02:59.492 Df PeachCommander[22178:11efe] [com.apple.processmanager:front-35286506] Registered, pid=22178 ASN=0x0,0x121121
2026-09-14 12:02:59.492 Df PeachCommander[22178:11efe] [com.apple.xpc:connection] [0x864cb43c0] activating connection: mach=true listener=false peer=false name=com.apple.analyticsd
2026-09-14 12:02:59.492 I  PeachCommander[22178:11efe] [com.apple.CoreAnalytics:client] Daemon status changed from 0 to 1
2026-09-14 12:02:59.493 I  PeachCommander[22178:11f04] [com.apple.CarbonCore:coreservicesdaemon] SCSession():SCSession( id=100, this=0x0x101c98790 option=65538) created, forUID=501 mach_port_t=0x5103.
2026-09-14 12:02:59.493 I  PeachCommander[22178:11f04] [com.apple.CarbonCore:coreservicesdaemon] SCSession():SCSession( id=101, this=0x0x101c8dc30 option=65538) created, forUID=501 mach_port_t=0x4403.
2026-09-14 12:02:59.493 I  PeachCommander[22178:11f04] [com.apple.CarbonCore:coreservicesdaemon] connectToCoreServicesD():Instantiating server (coreservicesd based) SCSession, port=0x5103 serverOptions=0x10002.
2026-09-14 12:02:59.493 Df PeachCommander[22178:11f09] [com.apple.CoreAnalytics:client] Received configuration update from daemon (initial)
2026-09-14 12:02:59.493 I  PeachCommander[22178:11efe] [com.apple.hiservices:processmgr] _RegisterApplication( pid 22178 => 0x0,0x121121) type=foreground
2026-09-14 12:02:59.493 Df PeachCommander[22178:11efe] [com.apple.xpc:connection] [0x864cb4280] Connection returned listener port: 0x5403
2026-09-14 12:02:59.493 Df PeachCommander[22178:11f04] [com.apple.xpc:connection] [0x864cb4500] activating connection: mach=true listener=false peer=false name=com.apple.lsd.mapdb
2026-09-14 12:02:59.493 I  PeachCommander[22178:11efe] [com.apple.launchservices:cas] CFArrayRef _LSCopyLaunchModifiers(LSSessionID, LSASNRef _Nonnull), result for psn [ kLSCurrentApp ASN, 0x0,0x2]  is 1 items.
2026-09-14 12:02:59.493 Df PeachCommander[22178:11efe] [com.apple.processmanager:front-35286506] BringForward: pid=22178 asn=0x0-0x121121 bringForward=1 foreground=1 uiElement=0 launchedByLS=1 modifiersCount=1 allDisabled=1
2026-09-14 12:02:59.493 Df PeachCommander[22178:11efe] [com.apple.processmanager:front-35286506] BringFrontModifier: pid=22178 asn=0x0-0x121121 Modifier 0 hideAfter=0 hideOthers=0 dontMakeFrontmost=0 mouseDown=0/0 seed=0/0
2026-09-14 12:02:59.493 Df PeachCommander[22178:11efe] [com.apple.processmanager:front-35286506] BringForward: pid=22178 asn=0x0-0x121121
2026-09-14 12:02:59.493 Df PeachCommander[22178:11efe] [com.apple.processmanager:front-35286506] SetFrontProcess: asn=0x0-0x121121 options=0
2026-09-14 12:02:59.493 I  PeachCommander[22178:11efe] [com.apple.SkyLight:processes] 0[outside of RPC]: SLPSetFrontProcess(0x0-0x121121 window=0 options=0x0
2026-09-14 12:02:59.494 I  PeachCommander[22178:11f04] [com.apple.launchservices:db] LaunchServices database schema version: 20971544
2026-09-14 12:02:59.495 Df PeachCommander[22178:11efe] [com.apple.AppKit:Appearance] Current system appearance, (HLTB: 1), (SLS: 0)
2026-09-14 12:02:59.496 Df PeachCommander[22178:11efe] (libMobileGestalt.dylib) No persisted cache on this platform.
2026-09-14 12:02:59.496 I  PeachCommander[22178:11f09] [com.apple.launchservices:cas] information in shared memory for 0x0-0x121121 with seed 533 was still valid, so using cached info { "ApplicationType"="Foreground", "BuildMachineOSBuild"="25E246", "BundleIdentifierLowerCase"="com.peachcommander.app", "CFBundleDevelopmentRegion"="en", "CFBundleDocumentTypes"=( { "CFBundleTypeName"="Peach Commander Plugin Package", "CFBundleTypeRole"="Viewer", "LSHandlerRank"="Owner", "LSItemContentTypes"=( "com.peachcommander.plugin-package") }), "CFBundleExecutable"="PeachCommander", "CFBundleExecutablePath"="/Users/admin/pc-test/PeachCommander.app/Contents/MacOS/PeachCommander", "CFBundleExecutablePathDeviceID"=16777228, "CFBundleExecutablePathINode"=487690, "CFBundleHelpBookFolder"="PeachCommander.help", "CFBundleHelpBookName"="Peach Commander Help", "CFBundleIconFile"="AppIcon", "CFBundleIconName"="AppIcon", "CFBundleIdentifier"="com.peachcommander.app", "CFBundleInfoDictionaryVersion"="6.0", "CFBundleName"="PeachCommander", "CFBundleNameLowerCase"="peachcommander", "CFBundleNumericVersion"=402685952, "CFBundlePackageType"="APPL", "CFBundleShortVersionString"="0.9.0", "CFBun<…>
2026-09-14 12:02:59.496 Df PeachCommander[22178:11efe] (libMobileGestalt.dylib) Could not get size of EAN data (IOConnectCallScalarMethod kAppleNVMeEANGetSize returned 0xE00002E2)
2026-09-14 12:02:59.496 Df PeachCommander[22178:11efe] (libMobileGestalt.dylib) Failed to copy 'aptk' from EAN
2026-09-14 12:02:59.496 Df PeachCommander[22178:11efe] (libMobileGestalt.dylib) Failed to copy APTicket properties. Falling back to default policy.
2026-09-14 12:02:59.496 Df PeachCommander[22178:11efe] (libMobileGestalt.dylib) Creating default MGSysConfigPolicy
2026-09-14 12:02:59.496 Df PeachCommander[22178:11efe] (libMobileGestalt.dylib) CFDictionaryRef copySyscfgDictionary(void) enumeration of <private> failed.
2026-09-14 12:02:59.496 Df PeachCommander[22178:11efe] (libMobileGestalt.dylib) Failed to find key <private>
2026-09-14 12:02:59.497 Df PeachCommander[22178:11efe] [com.apple.AppKit:Appearance] Current system appearance, (HLTB: 1), (SLS: 0)
2026-09-14 12:02:59.497 Df PeachCommander[22178:11efe] [com.apple.AppKit:Appearance] Post-registration system appearance: (HLTB: 1)
2026-09-14 12:02:59.498 I  PeachCommander[22178:11f04] [com.apple.launchservices:default] Unable to load Info.plist exceptions (eGPUOverrides)
2026-09-14 12:02:59.498 I  PeachCommander[22178:11f04] [com.apple.launchservices:default] Unable to load Info.plist exceptions (gameModeOverrides)
2026-09-14 12:02:59.498 I  PeachCommander[22178:11f04] [com.apple.launchservices:default] Unable to load Info.plist exceptions (identifiedGameOverrides)
2026-09-14 12:02:59.498 I  PeachCommander[22178:11f04] [com.apple.launchservices:default] Unable to load Info.plist exceptions (SystemHiddenPreferred)
2026-09-14 12:02:59.499 Df PeachCommander[22178:11efe] [com.apple.FrontBoard:Common] FBSWorkspace: endpoint monitoring is disabled.
2026-09-14 12:02:59.499 Df PeachCommander[22178:11efe] [com.apple.FrontBoard:Common] FBSWorkspace: default shell endpoint is disabled.
2026-09-14 12:02:59.499 Df PeachCommander[22178:11efe] [com.apple.runningboard:connection] Initializing connection
2026-09-14 12:02:59.499 Df PeachCommander[22178:11efe] [com.apple.runningboard:process] Removing all cached process handles
2026-09-14 12:02:59.499 Df PeachCommander[22178:11f09] [com.apple.runningboard:connection] Sending handshake request attempt #1 to server
2026-09-14 12:02:59.499 Df PeachCommander[22178:11f09] [com.apple.runningboard:connection] Creating connection to com.apple.runningboard
2026-09-14 12:02:59.499 Df PeachCommander[22178:11f09] [com.apple.xpc:connection] [0x864cb4640] activating connection: mach=true listener=false peer=false name=com.apple.runningboard
2026-09-14 12:02:59.499 A  PeachCommander[22178:11f05] (RunningBoardServices) didChangeInheritances
2026-09-14 12:02:59.499 Df PeachCommander[22178:11efe] [com.apple.xpc:connection] [0x864cb4280] Connection returned listener port: 0x5403
2026-09-14 12:02:59.499 Df PeachCommander[22178:11f09] [com.apple.runningboard:connection] Handshake succeeded
2026-09-14 12:02:59.499 Df PeachCommander[22178:11f09] [com.apple.runningboard:connection] Identity resolved as app<application.com.peachcommander.app.486404.487690(501)>
2026-09-14 12:02:59.500 I  PeachCommander[22178:11efe] [com.apple.launchservices:cas] information in shared memory for 0x0-0x121121 with seed 533 was still valid, so using cached info { "ApplicationType"="Foreground", "BuildMachineOSBuild"="25E246", "BundleIdentifierLowerCase"="com.peachcommander.app", "CFBundleDevelopmentRegion"="en", "CFBundleDocumentTypes"=( { "CFBundleTypeName"="Peach Commander Plugin Package", "CFBundleTypeRole"="Viewer", "LSHandlerRank"="Owner", "LSItemContentTypes"=( "com.peachcommander.plugin-package") }), "CFBundleExecutable"="PeachCommander", "CFBundleExecutablePath"="/Users/admin/pc-test/PeachCommander.app/Contents/MacOS/PeachCommander", "CFBundleExecutablePathDeviceID"=16777228, "CFBundleExecutablePathINode"=487690, "CFBundleHelpBookFolder"="PeachCommander.help", "CFBundleHelpBookName"="Peach Commander Help", "CFBundleIconFile"="AppIcon", "CFBundleIconName"="AppIcon", "CFBundleIdentifier"="com.peachcommander.app", "CFBundleInfoDictionaryVersion"="6.0", "CFBundleName"="PeachCommander", "CFBundleNameLowerCase"="peachcommander", "CFBundleNumericVersion"=402685952, "CFBundlePackageType"="APPL", "CFBundleShortVersionString"="0.9.0", "CFBun<…>
2026-09-14 12:02:59.501 Df PeachCommander[22178:11efe] [com.apple.xpc:connection] [0x864cb4280] Connection returned listener port: 0x5403
2026-09-14 12:02:59.502 A  PeachCommander[22178:11f09] (AppIntents) appintents:register process
2026-09-14 12:02:59.502 Df PeachCommander[22178:11f09] [com.apple.appintents:Connection] Created a new Process Instance Registry XPC connection (inactive)
2026-09-14 12:02:59.502 Df PeachCommander[22178:11f09] [com.apple.xpc:connection] [0x864cb48c0] activating connection: mach=true listener=false peer=false name=com.apple.linkd.autoShortcut
2026-09-14 12:02:59.502 Df PeachCommander[22178:11f09] [com.apple.appintents:Connection] Activated connection to linkd (ApplicationService)
2026-09-14 12:02:59.502 Df PeachCommander[22178:11f09] [com.apple.xpc:connection] [0x864cb4a00] activating connection: mach=false listener=true peer=false name=(anonymous)
2026-09-14 12:02:59.502 I  PeachCommander[22178:11efe] [com.apple.launchservices:cas] information in shared memory for 0x0-0x121121 with seed 533 was still valid, so using cached info { "ApplicationType"="Foreground", "BuildMachineOSBuild"="25E246", "BundleIdentifierLowerCase"="com.peachcommander.app", "CFBundleDevelopmentRegion"="en", "CFBundleDocumentTypes"=( { "CFBundleTypeName"="Peach Commander Plugin Package", "CFBundleTypeRole"="Viewer", "LSHandlerRank"="Owner", "LSItemContentTypes"=( "com.peachcommander.plugin-package") }), "CFBundleExecutable"="PeachCommander", "CFBundleExecutablePath"="/Users/admin/pc-test/PeachCommander.app/Contents/MacOS/PeachCommander", "CFBundleExecutablePathDeviceID"=16777228, "CFBundleExecutablePathINode"=487690, "CFBundleHelpBookFolder"="PeachCommander.help", "CFBundleHelpBookName"="Peach Commander Help", "CFBundleIconFile"="AppIcon", "CFBundleIconName"="AppIcon", "CFBundleIdentifier"="com.peachcommander.app", "CFBundleInfoDictionaryVersion"="6.0", "CFBundleName"="PeachCommander", "CFBundleNameLowerCase"="peachcommander", "CFBundleNumericVersion"=402685952, "CFBundlePackageType"="APPL", "CFBundleShortVersionString"="0.9.0", "CFBun<…>
2026-09-14 12:02:59.502 I  PeachCommander[22178:11efe] [com.apple.hiservices:processmgr] TransformProcessType(0x0,0x2 => 1 wasFront=1 pickNew=0)
2026-09-14 12:02:59.503 I  PeachCommander[22178:11efe] [com.apple.CoreAnalytics:client] Dropping "com.apple.appkit.app_config" as it isn't used in any transform (not in the config or budgeted?)
2026-09-14 12:02:59.503 I  PeachCommander[22178:11f09] [com.apple.appintents:Execution] LNAppConnectionListener instantiated
2026-09-14 12:02:59.503 Df PeachCommander[22178:11f09] [com.apple.xpc:connection] [0x864cb4a00] Connection returned listener port: 0x6a03
2026-09-14 12:02:59.503 Df PeachCommander[22178:11f05] [com.apple.xpc:connection] [0x864cb48c0] Re-initialization successful; calling out to event handler with XPC_ERROR_CONNECTION_INTERRUPTED
2026-09-14 12:02:59.503 Df PeachCommander[22178:11f05] [com.apple.appintents:Connection] Process Instance Registry XPC connection has been interrupted
2026-09-14 12:02:59.503 Df PeachCommander[22178:11efe] [com.apple.dt.xctest:Default] Registering for test daemon availability notify post.
2026-09-14 12:02:59.503 E  PeachCommander[22178:11f09] [com.apple.appintents:Connection] Unable to get synchronousRemoteObjectProxy, error: Error Domain=NSCocoaErrorDomain Code=4097 "connection to service named com.apple.linkd.autoShortcut" UserInfo={NSDebugDescription=connection to service named com.apple.linkd.autoShortcut}
2026-09-14 12:02:59.503 E  PeachCommander[22178:11f09] [com.apple.AppKit:Application] Error registering app with intents framework: Error Domain=NSCocoaErrorDomain Code=4097 UserInfo={NSDebugDescription=<private>}
2026-09-14 12:02:59.503 Df PeachCommander[22178:11efe] [com.apple.dt.xctest:Default] notify_get_state check indicated test daemon not ready.
2026-09-14 12:02:59.503 Df PeachCommander[22178:11f05] [com.apple.appintents:Connection] Created a new Process Instance Registry XPC connection (inactive)
2026-09-14 12:02:59.503 A  PeachCommander[22178:11f05] (AppIntents) appintents:register process
2026-09-14 12:02:59.503 Df PeachCommander[22178:11f05] [com.apple.appintents:Connection] Created a new Process Instance Registry XPC connection (inactive)
2026-09-14 12:02:59.503 Df PeachCommander[22178:11f05] [com.apple.xpc:connection] [0x864cb4c80] activating connection: mach=true listener=false peer=false name=com.apple.linkd.autoShortcut
2026-09-14 12:02:59.503 Df PeachCommander[22178:11efe] [com.apple.dt.xctest:Default] notify_get_state check indicated test daemon not ready.
2026-09-14 12:02:59.503 Df PeachCommander[22178:11f05] [com.apple.appintents:Connection] Activated connection to linkd (ApplicationService)
2026-09-14 12:02:59.503 Df PeachCommander[22178:11f05] [com.apple.xpc:connection] [0x864cb4a00] Connection returned listener port: 0x6a03
2026-09-14 12:02:59.503 Df PeachCommander[22178:11efe] [com.apple.dt.xctest:Default] notify_get_state check indicated test daemon not ready.
2026-09-14 12:02:59.504 Df PeachCommander[22178:11f09] [com.apple.xpc:connection] [0x864cb4c80] Re-initialization successful; calling out to event handler with XPC_ERROR_CONNECTION_INTERRUPTED
2026-09-14 12:02:59.504 Df PeachCommander[22178:11f09] [com.apple.appintents:Connection] Process Instance Registry XPC connection has been interrupted
2026-09-14 12:02:59.504 E  PeachCommander[22178:11f05] [com.apple.appintents:Connection] Unable to get synchronousRemoteObjectProxy, error: Error Domain=NSCocoaErrorDomain Code=4097 "connection to service named com.apple.linkd.autoShortcut" UserInfo={NSDebugDescription=connection to service named com.apple.linkd.autoShortcut}
2026-09-14 12:02:59.504 E  PeachCommander[22178:11f05] [com.apple.appintents:Connection] Unable to re-register with Process Instance Registry, error: Error Domain=NSCocoaErrorDomain Code=4097 "connection to service named com.apple.linkd.autoShortcut" UserInfo={NSDebugDescription=connection to service named com.apple.linkd.autoShortcut}
2026-09-14 12:02:59.504 Df PeachCommander[22178:11f09] [com.apple.appintents:Connection] Created a new Process Instance Registry XPC connection (inactive)
2026-09-14 12:02:59.504 A  PeachCommander[22178:11f09] (AppIntents) appintents:register process
2026-09-14 12:02:59.504 Df PeachCommander[22178:11f09] [com.apple.appintents:Connection] Created a new Process Instance Registry XPC connection (inactive)
2026-09-14 12:02:59.504 Df PeachCommander[22178:11f09] [com.apple.xpc:connection] [0x864cb52c0] activating connection: mach=true listener=false peer=false name=com.apple.linkd.autoShortcut
2026-09-14 12:02:59.504 Df PeachCommander[22178:11f09] [com.apple.appintents:Connection] Activated connection to linkd (ApplicationService)
2026-09-14 12:02:59.504 Df PeachCommander[22178:11f09] [com.apple.xpc:connection] [0x864cb4a00] Connection returned listener port: 0x6a03
2026-09-14 12:02:59.505 Df PeachCommander[22178:11f04] [com.apple.xpc:connection] [0x864cb52c0] Re-initialization successful; calling out to event handler with XPC_ERROR_CONNECTION_INTERRUPTED
2026-09-14 12:02:59.505 Df PeachCommander[22178:11f04] [com.apple.appintents:Connection] Process Instance Registry XPC connection has been interrupted
2026-09-14 12:02:59.505 E  PeachCommander[22178:11f09] [com.apple.appintents:Connection] Unable to get synchronousRemoteObjectProxy, error: Error Domain=NSCocoaErrorDomain Code=4097 "connection to service named com.apple.linkd.autoShortcut" UserInfo={NSDebugDescription=connection to service named com.apple.linkd.autoShortcut}
2026-09-14 12:02:59.505 E  PeachCommander[22178:11f09] [com.apple.appintents:Connection] Unable to re-register with Process Instance Registry, error: Error Domain=NSCocoaErrorDomain Code=4097 "connection to service named com.apple.linkd.autoShortcut" UserInfo={NSDebugDescription=connection to service named com.apple.linkd.autoShortcut}
2026-09-14 12:02:59.505 Df PeachCommander[22178:11f04] [com.apple.appintents:Connection] Created a new Process Instance Registry XPC connection (inactive)
2026-09-14 12:02:59.505 A  PeachCommander[22178:11f04] (AppIntents) appintents:register process
2026-09-14 12:02:59.505 Df PeachCommander[22178:11f04] [com.apple.appintents:Connection] Created a new Process Instance Registry XPC connection (inactive)
2026-09-14 12:02:59.505 Df PeachCommander[22178:11f04] [com.apple.xpc:connection] [0x864cb5540] activating connection: mach=true listener=false peer=false name=com.apple.linkd.autoShortcut
2026-09-14 12:02:59.505 Df PeachCommander[22178:11f04] [com.apple.appintents:Connection] Activated connection to linkd (ApplicationService)
2026-09-14 12:02:59.505 Df PeachCommander[22178:11f04] [com.apple.xpc:connection] [0x864cb4a00] Connection returned listener port: 0x6a03
2026-09-14 12:02:59.505 Df PeachCommander[22178:11f09] [com.apple.xpc:connection] [0x864cb5540] Re-initialization successful; calling out to event handler with XPC_ERROR_CONNECTION_INTERRUPTED
2026-09-14 12:02:59.505 Df PeachCommander[22178:11f09] [com.apple.appintents:Connection] Process Instance Registry XPC connection has been interrupted
2026-09-14 12:02:59.505 E  PeachCommander[22178:11f09] [com.apple.appintents:Connection] Will NOT re-try to establish the connection
2026-09-14 12:02:59.505 E  PeachCommander[22178:11f04] [com.apple.appintents:Connection] Unable to get synchronousRemoteObjectProxy, error: Error Domain=NSCocoaErrorDomain Code=4097 "connection to service named com.apple.linkd.autoShortcut" UserInfo={NSDebugDescription=connection to service named com.apple.linkd.autoShortcut}
2026-09-14 12:02:59.505 E  PeachCommander[22178:11f04] [com.apple.appintents:Connection] Unable to re-register with Process Instance Registry, error: Error Domain=NSCocoaErrorDomain Code=4097 "connection to service named com.apple.linkd.autoShortcut" UserInfo={NSDebugDescription=connection to service named com.apple.linkd.autoShortcut}
2026-09-14 12:02:59.507 A  PeachCommander[22178:11efe] (CoreFoundation) Loading Preferences From System CFPrefsD
2026-09-14 12:02:59.508 Df PeachCommander[22178:11efe] (libMobileGestalt.dylib) couldn't load support library
2026-09-14 12:02:59.508 Df PeachCommander[22178:11efe] (libMobileGestalt.dylib) called dummy function!
2026-09-14 12:02:59.508 I  PeachCommander[22178:11efe] [com.apple.GenerativeModels:availability] Current availability state: unavailable, use cases: com.apple.WritingTools, language: <any>, api: <private>
2026-09-14 12:02:59.508 Df PeachCommander[22178:11efe] [com.apple.GenerativeModels:availability] registering darwin observer for name: com.apple.gms.availability.notification
2026-09-14 12:02:59.508 Df PeachCommander[22178:11efe] [com.apple.GenerativeModels:availability] registering darwin observer for name: com.apple.os-eligibility-domain.change.greymatter
2026-09-14 12:02:59.508 Df PeachCommander[22178:11efe] [com.apple.GenerativeModels:availability] registering darwin observer for name: com.apple.language.changed
2026-09-14 12:02:59.508 Df PeachCommander[22178:11efe] [com.apple.WritingTools:Default] isAvailable value changed: isMDMAllowed = true, gmAvailable (current) = false
2026-09-14 12:02:59.510 I  PeachCommander[22178:11efe] [com.apple.CoreAnalytics:client] Dropping "com.apple.appkit.app_config" as it isn't used in any transform (not in the config or budgeted?)
2026-09-14 12:02:59.513 Df PeachCommander[22178:11efe] [com.apple.AppKit:Appearance] NSApp cache appearance:
-NSRequiresAquaSystemAppearance: 0
-appearance: (null)
-effectiveAppearance: <NSCompositeAppearance: 0x864c7c500
 (
    "<NSAquaAppearance: 0x864c7c6e0>",
    "<NSSystemAppearance: 0x864c7c460>"
)>
2026-09-14 12:02:59.515 A  PeachCommander[22178:11efe] (CoreFoundation) Loading Preferences From User CFPrefsD
2026-09-14 12:02:59.515 A  PeachCommander[22178:11efe] (CoreFoundation) Loading Preferences From User CFPrefsD
2026-09-14 12:02:59.518 A  PeachCommander[22178:11f05] (libsystem_info.dylib) Membership API: translate identifier
2026-09-14 12:02:59.521 I  PeachCommander[22178:11efe] [com.apple.CoreAnalytics:client] Dropping "com.apple.appkit.app_config" as it isn't used in any transform (not in the config or budgeted?)
2026-09-14 12:02:59.521 I  PeachCommander[22178:11efe] [com.apple.CoreAnalytics:client] Dropping "com.apple.appkit.app_config" as it isn't used in any transform (not in the config or budgeted?)
2026-09-14 12:02:59.522 Df PeachCommander[22178:11f09] [com.apple.xpc:connection] [0x864cb5a40] activating connection: mach=true listener=false peer=false name=com.apple.dock.fullscreen
2026-09-14 12:02:59.523 Df PeachCommander[22178:11efe] [com.apple.xpc:connection] [0x864cb5b80] activating connection: mach=true listener=false peer=false name=com.apple.fonts
2026-09-14 12:02:59.525 I  PeachCommander[22178:11efe] [com.apple.launchservices:cas] information in shared memory for 0x0-0x121121 with seed 533 was still valid, so using cached info { "ApplicationType"="Foreground", "BuildMachineOSBuild"="25E246", "BundleIdentifierLowerCase"="com.peachcommander.app", "CFBundleDevelopmentRegion"="en", "CFBundleDocumentTypes"=( { "CFBundleTypeName"="Peach Commander Plugin Package", "CFBundleTypeRole"="Viewer", "LSHandlerRank"="Owner", "LSItemContentTypes"=( "com.peachcommander.plugin-package") }), "CFBundleExecutable"="PeachCommander", "CFBundleExecutablePath"="/Users/admin/pc-test/PeachCommander.app/Contents/MacOS/PeachCommander", "CFBundleExecutablePathDeviceID"=16777228, "CFBundleExecutablePathINode"=487690, "CFBundleHelpBookFolder"="PeachCommander.help", "CFBundleHelpBookName"="Peach Commander Help", "CFBundleIconFile"="AppIcon", "CFBundleIconName"="AppIcon", "CFBundleIdentifier"="com.peachcommander.app", "CFBundleInfoDictionaryVersion"="6.0", "CFBundleName"="PeachCommander", "CFBundleNameLowerCase"="peachcommander", "CFBundleNumericVersion"=402685952, "CFBundlePackageType"="APPL", "CFBundleShortVersionString"="0.9.0", "CFBun<…>
2026-09-14 12:02:59.525 I  PeachCommander[22178:11efe] [com.apple.CoreAnalytics:client] Dropping "com.apple.appkit.app_config" as it isn't used in any transform (not in the config or budgeted?)
2026-09-14 12:02:59.525 Df PeachCommander[22178:11efe] [com.apple.AppKit:AutomaticTermination] -[NSApplication(NSAppssassination) _checkForAutomaticTerminationSupportPossiblyEnablingIt]_block_invoke Enabling automatic termination support.
2026-09-14 12:02:59.526 Df PeachCommander[22178:11efe] [com.apple.xpc:connection] [0x864cb4dc0] activating connection: mach=true listener=false peer=false name=com.apple.appkit.restoration_storage
2026-09-14 12:02:59.526 I  PeachCommander[22178:11efe] [com.apple.launchservices:cas] information in shared memory for 0x0-0x121121 with seed 533 was still valid, so using cached info { "ApplicationType"="Foreground", "BuildMachineOSBuild"="25E246", "BundleIdentifierLowerCase"="com.peachcommander.app", "CFBundleDevelopmentRegion"="en", "CFBundleDocumentTypes"=( { "CFBundleTypeName"="Peach Commander Plugin Package", "CFBundleTypeRole"="Viewer", "LSHandlerRank"="Owner", "LSItemContentTypes"=( "com.peachcommander.plugin-package") }), "CFBundleExecutable"="PeachCommander", "CFBundleExecutablePath"="/Users/admin/pc-test/PeachCommander.app/Contents/MacOS/PeachCommander", "CFBundleExecutablePathDeviceID"=16777228, "CFBundleExecutablePathINode"=487690, "CFBundleHelpBookFolder"="PeachCommander.help", "CFBundleHelpBookName"="Peach Commander Help", "CFBundleIconFile"="AppIcon", "CFBundleIconName"="AppIcon", "CFBundleIdentifier"="com.peachcommander.app", "CFBundleInfoDictionaryVersion"="6.0", "CFBundleName"="PeachCommander", "CFBundleNameLowerCase"="peachcommander", "CFBundleNumericVersion"=402685952, "CFBundlePackageType"="APPL", "CFBundleShortVersionString"="0.9.0", "CFBun<…>
2026-09-14 12:02:59.526 Df PeachCommander[22178:11efe] [com.apple.xpc:connection] [0x864cb4f00] activating connection: mach=true listener=false peer=false name=com.apple.coreservices.appleevents
2026-09-14 12:02:59.526 I  PeachCommander[22178:11efe] [com.apple.appleevents:main] _AEGetRegisteredMachPort() created default port (port:44291/0xad03 rcv:1 send:1 limit:5) and registered it with server
2026-09-14 12:02:59.526 Df PeachCommander[22178:11efe] [com.apple.xpc:connection] [0x864cb4280] Connection returned listener port: 0x5403
2026-09-14 12:02:59.526 I  PeachCommander[22178:11efe] [com.apple.launchservices:cas] information in shared memory for 0x0-0x121121 with seed 533 was still valid, so using cached info { "ApplicationType"="Foreground", "BuildMachineOSBuild"="25E246", "BundleIdentifierLowerCase"="com.peachcommander.app", "CFBundleDevelopmentRegion"="en", "CFBundleDocumentTypes"=( { "CFBundleTypeName"="Peach Commander Plugin Package", "CFBundleTypeRole"="Viewer", "LSHandlerRank"="Owner", "LSItemContentTypes"=( "com.peachcommander.plugin-package") }), "CFBundleExecutable"="PeachCommander", "CFBundleExecutablePath"="/Users/admin/pc-test/PeachCommander.app/Contents/MacOS/PeachCommander", "CFBundleExecutablePathDeviceID"=16777228, "CFBundleExecutablePathINode"=487690, "CFBundleHelpBookFolder"="PeachCommander.help", "CFBundleHelpBookName"="Peach Commander Help", "CFBundleIconFile"="AppIcon", "CFBundleIconName"="AppIcon", "CFBundleIdentifier"="com.peachcommander.app", "CFBundleInfoDictionaryVersion"="6.0", "CFBundleName"="PeachCommander", "CFBundleNameLowerCase"="peachcommander", "CFBundleNumericVersion"=402685952, "CFBundlePackageType"="APPL", "CFBundleShortVersionString"="0.9.0", "CFBun<…>
2026-09-14 12:02:59.526 Df PeachCommander[22178:11efe] [com.apple.processmanager:front-35286506] SignalReady: pid=22178 asn=0x0-0x121121
2026-09-14 12:02:59.526 Df PeachCommander[22178:11efe] [com.apple.processmanager:front-35286506] SIGNAL: pid=22178 asn=0x0x-0x121121
2026-09-14 12:02:59.526 I  PeachCommander[22178:11efe] [com.apple.appleevents:main] aeGenerateFakeFirstOAPPEventIfNecessary()
2026-09-14 12:02:59.526 I  PeachCommander[22178:11efe] [com.apple.appleevents:main] aeGenerateFakeFirstOAPPEventIfNecessary(), needToCreateFakeOAPPEventIfFirstEvent == true
2026-09-14 12:02:59.526 I  PeachCommander[22178:11efe] [com.apple.launchservices:cas] Removing cached information for app [ 0x0-0x121121]  "PeachCommander", as its seed is different from that in shared memory ( 533 vs 535)
2026-09-14 12:02:59.527 I  PeachCommander[22178:11efe] [com.apple.CFPasteboard:entry] CopyData('DefaultAsciiKeyboardLayoutPasteboard' (<CFUUID 0x8650b1420> 32108B8C-ECB5-4DD4-800A-6E532FFAE827) gen: -1 item: 1264739405 flavor: 'DefaultAsciiKeyboardLayoutFlavor')
2026-09-14 12:02:59.527 I  PeachCommander[22178:11efe] [com.apple.CFPasteboard:cache] Rebuilding cache for 'DefaultAsciiKeyboardLayoutPasteboard' (<CFUUID 0x8650b1420> 32108B8C-ECB5-4DD4-800A-6E532FFAE827)
2026-09-14 12:02:59.527 I  PeachCommander[22178:11efe] [com.apple.CFPasteboard:exit] (not-in-cache) - result: -8 generation: 0 null data flags: 0
2026-09-14 12:02:59.527 A  PeachCommander[22178:11efe] (CoreFoundation) Loading Preferences From User CFPrefsD
2026-09-14 12:02:59.527 A  PeachCommander[22178:11efe] (CoreFoundation) Loading Preferences From System CFPrefsD
2026-09-14 12:02:59.528 I  PeachCommander[22178:11efe] [com.apple.CFPasteboard:entry] CopyData('AppleIntlFileCacheModificationDatePasteboard' (<CFUUID 0x8650b13c0> EBF325FC-F978-4178-90F7-2CC76642BA60) gen: -1 item: 1 flavor: '-32766 1768845414')
2026-09-14 12:02:59.528 I  PeachCommander[22178:11efe] [com.apple.CFPasteboard:cache] Rebuilding cache for 'AppleIntlFileCacheModificationDatePasteboard' (<CFUUID 0x8650b13c0> EBF325FC-F978-4178-90F7-2CC76642BA60)
2026-09-14 12:02:59.528 I  PeachCommander[22178:11efe] [com.apple.CFPasteboard:general] Will request data from daemon
2026-09-14 12:02:59.528 I  PeachCommander[22178:11efe] [com.apple.CFPasteboard:exit] (not-in-cache) - result: 0 generation: 5 data (310 bytes) flags: 0
2026-09-14 12:02:59.528 I  PeachCommander[22178:11efe] [com.apple.CFPasteboard:entry] CopyData('AppleIntlFileCacheModificationDatePasteboard' (<CFUUID 0x8650b13c0> EBF325FC-F978-4178-90F7-2CC76642BA60) gen: -1 item: 1 flavor: '-32765 1802264953')
2026-09-14 12:02:59.528 I  PeachCommander[22178:11efe] [com.apple.CFPasteboard:general] Will request data from daemon
2026-09-14 12:02:59.528 I  PeachCommander[22178:11efe] [com.apple.CFPasteboard:exit] (not-in-cache) - result: 0 generation: 5 data (306 bytes) flags: 0
2026-09-14 12:02:59.528 I  PeachCommander[22178:11efe] [com.apple.CFPasteboard:entry] CopyData('AppleIntlFileCacheModificationDatePasteboard' (<CFUUID 0x8650b13c0> EBF325FC-F978-4178-90F7-2CC76642BA60) gen: -1 item: 1 flavor: '-32764 1802264953')
2026-09-14 12:02:59.528 I  PeachCommander[22178:11efe] [com.apple.CFPasteboard:general] Will request data from daemon
2026-09-14 12:02:59.528 I  PeachCommander[22178:11efe] [com.apple.CFPasteboard:exit] (not-in-cache) - result: 0 generation: 5 data (281 bytes) flags: 0
2026-09-14 12:02:59.528 I  PeachCommander[22178:11efe] [com.apple.CFPasteboard:entry] CopyData('AppleIntlFileCacheModificationDatePasteboard' (<CFUUID 0x8650b13c0> EBF325FC-F978-4178-90F7-2CC76642BA60) gen: -1 item: 1 flavor: '-32763 1802264953')
2026-09-14 12:02:59.528 I  PeachCommander[22178:11efe] [com.apple.CFPasteboard:general] Will request data from daemon
2026-09-14 12:02:59.528 I  PeachCommander[22178:11efe] [com.apple.CFPasteboard:exit] (not-in-cache) - result: 0 generation: 5 data (318 bytes) flags: 0
2026-09-14 12:02:59.529 I  PeachCommander[22178:11efe] [com.apple.CFPasteboard:entry] CopyData('AppleIntlFileCacheModificationDatePasteboard' (<CFUUID 0x8650b13c0> EBF325FC-F978-4178-90F7-2CC76642BA60) gen: -1 item: 1 flavor: '-32765 1768845414')
2026-09-14 12:02:59.529 I  PeachCommander[22178:11efe] [com.apple.CFPasteboard:general] Will request data from daemon
2026-09-14 12:02:59.529 I  PeachCommander[22178:11efe] [com.apple.CFPasteboard:exit] (not-in-cache) - result: 0 generation: 5 data (303 bytes) flags: 0
2026-09-14 12:02:59.529 I  PeachCommander[22178:11efe] [com.apple.CFPasteboard:entry] CopyData('AppleIntlFileCacheModificationDatePasteboard' (<CFUUID 0x8650b13c0> EBF325FC-F978-4178-90F7-2CC76642BA60) gen: -1 item: 1 flavor: '-32763 1768845414')
2026-09-14 12:02:59.529 I  PeachCommander[22178:11efe] [com.apple.CFPasteboard:general] Will request data from daemon
2026-09-14 12:02:59.529 I  PeachCommander[22178:11efe] [com.apple.CFPasteboard:exit] (not-in-cache) - result: 0 generation: 5 data (315 bytes) flags: 0
2026-09-14 12:02:59.530 I  PeachCommander[22178:11efe] [com.apple.launchservices:cas] information in shared memory for 0x0-0x121121 with seed 535 was still valid, so using cached info { "ApplicationType"="Foreground", "BuildMachineOSBuild"="25E246", "BundleIdentifierLowerCase"="com.peachcommander.app", "CFBundleDevelopmentRegion"="en", "CFBundleDocumentTypes"=( { "CFBundleTypeName"="Peach Commander Plugin Package", "CFBundleTypeRole"="Viewer", "LSHandlerRank"="Owner", "LSItemContentTypes"=( "com.peachcommander.plugin-package") }), "CFBundleExecutable"="PeachCommander", "CFBundleExecutablePath"="/Users/admin/pc-test/PeachCommander.app/Contents/MacOS/PeachCommander", "CFBundleExecutablePathDeviceID"=16777228, "CFBundleExecutablePathINode"=487690, "CFBundleHelpBookFolder"="PeachCommander.help", "CFBundleHelpBookName"="Peach Commander Help", "CFBundleIconFile"="AppIcon", "CFBundleIconName"="AppIcon", "CFBundleIdentifier"="com.peachcommander.app", "CFBundleInfoDictionaryVersion"="6.0", "CFBundleName"="PeachCommander", "CFBundleNameLowerCase"="peachcommander", "CFBundleNumericVersion"=402685952, "CFBundlePackageType"="APPL", "CFBundleShortVersionString"="0.9.0", "CFBun<…>
2026-09-14 12:02:59.530 Df PeachCommander[22178:11efe] [com.apple.xpc:connection] [0x864cb5e00] activating connection: mach=false listener=false peer=false name=com.apple.ViewBridgeAuxiliary
2026-09-14 12:02:59.534 Df PeachCommander[22178:11efe] [com.apple.xpc:connection] [0x864cb5cc0] activating connection: mach=false listener=false peer=false name=(anonymous)
2026-09-14 12:02:59.534 Df PeachCommander[22178:11efe] [com.apple.xpc:connection] [0x864cb5f40] activating connection: mach=false listener=true peer=false name=(anonymous)
2026-09-14 12:02:59.534 Df PeachCommander[22178:11efe] [com.apple.xpc:connection] [0x864cb5f40] Connection returned listener port: 0xf303
2026-09-14 12:02:59.534 Df PeachCommander[22178:11efe] [com.apple.xpc:connection] [0x864cb5e00] invalidated after the last release of the connection object
2026-09-14 12:02:59.535 I  PeachCommander[22178:11efe] [com.apple.showhide:pr-59900543] SHOWHIDE: SHOW id=484 0x0-0x121121, err=0 eventTime=1495338661500 windowID=0
2026-09-14 12:02:59.535 I  PeachCommander[22178:11efe] [com.apple.CarbonCore:coreservicesdaemon] findOrCreateCacheable():findOrCreateCacheable(), factoryName=3 cacheableName=<private> fCacheables.size()=0
2026-09-14 12:02:59.535 I  PeachCommander[22178:11efe] [com.apple.CarbonCore:coreservicesdaemon] findOrCreateCacheable():findOrCreateCacheable(), result = 0x864dcae00 (should be non-NULL)
2026-09-14 12:02:59.535 Df PeachCommander[22178:11efe] [com.apple.AppKit:AutomaticTermination] void _NSDisableAutomaticTerminationAndLog(NSString *) Restoring windows
2026-09-14 12:02:59.535 Df PeachCommander[22178:11efe] [com.apple.AppKit:StateRestoration] -[NSApplication _reopenWindowsAsNecessaryIncludingRestorableState:withFullFidelity:completionHandler:] shouldRestoreState=1 hasPersistentStateToRestore=0 shouldStillRestoreStateAfterPrompting=0
2026-09-14 12:02:59.535 Df PeachCommander[22178:11efe] [com.apple.xpc:connection] [0x864cb5e00] activating connection: mach=true listener=false peer=false name=com.apple.window_proxies
2026-09-14 12:02:59.535 Df PeachCommander[22178:11efe] [com.apple.xpc:connection] [0x864cb5e00] invalidated because the current process cancelled the connection by calling xpc_connection_cancel()
2026-09-14 12:02:59.535 I  PeachCommander[22178:11efe] [com.apple.SkyLight:processes] 0[outside of RPC]: SLSSetFrontProcessWithInfo(0x0-0x2 window=0 options=0x1
2026-09-14 12:02:59.536 I  PeachCommander[22178:11efe] [com.apple.CoreAnalytics:client] Dropping "com.apple.appkit.app_config" as it isn't used in any transform (not in the config or budgeted?)
2026-09-14 12:02:59.536 Df PeachCommander[22178:11efe] [com.apple.AppKit:AutomaticTermination] void _NSEnableAutomaticTerminationAndLog(NSString *) Restoring windows
2026-09-14 12:02:59.538 I  PeachCommander[22178:11efe] [com.apple.CoreAnalytics:client] Dropping "com.apple.appkit.app_config" as it isn't used in any transform (not in the config or budgeted?)
2026-09-14 12:02:59.538 I  PeachCommander[22178:11efe] [com.apple.CoreAnalytics:client] Dropping "com.apple.appkit.app_config" as it isn't used in any transform (not in the config or budgeted?)
2026-09-14 12:02:59.547 A  PeachCommander[22178:11efe] (CoreFoundation) Loading Preferences From User CFPrefsD
2026-09-14 12:02:59.553 I  PeachCommander[22178:11efe] [com.peachcommander:PCFoundation] VolumeManager initialized
2026-09-14 12:02:59.569 Df PeachCommander[22178:11efe] [com.apple.BoardServices:XPCErrors] [C:1] Alloc <private>
2026-09-14 12:02:59.569 Df PeachCommander[22178:11efe] [com.apple.xpc:connection] [0x864f55180] activating connection: mach=false listener=false peer=false name=(anonymous)
2026-09-14 12:02:59.571 I  PeachCommander[22178:11efe] [com.apple.AppKit:Window] context (0 -> bb2af2d) for window 48e
2026-09-14 12:02:59.571 Df PeachCommander[22178:11f09] [com.apple.corespotlight:index] (<private>) deleteSearchableItemsWithDomainIdentifiers, protectionClass:(null), domainIdentifiers number:1
2026-09-14 12:02:59.571 A  PeachCommander[22178:11f09] (CoreSpotlight) delete-domains
2026-09-14 12:02:59.571 Df PeachCommander[22178:11f09] [com.apple.corespotlight:index] CSInlineDonation:<private>: Skipping donation (feature flag disabled)
2026-09-14 12:02:59.571 I  PeachCommander[22178:11efe] [com.peachcommander:PCFoundation] MainWindowController initialized (config: <private>)
2026-09-14 12:02:59.571 Df PeachCommander[22178:11f09] (CoreSpotlight) sConnectionName: com.apple.spotlight.IndexAgent
2026-09-14 12:02:59.571 Df PeachCommander[22178:11f09] (CoreSpotlight) Start service name com.apple.spotlight.IndexAgent
2026-09-14 12:02:59.571 Df PeachCommander[22178:11f09] [com.apple.xpc:connection] [0x864f55400] activating connection: mach=true listener=false peer=false name=com.apple.spotlight.IndexAgent
2026-09-14 12:02:59.572 I  PeachCommander[22178:11efe] [com.peachcommander:PCFoundation] SelectionState initialized
2026-09-14 12:02:59.572 I  PeachCommander[22178:11efe] [com.peachcommander:PCFoundation] DirectoryModel initialized
2026-09-14 12:02:59.572 I  PeachCommander[22178:11efe] [com.peachcommander:PCFoundation] VolumeManager initialized
2026-09-14 12:02:59.572 I  PeachCommander[22178:11efe] [com.peachcommander:PCFoundation] PanelController initialized for <private> panel
2026-09-14 12:02:59.572 I  PeachCommander[22178:11efe] [com.peachcommander:PCFoundation] SelectionState initialized
2026-09-14 12:02:59.572 I  PeachCommander[22178:11efe] [com.peachcommander:PCFoundation] DirectoryModel initialized
2026-09-14 12:02:59.572 I  PeachCommander[22178:11efe] [com.peachcommander:PCFoundation] VolumeManager initialized
2026-09-14 12:02:59.572 I  PeachCommander[22178:11efe] [com.peachcommander:PCFoundation] PanelController initialized for <private> panel
2026-09-14 12:02:59.573 A  PeachCommander[22178:11f05] (RunningBoardServices) didChangeInheritances
2026-09-14 12:02:59.576 I  PeachCommander[22178:11efe] [com.apple.AppKit:Animation] Running new animation: <private>
2026-09-14 12:02:59.576 I  PeachCommander[22178:11efe] [com.apple.AppKit:Animation] Running new animation: <private>
2026-09-14 12:02:59.576 I  PeachCommander[22178:11efe] [com.apple.AppKit:Animation] Running new animation: <private>
2026-09-14 12:02:59.576 I  PeachCommander[22178:11efe] [com.apple.AppKit:Animation] Running new animation: <private>
2026-09-14 12:02:59.576 I  PeachCommander[22178:11efe] [com.apple.AppKit:Animation] Running new animation: <private>
2026-09-14 12:02:59.579 I  PeachCommander[22178:11efe] [com.apple.AppKit:Animation] Running new animation: <private>
2026-09-14 12:02:59.579 I  PeachCommander[22178:11efe] [com.apple.AppKit:Animation] Running new animation: <private>
2026-09-14 12:02:59.579 I  PeachCommander[22178:11efe] [com.apple.AppKit:Animation] Running new animation: <private>
2026-09-14 12:02:59.579 I  PeachCommander[22178:11efe] [com.apple.AppKit:Animation] Running new animation: <private>
2026-09-14 12:02:59.579 I  PeachCommander[22178:11efe] [com.apple.AppKit:Animation] Running new animation: <private>
2026-09-14 12:02:59.584 I  PeachCommander[22178:11efe] [com.apple.CoreAnalytics:client] Dropping "com.apple.appkit.app_config" as it isn't used in any transform (not in the config or budgeted?)
2026-09-14 12:02:59.586 I  PeachCommander[22178:11efe] [com.apple.CoreAnalytics:client] Dropping "com.apple.appkit.app_config" as it isn't used in any transform (not in the config or budgeted?)
2026-09-14 12:02:59.589 I  PeachCommander[22178:11efe] [com.apple.launchservices:datasep] application record search init. Node: <FSNode 0x864962ba0> { isDir = ?, path = <private> } bundleID: (null) itemID: 0
2026-09-14 12:02:59.590 I  PeachCommander[22178:11efe] [com.apple.GenerativeModels:availability] Current availability state: unavailable, use cases: com.apple.Settings.AppleIntelligence,com.apple.Siri.NLRouter, language: en, api: <private>
2026-09-14 12:02:59.590 Df PeachCommander[22178:11efe] [com.apple.GenerativeModels:availability] isOkayToHaveAsset: False
2026-09-14 12:02:59.590 E  PeachCommander[22178:11efe] [com.apple.siri:Utility] AFIsDeviceGreymatterEligible Missing entitlements for os_eligibility lookup
2026-09-14 12:02:59.590 I  PeachCommander[22178:11efe] [com.apple.GenerativeModels:availability] Current availability state: unavailable, use cases: com.apple.Settings.AppleIntelligence, language: en, api: <private>
2026-09-14 12:02:59.590 Df PeachCommander[22178:11efe] [com.apple.GenerativeModels:availability] isOkayToHaveAsset: False
2026-09-14 12:02:59.590 Df PeachCommander[22178:11efe] [com.apple.siri:Utility] -[AFSystemAssistantExperienceStatusManager fetchGenerativeModelsAvailability] #SAEStatus #cacheUpdate Updating cache:
deviceSupportsSAE: 0 (0)
       saeEnabled: 0 (0)
     saeAvailable: 0 (0)
      swaiEnabled: 0 (0)
        viEnabled: 0 (0)
        siriAvailability:
        <private>
        ((null))
2026-09-14 12:02:59.590 Df PeachCommander[22178:11efe] [com.apple.xpc:connection] [0x8649c0140] activating connection: mach=true listener=false peer=false name=com.apple.iconservices
2026-09-14 12:02:59.591 Df PeachCommander[22178:11efe] [com.apple.xpc:connection] [0x8649c0280] activating connection: mach=true listener=false peer=false name=com.apple.iconservices.store
2026-09-14 12:02:59.596 I  PeachCommander[22178:11efe] [com.peachcommander:Theme] no user themes in /Users/admin/pc-cfg/themes
2026-09-14 12:02:59.596 Df PeachCommander[22178:11efe] [com.apple.AppKit:Appearance] Invalidate NSApp effectiveAppearance
2026-09-14 12:02:59.597 Df PeachCommander[22178:11efe] [com.apple.AppKit:Appearance] NSApp cache appearance:
-NSRequiresAquaSystemAppearance: 0
-appearance: <NSCompositeAppearance: 0x864c7d9a0
 (
    "<NSDarkAquaAppearance: 0x864c7da40>",
    "<NSSystemAppearance: 0x864c7c460>"
)>
-effectiveAppearance: <NSCompositeAppearance: 0x864c7d9a0
 (
    "<NSDarkAquaAppearance: 0x864c7da40>",
    "<NSSystemAppearance: 0x864c7c460>"
)>
2026-09-14 12:02:59.598 I  PeachCommander[22178:11efe] [com.peachcommander:PCFoundation] Theme applied: id=norton, appearance=dark, dark=true, background=#0000AA
2026-09-14 12:02:59.623 I  PeachCommander[22178:11efe] [com.apple.iconservices:foundation] layer data size zero
2026-09-14 12:02:59.623 I  PeachCommander[22178:11efe] [com.apple.CoreAnalytics:client] Dropping "com.apple.appkit.app_config" as it isn't used in any transform (not in the config or budgeted?)
2026-09-14 12:02:59.626 I  PeachCommander[22178:11efe] [com.peachcommander:PCFoundation] Keymap loaded: scheme=<private>, 82 effective bindings
2026-09-14 12:02:59.628 I  PeachCommander[22178:11efe] [com.apple.AppKit:Animation] Running new animation: <private>
2026-09-14 12:02:59.628 I  PeachCommander[22178:11efe] [com.apple.AppKit:Animation] Running new animation: <private>
2026-09-14 12:02:59.628 I  PeachCommander[22178:11efe] [com.apple.AppKit:Animation] Running new animation: <private>
2026-09-14 12:02:59.628 I  PeachCommander[22178:11efe] [com.apple.AppKit:Animation] Running new animation: <private>
2026-09-14 12:02:59.628 I  PeachCommander[22178:11efe] [com.apple.AppKit:Animation] Running new animation: <private>
2026-09-14 12:02:59.628 I  PeachCommander[22178:11efe] [com.apple.AppKit:Animation] Running new animation: <private>
2026-09-14 12:02:59.628 I  PeachCommander[22178:11efe] [com.apple.AppKit:Animation] Running new animation: <private>
2026-09-14 12:02:59.628 I  PeachCommander[22178:11efe] [com.apple.AppKit:Animation] Running new animation: <private>
2026-09-14 12:02:59.628 I  PeachCommander[22178:11efe] [com.apple.AppKit:Animation] Running new animation: <private>
2026-09-14 12:02:59.628 I  PeachCommander[22178:11efe] [com.apple.AppKit:Animation] Running new animation: <private>
2026-09-14 12:02:59.632 I  PeachCommander[22178:11efe] [com.apple.CoreAnalytics:client] Dropping "<private>" as it isn't used in any transform (not in the config or budgeted?)
2026-09-14 12:02:59.632 I  PeachCommander[22178:11efe] [com.apple.CoreAnalytics:client] Dropping "<private>" as it isn't used in any transform (not in the config or budgeted?)
2026-09-14 12:02:59.632 I  PeachCommander[22178:11efe] [com.apple.CoreAnalytics:client] Dropping "<private>" as it isn't used in any transform (not in the config or budgeted?)
2026-09-14 12:02:59.632 I  PeachCommander[22178:11efe] [com.peachcommander:PCFoundation] MainWindowController window loaded
2026-09-14 12:02:59.633 I  PeachCommander[22178:11efe] [com.apple.launchservices:cas] information in shared memory for 0x0-0x121121 with seed 535 was still valid, so using cached info { "ApplicationType"="Foreground", "BuildMachineOSBuild"="25E246", "BundleIdentifierLowerCase"="com.peachcommander.app", "CFBundleDevelopmentRegion"="en", "CFBundleDocumentTypes"=( { "CFBundleTypeName"="Peach Commander Plugin Package", "CFBundleTypeRole"="Viewer", "LSHandlerRank"="Owner", "LSItemContentTypes"=( "com.peachcommander.plugin-package") }), "CFBundleExecutable"="PeachCommander", "CFBundleExecutablePath"="/Users/admin/pc-test/PeachCommander.app/Contents/MacOS/PeachCommander", "CFBundleExecutablePathDeviceID"=16777228, "CFBundleExecutablePathINode"=487690, "CFBundleHelpBookFolder"="PeachCommander.help", "CFBundleHelpBookName"="Peach Commander Help", "CFBundleIconFile"="AppIcon", "CFBundleIconName"="AppIcon", "CFBundleIdentifier"="com.peachcommander.app", "CFBundleInfoDictionaryVersion"="6.0", "CFBundleName"="PeachCommander", "CFBundleNameLowerCase"="peachcommander", "CFBundleNumericVersion"=402685952, "CFBundlePackageType"="APPL", "CFBundleShortVersionString"="0.9.0", "CFBun<…>
2026-09-14 12:02:59.633 I  PeachCommander[22178:11efe] [com.apple.launchservices:cas] information in shared memory for 0x0-0x121121 with seed 535 was still valid, so using cached info { "ApplicationType"="Foreground", "BuildMachineOSBuild"="25E246", "BundleIdentifierLowerCase"="com.peachcommander.app", "CFBundleDevelopmentRegion"="en", "CFBundleDocumentTypes"=( { "CFBundleTypeName"="Peach Commander Plugin Package", "CFBundleTypeRole"="Viewer", "LSHandlerRank"="Owner", "LSItemContentTypes"=( "com.peachcommander.plugin-package") }), "CFBundleExecutable"="PeachCommander", "CFBundleExecutablePath"="/Users/admin/pc-test/PeachCommander.app/Contents/MacOS/PeachCommander", "CFBundleExecutablePathDeviceID"=16777228, "CFBundleExecutablePathINode"=487690, "CFBundleHelpBookFolder"="PeachCommander.help", "CFBundleHelpBookName"="Peach Commander Help", "CFBundleIconFile"="AppIcon", "CFBundleIconName"="AppIcon", "CFBundleIdentifier"="com.peachcommander.app", "CFBundleInfoDictionaryVersion"="6.0", "CFBundleName"="PeachCommander", "CFBundleNameLowerCase"="peachcommander", "CFBundleNumericVersion"=402685952, "CFBundlePackageType"="APPL", "CFBundleShortVersionString"="0.9.0", "CFBun<…>
2026-09-14 12:02:59.641 I  PeachCommander[22178:11efe] [com.apple.AppKit:Window] order window front conditionally: 48e related: 0
2026-09-14 12:02:59.641 Df PeachCommander[22178:11efe] [com.apple.AppKit:AutomaticTermination] void _NSEnableAutomaticTerminationAndLog(NSString *) No windows open yet
2026-09-14 12:02:59.642 I  PeachCommander[22178:11efe] [com.apple.AppKit:Intelligence] starting collection observation
2026-09-14 12:02:59.642 Df PeachCommander[22178:11f05] [com.apple.UIIntelligenceSupport:xpc] establishing connection to agent
2026-09-14 12:02:59.642 Df PeachCommander[22178:11f05] [com.apple.xpc:session] [0x865cf95e0] Session created.
2026-09-14 12:02:59.642 Df PeachCommander[22178:11f05] [com.apple.xpc:session] [0x865cf95e0] Session created from connection [0x8649c2440]
2026-09-14 12:02:59.642 Df PeachCommander[22178:11f05] [com.apple.xpc:connection] [0x8649c2440] activating connection: mach=true listener=false peer=false name=com.apple.uiintelligencesupport.agent
2026-09-14 12:02:59.642 I  PeachCommander[22178:11efe] [com.apple.SkyLight:processes] 0[outside of RPC]: SLSSetFrontProcessWithInfo(0x0-0x2 window=0 options=0x1
2026-09-14 12:02:59.642 Df PeachCommander[22178:11f05] [com.apple.xpc:session] [0x865cf95e0] Session activated
2026-09-14 12:02:59.643 I  PeachCommander[22178:11efe] [com.apple.launchservices:cas] information in shared memory for 0x0-0x121121 with seed 535 was still valid, so using cached info { "ApplicationType"="Foreground", "BuildMachineOSBuild"="25E246", "BundleIdentifierLowerCase"="com.peachcommander.app", "CFBundleDevelopmentRegion"="en", "CFBundleDocumentTypes"=( { "CFBundleTypeName"="Peach Commander Plugin Package", "CFBundleTypeRole"="Viewer", "LSHandlerRank"="Owner", "LSItemContentTypes"=( "com.peachcommander.plugin-package") }), "CFBundleExecutable"="PeachCommander", "CFBundleExecutablePath"="/Users/admin/pc-test/PeachCommander.app/Contents/MacOS/PeachCommander", "CFBundleExecutablePathDeviceID"=16777228, "CFBundleExecutablePathINode"=487690, "CFBundleHelpBookFolder"="PeachCommander.help", "CFBundleHelpBookName"="Peach Commander Help", "CFBundleIconFile"="AppIcon", "CFBundleIconName"="AppIcon", "CFBundleIdentifier"="com.peachcommander.app", "CFBundleInfoDictionaryVersion"="6.0", "CFBundleName"="PeachCommander", "CFBundleNameLowerCase"="peachcommander", "CFBundleNumericVersion"=402685952, "CFBundlePackageType"="APPL", "CFBundleShortVersionString"="0.9.0", "CFBun<…>
2026-09-14 12:02:59.643 Df PeachCommander[22178:11f04] [com.apple.UIIntelligenceSupport:xpc] Connection established with agent PID: 1210
2026-09-14 12:02:59.644 Df PeachCommander[22178:11efe] [com.apple.xpc:connection] [0x8649c2580] activating connection: mach=true listener=false peer=false name=com.apple.FileCoordination
2026-09-14 12:02:59.644 Df PeachCommander[22178:11f04] [com.apple.foundation.filecoordination:presenter] Adding presenter CAA5A0B7-5AA6-43A8-A89A-7E7131B5E994 for URL: <private>
2026-09-14 12:02:59.644 I  PeachCommander[22178:11efe] [com.apple.launchservices:cas] information in shared memory for 0x0-0x121121 with seed 535 was still valid, so using cached info { "ApplicationType"="Foreground", "BuildMachineOSBuild"="25E246", "BundleIdentifierLowerCase"="com.peachcommander.app", "CFBundleDevelopmentRegion"="en", "CFBundleDocumentTypes"=( { "CFBundleTypeName"="Peach Commander Plugin Package", "CFBundleTypeRole"="Viewer", "LSHandlerRank"="Owner", "LSItemContentTypes"=( "com.peachcommander.plugin-package") }), "CFBundleExecutable"="PeachCommander", "CFBundleExecutablePath"="/Users/admin/pc-test/PeachCommander.app/Contents/MacOS/PeachCommander", "CFBundleExecutablePathDeviceID"=16777228, "CFBundleExecutablePathINode"=487690, "CFBundleHelpBookFolder"="PeachCommander.help", "CFBundleHelpBookName"="Peach Commander Help", "CFBundleIconFile"="AppIcon", "CFBundleIconName"="AppIcon", "CFBundleIdentifier"="com.peachcommander.app", "CFBundleInfoDictionaryVersion"="6.0", "CFBundleName"="PeachCommander", "CFBundleNameLowerCase"="peachcommander", "CFBundleNumericVersion"=402685952, "CFBundlePackageType"="APPL", "CFBundleShortVersionString"="0.9.0", "CFBun<…>
2026-09-14 12:02:59.647 I  PeachCommander[22178:11efe] [com.apple.AppKit:Window] order all windows front 1495338661500
2026-09-14 12:02:59.647 I  PeachCommander[22178:11efe] [com.apple.launchservices:cas] information in shared memory for 0x0-0x121121 with seed 535 was still valid, so using cached info { "ApplicationType"="Foreground", "BuildMachineOSBuild"="25E246", "BundleIdentifierLowerCase"="com.peachcommander.app", "CFBundleDevelopmentRegion"="en", "CFBundleDocumentTypes"=( { "CFBundleTypeName"="Peach Commander Plugin Package", "CFBundleTypeRole"="Viewer", "LSHandlerRank"="Owner", "LSItemContentTypes"=( "com.peachcommander.plugin-package") }), "CFBundleExecutable"="PeachCommander", "CFBundleExecutablePath"="/Users/admin/pc-test/PeachCommander.app/Contents/MacOS/PeachCommander", "CFBundleExecutablePathDeviceID"=16777228, "CFBundleExecutablePathINode"=487690, "CFBundleHelpBookFolder"="PeachCommander.help", "CFBundleHelpBookName"="Peach Commander Help", "CFBundleIconFile"="AppIcon", "CFBundleIconName"="AppIcon", "CFBundleIdentifier"="com.peachcommander.app", "CFBundleInfoDictionaryVersion"="6.0", "CFBundleName"="PeachCommander", "CFBundleNameLowerCase"="peachcommander", "CFBundleNumericVersion"=402685952, "CFBundlePackageType"="APPL", "CFBundleShortVersionString"="0.9.0", "CFBun<…>
2026-09-14 12:02:59.647 I  PeachCommander[22178:11efe] [com.apple.showhide:pr-59900543] SHOWHIDE: CONFIRM, id=484, err=0
2026-09-14 12:02:59.647 I  PeachCommander[22178:11efe] [com.apple.AppKit:Window] context (0 -> 38d968fc) for window 48d
2026-09-14 12:02:59.647 I  PeachCommander[22178:11efe] [com.apple.AppKit:Window] context (0 -> cb44088e) for window 48c
2026-09-14 12:02:59.647 I  PeachCommander[22178:11efe] [com.apple.AppKit:Window] context (0 -> 91fb1403) for window 48b
2026-09-14 12:02:59.647 I  PeachCommander[22178:11efe] [com.apple.AppKit:Window] context (0 -> 35589bb) for window 48a
2026-09-14 12:02:59.665 I  PeachCommander[22178:11efe] [com.apple.iconservices:foundation] layer data size zero
2026-09-14 12:02:59.672 Df PeachCommander[22178:11efe] [com.apple.AppKit:AutomaticTermination] void _updateToReflectAutomaticTerminationState(void) Setting _kLSApplicationWouldBeTerminatedByTALKey=0
2026-09-14 12:02:59.673 I  PeachCommander[22178:11efe] [com.apple.runningboard:assertion] Acquiring assertion: <RBSAssertionDescriptor| "AppNap adapter assertion" ID:(null) target:22178>
2026-09-14 12:02:59.706 A  PeachCommander[22178:11f09] (RunningBoardServices) didChangeInheritances
2026-09-14 12:02:59.734 Df PeachCommander[22178:11efe] [com.apple.libsystem.libdispatch:] DEPRECATED USE in libdispatch client: dispatch source activated with no event handler set; set a breakpoint on _dispatch_bug_deprecated to debug
2026-09-14 12:02:59.830 I  PeachCommander[22178:11efe] [com.apple.coreanimation:Utilities] IOSurface Compression Enabled: NO
2026-09-14 12:02:59.831 Df PeachCommander[22178:11f09] [com.apple.coreanimation:Metal] Precompiled pipelines disabled on unsupported hardware.
2026-09-14 12:02:59.843 I  PeachCommander[22178:11efe] [com.apple.CarbonCore:gestalt] SetGestaltValuesBulk SetGestaltValuesBulk( count=22 tuples=0x18da12650
2026-09-14 12:02:59.843 I  PeachCommander[22178:11efe] [com.apple.CarbonCore:gestalt] SetGestaltValue SetGestaltValue(alis 1C9) => 0
2026-09-14 12:02:59.843 I  PeachCommander[22178:11efe] [com.apple.CarbonCore:gestalt] SetGestaltValue SetGestaltValue(os   FE) => 0
2026-09-14 12:02:59.843 I  PeachCommander[22178:11efe] [com.apple.CarbonCore:gestalt] SetGestaltValue SetGestaltValue(addr 7) => 0
2026-09-14 12:02:59.843 I  PeachCommander[22178:11efe] [com.apple.CarbonCore:gestalt] SetGestaltValue SetGestaltValue(fs   3D332) => 0
2026-09-14 12:02:59.843 I  PeachCommander[22178:11efe] [com.apple.CarbonCore:gestalt] SetGestaltValue SetGestaltValue(fold 11) => 0
2026-09-14 12:02:59.843 I  PeachCommander[22178:11efe] [com.apple.CarbonCore:gestalt] SetGestaltValue SetGestaltValue(lram 7FFFF000) => 0
2026-09-14 12:02:59.843 I  PeachCommander[22178:11efe] [com.apple.CarbonCore:gestalt] SetGestaltValue SetGestaltValue(mmap 1) => 0
2026-09-14 12:02:59.843 I  PeachCommander[22178:11efe] [com.apple.CarbonCore:gestalt] SetGestaltValue SetGestaltValue(cfrg 1) => 0
2026-09-14 12:02:59.843 I  PeachCommander[22178:11efe] [com.apple.CarbonCore:gestalt] SetGestaltValue SetGestaltValue(thds 7) => 0
2026-09-14 12:02:59.843 I  PeachCommander[22178:11efe] [com.apple.CarbonCore:gestalt] SetGestaltValue SetGestaltValue(tmgr E) => 0
2026-09-14 12:02:59.843 I  PeachCommander[22178:11efe] [com.apple.CarbonCore:gestalt] SetGestaltValue SetGestaltValue(vers 7) => 0
2026-09-14 12:02:59.843 I  PeachCommander[22178:11efe] [com.apple.CarbonCore:gestalt] SetGestaltValue SetGestaltValue(cbon 160) => 0
2026-09-14 12:02:59.843 I  PeachCommander[22178:11efe] [com.apple.CarbonCore:gestalt] SetGestaltValue SetGestaltValue(cltn 1108000) => 0
2026-09-14 12:02:59.843 I  PeachCommander[22178:11efe] [com.apple.CarbonCore:gestalt] SetGestaltValue SetGestaltValue(cpnt 8) => 0
2026-09-14 12:02:59.843 I  PeachCommander[22178:11efe] [com.apple.CarbonCore:gestalt] SetGestaltValue SetGestaltValue(rsrc 3) => 0
2026-09-14 12:02:59.843 I  PeachCommander[22178:11efe] [com.apple.CarbonCore:gestalt] SetGestaltValue SetGestaltValue(rmbg 11F) => 0
2026-09-14 12:02:59.843 I  PeachCommander[22178:11efe] [com.apple.CarbonCore:gestalt] SetGestaltValue SetGestaltValue(vm   11) => 0
2026-09-14 12:02:59.843 I  PeachCommander[22178:11efe] [com.apple.CarbonCore:gestalt] SetGestaltValue SetGestaltValue(srad 4170706C) => 0
2026-09-14 12:02:59.843 I  PeachCommander[22178:11efe] [com.apple.CarbonCore:gestalt] SetGestaltValue SetGestaltValue(sysa 14) => 0
2026-09-14 12:02:59.843 I  PeachCommander[22178:11efe] [com.apple.CarbonCore:gestalt] SetGestaltValue SetGestaltValue(copl 9) => 0
2026-09-14 12:02:59.843 I  PeachCommander[22178:11efe] [com.apple.CarbonCore:gestalt] SetGestaltValue SetGestaltValue(xlat 0) => 0
2026-09-14 12:02:59.843 I  PeachCommander[22178:11efe] [com.apple.CarbonCore:gestalt] SetGestaltValue SetGestaltValue(stdf 0) => 0
2026-09-14 12:02:59.843 I  PeachCommander[22178:11efe] [com.apple.CarbonCore:gestalt] _NewGestalt _NewGestalt(ram  0x18d98b644) => 0
2026-09-14 12:02:59.843 I  PeachCommander[22178:11efe] [com.apple.CarbonCore:gestalt] _NewGestalt _NewGestalt(ramm 0x18d98b644) => 0
2026-09-14 12:02:59.843 I  PeachCommander[22178:11efe] [com.apple.CarbonCore:gestalt] _NewGestalt _NewGestalt(cput 0x18d98b734) => 0
2026-09-14 12:02:59.843 I  PeachCommander[22178:11efe] [com.apple.CarbonCore:gestalt] _NewGestalt _NewGestalt(cpuf 0x18d98b764) => 0
2026-09-14 12:02:59.843 I  PeachCommander[22178:11efe] [com.apple.CarbonCore:gestalt] _NewGestalt _NewGestalt(bclk 0x18d98b794) => 0
2026-09-14 12:02:59.843 I  PeachCommander[22178:11efe] [com.apple.CarbonCore:gestalt] _NewGestalt _NewGestalt(bclm 0x18d98b794) => 0
2026-09-14 12:02:59.843 I  PeachCommander[22178:11efe] [com.apple.CarbonCore:gestalt] _NewGestalt _NewGestalt(pclk 0x18d98b834) => 0
2026-09-14 12:02:59.843 I  PeachCommander[22178:11efe] [com.apple.CarbonCore:gestalt] _NewGestalt _NewGestalt(mclk 0x18d98b834) => 0
2026-09-14 12:02:59.843 I  PeachCommander[22178:11efe] [com.apple.CarbonCore:gestalt] _NewGestalt _NewGestalt(a/ux 0x18d98b94c) => 0
2026-09-14 12:02:59.843 I  PeachCommander[22178:11efe] [com.apple.CarbonCore:gestalt] _NewGestalt _NewGestalt(pgsz 0x18d98b954) => 0
2026-09-14 12:02:59.843 I  PeachCommander[22178:11efe] [com.apple.CarbonCore:gestalt] _NewGestalt _NewGestalt(csiz 0x18d98b994) => 0
2026-09-14 12:02:59.843 I  PeachCommander[22178:11efe] [com.apple.CarbonCore:gestalt] _NewGestalt _NewGestalt(sysv 0x18d936dfc) => 0
2026-09-14 12:02:59.843 I  PeachCommander[22178:11efe] [com.apple.CarbonCore:gestalt] _NewGestalt _NewGestalt(sys1 0x18d936dfc) => 0
2026-09-14 12:02:59.843 I  PeachCommander[22178:11efe] [com.apple.CarbonCore:gestalt] _NewGestalt _NewGestalt(sys2 0x18d936dfc) => 0
2026-09-14 12:02:59.843 I  PeachCommander[22178:11efe] [com.apple.CarbonCore:gestalt] _NewGestalt _NewGestalt(sys3 0x18d936dfc) => 0
2026-09-14 12:02:59.843 I  PeachCommander[22178:11efe] [com.apple.CarbonCore:gestalt] _NewGestalt _NewGestalt(cdfl 0x18d98b9d4) => 0
2026-09-14 12:02:59.843 I  PeachCommander[22178:11efe] [com.apple.CarbonCore:gestalt] _NewGestalt _NewGestalt(cdrm 0x18d98bc30) => 0
2026-09-14 12:02:59.843 I  PeachCommander[22178:11efe] [com.apple.CarbonCore:gestalt] _NewGestalt _NewGestalt(cpus 0x18d98bc78) => 0
2026-09-14 12:02:59.843 I  PeachCommander[22178:11efe] [com.apple.CarbonCore:gestalt] SetGestaltValue SetGestaltValue(swex 1) => 0
2026-09-14 12:02:59.843 Df PeachCommander[22178:11efe] [com.apple.xpc:connection] [0x8649c3980] activating connection: mach=false listener=false peer=false name=com.apple.hiservices-xpcservice
2026-09-14 12:02:59.844 I  PeachCommander[22178:11efe] [com.apple.CFPasteboard:entry] CopyData('ApplePerContextInputPasteboard' (<CFUUID 0x865d50a00> E872629E-AC22-430C-AC28-1A9741B707A2) gen: -1 item: 1264739405 flavor: 'ApplePerContextInputFlavor')
2026-09-14 12:02:59.844 I  PeachCommander[22178:11efe] [com.apple.CFPasteboard:cache] Rebuilding cache for 'ApplePerContextInputPasteboard' (<CFUUID 0x865d50a00> E872629E-AC22-430C-AC28-1A9741B707A2)
2026-09-14 12:02:59.844 I  PeachCommander[22178:11efe] [com.apple.CFPasteboard:general] Will request data from daemon
2026-09-14 12:02:59.844 I  PeachCommander[22178:11efe] [com.apple.CFPasteboard:exit] (not-in-cache) - result: 0 generation: 1 data (182 bytes) flags: 0
2026-09-14 12:02:59.845 I  PeachCommander[22178:11efe] [com.apple.CFPasteboard:entry] CopyData('DefaultAsciiKeyboardLayoutPasteboard' (<CFUUID 0x8650b1420> 32108B8C-ECB5-4DD4-800A-6E532FFAE827) gen: -1 item: 1264739405 flavor: 'DefaultAsciiKeyboardLayoutFlavor')
2026-09-14 12:02:59.845 I  PeachCommander[22178:11efe] [com.apple.CFPasteboard:exit] (not-in-cache) - result: -8 generation: 0 null data flags: 0
2026-09-14 12:02:59.846 I  PeachCommander[22178:11efe] [com.apple.AppKit:Window] context (0 -> 670e7755) for window 48f
2026-09-14 12:02:59.847 Df PeachCommander[22178:11efe] [com.apple.inputmethodkitClient:Client] +[IMKClient subclass]: chose IMKClient_Modern
2026-09-14 12:02:59.847 Df PeachCommander[22178:11efe] [com.apple.BoardServices:XPCErrors] [C:2] Alloc com.apple.backboard.hid-services.xpc
2026-09-14 12:02:59.847 Df PeachCommander[22178:11efe] [com.apple.xpc:connection] [0x8649c3ac0] activating connection: mach=false listener=false peer=false name=(anonymous)
2026-09-14 12:02:59.847 E  PeachCommander[22178:11f09] [com.apple.BaseBoard:Common] Unable to obtain a task name port right for pid 169: (os/kern) failure (0x5)
2026-09-14 12:02:59.847 Df PeachCommander[22178:11f09] [com.apple.xpc:connection] [0x8649c2940] activating connection: mach=false listener=false peer=false name=com.apple.TextInputUI.xpc.CursorUIViewService
2026-09-14 12:02:59.848 Df PeachCommander[22178:11f09] [com.apple.xpc:connection] [0x8649c2940] invalidated after the last release of the connection object
2026-09-14 12:02:59.848 I  PeachCommander[22178:11efe] [com.apple.CFPasteboard:entry] CopyData('DefaultAsciiKeyboardLayoutPasteboard' (<CFUUID 0x8650b1420> 32108B8C-ECB5-4DD4-800A-6E532FFAE827) gen: -1 item: 1264739405 flavor: 'DefaultAsciiKeyboardLayoutFlavor')
2026-09-14 12:02:59.848 I  PeachCommander[22178:11efe] [com.apple.CFPasteboard:exit] (not-in-cache) - result: -8 generation: 0 null data flags: 0
2026-09-14 12:02:59.848 Df PeachCommander[22178:11efe] [com.apple.xpc:connection] [0x8649c26c0] activating connection: mach=false listener=false peer=false name=(anonymous)
2026-09-14 12:02:59.848 Df PeachCommander[22178:11efe] [com.apple.xpc:connection] [0x8649c2940] activating connection: mach=false listener=false peer=false name=com.apple.ViewBridgeAuxiliary
2026-09-14 12:02:59.848 Df PeachCommander[22178:11efe] [com.apple.xpc:connection] [0x8649c21c0] activating connection: mach=false listener=false peer=false name=(anonymous)
2026-09-14 12:02:59.848 Df PeachCommander[22178:11efe] [com.apple.xpc:connection] [0x8649c2940] invalidated after the last release of the connection object
2026-09-14 12:02:59.863 Df PeachCommander[22178:11efe] [com.apple.TextInputUI:CursorUI] -[TUINSCursorUIController activate:]_block_invoke: Create CursorUIViewService: TUINSRemoteViewController
2026-09-14 12:02:59.864 I  PeachCommander[22178:11efe] [com.apple.AppKit:Window] window <TUINSWindow: 0x866414280> windowNumber=48f finishing close
2026-09-14 12:02:59.864 I  PeachCommander[22178:11efe] [com.apple.AppKit:Window] order window: 48f op: 0 relative: 0 related: 0
2026-09-14 12:02:59.865 A  PeachCommander[22178:11f09] (CoreFoundation) Loading Preferences From System CFPrefsD
2026-09-14 12:02:59.913 I  PeachCommander[22178:11efe] [com.apple.iconservices:foundation] layer data size zero
2026-09-14 12:02:59.914 A  PeachCommander[22178:11efe] (CoreFoundation) Loading Preferences From User CFPrefsD
2026-09-14 12:02:59.914 I  PeachCommander[22178:11efe] [com.apple.CoreAnalytics:client] Dropping "com.apple.ImageIO.readerSelection" as it isn't used in any transform (not in the config or budgeted?)
2026-09-14 12:02:59.924 A  PeachCommander[22178:11f0b] (libsystem_info.dylib) Retrieve Group by ID
2026-09-14 12:02:59.986 I  PeachCommander[22178:11efe] [com.apple.CoreAnalytics:client] Dropping "com.apple.appkit.app_config" as it isn't used in any transform (not in the config or budgeted?)
2026-09-14 12:02:59.987 I  PeachCommander[22178:11efe] [com.apple.SafariPlatformSupport:SafariPlatformSupport] -[SFSafariPlatformSupport credentialSelected:] with nil credential
2026-09-14 12:02:59.987 I  PeachCommander[22178:11efe] [com.apple.SafariPlatformSupport:SafariPlatformSupport] -[SFSafariPlatformSupport oneTimeCodeSelected:] with nil code
2026-09-14 12:03:00.073 I  PeachCommander[22178:11f98] [com.apple.AppKit:WindowTab] Indexing 1 items
2026-09-14 12:03:00.073 A  PeachCommander[22178:11f98] (CoreSpotlight) end-index-batch
2026-09-14 12:03:00.073 Df PeachCommander[22178:11f98] [com.apple.corespotlight:index] *warn* MailCS ======%%% _setMailMessageAttributes skip:1
2026-09-14 12:03:00.073 A  PeachCommander[22178:11f98] (CoreSpotlight) index-items
2026-09-14 12:03:00.073 Df PeachCommander[22178:11f98] [com.apple.corespotlight:index] CSInlineDonation:<private>: Skipping donation (feature flag disabled)
2026-09-14 12:03:00.074 Df PeachCommander[22178:11f98] [com.apple.corespotlight:index] CSInlineDonation:<private>: Skipping donation (feature flag disabled)
2026-09-14 12:03:00.187 I  PeachCommander[22178:11efe] [com.apple.HIToolbox:MBDisplays] <private>
2026-09-14 12:03:00.187 I  PeachCommander[22178:11efe] [com.apple.HIToolbox:MBDisplays] <private>
2026-09-14 12:03:00.211 Df PeachCommander[22178:11f04] [com.apple.xpc:connection] [0x8649c2300] activating connection: mach=false listener=false peer=false name=com.apple.SafariPlatformSupport.Helper
2026-09-14 12:03:00.215 Df PeachCommander[22178:11efe] [com.apple.BoardServices:XPCErrors] [C:3] Alloc com.apple.backboard.hid-services.xpc
2026-09-14 12:03:00.215 Df PeachCommander[22178:11efe] [com.apple.xpc:connection] [0x8649c1e00] activating connection: mach=false listener=false peer=false name=(anonymous)
2026-09-14 12:03:00.215 Df PeachCommander[22178:11f04] [com.apple.BackBoard:EventDelivery] BKSHIDEventDeliveryManager - connection activation
2026-09-14 12:03:00.216 I  PeachCommander[22178:11efe] [com.peachcommander:PCFoundation] Session restored
2026-09-14 12:03:00.217 Df PeachCommander[22178:11efe] (Foundation) <private>
2026-09-14 12:03:00.217 I  PeachCommander[22178:11efe] [com.peachcommander:PCFoundation] [automation] running /Users/admin/auto.txt
2026-09-14 12:03:00.217 Df PeachCommander[22178:11efe] (Foundation) <private>
2026-09-14 12:03:00.217 I  PeachCommander[22178:11efe] [com.peachcommander:PCFoundation] [automation] > probe /Users/admin/md-html-seed.txt|mkdir -p ~/pc-mdhtml && { printf '<!DOCTYPE html><html><head><title>QUIET</title></head><body>\134n'; printf '<p id="v">unchanged</p>\134n'; printf '<script>document.getElementById("v").textContent="SCRIPTS RAN";document.title="SCRIPTS RAN";</script>\134n</body></html>\134n'; } > ~/pc-mdhtml/page.html && wc -c < ~/pc-mdhtml/page.html
2026-09-14 12:03:00.222 Df PeachCommander[22178:11efe] (Foundation) <private>
2026-09-14 12:03:00.222 I  PeachCommander[22178:11efe] [com.peachcommander:PCFoundation] [automation] > wait 800
2026-09-14 12:03:00.265 Df PeachCommander[22178:11f04] [com.apple.xpc:connection] [0x8649c2300] invalidated after the last release of the connection object
2026-09-14 12:03:00.283 I  PeachCommander[22178:11efe] [com.apple.launchservices:cas] Removing cached information for app [ 0x0-0x121121]  "PeachCommander", as its seed is different from that in shared memory ( 535 vs 537)
2026-09-14 12:03:00.283 Df PeachCommander[22178:11efe] [com.apple.xpc:connection] [0x8649c1cc0] activating connection: mach=false listener=false peer=false name=(anonymous)
2026-09-14 12:03:00.283 Df PeachCommander[22178:11efe] [com.apple.xpc:connection] [0x8649c2300] activating connection: mach=false listener=false peer=false name=(anonymous)
2026-09-14 12:03:00.354 I  PeachCommander[22178:11efe] [com.apple.launchservices:datasep] application record search init. Node: <FSNode 0x863b78040> { isDir = y, path = <private> } bundleID: (null) itemID: 0
2026-09-14 12:03:00.354 I  PeachCommander[22178:11efe] [com.apple.launchservices:datasep] application record search init. Node: <FSNode 0x863b78040> { isDir = y, path = <private> } bundleID: (null) itemID: 0
2026-09-14 12:03:00.354 I  PeachCommander[22178:11efe] [com.apple.SafariPlatformSupport:SafariPlatformSupport] -[SFSafariPlatformSupport credentialSelected:] with nil credential
2026-09-14 12:03:00.354 I  PeachCommander[22178:11efe] [com.apple.SafariPlatformSupport:SafariPlatformSupport] -[SFSafariPlatformSupport oneTimeCodeSelected:] with nil code
2026-09-14 12:03:00.471 I  PeachCommander[22178:11efe] [com.apple.SafariPlatformSupport:SafariPlatformSupport] -[SPSafariPlatformSupport completionListPreferredContentSizeDidUpdate] with size {0, 0}, in window that is visible
2026-09-14 12:03:01.073 Df PeachCommander[22178:11efe] (Foundation) <private>
2026-09-14 12:03:01.074 I  PeachCommander[22178:11efe] [com.peachcommander:PCFoundation] [automation] > view /Users/admin/pc-mdhtml/page.html
2026-09-14 12:03:01.074 Df PeachCommander[22178:11efe] (Foundation) <private>
2026-09-14 12:03:01.074 I  PeachCommander[22178:11efe] [com.peachcommander:PCFoundation] [automation] > wait 4000
2026-09-14 12:03:01.098 I  PeachCommander[22178:11efe] [com.apple.AppKit:Animation] Running new animation: <private>
2026-09-14 12:03:01.098 I  PeachCommander[22178:11efe] [com.apple.AppKit:Animation] Running new animation: <private>
2026-09-14 12:03:01.098 I  PeachCommander[22178:11efe] [com.apple.AppKit:Animation] Running new animation: <private>
2026-09-14 12:03:01.098 I  PeachCommander[22178:11efe] [com.apple.AppKit:Animation] Running new animation: <private>
2026-09-14 12:03:01.099 I  PeachCommander[22178:11efe] [com.apple.AppKit:Animation] Running new animation: <private>
2026-09-14 12:03:01.107 I  PeachCommander[22178:11efe] [com.apple.AppKit:Window] context (0 -> 4385124a) for window 492
2026-09-14 12:03:01.112 I  PeachCommander[22178:11efe] [com.apple.AppKit:Animation] Running new animation: <private>
2026-09-14 12:03:01.112 I  PeachCommander[22178:11efe] [com.apple.AppKit:Animation] Running new animation: <private>
2026-09-14 12:03:01.112 I  PeachCommander[22178:11efe] [com.apple.AppKit:Animation] Running new animation: <private>
2026-09-14 12:03:01.112 I  PeachCommander[22178:11efe] [com.apple.AppKit:Animation] Running new animation: <private>
2026-09-14 12:03:01.112 I  PeachCommander[22178:11efe] [com.apple.AppKit:Animation] Running new animation: <private>
2026-09-14 12:03:01.144 A  PeachCommander[22178:11efe] (TCC) TCCAccessRequest() IPC
2026-09-14 12:03:01.144 Df PeachCommander[22178:11efe] [com.apple.xpc:connection] [0x863507200] activating connection: mach=true listener=false peer=false name=com.apple.tccd
2026-09-14 12:03:01.144 I  PeachCommander[22178:11efe] [com.apple.TCC:access] SEND: 0/7 synchronous to com.apple.tccd: request: msgID=22178.2, function=TCCAccessRequest, service=kTCCServiceMicrophone,
2026-09-14 12:03:01.146 I  PeachCommander[22178:11efe] [com.apple.TCC:access] RECV: synchronous reply <dictionary: 0x86350fe00> { count = 5, transaction: 0, voucher = 0x0, contents =
	"prompt_type" => <uint64: 0x8deda7b8e18d5f2f>: 1
	"auth_value" => <uint64: 0x8deda7b8e18d5f2f>: 1
	"preflight_unknown" => <bool: 0x1f7121190>: true
	"auth_version" => <uint64: 0x8deda7b8e18d5f2f>: 1
	"auth_reason" => <uint64: 0x8deda7b8e18d5f27>: 0
}
2026-09-14 12:03:01.146 Df PeachCommander[22178:11efe] [com.apple.xpc:connection] [0x863507200] invalidated after the last release of the connection object
2026-09-14 12:03:01.147 Df PeachCommander[22178:11efe] (WebKit) 0x13106c0e0 - [PID=0] WebProcessCache::updateCapacity: Cache is disabled because process swap on navigation is disabled
2026-09-14 12:03:01.152 A  PeachCommander[22178:11efe] (CoreFoundation) Updating Key-Value Observers Of Preferences
2026-09-14 12:03:01.154 I  PeachCommander[22178:11f0b] [com.apple.WebPrivacy:XPC] Connecting to system daemon: com.apple.webprivacyd
2026-09-14 12:03:01.154 Df PeachCommander[22178:11f0b] [com.apple.xpc:connection] [0x863507200] activating connection: mach=true listener=false peer=false name=com.apple.webprivacyd
2026-09-14 12:03:01.154 Df PeachCommander[22178:11efe] [com.apple.WebKit:Storage] 0x866c13488 - WebsiteDataStore::WebsiteDataStore sessionID=1 identifier=null
2026-09-14 12:03:01.154 Df PeachCommander[22178:11efe] [com.apple.WebKit:Process] 0x866c12f88 - PageConfiguration::delaysWebProcessLaunchUntilFirstLoad() -> true because of associated processPool value
2026-09-14 12:03:01.154 Df PeachCommander[22178:11efe] [com.apple.WebKit:Process] 0x865989e08 - WebProcessPool::createWebPage: delaying WebProcess launch until first load
2026-09-14 12:03:01.154 Df PeachCommander[22178:11efe] [com.apple.WebKit:Process] 0x1310a00c0 - [PID=0] WebProcessProxy::constructor:
2026-09-14 12:03:01.154 Df PeachCommander[22178:11efe] [com.apple.WebKit:Loading] 0x863600018 - [pageProxyID=5, webPageID=6, PID=0] WebPageProxy::constructor, site isolation enabled 0
2026-09-14 12:03:01.154 Df PeachCommander[22178:11efe] [com.apple.WebKit:ActivityState] PageClientImpl 0x1310980e0 isViewVisible(): viewWindow 0x0, window visible 0, view hidden 0, window occluded 0
2026-09-14 12:03:01.154 Df PeachCommander[22178:11efe] [com.apple.WebKit:ActivityState] PageClientImpl 0x1310980e0 isViewVisible(): viewWindow 0x0, window visible 0, view hidden 0, window occluded 0
2026-09-14 12:03:01.154 Df PeachCommander[22178:11efe] [com.apple.WebKit:ActivityState] PageClientImpl 0x1310980e0 isViewVisible(): viewWindow 0x0, window visible 0, view hidden 0, window occluded 0
2026-09-14 12:03:01.154 Df PeachCommander[22178:11efe] [com.apple.WebKit:Process] 0x1310a00c0 - [PID=0] WebProcessProxy::addExistingWebPage: webPage=0x863600018, pageProxyID=5, webPageID=6
2026-09-14 12:03:01.154 Df PeachCommander[22178:11efe] [com.apple.WebKit:ProcessSwapping] 0x13106c0e0 - [PID=0] WebProcessCache::updateCapacity: Cache is disabled by client
2026-09-14 12:03:01.155 Df PeachCommander[22178:11efe] [com.apple.xpc:connection] [0x863507480] activating connection: mach=false listener=false peer=false name=com.apple.WebKit.GPU
2026-09-14 12:03:01.155 Df PeachCommander[22178:11efe] [com.apple.WebKit:ProcessSuspension] 0x1310e00f0 - [PID=0, throttler=0x131100280] ProcessThrottler::Activity::Activity: Starting foreground activity / 'Process initialization'
2026-09-14 12:03:01.156 Df PeachCommander[22178:11efe] [com.apple.xpc:connection] [0x863507340] activating connection: mach=true listener=false peer=false name=com.apple.cvmsServ
2026-09-14 12:03:01.157 Df PeachCommander[22178:11efe] [com.apple.coremedia:] <<<< Alt >>>> fpSupport_GetVideoRangeForCoreDisplayWithPreference: displayID 1 reported potentialHeadRoom=1 wideColorSupported=NO marz=NO almd=NO deviceAllowsHDR=YES isBuiltinPanel=NO externalPanel=YES prefersHDR10=NO
2026-09-14 12:03:01.158 Df PeachCommander[22178:11efe] [com.apple.coremedia:] <<<< Alt >>>> fpSupport_GetVideoRangeForCoreDisplayWithPreference: displayID 1 reported potentialHeadRoom=1 wideColorSupported=NO marz=NO almd=NO deviceAllowsHDR=YES isBuiltinPanel=NO externalPanel=YES prefersHDR10=NO
2026-09-14 12:03:01.158 Df PeachCommander[22178:11efe] [com.apple.WebKit:ProcessSuspension] 0x1310e0150 - [PID=0, throttler=0x131108220] ProcessThrottler::Activity::Activity: Starting background activity / 'Prevent suspension'
2026-09-14 12:03:01.158 Df PeachCommander[22178:11efe] [com.apple.WebKit:Process] 0x131108190 - NetworkProcessProxy::NetworkProcessProxy
2026-09-14 12:03:01.158 Df PeachCommander[22178:11efe] [com.apple.xpc:connection] [0x8635075c0] activating connection: mach=false listener=false peer=false name=com.apple.WebKit.Networking
2026-09-14 12:03:01.158 Df PeachCommander[22178:11efe] [com.apple.WebKit:Sandbox] Successfully created a sandbox extension for '<private>'
2026-09-14 12:03:01.158 Df PeachCommander[22178:11efe] [com.apple.WebKit:Sandbox] Successfully created a sandbox extension for '<private>'
2026-09-14 12:03:01.158 Df PeachCommander[22178:11efe] [com.apple.WebKit:Sandbox] Successfully created a sandbox extension for '<private>'
2026-09-14 12:03:01.158 Df PeachCommander[22178:11efe] [com.apple.WebKit:Sandbox] Successfully created a sandbox extension for '<private>'
2026-09-14 12:03:01.158 Df PeachCommander[22178:11efe] [com.apple.WebKit:Sandbox] Successfully created a sandbox extension for '<private>'
2026-09-14 12:03:01.158 Df PeachCommander[22178:11efe] [com.apple.WebKit:Sandbox] Successfully created a sandbox extension for '<private>'
2026-09-14 12:03:01.158 Df PeachCommander[22178:11efe] [com.apple.WebKit:Sandbox] Successfully created a sandbox extension for '<private>'
2026-09-14 12:03:01.158 Df PeachCommander[22178:11efe] [com.apple.WebKit:Sandbox] Successfully created a sandbox extension for '<private>'
2026-09-14 12:03:01.158 Df PeachCommander[22178:11efe] [com.apple.WebKit:Sandbox] Successfully created a sandbox extension for '<private>'
2026-09-14 12:03:01.158 Df PeachCommander[22178:11efe] [com.apple.WebKit:Sandbox] Successfully created a sandbox extension for '<private>'
2026-09-14 12:03:01.158 Df PeachCommander[22178:11efe] [com.apple.CFNetwork:Default] Initializing CFHTTPCookieStorage singleton
2026-09-14 12:03:01.158 Df PeachCommander[22178:11efe] [com.apple.CFNetwork:Default] Creating default cookie storage with process/bundle identifier
2026-09-14 12:03:01.159 Df PeachCommander[22178:11efe] [com.apple.network:] networkd_settings_read_from_file_locked initialized networkd settings by reading plist directly
2026-09-14 12:03:01.159 Df PeachCommander[22178:11efe] [com.apple.network:] networkd_settings_read_from_file_locked initialized networkd settings by reading plist directly
2026-09-14 12:03:01.159 Df PeachCommander[22178:11efe] [com.apple.CFNetwork:Default] Initializing NSHTTPCookieStorage singleton
2026-09-14 12:03:01.160 Df PeachCommander[22178:11efe] [com.apple.CFNetwork:Default] OOM symptoms: checking process 0
2026-09-14 12:03:01.160 Df PeachCommander[22178:11efe] [com.apple.WebKit:ProcessSuspension] 0x1310e0180 - [PID=0, throttler=0x131108220] ProcessThrottler::Activity::Activity: Starting foreground activity / 'Process initialization'
2026-09-14 12:03:01.160 Df PeachCommander[22178:11efe] [com.apple.WebKit:ViewGestures] [pageProxyID=5] -[WKPanGestureController enablePanGestureIfNeeded]: <private> setEnabled:0
2026-09-14 12:03:01.162 I  PeachCommander[22178:11efe] [com.apple.CFPasteboard:entry] CopyData('DefaultAsciiKeyboardLayoutPasteboard' (<CFUUID 0x8650b1420> 32108B8C-ECB5-4DD4-800A-6E532FFAE827) gen: -1 item: 1264739405 flavor: 'DefaultAsciiKeyboardLayoutFlavor')
2026-09-14 12:03:01.162 I  PeachCommander[22178:11efe] [com.apple.CFPasteboard:exit] (not-in-cache) - result: -8 generation: 0 null data flags: 0
2026-09-14 12:03:01.196 I  PeachCommander[22178:11efe] [com.apple.AppKit:Animation] Running new animation: <private>
2026-09-14 12:03:01.196 I  PeachCommander[22178:11efe] [com.apple.AppKit:Animation] Running new animation: <private>
2026-09-14 12:03:01.196 I  PeachCommander[22178:11efe] [com.apple.AppKit:Animation] Running new animation: <private>
2026-09-14 12:03:01.196 I  PeachCommander[22178:11efe] [com.apple.AppKit:Animation] Running new animation: <private>
2026-09-14 12:03:01.196 I  PeachCommander[22178:11efe] [com.apple.AppKit:Animation] Running new animation: <private>
2026-09-14 12:03:01.198 I  PeachCommander[22178:11efe] [com.apple.AppKit:Window] order window front conditionally: 492 related: 0
2026-09-14 12:03:01.198 I  PeachCommander[22178:11efe] [com.apple.AppKit:Window] order window front conditionally: 492 related: 0
2026-09-14 12:03:01.198 Df PeachCommander[22178:11efe] (Foundation) <private>
2026-09-14 12:03:01.216 Df PeachCommander[22178:11efe] [com.apple.WebKit:Loading] 0x863600018 - [pageProxyID=5, webPageID=6, PID=0] WebPageProxy::loadData:
2026-09-14 12:03:01.216 Df PeachCommander[22178:11efe] [com.apple.WebKit:Loading] 0x863600018 - [pageProxyID=5, webPageID=6, PID=0] WebPageProxy::launchProcess:
2026-09-14 12:03:01.216 Df PeachCommander[22178:11efe] [com.apple.WebKit:Process] 0x1310a00c0 - [PID=0] WebProcessProxy::removeWebPage: webPage=0x863600018, pageProxyID=5, webPageID=6
2026-09-14 12:03:01.216 Df PeachCommander[22178:11efe] [com.apple.WebKit:Process] 0x1310a0680 - [PID=0] WebProcessProxy::constructor:
2026-09-14 12:03:01.216 Df PeachCommander[22178:11efe] [com.apple.xpc:connection] [0x86368c000] activating connection: mach=false listener=false peer=false name=com.apple.WebKit.WebContent
2026-09-14 12:03:01.216 Df PeachCommander[22178:11efe] [com.apple.extensionkit:NSExtension] Class EXGetExtensionClass(void) returning EXConcreteExtension
2026-09-14 12:03:01.216 Df PeachCommander[22178:11efe] [com.apple.xpc:connection] [0x86368c280] activating connection: mach=true listener=false peer=false name=com.apple.pluginkit.pkd
2026-09-14 12:03:01.217 A  PeachCommander[22178:11efe] (PlugInKit) continuous-discovery
2026-09-14 12:03:01.217 Df PeachCommander[22178:11efe] [com.apple.PlugInKit:discovery] <PKDiscoveryDriver:0x86352dc80> created discovery driver
2026-09-14 12:03:01.217 Df PeachCommander[22178:11efe] [com.apple.PlugInKit:discovery] [d <private>] <PKHost:0x86495c240> Beginning discovery for flags: 0, point: com.apple.services
2026-09-14 12:03:01.217 I  PeachCommander[22178:11efe] [com.apple.PlugInKit:discovery] [d <private>] <PKHost:0x86495c240> Query: {
    NSExtensionPointName = "com.apple.services";
}
2026-09-14 12:03:01.217 A  PeachCommander[22178:11efe] (PlugInKit) continuous-discovery
2026-09-14 12:03:01.217 Df PeachCommander[22178:11efe] [com.apple.PlugInKit:discovery] <PKDiscoveryDriver:0x86352f3c0> created discovery driver
2026-09-14 12:03:01.217 Df PeachCommander[22178:11efe] [com.apple.PlugInKit:discovery] [d <private>] <PKHost:0x86495c240> Beginning discovery for flags: 0, point: com.apple.ui-services
2026-09-14 12:03:01.217 I  PeachCommander[22178:11efe] [com.apple.PlugInKit:discovery] [d <private>] <PKHost:0x86495c240> Query: {
    NSExtensionPointName = "com.apple.ui-services";
}
2026-09-14 12:03:01.217 Df PeachCommander[22178:11efe] [com.apple.WebKit:Sandbox] Successfully created a sandbox extension for '<private>'
2026-09-14 12:03:01.217 Df PeachCommander[22178:11efe] [com.apple.coremedia:] <<<< Alt >>>> fpSupport_GetVideoRangeForCoreDisplayWithPreference: displayID 1 reported potentialHeadRoom=1 wideColorSupported=NO marz=NO almd=NO deviceAllowsHDR=YES isBuiltinPanel=NO externalPanel=YES prefersHDR10=NO
2026-09-14 12:03:01.217 Df PeachCommander[22178:11efe] [com.apple.WebKit:Sandbox] Successfully created a sandbox extension for '<private>'
2026-09-14 12:03:01.217 Df PeachCommander[22178:11efe] [com.apple.WebKit:Sandbox] Successfully created a sandbox extension for '<private>'
2026-09-14 12:03:01.217 Df PeachCommander[22178:11efe] [com.apple.WebKit:ProcessSuspension] 0x1310e01e0 - [PID=0, throttler=0x1310a0710] ProcessThrottler::Activity::Activity: Starting foreground activity / 'Process initialization'
2026-09-14 12:03:01.217 Df PeachCommander[22178:11efe] [com.apple.WebKit:Process] 0x1310a00c0 - [PID=0] WebProcessProxy::destructor:
2026-09-14 12:03:01.217 Df PeachCommander[22178:11efe] [com.apple.WebKit:ProcessSuspension] 0x1310a0150 - [PID=0] ProcessThrottler::didDisconnectFromProcess:
2026-09-14 12:03:01.217 Df PeachCommander[22178:11efe] [com.apple.WebKit:ProcessSuspension] 0x1310a0150 - [PID=0] ProcessThrottler::invalidateAllActivities: BEGIN (foregroundActivityCount: 0, backgroundActivityCount: 0)
2026-09-14 12:03:01.217 Df PeachCommander[22178:11efe] [com.apple.WebKit:ProcessSuspension] 0x1310a0150 - [PID=0] ProcessThrottler::invalidateAllActivities: END
2026-09-14 12:03:01.217 Df PeachCommander[22178:11efe] [com.apple.WebKit:Process] 0x1310a0680 - [PID=0] WebProcessProxy::addExistingWebPage: webPage=0x863600018, pageProxyID=5, webPageID=6
2026-09-14 12:03:01.217 Df PeachCommander[22178:11efe] [com.apple.WebKit:Storage] WebsiteDataStore::propagateSettingUpdates (0x866c13488) sessionID=1, OptInCookiePartitioning enabled, setting ThirdPartyCookieBlockingMode::AllExceptPartitioned
2026-09-14 12:03:01.217 Df PeachCommander[22178:11efe] [com.apple.WebKit:ActivityState] PageClientImpl 0x1310980e0 isViewVisible(): viewWindow 0x866bcc780, window visible 1, view hidden 0, window occluded 1
2026-09-14 12:03:01.217 Df PeachCommander[22178:11efe] [com.apple.WebKit:ActivityState] PageClientImpl 0x1310980e0 isViewVisible(): viewWindow 0x866bcc780, window visible 1, view hidden 0, window occluded 1
2026-09-14 12:03:01.217 Df PeachCommander[22178:11efe] [com.apple.WebKit:ActivityState] PageClientImpl 0x1310980e0 isViewVisible(): viewWindow 0x866bcc780, window visible 1, view hidden 0, window occluded 1
2026-09-14 12:03:01.217 Df PeachCommander[22178:11efe] [com.apple.WebKit:Media] PlaybackSessionManagerProxy::PlaybackSessionManagerProxy(735761204)
2026-09-14 12:03:01.217 Df PeachCommander[22178:11efe] [com.apple.WebKit:Fullscreen] PlaybackSessionManagerProxy::VideoPresentationManagerProxy(735761204)
2026-09-14 12:03:01.218 Df PeachCommander[22178:11efe] [com.apple.WebKit:Process] WebProcessPool::registerUserInstalledFonts: start registering fonts
2026-09-14 12:03:01.218 Df PeachCommander[22178:11f05] [com.apple.xpc:connection] [0x86368c640] activating connection: mach=false listener=false peer=false name=com.apple.accessibility.mediaaccessibilityd
2026-09-14 12:03:01.219 Df PeachCommander[22178:11f9f] [com.apple.PlugInKit:discovery] [d <private>] <PKHost:0x86495c240> Completed discovery. Final # of matches: 0
2026-09-14 12:03:01.219 Df PeachCommander[22178:11f9f] [com.apple.PlugInKit:discovery] <PKDiscoveryDriver:0x86352dc80> delivering update to host (0 plugins)
2026-09-14 12:03:01.219 A  PeachCommander[22178:11f9f] (ExtensionFoundation) discovering extensions
2026-09-14 12:03:01.219 Df PeachCommander[22178:11f9f] [com.apple.extensionkit:NSExtension] discovered extensions: attributes <private>, extensionSet {(
)}
2026-09-14 12:03:01.219 Df PeachCommander[22178:11f9f] [com.apple.PlugInKit:discovery] <PKDiscoveryDriver:0x86352dc80> installing watchers for continuous discovery
2026-09-14 12:03:01.219 I  PeachCommander[22178:11f9f] [com.apple.launchservices:default] LSApplicationWorkspace: adding observer PKDiscoveryLSWatcher @ 0x8646bc920
2026-09-14 12:03:01.219 Df PeachCommander[22178:11f9f] [com.apple.launchservices:appinstallation] registering for distributed notification com.apple.LaunchServices.pluginsregistered in this process
2026-09-14 12:03:01.219 Df PeachCommander[22178:11f9f] [com.apple.launchservices:appinstallation] registering for distributed notification com.apple.LaunchServices.pluginsunregistered in this process
2026-09-14 12:03:01.219 Df PeachCommander[22178:11fa9] [com.apple.xpc:connection] [0x86368c780] activating connection: mach=true listener=false peer=false name=com.apple.audio.AudioComponentRegistrar
2026-09-14 12:03:01.220 I  PeachCommander[22178:11f9f] [com.apple.PlugInKit:discovery] <private>: annotations = <private>
2026-09-14 12:03:01.220 I  PeachCommander[22178:11f9f] [com.apple.PlugInKit:discovery] <private>: will be managed by runningboard
2026-09-14 12:03:01.220 I  PeachCommander[22178:11f9f] [com.apple.PlugInKit:discovery] <private>: annotations = <private>
2026-09-14 12:03:01.220 I  PeachCommander[22178:11f9f] [com.apple.PlugInKit:discovery] <private>: will be managed by runningboard
2026-09-14 12:03:01.220 Df PeachCommander[22178:11f9f] [com.apple.PlugInKit:discovery] [d <private>] <PKHost:0x86495c240> Completed discovery. Final # of matches: 2
2026-09-14 12:03:01.220 Df PeachCommander[22178:11f9f] [com.apple.PlugInKit:discovery] <PKDiscoveryDriver:0x86352f3c0> delivering update to host (2 plugins)
2026-09-14 12:03:01.220 A  PeachCommander[22178:11f9f] (ExtensionFoundation) discovering extensions
2026-09-14 12:03:01.220 I  PeachCommander[22178:11f9f] [com.apple.PlugInKit:ls] [u F8FBE89F-0099-5663-9723-8867B978BA0A] [<private>(<private>)] got localized name: <private>
2026-09-14 12:03:01.220 I  PeachCommander[22178:11f9f] [com.apple.PlugInKit:ls] [u F8FBE89F-0099-5663-9723-8867B978BA0A] [<private>(<private>)] got localized short name: <private>
2026-09-14 12:03:01.220 I  PeachCommander[22178:11f9f] [com.apple.PlugInKit:ls] [u 6CEBBCC0-EA4F-56D4-A20B-60811A2226D5] [<private>(<private>)] got localized name: <private>
2026-09-14 12:03:01.220 I  PeachCommander[22178:11f9f] [com.apple.PlugInKit:ls] [u 6CEBBCC0-EA4F-56D4-A20B-60811A2226D5] [<private>(<private>)] got localized short name: <private>
2026-09-14 12:03:01.220 Df PeachCommander[22178:11f9f] [com.apple.extensionkit:NSExtension] discovered extensions: attributes <private>, extensionSet {(
    <EXConcreteExtension: 0x8636d49a0> {id = com.apple.MarkupUI.Markup},
    <EXConcreteExtension: 0x8636d48c0> {id = com.apple.sharing.ShareSheetUI}
)}
2026-09-14 12:03:01.220 Df PeachCommander[22178:11f9f] [com.apple.PlugInKit:discovery] <PKDiscoveryDriver:0x86352f3c0> installing watchers for continuous discovery
2026-09-14 12:03:01.220 I  PeachCommander[22178:11f9f] [com.apple.launchservices:default] LSApplicationWorkspace: adding observer PKDiscoveryLSWatcher @ 0x8646bc480
2026-09-14 12:03:01.233 Df PeachCommander[22178:11efe] [com.apple.WebKit:Process] WebProcessPool::registerUserInstalledFonts: done registering fonts
2026-09-14 12:03:01.233 Df PeachCommander[22178:11efe] [com.apple.WebKit:Sandbox] Successfully created a sandbox extension for '<private>'
2026-09-14 12:03:01.233 Df PeachCommander[22178:11efe] [com.apple.WebKit:Sandbox] Successfully created a sandbox extension for '<private>'
2026-09-14 12:03:01.234 Df PeachCommander[22178:11efe] [com.apple.WebKit:Process] 0x863600018 - [pageProxyID=5, webPageID=6, PID=0] WebPageProxy::WebPageProxy::shouldForceForegroundPriorityForClientNavigation() returns 1 based on PageClient::canTakeForegroundAssertions()
2026-09-14 12:03:01.234 Df PeachCommander[22178:11efe] [com.apple.WebKit:ProcessSuspension] 0x1310e0300 - [PID=0, throttler=0x1310a0710] ProcessThrottler::Activity::Activity: Starting foreground activity / 'Client navigation'
2026-09-14 12:03:01.234 Df PeachCommander[22178:11efe] [com.apple.WebKit:Loading] 0x863600018 - [pageProxyID=5, webPageID=6, PID=0] WebPageProxy::loadDataWithNavigation
2026-09-14 12:03:01.234 Df PeachCommander[22178:11efe] [com.apple.WebKit:Sandbox] 0x1310a0680 - [PID=0] WebProcessProxy::assumeReadAccessToBaseURL(2688042): path = <private>
2026-09-14 12:03:01.234 Df PeachCommander[22178:11efe] [com.apple.WebKit:ProcessSuspension] 0x131098150 - NavigationState is taking a process network assertion because a page load started
2026-09-14 12:03:01.234 Df PeachCommander[22178:11efe] [com.apple.WebKit:Process] Taking network activity on WebProcess with PID 0
2026-09-14 12:03:01.234 Df PeachCommander[22178:11efe] [com.apple.WebKit:ProcessSuspension] 0x1310e0330 - [PID=0, throttler=0x1310a0710] ProcessThrottler::Activity::Activity: Starting background activity / 'Page Load'
2026-09-14 12:03:01.234 Df PeachCommander[22178:11efe] [com.apple.WebKit:Process] 0x131108190 - NetworkProcessProxy::sendXPCEndpointToProcess(0x1310a0680) state = 0 has connection = 0 XPC endpoint message = 0x863604400
2026-09-14 12:03:01.234 Df PeachCommander[22178:11efe] [com.apple.WebKit:Process] 0x131108190 - NetworkProcessProxy::sendXPCEndpointToProcess(0x1311001f0) state = 0 has connection = 0 XPC endpoint message = 0x863604400
2026-09-14 12:03:01.235 Df PeachCommander[22178:11efe] [com.apple.WebKit:ResourceLoadStatistics] StorageAccessPromptQuirkController::didUpdateCachedListData: Loaded 1 storage access prompt(s) quirks from WebPrivacy.
2026-09-14 12:03:01.235 Df PeachCommander[22178:11efe] [com.apple.WebKit:Process] 0x1311001f0 - GPUProcessProxy::didFinishLaunching:
2026-09-14 12:03:01.235 Df PeachCommander[22178:11efe] [com.apple.WebKit:ProcessSuspension] 0x1310e0360 - [PID=22259, throttler=0x131100280] ProcessThrottler::Activity::Activity: Starting foreground activity / 'Lifetime Activity'
2026-09-14 12:03:01.235 Df PeachCommander[22178:11efe] [com.apple.WebKit:Process] 0x1311001f0 - GPUProcessProxy::connectionWillOpen:
2026-09-14 12:03:01.235 Df PeachCommander[22178:11efe] [com.apple.WebKit:ProcessSuspension] 0x131100280 - [PID=22259] ProcessThrottler::didConnectToProcess
2026-09-14 12:03:01.235 Df PeachCommander[22178:11efe] [com.apple.WebKit:ProcessSuspension] 0x131100280 - [PID=22259] ProcessThrottler::setThrottleState: Updating process assertion type to 3 (foregroundActivities=2, backgroundActivities=2)
2026-09-14 12:03:01.235 Df PeachCommander[22178:11efe] [com.apple.WebKit:Process] 0x131108190 - NetworkProcessProxy::sendXPCEndpointToProcess(0x1311001f0) state = 1 has connection = 1 XPC endpoint message = 0x863604400
2026-09-14 12:03:01.235 Df PeachCommander[22178:11fa9] [com.apple.WebKit:ProcessSuspension] 0x131064180 - ProcessAssertion::acquireSync Trying to take RBS assertion 'Jetsam Boost' for process with PID=22259
2026-09-14 12:03:01.235 Df PeachCommander[22178:11efe] [com.apple.WebKit:Process] 0x131108190 - NetworkProcessProxy::didFinishLaunching
2026-09-14 12:03:01.235 Df PeachCommander[22178:11efe] [com.apple.WebKit:ProcessSuspension] 0x1310e0390 - [PID=22260, throttler=0x131108220] ProcessThrottler::Activity::Activity: Starting foreground activity / 'Lifetime Activity'
2026-09-14 12:03:01.235 Df PeachCommander[22178:11efe] [com.apple.WebKit:ProcessSuspension] 0x131108220 - [PID=22260] ProcessThrottler::didConnectToProcess
2026-09-14 12:03:01.235 Df PeachCommander[22178:11efe] [com.apple.WebKit:ProcessSuspension] 0x131108220 - [PID=22260] ProcessThrottler::setThrottleState: Updating process assertion type to 3 (foregroundActivities=2, backgroundActivities=4)
2026-09-14 12:03:01.235 I  PeachCommander[22178:11f98] [com.apple.CoreAnalytics:client] Dropping "<private>" as it isn't used in any transform (not in the config or budgeted?)
2026-09-14 12:03:01.236 Df PeachCommander[22178:11efe] [com.apple.WebKit:ActivityState] PageClientImpl 0x1310980e0 isViewVisible(): viewWindow 0x866bcc780, window visible 1, view hidden 0, window occluded 0
2026-09-14 12:03:01.236 Df PeachCommander[22178:11efe] [com.apple.WebKit:ViewState] 0x863600018 - [pageProxyID=5, webPageID=6, PID=0] WebPageProxy::updateActivityState: view visibility state changed 0 -> 1
2026-09-14 12:03:01.236 Df PeachCommander[22178:11efe] [com.apple.WebKit:ActivityState] PageClientImpl 0x1310980e0 isViewVisible(): viewWindow 0x866bcc780, window visible 1, view hidden 0, window occluded 0
2026-09-14 12:03:01.236 Df PeachCommander[22178:11efe] [com.apple.WebKit:ActivityState] PageClientImpl 0x1310980e0 isViewVisible(): viewWindow 0x866bcc780, window visible 1, view hidden 0, window occluded 0
2026-09-14 12:03:01.236 Df PeachCommander[22178:11efe] [com.apple.WebKit:ViewState] 0x863600018 - [pageProxyID=5, webPageID=6, PID=0] WebPageProxy::viewIsBecomingVisible:
2026-09-14 12:03:01.236 I  PeachCommander[22178:11fa9] [com.apple.runningboard:assertion] Acquiring assertion: <RBSAssertionDescriptor| "Jetsam Boost" ID:(null) target:22259>
2026-09-14 12:03:01.236 Df PeachCommander[22178:11fef] [com.apple.xpc:connection] [0x86368c3c0] activating connection: mach=true listener=false peer=false name=com.apple.powerlog.plxpclogger.xpc
2026-09-14 12:03:01.236 Df PeachCommander[22178:11efe] [com.apple.WebKit:ScreenTime] Screen Time has updated to use the system shield for any blocked URL.
2026-09-14 12:03:01.236 Df PeachCommander[22178:11efe] [com.apple.WebKit:ProcessSuspension] 0x863600018 - [pageProxyID=5, webPageID=6, PID=0] WebPageProxy::updateThrottleState: UIProcess is taking a foreground assertion because the view is visible
2026-09-14 12:03:01.236 Df PeachCommander[22178:11efe] [com.apple.WebKit:ProcessSuspension] 0x1310e03f0 - [PID=0, throttler=0x1310a0710] ProcessThrottler::Activity::Activity: Starting foreground activity / 'View is visible'
2026-09-14 12:03:01.236 Df PeachCommander[22178:11efe] [com.apple.sharekit:Framework] filteredItemsFromItems:<private> [22178]--> <private>
2026-09-14 12:03:01.236 Df PeachCommander[22178:11efe] [com.apple.sharekit:Framework] Requesting sharingServicesForFilteredItems:<private> mask:<private>
2026-09-14 12:03:01.236 Df PeachCommander[22178:11efe] [com.apple.sharekit:Framework] filteredItemsFromItems:<private> [22178]--> <private>
2026-09-14 12:03:01.236 Df PeachCommander[22178:11efe] [com.apple.sharekit:Framework] Requesting sharingServicesForFilteredItems:<private> mask:<private>
2026-09-14 12:03:01.237 Df PeachCommander[22178:11efe] [com.apple.sharekit:Framework] filteredItemsFromItems:<private> [22178]--> <private>
2026-09-14 12:03:01.237 Df PeachCommander[22178:11efe] [com.apple.sharekit:Framework] Requesting sharingServicesForFilteredItems:<private> mask:<private>
2026-09-14 12:03:01.237 Df PeachCommander[22178:11f9f] [com.apple.sharekit:Framework] Matching dictionary: <private>, attributesArray: <private>
2026-09-14 12:03:01.237 Df PeachCommander[22178:11f9f] [com.apple.sharekit:Framework] Discover extensions with attributes <private>
2026-09-14 12:03:01.237 A  PeachCommander[22178:11f9f] (PlugInKit) discovery
2026-09-14 12:03:01.237 Df PeachCommander[22178:11f9f] [com.apple.PlugInKit:discovery] [d <private>] <PKHost:0x86495c240> Beginning discovery for flags: 1024, point: com.apple.ui-services
2026-09-14 12:03:01.237 I  PeachCommander[22178:11f9f] [com.apple.PlugInKit:discovery] [d <private>] <PKHost:0x86495c240> Query: {
    NSExtensionPointName = "com.apple.ui-services";
}
2026-09-14 12:03:01.237 Df PeachCommander[22178:11f0b] [com.apple.sharekit:Framework] Matching dictionary: <private>, attributesArray: <private>
2026-09-14 12:03:01.237 Df PeachCommander[22178:11f0b] [com.apple.sharekit:Framework] Discover extensions with attributes <private>
2026-09-14 12:03:01.237 A  PeachCommander[22178:11f0b] (PlugInKit) discovery
2026-09-14 12:03:01.237 Df PeachCommander[22178:11f0b] [com.apple.PlugInKit:discovery] [d <private>] <PKHost:0x86495c240> Beginning discovery for flags: 1024, point: com.apple.ui-services
2026-09-14 12:03:01.237 I  PeachCommander[22178:11f0b] [com.apple.PlugInKit:discovery] [d <private>] <PKHost:0x86495c240> Query: {
    NSExtensionPointName = "com.apple.ui-services";
}
2026-09-14 12:03:01.237 Df PeachCommander[22178:11f04] [com.apple.sharekit:Framework] Matching dictionary: <private>, attributesArray: <private>
2026-09-14 12:03:01.237 Df PeachCommander[22178:11f04] [com.apple.sharekit:Framework] Discover extensions with attributes <private>
2026-09-14 12:03:01.237 A  PeachCommander[22178:11f04] (PlugInKit) discovery
2026-09-14 12:03:01.237 Df PeachCommander[22178:11f04] [com.apple.PlugInKit:discovery] [d <private>] <PKHost:0x86495c240> Beginning discovery for flags: 1024, point: com.apple.ui-services
2026-09-14 12:03:01.237 I  PeachCommander[22178:11f04] [com.apple.PlugInKit:discovery] [d <private>] <PKHost:0x86495c240> Query: {
    NSExtensionPointName = "com.apple.ui-services";
}
2026-09-14 12:03:01.237 Df PeachCommander[22178:11fa9] [com.apple.WebKit:ProcessSuspension] 0x131064180 - ProcessAssertion::acquireSync Successfully took RBS assertion 'Jetsam Boost' for process with PID=22259
2026-09-14 12:03:01.237 Df PeachCommander[22178:11fa9] [com.apple.WebKit:ProcessSuspension] 0x131124120 - ProcessAssertion::acquireSync Trying to take RBS assertion 'GPUProcess Foreground Assertion' for process with PID=22259
2026-09-14 12:03:01.237 I  PeachCommander[22178:11fa9] [com.apple.runningboard:assertion] Acquiring assertion: <RBSAssertionDescriptor| "GPUProcess Foreground Assertion" ID:(null) target:22259>
2026-09-14 12:03:01.238 Df PeachCommander[22178:11fa9] [com.apple.WebKit:ProcessSuspension] 0x131124120 - ProcessAssertion::acquireSync Successfully took RBS assertion 'GPUProcess Foreground Assertion' for process with PID=22259
2026-09-14 12:03:01.238 I  PeachCommander[22178:11f98] [com.apple.CoreAnalytics:client] Dropping "<private>" as it isn't used in any transform (not in the config or budgeted?)
2026-09-14 12:03:01.238 I  PeachCommander[22178:11f98] [com.apple.CoreAnalytics:client] Dropping "<private>" as it isn't used in any transform (not in the config or budgeted?)
2026-09-14 12:03:01.238 Df PeachCommander[22178:11f9f] [com.apple.PlugInKit:discovery] [d <private>] <PKHost:0x86495c240> Completed discovery. Final # of matches: 2
2026-09-14 12:03:01.238 I  PeachCommander[22178:11f9f] [com.apple.PlugInKit:ls] [u F8FBE89F-0099-5663-9723-8867B978BA0A] [<private>(<private>)] got localized name: <private>
2026-09-14 12:03:01.238 I  PeachCommander[22178:11f9f] [com.apple.PlugInKit:ls] [u F8FBE89F-0099-5663-9723-8867B978BA0A] [<private>(<private>)] got localized short name: <private>
2026-09-14 12:03:01.238 I  PeachCommander[22178:11f9f] [com.apple.PlugInKit:ls] [u 6CEBBCC0-EA4F-56D4-A20B-60811A2226D5] [<private>(<private>)] got localized name: <private>
2026-09-14 12:03:01.238 I  PeachCommander[22178:11f9f] [com.apple.PlugInKit:ls] [u 6CEBBCC0-EA4F-56D4-A20B-60811A2226D5] [<private>(<private>)] got localized short name: <private>
2026-09-14 12:03:01.238 Df PeachCommander[22178:11f9f] [com.apple.sharekit:Framework] 2 plugins found
2026-09-14 12:03:01.238 Df PeachCommander[22178:11fa9] [com.apple.WebKit:ProcessSuspension] 0x1310641d0 - ProcessAssertion::acquireSync Trying to take RBS assertion 'Jetsam Boost' for process with PID=22260
2026-09-14 12:03:01.238 I  PeachCommander[22178:11fa9] [com.apple.runningboard:assertion] Acquiring assertion: <RBSAssertionDescriptor| "Jetsam Boost" ID:(null) target:22260>
2026-09-14 12:03:01.239 Df PeachCommander[22178:11f0b] [com.apple.PlugInKit:discovery] [d <private>] <PKHost:0x86495c240> Completed discovery. Final # of matches: 2
2026-09-14 12:03:01.239 I  PeachCommander[22178:11f0b] [com.apple.PlugInKit:ls] [u F8FBE89F-0099-5663-9723-8867B978BA0A] [<private>(<private>)] got localized name: <private>
2026-09-14 12:03:01.239 I  PeachCommander[22178:11f0b] [com.apple.PlugInKit:ls] [u F8FBE89F-0099-5663-9723-8867B978BA0A] [<private>(<private>)] got localized short name: <private>
2026-09-14 12:03:01.239 I  PeachCommander[22178:11f0b] [com.apple.PlugInKit:ls] [u 6CEBBCC0-EA4F-56D4-A20B-60811A2226D5] [<private>(<private>)] got localized name: <private>
2026-09-14 12:03:01.239 I  PeachCommander[22178:11f0b] [com.apple.PlugInKit:ls] [u 6CEBBCC0-EA4F-56D4-A20B-60811A2226D5] [<private>(<private>)] got localized short name: <private>
2026-09-14 12:03:01.239 Df PeachCommander[22178:11f0b] [com.apple.sharekit:Framework] 2 plugins found
2026-09-14 12:03:01.239 Df PeachCommander[22178:11f9f] [com.apple.sharekit:Framework] Service with identifier <private> passes activation rule: 1
2026-09-14 12:03:01.239 I  PeachCommander[22178:11f9f] [com.apple.launchservices:datasep] application record search init. Node: (null) bundleID: <private> itemID: 0
2026-09-14 12:03:01.239 A  PeachCommander[22178:11f9f] (CoreServicesInternal) CFURLResolveBookmarkData
2026-09-14 12:03:01.239 I  PeachCommander[22178:11f9f] [com.apple.launchservices:datasep] application record search init. Node: (null) bundleID: <private> itemID: 0
2026-09-14 12:03:01.239 A  PeachCommander[22178:11f9f] (CoreServicesInternal) CFURLResolveBookmarkData
2026-09-14 12:03:01.239 Df PeachCommander[22178:11f0b] [com.apple.sharekit:Framework] Service with identifier <private> passes activation rule: 0
2026-09-14 12:03:01.239 Df PeachCommander[22178:11f0b] [com.apple.sharekit:Framework] Service dictionary for plugin <private> not available, skip it.
2026-09-14 12:03:01.240 I  PeachCommander[22178:11f9f] [com.apple.launchservices:default] LSApplicationWorkspace: adding observer SHKPlugInObservingCache @ 0x865c40110
2026-09-14 12:03:01.240 Df PeachCommander[22178:11f9f] [com.apple.launchservices:appinstallation] registering for distributed notification com.apple.LaunchServices.pluginswillberemoved in this process
2026-09-14 12:03:01.240 A  PeachCommander[22178:11f9f] (CoreServicesInternal) CFURLResolveBookmarkData
2026-09-14 12:03:01.240 Df PeachCommander[22178:11f9f] [com.apple.extensionkit:NSExtension] Use of NSTruePredicate is forbidden: <private>
2026-09-14 12:03:01.240 Df PeachCommander[22178:11f9f] [com.apple.sharekit:Framework] Service with identifier <private> passes activation rule: 1
2026-09-14 12:03:01.241 I  PeachCommander[22178:11f9f] [com.apple.launchservices:datasep] application record search init. Node: (null) bundleID: <private> itemID: 0
2026-09-14 12:03:01.241 A  PeachCommander[22178:11f9f] (CoreServicesInternal) CFURLResolveBookmarkData
2026-09-14 12:03:01.241 I  PeachCommander[22178:11f9f] [com.apple.iconservices:default] Failed to get symbol for <private>
2026-09-14 12:03:01.241 I  PeachCommander[22178:11f9f] [com.apple.launchservices:datasep] application record search init. Node: (null) bundleID: <private> itemID: 0
2026-09-14 12:03:01.241 A  PeachCommander[22178:11f9f] (CoreServicesInternal) CFURLResolveBookmarkData
2026-09-14 12:03:01.241 I  PeachCommander[22178:11f9f] [com.apple.iconservices:default] Failed to get symbol for <private>
2026-09-14 12:03:01.241 Df PeachCommander[22178:11f9f] [com.apple.sharekit:Framework] Role type not provided, assuming Action for <private>
2026-09-14 12:03:01.241 A  PeachCommander[22178:11f9f] (CoreServicesInternal) CFURLResolveBookmarkData
2026-09-14 12:03:01.241 Df PeachCommander[22178:11f9f] [com.apple.sharekit:Framework] 2 compatible services found for attributes <private>
2026-09-14 12:03:01.241 Df PeachCommander[22178:11f9f] [com.apple.sharekit:Framework] Discovery done
2026-09-14 12:03:01.241 Df PeachCommander[22178:11f9f] [com.apple.sharekit:Framework] Discover extensions with attributes <private>
2026-09-14 12:03:01.241 A  PeachCommander[22178:11f9f] (PlugInKit) discovery
2026-09-14 12:03:01.241 Df PeachCommander[22178:11f9f] [com.apple.PlugInKit:discovery] [d <private>] <PKHost:0x86495c240> Beginning discovery for flags: 1024, point: com.apple.services
2026-09-14 12:03:01.241 I  PeachCommander[22178:11f9f] [com.apple.PlugInKit:discovery] [d <private>] <PKHost:0x86495c240> Query: {
    NSExtensionPointName = "com.apple.services";
}
2026-09-14 12:03:01.241 Df PeachCommander[22178:11f04] [com.apple.PlugInKit:discovery] [d <private>] <PKHost:0x86495c240> Completed discovery. Final # of matches: 2
2026-09-14 12:03:01.241 I  PeachCommander[22178:11f04] [com.apple.PlugInKit:ls] [u F8FBE89F-0099-5663-9723-8867B978BA0A] [<private>(<private>)] got localized name: <private>
2026-09-14 12:03:01.241 I  PeachCommander[22178:11f04] [com.apple.PlugInKit:ls] [u F8FBE89F-0099-5663-9723-8867B978BA0A] [<private>(<private>)] got localized short name: <private>
2026-09-14 12:03:01.241 I  PeachCommander[22178:11f04] [com.apple.PlugInKit:ls] [u 6CEBBCC0-EA4F-56D4-A20B-60811A2226D5] [<private>(<private>)] got localized name: <private>
2026-09-14 12:03:01.241 I  PeachCommander[22178:11f04] [com.apple.PlugInKit:ls] [u 6CEBBCC0-EA4F-56D4-A20B-60811A2226D5] [<private>(<private>)] got localized short name: <private>
2026-09-14 12:03:01.241 Df PeachCommander[22178:11f04] [com.apple.sharekit:Framework] 2 plugins found
2026-09-14 12:03:01.241 Df PeachCommander[22178:11f0b] [com.apple.extensionkit:NSExtension] Use of NSTruePredicate is forbidden: <private>
2026-09-14 12:03:01.241 Df PeachCommander[22178:11f0b] [com.apple.sharekit:Framework] Service with identifier <private> passes activation rule: 1
2026-09-14 12:03:01.241 I  PeachCommander[22178:11f0b] [com.apple.launchservices:datasep] application record search init. Node: (null) bundleID: <private> itemID: 0
2026-09-14 12:03:01.241 A  PeachCommander[22178:11f0b] (CoreServicesInternal) CFURLResolveBookmarkData
2026-09-14 12:03:01.242 I  PeachCommander[22178:11f0b] [com.apple.iconservices:default] Failed to get symbol for <private>
2026-09-14 12:03:01.242 Df PeachCommander[22178:11f0b] [com.apple.sharekit:Framework] Role type not provided, assuming Action for <private>
2026-09-14 12:03:01.242 A  PeachCommander[22178:11f0b] (CoreServicesInternal) CFURLResolveBookmarkData
2026-09-14 12:03:01.242 Df PeachCommander[22178:11f04] [com.apple.sharekit:Framework] Service with identifier <private> passes activation rule: 0
2026-09-14 12:03:01.242 Df PeachCommander[22178:11f04] [com.apple.sharekit:Framework] Service dictionary for plugin <private> not available, skip it.
2026-09-14 12:03:01.242 Df PeachCommander[22178:11f0b] [com.apple.sharekit:Framework] 1 compatible services found for attributes <private>
2026-09-14 12:03:01.242 Df PeachCommander[22178:11f0b] [com.apple.sharekit:Framework] Discovery done
2026-09-14 12:03:01.242 Df PeachCommander[22178:11f0b] [com.apple.sharekit:Framework] Discover extensions with attributes <private>
2026-09-14 12:03:01.242 A  PeachCommander[22178:11f0b] (PlugInKit) discovery
2026-09-14 12:03:01.242 Df PeachCommander[22178:11f0b] [com.apple.PlugInKit:discovery] [d <private>] <PKHost:0x86495c240> Beginning discovery for flags: 1024, point: com.apple.services
2026-09-14 12:03:01.242 Df PeachCommander[22178:11f04] [com.apple.extensionkit:NSExtension] Use of NSTruePredicate is forbidden: <private>
2026-09-14 12:03:01.242 Df PeachCommander[22178:11f04] [com.apple.sharekit:Framework] Service with identifier <private> passes activation rule: 1
2026-09-14 12:03:01.242 I  PeachCommander[22178:11f0b] [com.apple.PlugInKit:discovery] [d <private>] <PKHost:0x86495c240> Query: {
    NSExtensionPointName = "com.apple.services";
}
2026-09-14 12:03:01.242 I  PeachCommander[22178:11f04] [com.apple.launchservices:datasep] application record search init. Node: (null) bundleID: <private> itemID: 0
2026-09-14 12:03:01.242 A  PeachCommander[22178:11f04] (CoreServicesInternal) CFURLResolveBookmarkData
2026-09-14 12:03:01.242 I  PeachCommander[22178:11f04] [com.apple.iconservices:default] Failed to get symbol for <private>
2026-09-14 12:03:01.242 Df PeachCommander[22178:11f04] [com.apple.sharekit:Framework] Role type not provided, assuming Action for <private>
2026-09-14 12:03:01.242 A  PeachCommander[22178:11f04] (CoreServicesInternal) CFURLResolveBookmarkData
2026-09-14 12:03:01.242 Df PeachCommander[22178:11f04] [com.apple.sharekit:Framework] 1 compatible services found for attributes <private>
2026-09-14 12:03:01.242 Df PeachCommander[22178:11f04] [com.apple.sharekit:Framework] Discovery done
2026-09-14 12:03:01.242 Df PeachCommander[22178:11f04] [com.apple.sharekit:Framework] Discover extensions with attributes <private>
2026-09-14 12:03:01.242 A  PeachCommander[22178:11f04] (PlugInKit) discovery
2026-09-14 12:03:01.242 Df PeachCommander[22178:11f04] [com.apple.PlugInKit:discovery] [d <private>] <PKHost:0x86495c240> Beginning discovery for flags: 1024, point: com.apple.services
2026-09-14 12:03:01.242 I  PeachCommander[22178:11f04] [com.apple.PlugInKit:discovery] [d <private>] <PKHost:0x86495c240> Query: {
    NSExtensionPointName = "com.apple.services";
}
2026-09-14 12:03:01.243 Df PeachCommander[22178:11f9f] [com.apple.PlugInKit:discovery] [d <private>] <PKHost:0x86495c240> Completed discovery. Final # of matches: 0
2026-09-14 12:03:01.243 Df PeachCommander[22178:11f9f] [com.apple.sharekit:Framework] 0 plugins found
2026-09-14 12:03:01.243 Df PeachCommander[22178:11f9f] [com.apple.sharekit:Framework] 0 compatible services found for attributes <private>
2026-09-14 12:03:01.243 Df PeachCommander[22178:11f9f] [com.apple.sharekit:Framework] Discovery done
2026-09-14 12:03:01.243 Df PeachCommander[22178:11f9f] [com.apple.sharekit:Framework] Completed querying extensions: <private>
2026-09-14 12:03:01.245 Df PeachCommander[22178:11fa9] [com.apple.WebKit:ProcessSuspension] 0x1310641d0 - ProcessAssertion::acquireSync Successfully took RBS assertion 'Jetsam Boost' for process with PID=22260
2026-09-14 12:03:01.245 Df PeachCommander[22178:11fa9] [com.apple.WebKit:ProcessSuspension] 0x131124180 - ProcessAssertion::acquireSync Trying to take RBS assertion 'NetworkProcess Foreground Assertion' for process with PID=22260
2026-09-14 12:03:01.245 I  PeachCommander[22178:11fa9] [com.apple.runningboard:assertion] Acquiring assertion: <RBSAssertionDescriptor| "NetworkProcess Foreground Assertion" ID:(null) target:22260>
2026-09-14 12:03:01.246 I  PeachCommander[22178:11f9f] [com.apple.iconservices:foundation] layer data size zero
2026-09-14 12:03:01.246 Df PeachCommander[22178:11fa9] [com.apple.WebKit:ProcessSuspension] 0x131124180 - ProcessAssertion::acquireSync Successfully took RBS assertion 'NetworkProcess Foreground Assertion' for process with PID=22260
2026-09-14 12:03:01.246 Df PeachCommander[22178:11fa9] [com.apple.sharekit:Framework] Copy: canPerformWithItems returns YES
2026-09-14 12:03:01.246 Df PeachCommander[22178:11f0b] [com.apple.PlugInKit:discovery] [d <private>] <PKHost:0x86495c240> Completed discovery. Final # of matches: 0
2026-09-14 12:03:01.246 A  PeachCommander[22178:11f9f] (CoreFoundation) Loading Preferences From User CFPrefsD
2026-09-14 12:03:01.247 Df PeachCommander[22178:11f0b] [com.apple.sharekit:Framework] 0 plugins found
2026-09-14 12:03:01.247 Df PeachCommander[22178:11f0b] [com.apple.sharekit:Framework] 0 compatible services found for attributes <private>
2026-09-14 12:03:01.247 Df PeachCommander[22178:11f0b] [com.apple.sharekit:Framework] Discovery done
2026-09-14 12:03:01.247 Df PeachCommander[22178:11f0b] [com.apple.sharekit:Framework] Completed querying extensions: <private>
2026-09-14 12:03:01.247 I  PeachCommander[22178:11f0b] [com.apple.iconservices:foundation] layer data size zero
2026-09-14 12:03:01.247 Df PeachCommander[22178:11f0b] [com.apple.sharekit:Framework] Copy: canPerformWithItems returns YES
2026-09-14 12:03:01.247 Df PeachCommander[22178:11f9f] [com.apple.sharekit:Framework] Sorted services: <private>
2026-09-14 12:03:01.247 Df PeachCommander[22178:11f9f] [com.apple.sharekit:Framework] It took 10 ms to get sharing services async for mask <private>
2026-09-14 12:03:01.247 Df PeachCommander[22178:11f0b] [com.apple.sharekit:Framework] Sorted services: <private>
2026-09-14 12:03:01.247 Df PeachCommander[22178:11f0b] [com.apple.sharekit:Framework] It took 10 ms to get sharing services async for mask <private>
2026-09-14 12:03:01.247 Df PeachCommander[22178:11f04] [com.apple.PlugInKit:discovery] [d <private>] <PKHost:0x86495c240> Completed discovery. Final # of matches: 0
2026-09-14 12:03:01.247 Df PeachCommander[22178:11f04] [com.apple.sharekit:Framework] 0 plugins found
2026-09-14 12:03:01.247 Df PeachCommander[22178:11f04] [com.apple.sharekit:Framework] 0 compatible services found for attributes <private>
2026-09-14 12:03:01.247 Df PeachCommander[22178:11f04] [com.apple.sharekit:Framework] Discovery done
2026-09-14 12:03:01.247 Df PeachCommander[22178:11f04] [com.apple.sharekit:Framework] Completed querying extensions: <private>
2026-09-14 12:03:01.247 Df PeachCommander[22178:11efe] [com.apple.WebKit:ProcessSuspension] 0x1310e00f0 - [PID=22259, throttler=0x131100280] ProcessThrottler::Activity::invalidate: Ending foreground activity / 'Process initialization'
2026-09-14 12:03:01.247 Df PeachCommander[22178:11efe] [com.apple.WebKit:ViewState] 0x13118c100 [pageProxyID=5, webPageID=6, PID=0, DisplayID=1] RemoteLayerTreeDrawingAreaProxyMac::didRefreshDisplay
2026-09-14 12:03:01.247 I  PeachCommander[22178:11f98] [com.apple.iconservices:foundation] layer data size zero
2026-09-14 12:03:01.247 Df PeachCommander[22178:11f04] [com.apple.sharekit:Framework] Copy: canPerformWithItems returns YES
2026-09-14 12:03:01.248 Df PeachCommander[22178:11f98] [com.apple.sharekit:Framework] Sorted services: <private>
2026-09-14 12:03:01.248 Df PeachCommander[22178:11f98] [com.apple.sharekit:Framework] It took 10 ms to get sharing services async for mask <private>
2026-09-14 12:03:01.253 Df PeachCommander[22178:11efe] [com.apple.WebKit:ProcessSuspension] 0x1310e0180 - [PID=22260, throttler=0x131108220] ProcessThrottler::Activity::invalidate: Ending foreground activity / 'Process initialization'
2026-09-14 12:03:01.398 I  PeachCommander[22178:11f0b] [com.apple.AppKit:WindowTab] Indexing 2 items
2026-09-14 12:03:01.398 A  PeachCommander[22178:11f0b] (CoreSpotlight) end-index-batch
2026-09-14 12:03:01.398 A  PeachCommander[22178:11f0b] (CoreSpotlight) index-items
2026-09-14 12:03:01.398 Df PeachCommander[22178:11f0b] [com.apple.corespotlight:index] CSInlineDonation:<private>: Skipping donation (feature flag disabled)
2026-09-14 12:03:01.398 Df PeachCommander[22178:11f0b] [com.apple.corespotlight:index] CSInlineDonation:<private>: Skipping donation (feature flag disabled)
2026-09-14 12:03:01.459 Df PeachCommander[22178:11efe] (WebKit) WebContent[22261] Installed launch log hook
2026-09-14 12:03:01.467 Df PeachCommander[22178:11efe] [com.apple.WebKit:Process] 0x1310a0680 - [PID=22261] WebProcessProxy::didFinishLaunching:
2026-09-14 12:03:01.467 Df PeachCommander[22178:11efe] [com.apple.WebKit:ProcessSuspension] 0x1310e0420 - [PID=22261, throttler=0x1310a0710] ProcessThrottler::Activity::Activity: Starting foreground activity / 'Lifetime Activity'
2026-09-14 12:03:01.467 Df PeachCommander[22178:11f0b] [com.apple.WebKit:ProcessSuspension] 0x131064220 - ProcessAssertion::acquireSync Trying to take RBS assertion 'Jetsam Boost' for process with PID=22261
2026-09-14 12:03:01.467 I  PeachCommander[22178:11f0b] [com.apple.runningboard:assertion] Acquiring assertion: <RBSAssertionDescriptor| "Jetsam Boost" ID:(null) target:22261<WebProcess22261>>
2026-09-14 12:03:01.467 Df PeachCommander[22178:11efe] [com.apple.WebKit:ProcessSuspension] 0x1310a0710 - [PID=22261] ProcessThrottler::didConnectToProcess
2026-09-14 12:03:01.467 Df PeachCommander[22178:11efe] [com.apple.WebKit:ProcessSuspension] 0x1310a0710 - [PID=22261] ProcessThrottler::setThrottleState: Updating process assertion type to 3 (foregroundActivities=4, backgroundActivities=4)
2026-09-14 12:03:01.467 Df PeachCommander[22178:11efe] [com.apple.WebKit:ProcessSuspension] 0x1310a0680 - [PID=22261] WebProcessProxy::didChangeThrottleState: type=2
2026-09-14 12:03:01.467 Df PeachCommander[22178:11efe] [com.apple.WebKit:ProcessSuspension] 0x1310a0680 - [PID=22261] WebProcessProxy::didChangeThrottleState(Foreground) Taking foreground assertion for network process
2026-09-14 12:03:01.467 Df PeachCommander[22178:11efe] [com.apple.WebKit:ProcessSuspension] 0x1310e00f0 - [PID=22260, throttler=0x131108220] ProcessThrottler::Activity::Activity: Starting foreground activity / 'Networking for foreground view(s)'
2026-09-14 12:03:01.467 Df PeachCommander[22178:11efe] [com.apple.WebKit:ProcessSuspension] 0x1310e0120 - [PID=22259, throttler=0x131100280] ProcessThrottler::Activity::Activity: Starting foreground activity / 'GPU for foreground view(s)'
2026-09-14 12:03:01.467 Df PeachCommander[22178:11efe] [com.apple.WebKit:Process] 0x131108190 - NetworkProcessProxy::sendXPCEndpointToProcess(0x1310a0680) state = 1 has connection = 1 XPC endpoint message = 0x863604400
2026-09-14 12:03:01.467 Df PeachCommander[22178:11efe] [com.apple.WebKit:ProcessSuspension] 0x1310e0420 - [PID=22261, throttler=0x1310a0710] ProcessThrottler::Activity::invalidate: Ending foreground activity / 'Lifetime Activity'
2026-09-14 12:03:01.468 Df PeachCommander[22178:11f0b] [com.apple.WebKit:ProcessSuspension] 0x131064220 - ProcessAssertion::acquireSync Successfully took RBS assertion 'Jetsam Boost' for process with PID=22261
2026-09-14 12:03:01.469 Df PeachCommander[22178:11f0b] [com.apple.WebKit:ProcessSuspension] 0x1311241e0 - ProcessAssertion::acquireSync Trying to take RBS assertion 'WebProcess Foreground Assertion' for process with PID=22261
2026-09-14 12:03:01.469 I  PeachCommander[22178:11f0b] [com.apple.runningboard:assertion] Acquiring assertion: <RBSAssertionDescriptor| "WebProcess Foreground Assertion" ID:(null) target:22261<WebProcess22261>>
2026-09-14 12:03:01.469 Df PeachCommander[22178:11f0b] [com.apple.WebKit:ProcessSuspension] 0x1311241e0 - ProcessAssertion::acquireSync Successfully took RBS assertion 'WebProcess Foreground Assertion' for process with PID=22261
2026-09-14 12:03:01.510 Df PeachCommander[22178:11efe] [com.apple.xpc:connection] WebContent[22261] [0x104cc5d80] activating connection: mach=false listener=true peer=false name=(anonymous)
2026-09-14 12:03:01.510 Df PeachCommander[22178:11efe] [com.apple.xpc:connection] WebContent[22261] [0x104cc5d80] Connection returned listener port: 0x2103
2026-09-14 12:03:01.510 Df PeachCommander[22178:11efe] [com.apple.xpc:connection] WebContent[22261] [0x104cc5ec0] activating connection: mach=false listener=false peer=false name=(anonymous)
2026-09-14 12:03:01.510 Df PeachCommander[22178:11efe] [com.apple.xpc:connection] WebContent[22261] [0x104cc6d30] activating connection: mach=false listener=false peer=true name=com.apple.xpc.anonymous.0x104cc5d80.peer[22261].0x104cc6d30
2026-09-14 12:03:01.526 Df PeachCommander[22178:11efe] (WebKit) WebContent[22261] _dirhelper_update_tmpdir: old=<private>, new=<private>
2026-09-14 12:03:01.563 Df PeachCommander[22178:11efe] [com.apple.xpc:connection] WebContent[22261] [0x708dc8000] activating connection: mach=false listener=false peer=false name=(anonymous)
2026-09-14 12:03:01.566 Df PeachCommander[22178:11efe] [com.apple.WebKit:Loading] WebContent[22261] Received Launch Services database
2026-09-14 12:03:01.569 Df PeachCommander[22178:11efe] [com.apple.WebKit:ProcessSuspension] 0x1310e01e0 - [PID=22261, throttler=0x1310a0710] ProcessThrottler::Activity::invalidate: Ending foreground activity / 'Process initialization'
2026-09-14 12:03:01.569 Df PeachCommander[22178:11efe] [com.apple.WebKit:Process] WebContent[22261] getNetworkProcessConnection: Request connection for core identifier 5
2026-09-14 12:03:01.569 Df PeachCommander[22178:11efe] [com.apple.WebKit:ProcessSuspension] 0x131108190 - NetworkProcessProxy::getNetworkProcessConnection: Taking a background assertion because web process pid 22261 (core identifier 5) is requesting a connection
2026-09-14 12:03:01.580 Df PeachCommander[22178:11efe] [com.apple.WebKit:Process] WebContent[22261] 0x10e070100 - [sessionID=1] WebProcess::initializeLogForwarding: Debug logging enabled: 0
2026-09-14 12:03:01.580 Df PeachCommander[22178:11efe] [com.apple.WebKit:Process] WebContent[22261] WebProcess::platformInitializeWebProcess
2026-09-14 12:03:01.613 Df PeachCommander[22178:11efe] [com.apple.xpc:connection] WebContent[22261] [0x708dc8140] activating connection: mach=true listener=false peer=false name=com.apple.pasteboard.1
2026-09-14 12:03:01.613 Df PeachCommander[22178:11efe] [com.apple.xpc:connection] WebContent[22261] [0x708dc8140] failed to do a bootstrap look-up: xpc_error=[159: Unknown error: 159]
2026-09-14 12:03:01.613 Df PeachCommander[22178:11efe] [com.apple.xpc:connection] WebContent[22261] [0x708dc8140] invalidated after a failed init
2026-09-14 12:03:01.613 E  PeachCommander[22178:11efe] [com.apple.CFPasteboard:general] WebContent[22261] Connection to 'pboard' server had an error: <dictionary: 0x1f7121560> { count = 1, transaction: 0, voucher = 0x0, contents =
	"XPCErrorDescription" => <string: 0x1f71216a0> { string cache = 0x0, length = 18, contents = "Connection invalid" }
}
Invalidation reason: Connection init failed at lookup with error 159 - Sandbox restriction
2026-09-14 12:03:01.613 E  PeachCommander[22178:11efe] [com.apple.CFPasteboard:general] WebContent[22261] Failed to set up CFPasteboardRef 'Apple CFPasteboard general'. Error: <dictionary: 0x1f7121560> { count = 1, transaction: 0, voucher = 0x0, contents =
	"XPCErrorDescription" => <string: 0x1f71216a0> { string cache = 0x0, length = 18, contents = "Connection invalid" }
}
Invalidation reason: Connection init failed at lookup with error 159 - Sandbox restriction
2026-09-14 12:03:01.616 E  PeachCommander[22178:11efe] [com.apple.CFPasteboard:general] WebContent[22261] Failed to set up CFPasteboardRef 'Apple CFPasteboard general'. Error: <dictionary: 0x1f7121560> { count = 1, transaction: 0, voucher = 0x0, contents =
	"XPCErrorDescription" => <string: 0x1f71216a0> { string cache = 0x0, length = 18, contents = "Connection invalid" }
}
Invalidation reason: Connection init failed at lookup with error 159 - Sandbox restriction
2026-09-14 12:03:01.621 Df PeachCommander[22178:11efe] [com.apple.xpc:connection] WebContent[22261] [0x708dc8280] activating connection: mach=true listener=false peer=false name=com.apple.distributed_notifications@Uv3
2026-09-14 12:03:01.621 Df PeachCommander[22178:11efe] [com.apple.xpc:connection] WebContent[22261] [0x708dc8280] failed to do a bootstrap look-up: xpc_error=[159: Unknown error: 159]
2026-09-14 12:03:01.621 Df PeachCommander[22178:11efe] [com.apple.xpc:connection] WebContent[22261] [0x708dc8280] invalidated after a failed init
2026-09-14 12:03:01.628 Df PeachCommander[22178:11efe] [com.apple.AppKit:AutomaticTermination] WebContent[22261] void _NSDisableAutomaticTerminationAndLog(NSString *) No windows open yet
2026-09-14 12:03:01.638 Df PeachCommander[22178:11efe] [com.apple.xpc:connection] WebContent[22261] [0x708dc83c0] activating connection: mach=true listener=false peer=false name=com.apple.tccd.system
2026-09-14 12:03:01.638 Df PeachCommander[22178:11efe] [com.apple.xpc:connection] WebContent[22261] [0x708dc83c0] failed to do a bootstrap look-up: xpc_error=[159: Unknown error: 159]
2026-09-14 12:03:01.638 Df PeachCommander[22178:11efe] [com.apple.xpc:connection] WebContent[22261] [0x708dc83c0] invalidated after a failed init
2026-09-14 12:03:01.638 Df PeachCommander[22178:11efe] [com.apple.TCC:access] WebContent[22261] send_message_with_reply_sync(): user tccd unavailable, sending 0x7090a0480 to system tccd
2026-09-14 12:03:01.638 Df PeachCommander[22178:11efe] [com.apple.xpc:connection] WebContent[22261] [0x708dc8500] activating connection: mach=true listener=false peer=false name=com.apple.tccd.system
2026-09-14 12:03:01.638 Df PeachCommander[22178:11efe] [com.apple.xpc:connection] WebContent[22261] [0x708dc8500] failed to do a bootstrap look-up: xpc_error=[159: Unknown error: 159]
2026-09-14 12:03:01.638 Df PeachCommander[22178:11efe] [com.apple.xpc:connection] WebContent[22261] [0x708dc8500] invalidated after a failed init
2026-09-14 12:03:01.638 E  PeachCommander[22178:11efe] [com.apple.TCC:access] WebContent[22261] send_message_with_reply_sync(): XPC_ERROR_CONNECTION_INVALID for message 0x7090a0480
2026-09-14 12:03:01.638 E  PeachCommander[22178:11efe] [com.apple.TCC:access] WebContent[22261] TCCAccessRequest_block_invoke: Connection invalid
2026-09-14 12:03:01.651 Df PeachCommander[22178:11efe] [com.apple.SkyLight:default] WebContent[22261] Set a breakpoint at SLSLogBreak to catch errors/faults as they are logged.
2026-09-14 12:03:01.651 E  PeachCommander[22178:11efe] [com.apple.SkyLight:default] WebContent[22261] Conn 0x0 is not a valid connection ID.
2026-09-14 12:03:01.651 E  PeachCommander[22178:11efe] [com.apple.SkyLight:default] WebContent[22261] Conn 0x0 is not a valid connection ID.
2026-09-14 12:03:01.651 E  PeachCommander[22178:11efe] [com.apple.SkyLight:default] WebContent[22261] Conn 0x0 is not a valid connection ID.
2026-09-14 12:03:01.652 E  PeachCommander[22178:11efe] [com.apple.launchservices:cas] WebContent[22261] CONNECT: Attempt to connect to launchservicesd prohibited because kLSServerConnectionStatusProcessIsDaemonMask is set.
2026-09-14 12:03:01.657 E  PeachCommander[22178:11efe] [com.apple.launchservices:cas] WebContent[22261] CRASHSTRING: rdar://problem/28724618 Couldn't connect to launchservicesd.
2026-09-14 12:03:01.679 Df PeachCommander[22178:11efe] [com.apple.AppKit:Appearance] WebContent[22261] Current system appearance, (HLTB: 1), (SLS: 0)
2026-09-14 12:03:01.719 E  PeachCommander[22178:11efe] (WebKit) WebContent[22261] invalid product id '(null)'
2026-09-14 12:03:01.720 Df PeachCommander[22178:11efe] (WebKit) WebContent[22261] No persisted cache on this platform.
2026-09-14 12:03:01.724 Df PeachCommander[22178:11efe] (WebKit) WebContent[22261] EAN is not supported on this device. Building default policy.
2026-09-14 12:03:01.724 Df PeachCommander[22178:11efe] (WebKit) WebContent[22261] Creating default MGSysConfigPolicy
2026-09-14 12:03:01.724 Df PeachCommander[22178:11efe] (WebKit) WebContent[22261] Unable to read diagnostic data from service
2026-09-14 12:03:01.724 Df PeachCommander[22178:11efe] (WebKit) WebContent[22261] CFDictionaryRef copySyscfgDictionary(void) enumeration of <private> failed.
2026-09-14 12:03:01.724 Df PeachCommander[22178:11efe] (WebKit) WebContent[22261] CFDictionaryRef copySyscfgDictionary(void) enumeration of <private> failed.
2026-09-14 12:03:01.724 Df PeachCommander[22178:11efe] (WebKit) WebContent[22261] Failed to find key <private>
2026-09-14 12:03:01.725 Df PeachCommander[22178:11efe] [com.apple.AppKit:Appearance] WebContent[22261] Current system appearance, (HLTB: 1), (SLS: 0)
2026-09-14 12:03:01.727 Df PeachCommander[22178:11efe] [com.apple.AppKit:Appearance] WebContent[22261] Post-registration system appearance: (HLTB: 1)
2026-09-14 12:03:01.733 E  PeachCommander[22178:11efe] [com.apple.CarbonCore:sharedcache] WebContent[22261] checkinWithServer Failed bootstrap_lookup2 for name of coreservicesd, kern_return_t=#1100/0x44c Permission denied name=com.apple.CoreServices.coreservicesd
2026-09-14 12:03:01.750 Df PeachCommander[22178:11efe] [com.apple.FrontBoard:Common] WebContent[22261] FBSWorkspace: endpoint monitoring is disabled.
2026-09-14 12:03:01.750 Df PeachCommander[22178:11efe] [com.apple.FrontBoard:Common] WebContent[22261] FBSWorkspace: default shell endpoint is disabled.
2026-09-14 12:03:01.752 Df PeachCommander[22178:11efe] [com.apple.runningboard:connection] WebContent[22261] Initializing connection
2026-09-14 12:03:01.753 Df PeachCommander[22178:11efe] [com.apple.runningboard:process] WebContent[22261] Removing all cached process handles
2026-09-14 12:03:01.753 Df PeachCommander[22178:11efe] [com.apple.runningboard:connection] WebContent[22261] Sending handshake request attempt #1 to server
2026-09-14 12:03:01.753 E  PeachCommander[22178:11efe] [com.apple.runningboard:connection] WebContent[22261] The sandbox in this process does not allow access to RunningBoard.
2026-09-14 12:03:01.753 E  PeachCommander[22178:11efe] [com.apple.runningboard:connection] WebContent[22261] Handshake aborted as the connection has been invalidated
2026-09-14 12:03:01.758 E  PeachCommander[22178:11efe] [com.apple.SkyLight:default] WebContent[22261] Conn 0x0 is not a valid connection ID.
2026-09-14 12:03:01.766 E  PeachCommander[22178:11efe] [com.apple.SkyLight:default] WebContent[22261] Conn 0x0 is not a valid connection ID.
2026-09-14 12:03:01.766 Df PeachCommander[22178:11efe] [com.apple.SkyLight:default] WebContent[22261] Invalid Connection ID 0
2026-09-14 12:03:01.766 E  PeachCommander[22178:11efe] [com.apple.SkyLight:default] WebContent[22261] Conn 0x0 is not a valid connection ID.
2026-09-14 12:03:01.766 E  PeachCommander[22178:11efe] [com.apple.SkyLight:default] WebContent[22261] Conn 0x0 is not a valid connection ID.
2026-09-14 12:03:01.766 E  PeachCommander[22178:11efe] [com.apple.SkyLight:default] WebContent[22261] Conn 0x0 is not a valid connection ID.
2026-09-14 12:03:01.766 E  PeachCommander[22178:11efe] [com.apple.SkyLight:default] WebContent[22261] Conn 0x0 is not a valid connection ID.
2026-09-14 12:03:01.852 E  PeachCommander[22178:11efe] [com.apple.appintents:Connection] WebContent[22261] Missing com.apple.linkd.application-service / com.apple.linkd.autoShortcut mach-lookup entitlement, will NOT register the process
2026-09-14 12:03:01.852 E  PeachCommander[22178:11efe] [com.apple.AppKit:Application] WebContent[22261] Error registering app with intents framework: Error Domain=LNProcessInstanceRegistryClientErrorDomain Code=1
2026-09-14 12:03:01.902 Df PeachCommander[22178:11efe] [com.apple.WebKit:Process] WebContent[22261] 0x10e070100 - [sessionID=1] WebProcess::initializeWebProcess: Presenting processPID=22178
2026-09-14 12:03:01.902 Df PeachCommander[22178:11efe] [com.apple.WebKit:Process] WebContent[22261] WebProcess::registerFontMap
2026-09-14 12:03:01.905 Df PeachCommander[22178:11efe] [com.apple.WebKit:Loading] WebContent[22261] 0x104cccd58 - [webPageID=6] WebPage::constructor:
2026-09-14 12:03:01.931 Df PeachCommander[22178:11efe] [com.apple.WebKit:ResourceLoading] WebContent[22261] [pageID=6 frameID=4294967297 isMainFrame=1] FrameLoader::setPolicyDocumentLoader: Setting policy document loader to 4547588096 (was 0)
2026-09-14 12:03:01.931 Df PeachCommander[22178:11efe] [com.apple.WebKit:Network] WebContent[22261] [pageID=6, frameID=4294967297, isMainFrame=1] DocumentLoader::attachToFrame
2026-09-14 12:03:01.931 Df PeachCommander[22178:11efe] [com.apple.WebKit:ResourceLoading] WebContent[22261] [pageID=6 frameID=4294967297 isMainFrame=1] FrameLoader::setProvisionalDocumentLoader: Setting provisional document loader to 4547588096 (was 0)
2026-09-14 12:03:01.931 Df PeachCommander[22178:11efe] [com.apple.WebKit:ResourceLoading] WebContent[22261] [pageID=6 frameID=4294967297 isMainFrame=1] FrameLoader::setDocumentLoader: Setting document loader to 4547588096 (was 0)
2026-09-14 12:03:01.931 Df PeachCommander[22178:11efe] [com.apple.WebKit:ResourceLoading] WebContent[22261] [pageID=6 frameID=4294967297 isMainFrame=1] FrameLoader::transitionToCommitted: Clearing provisional document loader (m_provisionalDocumentLoader=4547588096)
2026-09-14 12:03:01.931 Df PeachCommander[22178:11efe] [com.apple.WebKit:ResourceLoading] WebContent[22261] [pageID=6 frameID=4294967297 isMainFrame=1] FrameLoader::setProvisionalDocumentLoader: Setting provisional document loader to 0 (was 4547588096)
2026-09-14 12:03:01.935 Df PeachCommander[22178:11efe] [com.apple.AppKit:Appearance] WebContent[22261] NSApp cache appearance:
-NSRequiresAquaSystemAppearance: 0
-appearance: (null)
-effectiveAppearance: <NSCompositeAppearance: 0x708d64780
 (
    "<NSAquaAppearance: 0x708d64820>",
    "<NSSystemAppearance: 0x708d64640>"
)>
2026-09-14 12:03:01.941 Df PeachCommander[22178:11efe] [com.apple.WebKit:ProcessSuspension] WebContent[22261] [webPageID=6] WebPage::unfreezeLayerTree: Removing a reason to freeze layer tree (reason=128, new=0, old=0)
2026-09-14 12:03:02.020 Df PeachCommander[22178:11efe] [com.apple.WebKit:Network] WebContent[22261] [pageID=6, frameID=4294967297, isMainFrame=1] DocumentLoader::startLoadingMainResource: Returning empty document
2026-09-14 12:03:02.020 Df PeachCommander[22178:11efe] [com.apple.WebKit:ResourceLoading] WebContent[22261] [pageID=6 frameID=4294967297 isMainFrame=1] FrameLoader::setPolicyDocumentLoader: Setting policy document loader to 0 (was 4547588096)
2026-09-14 12:03:02.023 Df PeachCommander[22178:11efe] [com.apple.WebKit:ProcessSuspension] WebContent[22261] [webPageID=6] WebPage::unfreezeLayerTree: Removing a reason to freeze layer tree (reason=1, new=0, old=0)
2026-09-14 12:03:02.023 Df PeachCommander[22178:11efe] [com.apple.WebKit:Layout] WebContent[22261] [webFrameID=4294967297, webPageID=6] WebLocalFrameLoaderClient::completePageTransitionIfNeeded: dispatching didCompletePageTransition
2026-09-14 12:03:02.023 Df PeachCommander[22178:11efe] [com.apple.WebKit:ResourceLoading] WebContent[22261] [pageID=6 frameID=4294967297 isMainFrame=1] FrameLoader::setState: main frame load completed
2026-09-14 12:03:02.023 Df PeachCommander[22178:11efe] [com.apple.WebKit:PerformanceLogging] WebContent[22261] Memory usage info dump at MainFrameLoadCompleted:
2026-09-14 12:03:02.023 Df PeachCommander[22178:11efe] [com.apple.WebKit:PerformanceLogging] WebContent[22261]   page_count: 1
2026-09-14 12:03:02.023 Df PeachCommander[22178:11efe] [com.apple.WebKit:PerformanceLogging] WebContent[22261]   backforward_cache_page_count: 0
2026-09-14 12:03:02.023 Df PeachCommander[22178:11efe] [com.apple.WebKit:PerformanceLogging] WebContent[22261]   document_count: 1
2026-09-14 12:03:02.023 Df PeachCommander[22178:11efe] [com.apple.WebKit:PerformanceLogging] WebContent[22261]   javascript_gc_heap_capacity_mb: 0
2026-09-14 12:03:02.023 Df PeachCommander[22178:11efe] [com.apple.WebKit:PerformanceLogging] WebContent[22261]   javascript_gc_heap_extra_memory_size_mb: 0
2026-09-14 12:03:02.023 Df PeachCommander[22178:11efe] [com.apple.WebKit:PerformanceLogging] WebContent[22261]   internal_mb: 9
2026-09-14 12:03:02.023 Df PeachCommander[22178:11efe] [com.apple.WebKit:PerformanceLogging] WebContent[22261]   compressed_mb: 0
2026-09-14 12:03:02.023 Df PeachCommander[22178:11efe] [com.apple.WebKit:PerformanceLogging] WebContent[22261]   phys_footprint_mb: 10
2026-09-14 12:03:02.023 Df PeachCommander[22178:11efe] [com.apple.WebKit:PerformanceLogging] WebContent[22261]   resident_size_mb: 33
2026-09-14 12:03:02.023 Df PeachCommander[22178:11efe] [com.apple.WebKit:PerformanceLogging] WebContent[22261]   virtual_size_mb: 495979
2026-09-14 12:03:02.023 Df PeachCommander[22178:11efe] [com.apple.WebKit:Process] WebContent[22261] WebPage::platformInitializeAccessibility shouldInitializeNSAccessibility = 0
2026-09-14 12:03:02.024 Df PeachCommander[22178:11efe] [com.apple.WebKit:Process] WebContent[22261] WebPage::platformInitializeAccessibility deferring token transfer for pageID=6
2026-09-14 12:03:02.046 Df PeachCommander[22178:11efe] [com.apple.WebKit:PerformanceLogging] WebContent[22261] PerformanceMonitor::measureCPUUsageInActivityState: Process is using 100.0% CPU in state: VisibleNonActive
2026-09-14 12:03:02.047 Df PeachCommander[22178:11efe] [com.apple.WebKit:Process] WebContent[22261] 0x104cccd58 - [webPageID=6] WebPage::registerURLSchemeHandler: Registered handler 7 for the '<private>' scheme
2026-09-14 12:03:02.047 Df PeachCommander[22178:11efe] [com.apple.WebKit:ActivityState] WebContent[22261] 0x10e041820 - UserActivity::Impl::beginActivity: description=App nap disabled for page due to user activity
2026-09-14 12:03:02.047 Df PeachCommander[22178:11efe] [com.apple.WebKit:Loading] WebContent[22261] 0x104cccd58 - [webPageID=6] WebPage::loadData: navigationID=12, shouldTreatAsContinuingLoad=0
2026-09-14 12:03:02.047 Df PeachCommander[22178:11efe] [com.apple.WebKit:ResourceLoading] WebContent[22261] [pageID=6 frameID=4294967297 isMainFrame=1] FrameLoader::load (FrameLoadRequest): frame load started
2026-09-14 12:03:02.047 Df PeachCommander[22178:11efe] [com.apple.WebKit:ResourceLoading] WebContent[22261] [pageID=6 frameID=4294967297 isMainFrame=1] FrameLoader::load (DocumentLoader): frame load started
2026-09-14 12:03:02.047 Df PeachCommander[22178:11efe] [com.apple.WebKit:ResourceLoading] WebContent[22261] [pageID=6 frameID=4294967297 isMainFrame=1] FrameLoader::loadWithDocumentLoader: frame load started
2026-09-14 12:03:02.047 Df PeachCommander[22178:11efe] [com.apple.WebKit:ResourceLoading] WebContent[22261] [pageID=6 frameID=4294967297 isMainFrame=1] FrameLoader::loadWithDocumentLoader: main frame load started
2026-09-14 12:03:02.047 Df PeachCommander[22178:11efe] [com.apple.WebKit:PerformanceLogging] WebContent[22261] Memory usage info dump at MainFrameLoadStarted:
2026-09-14 12:03:02.047 Df PeachCommander[22178:11efe] [com.apple.WebKit:PerformanceLogging] WebContent[22261]   page_count: 1
2026-09-14 12:03:02.047 Df PeachCommander[22178:11efe] [com.apple.WebKit:PerformanceLogging] WebContent[22261]   backforward_cache_page_count: 0
2026-09-14 12:03:02.047 Df PeachCommander[22178:11efe] [com.apple.WebKit:PerformanceLogging] WebContent[22261]   document_count: 1
2026-09-14 12:03:02.047 Df PeachCommander[22178:11efe] [com.apple.WebKit:PerformanceLogging] WebContent[22261]   javascript_gc_heap_capacity_mb: 0
2026-09-14 12:03:02.047 Df PeachCommander[22178:11efe] [com.apple.WebKit:PerformanceLogging] WebContent[22261]   javascript_gc_heap_extra_memory_size_mb: 0
2026-09-14 12:03:02.047 Df PeachCommander[22178:11efe] [com.apple.WebKit:PerformanceLogging] WebContent[22261]   internal_mb: 9
2026-09-14 12:03:02.047 Df PeachCommander[22178:11efe] [com.apple.WebKit:PerformanceLogging] WebContent[22261]   compressed_mb: 0
2026-09-14 12:03:02.047 Df PeachCommander[22178:11efe] [com.apple.WebKit:PerformanceLogging] WebContent[22261]   phys_footprint_mb: 10
2026-09-14 12:03:02.047 Df PeachCommander[22178:11efe] [com.apple.WebKit:PerformanceLogging] WebContent[22261]   resident_size_mb: 34
2026-09-14 12:03:02.047 Df PeachCommander[22178:11efe] [com.apple.WebKit:PerformanceLogging] WebContent[22261]   virtual_size_mb: 495979
2026-09-14 12:03:02.047 Df PeachCommander[22178:11efe] [com.apple.WebKit:ResourceLoading] WebContent[22261] [pageID=6 frameID=4294967297 isMainFrame=1] FrameLoader::setPolicyDocumentLoader: Setting policy document loader to 4547592192 (was 0)
2026-09-14 12:03:02.047 Df PeachCommander[22178:11efe] [com.apple.WebKit:Network] WebContent[22261] [pageID=6, frameID=4294967297, isMainFrame=1] DocumentLoader::attachToFrame
2026-09-14 12:03:02.063 E  PeachCommander[22178:11efe] (WebKit) WebContent[22261] networkd_settings_read_from_file_locked Sandbox is preventing this process from reading networkd settings file at "/Library/Preferences/com.apple.networkd.plist", please add an exception.
2026-09-14 12:03:02.063 E  PeachCommander[22178:11efe] (WebKit) WebContent[22261] networkd_settings_read_from_file_locked Sandbox is preventing this process from reading networkd settings file at "/Library/Preferences/com.apple.networkd.plist", please add an exception.
2026-09-14 12:03:02.069 Df PeachCommander[22178:11efe] [com.apple.WebKit:Loading] 0x863600018 - [pageProxyID=5, webPageID=6, PID=22261] WebPageProxy::decidePolicyForNavigationAction: frameID=4294967297, isMainFrame=1, navigationID=12
2026-09-14 12:03:02.069 I  PeachCommander[22178:11efe] [com.apple.Safari.SafeBrowsing:Lookup] Look up a url
2026-09-14 12:03:02.070 Df PeachCommander[22178:11efe] [com.apple.WebKit:AppSSO] 0x1310580f0 - SOAuthorizationCoordinator::tryAuthorize
2026-09-14 12:03:02.070 A  PeachCommander[22178:11efe] (AppSSO) canPerformAuthorizationWithURL
2026-09-14 12:03:02.070 A  PeachCommander[22178:11efe] (AppSSOCore) canPerformAuthorizationWithURL
2026-09-14 12:03:02.070 Df PeachCommander[22178:11efe] [com.apple.authkit:nto] Fetching native takeover URLs
2026-09-14 12:03:02.070 Df PeachCommander[22178:11efe] [com.apple.xpc:connection] [0x86368c140] activating connection: mach=true listener=false peer=false name=com.apple.ak.authorizationservices.xpc
2026-09-14 12:03:02.070 I  PeachCommander[22178:11efe] [com.apple.CFNetwork:Default] TLD info from asset location is unavailable or too old. Falling back to builtin
2026-09-14 12:03:02.070 Df PeachCommander[22178:11f0b] [com.apple.authkit:nto] URL shouldn't be processed
2026-09-14 12:03:02.070 Df PeachCommander[22178:11f0b] [com.apple.AppSSO:SOConfigurationClient] -[SOConfigurationClient init]  on <private>
2026-09-14 12:03:02.070 Df PeachCommander[22178:11f0b] [com.apple.xpc:connection] [0x86368c8c0] activating connection: mach=true listener=false peer=false name=com.apple.AppSSO.service-xpc
2026-09-14 12:03:02.070 Df PeachCommander[22178:11f0b] [com.apple.AppSSO:SOServiceConnection] <SOServiceConnection: 0x8646bdd20>: new XPC connection
2026-09-14 12:03:02.070 Df PeachCommander[22178:11efe] [com.apple.WebKit:Loading] beginSafeBrowsingCheck: no threat, completing navigationID=12
2026-09-14 12:03:02.070 Df PeachCommander[22178:11efe] [com.apple.WebKit:AppSSO] SOAuthorizationCoordinator::tryAuthorize: The requested URL is not registered for AppSSO handling. No further action needed.
2026-09-14 12:03:02.071 Df PeachCommander[22178:11efe] [com.apple.WebKit:Loading] 0x863600018 - [pageProxyID=5, webPageID=6, PID=22261] WebPageProxy::decidePolicyForNavigationAction: listener called: frameID=4294967297, isMainFrame=1, navigationID=12, policyAction=Use, isAppBoundDomain=0, wasNavigationIntercepted=0
2026-09-14 12:03:02.071 Df PeachCommander[22178:11efe] [com.apple.WebKit:Loading] 0x863600018 - [pageProxyID=5, webPageID=6, PID=22261] WebPageProxy::receivedNavigationActionPolicyDecision: frameID=4294967297, isMainFrame=1, navigationID=12, policyAction=Use
2026-09-14 12:03:02.071 Df PeachCommander[22178:11efe] [com.apple.WebKit:ProcessSwapping] 0x863600018 - [pageProxyID=5, webPageID=6, PID=22261] WebPageProxy::decidePolicyForNavigationAction: keep using process 22261 for navigation, reason=Process has not yet committed any provisional loads
2026-09-14 12:03:02.071 Df PeachCommander[22178:11efe] [com.apple.WebKit:Process] 0x1310a0680 - [PID=22261] WebProcessProxy::canTerminateAuxiliaryProcess: returns false (pageCount=1, remotePageCount=0, provisionalPageCount=0, suspendedPageCount=0, m_isInProcessCache=0, m_shutdownPreventingScopeCounter=0)
2026-09-14 12:03:02.076 Df PeachCommander[22178:11efe] [com.apple.xpc:connection] WebContent[22261] [0x708dc8640] activating connection: mach=true listener=false peer=false name=com.apple.audio.AudioComponentRegistrar
2026-09-14 12:03:02.076 Df PeachCommander[22178:11efe] [com.apple.xpc:connection] WebContent[22261] [0x708dc8640] failed to do a bootstrap look-up: xpc_error=[1: Operation not permitted]
2026-09-14 12:03:02.076 Df PeachCommander[22178:11efe] [com.apple.xpc:connection] WebContent[22261] [0x708dc8640] invalidated after a failed init
2026-09-14 12:03:02.076 Df PeachCommander[22178:11efe] [com.apple.coreaudio:audiocomp] WebContent[22261] AudioComponentPluginMgr.mm:326   registration server connection invalidated
2026-09-14 12:03:02.079 E  PeachCommander[22178:11efe] [com.apple.coreaudio:audiocomp] WebContent[22261] AudioComponentPluginMgr.mm:590   reg server remote proxy error Error Domain=NSCocoaErrorDomain Code=4099 "The connection to service named com.apple.audio.AudioComponentRegistrar was invalidated: Connection init failed at lookup with error 1 - Operation not permitted." UserInfo={NSDebugDescription=The connection to service named com.apple.audio.AudioComponentRegistrar was invalidated: Connection init failed at lookup with error 1 - Operation not permitted.}
2026-09-14 12:03:02.088 Df PeachCommander[22178:11efe] [com.apple.xpc:connection] WebContent[22261] [0x708dc8500] activating connection: mach=false listener=false peer=false name=com.apple.audio.SandboxHelper
2026-09-14 12:03:02.088 Df PeachCommander[22178:11efe] [com.apple.xpc:connection] WebContent[22261] [0x708dc8500] failed to do a bootstrap look-up: xpc_error=[1: Operation not permitted]
2026-09-14 12:03:02.088 Df PeachCommander[22178:11efe] [com.apple.xpc:connection] WebContent[22261] [0x708dc8500] invalidated after a failed init
2026-09-14 12:03:02.088 Df PeachCommander[22178:11efe] (WebKit) WebContent[22261]   SandboxHelperClient.cpp:120    IsComponentSandboxSafeInThisProcess: the XPC service was invalid
2026-09-14 12:03:02.088 Df PeachCommander[22178:11efe] (WebKit) WebContent[22261]   SandboxHelperClient.cpp:120    IsComponentSandboxSafeInThisProcess: the XPC service was invalid
2026-09-14 12:03:02.091 Df PeachCommander[22178:11efe] [com.apple.WebKit:PerformanceLogging] WebContent[22261] PerformanceMonitor::measureCPUUsageInActivityState: Process is using 100.4% CPU in state: NonVisible
2026-09-14 12:03:02.093 Df PeachCommander[22178:11efe] [com.apple.WebKit:Process] WebContent[22261] Disabling launch log hook
2026-09-14 12:03:02.093 Df PeachCommander[22178:11efe] [com.apple.WebKit:Process] Log endpoint is disabled
2026-09-14 12:03:02.095 Df PeachCommander[22178:11ffb] [com.apple.WebKit:Network] WebContent[22261]: [webFrameID=4294967297, webPageID=6] WebFrameLoaderClient::dispatchDecidePolicyForNavigationAction: Got policyAction Use from async IPC
2026-09-14 12:03:02.095 Df PeachCommander[22178:11ffb] [com.apple.WebKit:Loading] WebContent[22261] 0x10e13c240 - [pageID=6, frameID=4294967297] PolicyChecker::checkNavigationPolicy: continuing because this policyAction from dispatchDecidePolicyForNavigationAction is Use
2026-09-14 12:03:02.095 Df PeachCommander[22178:11ffb] [com.apple.WebKit:ResourceLoading] WebContent[22261]: [pageID=6 frameID=4294967297 isMainFrame=1] FrameLoader::stopAllLoaders: m_provisionalDocumentLoader=0, m_documentLoader=4547588096
2026-09-14 12:03:02.095 Df PeachCommander[22178:11ffb] [com.apple.WebKit:Network] WebContent[22261]: [pageID=6, frameID=4294967297, isMainFrame=1] DocumentLoader::stopLoading
2026-09-14 12:03:02.095 Df PeachCommander[22178:11ffb] [com.apple.WebKit:ResourceLoading] WebContent[22261]: [pageID=6 frameID=4294967297 isMainFrame=1] FrameLoader::setProvisionalDocumentLoader: Setting provisional document loader to 4547592192 (was 0)
2026-09-14 12:03:02.095 Df PeachCommander[22178:11ffb] [com.apple.WebKit:ResourceLoading] WebContent[22261]: [pageID=6 frameID=4294967297 isMainFrame=1] FrameLoader::continueLoadAfterNavigationPolicy: Setting provisional document loader (m_provisionalDocumentLoader=4547592192)
2026-09-14 12:03:02.095 Df PeachCommander[22178:11ffb] [com.apple.WebKit:ProcessSuspension] WebContent[22261]: [webPageID=6] WebPage::freezeLayerTree: Adding a reason to freeze layer tree (reason=1, new=1, old=0)
2026-09-14 12:03:02.095 Df PeachCommander[22178:11ffb] [com.apple.WebKit:ResourceLoading] WebContent[22261]: [pageID=6 frameID=4294967297 isMainFrame=1] FrameLoader::setPolicyDocumentLoader: Setting policy document loader to 0 (was 4547592192)
2026-09-14 12:03:02.095 Df PeachCommander[22178:11ffb] [com.apple.WebKit:ResourceLoading] WebContent[22261]: [pageID=6 frameID=4294967297 isMainFrame=1] FrameLoader::prepareForLoadStart: Starting frame load
2026-09-14 12:03:02.095 Df PeachCommander[22178:11ffb] [com.apple.WebKit:Network] WebContent[22261]: ProgressTracker::progressStarted: frameID 4294967297, value 0.100000, tracked frames 1, originating frameID 4294967297, isMainLoad 1
2026-09-14 12:03:02.095 Df PeachCommander[22178:11ffb] [com.apple.WebKit:Network] WebContent[22261]: [pageID=6, frameID=4294967297, isMainFrame=1] DocumentLoader::startLoadingMainResource: Starting load
2026-09-14 12:03:02.095 Df PeachCommander[22178:11ffb] [com.apple.WebKit:Network] WebContent[22261] 0x10f0ec000 - [pageID=6, frameID=4294967297, isMainFrame=1] DocumentLoader::startLoadingMainResource: Returning substitute data
2026-09-14 12:03:02.095 Df PeachCommander[22178:11ffb] [com.apple.WebKit:Network] WebContent[22261] 0x10f0ec000 - [pageID=6, frameID=4294967297, isMainFrame=1] DocumentLoader::startLoadingMainResource callback: Load canceled because of substitute data
2026-09-14 12:03:02.095 Df PeachCommander[22178:11efe] [com.apple.WebKit:ActivityState] PageClientImpl 0x1310980e0 isViewVisible(): viewWindow 0x866bcc780, window visible 1, view hidden 0, window occluded 0
2026-09-14 12:03:02.095 Df PeachCommander[22178:11efe] [com.apple.WebKit:ActivityState] PageClientImpl 0x1310980e0 isViewVisible(): viewWindow 0x866bcc780, window visible 1, view hidden 0, window occluded 0
2026-09-14 12:03:02.095 Df PeachCommander[22178:11ffb] [com.apple.SkyLight:default] WebContent[22261] Failed to look up the port for "com.apple.windowserver.active" (1)
2026-09-14 12:03:02.095 Df PeachCommander[22178:11efe] [com.apple.WebKit:Loading] 0x863600018 - [pageProxyID=5, webPageID=6, PID=22261] WebPageProxy::didStartProvisionalLoadForFrame: frameID=4294967297, isMainFrame=1
2026-09-14 12:03:02.095 Df PeachCommander[22178:11efe] [com.apple.WebKit:Loading] 0x1310a0680 - [PID=22261] WebProcessProxy::didStartProvisionalLoadForMainFrame:
2026-09-14 12:03:02.095 Df PeachCommander[22178:11efe] [com.apple.WebKit:ActivityState] PageClientImpl 0x1310980e0 isViewVisible(): viewWindow 0x866bcc780, window visible 1, view hidden 0, window occluded 0
2026-09-14 12:03:02.095 Df PeachCommander[22178:11efe] [com.apple.WebKit:ActivityState] PageClientImpl 0x1310980e0 isViewVisible(): viewWindow 0x866bcc780, window visible 1, view hidden 0, window occluded 0
2026-09-14 12:03:02.098 Df PeachCommander[22178:11ffb] [com.apple.WebKit:ResourceLoading] WebContent[22261]: [pageID=6 frameID=4294967297 isMainFrame=1] FrameLoader::setDocumentLoader: Setting document loader to 4547592192 (was 4547588096)
2026-09-14 12:03:02.098 Df PeachCommander[22178:11ffb] [com.apple.WebKit:Network] WebContent[22261]: [pageID=6, frameID=4294967297, isMainFrame=1] DocumentLoader::detachFromFrame
2026-09-14 12:03:02.098 Df PeachCommander[22178:11ffb] [com.apple.WebKit:Network] WebContent[22261]: [pageID=6, frameID=4294967297, isMainFrame=1] DocumentLoader::stopLoading
2026-09-14 12:03:02.098 Df PeachCommander[22178:11ffb] [com.apple.WebKit:ResourceLoading] WebContent[22261]: [pageID=6 frameID=4294967297 isMainFrame=1] FrameLoader::transitionToCommitted: Clearing provisional document loader (m_provisionalDocumentLoader=4547592192)
2026-09-14 12:03:02.098 Df PeachCommander[22178:11ffb] [com.apple.WebKit:ResourceLoading] WebContent[22261]: [pageID=6 frameID=4294967297 isMainFrame=1] FrameLoader::setProvisionalDocumentLoader: Setting provisional document loader to 0 (was 4547592192)
2026-09-14 12:03:02.098 E  PeachCommander[22178:11ffb] [com.apple.WebKit:ResourceLoadStatistics] WebContent[22261] Unable to hide query parameters from script (missing data)
2026-09-14 12:03:02.098 Df PeachCommander[22178:11ffb] [com.apple.WebKit:ProcessSuspension] WebContent[22261]: [webPageID=6] WebPage::unfreezeLayerTree: Removing a reason to freeze layer tree (reason=128, new=1, old=1)
2026-09-14 12:03:02.098 Df PeachCommander[22178:11ffb] [com.apple.WebKit:ProcessSuspension] WebContent[22261]: [webPageID=6] WebPage::unfreezeLayerTree: Removing a reason to freeze layer tree (reason=128, new=1, old=1)
2026-09-14 12:03:02.101 Df PeachCommander[22178:11ffb] [com.apple.WebKit:ProcessSuspension] WebContent[22261]: [webPageID=6] WebPage::unfreezeLayerTree: Removing a reason to freeze layer tree (reason=32, new=1, old=1)
2026-09-14 12:03:02.101 Df PeachCommander[22178:11efe] [com.apple.WebKit:Loading] 0x863600018 - [pageProxyID=5, webPageID=6, PID=22261] WebPageProxy::didCommitLoadForFrame: frameID=4294967297, isMainFrame=1
2026-09-14 12:03:02.101 Df PeachCommander[22178:11efe] [com.apple.WebKit:ActivityState] PageClientImpl 0x1310980e0 isViewVisible(): viewWindow 0x866bcc780, window visible 1, view hidden 0, window occluded 0
2026-09-14 12:03:02.101 Df PeachCommander[22178:11efe] [com.apple.WebKit:ActivityState] PageClientImpl 0x1310980e0 isViewVisible(): viewWindow 0x866bcc780, window visible 1, view hidden 0, window occluded 0
2026-09-14 12:03:02.115 Df PeachCommander[22178:11ffb] [com.apple.WebKit:ProcessSuspension] WebContent[22261]: [webPageID=6] WebPage::unfreezeLayerTree: Removing a reason to freeze layer tree (reason=1, new=0, old=1)
2026-09-14 12:03:02.115 Df PeachCommander[22178:11ffb] [com.apple.WebKit:Layout] WebContent[22261]: [pageID=6, frameID=4294967297, isMainFrame=1] LocalFrameView::fireLayoutRelatedMilestonesIfNeeded: Firing first visually non-empty layout milestone on the main frame
2026-09-14 12:03:02.115 Df PeachCommander[22178:11ffb] [com.apple.WebKit:Layout] WebContent[22261]: [webFrameID=4294967297, webPageID=6] WebLocalFrameLoaderClient::dispatchDidReachLayoutMilestone: dispatching DidReachLayoutMilestone (milestones=DidFirstVisuallyNonEmptyLayout)
2026-09-14 12:03:02.115 Df PeachCommander[22178:11ffb] [com.apple.WebKit:Layout] WebContent[22261]: [webFrameID=4294967297, webPageID=6] WebLocalFrameLoaderClient::dispatchDidReachLayoutMilestone: dispatching DidFirstVisuallyNonEmptyLayoutForFrame
2026-09-14 12:03:02.115 Df PeachCommander[22178:11ffb] [com.apple.WebKit:Layout] WebContent[22261]: [webFrameID=4294967297, webPageID=6] WebLocalFrameLoaderClient::completePageTransitionIfNeeded: dispatching didCompletePageTransition
2026-09-14 12:03:02.115 Df PeachCommander[22178:11efe] [com.apple.WebKit:Loading] 0x863600018 - [pageProxyID=5, webPageID=6, PID=22261] WebPageProxy::didFinishDocumentLoadForFrame: frameID=4294967297, isMainFrame=1
2026-09-14 12:03:02.115 Df PeachCommander[22178:11ffb] [com.apple.WebKit:Layout] WebContent[22261]: [webFrameID=4294967297, webPageID=6] WebLocalFrameLoaderClient::dispatchDidReachLayoutMilestone: dispatching DidFirstLayoutForFrame
2026-09-14 12:03:02.115 Df PeachCommander[22178:11ffb] [com.apple.WebKit:Layout] WebContent[22261]: [webFrameID=4294967297, webPageID=6] WebLocalFrameLoaderClient::dispatchDidReachLayoutMilestone: dispatching DidReachLayoutMilestone (milestones=DidFirstLayout)
2026-09-14 12:03:02.115 Df PeachCommander[22178:11ffb] [com.apple.WebKit:ResourceLoading] WebContent[22261]: [pageID=6 frameID=4294967297 isMainFrame=1] FrameLoader::setState: main frame load completed
2026-09-14 12:03:02.115 Df PeachCommander[22178:11ffb] [com.apple.WebKit:PerformanceLogging] WebContent[22261]: Memory usage info dump at <private>:
2026-09-14 12:03:02.115 Df PeachCommander[22178:11ffb] [com.apple.WebKit:PerformanceLogging] WebContent[22261]:   <private>: 1
2026-09-14 12:03:02.115 Df PeachCommander[22178:11ffb] [com.apple.WebKit:PerformanceLogging] WebContent[22261]:   <private>: 0
2026-09-14 12:03:02.115 Df PeachCommander[22178:11ffb] [com.apple.WebKit:PerformanceLogging] WebContent[22261]:   <private>: 1
2026-09-14 12:03:02.115 Df PeachCommander[22178:11ffb] [com.apple.WebKit:PerformanceLogging] WebContent[22261]:   <private>: 0
2026-09-14 12:03:02.115 Df PeachCommander[22178:11ffb] [com.apple.WebKit:PerformanceLogging] WebContent[22261]:   <private>: 0
2026-09-14 12:03:02.115 Df PeachCommander[22178:11ffb] [com.apple.WebKit:PerformanceLogging] WebContent[22261]:   <private>: 10
2026-09-14 12:03:02.115 Df PeachCommander[22178:11ffb] [com.apple.WebKit:PerformanceLogging] WebContent[22261]:   <private>: 0
2026-09-14 12:03:02.115 Df PeachCommander[22178:11ffb] [com.apple.WebKit:PerformanceLogging] WebContent[22261]:   <private>: 10
2026-09-14 12:03:02.115 Df PeachCommander[22178:11ffb] [com.apple.WebKit:PerformanceLogging] WebContent[22261]:   <private>: 36
2026-09-14 12:03:02.115 Df PeachCommander[22178:11ffb] [com.apple.WebKit:PerformanceLogging] WebContent[22261]:   <private>: 495979
2026-09-14 12:03:02.115 Df PeachCommander[22178:11ffb] [com.apple.WebKit:Network] WebContent[22261]: ProgressTracker::progressCompleted: frameID 4294967297, value 0.100000, tracked frames 1, originating frameID 4294967297, isMainLoad 1
2026-09-14 12:03:02.115 Df PeachCommander[22178:11ffb] [com.apple.WebKit:Network] WebContent[22261]: ProgressTracker::finalProgressComplete: value 0.100000, tracked frames 0, originating frameID 4294967297, isMainLoad 1, isMainLoadProgressing 0
2026-09-14 12:03:02.115 Df PeachCommander[22178:11ffb] [com.apple.WebKit:ResourceLoading] WebContent[22261]: [pageID=6 frameID=4294967297 isMainFrame=1] FrameLoader::checkLoadCompleteForThisFrame: Finished frame load
2026-09-14 12:03:02.115 Df PeachCommander[22178:11efe] [com.apple.WebKit:ActivityState] PageClientImpl 0x1310980e0 isViewVisible(): viewWindow 0x866bcc780, window visible 1, view hidden 0, window occluded 0
2026-09-14 12:03:02.115 Df PeachCommander[22178:11efe] [com.apple.WebKit:ActivityState] PageClientImpl 0x1310980e0 isViewVisible(): viewWindow 0x866bcc780, window visible 1, view hidden 0, window occluded 0
2026-09-14 12:03:02.115 Df PeachCommander[22178:11efe] [com.apple.WebKit:ActivityState] PageClientImpl 0x1310980e0 isViewVisible(): viewWindow 0x866bcc780, window visible 1, view hidden 0, window occluded 0
2026-09-14 12:03:02.115 Df PeachCommander[22178:11efe] [com.apple.WebKit:ActivityState] PageClientImpl 0x1310980e0 isViewVisible(): viewWindow 0x866bcc780, window visible 1, view hidden 0, window occluded 0
2026-09-14 12:03:02.115 Df PeachCommander[22178:11efe] [com.apple.WebKit:Loading] 0x863600018 - [pageProxyID=5, webPageID=6, PID=22261] WebPageProxy::didFinishLoadForFrame: frameID=4294967297, isMainFrame=1
2026-09-14 12:03:02.115 Df PeachCommander[22178:11efe] [com.apple.WebKit:ProcessSuspension] 0x131098150 - NavigationState will release its process network assertion soon because the page load completed
2026-09-14 12:03:02.115 Df PeachCommander[22178:11ffb] [com.apple.WebKit:RemoteLayerBuffers] WebContent[22261]: [renderingBackend=15] Created rendering backend for pageProxyID=5, webPageID=6
2026-09-14 12:03:02.115 Df PeachCommander[22178:11efe] [com.apple.WebKit:ProcessSuspension] 0x1310e0300 - [PID=22261, throttler=0x1310a0710] ProcessThrottler::Activity::invalidate: Ending foreground activity / 'Client navigation'
2026-09-14 12:03:02.115 Df PeachCommander[22178:11efe] [com.apple.WebKit:ActivityState] PageClientImpl 0x1310980e0 isViewVisible(): viewWindow 0x866bcc780, window visible 1, view hidden 0, window occluded 0
2026-09-14 12:03:02.115 Df PeachCommander[22178:11efe] [com.apple.WebKit:ActivityState] PageClientImpl 0x1310980e0 isViewVisible(): viewWindow 0x866bcc780, window visible 1, view hidden 0, window occluded 0
2026-09-14 12:03:02.115 Df PeachCommander[22178:11efe] [com.apple.WebKit:ActivityState] PageClientImpl 0x1310980e0 isViewVisible(): viewWindow 0x866bcc780, window visible 1, view hidden 0, window occluded 0
2026-09-14 12:03:02.115 Df PeachCommander[22178:11efe] [com.apple.WebKit:ActivityState] PageClientImpl 0x1310980e0 isViewVisible(): viewWindow 0x866bcc780, window visible 1, view hidden 0, window occluded 0
2026-09-14 12:03:02.118 Df PeachCommander[22178:11ffb] [com.apple.WebKit:Process] WebContent[22261] GPUProcessConnection::create - 0x10e22e220
2026-09-14 12:03:02.118 Df PeachCommander[22178:11efe] [com.apple.WebKit:Sandbox] Successfully created a sandbox extension for '<private>'
2026-09-14 12:03:02.118 Df PeachCommander[22178:11efe] [com.apple.WebKit:Sandbox] Successfully created a sandbox extension for '<private>'
2026-09-14 12:03:02.118 Df PeachCommander[22178:11efe] [com.apple.WebKit:ProcessSuspension] 0x1311001f0 - GPUProcessProxy is taking a background assertion because a web process is requesting a connection
2026-09-14 12:03:02.161 Df PeachCommander[22178:11ffb] [com.apple.WebKit:Layout] WebContent[22261]: [webFrameID=4294967297, webPageID=6] WebLocalFrameLoaderClient::dispatchDidReachLayoutMilestone: dispatching DidReachLayoutMilestone (milestones=DidFirstMeaningfulPaint)
2026-09-14 12:03:02.161 Df PeachCommander[22178:11ffb] [com.apple.WebKit:Process] WebContent[22261] 0x10e22e220 - GPUProcessConnection::didInitialize
2026-09-14 12:03:02.167 Df PeachCommander[22178:11efe] [com.apple.WebKit:ViewState] 0x13118c100 [pageProxyID=5, webPageID=6, PID=22261, DisplayID=1] RemoteLayerTreeDrawingAreaProxyMac::scheduleDisplayRefreshCallbacks
2026-09-14 12:03:02.267 Df PeachCommander[22178:11efe] [com.apple.WebKit:Loading] 0x863600018 - [pageProxyID=5, webPageID=6, PID=22261] WebPageProxy::didGeneratePageLoadTiming: url=<private> firstVisualLayout=0.020 firstMeaningfulPaint=0.072 domContentLoaded=0.020 loadEvent=0.020 subresourcesFinished=0.020
2026-09-14 12:03:05.116 Df PeachCommander[22178:11efe] [com.apple.WebKit:ProcessSuspension] 0x131098150 NavigationState is releasing background process assertion because a page load completed
2026-09-14 12:03:05.116 Df PeachCommander[22178:11efe] [com.apple.WebKit:Process] Dropping network activity on WebProcess with PID 22261
2026-09-14 12:03:05.116 Df PeachCommander[22178:11efe] [com.apple.WebKit:ProcessSuspension] 0x1310e0330 - [PID=22261, throttler=0x1310a0710] ProcessThrottler::Activity::invalidate: Ending background activity / 'Page Load'
2026-09-14 12:03:05.315 Df PeachCommander[22178:11efe] (Foundation) <private>
2026-09-14 12:03:05.315 I  PeachCommander[22178:11efe] [com.peachcommander:PCFoundation] [automation] > listerdump /Users/admin/md-html.txt
2026-09-14 12:03:05.324 Df PeachCommander[22178:11efe] (Foundation) <private>
2026-09-14 12:03:05.324 I  PeachCommander[22178:11efe] [com.peachcommander:PCFoundation] [automation] > wait 500
2026-09-14 12:03:05.848 Df PeachCommander[22178:11efe] (Foundation) <private>
2026-09-14 12:03:05.848 I  PeachCommander[22178:11efe] [com.peachcommander:PCFoundation] [automation] done
