Timestamp               Ty Process[PID:TID]
2026-09-14 13:53:51.364 A  PeachCommander[22025:11c0c] (libsystem_info.dylib) Retrieve User by ID
2026-09-14 13:53:51.365 Df PeachCommander[22025:11c0c] [com.apple.xpc:connection] [0x1014235c0] activating connection: mach=true listener=false peer=false name=com.apple.cfprefsd.daemon
2026-09-14 13:53:51.365 Df PeachCommander[22025:11c11] [com.apple.xpc:connection] [0x101423d00] activating connection: mach=true listener=false peer=false name=com.apple.cfprefsd.agent
2026-09-14 13:53:51.366 Df PeachCommander[22025:11c0c] [com.apple.xpc:connection] [0x101429ce0] activating connection: mach=true listener=false peer=false name=com.apple.coreservices.launchservicesd
2026-09-14 13:53:51.366 I  PeachCommander[22025:11c0c] [com.apple.launchservices:cas] Registering for notification <private> on default queue, to re-boostrap client connection.
2026-09-14 13:53:51.366 Df PeachCommander[22025:11c0c] [com.apple.xpc:connection] [0x85eca0000] activating connection: mach=true listener=false peer=false name=com.apple.pasteboard.1
2026-09-14 13:53:51.366 Df PeachCommander[22025:11c0c] [com.apple.xpc:connection] [0x85eca0140] activating connection: mach=true listener=false peer=false name=com.apple.distributed_notifications@Uv3
2026-09-14 13:53:51.368 Df PeachCommander[22025:11c0c] [com.apple.AppKit:AutomaticTermination] void _NSDisableAutomaticTerminationAndLog(NSString *) No windows open yet
2026-09-14 13:53:51.368 A  PeachCommander[22025:11c0c] (TCC) TCCAccessRequest() IPC
2026-09-14 13:53:51.368 Df PeachCommander[22025:11c0c] [com.apple.xpc:connection] [0x85eca0280] activating connection: mach=true listener=false peer=false name=com.apple.tccd.system
2026-09-14 13:53:51.368 I  PeachCommander[22025:11c0c] [com.apple.TCC:access] SEND: 0/7 synchronous to com.apple.tccd.system: request: msgID=22025.1, function=TCCAccessRequest, service=kTCCServiceListenEvent,
2026-09-14 13:53:51.369 I  PeachCommander[22025:11c0c] [com.apple.TCC:access] RECV: synchronous reply <dictionary: 0x85ec88000> { count = 5, transaction: 0, voucher = 0x0, contents =
	"prompt_type" => <uint64: 0xb9f24d18fd04df57>: 1
	"auth_value" => <uint64: 0xb9f24d18fd04df57>: 1
	"preflight_unknown" => <bool: 0x1ee1ad190>: true
	"auth_version" => <uint64: 0xb9f24d18fd04df57>: 1
	"auth_reason" => <uint64: 0xb9f24d18fd04df77>: 5
}
2026-09-14 13:53:51.369 Df PeachCommander[22025:11c0c] [com.apple.xpc:connection] [0x85eca0280] invalidated after the last release of the connection object
2026-09-14 13:53:51.369 Df PeachCommander[22025:11c0c] [com.apple.SkyLight:default] server port 0x00003813, session port 0x00003813
2026-09-14 13:53:51.371 I  PeachCommander[22025:11c11] [com.apple.SkyLight:processes] 0[outside of RPC]: First connection id 265323 mapped to ctx = 0x85ec44380
2026-09-14 13:53:51.371 Df PeachCommander[22025:11c0c] [com.apple.SkyLight:default] New connection 0x40c6b main
2026-09-14 13:53:51.372 I  PeachCommander[22025:11c0c] [com.apple.hiservices:processmgr] Checking in with CAS, pid=22025
2026-09-14 13:53:51.372 I  PeachCommander[22025:11c0c] [com.apple.launchservices:cas] LSApplicationCheckIn(), app being registered is:"/Users/admin/pc-test/PeachCommander.app/Contents/MacOS/PeachCommander"
2026-09-14 13:53:51.372 I  PeachCommander[22025:11c0c] [com.apple.launchservices:cas]  { "ApplicationType"="Foreground", "BuildMachineOSBuild"="25E246", "CFBundleDevelopmentRegion"="en", "CFBundleDocumentTypes"=( { "CFBundleTypeName"="Peach Commander Plugin Package", "CFBundleTypeRole"="Viewer", "LSHandlerRank"="Owner", "LSItemContentTypes"=( "com.peachcommander.plugin-package") }), "CFBundleExecutable"="PeachCommander", "CFBundleExecutablePath"="/Users/admin/pc-test/PeachCommander.app/Contents/MacOS/PeachCommander", "CFBundleHelpBookFolder"="PeachCommander.help", "CFBundleHelpBookName"="Peach Commander Help", "CFBundleIconFile"="AppIcon", "CFBundleIconName"="AppIcon", "CFBundleIdentifier"="com.peachcommander.app", "CFBundleInfoDictionaryVersion"="6.0", "CFBundleName"="PeachCommander", "CFBundleNumericVersion"=402685952, "CFBundlePackageType"="APPL", "CFBundleShortVersionString"="0.9.0", "CFBundleSignature"="?????", "CFBundleSupportedPlatforms"=( "MacOSX"), "CFBundleVersion"="18", "DTCompiler"="com.apple.compilers.llvm.clang.1_0", "DTPlatformBuild"="25F70", "DTPlatformName"="macosx", "<…>
2026-09-14 13:53:51.372 Df PeachCommander[22025:11c0c] [com.apple.processmanager:front-35286506] CHECKIN: pid=22025
2026-09-14 13:53:51.374 Df PeachCommander[22025:11c0c] [com.apple.processmanager:front-35286506] CHECKEDIN: pid=22025 asn=0x0-0x11c11c foreground=1
2026-09-14 13:53:51.374 I  PeachCommander[22025:11c0c] [com.apple.launchservices:cas] Setting processControlState to default PROC_SETPC_SUSPEND because application does not have LSProcessControlValue key
2026-09-14 13:53:51.374 Df PeachCommander[22025:11c0c] [com.apple.xpc:connection] [0x85eca0280] activating connection: mach=false listener=true peer=false name=(anonymous)
2026-09-14 13:53:51.374 Df PeachCommander[22025:11c0c] [com.apple.xpc:connection] [0x85eca0280] Connection returned listener port: 0x5303
2026-09-14 13:53:51.374 Df PeachCommander[22025:11c12] [com.apple.xpc:connection] [0x85f060300] activating connection: mach=false listener=false peer=true name=com.apple.xpc.anonymous.0x85eca0280.peer[131].0x85f060300
2026-09-14 13:53:51.374 Df PeachCommander[22025:11c0c] [com.apple.processmanager:front-35286506] FRONTLOGGING: version 1
2026-09-14 13:53:51.374 Df PeachCommander[22025:11c0c] [com.apple.processmanager:front-35286506] Registered, pid=22025 ASN=0x0,0x11c11c
2026-09-14 13:53:51.374 Df PeachCommander[22025:11c0c] [com.apple.xpc:connection] [0x85eca03c0] activating connection: mach=true listener=false peer=false name=com.apple.analyticsd
2026-09-14 13:53:51.375 I  PeachCommander[22025:11c0c] [com.apple.CoreAnalytics:client] Daemon status changed from 0 to 1
2026-09-14 13:53:51.375 I  PeachCommander[22025:11c12] [com.apple.CarbonCore:coreservicesdaemon] SCSession():SCSession( id=100, this=0x0x1014349d0 option=65538) created, forUID=501 mach_port_t=0x4d03.
2026-09-14 13:53:51.375 I  PeachCommander[22025:11c12] [com.apple.CarbonCore:coreservicesdaemon] SCSession():SCSession( id=101, this=0x0x101434b10 option=65538) created, forUID=501 mach_port_t=0x4e03.
2026-09-14 13:53:51.375 I  PeachCommander[22025:11c12] [com.apple.CarbonCore:coreservicesdaemon] connectToCoreServicesD():Instantiating server (coreservicesd based) SCSession, port=0x4d03 serverOptions=0x10002.
2026-09-14 13:53:51.375 I  PeachCommander[22025:11c0c] [com.apple.hiservices:processmgr] _RegisterApplication( pid 22025 => 0x0,0x11c11c) type=foreground
2026-09-14 13:53:51.375 Df PeachCommander[22025:11c0c] [com.apple.xpc:connection] [0x85eca0280] Connection returned listener port: 0x5303
2026-09-14 13:53:51.375 I  PeachCommander[22025:11c0c] [com.apple.launchservices:cas] CFArrayRef _LSCopyLaunchModifiers(LSSessionID, LSASNRef _Nonnull), result for psn [ kLSCurrentApp ASN, 0x0,0x2]  is 1 items.
2026-09-14 13:53:51.375 Df PeachCommander[22025:11c0c] [com.apple.processmanager:front-35286506] BringForward: pid=22025 asn=0x0-0x11c11c bringForward=1 foreground=1 uiElement=0 launchedByLS=1 modifiersCount=1 allDisabled=1
2026-09-14 13:53:51.375 Df PeachCommander[22025:11c0c] [com.apple.processmanager:front-35286506] BringFrontModifier: pid=22025 asn=0x0-0x11c11c Modifier 0 hideAfter=0 hideOthers=0 dontMakeFrontmost=0 mouseDown=0/0 seed=0/0
2026-09-14 13:53:51.375 Df PeachCommander[22025:11c0c] [com.apple.processmanager:front-35286506] BringForward: pid=22025 asn=0x0-0x11c11c
2026-09-14 13:53:51.375 Df PeachCommander[22025:11c0c] [com.apple.processmanager:front-35286506] SetFrontProcess: asn=0x0-0x11c11c options=0
2026-09-14 13:53:51.375 I  PeachCommander[22025:11c0c] [com.apple.SkyLight:processes] 0[outside of RPC]: SLPSetFrontProcess(0x0-0x11c11c window=0 options=0x0
2026-09-14 13:53:51.375 Df PeachCommander[22025:11c11] [com.apple.CoreAnalytics:client] Received configuration update from daemon (initial)
2026-09-14 13:53:51.375 Df PeachCommander[22025:11c12] [com.apple.xpc:connection] [0x85eca0500] activating connection: mach=true listener=false peer=false name=com.apple.lsd.mapdb
2026-09-14 13:53:51.377 Df PeachCommander[22025:11c0c] [com.apple.AppKit:Appearance] Current system appearance, (HLTB: 1), (SLS: 0)
2026-09-14 13:53:51.378 Df PeachCommander[22025:11c0c] (libMobileGestalt.dylib) No persisted cache on this platform.
2026-09-14 13:53:51.378 I  PeachCommander[22025:11c15] [com.apple.launchservices:cas] information in shared memory for 0x0-0x11c11c with seed 533 was still valid, so using cached info { "ApplicationType"="Foreground", "BuildMachineOSBuild"="25E246", "BundleIdentifierLowerCase"="com.peachcommander.app", "CFBundleDevelopmentRegion"="en", "CFBundleDocumentTypes"=( { "CFBundleTypeName"="Peach Commander Plugin Package", "CFBundleTypeRole"="Viewer", "LSHandlerRank"="Owner", "LSItemContentTypes"=( "com.peachcommander.plugin-package") }), "CFBundleExecutable"="PeachCommander", "CFBundleExecutablePath"="/Users/admin/pc-test/PeachCommander.app/Contents/MacOS/PeachCommander", "CFBundleExecutablePathDeviceID"=16777227, "CFBundleExecutablePathINode"=488284, "CFBundleHelpBookFolder"="PeachCommander.help", "CFBundleHelpBookName"="Peach Commander Help", "CFBundleIconFile"="AppIcon", "CFBundleIconName"="AppIcon", "CFBundleIdentifier"="com.peachcommander.app", "CFBundleInfoDictionaryVersion"="6.0", "CFBundleName"="PeachCommander", "CFBundleNameLowerCase"="peachcommander", "CFBundleNumericVersion"=402685952, "CFBundlePackageType"="APPL", "CFBundleShortVersionString"="0.9.0", "CFBun<…>
2026-09-14 13:53:51.378 Df PeachCommander[22025:11c0c] (libMobileGestalt.dylib) Could not get size of EAN data (IOConnectCallScalarMethod kAppleNVMeEANGetSize returned 0xE00002E2)
2026-09-14 13:53:51.378 Df PeachCommander[22025:11c0c] (libMobileGestalt.dylib) Failed to copy 'aptk' from EAN
2026-09-14 13:53:51.378 Df PeachCommander[22025:11c0c] (libMobileGestalt.dylib) Failed to copy APTicket properties. Falling back to default policy.
2026-09-14 13:53:51.378 Df PeachCommander[22025:11c0c] (libMobileGestalt.dylib) Creating default MGSysConfigPolicy
2026-09-14 13:53:51.378 Df PeachCommander[22025:11c0c] (libMobileGestalt.dylib) CFDictionaryRef copySyscfgDictionary(void) enumeration of <private> failed.
2026-09-14 13:53:51.378 Df PeachCommander[22025:11c0c] (libMobileGestalt.dylib) Failed to find key <private>
2026-09-14 13:53:51.378 I  PeachCommander[22025:11c12] [com.apple.launchservices:db] LaunchServices database schema version: 20971544
2026-09-14 13:53:51.379 Df PeachCommander[22025:11c0c] [com.apple.AppKit:Appearance] Current system appearance, (HLTB: 1), (SLS: 0)
2026-09-14 13:53:51.379 Df PeachCommander[22025:11c0c] [com.apple.AppKit:Appearance] Post-registration system appearance: (HLTB: 1)
2026-09-14 13:53:51.380 I  PeachCommander[22025:11c12] [com.apple.launchservices:default] Unable to load Info.plist exceptions (eGPUOverrides)
2026-09-14 13:53:51.380 I  PeachCommander[22025:11c12] [com.apple.launchservices:default] Unable to load Info.plist exceptions (gameModeOverrides)
2026-09-14 13:53:51.380 I  PeachCommander[22025:11c12] [com.apple.launchservices:default] Unable to load Info.plist exceptions (identifiedGameOverrides)
2026-09-14 13:53:51.380 I  PeachCommander[22025:11c12] [com.apple.launchservices:default] Unable to load Info.plist exceptions (SystemHiddenPreferred)
2026-09-14 13:53:51.381 Df PeachCommander[22025:11c0c] [com.apple.FrontBoard:Common] FBSWorkspace: endpoint monitoring is disabled.
2026-09-14 13:53:51.381 Df PeachCommander[22025:11c0c] [com.apple.FrontBoard:Common] FBSWorkspace: default shell endpoint is disabled.
2026-09-14 13:53:51.381 Df PeachCommander[22025:11c0c] [com.apple.runningboard:connection] Initializing connection
2026-09-14 13:53:51.381 Df PeachCommander[22025:11c0c] [com.apple.runningboard:process] Removing all cached process handles
2026-09-14 13:53:51.381 Df PeachCommander[22025:11c12] [com.apple.runningboard:connection] Sending handshake request attempt #1 to server
2026-09-14 13:53:51.381 Df PeachCommander[22025:11c12] [com.apple.runningboard:connection] Creating connection to com.apple.runningboard
2026-09-14 13:53:51.381 Df PeachCommander[22025:11c12] [com.apple.xpc:connection] [0x85eca0640] activating connection: mach=true listener=false peer=false name=com.apple.runningboard
2026-09-14 13:53:51.381 Df PeachCommander[22025:11c0c] [com.apple.xpc:connection] [0x85eca0280] Connection returned listener port: 0x5303
2026-09-14 13:53:51.381 I  PeachCommander[22025:11c0c] [com.apple.launchservices:cas] information in shared memory for 0x0-0x11c11c with seed 533 was still valid, so using cached info { "ApplicationType"="Foreground", "BuildMachineOSBuild"="25E246", "BundleIdentifierLowerCase"="com.peachcommander.app", "CFBundleDevelopmentRegion"="en", "CFBundleDocumentTypes"=( { "CFBundleTypeName"="Peach Commander Plugin Package", "CFBundleTypeRole"="Viewer", "LSHandlerRank"="Owner", "LSItemContentTypes"=( "com.peachcommander.plugin-package") }), "CFBundleExecutable"="PeachCommander", "CFBundleExecutablePath"="/Users/admin/pc-test/PeachCommander.app/Contents/MacOS/PeachCommander", "CFBundleExecutablePathDeviceID"=16777227, "CFBundleExecutablePathINode"=488284, "CFBundleHelpBookFolder"="PeachCommander.help", "CFBundleHelpBookName"="Peach Commander Help", "CFBundleIconFile"="AppIcon", "CFBundleIconName"="AppIcon", "CFBundleIdentifier"="com.peachcommander.app", "CFBundleInfoDictionaryVersion"="6.0", "CFBundleName"="PeachCommander", "CFBundleNameLowerCase"="peachcommander", "CFBundleNumericVersion"=402685952, "CFBundlePackageType"="APPL", "CFBundleShortVersionString"="0.9.0", "CFBun<…>
2026-09-14 13:53:51.381 A  PeachCommander[22025:11c15] (RunningBoardServices) didChangeInheritances
2026-09-14 13:53:51.382 Df PeachCommander[22025:11c12] [com.apple.runningboard:connection] Handshake succeeded
2026-09-14 13:53:51.382 Df PeachCommander[22025:11c12] [com.apple.runningboard:connection] Identity resolved as app<application.com.peachcommander.app.487016.488284(501)>
2026-09-14 13:53:51.383 Df PeachCommander[22025:11c0c] [com.apple.xpc:connection] [0x85eca0280] Connection returned listener port: 0x5303
2026-09-14 13:53:51.384 A  PeachCommander[22025:11c12] (AppIntents) appintents:register process
2026-09-14 13:53:51.384 Df PeachCommander[22025:11c12] [com.apple.appintents:Connection] Created a new Process Instance Registry XPC connection (inactive)
2026-09-14 13:53:51.384 Df PeachCommander[22025:11c12] [com.apple.xpc:connection] [0x85eca0780] activating connection: mach=true listener=false peer=false name=com.apple.linkd.autoShortcut
2026-09-14 13:53:51.384 Df PeachCommander[22025:11c12] [com.apple.appintents:Connection] Activated connection to linkd (ApplicationService)
2026-09-14 13:53:51.384 Df PeachCommander[22025:11c12] [com.apple.xpc:connection] [0x85eca0a00] activating connection: mach=false listener=true peer=false name=(anonymous)
2026-09-14 13:53:51.384 I  PeachCommander[22025:11c0c] [com.apple.launchservices:cas] information in shared memory for 0x0-0x11c11c with seed 533 was still valid, so using cached info { "ApplicationType"="Foreground", "BuildMachineOSBuild"="25E246", "BundleIdentifierLowerCase"="com.peachcommander.app", "CFBundleDevelopmentRegion"="en", "CFBundleDocumentTypes"=( { "CFBundleTypeName"="Peach Commander Plugin Package", "CFBundleTypeRole"="Viewer", "LSHandlerRank"="Owner", "LSItemContentTypes"=( "com.peachcommander.plugin-package") }), "CFBundleExecutable"="PeachCommander", "CFBundleExecutablePath"="/Users/admin/pc-test/PeachCommander.app/Contents/MacOS/PeachCommander", "CFBundleExecutablePathDeviceID"=16777227, "CFBundleExecutablePathINode"=488284, "CFBundleHelpBookFolder"="PeachCommander.help", "CFBundleHelpBookName"="Peach Commander Help", "CFBundleIconFile"="AppIcon", "CFBundleIconName"="AppIcon", "CFBundleIdentifier"="com.peachcommander.app", "CFBundleInfoDictionaryVersion"="6.0", "CFBundleName"="PeachCommander", "CFBundleNameLowerCase"="peachcommander", "CFBundleNumericVersion"=402685952, "CFBundlePackageType"="APPL", "CFBundleShortVersionString"="0.9.0", "CFBun<…>
2026-09-14 13:53:51.384 I  PeachCommander[22025:11c0c] [com.apple.hiservices:processmgr] TransformProcessType(0x0,0x2 => 1 wasFront=1 pickNew=0)
2026-09-14 13:53:51.384 I  PeachCommander[22025:11c0c] [com.apple.CoreAnalytics:client] Dropping "com.apple.appkit.app_config" as it isn't used in any transform (not in the config or budgeted?)
2026-09-14 13:53:51.385 I  PeachCommander[22025:11c12] [com.apple.appintents:Execution] LNAppConnectionListener instantiated
2026-09-14 13:53:51.385 Df PeachCommander[22025:11c12] [com.apple.xpc:connection] [0x85eca0a00] Connection returned listener port: 0x6603
2026-09-14 13:53:51.385 Df PeachCommander[22025:11c0c] [com.apple.dt.xctest:Default] Registering for test daemon availability notify post.
2026-09-14 13:53:51.385 Df PeachCommander[22025:11c17] [com.apple.xpc:connection] [0x85eca0780] Re-initialization successful; calling out to event handler with XPC_ERROR_CONNECTION_INTERRUPTED
2026-09-14 13:53:51.385 Df PeachCommander[22025:11c17] [com.apple.appintents:Connection] Process Instance Registry XPC connection has been interrupted
2026-09-14 13:53:51.385 Df PeachCommander[22025:11c0c] [com.apple.dt.xctest:Default] notify_get_state check indicated test daemon not ready.
2026-09-14 13:53:51.385 Df PeachCommander[22025:11c0c] [com.apple.dt.xctest:Default] notify_get_state check indicated test daemon not ready.
2026-09-14 13:53:51.385 Df PeachCommander[22025:11c0c] [com.apple.dt.xctest:Default] notify_get_state check indicated test daemon not ready.
2026-09-14 13:53:51.385 E  PeachCommander[22025:11c12] [com.apple.appintents:Connection] Unable to get synchronousRemoteObjectProxy, error: Error Domain=NSCocoaErrorDomain Code=4097 "connection to service named com.apple.linkd.autoShortcut" UserInfo={NSDebugDescription=connection to service named com.apple.linkd.autoShortcut}
2026-09-14 13:53:51.385 E  PeachCommander[22025:11c12] [com.apple.AppKit:Application] Error registering app with intents framework: Error Domain=NSCocoaErrorDomain Code=4097 UserInfo={NSDebugDescription=<private>}
2026-09-14 13:53:51.385 Df PeachCommander[22025:11c17] [com.apple.appintents:Connection] Created a new Process Instance Registry XPC connection (inactive)
2026-09-14 13:53:51.385 A  PeachCommander[22025:11c17] (AppIntents) appintents:register process
2026-09-14 13:53:51.386 Df PeachCommander[22025:11c17] [com.apple.appintents:Connection] Created a new Process Instance Registry XPC connection (inactive)
2026-09-14 13:53:51.386 Df PeachCommander[22025:11c17] [com.apple.xpc:connection] [0x85eca1040] activating connection: mach=true listener=false peer=false name=com.apple.linkd.autoShortcut
2026-09-14 13:53:51.386 Df PeachCommander[22025:11c17] [com.apple.appintents:Connection] Activated connection to linkd (ApplicationService)
2026-09-14 13:53:51.386 Df PeachCommander[22025:11c17] [com.apple.xpc:connection] [0x85eca0a00] Connection returned listener port: 0x6603
2026-09-14 13:53:51.386 Df PeachCommander[22025:11c12] [com.apple.xpc:connection] [0x85eca1040] Re-initialization successful; calling out to event handler with XPC_ERROR_CONNECTION_INTERRUPTED
2026-09-14 13:53:51.386 Df PeachCommander[22025:11c12] [com.apple.appintents:Connection] Process Instance Registry XPC connection has been interrupted
2026-09-14 13:53:51.386 E  PeachCommander[22025:11c17] [com.apple.appintents:Connection] Unable to get synchronousRemoteObjectProxy, error: Error Domain=NSCocoaErrorDomain Code=4097 "connection to service named com.apple.linkd.autoShortcut" UserInfo={NSDebugDescription=connection to service named com.apple.linkd.autoShortcut}
2026-09-14 13:53:51.386 E  PeachCommander[22025:11c17] [com.apple.appintents:Connection] Unable to re-register with Process Instance Registry, error: Error Domain=NSCocoaErrorDomain Code=4097 "connection to service named com.apple.linkd.autoShortcut" UserInfo={NSDebugDescription=connection to service named com.apple.linkd.autoShortcut}
2026-09-14 13:53:51.386 Df PeachCommander[22025:11c12] [com.apple.appintents:Connection] Created a new Process Instance Registry XPC connection (inactive)
2026-09-14 13:53:51.386 A  PeachCommander[22025:11c12] (AppIntents) appintents:register process
2026-09-14 13:53:51.386 Df PeachCommander[22025:11c12] [com.apple.appintents:Connection] Created a new Process Instance Registry XPC connection (inactive)
2026-09-14 13:53:51.386 Df PeachCommander[22025:11c12] [com.apple.xpc:connection] [0x85eca12c0] activating connection: mach=true listener=false peer=false name=com.apple.linkd.autoShortcut
2026-09-14 13:53:51.386 Df PeachCommander[22025:11c12] [com.apple.appintents:Connection] Activated connection to linkd (ApplicationService)
2026-09-14 13:53:51.386 Df PeachCommander[22025:11c12] [com.apple.xpc:connection] [0x85eca0a00] Connection returned listener port: 0x6603
2026-09-14 13:53:51.386 Df PeachCommander[22025:11c15] [com.apple.xpc:connection] [0x85eca12c0] Re-initialization successful; calling out to event handler with XPC_ERROR_CONNECTION_INTERRUPTED
2026-09-14 13:53:51.386 Df PeachCommander[22025:11c15] [com.apple.appintents:Connection] Process Instance Registry XPC connection has been interrupted
2026-09-14 13:53:51.386 Df PeachCommander[22025:11c15] [com.apple.appintents:Connection] Created a new Process Instance Registry XPC connection (inactive)
2026-09-14 13:53:51.386 A  PeachCommander[22025:11c15] (AppIntents) appintents:register process
2026-09-14 13:53:51.386 E  PeachCommander[22025:11c12] [com.apple.appintents:Connection] Unable to get synchronousRemoteObjectProxy, error: Error Domain=NSCocoaErrorDomain Code=4097 "connection to service named com.apple.linkd.autoShortcut" UserInfo={NSDebugDescription=connection to service named com.apple.linkd.autoShortcut}
2026-09-14 13:53:51.386 E  PeachCommander[22025:11c12] [com.apple.appintents:Connection] Unable to re-register with Process Instance Registry, error: Error Domain=NSCocoaErrorDomain Code=4097 "connection to service named com.apple.linkd.autoShortcut" UserInfo={NSDebugDescription=connection to service named com.apple.linkd.autoShortcut}
2026-09-14 13:53:51.386 Df PeachCommander[22025:11c15] [com.apple.appintents:Connection] Created a new Process Instance Registry XPC connection (inactive)
2026-09-14 13:53:51.386 Df PeachCommander[22025:11c15] [com.apple.xpc:connection] [0x85eca1540] activating connection: mach=true listener=false peer=false name=com.apple.linkd.autoShortcut
2026-09-14 13:53:51.386 Df PeachCommander[22025:11c15] [com.apple.appintents:Connection] Activated connection to linkd (ApplicationService)
2026-09-14 13:53:51.386 Df PeachCommander[22025:11c15] [com.apple.xpc:connection] [0x85eca0a00] Connection returned listener port: 0x6603
2026-09-14 13:53:51.386 Df PeachCommander[22025:11c17] [com.apple.xpc:connection] [0x85eca1540] Re-initialization successful; calling out to event handler with XPC_ERROR_CONNECTION_INTERRUPTED
2026-09-14 13:53:51.386 Df PeachCommander[22025:11c17] [com.apple.appintents:Connection] Process Instance Registry XPC connection has been interrupted
2026-09-14 13:53:51.386 E  PeachCommander[22025:11c17] [com.apple.appintents:Connection] Will NOT re-try to establish the connection
2026-09-14 13:53:51.386 E  PeachCommander[22025:11c15] [com.apple.appintents:Connection] Unable to get synchronousRemoteObjectProxy, error: Error Domain=NSCocoaErrorDomain Code=4097 "connection to service named com.apple.linkd.autoShortcut" UserInfo={NSDebugDescription=connection to service named com.apple.linkd.autoShortcut}
2026-09-14 13:53:51.386 E  PeachCommander[22025:11c15] [com.apple.appintents:Connection] Unable to re-register with Process Instance Registry, error: Error Domain=NSCocoaErrorDomain Code=4097 "connection to service named com.apple.linkd.autoShortcut" UserInfo={NSDebugDescription=connection to service named com.apple.linkd.autoShortcut}
2026-09-14 13:53:51.389 A  PeachCommander[22025:11c0c] (CoreFoundation) Loading Preferences From System CFPrefsD
2026-09-14 13:53:51.389 Df PeachCommander[22025:11c0c] (libMobileGestalt.dylib) couldn't load support library
2026-09-14 13:53:51.389 Df PeachCommander[22025:11c0c] (libMobileGestalt.dylib) called dummy function!
2026-09-14 13:53:51.390 I  PeachCommander[22025:11c0c] [com.apple.GenerativeModels:availability] Current availability state: unavailable, use cases: com.apple.WritingTools, language: <any>, api: <private>
2026-09-14 13:53:51.390 Df PeachCommander[22025:11c0c] [com.apple.GenerativeModels:availability] registering darwin observer for name: com.apple.gms.availability.notification
2026-09-14 13:53:51.390 Df PeachCommander[22025:11c0c] [com.apple.GenerativeModels:availability] registering darwin observer for name: com.apple.os-eligibility-domain.change.greymatter
2026-09-14 13:53:51.390 Df PeachCommander[22025:11c0c] [com.apple.GenerativeModels:availability] registering darwin observer for name: com.apple.language.changed
2026-09-14 13:53:51.390 Df PeachCommander[22025:11c0c] [com.apple.WritingTools:Default] isAvailable value changed: isMDMAllowed = true, gmAvailable (current) = false
2026-09-14 13:53:51.391 I  PeachCommander[22025:11c0c] [com.apple.CoreAnalytics:client] Dropping "com.apple.appkit.app_config" as it isn't used in any transform (not in the config or budgeted?)
2026-09-14 13:53:51.394 Df PeachCommander[22025:11c0c] [com.apple.AppKit:Appearance] NSApp cache appearance:
-NSRequiresAquaSystemAppearance: 0
-appearance: (null)
-effectiveAppearance: <NSCompositeAppearance: 0x85ec8c5a0
 (
    "<NSAquaAppearance: 0x85ec8c640>",
    "<NSSystemAppearance: 0x85ec8c6e0>"
)>
2026-09-14 13:53:51.396 A  PeachCommander[22025:11c0c] (CoreFoundation) Loading Preferences From User CFPrefsD
2026-09-14 13:53:51.397 A  PeachCommander[22025:11c0c] (CoreFoundation) Loading Preferences From User CFPrefsD
2026-09-14 13:53:51.400 A  PeachCommander[22025:11c12] (libsystem_info.dylib) Membership API: translate identifier
2026-09-14 13:53:51.402 I  PeachCommander[22025:11c0c] [com.apple.CoreAnalytics:client] Dropping "com.apple.appkit.app_config" as it isn't used in any transform (not in the config or budgeted?)
2026-09-14 13:53:51.402 I  PeachCommander[22025:11c0c] [com.apple.CoreAnalytics:client] Dropping "com.apple.appkit.app_config" as it isn't used in any transform (not in the config or budgeted?)
2026-09-14 13:53:51.403 Df PeachCommander[22025:11c17] [com.apple.xpc:connection] [0x85eca1a40] activating connection: mach=true listener=false peer=false name=com.apple.dock.fullscreen
2026-09-14 13:53:51.404 Df PeachCommander[22025:11c0c] [com.apple.xpc:connection] [0x85eca1b80] activating connection: mach=true listener=false peer=false name=com.apple.fonts
2026-09-14 13:53:51.407 I  PeachCommander[22025:11c0c] [com.apple.launchservices:cas] information in shared memory for 0x0-0x11c11c with seed 533 was still valid, so using cached info { "ApplicationType"="Foreground", "BuildMachineOSBuild"="25E246", "BundleIdentifierLowerCase"="com.peachcommander.app", "CFBundleDevelopmentRegion"="en", "CFBundleDocumentTypes"=( { "CFBundleTypeName"="Peach Commander Plugin Package", "CFBundleTypeRole"="Viewer", "LSHandlerRank"="Owner", "LSItemContentTypes"=( "com.peachcommander.plugin-package") }), "CFBundleExecutable"="PeachCommander", "CFBundleExecutablePath"="/Users/admin/pc-test/PeachCommander.app/Contents/MacOS/PeachCommander", "CFBundleExecutablePathDeviceID"=16777227, "CFBundleExecutablePathINode"=488284, "CFBundleHelpBookFolder"="PeachCommander.help", "CFBundleHelpBookName"="Peach Commander Help", "CFBundleIconFile"="AppIcon", "CFBundleIconName"="AppIcon", "CFBundleIdentifier"="com.peachcommander.app", "CFBundleInfoDictionaryVersion"="6.0", "CFBundleName"="PeachCommander", "CFBundleNameLowerCase"="peachcommander", "CFBundleNumericVersion"=402685952, "CFBundlePackageType"="APPL", "CFBundleShortVersionString"="0.9.0", "CFBun<…>
2026-09-14 13:53:51.407 I  PeachCommander[22025:11c0c] [com.apple.CoreAnalytics:client] Dropping "com.apple.appkit.app_config" as it isn't used in any transform (not in the config or budgeted?)
2026-09-14 13:53:51.407 Df PeachCommander[22025:11c0c] [com.apple.AppKit:AutomaticTermination] -[NSApplication(NSAppssassination) _checkForAutomaticTerminationSupportPossiblyEnablingIt]_block_invoke Enabling automatic termination support.
2026-09-14 13:53:51.407 Df PeachCommander[22025:11c0c] [com.apple.xpc:connection] [0x85eca0c80] activating connection: mach=true listener=false peer=false name=com.apple.appkit.restoration_storage
2026-09-14 13:53:51.407 I  PeachCommander[22025:11c0c] [com.apple.launchservices:cas] information in shared memory for 0x0-0x11c11c with seed 533 was still valid, so using cached info { "ApplicationType"="Foreground", "BuildMachineOSBuild"="25E246", "BundleIdentifierLowerCase"="com.peachcommander.app", "CFBundleDevelopmentRegion"="en", "CFBundleDocumentTypes"=( { "CFBundleTypeName"="Peach Commander Plugin Package", "CFBundleTypeRole"="Viewer", "LSHandlerRank"="Owner", "LSItemContentTypes"=( "com.peachcommander.plugin-package") }), "CFBundleExecutable"="PeachCommander", "CFBundleExecutablePath"="/Users/admin/pc-test/PeachCommander.app/Contents/MacOS/PeachCommander", "CFBundleExecutablePathDeviceID"=16777227, "CFBundleExecutablePathINode"=488284, "CFBundleHelpBookFolder"="PeachCommander.help", "CFBundleHelpBookName"="Peach Commander Help", "CFBundleIconFile"="AppIcon", "CFBundleIconName"="AppIcon", "CFBundleIdentifier"="com.peachcommander.app", "CFBundleInfoDictionaryVersion"="6.0", "CFBundleName"="PeachCommander", "CFBundleNameLowerCase"="peachcommander", "CFBundleNumericVersion"=402685952, "CFBundlePackageType"="APPL", "CFBundleShortVersionString"="0.9.0", "CFBun<…>
2026-09-14 13:53:51.407 Df PeachCommander[22025:11c0c] [com.apple.xpc:connection] [0x85eca0dc0] activating connection: mach=true listener=false peer=false name=com.apple.coreservices.appleevents
2026-09-14 13:53:51.408 I  PeachCommander[22025:11c0c] [com.apple.appleevents:main] _AEGetRegisteredMachPort() created default port (port:63747/0xf903 rcv:1 send:1 limit:5) and registered it with server
2026-09-14 13:53:51.408 Df PeachCommander[22025:11c0c] [com.apple.xpc:connection] [0x85eca0280] Connection returned listener port: 0x5303
2026-09-14 13:53:51.408 I  PeachCommander[22025:11c0c] [com.apple.launchservices:cas] information in shared memory for 0x0-0x11c11c with seed 533 was still valid, so using cached info { "ApplicationType"="Foreground", "BuildMachineOSBuild"="25E246", "BundleIdentifierLowerCase"="com.peachcommander.app", "CFBundleDevelopmentRegion"="en", "CFBundleDocumentTypes"=( { "CFBundleTypeName"="Peach Commander Plugin Package", "CFBundleTypeRole"="Viewer", "LSHandlerRank"="Owner", "LSItemContentTypes"=( "com.peachcommander.plugin-package") }), "CFBundleExecutable"="PeachCommander", "CFBundleExecutablePath"="/Users/admin/pc-test/PeachCommander.app/Contents/MacOS/PeachCommander", "CFBundleExecutablePathDeviceID"=16777227, "CFBundleExecutablePathINode"=488284, "CFBundleHelpBookFolder"="PeachCommander.help", "CFBundleHelpBookName"="Peach Commander Help", "CFBundleIconFile"="AppIcon", "CFBundleIconName"="AppIcon", "CFBundleIdentifier"="com.peachcommander.app", "CFBundleInfoDictionaryVersion"="6.0", "CFBundleName"="PeachCommander", "CFBundleNameLowerCase"="peachcommander", "CFBundleNumericVersion"=402685952, "CFBundlePackageType"="APPL", "CFBundleShortVersionString"="0.9.0", "CFBun<…>
2026-09-14 13:53:51.408 Df PeachCommander[22025:11c0c] [com.apple.processmanager:front-35286506] SignalReady: pid=22025 asn=0x0-0x11c11c
2026-09-14 13:53:51.408 Df PeachCommander[22025:11c0c] [com.apple.processmanager:front-35286506] SIGNAL: pid=22025 asn=0x0x-0x11c11c
2026-09-14 13:53:51.408 I  PeachCommander[22025:11c0c] [com.apple.appleevents:main] aeGenerateFakeFirstOAPPEventIfNecessary()
2026-09-14 13:53:51.408 I  PeachCommander[22025:11c0c] [com.apple.appleevents:main] aeGenerateFakeFirstOAPPEventIfNecessary(), needToCreateFakeOAPPEventIfFirstEvent == true
2026-09-14 13:53:51.408 I  PeachCommander[22025:11c0c] [com.apple.launchservices:cas] Removing cached information for app [ 0x0-0x11c11c]  "PeachCommander", as its seed is different from that in shared memory ( 533 vs 535)
2026-09-14 13:53:51.409 I  PeachCommander[22025:11c0c] [com.apple.CFPasteboard:entry] CopyData('DefaultAsciiKeyboardLayoutPasteboard' (<CFUUID 0x85ed5c780> B970A8F4-6DEF-4B5C-A17B-8FEB926039DF) gen: -1 item: 1264739405 flavor: 'DefaultAsciiKeyboardLayoutFlavor')
2026-09-14 13:53:51.409 I  PeachCommander[22025:11c0c] [com.apple.CFPasteboard:cache] Rebuilding cache for 'DefaultAsciiKeyboardLayoutPasteboard' (<CFUUID 0x85ed5c780> B970A8F4-6DEF-4B5C-A17B-8FEB926039DF)
2026-09-14 13:53:51.409 I  PeachCommander[22025:11c0c] [com.apple.CFPasteboard:exit] (not-in-cache) - result: -8 generation: 0 null data flags: 0
2026-09-14 13:53:51.409 A  PeachCommander[22025:11c0c] (CoreFoundation) Loading Preferences From User CFPrefsD
2026-09-14 13:53:51.409 A  PeachCommander[22025:11c0c] (CoreFoundation) Loading Preferences From System CFPrefsD
2026-09-14 13:53:51.409 I  PeachCommander[22025:11c0c] [com.apple.CFPasteboard:entry] CopyData('AppleIntlFileCacheModificationDatePasteboard' (<CFUUID 0x85ed5cc40> FB1F3BDE-6C18-414C-A773-92E5AF688A99) gen: -1 item: 1 flavor: '-32766 1768845414')
2026-09-14 13:53:51.409 I  PeachCommander[22025:11c0c] [com.apple.CFPasteboard:cache] Rebuilding cache for 'AppleIntlFileCacheModificationDatePasteboard' (<CFUUID 0x85ed5cc40> FB1F3BDE-6C18-414C-A773-92E5AF688A99)
2026-09-14 13:53:51.409 I  PeachCommander[22025:11c0c] [com.apple.CFPasteboard:general] Will request data from daemon
2026-09-14 13:53:51.410 I  PeachCommander[22025:11c0c] [com.apple.CFPasteboard:exit] (not-in-cache) - result: 0 generation: 7 data (310 bytes) flags: 0
2026-09-14 13:53:51.410 I  PeachCommander[22025:11c0c] [com.apple.CFPasteboard:entry] CopyData('AppleIntlFileCacheModificationDatePasteboard' (<CFUUID 0x85ed5cc40> FB1F3BDE-6C18-414C-A773-92E5AF688A99) gen: -1 item: 1 flavor: '-32765 1802264953')
2026-09-14 13:53:51.410 I  PeachCommander[22025:11c0c] [com.apple.CFPasteboard:general] Will request data from daemon
2026-09-14 13:53:51.410 I  PeachCommander[22025:11c0c] [com.apple.CFPasteboard:exit] (not-in-cache) - result: 0 generation: 7 data (306 bytes) flags: 0
2026-09-14 13:53:51.410 I  PeachCommander[22025:11c0c] [com.apple.CFPasteboard:entry] CopyData('AppleIntlFileCacheModificationDatePasteboard' (<CFUUID 0x85ed5cc40> FB1F3BDE-6C18-414C-A773-92E5AF688A99) gen: -1 item: 1 flavor: '-32764 1802264953')
2026-09-14 13:53:51.410 I  PeachCommander[22025:11c0c] [com.apple.CFPasteboard:general] Will request data from daemon
2026-09-14 13:53:51.410 I  PeachCommander[22025:11c0c] [com.apple.CFPasteboard:exit] (not-in-cache) - result: 0 generation: 7 data (281 bytes) flags: 0
2026-09-14 13:53:51.410 I  PeachCommander[22025:11c0c] [com.apple.CFPasteboard:entry] CopyData('AppleIntlFileCacheModificationDatePasteboard' (<CFUUID 0x85ed5cc40> FB1F3BDE-6C18-414C-A773-92E5AF688A99) gen: -1 item: 1 flavor: '-32763 1802264953')
2026-09-14 13:53:51.410 I  PeachCommander[22025:11c0c] [com.apple.CFPasteboard:general] Will request data from daemon
2026-09-14 13:53:51.410 I  PeachCommander[22025:11c0c] [com.apple.CFPasteboard:exit] (not-in-cache) - result: 0 generation: 7 data (318 bytes) flags: 0
2026-09-14 13:53:51.410 I  PeachCommander[22025:11c0c] [com.apple.CFPasteboard:entry] CopyData('AppleIntlFileCacheModificationDatePasteboard' (<CFUUID 0x85ed5cc40> FB1F3BDE-6C18-414C-A773-92E5AF688A99) gen: -1 item: 1 flavor: '-32765 1768845414')
2026-09-14 13:53:51.410 I  PeachCommander[22025:11c0c] [com.apple.CFPasteboard:general] Will request data from daemon
2026-09-14 13:53:51.410 I  PeachCommander[22025:11c0c] [com.apple.CFPasteboard:exit] (not-in-cache) - result: 0 generation: 7 data (303 bytes) flags: 0
2026-09-14 13:53:51.410 I  PeachCommander[22025:11c0c] [com.apple.CFPasteboard:entry] CopyData('AppleIntlFileCacheModificationDatePasteboard' (<CFUUID 0x85ed5cc40> FB1F3BDE-6C18-414C-A773-92E5AF688A99) gen: -1 item: 1 flavor: '-32763 1768845414')
2026-09-14 13:53:51.410 I  PeachCommander[22025:11c0c] [com.apple.CFPasteboard:general] Will request data from daemon
2026-09-14 13:53:51.410 I  PeachCommander[22025:11c0c] [com.apple.CFPasteboard:exit] (not-in-cache) - result: 0 generation: 7 data (315 bytes) flags: 0
2026-09-14 13:53:51.411 I  PeachCommander[22025:11c0c] [com.apple.launchservices:cas] information in shared memory for 0x0-0x11c11c with seed 535 was still valid, so using cached info { "ApplicationType"="Foreground", "BuildMachineOSBuild"="25E246", "BundleIdentifierLowerCase"="com.peachcommander.app", "CFBundleDevelopmentRegion"="en", "CFBundleDocumentTypes"=( { "CFBundleTypeName"="Peach Commander Plugin Package", "CFBundleTypeRole"="Viewer", "LSHandlerRank"="Owner", "LSItemContentTypes"=( "com.peachcommander.plugin-package") }), "CFBundleExecutable"="PeachCommander", "CFBundleExecutablePath"="/Users/admin/pc-test/PeachCommander.app/Contents/MacOS/PeachCommander", "CFBundleExecutablePathDeviceID"=16777227, "CFBundleExecutablePathINode"=488284, "CFBundleHelpBookFolder"="PeachCommander.help", "CFBundleHelpBookName"="Peach Commander Help", "CFBundleIconFile"="AppIcon", "CFBundleIconName"="AppIcon", "CFBundleIdentifier"="com.peachcommander.app", "CFBundleInfoDictionaryVersion"="6.0", "CFBundleName"="PeachCommander", "CFBundleNameLowerCase"="peachcommander", "CFBundleNumericVersion"=402685952, "CFBundlePackageType"="APPL", "CFBundleShortVersionString"="0.9.0", "CFBun<…>
2026-09-14 13:53:51.411 Df PeachCommander[22025:11c0c] [com.apple.xpc:connection] [0x85eca1e00] activating connection: mach=false listener=false peer=false name=com.apple.ViewBridgeAuxiliary
2026-09-14 13:53:51.416 Df PeachCommander[22025:11c0c] [com.apple.xpc:connection] [0x85eca1cc0] activating connection: mach=false listener=false peer=false name=(anonymous)
2026-09-14 13:53:51.416 Df PeachCommander[22025:11c0c] [com.apple.xpc:connection] [0x85eca1f40] activating connection: mach=false listener=true peer=false name=(anonymous)
2026-09-14 13:53:51.416 Df PeachCommander[22025:11c0c] [com.apple.xpc:connection] [0x85eca1f40] Connection returned listener port: 0xf203
2026-09-14 13:53:51.416 Df PeachCommander[22025:11c0c] [com.apple.xpc:connection] [0x85eca1e00] invalidated after the last release of the connection object
2026-09-14 13:53:51.417 I  PeachCommander[22025:11c0c] [com.apple.showhide:pr-59900543] SHOWHIDE: SHOW id=480 0x0-0x11C11C, err=0 eventTime=1485080891291 windowID=0
2026-09-14 13:53:51.417 I  PeachCommander[22025:11c0c] [com.apple.CarbonCore:coreservicesdaemon] findOrCreateCacheable():findOrCreateCacheable(), factoryName=3 cacheableName=<private> fCacheables.size()=0
2026-09-14 13:53:51.417 I  PeachCommander[22025:11c0c] [com.apple.CarbonCore:coreservicesdaemon] findOrCreateCacheable():findOrCreateCacheable(), result = 0x85f148c80 (should be non-NULL)
2026-09-14 13:53:51.417 Df PeachCommander[22025:11c0c] [com.apple.AppKit:AutomaticTermination] void _NSDisableAutomaticTerminationAndLog(NSString *) Restoring windows
2026-09-14 13:53:51.417 Df PeachCommander[22025:11c0c] [com.apple.AppKit:StateRestoration] -[NSApplication _reopenWindowsAsNecessaryIncludingRestorableState:withFullFidelity:completionHandler:] shouldRestoreState=1 hasPersistentStateToRestore=0 shouldStillRestoreStateAfterPrompting=0
2026-09-14 13:53:51.417 Df PeachCommander[22025:11c0c] [com.apple.xpc:connection] [0x85eca1e00] activating connection: mach=true listener=false peer=false name=com.apple.window_proxies
2026-09-14 13:53:51.417 Df PeachCommander[22025:11c0c] [com.apple.xpc:connection] [0x85eca1e00] invalidated because the current process cancelled the connection by calling xpc_connection_cancel()
2026-09-14 13:53:51.417 I  PeachCommander[22025:11c0c] [com.apple.SkyLight:processes] 0[outside of RPC]: SLSSetFrontProcessWithInfo(0x0-0x2 window=0 options=0x1
2026-09-14 13:53:51.417 I  PeachCommander[22025:11c0c] [com.apple.CoreAnalytics:client] Dropping "com.apple.appkit.app_config" as it isn't used in any transform (not in the config or budgeted?)
2026-09-14 13:53:51.417 Df PeachCommander[22025:11c0c] [com.apple.AppKit:AutomaticTermination] void _NSEnableAutomaticTerminationAndLog(NSString *) Restoring windows
2026-09-14 13:53:51.419 I  PeachCommander[22025:11c0c] [com.apple.CoreAnalytics:client] Dropping "com.apple.appkit.app_config" as it isn't used in any transform (not in the config or budgeted?)
2026-09-14 13:53:51.420 I  PeachCommander[22025:11c0c] [com.apple.CoreAnalytics:client] Dropping "com.apple.appkit.app_config" as it isn't used in any transform (not in the config or budgeted?)
2026-09-14 13:53:51.428 A  PeachCommander[22025:11c0c] (CoreFoundation) Loading Preferences From User CFPrefsD
2026-09-14 13:53:51.434 I  PeachCommander[22025:11c0c] [com.peachcommander:PCFoundation] VolumeManager initialized
2026-09-14 13:53:51.451 Df PeachCommander[22025:11c0c] [com.apple.BoardServices:XPCErrors] [C:1] Alloc <private>
2026-09-14 13:53:51.451 Df PeachCommander[22025:11c0c] [com.apple.xpc:connection] [0x85eff1180] activating connection: mach=false listener=false peer=false name=(anonymous)
2026-09-14 13:53:51.452 I  PeachCommander[22025:11c0c] [com.apple.AppKit:Window] context (0 -> dee9fde6) for window 47e
2026-09-14 13:53:51.453 Df PeachCommander[22025:11c11] [com.apple.corespotlight:index] (<private>) deleteSearchableItemsWithDomainIdentifiers, protectionClass:(null), domainIdentifiers number:1
2026-09-14 13:53:51.453 A  PeachCommander[22025:11c11] (CoreSpotlight) delete-domains
2026-09-14 13:53:51.453 Df PeachCommander[22025:11c15] [com.apple.corespotlight:index] CSInlineDonation:<private>: Skipping donation (feature flag disabled)
2026-09-14 13:53:51.453 Df PeachCommander[22025:11c15] (CoreSpotlight) sConnectionName: com.apple.spotlight.IndexAgent
2026-09-14 13:53:51.453 Df PeachCommander[22025:11c15] (CoreSpotlight) Start service name com.apple.spotlight.IndexAgent
2026-09-14 13:53:51.453 Df PeachCommander[22025:11c15] [com.apple.xpc:connection] [0x85eff1400] activating connection: mach=true listener=false peer=false name=com.apple.spotlight.IndexAgent
2026-09-14 13:53:51.453 I  PeachCommander[22025:11c0c] [com.peachcommander:PCFoundation] MainWindowController initialized (config: <private>)
2026-09-14 13:53:51.453 I  PeachCommander[22025:11c0c] [com.peachcommander:PCFoundation] SelectionState initialized
2026-09-14 13:53:51.454 I  PeachCommander[22025:11c0c] [com.peachcommander:PCFoundation] DirectoryModel initialized
2026-09-14 13:53:51.454 I  PeachCommander[22025:11c0c] [com.peachcommander:PCFoundation] VolumeManager initialized
2026-09-14 13:53:51.454 I  PeachCommander[22025:11c0c] [com.peachcommander:PCFoundation] PanelController initialized for <private> panel
2026-09-14 13:53:51.454 A  PeachCommander[22025:11c11] (RunningBoardServices) didChangeInheritances
2026-09-14 13:53:51.454 I  PeachCommander[22025:11c0c] [com.peachcommander:PCFoundation] SelectionState initialized
2026-09-14 13:53:51.454 I  PeachCommander[22025:11c0c] [com.peachcommander:PCFoundation] DirectoryModel initialized
2026-09-14 13:53:51.454 I  PeachCommander[22025:11c0c] [com.peachcommander:PCFoundation] VolumeManager initialized
2026-09-14 13:53:51.454 I  PeachCommander[22025:11c0c] [com.peachcommander:PCFoundation] PanelController initialized for <private> panel
2026-09-14 13:53:51.457 I  PeachCommander[22025:11c0c] [com.apple.AppKit:Animation] Running new animation: <private>
2026-09-14 13:53:51.457 I  PeachCommander[22025:11c0c] [com.apple.AppKit:Animation] Running new animation: <private>
2026-09-14 13:53:51.457 I  PeachCommander[22025:11c0c] [com.apple.AppKit:Animation] Running new animation: <private>
2026-09-14 13:53:51.457 I  PeachCommander[22025:11c0c] [com.apple.AppKit:Animation] Running new animation: <private>
2026-09-14 13:53:51.457 I  PeachCommander[22025:11c0c] [com.apple.AppKit:Animation] Running new animation: <private>
2026-09-14 13:53:51.459 I  PeachCommander[22025:11c0c] [com.apple.AppKit:Animation] Running new animation: <private>
2026-09-14 13:53:51.459 I  PeachCommander[22025:11c0c] [com.apple.AppKit:Animation] Running new animation: <private>
2026-09-14 13:53:51.459 I  PeachCommander[22025:11c0c] [com.apple.AppKit:Animation] Running new animation: <private>
2026-09-14 13:53:51.459 I  PeachCommander[22025:11c0c] [com.apple.AppKit:Animation] Running new animation: <private>
2026-09-14 13:53:51.459 I  PeachCommander[22025:11c0c] [com.apple.AppKit:Animation] Running new animation: <private>
2026-09-14 13:53:51.465 I  PeachCommander[22025:11c0c] [com.apple.CoreAnalytics:client] Dropping "com.apple.appkit.app_config" as it isn't used in any transform (not in the config or budgeted?)
2026-09-14 13:53:51.467 I  PeachCommander[22025:11c0c] [com.apple.CoreAnalytics:client] Dropping "com.apple.appkit.app_config" as it isn't used in any transform (not in the config or budgeted?)
2026-09-14 13:53:51.471 I  PeachCommander[22025:11c0c] [com.apple.launchservices:datasep] application record search init. Node: <FSNode 0x85f952b60> { isDir = ?, path = <private> } bundleID: (null) itemID: 0
2026-09-14 13:53:51.472 I  PeachCommander[22025:11c0c] [com.apple.GenerativeModels:availability] Current availability state: unavailable, use cases: com.apple.Settings.AppleIntelligence,com.apple.Siri.NLRouter, language: en, api: <private>
2026-09-14 13:53:51.472 Df PeachCommander[22025:11c0c] [com.apple.GenerativeModels:availability] isOkayToHaveAsset: False
2026-09-14 13:53:51.472 E  PeachCommander[22025:11c0c] [com.apple.siri:Utility] AFIsDeviceGreymatterEligible Missing entitlements for os_eligibility lookup
2026-09-14 13:53:51.472 I  PeachCommander[22025:11c0c] [com.apple.GenerativeModels:availability] Current availability state: unavailable, use cases: com.apple.Settings.AppleIntelligence, language: en, api: <private>
2026-09-14 13:53:51.472 Df PeachCommander[22025:11c0c] [com.apple.GenerativeModels:availability] isOkayToHaveAsset: False
2026-09-14 13:53:51.472 Df PeachCommander[22025:11c0c] [com.apple.siri:Utility] -[AFSystemAssistantExperienceStatusManager fetchGenerativeModelsAvailability] #SAEStatus #cacheUpdate Updating cache:
deviceSupportsSAE: 0 (0)
       saeEnabled: 0 (0)
     saeAvailable: 0 (0)
      swaiEnabled: 0 (0)
        viEnabled: 0 (0)
        siriAvailability:
        <private>
        ((null))
2026-09-14 13:53:51.472 Df PeachCommander[22025:11c0c] [com.apple.xpc:connection] [0x85eabc140] activating connection: mach=true listener=false peer=false name=com.apple.iconservices
2026-09-14 13:53:51.473 Df PeachCommander[22025:11c0c] [com.apple.xpc:connection] [0x85eabc280] activating connection: mach=true listener=false peer=false name=com.apple.iconservices.store
2026-09-14 13:53:51.477 I  PeachCommander[22025:11c0c] [com.peachcommander:Theme] no user themes in /Users/admin/pc-cfg/themes
2026-09-14 13:53:51.477 Df PeachCommander[22025:11c0c] [com.apple.AppKit:Appearance] Invalidate NSApp effectiveAppearance
2026-09-14 13:53:51.477 Df PeachCommander[22025:11c0c] [com.apple.AppKit:Appearance] NSApp cache appearance:
-NSRequiresAquaSystemAppearance: 0
-appearance: <NSCompositeAppearance: 0x85ec8d9a0
 (
    "<NSDarkAquaAppearance: 0x85ec8da40>",
    "<NSSystemAppearance: 0x85ec8c6e0>"
)>
-effectiveAppearance: <NSCompositeAppearance: 0x85ec8d9a0
 (
    "<NSDarkAquaAppearance: 0x85ec8da40>",
    "<NSSystemAppearance: 0x85ec8c6e0>"
)>
2026-09-14 13:53:51.479 I  PeachCommander[22025:11c0c] [com.peachcommander:PCFoundation] Theme applied: id=norton, appearance=dark, dark=true, background=#0000AA
2026-09-14 13:53:51.506 I  PeachCommander[22025:11c0c] [com.apple.iconservices:foundation] layer data size zero
2026-09-14 13:53:51.506 I  PeachCommander[22025:11c0c] [com.apple.CoreAnalytics:client] Dropping "com.apple.appkit.app_config" as it isn't used in any transform (not in the config or budgeted?)
2026-09-14 13:53:51.509 I  PeachCommander[22025:11c0c] [com.peachcommander:PCFoundation] Keymap loaded: scheme=<private>, 82 effective bindings
2026-09-14 13:53:51.510 I  PeachCommander[22025:11c0c] [com.apple.AppKit:Animation] Running new animation: <private>
2026-09-14 13:53:51.510 I  PeachCommander[22025:11c0c] [com.apple.AppKit:Animation] Running new animation: <private>
2026-09-14 13:53:51.510 I  PeachCommander[22025:11c0c] [com.apple.AppKit:Animation] Running new animation: <private>
2026-09-14 13:53:51.510 I  PeachCommander[22025:11c0c] [com.apple.AppKit:Animation] Running new animation: <private>
2026-09-14 13:53:51.510 I  PeachCommander[22025:11c0c] [com.apple.AppKit:Animation] Running new animation: <private>
2026-09-14 13:53:51.511 I  PeachCommander[22025:11c0c] [com.apple.AppKit:Animation] Running new animation: <private>
2026-09-14 13:53:51.511 I  PeachCommander[22025:11c0c] [com.apple.AppKit:Animation] Running new animation: <private>
2026-09-14 13:53:51.511 I  PeachCommander[22025:11c0c] [com.apple.AppKit:Animation] Running new animation: <private>
2026-09-14 13:53:51.511 I  PeachCommander[22025:11c0c] [com.apple.AppKit:Animation] Running new animation: <private>
2026-09-14 13:53:51.511 I  PeachCommander[22025:11c0c] [com.apple.AppKit:Animation] Running new animation: <private>
2026-09-14 13:53:51.513 I  PeachCommander[22025:11c0c] [com.apple.CoreAnalytics:client] Dropping "<private>" as it isn't used in any transform (not in the config or budgeted?)
2026-09-14 13:53:51.514 I  PeachCommander[22025:11c0c] [com.apple.CoreAnalytics:client] Dropping "<private>" as it isn't used in any transform (not in the config or budgeted?)
2026-09-14 13:53:51.514 I  PeachCommander[22025:11c0c] [com.apple.CoreAnalytics:client] Dropping "<private>" as it isn't used in any transform (not in the config or budgeted?)
2026-09-14 13:53:51.515 I  PeachCommander[22025:11c0c] [com.peachcommander:PCFoundation] MainWindowController window loaded
2026-09-14 13:53:51.515 I  PeachCommander[22025:11c0c] [com.apple.launchservices:cas] information in shared memory for 0x0-0x11c11c with seed 535 was still valid, so using cached info { "ApplicationType"="Foreground", "BuildMachineOSBuild"="25E246", "BundleIdentifierLowerCase"="com.peachcommander.app", "CFBundleDevelopmentRegion"="en", "CFBundleDocumentTypes"=( { "CFBundleTypeName"="Peach Commander Plugin Package", "CFBundleTypeRole"="Viewer", "LSHandlerRank"="Owner", "LSItemContentTypes"=( "com.peachcommander.plugin-package") }), "CFBundleExecutable"="PeachCommander", "CFBundleExecutablePath"="/Users/admin/pc-test/PeachCommander.app/Contents/MacOS/PeachCommander", "CFBundleExecutablePathDeviceID"=16777227, "CFBundleExecutablePathINode"=488284, "CFBundleHelpBookFolder"="PeachCommander.help", "CFBundleHelpBookName"="Peach Commander Help", "CFBundleIconFile"="AppIcon", "CFBundleIconName"="AppIcon", "CFBundleIdentifier"="com.peachcommander.app", "CFBundleInfoDictionaryVersion"="6.0", "CFBundleName"="PeachCommander", "CFBundleNameLowerCase"="peachcommander", "CFBundleNumericVersion"=402685952, "CFBundlePackageType"="APPL", "CFBundleShortVersionString"="0.9.0", "CFBun<…>
2026-09-14 13:53:51.515 I  PeachCommander[22025:11c0c] [com.apple.launchservices:cas] information in shared memory for 0x0-0x11c11c with seed 535 was still valid, so using cached info { "ApplicationType"="Foreground", "BuildMachineOSBuild"="25E246", "BundleIdentifierLowerCase"="com.peachcommander.app", "CFBundleDevelopmentRegion"="en", "CFBundleDocumentTypes"=( { "CFBundleTypeName"="Peach Commander Plugin Package", "CFBundleTypeRole"="Viewer", "LSHandlerRank"="Owner", "LSItemContentTypes"=( "com.peachcommander.plugin-package") }), "CFBundleExecutable"="PeachCommander", "CFBundleExecutablePath"="/Users/admin/pc-test/PeachCommander.app/Contents/MacOS/PeachCommander", "CFBundleExecutablePathDeviceID"=16777227, "CFBundleExecutablePathINode"=488284, "CFBundleHelpBookFolder"="PeachCommander.help", "CFBundleHelpBookName"="Peach Commander Help", "CFBundleIconFile"="AppIcon", "CFBundleIconName"="AppIcon", "CFBundleIdentifier"="com.peachcommander.app", "CFBundleInfoDictionaryVersion"="6.0", "CFBundleName"="PeachCommander", "CFBundleNameLowerCase"="peachcommander", "CFBundleNumericVersion"=402685952, "CFBundlePackageType"="APPL", "CFBundleShortVersionString"="0.9.0", "CFBun<…>
2026-09-14 13:53:51.524 I  PeachCommander[22025:11c0c] [com.apple.AppKit:Window] order window front conditionally: 47e related: 0
2026-09-14 13:53:51.524 Df PeachCommander[22025:11c0c] [com.apple.AppKit:AutomaticTermination] void _NSEnableAutomaticTerminationAndLog(NSString *) No windows open yet
2026-09-14 13:53:51.524 I  PeachCommander[22025:11c0c] [com.apple.AppKit:Intelligence] starting collection observation
2026-09-14 13:53:51.524 Df PeachCommander[22025:11c15] [com.apple.UIIntelligenceSupport:xpc] establishing connection to agent
2026-09-14 13:53:51.524 Df PeachCommander[22025:11c15] [com.apple.xpc:session] [0x85e4795e0] Session created.
2026-09-14 13:53:51.524 Df PeachCommander[22025:11c15] [com.apple.xpc:session] [0x85e4795e0] Session created from connection [0x85eabe440]
2026-09-14 13:53:51.524 Df PeachCommander[22025:11c15] [com.apple.xpc:connection] [0x85eabe440] activating connection: mach=true listener=false peer=false name=com.apple.uiintelligencesupport.agent
2026-09-14 13:53:51.524 Df PeachCommander[22025:11c15] [com.apple.xpc:session] [0x85e4795e0] Session activated
2026-09-14 13:53:51.524 I  PeachCommander[22025:11c0c] [com.apple.SkyLight:processes] 0[outside of RPC]: SLSSetFrontProcessWithInfo(0x0-0x2 window=0 options=0x1
2026-09-14 13:53:51.524 Df PeachCommander[22025:11c15] [com.apple.UIIntelligenceSupport:xpc] Connection established with agent PID: 1213
2026-09-14 13:53:51.525 I  PeachCommander[22025:11c0c] [com.apple.launchservices:cas] information in shared memory for 0x0-0x11c11c with seed 535 was still valid, so using cached info { "ApplicationType"="Foreground", "BuildMachineOSBuild"="25E246", "BundleIdentifierLowerCase"="com.peachcommander.app", "CFBundleDevelopmentRegion"="en", "CFBundleDocumentTypes"=( { "CFBundleTypeName"="Peach Commander Plugin Package", "CFBundleTypeRole"="Viewer", "LSHandlerRank"="Owner", "LSItemContentTypes"=( "com.peachcommander.plugin-package") }), "CFBundleExecutable"="PeachCommander", "CFBundleExecutablePath"="/Users/admin/pc-test/PeachCommander.app/Contents/MacOS/PeachCommander", "CFBundleExecutablePathDeviceID"=16777227, "CFBundleExecutablePathINode"=488284, "CFBundleHelpBookFolder"="PeachCommander.help", "CFBundleHelpBookName"="Peach Commander Help", "CFBundleIconFile"="AppIcon", "CFBundleIconName"="AppIcon", "CFBundleIdentifier"="com.peachcommander.app", "CFBundleInfoDictionaryVersion"="6.0", "CFBundleName"="PeachCommander", "CFBundleNameLowerCase"="peachcommander", "CFBundleNumericVersion"=402685952, "CFBundlePackageType"="APPL", "CFBundleShortVersionString"="0.9.0", "CFBun<…>
2026-09-14 13:53:51.525 Df PeachCommander[22025:11c0c] [com.apple.xpc:connection] [0x85eabe580] activating connection: mach=true listener=false peer=false name=com.apple.FileCoordination
2026-09-14 13:53:51.525 Df PeachCommander[22025:11c15] [com.apple.foundation.filecoordination:presenter] Adding presenter 053B637B-9C78-4FF4-97F4-80151E95F5D1 for URL: <private>
2026-09-14 13:53:51.525 I  PeachCommander[22025:11c0c] [com.apple.launchservices:cas] information in shared memory for 0x0-0x11c11c with seed 535 was still valid, so using cached info { "ApplicationType"="Foreground", "BuildMachineOSBuild"="25E246", "BundleIdentifierLowerCase"="com.peachcommander.app", "CFBundleDevelopmentRegion"="en", "CFBundleDocumentTypes"=( { "CFBundleTypeName"="Peach Commander Plugin Package", "CFBundleTypeRole"="Viewer", "LSHandlerRank"="Owner", "LSItemContentTypes"=( "com.peachcommander.plugin-package") }), "CFBundleExecutable"="PeachCommander", "CFBundleExecutablePath"="/Users/admin/pc-test/PeachCommander.app/Contents/MacOS/PeachCommander", "CFBundleExecutablePathDeviceID"=16777227, "CFBundleExecutablePathINode"=488284, "CFBundleHelpBookFolder"="PeachCommander.help", "CFBundleHelpBookName"="Peach Commander Help", "CFBundleIconFile"="AppIcon", "CFBundleIconName"="AppIcon", "CFBundleIdentifier"="com.peachcommander.app", "CFBundleInfoDictionaryVersion"="6.0", "CFBundleName"="PeachCommander", "CFBundleNameLowerCase"="peachcommander", "CFBundleNumericVersion"=402685952, "CFBundlePackageType"="APPL", "CFBundleShortVersionString"="0.9.0", "CFBun<…>
2026-09-14 13:53:51.528 I  PeachCommander[22025:11c0c] [com.apple.AppKit:Window] order all windows front 1485080891291
2026-09-14 13:53:51.528 I  PeachCommander[22025:11c0c] [com.apple.launchservices:cas] information in shared memory for 0x0-0x11c11c with seed 535 was still valid, so using cached info { "ApplicationType"="Foreground", "BuildMachineOSBuild"="25E246", "BundleIdentifierLowerCase"="com.peachcommander.app", "CFBundleDevelopmentRegion"="en", "CFBundleDocumentTypes"=( { "CFBundleTypeName"="Peach Commander Plugin Package", "CFBundleTypeRole"="Viewer", "LSHandlerRank"="Owner", "LSItemContentTypes"=( "com.peachcommander.plugin-package") }), "CFBundleExecutable"="PeachCommander", "CFBundleExecutablePath"="/Users/admin/pc-test/PeachCommander.app/Contents/MacOS/PeachCommander", "CFBundleExecutablePathDeviceID"=16777227, "CFBundleExecutablePathINode"=488284, "CFBundleHelpBookFolder"="PeachCommander.help", "CFBundleHelpBookName"="Peach Commander Help", "CFBundleIconFile"="AppIcon", "CFBundleIconName"="AppIcon", "CFBundleIdentifier"="com.peachcommander.app", "CFBundleInfoDictionaryVersion"="6.0", "CFBundleName"="PeachCommander", "CFBundleNameLowerCase"="peachcommander", "CFBundleNumericVersion"=402685952, "CFBundlePackageType"="APPL", "CFBundleShortVersionString"="0.9.0", "CFBun<…>
2026-09-14 13:53:51.528 I  PeachCommander[22025:11c0c] [com.apple.showhide:pr-59900543] SHOWHIDE: CONFIRM, id=480, err=0
2026-09-14 13:53:51.528 I  PeachCommander[22025:11c0c] [com.apple.AppKit:Window] context (0 -> 63d01e66) for window 47d
2026-09-14 13:53:51.528 I  PeachCommander[22025:11c0c] [com.apple.AppKit:Window] context (0 -> a0b06917) for window 47c
2026-09-14 13:53:51.528 I  PeachCommander[22025:11c0c] [com.apple.AppKit:Window] context (0 -> 343b9c44) for window 47b
2026-09-14 13:53:51.528 I  PeachCommander[22025:11c0c] [com.apple.AppKit:Window] context (0 -> 829fa092) for window 47a
2026-09-14 13:53:51.545 I  PeachCommander[22025:11c0c] [com.apple.iconservices:foundation] layer data size zero
2026-09-14 13:53:51.554 Df PeachCommander[22025:11c0c] [com.apple.AppKit:AutomaticTermination] void _updateToReflectAutomaticTerminationState(void) Setting _kLSApplicationWouldBeTerminatedByTALKey=0
2026-09-14 13:53:51.555 I  PeachCommander[22025:11c0c] [com.apple.runningboard:assertion] Acquiring assertion: <RBSAssertionDescriptor| "AppNap adapter assertion" ID:(null) target:22025>
2026-09-14 13:53:51.588 A  PeachCommander[22025:11c17] (RunningBoardServices) didChangeInheritances
2026-09-14 13:53:51.613 Df PeachCommander[22025:11c0c] [com.apple.libsystem.libdispatch:] DEPRECATED USE in libdispatch client: dispatch source activated with no event handler set; set a breakpoint on _dispatch_bug_deprecated to debug
2026-09-14 13:53:51.713 I  PeachCommander[22025:11c0c] [com.apple.coreanimation:Utilities] IOSurface Compression Enabled: NO
2026-09-14 13:53:51.714 Df PeachCommander[22025:11c1e] [com.apple.coreanimation:Metal] Precompiled pipelines disabled on unsupported hardware.
2026-09-14 13:53:51.728 I  PeachCommander[22025:11c0c] [com.apple.CarbonCore:gestalt] SetGestaltValuesBulk SetGestaltValuesBulk( count=22 tuples=0x184a9e650
2026-09-14 13:53:51.728 I  PeachCommander[22025:11c0c] [com.apple.CarbonCore:gestalt] SetGestaltValue SetGestaltValue(alis 1C9) => 0
2026-09-14 13:53:51.728 I  PeachCommander[22025:11c0c] [com.apple.CarbonCore:gestalt] SetGestaltValue SetGestaltValue(os   FE) => 0
2026-09-14 13:53:51.728 I  PeachCommander[22025:11c0c] [com.apple.CarbonCore:gestalt] SetGestaltValue SetGestaltValue(addr 7) => 0
2026-09-14 13:53:51.728 I  PeachCommander[22025:11c0c] [com.apple.CarbonCore:gestalt] SetGestaltValue SetGestaltValue(fs   3D332) => 0
2026-09-14 13:53:51.728 I  PeachCommander[22025:11c0c] [com.apple.CarbonCore:gestalt] SetGestaltValue SetGestaltValue(fold 11) => 0
2026-09-14 13:53:51.728 I  PeachCommander[22025:11c0c] [com.apple.CarbonCore:gestalt] SetGestaltValue SetGestaltValue(lram 7FFFF000) => 0
2026-09-14 13:53:51.728 I  PeachCommander[22025:11c0c] [com.apple.CarbonCore:gestalt] SetGestaltValue SetGestaltValue(mmap 1) => 0
2026-09-14 13:53:51.728 I  PeachCommander[22025:11c0c] [com.apple.CarbonCore:gestalt] SetGestaltValue SetGestaltValue(cfrg 1) => 0
2026-09-14 13:53:51.728 I  PeachCommander[22025:11c0c] [com.apple.CarbonCore:gestalt] SetGestaltValue SetGestaltValue(thds 7) => 0
2026-09-14 13:53:51.728 I  PeachCommander[22025:11c0c] [com.apple.CarbonCore:gestalt] SetGestaltValue SetGestaltValue(tmgr E) => 0
2026-09-14 13:53:51.728 I  PeachCommander[22025:11c0c] [com.apple.CarbonCore:gestalt] SetGestaltValue SetGestaltValue(vers 7) => 0
2026-09-14 13:53:51.728 I  PeachCommander[22025:11c0c] [com.apple.CarbonCore:gestalt] SetGestaltValue SetGestaltValue(cbon 160) => 0
2026-09-14 13:53:51.728 I  PeachCommander[22025:11c0c] [com.apple.CarbonCore:gestalt] SetGestaltValue SetGestaltValue(cltn 1108000) => 0
2026-09-14 13:53:51.728 I  PeachCommander[22025:11c0c] [com.apple.CarbonCore:gestalt] SetGestaltValue SetGestaltValue(cpnt 8) => 0
2026-09-14 13:53:51.728 I  PeachCommander[22025:11c0c] [com.apple.CarbonCore:gestalt] SetGestaltValue SetGestaltValue(rsrc 3) => 0
2026-09-14 13:53:51.728 I  PeachCommander[22025:11c0c] [com.apple.CarbonCore:gestalt] SetGestaltValue SetGestaltValue(rmbg 11F) => 0
2026-09-14 13:53:51.728 I  PeachCommander[22025:11c0c] [com.apple.CarbonCore:gestalt] SetGestaltValue SetGestaltValue(vm   11) => 0
2026-09-14 13:53:51.728 I  PeachCommander[22025:11c0c] [com.apple.CarbonCore:gestalt] SetGestaltValue SetGestaltValue(srad 4170706C) => 0
2026-09-14 13:53:51.728 I  PeachCommander[22025:11c0c] [com.apple.CarbonCore:gestalt] SetGestaltValue SetGestaltValue(sysa 14) => 0
2026-09-14 13:53:51.728 I  PeachCommander[22025:11c0c] [com.apple.CarbonCore:gestalt] SetGestaltValue SetGestaltValue(copl 9) => 0
2026-09-14 13:53:51.728 I  PeachCommander[22025:11c0c] [com.apple.CarbonCore:gestalt] SetGestaltValue SetGestaltValue(xlat 0) => 0
2026-09-14 13:53:51.728 I  PeachCommander[22025:11c0c] [com.apple.CarbonCore:gestalt] SetGestaltValue SetGestaltValue(stdf 0) => 0
2026-09-14 13:53:51.728 I  PeachCommander[22025:11c0c] [com.apple.CarbonCore:gestalt] _NewGestalt _NewGestalt(ram  0x184a17644) => 0
2026-09-14 13:53:51.728 I  PeachCommander[22025:11c0c] [com.apple.CarbonCore:gestalt] _NewGestalt _NewGestalt(ramm 0x184a17644) => 0
2026-09-14 13:53:51.728 I  PeachCommander[22025:11c0c] [com.apple.CarbonCore:gestalt] _NewGestalt _NewGestalt(cput 0x184a17734) => 0
2026-09-14 13:53:51.728 I  PeachCommander[22025:11c0c] [com.apple.CarbonCore:gestalt] _NewGestalt _NewGestalt(cpuf 0x184a17764) => 0
2026-09-14 13:53:51.728 I  PeachCommander[22025:11c0c] [com.apple.CarbonCore:gestalt] _NewGestalt _NewGestalt(bclk 0x184a17794) => 0
2026-09-14 13:53:51.728 I  PeachCommander[22025:11c0c] [com.apple.CarbonCore:gestalt] _NewGestalt _NewGestalt(bclm 0x184a17794) => 0
2026-09-14 13:53:51.728 I  PeachCommander[22025:11c0c] [com.apple.CarbonCore:gestalt] _NewGestalt _NewGestalt(pclk 0x184a17834) => 0
2026-09-14 13:53:51.728 I  PeachCommander[22025:11c0c] [com.apple.CarbonCore:gestalt] _NewGestalt _NewGestalt(mclk 0x184a17834) => 0
2026-09-14 13:53:51.728 I  PeachCommander[22025:11c0c] [com.apple.CarbonCore:gestalt] _NewGestalt _NewGestalt(a/ux 0x184a1794c) => 0
2026-09-14 13:53:51.728 I  PeachCommander[22025:11c0c] [com.apple.CarbonCore:gestalt] _NewGestalt _NewGestalt(pgsz 0x184a17954) => 0
2026-09-14 13:53:51.728 I  PeachCommander[22025:11c0c] [com.apple.CarbonCore:gestalt] _NewGestalt _NewGestalt(csiz 0x184a17994) => 0
2026-09-14 13:53:51.728 I  PeachCommander[22025:11c0c] [com.apple.CarbonCore:gestalt] _NewGestalt _NewGestalt(sysv 0x1849c2dfc) => 0
2026-09-14 13:53:51.728 I  PeachCommander[22025:11c0c] [com.apple.CarbonCore:gestalt] _NewGestalt _NewGestalt(sys1 0x1849c2dfc) => 0
2026-09-14 13:53:51.728 I  PeachCommander[22025:11c0c] [com.apple.CarbonCore:gestalt] _NewGestalt _NewGestalt(sys2 0x1849c2dfc) => 0
2026-09-14 13:53:51.728 I  PeachCommander[22025:11c0c] [com.apple.CarbonCore:gestalt] _NewGestalt _NewGestalt(sys3 0x1849c2dfc) => 0
2026-09-14 13:53:51.728 I  PeachCommander[22025:11c0c] [com.apple.CarbonCore:gestalt] _NewGestalt _NewGestalt(cdfl 0x184a179d4) => 0
2026-09-14 13:53:51.728 I  PeachCommander[22025:11c0c] [com.apple.CarbonCore:gestalt] _NewGestalt _NewGestalt(cdrm 0x184a17c30) => 0
2026-09-14 13:53:51.728 I  PeachCommander[22025:11c0c] [com.apple.CarbonCore:gestalt] _NewGestalt _NewGestalt(cpus 0x184a17c78) => 0
2026-09-14 13:53:51.728 I  PeachCommander[22025:11c0c] [com.apple.CarbonCore:gestalt] SetGestaltValue SetGestaltValue(swex 1) => 0
2026-09-14 13:53:51.728 Df PeachCommander[22025:11c0c] [com.apple.xpc:connection] [0x85eabf980] activating connection: mach=false listener=false peer=false name=com.apple.hiservices-xpcservice
2026-09-14 13:53:51.730 I  PeachCommander[22025:11c0c] [com.apple.CFPasteboard:entry] CopyData('ApplePerContextInputPasteboard' (<CFUUID 0x85e45b500> 90F54DAD-D8C6-4494-AC6B-A376C8734AC7) gen: -1 item: 1264739405 flavor: 'ApplePerContextInputFlavor')
2026-09-14 13:53:51.730 I  PeachCommander[22025:11c0c] [com.apple.CFPasteboard:cache] Rebuilding cache for 'ApplePerContextInputPasteboard' (<CFUUID 0x85e45b500> 90F54DAD-D8C6-4494-AC6B-A376C8734AC7)
2026-09-14 13:53:51.730 I  PeachCommander[22025:11c0c] [com.apple.CFPasteboard:general] Will request data from daemon
2026-09-14 13:53:51.730 I  PeachCommander[22025:11c0c] [com.apple.CFPasteboard:exit] (not-in-cache) - result: 0 generation: 1 data (182 bytes) flags: 0
2026-09-14 13:53:51.730 I  PeachCommander[22025:11c0c] [com.apple.CFPasteboard:entry] CopyData('DefaultAsciiKeyboardLayoutPasteboard' (<CFUUID 0x85ed5c780> B970A8F4-6DEF-4B5C-A17B-8FEB926039DF) gen: -1 item: 1264739405 flavor: 'DefaultAsciiKeyboardLayoutFlavor')
2026-09-14 13:53:51.730 I  PeachCommander[22025:11c0c] [com.apple.CFPasteboard:exit] (not-in-cache) - result: -8 generation: 0 null data flags: 0
2026-09-14 13:53:51.733 I  PeachCommander[22025:11c0c] [com.apple.AppKit:Window] context (0 -> d32e88d7) for window 47f
2026-09-14 13:53:51.733 Df PeachCommander[22025:11c0c] [com.apple.inputmethodkitClient:Client] +[IMKClient subclass]: chose IMKClient_Modern
2026-09-14 13:53:51.734 Df PeachCommander[22025:11c0c] [com.apple.BoardServices:XPCErrors] [C:2] Alloc com.apple.backboard.hid-services.xpc
2026-09-14 13:53:51.734 Df PeachCommander[22025:11c0c] [com.apple.xpc:connection] [0x85eabfac0] activating connection: mach=false listener=false peer=false name=(anonymous)
2026-09-14 13:53:51.734 E  PeachCommander[22025:11c17] [com.apple.BaseBoard:Common] Unable to obtain a task name port right for pid 168: (os/kern) failure (0x5)
2026-09-14 13:53:51.734 Df PeachCommander[22025:11c17] [com.apple.xpc:connection] [0x85eabe940] activating connection: mach=false listener=false peer=false name=com.apple.TextInputUI.xpc.CursorUIViewService
2026-09-14 13:53:51.734 Df PeachCommander[22025:11c17] [com.apple.xpc:connection] [0x85eabe940] invalidated after the last release of the connection object
2026-09-14 13:53:51.734 I  PeachCommander[22025:11c0c] [com.apple.CFPasteboard:entry] CopyData('DefaultAsciiKeyboardLayoutPasteboard' (<CFUUID 0x85ed5c780> B970A8F4-6DEF-4B5C-A17B-8FEB926039DF) gen: -1 item: 1264739405 flavor: 'DefaultAsciiKeyboardLayoutFlavor')
2026-09-14 13:53:51.734 I  PeachCommander[22025:11c0c] [com.apple.CFPasteboard:exit] (not-in-cache) - result: -8 generation: 0 null data flags: 0
2026-09-14 13:53:51.735 Df PeachCommander[22025:11c0c] [com.apple.xpc:connection] [0x85eabe6c0] activating connection: mach=false listener=false peer=false name=(anonymous)
2026-09-14 13:53:51.735 Df PeachCommander[22025:11c0c] [com.apple.xpc:connection] [0x85eabe940] activating connection: mach=false listener=false peer=false name=com.apple.ViewBridgeAuxiliary
2026-09-14 13:53:51.735 Df PeachCommander[22025:11c0c] [com.apple.xpc:connection] [0x85eabe1c0] activating connection: mach=false listener=false peer=false name=(anonymous)
2026-09-14 13:53:51.735 Df PeachCommander[22025:11c0c] [com.apple.xpc:connection] [0x85eabe940] invalidated after the last release of the connection object
2026-09-14 13:53:51.751 Df PeachCommander[22025:11c0c] [com.apple.TextInputUI:CursorUI] -[TUINSCursorUIController activate:]_block_invoke: Create CursorUIViewService: TUINSRemoteViewController
2026-09-14 13:53:51.751 I  PeachCommander[22025:11c0c] [com.apple.AppKit:Window] window <TUINSWindow: 0x85e45e300> windowNumber=47f finishing close
2026-09-14 13:53:51.751 I  PeachCommander[22025:11c0c] [com.apple.AppKit:Window] order window: 47f op: 0 relative: 0 related: 0
2026-09-14 13:53:51.753 A  PeachCommander[22025:11c15] (CoreFoundation) Loading Preferences From System CFPrefsD
2026-09-14 13:53:51.844 I  PeachCommander[22025:11c0c] [com.apple.iconservices:foundation] layer data size zero
2026-09-14 13:53:51.845 A  PeachCommander[22025:11c0c] (CoreFoundation) Loading Preferences From User CFPrefsD
2026-09-14 13:53:51.845 I  PeachCommander[22025:11c0c] [com.apple.CoreAnalytics:client] Dropping "com.apple.ImageIO.readerSelection" as it isn't used in any transform (not in the config or budgeted?)
2026-09-14 13:53:51.863 I  PeachCommander[22025:11c0c] [com.apple.CoreAnalytics:client] Dropping "com.apple.appkit.app_config" as it isn't used in any transform (not in the config or budgeted?)
2026-09-14 13:53:51.863 I  PeachCommander[22025:11c0c] [com.apple.SafariPlatformSupport:SafariPlatformSupport] -[SFSafariPlatformSupport credentialSelected:] with nil credential
2026-09-14 13:53:51.863 I  PeachCommander[22025:11c0c] [com.apple.SafariPlatformSupport:SafariPlatformSupport] -[SFSafariPlatformSupport oneTimeCodeSelected:] with nil code
2026-09-14 13:53:51.863 Df PeachCommander[22025:11c15] [com.apple.xpc:connection] [0x85eabe940] activating connection: mach=false listener=false peer=false name=com.apple.SafariPlatformSupport.Helper
2026-09-14 13:53:51.870 A  PeachCommander[22025:11c17] (libsystem_info.dylib) Retrieve Group by ID
2026-09-14 13:53:51.870 Df PeachCommander[22025:11c0c] [com.apple.BoardServices:XPCErrors] [C:3] Alloc com.apple.backboard.hid-services.xpc
2026-09-14 13:53:51.870 Df PeachCommander[22025:11c0c] [com.apple.xpc:connection] [0x85eabdcc0] activating connection: mach=false listener=false peer=false name=(anonymous)
2026-09-14 13:53:51.871 Df PeachCommander[22025:11c1f] [com.apple.BackBoard:EventDelivery] BKSHIDEventDeliveryManager - connection activation
2026-09-14 13:53:51.871 I  PeachCommander[22025:11c0c] [com.peachcommander:PCFoundation] Session restored
2026-09-14 13:53:51.871 Df PeachCommander[22025:11c0c] (Foundation) <private>
2026-09-14 13:53:51.871 I  PeachCommander[22025:11c0c] [com.peachcommander:PCFoundation] [automation] running /Users/admin/auto.txt
2026-09-14 13:53:51.871 Df PeachCommander[22025:11c0c] (Foundation) <private>
2026-09-14 13:53:51.871 I  PeachCommander[22025:11c0c] [com.peachcommander:PCFoundation] [automation] > probe /Users/admin/md-escape-seed.txt|mkdir -p ~/pc-mdesc && { printf '# Roh-HTML\134n\134n<script>document.title="RAN"</script>\134n\134n'; printf '![p](http://127.0.0.1:8899/mdesc.png)\134n'; } > ~/pc-mdesc/raw.md && wc -c < ~/pc-mdesc/raw.md
2026-09-14 13:53:51.880 Df PeachCommander[22025:11c0c] (Foundation) <private>
2026-09-14 13:53:51.880 I  PeachCommander[22025:11c0c] [com.peachcommander:PCFoundation] [automation] > wait 800
2026-09-14 13:53:51.926 Df PeachCommander[22025:11c0c] [com.apple.xpc:connection] [0x85eabdb80] activating connection: mach=false listener=false peer=false name=(anonymous)
2026-09-14 13:53:51.926 Df PeachCommander[22025:11c0c] [com.apple.xpc:connection] [0x85eabf0c0] activating connection: mach=false listener=false peer=false name=(anonymous)
2026-09-14 13:53:51.954 I  PeachCommander[22025:11cb0] [com.apple.AppKit:WindowTab] Indexing 1 items
2026-09-14 13:53:51.954 A  PeachCommander[22025:11cb0] (CoreSpotlight) end-index-batch
2026-09-14 13:53:51.954 Df PeachCommander[22025:11cb0] [com.apple.corespotlight:index] *warn* MailCS ======%%% _setMailMessageAttributes skip:1
2026-09-14 13:53:51.954 A  PeachCommander[22025:11cb0] (CoreSpotlight) index-items
2026-09-14 13:53:51.954 Df PeachCommander[22025:11cb0] [com.apple.corespotlight:index] CSInlineDonation:<private>: Skipping donation (feature flag disabled)
2026-09-14 13:53:51.954 Df PeachCommander[22025:11cb0] [com.apple.corespotlight:index] CSInlineDonation:<private>: Skipping donation (feature flag disabled)
2026-09-14 13:53:51.974 I  PeachCommander[22025:11c0c] [com.apple.launchservices:datasep] application record search init. Node: <FSNode 0x85ff11ac0> { isDir = y, path = <private> } bundleID: (null) itemID: 0
2026-09-14 13:53:51.975 I  PeachCommander[22025:11c0c] [com.apple.launchservices:datasep] application record search init. Node: <FSNode 0x85ff11ac0> { isDir = y, path = <private> } bundleID: (null) itemID: 0
2026-09-14 13:53:51.975 I  PeachCommander[22025:11c0c] [com.apple.SafariPlatformSupport:SafariPlatformSupport] -[SFSafariPlatformSupport credentialSelected:] with nil credential
2026-09-14 13:53:51.975 I  PeachCommander[22025:11c0c] [com.apple.SafariPlatformSupport:SafariPlatformSupport] -[SFSafariPlatformSupport oneTimeCodeSelected:] with nil code
2026-09-14 13:53:52.066 I  PeachCommander[22025:11c0c] [com.apple.HIToolbox:MBDisplays] <private>
2026-09-14 13:53:52.066 I  PeachCommander[22025:11c0c] [com.apple.HIToolbox:MBDisplays] <private>
2026-09-14 13:53:52.158 Df PeachCommander[22025:11c17] [com.apple.xpc:connection] [0x85eabe940] invalidated after the last release of the connection object
2026-09-14 13:53:52.158 I  PeachCommander[22025:11c0c] [com.apple.launchservices:cas] Removing cached information for app [ 0x0-0x11c11c]  "PeachCommander", as its seed is different from that in shared memory ( 535 vs 537)
2026-09-14 13:53:52.327 I  PeachCommander[22025:11c0c] [com.apple.SafariPlatformSupport:SafariPlatformSupport] -[SPSafariPlatformSupport completionListPreferredContentSizeDidUpdate] with size {0, 0}, in window that is visible
2026-09-14 13:53:52.968 Df PeachCommander[22025:11c0c] (Foundation) <private>
2026-09-14 13:53:52.968 I  PeachCommander[22025:11c0c] [com.peachcommander:PCFoundation] [automation] > view /Users/admin/pc-mdesc/raw.md
2026-09-14 13:53:52.968 Df PeachCommander[22025:11c0c] (Foundation) <private>
2026-09-14 13:53:52.968 I  PeachCommander[22025:11c0c] [com.peachcommander:PCFoundation] [automation] > wait 4000
2026-09-14 13:53:52.991 I  PeachCommander[22025:11c0c] [com.apple.AppKit:Animation] Running new animation: <private>
2026-09-14 13:53:52.991 I  PeachCommander[22025:11c0c] [com.apple.AppKit:Animation] Running new animation: <private>
2026-09-14 13:53:52.991 I  PeachCommander[22025:11c0c] [com.apple.AppKit:Animation] Running new animation: <private>
2026-09-14 13:53:52.991 I  PeachCommander[22025:11c0c] [com.apple.AppKit:Animation] Running new animation: <private>
2026-09-14 13:53:52.991 I  PeachCommander[22025:11c0c] [com.apple.AppKit:Animation] Running new animation: <private>
2026-09-14 13:53:52.998 I  PeachCommander[22025:11c0c] [com.apple.AppKit:Window] context (0 -> 5a2dad03) for window 482
2026-09-14 13:53:53.004 I  PeachCommander[22025:11c0c] [com.apple.AppKit:Animation] Running new animation: <private>
2026-09-14 13:53:53.004 I  PeachCommander[22025:11c0c] [com.apple.AppKit:Animation] Running new animation: <private>
2026-09-14 13:53:53.004 I  PeachCommander[22025:11c0c] [com.apple.AppKit:Animation] Running new animation: <private>
2026-09-14 13:53:53.004 I  PeachCommander[22025:11c0c] [com.apple.AppKit:Animation] Running new animation: <private>
2026-09-14 13:53:53.004 I  PeachCommander[22025:11c0c] [com.apple.AppKit:Animation] Running new animation: <private>
2026-09-14 13:53:53.034 A  PeachCommander[22025:11c0c] (TCC) TCCAccessRequest() IPC
2026-09-14 13:53:53.034 Df PeachCommander[22025:11c0c] [com.apple.xpc:connection] [0x85df73200] activating connection: mach=true listener=false peer=false name=com.apple.tccd
2026-09-14 13:53:53.034 I  PeachCommander[22025:11c0c] [com.apple.TCC:access] SEND: 0/7 synchronous to com.apple.tccd: request: msgID=22025.2, function=TCCAccessRequest, service=kTCCServiceMicrophone,
2026-09-14 13:53:53.036 I  PeachCommander[22025:11c0c] [com.apple.TCC:access] RECV: synchronous reply <dictionary: 0x85df7be00> { count = 5, transaction: 0, voucher = 0x0, contents =
	"prompt_type" => <uint64: 0xb9f24d18fd04df57>: 1
	"auth_value" => <uint64: 0xb9f24d18fd04df57>: 1
	"preflight_unknown" => <bool: 0x1ee1ad190>: true
	"auth_version" => <uint64: 0xb9f24d18fd04df57>: 1
	"auth_reason" => <uint64: 0xb9f24d18fd04df5f>: 0
}
2026-09-14 13:53:53.036 Df PeachCommander[22025:11c0c] [com.apple.xpc:connection] [0x85df73200] invalidated after the last release of the connection object
2026-09-14 13:53:53.036 Df PeachCommander[22025:11c0c] (WebKit) 0x11e0640e0 - [PID=0] WebProcessCache::updateCapacity: Cache is disabled because process swap on navigation is disabled
2026-09-14 13:53:53.041 A  PeachCommander[22025:11c0c] (CoreFoundation) Updating Key-Value Observers Of Preferences
2026-09-14 13:53:53.043 I  PeachCommander[22025:11cb1] [com.apple.WebPrivacy:XPC] Connecting to system daemon: com.apple.webprivacyd
2026-09-14 13:53:53.043 Df PeachCommander[22025:11cb1] [com.apple.xpc:connection] [0x85df73200] activating connection: mach=true listener=false peer=false name=com.apple.webprivacyd
2026-09-14 13:53:53.043 Df PeachCommander[22025:11c0c] [com.apple.WebKit:Storage] 0x85dfa7488 - WebsiteDataStore::WebsiteDataStore sessionID=1 identifier=null
2026-09-14 13:53:53.043 Df PeachCommander[22025:11c0c] [com.apple.WebKit:Process] 0x85dfa6f88 - PageConfiguration::delaysWebProcessLaunchUntilFirstLoad() -> true because of associated processPool value
2026-09-14 13:53:53.043 Df PeachCommander[22025:11c0c] [com.apple.WebKit:Process] 0x85e9cde08 - WebProcessPool::createWebPage: delaying WebProcess launch until first load
2026-09-14 13:53:53.043 Df PeachCommander[22025:11c0c] [com.apple.WebKit:Process] 0x11e0a00c0 - [PID=0] WebProcessProxy::constructor:
2026-09-14 13:53:53.043 Df PeachCommander[22025:11c0c] [com.apple.WebKit:Loading] 0x861254018 - [pageProxyID=5, webPageID=6, PID=0] WebPageProxy::constructor, site isolation enabled 0
2026-09-14 13:53:53.043 Df PeachCommander[22025:11c0c] [com.apple.WebKit:ActivityState] PageClientImpl 0x11e064150 isViewVisible(): viewWindow 0x0, window visible 0, view hidden 0, window occluded 0
2026-09-14 13:53:53.043 Df PeachCommander[22025:11c0c] [com.apple.WebKit:ActivityState] PageClientImpl 0x11e064150 isViewVisible(): viewWindow 0x0, window visible 0, view hidden 0, window occluded 0
2026-09-14 13:53:53.043 Df PeachCommander[22025:11c0c] [com.apple.WebKit:ActivityState] PageClientImpl 0x11e064150 isViewVisible(): viewWindow 0x0, window visible 0, view hidden 0, window occluded 0
2026-09-14 13:53:53.044 Df PeachCommander[22025:11c0c] [com.apple.WebKit:Process] 0x11e0a00c0 - [PID=0] WebProcessProxy::addExistingWebPage: webPage=0x861254018, pageProxyID=5, webPageID=6
2026-09-14 13:53:53.044 Df PeachCommander[22025:11c0c] [com.apple.WebKit:ProcessSwapping] 0x11e0640e0 - [PID=0] WebProcessCache::updateCapacity: Cache is disabled by client
2026-09-14 13:53:53.044 Df PeachCommander[22025:11c0c] [com.apple.xpc:connection] [0x85df73480] activating connection: mach=false listener=false peer=false name=com.apple.WebKit.GPU
2026-09-14 13:53:53.044 Df PeachCommander[22025:11c0c] [com.apple.WebKit:ProcessSuspension] 0x11e1040c0 - [PID=0, throttler=0x11e100280] ProcessThrottler::Activity::Activity: Starting foreground activity / 'Process initialization'
2026-09-14 13:53:53.046 Df PeachCommander[22025:11c0c] [com.apple.xpc:connection] [0x85df73340] activating connection: mach=true listener=false peer=false name=com.apple.cvmsServ
2026-09-14 13:53:53.047 Df PeachCommander[22025:11c0c] [com.apple.coremedia:] <<<< Alt >>>> fpSupport_GetVideoRangeForCoreDisplayWithPreference: displayID 1 reported potentialHeadRoom=1 wideColorSupported=NO marz=NO almd=NO deviceAllowsHDR=YES isBuiltinPanel=NO externalPanel=YES prefersHDR10=NO
2026-09-14 13:53:53.047 Df PeachCommander[22025:11c0c] [com.apple.coremedia:] <<<< Alt >>>> fpSupport_GetVideoRangeForCoreDisplayWithPreference: displayID 1 reported potentialHeadRoom=1 wideColorSupported=NO marz=NO almd=NO deviceAllowsHDR=YES isBuiltinPanel=NO externalPanel=YES prefersHDR10=NO
2026-09-14 13:53:53.047 Df PeachCommander[22025:11c0c] [com.apple.WebKit:ProcessSuspension] 0x11e104120 - [PID=0, throttler=0x11e10c220] ProcessThrottler::Activity::Activity: Starting background activity / 'Prevent suspension'
2026-09-14 13:53:53.047 Df PeachCommander[22025:11c0c] [com.apple.WebKit:Process] 0x11e10c190 - NetworkProcessProxy::NetworkProcessProxy
2026-09-14 13:53:53.047 Df PeachCommander[22025:11c0c] [com.apple.xpc:connection] [0x85df735c0] activating connection: mach=false listener=false peer=false name=com.apple.WebKit.Networking
2026-09-14 13:53:53.047 Df PeachCommander[22025:11c0c] [com.apple.WebKit:Sandbox] Successfully created a sandbox extension for '<private>'
2026-09-14 13:53:53.047 Df PeachCommander[22025:11c0c] [com.apple.WebKit:Sandbox] Successfully created a sandbox extension for '<private>'
2026-09-14 13:53:53.047 Df PeachCommander[22025:11c0c] [com.apple.WebKit:Sandbox] Successfully created a sandbox extension for '<private>'
2026-09-14 13:53:53.047 Df PeachCommander[22025:11c0c] [com.apple.WebKit:Sandbox] Successfully created a sandbox extension for '<private>'
2026-09-14 13:53:53.047 Df PeachCommander[22025:11c0c] [com.apple.WebKit:Sandbox] Successfully created a sandbox extension for '<private>'
2026-09-14 13:53:53.047 Df PeachCommander[22025:11c0c] [com.apple.WebKit:Sandbox] Successfully created a sandbox extension for '<private>'
2026-09-14 13:53:53.047 Df PeachCommander[22025:11c0c] [com.apple.WebKit:Sandbox] Successfully created a sandbox extension for '<private>'
2026-09-14 13:53:53.047 Df PeachCommander[22025:11c0c] [com.apple.WebKit:Sandbox] Successfully created a sandbox extension for '<private>'
2026-09-14 13:53:53.047 Df PeachCommander[22025:11c0c] [com.apple.WebKit:Sandbox] Successfully created a sandbox extension for '<private>'
2026-09-14 13:53:53.047 Df PeachCommander[22025:11c0c] [com.apple.WebKit:Sandbox] Successfully created a sandbox extension for '<private>'
2026-09-14 13:53:53.047 Df PeachCommander[22025:11c0c] [com.apple.CFNetwork:Default] Initializing CFHTTPCookieStorage singleton
2026-09-14 13:53:53.047 Df PeachCommander[22025:11c0c] [com.apple.CFNetwork:Default] Creating default cookie storage with process/bundle identifier
2026-09-14 13:53:53.048 Df PeachCommander[22025:11c0c] [com.apple.network:] networkd_settings_read_from_file_locked initialized networkd settings by reading plist directly
2026-09-14 13:53:53.048 Df PeachCommander[22025:11c0c] [com.apple.network:] networkd_settings_read_from_file_locked initialized networkd settings by reading plist directly
2026-09-14 13:53:53.048 Df PeachCommander[22025:11c0c] [com.apple.CFNetwork:Default] Initializing NSHTTPCookieStorage singleton
2026-09-14 13:53:53.049 Df PeachCommander[22025:11c0c] [com.apple.CFNetwork:Default] OOM symptoms: checking process 0
2026-09-14 13:53:53.049 Df PeachCommander[22025:11c0c] [com.apple.WebKit:ProcessSuspension] 0x11e104150 - [PID=0, throttler=0x11e10c220] ProcessThrottler::Activity::Activity: Starting foreground activity / 'Process initialization'
2026-09-14 13:53:53.049 Df PeachCommander[22025:11c0c] [com.apple.WebKit:ViewGestures] [pageProxyID=5] -[WKPanGestureController enablePanGestureIfNeeded]: <private> setEnabled:0
2026-09-14 13:53:53.052 I  PeachCommander[22025:11c0c] [com.apple.CFPasteboard:entry] CopyData('DefaultAsciiKeyboardLayoutPasteboard' (<CFUUID 0x85ed5c780> B970A8F4-6DEF-4B5C-A17B-8FEB926039DF) gen: -1 item: 1264739405 flavor: 'DefaultAsciiKeyboardLayoutFlavor')
2026-09-14 13:53:53.052 I  PeachCommander[22025:11c0c] [com.apple.CFPasteboard:exit] (not-in-cache) - result: -8 generation: 0 null data flags: 0
2026-09-14 13:53:53.083 I  PeachCommander[22025:11c0c] [com.apple.AppKit:Animation] Running new animation: <private>
2026-09-14 13:53:53.083 I  PeachCommander[22025:11c0c] [com.apple.AppKit:Animation] Running new animation: <private>
2026-09-14 13:53:53.083 I  PeachCommander[22025:11c0c] [com.apple.AppKit:Animation] Running new animation: <private>
2026-09-14 13:53:53.083 I  PeachCommander[22025:11c0c] [com.apple.AppKit:Animation] Running new animation: <private>
2026-09-14 13:53:53.083 I  PeachCommander[22025:11c0c] [com.apple.AppKit:Animation] Running new animation: <private>
2026-09-14 13:53:53.084 I  PeachCommander[22025:11c0c] [com.apple.AppKit:Window] order window front conditionally: 482 related: 0
2026-09-14 13:53:53.084 I  PeachCommander[22025:11c0c] [com.apple.AppKit:Window] order window front conditionally: 482 related: 0
2026-09-14 13:53:53.084 Df PeachCommander[22025:11c0c] (Foundation) <private>
2026-09-14 13:53:53.100 Df PeachCommander[22025:11c0c] [com.apple.WebKit:Loading] 0x861254018 - [pageProxyID=5, webPageID=6, PID=0] WebPageProxy::loadData:
2026-09-14 13:53:53.100 Df PeachCommander[22025:11c0c] [com.apple.WebKit:Loading] 0x861254018 - [pageProxyID=5, webPageID=6, PID=0] WebPageProxy::launchProcess:
2026-09-14 13:53:53.100 Df PeachCommander[22025:11c0c] [com.apple.WebKit:Process] 0x11e0a00c0 - [PID=0] WebProcessProxy::removeWebPage: webPage=0x861254018, pageProxyID=5, webPageID=6
2026-09-14 13:53:53.100 Df PeachCommander[22025:11c0c] [com.apple.WebKit:Process] 0x11e0a0680 - [PID=0] WebProcessProxy::constructor:
2026-09-14 13:53:53.101 Df PeachCommander[22025:11c0c] [com.apple.xpc:connection] [0x85d938000] activating connection: mach=false listener=false peer=false name=com.apple.WebKit.WebContent
2026-09-14 13:53:53.101 Df PeachCommander[22025:11c0c] [com.apple.extensionkit:NSExtension] Class EXGetExtensionClass(void) returning EXConcreteExtension
2026-09-14 13:53:53.101 Df PeachCommander[22025:11c0c] [com.apple.xpc:connection] [0x85d938280] activating connection: mach=true listener=false peer=false name=com.apple.pluginkit.pkd
2026-09-14 13:53:53.101 A  PeachCommander[22025:11c0c] (PlugInKit) continuous-discovery
2026-09-14 13:53:53.101 Df PeachCommander[22025:11c0c] [com.apple.PlugInKit:discovery] <PKDiscoveryDriver:0x85dc09c80> created discovery driver
2026-09-14 13:53:53.101 Df PeachCommander[22025:11c0c] [com.apple.PlugInKit:discovery] [d <private>] <PKHost:0x86121a7c0> Beginning discovery for flags: 0, point: com.apple.services
2026-09-14 13:53:53.101 I  PeachCommander[22025:11c0c] [com.apple.PlugInKit:discovery] [d <private>] <PKHost:0x86121a7c0> Query: {
    NSExtensionPointName = "com.apple.services";
}
2026-09-14 13:53:53.101 A  PeachCommander[22025:11c0c] (PlugInKit) continuous-discovery
2026-09-14 13:53:53.101 Df PeachCommander[22025:11c0c] [com.apple.PlugInKit:discovery] <PKDiscoveryDriver:0x85dc0b3c0> created discovery driver
2026-09-14 13:53:53.101 Df PeachCommander[22025:11c0c] [com.apple.PlugInKit:discovery] [d <private>] <PKHost:0x86121a7c0> Beginning discovery for flags: 0, point: com.apple.ui-services
2026-09-14 13:53:53.101 I  PeachCommander[22025:11c0c] [com.apple.PlugInKit:discovery] [d <private>] <PKHost:0x86121a7c0> Query: {
    NSExtensionPointName = "com.apple.ui-services";
}
2026-09-14 13:53:53.101 Df PeachCommander[22025:11c0c] [com.apple.WebKit:Sandbox] Successfully created a sandbox extension for '<private>'
2026-09-14 13:53:53.102 Df PeachCommander[22025:11c17] [com.apple.PlugInKit:discovery] [d <private>] <PKHost:0x86121a7c0> Completed discovery. Final # of matches: 0
2026-09-14 13:53:53.102 Df PeachCommander[22025:11c17] [com.apple.PlugInKit:discovery] <PKDiscoveryDriver:0x85dc09c80> delivering update to host (0 plugins)
2026-09-14 13:53:53.102 A  PeachCommander[22025:11c17] (ExtensionFoundation) discovering extensions
2026-09-14 13:53:53.102 Df PeachCommander[22025:11c17] [com.apple.extensionkit:NSExtension] discovered extensions: attributes <private>, extensionSet {(
)}
2026-09-14 13:53:53.102 Df PeachCommander[22025:11c17] [com.apple.PlugInKit:discovery] <PKDiscoveryDriver:0x85dc09c80> installing watchers for continuous discovery
2026-09-14 13:53:53.102 I  PeachCommander[22025:11c17] [com.apple.launchservices:default] LSApplicationWorkspace: adding observer PKDiscoveryLSWatcher @ 0x85ffde3e0
2026-09-14 13:53:53.102 Df PeachCommander[22025:11c17] [com.apple.launchservices:appinstallation] registering for distributed notification com.apple.LaunchServices.pluginsregistered in this process
2026-09-14 13:53:53.102 Df PeachCommander[22025:11c17] [com.apple.launchservices:appinstallation] registering for distributed notification com.apple.LaunchServices.pluginsunregistered in this process
2026-09-14 13:53:53.103 I  PeachCommander[22025:11c17] [com.apple.PlugInKit:discovery] <private>: annotations = <private>
2026-09-14 13:53:53.103 I  PeachCommander[22025:11c17] [com.apple.PlugInKit:discovery] <private>: will be managed by runningboard
2026-09-14 13:53:53.103 I  PeachCommander[22025:11c17] [com.apple.PlugInKit:discovery] <private>: annotations = <private>
2026-09-14 13:53:53.103 I  PeachCommander[22025:11c17] [com.apple.PlugInKit:discovery] <private>: will be managed by runningboard
2026-09-14 13:53:53.103 Df PeachCommander[22025:11c17] [com.apple.PlugInKit:discovery] [d <private>] <PKHost:0x86121a7c0> Completed discovery. Final # of matches: 2
2026-09-14 13:53:53.103 Df PeachCommander[22025:11c17] [com.apple.PlugInKit:discovery] <PKDiscoveryDriver:0x85dc0b3c0> delivering update to host (2 plugins)
2026-09-14 13:53:53.103 A  PeachCommander[22025:11c17] (ExtensionFoundation) discovering extensions
2026-09-14 13:53:53.103 I  PeachCommander[22025:11c17] [com.apple.PlugInKit:ls] [u F8FBE89F-0099-5663-9723-8867B978BA0A] [<private>(<private>)] got localized name: <private>
2026-09-14 13:53:53.103 I  PeachCommander[22025:11c17] [com.apple.PlugInKit:ls] [u F8FBE89F-0099-5663-9723-8867B978BA0A] [<private>(<private>)] got localized short name: <private>
2026-09-14 13:53:53.103 I  PeachCommander[22025:11c17] [com.apple.PlugInKit:ls] [u 6CEBBCC0-EA4F-56D4-A20B-60811A2226D5] [<private>(<private>)] got localized name: <private>
2026-09-14 13:53:53.103 I  PeachCommander[22025:11c17] [com.apple.PlugInKit:ls] [u 6CEBBCC0-EA4F-56D4-A20B-60811A2226D5] [<private>(<private>)] got localized short name: <private>
2026-09-14 13:53:53.103 Df PeachCommander[22025:11c17] [com.apple.extensionkit:NSExtension] discovered extensions: attributes <private>, extensionSet {(
    <EXConcreteExtension: 0x85d950b60> {id = com.apple.MarkupUI.Markup},
    <EXConcreteExtension: 0x85d950a80> {id = com.apple.sharing.ShareSheetUI}
)}
2026-09-14 13:53:53.103 Df PeachCommander[22025:11c17] [com.apple.PlugInKit:discovery] <PKDiscoveryDriver:0x85dc0b3c0> installing watchers for continuous discovery
2026-09-14 13:53:53.103 I  PeachCommander[22025:11c17] [com.apple.launchservices:default] LSApplicationWorkspace: adding observer PKDiscoveryLSWatcher @ 0x85ffde7c0
2026-09-14 13:53:53.104 Df PeachCommander[22025:11c0c] [com.apple.coremedia:] <<<< Alt >>>> fpSupport_GetVideoRangeForCoreDisplayWithPreference: displayID 1 reported potentialHeadRoom=1 wideColorSupported=NO marz=NO almd=NO deviceAllowsHDR=YES isBuiltinPanel=NO externalPanel=YES prefersHDR10=NO
2026-09-14 13:53:53.104 Df PeachCommander[22025:11c0c] [com.apple.WebKit:Sandbox] Successfully created a sandbox extension for '<private>'
2026-09-14 13:53:53.104 Df PeachCommander[22025:11c0c] [com.apple.WebKit:Sandbox] Successfully created a sandbox extension for '<private>'
2026-09-14 13:53:53.104 Df PeachCommander[22025:11c0c] [com.apple.WebKit:ProcessSuspension] 0x11e1041e0 - [PID=0, throttler=0x11e0a0710] ProcessThrottler::Activity::Activity: Starting foreground activity / 'Process initialization'
2026-09-14 13:53:53.105 Df PeachCommander[22025:11c0c] [com.apple.WebKit:Process] 0x11e0a00c0 - [PID=0] WebProcessProxy::destructor:
2026-09-14 13:53:53.105 Df PeachCommander[22025:11c0c] [com.apple.WebKit:ProcessSuspension] 0x11e0a0150 - [PID=0] ProcessThrottler::didDisconnectFromProcess:
2026-09-14 13:53:53.105 Df PeachCommander[22025:11c0c] [com.apple.WebKit:ProcessSuspension] 0x11e0a0150 - [PID=0] ProcessThrottler::invalidateAllActivities: BEGIN (foregroundActivityCount: 0, backgroundActivityCount: 0)
2026-09-14 13:53:53.105 Df PeachCommander[22025:11c0c] [com.apple.WebKit:ProcessSuspension] 0x11e0a0150 - [PID=0] ProcessThrottler::invalidateAllActivities: END
2026-09-14 13:53:53.105 Df PeachCommander[22025:11c0c] [com.apple.WebKit:Process] 0x11e0a0680 - [PID=0] WebProcessProxy::addExistingWebPage: webPage=0x861254018, pageProxyID=5, webPageID=6
2026-09-14 13:53:53.105 Df PeachCommander[22025:11c0c] [com.apple.WebKit:Storage] WebsiteDataStore::propagateSettingUpdates (0x85dfa7488) sessionID=1, OptInCookiePartitioning enabled, setting ThirdPartyCookieBlockingMode::AllExceptPartitioned
2026-09-14 13:53:53.105 Df PeachCommander[22025:11c0c] [com.apple.WebKit:ActivityState] PageClientImpl 0x11e064150 isViewVisible(): viewWindow 0x85df7c780, window visible 1, view hidden 0, window occluded 1
2026-09-14 13:53:53.105 Df PeachCommander[22025:11c0c] [com.apple.WebKit:ActivityState] PageClientImpl 0x11e064150 isViewVisible(): viewWindow 0x85df7c780, window visible 1, view hidden 0, window occluded 1
2026-09-14 13:53:53.105 Df PeachCommander[22025:11c0c] [com.apple.WebKit:ActivityState] PageClientImpl 0x11e064150 isViewVisible(): viewWindow 0x85df7c780, window visible 1, view hidden 0, window occluded 1
2026-09-14 13:53:53.105 Df PeachCommander[22025:11c0c] [com.apple.WebKit:Media] PlaybackSessionManagerProxy::PlaybackSessionManagerProxy(735761204)
2026-09-14 13:53:53.105 Df PeachCommander[22025:11c0c] [com.apple.WebKit:Fullscreen] PlaybackSessionManagerProxy::VideoPresentationManagerProxy(735761204)
2026-09-14 13:53:53.105 Df PeachCommander[22025:11c0c] [com.apple.WebKit:Process] WebProcessPool::registerUserInstalledFonts: start registering fonts
2026-09-14 13:53:53.106 Df PeachCommander[22025:11c11] [com.apple.xpc:connection] [0x85d938640] activating connection: mach=false listener=false peer=false name=com.apple.accessibility.mediaaccessibilityd
2026-09-14 13:53:53.107 Df PeachCommander[22025:11c17] [com.apple.xpc:connection] [0x85d938500] activating connection: mach=true listener=false peer=false name=com.apple.audio.AudioComponentRegistrar
2026-09-14 13:53:53.141 Df PeachCommander[22025:11c0c] [com.apple.WebKit:Process] WebProcessPool::registerUserInstalledFonts: done registering fonts
2026-09-14 13:53:53.141 Df PeachCommander[22025:11c0c] [com.apple.WebKit:Sandbox] Successfully created a sandbox extension for '<private>'
2026-09-14 13:53:53.141 Df PeachCommander[22025:11c0c] [com.apple.WebKit:Sandbox] Successfully created a sandbox extension for '<private>'
2026-09-14 13:53:53.142 Df PeachCommander[22025:11c0c] [com.apple.WebKit:Process] 0x861254018 - [pageProxyID=5, webPageID=6, PID=0] WebPageProxy::WebPageProxy::shouldForceForegroundPriorityForClientNavigation() returns 1 based on PageClient::canTakeForegroundAssertions()
2026-09-14 13:53:53.142 Df PeachCommander[22025:11c0c] [com.apple.WebKit:ProcessSuspension] 0x11e104300 - [PID=0, throttler=0x11e0a0710] ProcessThrottler::Activity::Activity: Starting foreground activity / 'Client navigation'
2026-09-14 13:53:53.142 Df PeachCommander[22025:11c0c] [com.apple.WebKit:Loading] 0x861254018 - [pageProxyID=5, webPageID=6, PID=0] WebPageProxy::loadDataWithNavigation
2026-09-14 13:53:53.142 Df PeachCommander[22025:11c0c] [com.apple.WebKit:Sandbox] 0x11e0a0680 - [PID=0] WebProcessProxy::assumeReadAccessToBaseURL(5696178): path = <private>
2026-09-14 13:53:53.142 Df PeachCommander[22025:11c0c] [com.apple.WebKit:ProcessSuspension] 0x11e11c0e0 - NavigationState is taking a process network assertion because a page load started
2026-09-14 13:53:53.142 Df PeachCommander[22025:11c0c] [com.apple.WebKit:Process] Taking network activity on WebProcess with PID 0
2026-09-14 13:53:53.142 Df PeachCommander[22025:11c0c] [com.apple.WebKit:ProcessSuspension] 0x11e104330 - [PID=0, throttler=0x11e0a0710] ProcessThrottler::Activity::Activity: Starting background activity / 'Page Load'
2026-09-14 13:53:53.142 Df PeachCommander[22025:11c0c] [com.apple.WebKit:Process] 0x11e10c190 - NetworkProcessProxy::sendXPCEndpointToProcess(0x11e0a0680) state = 0 has connection = 0 XPC endpoint message = 0x85d8b4400
2026-09-14 13:53:53.142 Df PeachCommander[22025:11c0c] [com.apple.WebKit:Process] 0x11e10c190 - NetworkProcessProxy::sendXPCEndpointToProcess(0x11e1001f0) state = 0 has connection = 0 XPC endpoint message = 0x85d8b4400
2026-09-14 13:53:53.143 Df PeachCommander[22025:11c0c] [com.apple.WebKit:ResourceLoadStatistics] StorageAccessPromptQuirkController::didUpdateCachedListData: Loaded 1 storage access prompt(s) quirks from WebPrivacy.
2026-09-14 13:53:53.143 Df PeachCommander[22025:11c0c] [com.apple.WebKit:Process] 0x11e1001f0 - GPUProcessProxy::didFinishLaunching:
2026-09-14 13:53:53.143 Df PeachCommander[22025:11c0c] [com.apple.WebKit:ProcessSuspension] 0x11e104360 - [PID=22111, throttler=0x11e100280] ProcessThrottler::Activity::Activity: Starting foreground activity / 'Lifetime Activity'
2026-09-14 13:53:53.143 Df PeachCommander[22025:11c0c] [com.apple.WebKit:Process] 0x11e1001f0 - GPUProcessProxy::connectionWillOpen:
2026-09-14 13:53:53.143 Df PeachCommander[22025:11c0c] [com.apple.WebKit:ProcessSuspension] 0x11e100280 - [PID=22111] ProcessThrottler::didConnectToProcess
2026-09-14 13:53:53.143 Df PeachCommander[22025:11c0c] [com.apple.WebKit:ProcessSuspension] 0x11e100280 - [PID=22111] ProcessThrottler::setThrottleState: Updating process assertion type to 3 (foregroundActivities=2, backgroundActivities=2)
2026-09-14 13:53:53.143 Df PeachCommander[22025:11c0c] [com.apple.WebKit:Process] 0x11e10c190 - NetworkProcessProxy::sendXPCEndpointToProcess(0x11e1001f0) state = 1 has connection = 1 XPC endpoint message = 0x85d8b4400
2026-09-14 13:53:53.143 Df PeachCommander[22025:11c0c] [com.apple.WebKit:Process] 0x11e10c190 - NetworkProcessProxy::didFinishLaunching
2026-09-14 13:53:53.143 Df PeachCommander[22025:11c0c] [com.apple.WebKit:ProcessSuspension] 0x11e104390 - [PID=22112, throttler=0x11e10c220] ProcessThrottler::Activity::Activity: Starting foreground activity / 'Lifetime Activity'
2026-09-14 13:53:53.143 Df PeachCommander[22025:11c0c] [com.apple.WebKit:ProcessSuspension] 0x11e10c220 - [PID=22112] ProcessThrottler::didConnectToProcess
2026-09-14 13:53:53.143 Df PeachCommander[22025:11c0c] [com.apple.WebKit:ProcessSuspension] 0x11e10c220 - [PID=22112] ProcessThrottler::setThrottleState: Updating process assertion type to 3 (foregroundActivities=2, backgroundActivities=4)
2026-09-14 13:53:53.143 Df PeachCommander[22025:11c12] [com.apple.WebKit:ProcessSuspension] 0x11e0fc130 - ProcessAssertion::acquireSync Trying to take RBS assertion 'Jetsam Boost' for process with PID=22111
2026-09-14 13:53:53.143 I  PeachCommander[22025:11cb1] [com.apple.CoreAnalytics:client] Dropping "<private>" as it isn't used in any transform (not in the config or budgeted?)
2026-09-14 13:53:53.143 I  PeachCommander[22025:11c12] [com.apple.runningboard:assertion] Acquiring assertion: <RBSAssertionDescriptor| "Jetsam Boost" ID:(null) target:22111>
2026-09-14 13:53:53.143 Df PeachCommander[22025:11c0c] [com.apple.WebKit:ActivityState] PageClientImpl 0x11e064150 isViewVisible(): viewWindow 0x85df7c780, window visible 1, view hidden 0, window occluded 0
2026-09-14 13:53:53.143 Df PeachCommander[22025:11c0c] [com.apple.WebKit:ViewState] 0x861254018 - [pageProxyID=5, webPageID=6, PID=0] WebPageProxy::updateActivityState: view visibility state changed 0 -> 1
2026-09-14 13:53:53.143 Df PeachCommander[22025:11c0c] [com.apple.WebKit:ActivityState] PageClientImpl 0x11e064150 isViewVisible(): viewWindow 0x85df7c780, window visible 1, view hidden 0, window occluded 0
2026-09-14 13:53:53.143 Df PeachCommander[22025:11c0c] [com.apple.WebKit:ActivityState] PageClientImpl 0x11e064150 isViewVisible(): viewWindow 0x85df7c780, window visible 1, view hidden 0, window occluded 0
2026-09-14 13:53:53.143 Df PeachCommander[22025:11c0c] [com.apple.WebKit:ViewState] 0x861254018 - [pageProxyID=5, webPageID=6, PID=0] WebPageProxy::viewIsBecomingVisible:
2026-09-14 13:53:53.143 Df PeachCommander[22025:11c17] [com.apple.xpc:connection] [0x85d9383c0] activating connection: mach=true listener=false peer=false name=com.apple.powerlog.plxpclogger.xpc
2026-09-14 13:53:53.144 Df PeachCommander[22025:11c0c] [com.apple.WebKit:ScreenTime] Screen Time has updated to use the system shield for any blocked URL.
2026-09-14 13:53:53.144 Df PeachCommander[22025:11c0c] [com.apple.WebKit:ProcessSuspension] 0x861254018 - [pageProxyID=5, webPageID=6, PID=0] WebPageProxy::updateThrottleState: UIProcess is taking a foreground assertion because the view is visible
2026-09-14 13:53:53.144 Df PeachCommander[22025:11c0c] [com.apple.WebKit:ProcessSuspension] 0x11e1043f0 - [PID=0, throttler=0x11e0a0710] ProcessThrottler::Activity::Activity: Starting foreground activity / 'View is visible'
2026-09-14 13:53:53.144 Df PeachCommander[22025:11c0c] [com.apple.sharekit:Framework] filteredItemsFromItems:<private> [22025]--> <private>
2026-09-14 13:53:53.144 Df PeachCommander[22025:11c0c] [com.apple.sharekit:Framework] Requesting sharingServicesForFilteredItems:<private> mask:<private>
2026-09-14 13:53:53.144 Df PeachCommander[22025:11c0c] [com.apple.sharekit:Framework] filteredItemsFromItems:<private> [22025]--> <private>
2026-09-14 13:53:53.144 Df PeachCommander[22025:11c0c] [com.apple.sharekit:Framework] Requesting sharingServicesForFilteredItems:<private> mask:<private>
2026-09-14 13:53:53.144 Df PeachCommander[22025:11c11] [com.apple.sharekit:Framework] Matching dictionary: <private>, attributesArray: <private>
2026-09-14 13:53:53.144 Df PeachCommander[22025:11c11] [com.apple.sharekit:Framework] Discover extensions with attributes <private>
2026-09-14 13:53:53.144 A  PeachCommander[22025:11c11] (PlugInKit) discovery
2026-09-14 13:53:53.144 Df PeachCommander[22025:11c11] [com.apple.PlugInKit:discovery] [d <private>] <PKHost:0x86121a7c0> Beginning discovery for flags: 1024, point: com.apple.ui-services
2026-09-14 13:53:53.144 I  PeachCommander[22025:11c11] [com.apple.PlugInKit:discovery] [d <private>] <PKHost:0x86121a7c0> Query: {
    NSExtensionPointName = "com.apple.ui-services";
}
2026-09-14 13:53:53.144 Df PeachCommander[22025:11c0c] [com.apple.sharekit:Framework] filteredItemsFromItems:<private> [22025]--> <private>
2026-09-14 13:53:53.144 Df PeachCommander[22025:11c0c] [com.apple.sharekit:Framework] Requesting sharingServicesForFilteredItems:<private> mask:<private>
2026-09-14 13:53:53.144 Df PeachCommander[22025:11c15] [com.apple.sharekit:Framework] Matching dictionary: <private>, attributesArray: <private>
2026-09-14 13:53:53.144 Df PeachCommander[22025:11c15] [com.apple.sharekit:Framework] Discover extensions with attributes <private>
2026-09-14 13:53:53.144 A  PeachCommander[22025:11c15] (PlugInKit) discovery
2026-09-14 13:53:53.144 Df PeachCommander[22025:11c15] [com.apple.PlugInKit:discovery] [d <private>] <PKHost:0x86121a7c0> Beginning discovery for flags: 1024, point: com.apple.ui-services
2026-09-14 13:53:53.144 I  PeachCommander[22025:11c15] [com.apple.PlugInKit:discovery] [d <private>] <PKHost:0x86121a7c0> Query: {
    NSExtensionPointName = "com.apple.ui-services";
}
2026-09-14 13:53:53.144 I  PeachCommander[22025:11cb1] [com.apple.CoreAnalytics:client] Dropping "<private>" as it isn't used in any transform (not in the config or budgeted?)
2026-09-14 13:53:53.144 I  PeachCommander[22025:11cb1] [com.apple.CoreAnalytics:client] Dropping "<private>" as it isn't used in any transform (not in the config or budgeted?)
2026-09-14 13:53:53.144 Df PeachCommander[22025:11c17] [com.apple.sharekit:Framework] Matching dictionary: <private>, attributesArray: <private>
2026-09-14 13:53:53.144 Df PeachCommander[22025:11c17] [com.apple.sharekit:Framework] Discover extensions with attributes <private>
2026-09-14 13:53:53.144 A  PeachCommander[22025:11c17] (PlugInKit) discovery
2026-09-14 13:53:53.144 Df PeachCommander[22025:11c17] [com.apple.PlugInKit:discovery] [d <private>] <PKHost:0x86121a7c0> Beginning discovery for flags: 1024, point: com.apple.ui-services
2026-09-14 13:53:53.144 I  PeachCommander[22025:11c17] [com.apple.PlugInKit:discovery] [d <private>] <PKHost:0x86121a7c0> Query: {
    NSExtensionPointName = "com.apple.ui-services";
}
2026-09-14 13:53:53.145 Df PeachCommander[22025:11c12] [com.apple.WebKit:ProcessSuspension] 0x11e0fc130 - ProcessAssertion::acquireSync Successfully took RBS assertion 'Jetsam Boost' for process with PID=22111
2026-09-14 13:53:53.145 Df PeachCommander[22025:11c12] [com.apple.WebKit:ProcessSuspension] 0x11e1d40c0 - ProcessAssertion::acquireSync Trying to take RBS assertion 'GPUProcess Foreground Assertion' for process with PID=22111
2026-09-14 13:53:53.145 I  PeachCommander[22025:11c12] [com.apple.runningboard:assertion] Acquiring assertion: <RBSAssertionDescriptor| "GPUProcess Foreground Assertion" ID:(null) target:22111>
2026-09-14 13:53:53.145 Df PeachCommander[22025:11c11] [com.apple.PlugInKit:discovery] [d <private>] <PKHost:0x86121a7c0> Completed discovery. Final # of matches: 2
2026-09-14 13:53:53.145 I  PeachCommander[22025:11c11] [com.apple.PlugInKit:ls] [u F8FBE89F-0099-5663-9723-8867B978BA0A] [<private>(<private>)] got localized name: <private>
2026-09-14 13:53:53.145 I  PeachCommander[22025:11c11] [com.apple.PlugInKit:ls] [u F8FBE89F-0099-5663-9723-8867B978BA0A] [<private>(<private>)] got localized short name: <private>
2026-09-14 13:53:53.145 I  PeachCommander[22025:11c11] [com.apple.PlugInKit:ls] [u 6CEBBCC0-EA4F-56D4-A20B-60811A2226D5] [<private>(<private>)] got localized name: <private>
2026-09-14 13:53:53.145 I  PeachCommander[22025:11c11] [com.apple.PlugInKit:ls] [u 6CEBBCC0-EA4F-56D4-A20B-60811A2226D5] [<private>(<private>)] got localized short name: <private>
2026-09-14 13:53:53.145 Df PeachCommander[22025:11c11] [com.apple.sharekit:Framework] 2 plugins found
2026-09-14 13:53:53.145 Df PeachCommander[22025:11c12] [com.apple.WebKit:ProcessSuspension] 0x11e1d40c0 - ProcessAssertion::acquireSync Successfully took RBS assertion 'GPUProcess Foreground Assertion' for process with PID=22111
2026-09-14 13:53:53.146 Df PeachCommander[22025:11c12] [com.apple.WebKit:ProcessSuspension] 0x11e0fc180 - ProcessAssertion::acquireSync Trying to take RBS assertion 'Jetsam Boost' for process with PID=22112
2026-09-14 13:53:53.146 I  PeachCommander[22025:11c12] [com.apple.runningboard:assertion] Acquiring assertion: <RBSAssertionDescriptor| "Jetsam Boost" ID:(null) target:22112>
2026-09-14 13:53:53.147 Df PeachCommander[22025:11c15] [com.apple.PlugInKit:discovery] [d <private>] <PKHost:0x86121a7c0> Completed discovery. Final # of matches: 2
2026-09-14 13:53:53.147 I  PeachCommander[22025:11c15] [com.apple.PlugInKit:ls] [u F8FBE89F-0099-5663-9723-8867B978BA0A] [<private>(<private>)] got localized name: <private>
2026-09-14 13:53:53.147 I  PeachCommander[22025:11c15] [com.apple.PlugInKit:ls] [u F8FBE89F-0099-5663-9723-8867B978BA0A] [<private>(<private>)] got localized short name: <private>
2026-09-14 13:53:53.147 I  PeachCommander[22025:11c15] [com.apple.PlugInKit:ls] [u 6CEBBCC0-EA4F-56D4-A20B-60811A2226D5] [<private>(<private>)] got localized name: <private>
2026-09-14 13:53:53.147 I  PeachCommander[22025:11c15] [com.apple.PlugInKit:ls] [u 6CEBBCC0-EA4F-56D4-A20B-60811A2226D5] [<private>(<private>)] got localized short name: <private>
2026-09-14 13:53:53.147 Df PeachCommander[22025:11c15] [com.apple.sharekit:Framework] 2 plugins found
2026-09-14 13:53:53.147 Df PeachCommander[22025:11c11] [com.apple.sharekit:Framework] Service with identifier <private> passes activation rule: 1
2026-09-14 13:53:53.147 I  PeachCommander[22025:11c11] [com.apple.launchservices:datasep] application record search init. Node: (null) bundleID: <private> itemID: 0
2026-09-14 13:53:53.147 A  PeachCommander[22025:11c11] (CoreServicesInternal) CFURLResolveBookmarkData
2026-09-14 13:53:53.147 Df PeachCommander[22025:11c15] [com.apple.sharekit:Framework] Service with identifier <private> passes activation rule: 0
2026-09-14 13:53:53.147 Df PeachCommander[22025:11c15] [com.apple.sharekit:Framework] Service dictionary for plugin <private> not available, skip it.
2026-09-14 13:53:53.147 I  PeachCommander[22025:11c11] [com.apple.launchservices:datasep] application record search init. Node: (null) bundleID: <private> itemID: 0
2026-09-14 13:53:53.147 A  PeachCommander[22025:11c11] (CoreServicesInternal) CFURLResolveBookmarkData
2026-09-14 13:53:53.148 I  PeachCommander[22025:11c11] [com.apple.launchservices:default] LSApplicationWorkspace: adding observer SHKPlugInObservingCache @ 0x85ede20f0
2026-09-14 13:53:53.148 Df PeachCommander[22025:11c11] [com.apple.launchservices:appinstallation] registering for distributed notification com.apple.LaunchServices.pluginswillberemoved in this process
2026-09-14 13:53:53.148 A  PeachCommander[22025:11c11] (CoreServicesInternal) CFURLResolveBookmarkData
2026-09-14 13:53:53.148 Df PeachCommander[22025:11c17] [com.apple.PlugInKit:discovery] [d <private>] <PKHost:0x86121a7c0> Completed discovery. Final # of matches: 2
2026-09-14 13:53:53.148 I  PeachCommander[22025:11c17] [com.apple.PlugInKit:ls] [u F8FBE89F-0099-5663-9723-8867B978BA0A] [<private>(<private>)] got localized name: <private>
2026-09-14 13:53:53.148 I  PeachCommander[22025:11c17] [com.apple.PlugInKit:ls] [u F8FBE89F-0099-5663-9723-8867B978BA0A] [<private>(<private>)] got localized short name: <private>
2026-09-14 13:53:53.148 I  PeachCommander[22025:11c17] [com.apple.PlugInKit:ls] [u 6CEBBCC0-EA4F-56D4-A20B-60811A2226D5] [<private>(<private>)] got localized name: <private>
2026-09-14 13:53:53.148 I  PeachCommander[22025:11c17] [com.apple.PlugInKit:ls] [u 6CEBBCC0-EA4F-56D4-A20B-60811A2226D5] [<private>(<private>)] got localized short name: <private>
2026-09-14 13:53:53.148 Df PeachCommander[22025:11c11] [com.apple.extensionkit:NSExtension] Use of NSTruePredicate is forbidden: <private>
2026-09-14 13:53:53.148 Df PeachCommander[22025:11c11] [com.apple.sharekit:Framework] Service with identifier <private> passes activation rule: 1
2026-09-14 13:53:53.148 Df PeachCommander[22025:11c17] [com.apple.sharekit:Framework] 2 plugins found
2026-09-14 13:53:53.148 I  PeachCommander[22025:11c11] [com.apple.launchservices:datasep] application record search init. Node: (null) bundleID: <private> itemID: 0
2026-09-14 13:53:53.148 A  PeachCommander[22025:11c11] (CoreServicesInternal) CFURLResolveBookmarkData
2026-09-14 13:53:53.148 I  PeachCommander[22025:11c11] [com.apple.iconservices:default] Failed to get symbol for <private>
2026-09-14 13:53:53.148 I  PeachCommander[22025:11c11] [com.apple.launchservices:datasep] application record search init. Node: (null) bundleID: <private> itemID: 0
2026-09-14 13:53:53.148 A  PeachCommander[22025:11c11] (CoreServicesInternal) CFURLResolveBookmarkData
2026-09-14 13:53:53.149 I  PeachCommander[22025:11c11] [com.apple.iconservices:default] Failed to get symbol for <private>
2026-09-14 13:53:53.149 Df PeachCommander[22025:11c17] [com.apple.sharekit:Framework] Service with identifier <private> passes activation rule: 0
2026-09-14 13:53:53.149 Df PeachCommander[22025:11c17] [com.apple.sharekit:Framework] Service dictionary for plugin <private> not available, skip it.
2026-09-14 13:53:53.149 Df PeachCommander[22025:11c17] [com.apple.extensionkit:NSExtension] Use of NSTruePredicate is forbidden: <private>
2026-09-14 13:53:53.149 Df PeachCommander[22025:11c17] [com.apple.sharekit:Framework] Service with identifier <private> passes activation rule: 1
2026-09-14 13:53:53.149 I  PeachCommander[22025:11c17] [com.apple.launchservices:datasep] application record search init. Node: (null) bundleID: <private> itemID: 0
2026-09-14 13:53:53.149 A  PeachCommander[22025:11c17] (CoreServicesInternal) CFURLResolveBookmarkData
2026-09-14 13:53:53.149 Df PeachCommander[22025:11c15] [com.apple.extensionkit:NSExtension] Use of NSTruePredicate is forbidden: <private>
2026-09-14 13:53:53.149 Df PeachCommander[22025:11c15] [com.apple.sharekit:Framework] Service with identifier <private> passes activation rule: 1
2026-09-14 13:53:53.149 I  PeachCommander[22025:11c15] [com.apple.launchservices:datasep] application record search init. Node: (null) bundleID: <private> itemID: 0
2026-09-14 13:53:53.149 A  PeachCommander[22025:11c15] (CoreServicesInternal) CFURLResolveBookmarkData
2026-09-14 13:53:53.149 Df PeachCommander[22025:11c11] [com.apple.sharekit:Framework] Role type not provided, assuming Action for <private>
2026-09-14 13:53:53.149 I  PeachCommander[22025:11c17] [com.apple.iconservices:default] Failed to get symbol for <private>
2026-09-14 13:53:53.149 Df PeachCommander[22025:11c17] [com.apple.sharekit:Framework] Role type not provided, assuming Action for <private>
2026-09-14 13:53:53.149 I  PeachCommander[22025:11c15] [com.apple.iconservices:default] Failed to get symbol for <private>
2026-09-14 13:53:53.149 Df PeachCommander[22025:11c15] [com.apple.sharekit:Framework] Role type not provided, assuming Action for <private>
2026-09-14 13:53:53.149 A  PeachCommander[22025:11c15] (CoreServicesInternal) CFURLResolveBookmarkData
2026-09-14 13:53:53.149 Df PeachCommander[22025:11c15] [com.apple.sharekit:Framework] 1 compatible services found for attributes <private>
2026-09-14 13:53:53.149 Df PeachCommander[22025:11c15] [com.apple.sharekit:Framework] Discovery done
2026-09-14 13:53:53.149 Df PeachCommander[22025:11c15] [com.apple.sharekit:Framework] Discover extensions with attributes <private>
2026-09-14 13:53:53.149 A  PeachCommander[22025:11c11] (CoreServicesInternal) CFURLResolveBookmarkData
2026-09-14 13:53:53.149 A  PeachCommander[22025:11c15] (PlugInKit) discovery
2026-09-14 13:53:53.149 A  PeachCommander[22025:11c17] (CoreServicesInternal) CFURLResolveBookmarkData
2026-09-14 13:53:53.149 Df PeachCommander[22025:11c15] [com.apple.PlugInKit:discovery] [d <private>] <PKHost:0x86121a7c0> Beginning discovery for flags: 1024, point: com.apple.services
2026-09-14 13:53:53.149 I  PeachCommander[22025:11c15] [com.apple.PlugInKit:discovery] [d <private>] <PKHost:0x86121a7c0> Query: {
    NSExtensionPointName = "com.apple.services";
}
2026-09-14 13:53:53.149 Df PeachCommander[22025:11c11] [com.apple.sharekit:Framework] 2 compatible services found for attributes <private>
2026-09-14 13:53:53.149 Df PeachCommander[22025:11c11] [com.apple.sharekit:Framework] Discovery done
2026-09-14 13:53:53.149 Df PeachCommander[22025:11c11] [com.apple.sharekit:Framework] Discover extensions with attributes <private>
2026-09-14 13:53:53.149 Df PeachCommander[22025:11c17] [com.apple.sharekit:Framework] 1 compatible services found for attributes <private>
2026-09-14 13:53:53.149 A  PeachCommander[22025:11c11] (PlugInKit) discovery
2026-09-14 13:53:53.149 Df PeachCommander[22025:11c17] [com.apple.sharekit:Framework] Discovery done
2026-09-14 13:53:53.149 Df PeachCommander[22025:11c11] [com.apple.PlugInKit:discovery] [d <private>] <PKHost:0x86121a7c0> Beginning discovery for flags: 1024, point: com.apple.services
2026-09-14 13:53:53.149 Df PeachCommander[22025:11c17] [com.apple.sharekit:Framework] Discover extensions with attributes <private>
2026-09-14 13:53:53.149 A  PeachCommander[22025:11c17] (PlugInKit) discovery
2026-09-14 13:53:53.149 Df PeachCommander[22025:11c17] [com.apple.PlugInKit:discovery] [d <private>] <PKHost:0x86121a7c0> Beginning discovery for flags: 1024, point: com.apple.services
2026-09-14 13:53:53.149 I  PeachCommander[22025:11c17] [com.apple.PlugInKit:discovery] [d <private>] <PKHost:0x86121a7c0> Query: {
    NSExtensionPointName = "com.apple.services";
}
2026-09-14 13:53:53.149 I  PeachCommander[22025:11c11] [com.apple.PlugInKit:discovery] [d <private>] <PKHost:0x86121a7c0> Query: {
    NSExtensionPointName = "com.apple.services";
}
2026-09-14 13:53:53.149 Df PeachCommander[22025:11c12] [com.apple.WebKit:ProcessSuspension] 0x11e0fc180 - ProcessAssertion::acquireSync Successfully took RBS assertion 'Jetsam Boost' for process with PID=22112
2026-09-14 13:53:53.149 Df PeachCommander[22025:11c15] [com.apple.PlugInKit:discovery] [d <private>] <PKHost:0x86121a7c0> Completed discovery. Final # of matches: 0
2026-09-14 13:53:53.149 Df PeachCommander[22025:11c15] [com.apple.sharekit:Framework] 0 plugins found
2026-09-14 13:53:53.150 Df PeachCommander[22025:11c15] [com.apple.sharekit:Framework] 0 compatible services found for attributes <private>
2026-09-14 13:53:53.150 Df PeachCommander[22025:11c15] [com.apple.sharekit:Framework] Discovery done
2026-09-14 13:53:53.150 Df PeachCommander[22025:11c15] [com.apple.sharekit:Framework] Completed querying extensions: <private>
2026-09-14 13:53:53.150 Df PeachCommander[22025:11c12] [com.apple.WebKit:ProcessSuspension] 0x11e1d4120 - ProcessAssertion::acquireSync Trying to take RBS assertion 'NetworkProcess Foreground Assertion' for process with PID=22112
2026-09-14 13:53:53.150 I  PeachCommander[22025:11c12] [com.apple.runningboard:assertion] Acquiring assertion: <RBSAssertionDescriptor| "NetworkProcess Foreground Assertion" ID:(null) target:22112>
2026-09-14 13:53:53.151 Df PeachCommander[22025:11c17] [com.apple.PlugInKit:discovery] [d <private>] <PKHost:0x86121a7c0> Completed discovery. Final # of matches: 0
2026-09-14 13:53:53.151 Df PeachCommander[22025:11c17] [com.apple.sharekit:Framework] 0 plugins found
2026-09-14 13:53:53.151 Df PeachCommander[22025:11c17] [com.apple.sharekit:Framework] 0 compatible services found for attributes <private>
2026-09-14 13:53:53.151 Df PeachCommander[22025:11c17] [com.apple.sharekit:Framework] Discovery done
2026-09-14 13:53:53.151 Df PeachCommander[22025:11c17] [com.apple.sharekit:Framework] Completed querying extensions: <private>
2026-09-14 13:53:53.151 I  PeachCommander[22025:11c15] [com.apple.iconservices:foundation] layer data size zero
2026-09-14 13:53:53.151 Df PeachCommander[22025:11c12] [com.apple.WebKit:ProcessSuspension] 0x11e1d4120 - ProcessAssertion::acquireSync Successfully took RBS assertion 'NetworkProcess Foreground Assertion' for process with PID=22112
2026-09-14 13:53:53.151 Df PeachCommander[22025:11c12] [com.apple.sharekit:Framework] Copy: canPerformWithItems returns YES
2026-09-14 13:53:53.151 Df PeachCommander[22025:11c11] [com.apple.PlugInKit:discovery] [d <private>] <PKHost:0x86121a7c0> Completed discovery. Final # of matches: 0
2026-09-14 13:53:53.151 Df PeachCommander[22025:11c11] [com.apple.sharekit:Framework] 0 plugins found
2026-09-14 13:53:53.151 Df PeachCommander[22025:11c11] [com.apple.sharekit:Framework] 0 compatible services found for attributes <private>
2026-09-14 13:53:53.151 Df PeachCommander[22025:11c11] [com.apple.sharekit:Framework] Discovery done
2026-09-14 13:53:53.151 Df PeachCommander[22025:11c11] [com.apple.sharekit:Framework] Completed querying extensions: <private>
2026-09-14 13:53:53.151 I  PeachCommander[22025:11c15] [com.apple.iconservices:foundation] layer data size zero
2026-09-14 13:53:53.151 Df PeachCommander[22025:11c11] [com.apple.sharekit:Framework] Copy: canPerformWithItems returns YES
2026-09-14 13:53:53.152 I  PeachCommander[22025:11c15] [com.apple.iconservices:foundation] layer data size zero
2026-09-14 13:53:53.152 Df PeachCommander[22025:11c15] [com.apple.sharekit:Framework] Copy: canPerformWithItems returns YES
2026-09-14 13:53:53.152 A  PeachCommander[22025:11c15] (CoreFoundation) Loading Preferences From User CFPrefsD
2026-09-14 13:53:53.152 Df PeachCommander[22025:11c15] [com.apple.sharekit:Framework] Sorted services: <private>
2026-09-14 13:53:53.152 Df PeachCommander[22025:11c15] [com.apple.sharekit:Framework] It took 8 ms to get sharing services async for mask <private>
2026-09-14 13:53:53.152 Df PeachCommander[22025:11c11] [com.apple.sharekit:Framework] Sorted services: <private>
2026-09-14 13:53:53.152 Df PeachCommander[22025:11c11] [com.apple.sharekit:Framework] It took 7 ms to get sharing services async for mask <private>
2026-09-14 13:53:53.152 Df PeachCommander[22025:11c12] [com.apple.sharekit:Framework] Sorted services: <private>
2026-09-14 13:53:53.152 Df PeachCommander[22025:11c12] [com.apple.sharekit:Framework] It took 8 ms to get sharing services async for mask <private>
2026-09-14 13:53:53.154 Df PeachCommander[22025:11c0c] [com.apple.WebKit:ProcessSuspension] 0x11e104150 - [PID=22112, throttler=0x11e10c220] ProcessThrottler::Activity::invalidate: Ending foreground activity / 'Process initialization'
2026-09-14 13:53:53.156 Df PeachCommander[22025:11c0c] [com.apple.WebKit:ViewState] 0x11e198100 [pageProxyID=5, webPageID=6, PID=0, DisplayID=1] RemoteLayerTreeDrawingAreaProxyMac::didRefreshDisplay
2026-09-14 13:53:53.157 Df PeachCommander[22025:11c0c] [com.apple.WebKit:ProcessSuspension] 0x11e1040c0 - [PID=22111, throttler=0x11e100280] ProcessThrottler::Activity::invalidate: Ending foreground activity / 'Process initialization'
2026-09-14 13:53:53.283 I  PeachCommander[22025:11c15] [com.apple.AppKit:WindowTab] Indexing 2 items
2026-09-14 13:53:53.283 A  PeachCommander[22025:11c15] (CoreSpotlight) end-index-batch
2026-09-14 13:53:53.283 A  PeachCommander[22025:11c15] (CoreSpotlight) index-items
2026-09-14 13:53:53.283 Df PeachCommander[22025:11c15] [com.apple.corespotlight:index] CSInlineDonation:<private>: Skipping donation (feature flag disabled)
2026-09-14 13:53:53.283 Df PeachCommander[22025:11c15] [com.apple.corespotlight:index] CSInlineDonation:<private>: Skipping donation (feature flag disabled)
2026-09-14 13:53:53.354 Df PeachCommander[22025:11c0c] (WebKit) WebContent[22113] Installed launch log hook
2026-09-14 13:53:53.362 Df PeachCommander[22025:11c0c] [com.apple.WebKit:Process] 0x11e0a0680 - [PID=22113] WebProcessProxy::didFinishLaunching:
2026-09-14 13:53:53.362 Df PeachCommander[22025:11c0c] [com.apple.WebKit:ProcessSuspension] 0x11e104420 - [PID=22113, throttler=0x11e0a0710] ProcessThrottler::Activity::Activity: Starting foreground activity / 'Lifetime Activity'
2026-09-14 13:53:53.362 Df PeachCommander[22025:11c11] [com.apple.WebKit:ProcessSuspension] 0x11e0fc1d0 - ProcessAssertion::acquireSync Trying to take RBS assertion 'Jetsam Boost' for process with PID=22113
2026-09-14 13:53:53.362 I  PeachCommander[22025:11c11] [com.apple.runningboard:assertion] Acquiring assertion: <RBSAssertionDescriptor| "Jetsam Boost" ID:(null) target:22113<WebProcess22113>>
2026-09-14 13:53:53.362 Df PeachCommander[22025:11c0c] [com.apple.WebKit:ProcessSuspension] 0x11e0a0710 - [PID=22113] ProcessThrottler::didConnectToProcess
2026-09-14 13:53:53.362 Df PeachCommander[22025:11c0c] [com.apple.WebKit:ProcessSuspension] 0x11e0a0710 - [PID=22113] ProcessThrottler::setThrottleState: Updating process assertion type to 3 (foregroundActivities=4, backgroundActivities=4)
2026-09-14 13:53:53.362 Df PeachCommander[22025:11c0c] [com.apple.WebKit:ProcessSuspension] 0x11e0a0680 - [PID=22113] WebProcessProxy::didChangeThrottleState: type=2
2026-09-14 13:53:53.362 Df PeachCommander[22025:11c0c] [com.apple.WebKit:ProcessSuspension] 0x11e0a0680 - [PID=22113] WebProcessProxy::didChangeThrottleState(Foreground) Taking foreground assertion for network process
2026-09-14 13:53:53.362 Df PeachCommander[22025:11c0c] [com.apple.WebKit:ProcessSuspension] 0x11e1040c0 - [PID=22112, throttler=0x11e10c220] ProcessThrottler::Activity::Activity: Starting foreground activity / 'Networking for foreground view(s)'
2026-09-14 13:53:53.362 Df PeachCommander[22025:11c0c] [com.apple.WebKit:ProcessSuspension] 0x11e1040f0 - [PID=22111, throttler=0x11e100280] ProcessThrottler::Activity::Activity: Starting foreground activity / 'GPU for foreground view(s)'
2026-09-14 13:53:53.362 Df PeachCommander[22025:11c0c] [com.apple.WebKit:Process] 0x11e10c190 - NetworkProcessProxy::sendXPCEndpointToProcess(0x11e0a0680) state = 1 has connection = 1 XPC endpoint message = 0x85d8b4400
2026-09-14 13:53:53.362 Df PeachCommander[22025:11c0c] [com.apple.WebKit:ProcessSuspension] 0x11e104420 - [PID=22113, throttler=0x11e0a0710] ProcessThrottler::Activity::invalidate: Ending foreground activity / 'Lifetime Activity'
2026-09-14 13:53:53.364 Df PeachCommander[22025:11c11] [com.apple.WebKit:ProcessSuspension] 0x11e0fc1d0 - ProcessAssertion::acquireSync Successfully took RBS assertion 'Jetsam Boost' for process with PID=22113
2026-09-14 13:53:53.364 Df PeachCommander[22025:11c11] [com.apple.WebKit:ProcessSuspension] 0x11e1d4180 - ProcessAssertion::acquireSync Trying to take RBS assertion 'WebProcess Foreground Assertion' for process with PID=22113
2026-09-14 13:53:53.364 I  PeachCommander[22025:11c11] [com.apple.runningboard:assertion] Acquiring assertion: <RBSAssertionDescriptor| "WebProcess Foreground Assertion" ID:(null) target:22113<WebProcess22113>>
2026-09-14 13:53:53.364 Df PeachCommander[22025:11c11] [com.apple.WebKit:ProcessSuspension] 0x11e1d4180 - ProcessAssertion::acquireSync Successfully took RBS assertion 'WebProcess Foreground Assertion' for process with PID=22113
2026-09-14 13:53:53.406 Df PeachCommander[22025:11c0c] [com.apple.xpc:connection] WebContent[22113] [0x1007bd4c0] activating connection: mach=false listener=true peer=false name=(anonymous)
2026-09-14 13:53:53.406 Df PeachCommander[22025:11c0c] [com.apple.xpc:connection] WebContent[22113] [0x1007bd4c0] Connection returned listener port: 0x2903
2026-09-14 13:53:53.406 Df PeachCommander[22025:11c0c] [com.apple.xpc:connection] WebContent[22113] [0x1007bd600] activating connection: mach=false listener=false peer=false name=(anonymous)
2026-09-14 13:53:53.406 Df PeachCommander[22025:11c0c] [com.apple.xpc:connection] WebContent[22113] [0x1007be420] activating connection: mach=false listener=false peer=true name=com.apple.xpc.anonymous.0x1007bd4c0.peer[22113].0x1007be420
2026-09-14 13:53:53.422 Df PeachCommander[22025:11c0c] (WebKit) WebContent[22113] _dirhelper_update_tmpdir: old=<private>, new=<private>
2026-09-14 13:53:53.459 Df PeachCommander[22025:11c0c] [com.apple.xpc:connection] WebContent[22113] [0x8a51dc000] activating connection: mach=false listener=false peer=false name=(anonymous)
2026-09-14 13:53:53.462 Df PeachCommander[22025:11c0c] [com.apple.WebKit:Loading] WebContent[22113] Received Launch Services database
2026-09-14 13:53:53.465 Df PeachCommander[22025:11c0c] [com.apple.WebKit:ProcessSuspension] 0x11e1041e0 - [PID=22113, throttler=0x11e0a0710] ProcessThrottler::Activity::invalidate: Ending foreground activity / 'Process initialization'
2026-09-14 13:53:53.465 Df PeachCommander[22025:11c0c] [com.apple.WebKit:Process] WebContent[22113] getNetworkProcessConnection: Request connection for core identifier 5
2026-09-14 13:53:53.465 Df PeachCommander[22025:11c0c] [com.apple.WebKit:ProcessSuspension] 0x11e10c190 - NetworkProcessProxy::getNetworkProcessConnection: Taking a background assertion because web process pid 22113 (core identifier 5) is requesting a connection
2026-09-14 13:53:53.476 Df PeachCommander[22025:11c0c] [com.apple.WebKit:Process] WebContent[22113] 0x10a070100 - [sessionID=1] WebProcess::initializeLogForwarding: Debug logging enabled: 0
2026-09-14 13:53:53.476 Df PeachCommander[22025:11c0c] [com.apple.WebKit:Process] WebContent[22113] WebProcess::platformInitializeWebProcess
2026-09-14 13:53:53.509 Df PeachCommander[22025:11c0c] [com.apple.xpc:connection] WebContent[22113] [0x8a51dc140] activating connection: mach=true listener=false peer=false name=com.apple.pasteboard.1
2026-09-14 13:53:53.509 Df PeachCommander[22025:11c0c] [com.apple.xpc:connection] WebContent[22113] [0x8a51dc140] failed to do a bootstrap look-up: xpc_error=[159: Unknown error: 159]
2026-09-14 13:53:53.509 Df PeachCommander[22025:11c0c] [com.apple.xpc:connection] WebContent[22113] [0x8a51dc140] invalidated after a failed init
2026-09-14 13:53:53.509 E  PeachCommander[22025:11c0c] [com.apple.CFPasteboard:general] WebContent[22113] Connection to 'pboard' server had an error: <dictionary: 0x1ee1ad560> { count = 1, transaction: 0, voucher = 0x0, contents =
	"XPCErrorDescription" => <string: 0x1ee1ad6a0> { string cache = 0x0, length = 18, contents = "Connection invalid" }
}
Invalidation reason: Connection init failed at lookup with error 159 - Sandbox restriction
2026-09-14 13:53:53.510 E  PeachCommander[22025:11c0c] [com.apple.CFPasteboard:general] WebContent[22113] Failed to set up CFPasteboardRef 'Apple CFPasteboard general'. Error: <dictionary: 0x1ee1ad560> { count = 1, transaction: 0, voucher = 0x0, contents =
	"XPCErrorDescription" => <string: 0x1ee1ad6a0> { string cache = 0x0, length = 18, contents = "Connection invalid" }
}
Invalidation reason: Connection init failed at lookup with error 159 - Sandbox restriction
2026-09-14 13:53:53.513 E  PeachCommander[22025:11c0c] [com.apple.CFPasteboard:general] WebContent[22113] Failed to set up CFPasteboardRef 'Apple CFPasteboard general'. Error: <dictionary: 0x1ee1ad560> { count = 1, transaction: 0, voucher = 0x0, contents =
	"XPCErrorDescription" => <string: 0x1ee1ad6a0> { string cache = 0x0, length = 18, contents = "Connection invalid" }
}
Invalidation reason: Connection init failed at lookup with error 159 - Sandbox restriction
2026-09-14 13:53:53.519 Df PeachCommander[22025:11c0c] [com.apple.xpc:connection] WebContent[22113] [0x8a51dc280] activating connection: mach=true listener=false peer=false name=com.apple.distributed_notifications@Uv3
2026-09-14 13:53:53.519 Df PeachCommander[22025:11c0c] [com.apple.xpc:connection] WebContent[22113] [0x8a51dc280] failed to do a bootstrap look-up: xpc_error=[159: Unknown error: 159]
2026-09-14 13:53:53.519 Df PeachCommander[22025:11c0c] [com.apple.xpc:connection] WebContent[22113] [0x8a51dc280] invalidated after a failed init
2026-09-14 13:53:53.525 Df PeachCommander[22025:11c0c] [com.apple.AppKit:AutomaticTermination] WebContent[22113] void _NSDisableAutomaticTerminationAndLog(NSString *) No windows open yet
2026-09-14 13:53:53.535 Df PeachCommander[22025:11c0c] [com.apple.xpc:connection] WebContent[22113] [0x8a51dc3c0] activating connection: mach=true listener=false peer=false name=com.apple.tccd.system
2026-09-14 13:53:53.536 Df PeachCommander[22025:11c0c] [com.apple.xpc:connection] WebContent[22113] [0x8a51dc3c0] failed to do a bootstrap look-up: xpc_error=[159: Unknown error: 159]
2026-09-14 13:53:53.536 Df PeachCommander[22025:11c0c] [com.apple.xpc:connection] WebContent[22113] [0x8a51dc3c0] invalidated after a failed init
2026-09-14 13:53:53.536 Df PeachCommander[22025:11c0c] [com.apple.TCC:access] WebContent[22113] send_message_with_reply_sync(): user tccd unavailable, sending 0x8a50e4480 to system tccd
2026-09-14 13:53:53.536 Df PeachCommander[22025:11c0c] [com.apple.xpc:connection] WebContent[22113] [0x8a51dc500] activating connection: mach=true listener=false peer=false name=com.apple.tccd.system
2026-09-14 13:53:53.536 Df PeachCommander[22025:11c0c] [com.apple.xpc:connection] WebContent[22113] [0x8a51dc500] failed to do a bootstrap look-up: xpc_error=[159: Unknown error: 159]
2026-09-14 13:53:53.536 Df PeachCommander[22025:11c0c] [com.apple.xpc:connection] WebContent[22113] [0x8a51dc500] invalidated after a failed init
2026-09-14 13:53:53.536 E  PeachCommander[22025:11c0c] [com.apple.TCC:access] WebContent[22113] send_message_with_reply_sync(): XPC_ERROR_CONNECTION_INVALID for message 0x8a50e4480
2026-09-14 13:53:53.536 E  PeachCommander[22025:11c0c] [com.apple.TCC:access] WebContent[22113] TCCAccessRequest_block_invoke: Connection invalid
2026-09-14 13:53:53.548 Df PeachCommander[22025:11c0c] [com.apple.SkyLight:default] WebContent[22113] Set a breakpoint at SLSLogBreak to catch errors/faults as they are logged.
2026-09-14 13:53:53.548 E  PeachCommander[22025:11c0c] [com.apple.SkyLight:default] WebContent[22113] Conn 0x0 is not a valid connection ID.
2026-09-14 13:53:53.548 E  PeachCommander[22025:11c0c] [com.apple.SkyLight:default] WebContent[22113] Conn 0x0 is not a valid connection ID.
2026-09-14 13:53:53.548 E  PeachCommander[22025:11c0c] [com.apple.SkyLight:default] WebContent[22113] Conn 0x0 is not a valid connection ID.
2026-09-14 13:53:53.549 E  PeachCommander[22025:11c0c] [com.apple.launchservices:cas] WebContent[22113] CONNECT: Attempt to connect to launchservicesd prohibited because kLSServerConnectionStatusProcessIsDaemonMask is set.
2026-09-14 13:53:53.555 E  PeachCommander[22025:11c0c] [com.apple.launchservices:cas] WebContent[22113] CRASHSTRING: rdar://problem/28724618 Couldn't connect to launchservicesd.
2026-09-14 13:53:53.577 Df PeachCommander[22025:11c0c] [com.apple.AppKit:Appearance] WebContent[22113] Current system appearance, (HLTB: 1), (SLS: 0)
2026-09-14 13:53:53.619 E  PeachCommander[22025:11c0c] (WebKit) WebContent[22113] invalid product id '(null)'
2026-09-14 13:53:53.619 Df PeachCommander[22025:11c0c] (WebKit) WebContent[22113] No persisted cache on this platform.
2026-09-14 13:53:53.624 Df PeachCommander[22025:11c0c] (WebKit) WebContent[22113] EAN is not supported on this device. Building default policy.
2026-09-14 13:53:53.624 Df PeachCommander[22025:11c0c] (WebKit) WebContent[22113] Creating default MGSysConfigPolicy
2026-09-14 13:53:53.624 Df PeachCommander[22025:11c0c] (WebKit) WebContent[22113] Unable to read diagnostic data from service
2026-09-14 13:53:53.624 Df PeachCommander[22025:11c0c] (WebKit) WebContent[22113] CFDictionaryRef copySyscfgDictionary(void) enumeration of <private> failed.
2026-09-14 13:53:53.624 Df PeachCommander[22025:11c0c] (WebKit) WebContent[22113] CFDictionaryRef copySyscfgDictionary(void) enumeration of <private> failed.
2026-09-14 13:53:53.624 Df PeachCommander[22025:11c0c] (WebKit) WebContent[22113] Failed to find key <private>
2026-09-14 13:53:53.625 Df PeachCommander[22025:11c0c] [com.apple.AppKit:Appearance] WebContent[22113] Current system appearance, (HLTB: 1), (SLS: 0)
2026-09-14 13:53:53.627 Df PeachCommander[22025:11c0c] [com.apple.AppKit:Appearance] WebContent[22113] Post-registration system appearance: (HLTB: 1)
2026-09-14 13:53:53.633 E  PeachCommander[22025:11c0c] [com.apple.CarbonCore:sharedcache] WebContent[22113] checkinWithServer Failed bootstrap_lookup2 for name of coreservicesd, kern_return_t=#1100/0x44c Permission denied name=com.apple.CoreServices.coreservicesd
2026-09-14 13:53:53.650 Df PeachCommander[22025:11c0c] [com.apple.FrontBoard:Common] WebContent[22113] FBSWorkspace: endpoint monitoring is disabled.
2026-09-14 13:53:53.650 Df PeachCommander[22025:11c0c] [com.apple.FrontBoard:Common] WebContent[22113] FBSWorkspace: default shell endpoint is disabled.
2026-09-14 13:53:53.653 Df PeachCommander[22025:11c0c] [com.apple.runningboard:connection] WebContent[22113] Initializing connection
2026-09-14 13:53:53.654 Df PeachCommander[22025:11c0c] [com.apple.runningboard:process] WebContent[22113] Removing all cached process handles
2026-09-14 13:53:53.654 Df PeachCommander[22025:11c0c] [com.apple.runningboard:connection] WebContent[22113] Sending handshake request attempt #1 to server
2026-09-14 13:53:53.654 E  PeachCommander[22025:11c0c] [com.apple.runningboard:connection] WebContent[22113] The sandbox in this process does not allow access to RunningBoard.
2026-09-14 13:53:53.654 E  PeachCommander[22025:11c0c] [com.apple.runningboard:connection] WebContent[22113] Handshake aborted as the connection has been invalidated
2026-09-14 13:53:53.658 E  PeachCommander[22025:11c0c] [com.apple.SkyLight:default] WebContent[22113] Conn 0x0 is not a valid connection ID.
2026-09-14 13:53:53.666 E  PeachCommander[22025:11c0c] [com.apple.SkyLight:default] WebContent[22113] Conn 0x0 is not a valid connection ID.
2026-09-14 13:53:53.666 Df PeachCommander[22025:11c0c] [com.apple.SkyLight:default] WebContent[22113] Invalid Connection ID 0
2026-09-14 13:53:53.666 E  PeachCommander[22025:11c0c] [com.apple.SkyLight:default] WebContent[22113] Conn 0x0 is not a valid connection ID.
2026-09-14 13:53:53.666 E  PeachCommander[22025:11c0c] [com.apple.SkyLight:default] WebContent[22113] Conn 0x0 is not a valid connection ID.
2026-09-14 13:53:53.666 E  PeachCommander[22025:11c0c] [com.apple.SkyLight:default] WebContent[22113] Conn 0x0 is not a valid connection ID.
2026-09-14 13:53:53.666 E  PeachCommander[22025:11c0c] [com.apple.SkyLight:default] WebContent[22113] Conn 0x0 is not a valid connection ID.
2026-09-14 13:53:53.761 E  PeachCommander[22025:11c0c] [com.apple.appintents:Connection] WebContent[22113] Missing com.apple.linkd.application-service / com.apple.linkd.autoShortcut mach-lookup entitlement, will NOT register the process
2026-09-14 13:53:53.761 E  PeachCommander[22025:11c0c] [com.apple.AppKit:Application] WebContent[22113] Error registering app with intents framework: Error Domain=LNProcessInstanceRegistryClientErrorDomain Code=1
2026-09-14 13:53:53.811 Df PeachCommander[22025:11c0c] [com.apple.WebKit:Process] WebContent[22113] 0x10a070100 - [sessionID=1] WebProcess::initializeWebProcess: Presenting processPID=22025
2026-09-14 13:53:53.811 Df PeachCommander[22025:11c0c] [com.apple.WebKit:Process] WebContent[22113] WebProcess::registerFontMap
2026-09-14 13:53:53.814 Df PeachCommander[22025:11c0c] [com.apple.WebKit:Loading] WebContent[22113] 0x1007cd7d8 - [webPageID=6] WebPage::constructor:
2026-09-14 13:53:53.841 Df PeachCommander[22025:11c0c] [com.apple.WebKit:ResourceLoading] WebContent[22113] [pageID=6 frameID=4294967297 isMainFrame=1] FrameLoader::setPolicyDocumentLoader: Setting policy document loader to 4480479232 (was 0)
2026-09-14 13:53:53.841 Df PeachCommander[22025:11c0c] [com.apple.WebKit:Network] WebContent[22113] [pageID=6, frameID=4294967297, isMainFrame=1] DocumentLoader::attachToFrame
2026-09-14 13:53:53.841 Df PeachCommander[22025:11c0c] [com.apple.WebKit:ResourceLoading] WebContent[22113] [pageID=6 frameID=4294967297 isMainFrame=1] FrameLoader::setProvisionalDocumentLoader: Setting provisional document loader to 4480479232 (was 0)
2026-09-14 13:53:53.841 Df PeachCommander[22025:11c0c] [com.apple.WebKit:ResourceLoading] WebContent[22113] [pageID=6 frameID=4294967297 isMainFrame=1] FrameLoader::setDocumentLoader: Setting document loader to 4480479232 (was 0)
2026-09-14 13:53:53.841 Df PeachCommander[22025:11c0c] [com.apple.WebKit:ResourceLoading] WebContent[22113] [pageID=6 frameID=4294967297 isMainFrame=1] FrameLoader::transitionToCommitted: Clearing provisional document loader (m_provisionalDocumentLoader=4480479232)
2026-09-14 13:53:53.841 Df PeachCommander[22025:11c0c] [com.apple.WebKit:ResourceLoading] WebContent[22113] [pageID=6 frameID=4294967297 isMainFrame=1] FrameLoader::setProvisionalDocumentLoader: Setting provisional document loader to 0 (was 4480479232)
2026-09-14 13:53:53.845 Df PeachCommander[22025:11c0c] [com.apple.AppKit:Appearance] WebContent[22113] NSApp cache appearance:
-NSRequiresAquaSystemAppearance: 0
-appearance: (null)
-effectiveAppearance: <NSCompositeAppearance: 0x8a4e08780
 (
    "<NSAquaAppearance: 0x8a4e08820>",
    "<NSSystemAppearance: 0x8a4e08640>"
)>
2026-09-14 13:53:53.850 Df PeachCommander[22025:11c0c] [com.apple.WebKit:ProcessSuspension] WebContent[22113] [webPageID=6] WebPage::unfreezeLayerTree: Removing a reason to freeze layer tree (reason=128, new=0, old=0)
2026-09-14 13:53:53.934 Df PeachCommander[22025:11c0c] [com.apple.WebKit:Network] WebContent[22113] [pageID=6, frameID=4294967297, isMainFrame=1] DocumentLoader::startLoadingMainResource: Returning empty document
2026-09-14 13:53:53.934 Df PeachCommander[22025:11c0c] [com.apple.WebKit:ResourceLoading] WebContent[22113] [pageID=6 frameID=4294967297 isMainFrame=1] FrameLoader::setPolicyDocumentLoader: Setting policy document loader to 0 (was 4480479232)
2026-09-14 13:53:53.937 Df PeachCommander[22025:11c0c] [com.apple.WebKit:ProcessSuspension] WebContent[22113] [webPageID=6] WebPage::unfreezeLayerTree: Removing a reason to freeze layer tree (reason=1, new=0, old=0)
2026-09-14 13:53:53.937 Df PeachCommander[22025:11c0c] [com.apple.WebKit:Layout] WebContent[22113] [webFrameID=4294967297, webPageID=6] WebLocalFrameLoaderClient::completePageTransitionIfNeeded: dispatching didCompletePageTransition
2026-09-14 13:53:53.937 Df PeachCommander[22025:11c0c] [com.apple.WebKit:ResourceLoading] WebContent[22113] [pageID=6 frameID=4294967297 isMainFrame=1] FrameLoader::setState: main frame load completed
2026-09-14 13:53:53.937 Df PeachCommander[22025:11c0c] [com.apple.WebKit:PerformanceLogging] WebContent[22113] Memory usage info dump at MainFrameLoadCompleted:
2026-09-14 13:53:53.937 Df PeachCommander[22025:11c0c] [com.apple.WebKit:PerformanceLogging] WebContent[22113]   page_count: 1
2026-09-14 13:53:53.937 Df PeachCommander[22025:11c0c] [com.apple.WebKit:PerformanceLogging] WebContent[22113]   backforward_cache_page_count: 0
2026-09-14 13:53:53.937 Df PeachCommander[22025:11c0c] [com.apple.WebKit:PerformanceLogging] WebContent[22113]   document_count: 1
2026-09-14 13:53:53.937 Df PeachCommander[22025:11c0c] [com.apple.WebKit:PerformanceLogging] WebContent[22113]   javascript_gc_heap_capacity_mb: 0
2026-09-14 13:53:53.937 Df PeachCommander[22025:11c0c] [com.apple.WebKit:PerformanceLogging] WebContent[22113]   javascript_gc_heap_extra_memory_size_mb: 0
2026-09-14 13:53:53.937 Df PeachCommander[22025:11c0c] [com.apple.WebKit:PerformanceLogging] WebContent[22113]   internal_mb: 9
2026-09-14 13:53:53.937 Df PeachCommander[22025:11c0c] [com.apple.WebKit:PerformanceLogging] WebContent[22113]   compressed_mb: 0
2026-09-14 13:53:53.937 Df PeachCommander[22025:11c0c] [com.apple.WebKit:PerformanceLogging] WebContent[22113]   phys_footprint_mb: 9
2026-09-14 13:53:53.937 Df PeachCommander[22025:11c0c] [com.apple.WebKit:PerformanceLogging] WebContent[22113]   resident_size_mb: 33
2026-09-14 13:53:53.937 Df PeachCommander[22025:11c0c] [com.apple.WebKit:PerformanceLogging] WebContent[22113]   virtual_size_mb: 495978
2026-09-14 13:53:53.937 Df PeachCommander[22025:11c0c] [com.apple.WebKit:Process] WebContent[22113] WebPage::platformInitializeAccessibility shouldInitializeNSAccessibility = 0
2026-09-14 13:53:53.938 Df PeachCommander[22025:11c0c] [com.apple.WebKit:Process] WebContent[22113] WebPage::platformInitializeAccessibility deferring token transfer for pageID=6
2026-09-14 13:53:53.962 Df PeachCommander[22025:11c0c] [com.apple.WebKit:PerformanceLogging] WebContent[22113] PerformanceMonitor::measureCPUUsageInActivityState: Process is using 98.0% CPU in state: VisibleNonActive
2026-09-14 13:53:53.962 Df PeachCommander[22025:11c0c] [com.apple.WebKit:Process] WebContent[22113] 0x1007cd7d8 - [webPageID=6] WebPage::registerURLSchemeHandler: Registered handler 7 for the '<private>' scheme
2026-09-14 13:53:53.962 Df PeachCommander[22025:11c0c] [com.apple.WebKit:ActivityState] WebContent[22113] 0x10a041820 - UserActivity::Impl::beginActivity: description=App nap disabled for page due to user activity
2026-09-14 13:53:53.962 Df PeachCommander[22025:11c0c] [com.apple.WebKit:Loading] WebContent[22113] 0x1007cd7d8 - [webPageID=6] WebPage::loadData: navigationID=12, shouldTreatAsContinuingLoad=0
2026-09-14 13:53:53.962 Df PeachCommander[22025:11c0c] [com.apple.WebKit:ResourceLoading] WebContent[22113] [pageID=6 frameID=4294967297 isMainFrame=1] FrameLoader::load (FrameLoadRequest): frame load started
2026-09-14 13:53:53.962 Df PeachCommander[22025:11c0c] [com.apple.WebKit:ResourceLoading] WebContent[22113] [pageID=6 frameID=4294967297 isMainFrame=1] FrameLoader::load (DocumentLoader): frame load started
2026-09-14 13:53:53.962 Df PeachCommander[22025:11c0c] [com.apple.WebKit:ResourceLoading] WebContent[22113] [pageID=6 frameID=4294967297 isMainFrame=1] FrameLoader::loadWithDocumentLoader: frame load started
2026-09-14 13:53:53.962 Df PeachCommander[22025:11c0c] [com.apple.WebKit:ResourceLoading] WebContent[22113] [pageID=6 frameID=4294967297 isMainFrame=1] FrameLoader::loadWithDocumentLoader: main frame load started
2026-09-14 13:53:53.962 Df PeachCommander[22025:11c0c] [com.apple.WebKit:PerformanceLogging] WebContent[22113] Memory usage info dump at MainFrameLoadStarted:
2026-09-14 13:53:53.962 Df PeachCommander[22025:11c0c] [com.apple.WebKit:PerformanceLogging] WebContent[22113]   page_count: 1
2026-09-14 13:53:53.962 Df PeachCommander[22025:11c0c] [com.apple.WebKit:PerformanceLogging] WebContent[22113]   backforward_cache_page_count: 0
2026-09-14 13:53:53.962 Df PeachCommander[22025:11c0c] [com.apple.WebKit:PerformanceLogging] WebContent[22113]   document_count: 1
2026-09-14 13:53:53.962 Df PeachCommander[22025:11c0c] [com.apple.WebKit:PerformanceLogging] WebContent[22113]   javascript_gc_heap_capacity_mb: 0
2026-09-14 13:53:53.962 Df PeachCommander[22025:11c0c] [com.apple.WebKit:PerformanceLogging] WebContent[22113]   javascript_gc_heap_extra_memory_size_mb: 0
2026-09-14 13:53:53.962 Df PeachCommander[22025:11c0c] [com.apple.WebKit:PerformanceLogging] WebContent[22113]   internal_mb: 9
2026-09-14 13:53:53.962 Df PeachCommander[22025:11c0c] [com.apple.WebKit:PerformanceLogging] WebContent[22113]   compressed_mb: 0
2026-09-14 13:53:53.962 Df PeachCommander[22025:11c0c] [com.apple.WebKit:PerformanceLogging] WebContent[22113]   phys_footprint_mb: 9
2026-09-14 13:53:53.962 Df PeachCommander[22025:11c0c] [com.apple.WebKit:PerformanceLogging] WebContent[22113]   resident_size_mb: 34
2026-09-14 13:53:53.962 Df PeachCommander[22025:11c0c] [com.apple.WebKit:PerformanceLogging] WebContent[22113]   virtual_size_mb: 495978
2026-09-14 13:53:53.962 Df PeachCommander[22025:11c0c] [com.apple.WebKit:ResourceLoading] WebContent[22113] [pageID=6 frameID=4294967297 isMainFrame=1] FrameLoader::setPolicyDocumentLoader: Setting policy document loader to 4480483328 (was 0)
2026-09-14 13:53:53.962 Df PeachCommander[22025:11c0c] [com.apple.WebKit:Network] WebContent[22113] [pageID=6, frameID=4294967297, isMainFrame=1] DocumentLoader::attachToFrame
2026-09-14 13:53:53.978 E  PeachCommander[22025:11c0c] (WebKit) WebContent[22113] networkd_settings_read_from_file_locked Sandbox is preventing this process from reading networkd settings file at "/Library/Preferences/com.apple.networkd.plist", please add an exception.
2026-09-14 13:53:53.978 E  PeachCommander[22025:11c0c] (WebKit) WebContent[22113] networkd_settings_read_from_file_locked Sandbox is preventing this process from reading networkd settings file at "/Library/Preferences/com.apple.networkd.plist", please add an exception.
2026-09-14 13:53:53.985 Df PeachCommander[22025:11c0c] [com.apple.WebKit:Loading] 0x861254018 - [pageProxyID=5, webPageID=6, PID=22113] WebPageProxy::decidePolicyForNavigationAction: frameID=4294967297, isMainFrame=1, navigationID=12
2026-09-14 13:53:53.986 I  PeachCommander[22025:11c0c] [com.apple.Safari.SafeBrowsing:Lookup] Look up a url
2026-09-14 13:53:53.986 Df PeachCommander[22025:11c0c] [com.apple.WebKit:AppSSO] 0x11e0180e0 - SOAuthorizationCoordinator::tryAuthorize
2026-09-14 13:53:53.986 A  PeachCommander[22025:11c0c] (AppSSO) canPerformAuthorizationWithURL
2026-09-14 13:53:53.986 A  PeachCommander[22025:11c0c] (AppSSOCore) canPerformAuthorizationWithURL
2026-09-14 13:53:53.986 Df PeachCommander[22025:11c0c] [com.apple.authkit:nto] Fetching native takeover URLs
2026-09-14 13:53:53.986 Df PeachCommander[22025:11c0c] [com.apple.xpc:connection] [0x85d938140] activating connection: mach=true listener=false peer=false name=com.apple.ak.authorizationservices.xpc
2026-09-14 13:53:53.986 I  PeachCommander[22025:11c0c] [com.apple.CFNetwork:Default] TLD info from asset location is unavailable or too old. Falling back to builtin
2026-09-14 13:53:53.986 Df PeachCommander[22025:11c11] [com.apple.authkit:nto] URL shouldn't be processed
2026-09-14 13:53:53.986 Df PeachCommander[22025:11c11] [com.apple.AppSSO:SOConfigurationClient] -[SOConfigurationClient init]  on <private>
2026-09-14 13:53:53.986 Df PeachCommander[22025:11c11] [com.apple.xpc:connection] [0x85d9388c0] activating connection: mach=true listener=false peer=false name=com.apple.AppSSO.service-xpc
2026-09-14 13:53:53.986 Df PeachCommander[22025:11c11] [com.apple.AppSSO:SOServiceConnection] <SOServiceConnection: 0x85ffdc000>: new XPC connection
2026-09-14 13:53:53.986 Df PeachCommander[22025:11c0c] [com.apple.WebKit:Loading] beginSafeBrowsingCheck: no threat, completing navigationID=12
2026-09-14 13:53:53.986 Df PeachCommander[22025:11c0c] [com.apple.WebKit:AppSSO] SOAuthorizationCoordinator::tryAuthorize: The requested URL is not registered for AppSSO handling. No further action needed.
2026-09-14 13:53:53.987 Df PeachCommander[22025:11c0c] [com.apple.WebKit:Loading] 0x861254018 - [pageProxyID=5, webPageID=6, PID=22113] WebPageProxy::decidePolicyForNavigationAction: listener called: frameID=4294967297, isMainFrame=1, navigationID=12, policyAction=Use, isAppBoundDomain=0, wasNavigationIntercepted=0
2026-09-14 13:53:53.987 Df PeachCommander[22025:11c0c] [com.apple.WebKit:Loading] 0x861254018 - [pageProxyID=5, webPageID=6, PID=22113] WebPageProxy::receivedNavigationActionPolicyDecision: frameID=4294967297, isMainFrame=1, navigationID=12, policyAction=Use
2026-09-14 13:53:53.987 Df PeachCommander[22025:11c0c] [com.apple.WebKit:ProcessSwapping] 0x861254018 - [pageProxyID=5, webPageID=6, PID=22113] WebPageProxy::decidePolicyForNavigationAction: keep using process 22113 for navigation, reason=Process has not yet committed any provisional loads
2026-09-14 13:53:53.987 Df PeachCommander[22025:11c0c] [com.apple.WebKit:Process] 0x11e0a0680 - [PID=22113] WebProcessProxy::canTerminateAuxiliaryProcess: returns false (pageCount=1, remotePageCount=0, provisionalPageCount=0, suspendedPageCount=0, m_isInProcessCache=0, m_shutdownPreventingScopeCounter=0)
2026-09-14 13:53:53.993 Df PeachCommander[22025:11c0c] [com.apple.xpc:connection] WebContent[22113] [0x8a51dc500] activating connection: mach=true listener=false peer=false name=com.apple.audio.AudioComponentRegistrar
2026-09-14 13:53:53.993 Df PeachCommander[22025:11c0c] [com.apple.xpc:connection] WebContent[22113] [0x8a51dc500] failed to do a bootstrap look-up: xpc_error=[1: Operation not permitted]
2026-09-14 13:53:53.993 Df PeachCommander[22025:11c0c] [com.apple.xpc:connection] WebContent[22113] [0x8a51dc500] invalidated after a failed init
2026-09-14 13:53:53.993 Df PeachCommander[22025:11c0c] [com.apple.coreaudio:audiocomp] WebContent[22113] AudioComponentPluginMgr.mm:326   registration server connection invalidated
2026-09-14 13:53:53.995 E  PeachCommander[22025:11c0c] [com.apple.coreaudio:audiocomp] WebContent[22113] AudioComponentPluginMgr.mm:590   reg server remote proxy error Error Domain=NSCocoaErrorDomain Code=4099 "The connection to service named com.apple.audio.AudioComponentRegistrar was invalidated: Connection init failed at lookup with error 1 - Operation not permitted." UserInfo={NSDebugDescription=The connection to service named com.apple.audio.AudioComponentRegistrar was invalidated: Connection init failed at lookup with error 1 - Operation not permitted.}
2026-09-14 13:53:54.005 Df PeachCommander[22025:11c0c] [com.apple.xpc:connection] WebContent[22113] [0x8a51dc640] activating connection: mach=false listener=false peer=false name=com.apple.audio.SandboxHelper
2026-09-14 13:53:54.005 Df PeachCommander[22025:11c0c] [com.apple.xpc:connection] WebContent[22113] [0x8a51dc640] failed to do a bootstrap look-up: xpc_error=[1: Operation not permitted]
2026-09-14 13:53:54.005 Df PeachCommander[22025:11c0c] [com.apple.xpc:connection] WebContent[22113] [0x8a51dc640] invalidated after a failed init
2026-09-14 13:53:54.005 Df PeachCommander[22025:11c0c] (WebKit) WebContent[22113]   SandboxHelperClient.cpp:120    IsComponentSandboxSafeInThisProcess: the XPC service was invalid
2026-09-14 13:53:54.005 Df PeachCommander[22025:11c0c] (WebKit) WebContent[22113]   SandboxHelperClient.cpp:120    IsComponentSandboxSafeInThisProcess: the XPC service was invalid
2026-09-14 13:53:54.008 Df PeachCommander[22025:11c0c] [com.apple.WebKit:PerformanceLogging] WebContent[22113] PerformanceMonitor::measureCPUUsageInActivityState: Process is using 99.7% CPU in state: NonVisible
2026-09-14 13:53:54.010 Df PeachCommander[22025:11c0c] [com.apple.WebKit:Process] WebContent[22113] Disabling launch log hook
2026-09-14 13:53:54.010 Df PeachCommander[22025:11c0c] [com.apple.WebKit:Process] Log endpoint is disabled
2026-09-14 13:53:54.012 Df PeachCommander[22025:11d0e] [com.apple.WebKit:Network] WebContent[22113]: [webFrameID=4294967297, webPageID=6] WebFrameLoaderClient::dispatchDecidePolicyForNavigationAction: Got policyAction Use from async IPC
2026-09-14 13:53:54.012 Df PeachCommander[22025:11d0e] [com.apple.WebKit:Loading] WebContent[22113] 0x10a150240 - [pageID=6, frameID=4294967297] PolicyChecker::checkNavigationPolicy: continuing because this policyAction from dispatchDecidePolicyForNavigationAction is Use
2026-09-14 13:53:54.012 Df PeachCommander[22025:11d0e] [com.apple.WebKit:ResourceLoading] WebContent[22113]: [pageID=6 frameID=4294967297 isMainFrame=1] FrameLoader::stopAllLoaders: m_provisionalDocumentLoader=0, m_documentLoader=4480479232
2026-09-14 13:53:54.012 Df PeachCommander[22025:11d0e] [com.apple.WebKit:Network] WebContent[22113]: [pageID=6, frameID=4294967297, isMainFrame=1] DocumentLoader::stopLoading
2026-09-14 13:53:54.012 Df PeachCommander[22025:11d0e] [com.apple.WebKit:ResourceLoading] WebContent[22113]: [pageID=6 frameID=4294967297 isMainFrame=1] FrameLoader::setProvisionalDocumentLoader: Setting provisional document loader to 4480483328 (was 0)
2026-09-14 13:53:54.012 Df PeachCommander[22025:11d0e] [com.apple.WebKit:ResourceLoading] WebContent[22113]: [pageID=6 frameID=4294967297 isMainFrame=1] FrameLoader::continueLoadAfterNavigationPolicy: Setting provisional document loader (m_provisionalDocumentLoader=4480483328)
2026-09-14 13:53:54.012 Df PeachCommander[22025:11d0e] [com.apple.WebKit:ProcessSuspension] WebContent[22113]: [webPageID=6] WebPage::freezeLayerTree: Adding a reason to freeze layer tree (reason=1, new=1, old=0)
2026-09-14 13:53:54.012 Df PeachCommander[22025:11d0e] [com.apple.WebKit:ResourceLoading] WebContent[22113]: [pageID=6 frameID=4294967297 isMainFrame=1] FrameLoader::setPolicyDocumentLoader: Setting policy document loader to 0 (was 4480483328)
2026-09-14 13:53:54.012 Df PeachCommander[22025:11d0e] [com.apple.WebKit:ResourceLoading] WebContent[22113]: [pageID=6 frameID=4294967297 isMainFrame=1] FrameLoader::prepareForLoadStart: Starting frame load
2026-09-14 13:53:54.012 Df PeachCommander[22025:11d0e] [com.apple.WebKit:Network] WebContent[22113]: ProgressTracker::progressStarted: frameID 4294967297, value 0.100000, tracked frames 1, originating frameID 4294967297, isMainLoad 1
2026-09-14 13:53:54.012 Df PeachCommander[22025:11d0e] [com.apple.WebKit:Network] WebContent[22113]: [pageID=6, frameID=4294967297, isMainFrame=1] DocumentLoader::startLoadingMainResource: Starting load
2026-09-14 13:53:54.012 Df PeachCommander[22025:11d0e] [com.apple.WebKit:Network] WebContent[22113] 0x10b0ec000 - [pageID=6, frameID=4294967297, isMainFrame=1] DocumentLoader::startLoadingMainResource: Returning substitute data
2026-09-14 13:53:54.012 Df PeachCommander[22025:11c0c] [com.apple.WebKit:ActivityState] PageClientImpl 0x11e064150 isViewVisible(): viewWindow 0x85df7c780, window visible 1, view hidden 0, window occluded 0
2026-09-14 13:53:54.012 Df PeachCommander[22025:11c0c] [com.apple.WebKit:ActivityState] PageClientImpl 0x11e064150 isViewVisible(): viewWindow 0x85df7c780, window visible 1, view hidden 0, window occluded 0
2026-09-14 13:53:54.012 Df PeachCommander[22025:11d0e] [com.apple.WebKit:Network] WebContent[22113] 0x10b0ec000 - [pageID=6, frameID=4294967297, isMainFrame=1] DocumentLoader::startLoadingMainResource callback: Load canceled because of substitute data
2026-09-14 13:53:54.012 Df PeachCommander[22025:11c0c] [com.apple.WebKit:Loading] 0x861254018 - [pageProxyID=5, webPageID=6, PID=22113] WebPageProxy::didStartProvisionalLoadForFrame: frameID=4294967297, isMainFrame=1
2026-09-14 13:53:54.012 Df PeachCommander[22025:11c0c] [com.apple.WebKit:Loading] 0x11e0a0680 - [PID=22113] WebProcessProxy::didStartProvisionalLoadForMainFrame:
2026-09-14 13:53:54.012 Df PeachCommander[22025:11c0c] [com.apple.WebKit:ActivityState] PageClientImpl 0x11e064150 isViewVisible(): viewWindow 0x85df7c780, window visible 1, view hidden 0, window occluded 0
2026-09-14 13:53:54.012 Df PeachCommander[22025:11c0c] [com.apple.WebKit:ActivityState] PageClientImpl 0x11e064150 isViewVisible(): viewWindow 0x85df7c780, window visible 1, view hidden 0, window occluded 0
2026-09-14 13:53:54.012 Df PeachCommander[22025:11d0e] [com.apple.SkyLight:default] WebContent[22113] Failed to look up the port for "com.apple.windowserver.active" (1)
2026-09-14 13:53:54.015 Df PeachCommander[22025:11d0e] [com.apple.WebKit:ResourceLoading] WebContent[22113]: [pageID=6 frameID=4294967297 isMainFrame=1] FrameLoader::setDocumentLoader: Setting document loader to 4480483328 (was 4480479232)
2026-09-14 13:53:54.015 Df PeachCommander[22025:11d0e] [com.apple.WebKit:Network] WebContent[22113]: [pageID=6, frameID=4294967297, isMainFrame=1] DocumentLoader::detachFromFrame
2026-09-14 13:53:54.015 Df PeachCommander[22025:11d0e] [com.apple.WebKit:Network] WebContent[22113]: [pageID=6, frameID=4294967297, isMainFrame=1] DocumentLoader::stopLoading
2026-09-14 13:53:54.015 Df PeachCommander[22025:11d0e] [com.apple.WebKit:ResourceLoading] WebContent[22113]: [pageID=6 frameID=4294967297 isMainFrame=1] FrameLoader::transitionToCommitted: Clearing provisional document loader (m_provisionalDocumentLoader=4480483328)
2026-09-14 13:53:54.015 Df PeachCommander[22025:11d0e] [com.apple.WebKit:ResourceLoading] WebContent[22113]: [pageID=6 frameID=4294967297 isMainFrame=1] FrameLoader::setProvisionalDocumentLoader: Setting provisional document loader to 0 (was 4480483328)
2026-09-14 13:53:54.015 E  PeachCommander[22025:11d0e] [com.apple.WebKit:ResourceLoadStatistics] WebContent[22113] Unable to hide query parameters from script (missing data)
2026-09-14 13:53:54.015 Df PeachCommander[22025:11d0e] [com.apple.WebKit:ProcessSuspension] WebContent[22113]: [webPageID=6] WebPage::unfreezeLayerTree: Removing a reason to freeze layer tree (reason=128, new=1, old=1)
2026-09-14 13:53:54.015 Df PeachCommander[22025:11d0e] [com.apple.WebKit:ProcessSuspension] WebContent[22113]: [webPageID=6] WebPage::unfreezeLayerTree: Removing a reason to freeze layer tree (reason=128, new=1, old=1)
2026-09-14 13:53:54.018 Df PeachCommander[22025:11d0e] [com.apple.WebKit:ProcessSuspension] WebContent[22113]: [webPageID=6] WebPage::unfreezeLayerTree: Removing a reason to freeze layer tree (reason=32, new=1, old=1)
2026-09-14 13:53:54.018 Df PeachCommander[22025:11c0c] [com.apple.WebKit:Loading] 0x861254018 - [pageProxyID=5, webPageID=6, PID=22113] WebPageProxy::didCommitLoadForFrame: frameID=4294967297, isMainFrame=1
2026-09-14 13:53:54.018 Df PeachCommander[22025:11c0c] [com.apple.WebKit:ActivityState] PageClientImpl 0x11e064150 isViewVisible(): viewWindow 0x85df7c780, window visible 1, view hidden 0, window occluded 0
2026-09-14 13:53:54.018 Df PeachCommander[22025:11c0c] [com.apple.WebKit:ActivityState] PageClientImpl 0x11e064150 isViewVisible(): viewWindow 0x85df7c780, window visible 1, view hidden 0, window occluded 0
2026-09-14 13:53:54.038 Df PeachCommander[22025:11d0e] [com.apple.WebKit:Network] WebContent[22113] 0x10a2dac00 - [pageID=6, frameID=4294967297] CachedResourceLoader::requestResource: Not allowed to request resource
2026-09-14 13:53:54.054 Df PeachCommander[22025:11d0e] [com.apple.WebKit:ProcessSuspension] WebContent[22113]: [webPageID=6] WebPage::unfreezeLayerTree: Removing a reason to freeze layer tree (reason=1, new=0, old=1)
2026-09-14 13:53:54.054 Df PeachCommander[22025:11d0e] [com.apple.WebKit:Layout] WebContent[22113]: [pageID=6, frameID=4294967297, isMainFrame=1] LocalFrameView::fireLayoutRelatedMilestonesIfNeeded: Firing first visually non-empty layout milestone on the main frame
2026-09-14 13:53:54.054 Df PeachCommander[22025:11d0e] [com.apple.WebKit:Layout] WebContent[22113]: [webFrameID=4294967297, webPageID=6] WebLocalFrameLoaderClient::dispatchDidReachLayoutMilestone: dispatching DidReachLayoutMilestone (milestones=DidFirstVisuallyNonEmptyLayout)
2026-09-14 13:53:54.054 Df PeachCommander[22025:11d0e] [com.apple.WebKit:Layout] WebContent[22113]: [webFrameID=4294967297, webPageID=6] WebLocalFrameLoaderClient::dispatchDidReachLayoutMilestone: dispatching DidFirstVisuallyNonEmptyLayoutForFrame
2026-09-14 13:53:54.054 Df PeachCommander[22025:11d0e] [com.apple.WebKit:Layout] WebContent[22113]: [webFrameID=4294967297, webPageID=6] WebLocalFrameLoaderClient::completePageTransitionIfNeeded: dispatching didCompletePageTransition
2026-09-14 13:53:54.054 Df PeachCommander[22025:11c0c] [com.apple.WebKit:Loading] 0x861254018 - [pageProxyID=5, webPageID=6, PID=22113] WebPageProxy::didFinishDocumentLoadForFrame: frameID=4294967297, isMainFrame=1
2026-09-14 13:53:54.055 Df PeachCommander[22025:11d0e] [com.apple.WebKit:Layout] WebContent[22113]: [webFrameID=4294967297, webPageID=6] WebLocalFrameLoaderClient::dispatchDidReachLayoutMilestone: dispatching DidFirstLayoutForFrame
2026-09-14 13:53:54.055 Df PeachCommander[22025:11d0e] [com.apple.WebKit:Layout] WebContent[22113]: [webFrameID=4294967297, webPageID=6] WebLocalFrameLoaderClient::dispatchDidReachLayoutMilestone: dispatching DidReachLayoutMilestone (milestones=DidFirstLayout)
2026-09-14 13:53:54.055 Df PeachCommander[22025:11d0e] [com.apple.WebKit:ResourceLoading] WebContent[22113]: [pageID=6 frameID=4294967297 isMainFrame=1] FrameLoader::setState: main frame load completed
2026-09-14 13:53:54.055 Df PeachCommander[22025:11d0e] [com.apple.WebKit:PerformanceLogging] WebContent[22113]: Memory usage info dump at <private>:
2026-09-14 13:53:54.055 Df PeachCommander[22025:11d0e] [com.apple.WebKit:PerformanceLogging] WebContent[22113]:   <private>: 1
2026-09-14 13:53:54.055 Df PeachCommander[22025:11d0e] [com.apple.WebKit:PerformanceLogging] WebContent[22113]:   <private>: 0
2026-09-14 13:53:54.055 Df PeachCommander[22025:11d0e] [com.apple.WebKit:PerformanceLogging] WebContent[22113]:   <private>: 1
2026-09-14 13:53:54.055 Df PeachCommander[22025:11d0e] [com.apple.WebKit:PerformanceLogging] WebContent[22113]:   <private>: 0
2026-09-14 13:53:54.055 Df PeachCommander[22025:11d0e] [com.apple.WebKit:PerformanceLogging] WebContent[22113]:   <private>: 0
2026-09-14 13:53:54.055 Df PeachCommander[22025:11d0e] [com.apple.WebKit:PerformanceLogging] WebContent[22113]:   <private>: 10
2026-09-14 13:53:54.055 Df PeachCommander[22025:11d0e] [com.apple.WebKit:PerformanceLogging] WebContent[22113]:   <private>: 0
2026-09-14 13:53:54.055 Df PeachCommander[22025:11d0e] [com.apple.WebKit:PerformanceLogging] WebContent[22113]:   <private>: 10
2026-09-14 13:53:54.055 Df PeachCommander[22025:11d0e] [com.apple.WebKit:PerformanceLogging] WebContent[22113]:   <private>: 38
2026-09-14 13:53:54.055 Df PeachCommander[22025:11d0e] [com.apple.WebKit:PerformanceLogging] WebContent[22113]:   <private>: 495993
2026-09-14 13:53:54.055 Df PeachCommander[22025:11d0e] [com.apple.WebKit:Network] WebContent[22113]: ProgressTracker::progressCompleted: frameID 4294967297, value 0.100000, tracked frames 1, originating frameID 4294967297, isMainLoad 1
2026-09-14 13:53:54.055 Df PeachCommander[22025:11d0e] [com.apple.WebKit:Network] WebContent[22113]: ProgressTracker::finalProgressComplete: value 0.100000, tracked frames 0, originating frameID 4294967297, isMainLoad 1, isMainLoadProgressing 0
2026-09-14 13:53:54.055 Df PeachCommander[22025:11d0e] [com.apple.WebKit:ResourceLoading] WebContent[22113]: [pageID=6 frameID=4294967297 isMainFrame=1] FrameLoader::checkLoadCompleteForThisFrame: Finished frame load
2026-09-14 13:53:54.055 Df PeachCommander[22025:11c0c] [com.apple.WebKit:ActivityState] PageClientImpl 0x11e064150 isViewVisible(): viewWindow 0x85df7c780, window visible 1, view hidden 0, window occluded 0
2026-09-14 13:53:54.055 Df PeachCommander[22025:11c0c] [com.apple.WebKit:ActivityState] PageClientImpl 0x11e064150 isViewVisible(): viewWindow 0x85df7c780, window visible 1, view hidden 0, window occluded 0
2026-09-14 13:53:54.055 Df PeachCommander[22025:11c0c] [com.apple.WebKit:Loading] 0x861254018 - [pageProxyID=5, webPageID=6, PID=22113] WebPageProxy::didFinishLoadForFrame: frameID=4294967297, isMainFrame=1
2026-09-14 13:53:54.055 Df PeachCommander[22025:11c0c] [com.apple.WebKit:ProcessSuspension] 0x11e11c0e0 - NavigationState will release its process network assertion soon because the page load completed
2026-09-14 13:53:54.055 Df PeachCommander[22025:11c0c] [com.apple.WebKit:ProcessSuspension] 0x11e104300 - [PID=22113, throttler=0x11e0a0710] ProcessThrottler::Activity::invalidate: Ending foreground activity / 'Client navigation'
2026-09-14 13:53:54.055 Df PeachCommander[22025:11c0c] [com.apple.WebKit:ActivityState] PageClientImpl 0x11e064150 isViewVisible(): viewWindow 0x85df7c780, window visible 1, view hidden 0, window occluded 0
2026-09-14 13:53:54.055 Df PeachCommander[22025:11c0c] [com.apple.WebKit:ActivityState] PageClientImpl 0x11e064150 isViewVisible(): viewWindow 0x85df7c780, window visible 1, view hidden 0, window occluded 0
2026-09-14 13:53:54.055 Df PeachCommander[22025:11c0c] [com.apple.WebKit:ActivityState] PageClientImpl 0x11e064150 isViewVisible(): viewWindow 0x85df7c780, window visible 1, view hidden 0, window occluded 0
2026-09-14 13:53:54.055 Df PeachCommander[22025:11c0c] [com.apple.WebKit:ActivityState] PageClientImpl 0x11e064150 isViewVisible(): viewWindow 0x85df7c780, window visible 1, view hidden 0, window occluded 0
2026-09-14 13:53:54.056 Df PeachCommander[22025:11d0e] [com.apple.WebKit:RemoteLayerBuffers] WebContent[22113]: [renderingBackend=15] Created rendering backend for pageProxyID=5, webPageID=6
2026-09-14 13:53:54.059 Df PeachCommander[22025:11d0e] [com.apple.WebKit:Process] WebContent[22113] GPUProcessConnection::create - 0x10a232840
2026-09-14 13:53:54.059 Df PeachCommander[22025:11c0c] [com.apple.WebKit:Sandbox] Successfully created a sandbox extension for '<private>'
2026-09-14 13:53:54.059 Df PeachCommander[22025:11c0c] [com.apple.WebKit:Sandbox] Successfully created a sandbox extension for '<private>'
2026-09-14 13:53:54.059 Df PeachCommander[22025:11c0c] [com.apple.WebKit:ProcessSuspension] 0x11e1001f0 - GPUProcessProxy is taking a background assertion because a web process is requesting a connection
2026-09-14 13:53:54.100 Df PeachCommander[22025:11d0e] [com.apple.WebKit:Layout] WebContent[22113]: [webFrameID=4294967297, webPageID=6] WebLocalFrameLoaderClient::dispatchDidReachLayoutMilestone: dispatching DidReachLayoutMilestone (milestones=DidFirstMeaningfulPaint)
2026-09-14 13:53:54.100 Df PeachCommander[22025:11d0e] [com.apple.WebKit:Process] WebContent[22113] 0x10a232840 - GPUProcessConnection::didInitialize
2026-09-14 13:53:54.108 Df PeachCommander[22025:11c0c] [com.apple.WebKit:ViewState] 0x11e198100 [pageProxyID=5, webPageID=6, PID=22113, DisplayID=1] RemoteLayerTreeDrawingAreaProxyMac::scheduleDisplayRefreshCallbacks
2026-09-14 13:53:54.211 Df PeachCommander[22025:11c0c] [com.apple.WebKit:Loading] 0x861254018 - [pageProxyID=5, webPageID=6, PID=22113] WebPageProxy::didGeneratePageLoadTiming: url=<private> firstVisualLayout=0.042 firstMeaningfulPaint=0.095 domContentLoaded=0.042 loadEvent=0.043 subresourcesFinished=0.043
2026-09-14 13:53:57.055 Df PeachCommander[22025:11c0c] [com.apple.WebKit:ProcessSuspension] 0x11e11c0e0 NavigationState is releasing background process assertion because a page load completed
2026-09-14 13:53:57.055 Df PeachCommander[22025:11c0c] [com.apple.WebKit:Process] Dropping network activity on WebProcess with PID 22113
2026-09-14 13:53:57.055 Df PeachCommander[22025:11c0c] [com.apple.WebKit:ProcessSuspension] 0x11e104330 - [PID=22113, throttler=0x11e0a0710] ProcessThrottler::Activity::invalidate: Ending background activity / 'Page Load'
2026-09-14 13:53:57.231 Df PeachCommander[22025:11c0c] (Foundation) <private>
2026-09-14 13:53:57.231 I  PeachCommander[22025:11c0c] [com.peachcommander:PCFoundation] [automation] > listerdump /Users/admin/md-escape.txt
2026-09-14 13:53:57.237 Df PeachCommander[22025:11c0c] (Foundation) <private>
2026-09-14 13:53:57.237 I  PeachCommander[22025:11c0c] [com.peachcommander:PCFoundation] [automation] > wait 500
2026-09-14 13:53:57.746 Df PeachCommander[22025:11c0c] (Foundation) <private>
2026-09-14 13:53:57.746 I  PeachCommander[22025:11c0c] [com.peachcommander:PCFoundation] [automation] done
