Timestamp               Ty Process[PID:TID]
2026-09-14 12:57:08.387 A  PeachCommander[17600:e296] (libsystem_info.dylib) Retrieve User by ID
2026-09-14 12:57:08.388 Df PeachCommander[17600:e296] [com.apple.xpc:connection] [0x1023d09a0] activating connection: mach=true listener=false peer=false name=com.apple.cfprefsd.daemon
2026-09-14 12:57:08.388 Df PeachCommander[17600:e29e] [com.apple.xpc:connection] [0x1023d3fe0] activating connection: mach=true listener=false peer=false name=com.apple.cfprefsd.agent
2026-09-14 12:57:08.389 Df PeachCommander[17600:e296] [com.apple.xpc:connection] [0x1023d6b20] activating connection: mach=true listener=false peer=false name=com.apple.coreservices.launchservicesd
2026-09-14 12:57:08.389 I  PeachCommander[17600:e296] [com.apple.launchservices:cas] Registering for notification <private> on default queue, to re-boostrap client connection.
2026-09-14 12:57:08.389 Df PeachCommander[17600:e296] [com.apple.xpc:connection] [0xcb6c80000] activating connection: mach=true listener=false peer=false name=com.apple.pasteboard.1
2026-09-14 12:57:08.390 Df PeachCommander[17600:e296] [com.apple.xpc:connection] [0xcb6c80140] activating connection: mach=true listener=false peer=false name=com.apple.distributed_notifications@Uv3
2026-09-14 12:57:08.391 Df PeachCommander[17600:e296] [com.apple.AppKit:AutomaticTermination] void _NSDisableAutomaticTerminationAndLog(NSString *) No windows open yet
2026-09-14 12:57:08.391 A  PeachCommander[17600:e296] (TCC) TCCAccessRequest() IPC
2026-09-14 12:57:08.391 Df PeachCommander[17600:e296] [com.apple.xpc:connection] [0xcb6c80280] activating connection: mach=true listener=false peer=false name=com.apple.tccd.system
2026-09-14 12:57:08.391 I  PeachCommander[17600:e296] [com.apple.TCC:access] SEND: 0/7 synchronous to com.apple.tccd.system: request: msgID=17600.1, function=TCCAccessRequest, service=kTCCServiceListenEvent,
2026-09-14 12:57:08.392 I  PeachCommander[17600:e296] [com.apple.TCC:access] RECV: synchronous reply <dictionary: 0xcb6c68000> { count = 5, transaction: 0, voucher = 0x0, contents =
	"prompt_type" => <uint64: 0x8b8c67492b0342ff>: 1
	"auth_value" => <uint64: 0x8b8c67492b0342ff>: 1
	"preflight_unknown" => <bool: 0x1eef4d190>: true
	"auth_version" => <uint64: 0x8b8c67492b0342ff>: 1
	"auth_reason" => <uint64: 0x8b8c67492b0342df>: 5
}
2026-09-14 12:57:08.392 Df PeachCommander[17600:e296] [com.apple.xpc:connection] [0xcb6c80280] invalidated after the last release of the connection object
2026-09-14 12:57:08.393 Df PeachCommander[17600:e296] [com.apple.SkyLight:default] server port 0x0000390b, session port 0x0000390b
2026-09-14 12:57:08.394 Df PeachCommander[17600:e296] [com.apple.SkyLight:default] New connection 0x43863 main
2026-09-14 12:57:08.394 I  PeachCommander[17600:e29f] [com.apple.SkyLight:processes] 0[outside of RPC]: First connection id 276579 mapped to ctx = 0x1023dde60
2026-09-14 12:57:08.395 I  PeachCommander[17600:e296] [com.apple.hiservices:processmgr] Checking in with CAS, pid=17600
2026-09-14 12:57:08.395 I  PeachCommander[17600:e296] [com.apple.launchservices:cas] LSApplicationCheckIn(), app being registered is:"/Users/admin/pc-test/PeachCommander.app/Contents/MacOS/PeachCommander"
2026-09-14 12:57:08.395 I  PeachCommander[17600:e296] [com.apple.launchservices:cas]  { "ApplicationType"="Foreground", "BuildMachineOSBuild"="25E246", "CFBundleDevelopmentRegion"="en", "CFBundleDocumentTypes"=( { "CFBundleTypeName"="Peach Commander Plugin Package", "CFBundleTypeRole"="Viewer", "LSHandlerRank"="Owner", "LSItemContentTypes"=( "com.peachcommander.plugin-package") }), "CFBundleExecutable"="PeachCommander", "CFBundleExecutablePath"="/Users/admin/pc-test/PeachCommander.app/Contents/MacOS/PeachCommander", "CFBundleHelpBookFolder"="PeachCommander.help", "CFBundleHelpBookName"="Peach Commander Help", "CFBundleIconFile"="AppIcon", "CFBundleIconName"="AppIcon", "CFBundleIdentifier"="com.peachcommander.app", "CFBundleInfoDictionaryVersion"="6.0", "CFBundleName"="PeachCommander", "CFBundleNumericVersion"=402685952, "CFBundlePackageType"="APPL", "CFBundleShortVersionString"="0.9.0", "CFBundleSignature"="?????", "CFBundleSupportedPlatforms"=( "MacOSX"), "CFBundleVersion"="18", "DTCompiler"="com.apple.compilers.llvm.clang.1_0", "DTPlatformBuild"="25F70", "DTPlatformName"="macosx", "<…>
2026-09-14 12:57:08.395 Df PeachCommander[17600:e296] [com.apple.processmanager:front-35286506] CHECKIN: pid=17600
2026-09-14 12:57:08.397 Df PeachCommander[17600:e296] [com.apple.processmanager:front-35286506] CHECKEDIN: pid=17600 asn=0x0-0xd60d6 foreground=1
2026-09-14 12:57:08.397 I  PeachCommander[17600:e296] [com.apple.launchservices:cas] Setting processControlState to default PROC_SETPC_SUSPEND because application does not have LSProcessControlValue key
2026-09-14 12:57:08.397 Df PeachCommander[17600:e296] [com.apple.xpc:connection] [0xcb6c80280] activating connection: mach=false listener=true peer=false name=(anonymous)
2026-09-14 12:57:08.397 Df PeachCommander[17600:e296] [com.apple.xpc:connection] [0xcb6c80280] Connection returned listener port: 0x5403
2026-09-14 12:57:08.397 Df PeachCommander[17600:e29e] [com.apple.xpc:connection] [0xcb70b4300] activating connection: mach=false listener=false peer=true name=com.apple.xpc.anonymous.0xcb6c80280.peer[131].0xcb70b4300
2026-09-14 12:57:08.397 Df PeachCommander[17600:e296] [com.apple.processmanager:front-35286506] FRONTLOGGING: version 1
2026-09-14 12:57:08.397 Df PeachCommander[17600:e296] [com.apple.processmanager:front-35286506] Registered, pid=17600 ASN=0x0,0xd60d6
2026-09-14 12:57:08.397 Df PeachCommander[17600:e296] [com.apple.xpc:connection] [0xcb6c803c0] activating connection: mach=true listener=false peer=false name=com.apple.analyticsd
2026-09-14 12:57:08.398 I  PeachCommander[17600:e296] [com.apple.CoreAnalytics:client] Daemon status changed from 0 to 1
2026-09-14 12:57:08.398 I  PeachCommander[17600:e29e] [com.apple.CarbonCore:coreservicesdaemon] SCSession():SCSession( id=100, this=0x0x1023d46e0 option=65538) created, forUID=501 mach_port_t=0x4303.
2026-09-14 12:57:08.398 I  PeachCommander[17600:e29e] [com.apple.CarbonCore:coreservicesdaemon] SCSession():SCSession( id=101, this=0x0x1023d4820 option=65538) created, forUID=501 mach_port_t=0x5003.
2026-09-14 12:57:08.398 I  PeachCommander[17600:e29e] [com.apple.CarbonCore:coreservicesdaemon] connectToCoreServicesD():Instantiating server (coreservicesd based) SCSession, port=0x4303 serverOptions=0x10002.
2026-09-14 12:57:08.398 I  PeachCommander[17600:e296] [com.apple.hiservices:processmgr] _RegisterApplication( pid 17600 => 0x0,0xd60d6) type=foreground
2026-09-14 12:57:08.398 Df PeachCommander[17600:e296] [com.apple.xpc:connection] [0xcb6c80280] Connection returned listener port: 0x5403
2026-09-14 12:57:08.398 Df PeachCommander[17600:e2a4] [com.apple.CoreAnalytics:client] Received configuration update from daemon (initial)
2026-09-14 12:57:08.398 I  PeachCommander[17600:e296] [com.apple.launchservices:cas] CFArrayRef _LSCopyLaunchModifiers(LSSessionID, LSASNRef _Nonnull), result for psn [ kLSCurrentApp ASN, 0x0,0x2]  is 1 items.
2026-09-14 12:57:08.398 Df PeachCommander[17600:e296] [com.apple.processmanager:front-35286506] BringForward: pid=17600 asn=0x0-0xd60d6 bringForward=1 foreground=1 uiElement=0 launchedByLS=1 modifiersCount=1 allDisabled=1
2026-09-14 12:57:08.398 Df PeachCommander[17600:e296] [com.apple.processmanager:front-35286506] BringFrontModifier: pid=17600 asn=0x0-0xd60d6 Modifier 0 hideAfter=0 hideOthers=0 dontMakeFrontmost=0 mouseDown=0/0 seed=0/0
2026-09-14 12:57:08.398 Df PeachCommander[17600:e296] [com.apple.processmanager:front-35286506] BringForward: pid=17600 asn=0x0-0xd60d6
2026-09-14 12:57:08.398 Df PeachCommander[17600:e29e] [com.apple.xpc:connection] [0xcb6c80500] activating connection: mach=true listener=false peer=false name=com.apple.lsd.mapdb
2026-09-14 12:57:08.398 Df PeachCommander[17600:e296] [com.apple.processmanager:front-35286506] SetFrontProcess: asn=0x0-0xd60d6 options=0
2026-09-14 12:57:08.398 I  PeachCommander[17600:e296] [com.apple.SkyLight:processes] 0[outside of RPC]: SLPSetFrontProcess(0x0-0xd60d6 window=0 options=0x0
2026-09-14 12:57:08.400 Df PeachCommander[17600:e296] [com.apple.AppKit:Appearance] Current system appearance, (HLTB: 1), (SLS: 0)
2026-09-14 12:57:08.400 Df PeachCommander[17600:e296] (libMobileGestalt.dylib) No persisted cache on this platform.
2026-09-14 12:57:08.401 I  PeachCommander[17600:e29f] [com.apple.launchservices:cas] information in shared memory for 0x0-0xd60d6 with seed 533 was still valid, so using cached info { "ApplicationType"="Foreground", "BuildMachineOSBuild"="25E246", "BundleIdentifierLowerCase"="com.peachcommander.app", "CFBundleDevelopmentRegion"="en", "CFBundleDocumentTypes"=( { "CFBundleTypeName"="Peach Commander Plugin Package", "CFBundleTypeRole"="Viewer", "LSHandlerRank"="Owner", "LSItemContentTypes"=( "com.peachcommander.plugin-package") }), "CFBundleExecutable"="PeachCommander", "CFBundleExecutablePath"="/Users/admin/pc-test/PeachCommander.app/Contents/MacOS/PeachCommander", "CFBundleExecutablePathDeviceID"=16777229, "CFBundleExecutablePathINode"=487975, "CFBundleHelpBookFolder"="PeachCommander.help", "CFBundleHelpBookName"="Peach Commander Help", "CFBundleIconFile"="AppIcon", "CFBundleIconName"="AppIcon", "CFBundleIdentifier"="com.peachcommander.app", "CFBundleInfoDictionaryVersion"="6.0", "CFBundleName"="PeachCommander", "CFBundleNameLowerCase"="peachcommander", "CFBundleNumericVersion"=402685952, "CFBundlePackageType"="APPL", "CFBundleShortVersionString"="0.9.0", "CFBun<…>
2026-09-14 12:57:08.401 Df PeachCommander[17600:e296] (libMobileGestalt.dylib) Could not get size of EAN data (IOConnectCallScalarMethod kAppleNVMeEANGetSize returned 0xE00002E2)
2026-09-14 12:57:08.401 Df PeachCommander[17600:e296] (libMobileGestalt.dylib) Failed to copy 'aptk' from EAN
2026-09-14 12:57:08.401 Df PeachCommander[17600:e296] (libMobileGestalt.dylib) Failed to copy APTicket properties. Falling back to default policy.
2026-09-14 12:57:08.401 Df PeachCommander[17600:e296] (libMobileGestalt.dylib) Creating default MGSysConfigPolicy
2026-09-14 12:57:08.401 Df PeachCommander[17600:e296] (libMobileGestalt.dylib) CFDictionaryRef copySyscfgDictionary(void) enumeration of <private> failed.
2026-09-14 12:57:08.401 Df PeachCommander[17600:e296] (libMobileGestalt.dylib) Failed to find key <private>
2026-09-14 12:57:08.401 I  PeachCommander[17600:e29e] [com.apple.launchservices:db] LaunchServices database schema version: 20971544
2026-09-14 12:57:08.401 Df PeachCommander[17600:e296] [com.apple.AppKit:Appearance] Current system appearance, (HLTB: 1), (SLS: 0)
2026-09-14 12:57:08.402 Df PeachCommander[17600:e296] [com.apple.AppKit:Appearance] Post-registration system appearance: (HLTB: 1)
2026-09-14 12:57:08.403 I  PeachCommander[17600:e29e] [com.apple.launchservices:default] Unable to load Info.plist exceptions (eGPUOverrides)
2026-09-14 12:57:08.403 I  PeachCommander[17600:e29e] [com.apple.launchservices:default] Unable to load Info.plist exceptions (gameModeOverrides)
2026-09-14 12:57:08.403 I  PeachCommander[17600:e29e] [com.apple.launchservices:default] Unable to load Info.plist exceptions (identifiedGameOverrides)
2026-09-14 12:57:08.403 I  PeachCommander[17600:e29e] [com.apple.launchservices:default] Unable to load Info.plist exceptions (SystemHiddenPreferred)
2026-09-14 12:57:08.403 Df PeachCommander[17600:e296] [com.apple.FrontBoard:Common] FBSWorkspace: endpoint monitoring is disabled.
2026-09-14 12:57:08.403 Df PeachCommander[17600:e296] [com.apple.FrontBoard:Common] FBSWorkspace: default shell endpoint is disabled.
2026-09-14 12:57:08.403 Df PeachCommander[17600:e296] [com.apple.runningboard:connection] Initializing connection
2026-09-14 12:57:08.403 Df PeachCommander[17600:e296] [com.apple.runningboard:process] Removing all cached process handles
2026-09-14 12:57:08.403 Df PeachCommander[17600:e2a3] [com.apple.runningboard:connection] Sending handshake request attempt #1 to server
2026-09-14 12:57:08.403 Df PeachCommander[17600:e2a3] [com.apple.runningboard:connection] Creating connection to com.apple.runningboard
2026-09-14 12:57:08.403 Df PeachCommander[17600:e2a3] [com.apple.xpc:connection] [0xcb6c80640] activating connection: mach=true listener=false peer=false name=com.apple.runningboard
2026-09-14 12:57:08.404 A  PeachCommander[17600:e29f] (RunningBoardServices) didChangeInheritances
2026-09-14 12:57:08.404 Df PeachCommander[17600:e296] [com.apple.xpc:connection] [0xcb6c80280] Connection returned listener port: 0x5403
2026-09-14 12:57:08.404 Df PeachCommander[17600:e2a3] [com.apple.runningboard:connection] Handshake succeeded
2026-09-14 12:57:08.404 Df PeachCommander[17600:e2a3] [com.apple.runningboard:connection] Identity resolved as app<application.com.peachcommander.app.487320.487975(501)>
2026-09-14 12:57:08.404 I  PeachCommander[17600:e296] [com.apple.launchservices:cas] information in shared memory for 0x0-0xd60d6 with seed 533 was still valid, so using cached info { "ApplicationType"="Foreground", "BuildMachineOSBuild"="25E246", "BundleIdentifierLowerCase"="com.peachcommander.app", "CFBundleDevelopmentRegion"="en", "CFBundleDocumentTypes"=( { "CFBundleTypeName"="Peach Commander Plugin Package", "CFBundleTypeRole"="Viewer", "LSHandlerRank"="Owner", "LSItemContentTypes"=( "com.peachcommander.plugin-package") }), "CFBundleExecutable"="PeachCommander", "CFBundleExecutablePath"="/Users/admin/pc-test/PeachCommander.app/Contents/MacOS/PeachCommander", "CFBundleExecutablePathDeviceID"=16777229, "CFBundleExecutablePathINode"=487975, "CFBundleHelpBookFolder"="PeachCommander.help", "CFBundleHelpBookName"="Peach Commander Help", "CFBundleIconFile"="AppIcon", "CFBundleIconName"="AppIcon", "CFBundleIdentifier"="com.peachcommander.app", "CFBundleInfoDictionaryVersion"="6.0", "CFBundleName"="PeachCommander", "CFBundleNameLowerCase"="peachcommander", "CFBundleNumericVersion"=402685952, "CFBundlePackageType"="APPL", "CFBundleShortVersionString"="0.9.0", "CFBun<…>
2026-09-14 12:57:08.407 Df PeachCommander[17600:e296] [com.apple.xpc:connection] [0xcb6c80280] Connection returned listener port: 0x5403
2026-09-14 12:57:08.407 A  PeachCommander[17600:e29e] (AppIntents) appintents:register process
2026-09-14 12:57:08.408 Df PeachCommander[17600:e29e] [com.apple.appintents:Connection] Created a new Process Instance Registry XPC connection (inactive)
2026-09-14 12:57:08.408 I  PeachCommander[17600:e296] [com.apple.launchservices:cas] information in shared memory for 0x0-0xd60d6 with seed 533 was still valid, so using cached info { "ApplicationType"="Foreground", "BuildMachineOSBuild"="25E246", "BundleIdentifierLowerCase"="com.peachcommander.app", "CFBundleDevelopmentRegion"="en", "CFBundleDocumentTypes"=( { "CFBundleTypeName"="Peach Commander Plugin Package", "CFBundleTypeRole"="Viewer", "LSHandlerRank"="Owner", "LSItemContentTypes"=( "com.peachcommander.plugin-package") }), "CFBundleExecutable"="PeachCommander", "CFBundleExecutablePath"="/Users/admin/pc-test/PeachCommander.app/Contents/MacOS/PeachCommander", "CFBundleExecutablePathDeviceID"=16777229, "CFBundleExecutablePathINode"=487975, "CFBundleHelpBookFolder"="PeachCommander.help", "CFBundleHelpBookName"="Peach Commander Help", "CFBundleIconFile"="AppIcon", "CFBundleIconName"="AppIcon", "CFBundleIdentifier"="com.peachcommander.app", "CFBundleInfoDictionaryVersion"="6.0", "CFBundleName"="PeachCommander", "CFBundleNameLowerCase"="peachcommander", "CFBundleNumericVersion"=402685952, "CFBundlePackageType"="APPL", "CFBundleShortVersionString"="0.9.0", "CFBun<…>
2026-09-14 12:57:08.408 Df PeachCommander[17600:e29e] [com.apple.xpc:connection] [0xcb6c808c0] activating connection: mach=true listener=false peer=false name=com.apple.linkd.autoShortcut
2026-09-14 12:57:08.408 I  PeachCommander[17600:e296] [com.apple.hiservices:processmgr] TransformProcessType(0x0,0x2 => 1 wasFront=1 pickNew=0)
2026-09-14 12:57:08.408 I  PeachCommander[17600:e296] [com.apple.CoreAnalytics:client] Dropping "com.apple.appkit.app_config" as it isn't used in any transform (not in the config or budgeted?)
2026-09-14 12:57:08.408 Df PeachCommander[17600:e29e] [com.apple.appintents:Connection] Activated connection to linkd (ApplicationService)
2026-09-14 12:57:08.408 Df PeachCommander[17600:e29e] [com.apple.xpc:connection] [0xcb6c80a00] activating connection: mach=false listener=true peer=false name=(anonymous)
2026-09-14 12:57:08.408 Df PeachCommander[17600:e296] [com.apple.dt.xctest:Default] Registering for test daemon availability notify post.
2026-09-14 12:57:08.408 Df PeachCommander[17600:e296] [com.apple.dt.xctest:Default] notify_get_state check indicated test daemon not ready.
2026-09-14 12:57:08.409 Df PeachCommander[17600:e296] [com.apple.dt.xctest:Default] notify_get_state check indicated test daemon not ready.
2026-09-14 12:57:08.409 Df PeachCommander[17600:e296] [com.apple.dt.xctest:Default] notify_get_state check indicated test daemon not ready.
2026-09-14 12:57:08.409 I  PeachCommander[17600:e29e] [com.apple.appintents:Execution] LNAppConnectionListener instantiated
2026-09-14 12:57:08.409 Df PeachCommander[17600:e29e] [com.apple.xpc:connection] [0xcb6c80a00] Connection returned listener port: 0x6f03
2026-09-14 12:57:08.409 Df PeachCommander[17600:e2a3] [com.apple.xpc:connection] [0xcb6c808c0] Re-initialization successful; calling out to event handler with XPC_ERROR_CONNECTION_INTERRUPTED
2026-09-14 12:57:08.409 Df PeachCommander[17600:e2a3] [com.apple.appintents:Connection] Process Instance Registry XPC connection has been interrupted
2026-09-14 12:57:08.410 Df PeachCommander[17600:e2a4] [com.apple.appintents:Connection] Created a new Process Instance Registry XPC connection (inactive)
2026-09-14 12:57:08.410 A  PeachCommander[17600:e2a4] (AppIntents) appintents:register process
2026-09-14 12:57:08.410 Df PeachCommander[17600:e2a4] [com.apple.appintents:Connection] Created a new Process Instance Registry XPC connection (inactive)
2026-09-14 12:57:08.410 Df PeachCommander[17600:e2a4] [com.apple.xpc:connection] [0xcb6c81040] activating connection: mach=true listener=false peer=false name=com.apple.linkd.autoShortcut
2026-09-14 12:57:08.410 E  PeachCommander[17600:e29e] [com.apple.appintents:Connection] Unable to get synchronousRemoteObjectProxy, error: Error Domain=NSCocoaErrorDomain Code=4097 "connection to service named com.apple.linkd.autoShortcut" UserInfo={NSDebugDescription=connection to service named com.apple.linkd.autoShortcut}
2026-09-14 12:57:08.410 E  PeachCommander[17600:e29e] [com.apple.AppKit:Application] Error registering app with intents framework: Error Domain=NSCocoaErrorDomain Code=4097 UserInfo={NSDebugDescription=<private>}
2026-09-14 12:57:08.410 Df PeachCommander[17600:e2a4] [com.apple.appintents:Connection] Activated connection to linkd (ApplicationService)
2026-09-14 12:57:08.410 Df PeachCommander[17600:e2a4] [com.apple.xpc:connection] [0xcb6c80a00] Connection returned listener port: 0x6f03
2026-09-14 12:57:08.410 Df PeachCommander[17600:e29e] [com.apple.xpc:connection] [0xcb6c81040] Re-initialization successful; calling out to event handler with XPC_ERROR_CONNECTION_INTERRUPTED
2026-09-14 12:57:08.410 Df PeachCommander[17600:e29e] [com.apple.appintents:Connection] Process Instance Registry XPC connection has been interrupted
2026-09-14 12:57:08.410 E  PeachCommander[17600:e2a4] [com.apple.appintents:Connection] Unable to get synchronousRemoteObjectProxy, error: Error Domain=NSCocoaErrorDomain Code=4097 "connection to service named com.apple.linkd.autoShortcut" UserInfo={NSDebugDescription=connection to service named com.apple.linkd.autoShortcut}
2026-09-14 12:57:08.410 E  PeachCommander[17600:e2a4] [com.apple.appintents:Connection] Unable to re-register with Process Instance Registry, error: Error Domain=NSCocoaErrorDomain Code=4097 "connection to service named com.apple.linkd.autoShortcut" UserInfo={NSDebugDescription=connection to service named com.apple.linkd.autoShortcut}
2026-09-14 12:57:08.410 Df PeachCommander[17600:e29e] [com.apple.appintents:Connection] Created a new Process Instance Registry XPC connection (inactive)
2026-09-14 12:57:08.410 A  PeachCommander[17600:e29e] (AppIntents) appintents:register process
2026-09-14 12:57:08.410 Df PeachCommander[17600:e29e] [com.apple.appintents:Connection] Created a new Process Instance Registry XPC connection (inactive)
2026-09-14 12:57:08.410 Df PeachCommander[17600:e29e] [com.apple.xpc:connection] [0xcb6c812c0] activating connection: mach=true listener=false peer=false name=com.apple.linkd.autoShortcut
2026-09-14 12:57:08.410 Df PeachCommander[17600:e29e] [com.apple.appintents:Connection] Activated connection to linkd (ApplicationService)
2026-09-14 12:57:08.410 Df PeachCommander[17600:e29e] [com.apple.xpc:connection] [0xcb6c80a00] Connection returned listener port: 0x6f03
2026-09-14 12:57:08.410 Df PeachCommander[17600:e2a4] [com.apple.xpc:connection] [0xcb6c812c0] Re-initialization successful; calling out to event handler with XPC_ERROR_CONNECTION_INTERRUPTED
2026-09-14 12:57:08.410 Df PeachCommander[17600:e2a4] [com.apple.appintents:Connection] Process Instance Registry XPC connection has been interrupted
2026-09-14 12:57:08.410 E  PeachCommander[17600:e29e] [com.apple.appintents:Connection] Unable to get synchronousRemoteObjectProxy, error: Error Domain=NSCocoaErrorDomain Code=4097 "connection to service named com.apple.linkd.autoShortcut" UserInfo={NSDebugDescription=connection to service named com.apple.linkd.autoShortcut}
2026-09-14 12:57:08.410 E  PeachCommander[17600:e29e] [com.apple.appintents:Connection] Unable to re-register with Process Instance Registry, error: Error Domain=NSCocoaErrorDomain Code=4097 "connection to service named com.apple.linkd.autoShortcut" UserInfo={NSDebugDescription=connection to service named com.apple.linkd.autoShortcut}
2026-09-14 12:57:08.410 Df PeachCommander[17600:e2a4] [com.apple.appintents:Connection] Created a new Process Instance Registry XPC connection (inactive)
2026-09-14 12:57:08.410 A  PeachCommander[17600:e2a4] (AppIntents) appintents:register process
2026-09-14 12:57:08.410 Df PeachCommander[17600:e2a4] [com.apple.appintents:Connection] Created a new Process Instance Registry XPC connection (inactive)
2026-09-14 12:57:08.410 Df PeachCommander[17600:e2a4] [com.apple.xpc:connection] [0xcb6c81540] activating connection: mach=true listener=false peer=false name=com.apple.linkd.autoShortcut
2026-09-14 12:57:08.410 Df PeachCommander[17600:e2a4] [com.apple.appintents:Connection] Activated connection to linkd (ApplicationService)
2026-09-14 12:57:08.410 Df PeachCommander[17600:e2a4] [com.apple.xpc:connection] [0xcb6c80a00] Connection returned listener port: 0x6f03
2026-09-14 12:57:08.412 A  PeachCommander[17600:e296] (CoreFoundation) Loading Preferences From System CFPrefsD
2026-09-14 12:57:08.412 Df PeachCommander[17600:e29e] [com.apple.xpc:connection] [0xcb6c81540] Re-initialization successful; calling out to event handler with XPC_ERROR_CONNECTION_INTERRUPTED
2026-09-14 12:57:08.412 Df PeachCommander[17600:e29e] [com.apple.appintents:Connection] Process Instance Registry XPC connection has been interrupted
2026-09-14 12:57:08.412 E  PeachCommander[17600:e29e] [com.apple.appintents:Connection] Will NOT re-try to establish the connection
2026-09-14 12:57:08.412 E  PeachCommander[17600:e2a4] [com.apple.appintents:Connection] Unable to get synchronousRemoteObjectProxy, error: Error Domain=NSCocoaErrorDomain Code=4097 "connection to service named com.apple.linkd.autoShortcut" UserInfo={NSDebugDescription=connection to service named com.apple.linkd.autoShortcut}
2026-09-14 12:57:08.412 E  PeachCommander[17600:e2a4] [com.apple.appintents:Connection] Unable to re-register with Process Instance Registry, error: Error Domain=NSCocoaErrorDomain Code=4097 "connection to service named com.apple.linkd.autoShortcut" UserInfo={NSDebugDescription=connection to service named com.apple.linkd.autoShortcut}
2026-09-14 12:57:08.413 Df PeachCommander[17600:e296] (libMobileGestalt.dylib) couldn't load support library
2026-09-14 12:57:08.413 Df PeachCommander[17600:e296] (libMobileGestalt.dylib) called dummy function!
2026-09-14 12:57:08.413 I  PeachCommander[17600:e296] [com.apple.GenerativeModels:availability] Current availability state: unavailable, use cases: com.apple.WritingTools, language: <any>, api: <private>
2026-09-14 12:57:08.413 Df PeachCommander[17600:e296] [com.apple.GenerativeModels:availability] registering darwin observer for name: com.apple.gms.availability.notification
2026-09-14 12:57:08.413 Df PeachCommander[17600:e296] [com.apple.GenerativeModels:availability] registering darwin observer for name: com.apple.os-eligibility-domain.change.greymatter
2026-09-14 12:57:08.413 Df PeachCommander[17600:e296] [com.apple.GenerativeModels:availability] registering darwin observer for name: com.apple.language.changed
2026-09-14 12:57:08.413 Df PeachCommander[17600:e296] [com.apple.WritingTools:Default] isAvailable value changed: isMDMAllowed = true, gmAvailable (current) = false
2026-09-14 12:57:08.415 I  PeachCommander[17600:e296] [com.apple.CoreAnalytics:client] Dropping "com.apple.appkit.app_config" as it isn't used in any transform (not in the config or budgeted?)
2026-09-14 12:57:08.417 Df PeachCommander[17600:e296] [com.apple.AppKit:Appearance] NSApp cache appearance:
-NSRequiresAquaSystemAppearance: 0
-appearance: (null)
-effectiveAppearance: <NSCompositeAppearance: 0xcb6c6c820
 (
    "<NSAquaAppearance: 0xcb6c6c460>",
    "<NSSystemAppearance: 0xcb6c6c780>"
)>
2026-09-14 12:57:08.419 A  PeachCommander[17600:e296] (CoreFoundation) Loading Preferences From User CFPrefsD
2026-09-14 12:57:08.420 A  PeachCommander[17600:e296] (CoreFoundation) Loading Preferences From User CFPrefsD
2026-09-14 12:57:08.422 A  PeachCommander[17600:e2a3] (libsystem_info.dylib) Membership API: translate identifier
2026-09-14 12:57:08.425 I  PeachCommander[17600:e296] [com.apple.CoreAnalytics:client] Dropping "com.apple.appkit.app_config" as it isn't used in any transform (not in the config or budgeted?)
2026-09-14 12:57:08.425 I  PeachCommander[17600:e296] [com.apple.CoreAnalytics:client] Dropping "com.apple.appkit.app_config" as it isn't used in any transform (not in the config or budgeted?)
2026-09-14 12:57:08.426 Df PeachCommander[17600:e29e] [com.apple.xpc:connection] [0xcb6c81a40] activating connection: mach=true listener=false peer=false name=com.apple.dock.fullscreen
2026-09-14 12:57:08.427 Df PeachCommander[17600:e296] [com.apple.xpc:connection] [0xcb6c81b80] activating connection: mach=true listener=false peer=false name=com.apple.fonts
2026-09-14 12:57:08.429 I  PeachCommander[17600:e296] [com.apple.launchservices:cas] information in shared memory for 0x0-0xd60d6 with seed 533 was still valid, so using cached info { "ApplicationType"="Foreground", "BuildMachineOSBuild"="25E246", "BundleIdentifierLowerCase"="com.peachcommander.app", "CFBundleDevelopmentRegion"="en", "CFBundleDocumentTypes"=( { "CFBundleTypeName"="Peach Commander Plugin Package", "CFBundleTypeRole"="Viewer", "LSHandlerRank"="Owner", "LSItemContentTypes"=( "com.peachcommander.plugin-package") }), "CFBundleExecutable"="PeachCommander", "CFBundleExecutablePath"="/Users/admin/pc-test/PeachCommander.app/Contents/MacOS/PeachCommander", "CFBundleExecutablePathDeviceID"=16777229, "CFBundleExecutablePathINode"=487975, "CFBundleHelpBookFolder"="PeachCommander.help", "CFBundleHelpBookName"="Peach Commander Help", "CFBundleIconFile"="AppIcon", "CFBundleIconName"="AppIcon", "CFBundleIdentifier"="com.peachcommander.app", "CFBundleInfoDictionaryVersion"="6.0", "CFBundleName"="PeachCommander", "CFBundleNameLowerCase"="peachcommander", "CFBundleNumericVersion"=402685952, "CFBundlePackageType"="APPL", "CFBundleShortVersionString"="0.9.0", "CFBun<…>
2026-09-14 12:57:08.430 I  PeachCommander[17600:e296] [com.apple.CoreAnalytics:client] Dropping "com.apple.appkit.app_config" as it isn't used in any transform (not in the config or budgeted?)
2026-09-14 12:57:08.430 Df PeachCommander[17600:e296] [com.apple.AppKit:AutomaticTermination] -[NSApplication(NSAppssassination) _checkForAutomaticTerminationSupportPossiblyEnablingIt]_block_invoke Enabling automatic termination support.
2026-09-14 12:57:08.430 Df PeachCommander[17600:e296] [com.apple.xpc:connection] [0xcb6c80b40] activating connection: mach=true listener=false peer=false name=com.apple.appkit.restoration_storage
2026-09-14 12:57:08.430 I  PeachCommander[17600:e296] [com.apple.launchservices:cas] information in shared memory for 0x0-0xd60d6 with seed 533 was still valid, so using cached info { "ApplicationType"="Foreground", "BuildMachineOSBuild"="25E246", "BundleIdentifierLowerCase"="com.peachcommander.app", "CFBundleDevelopmentRegion"="en", "CFBundleDocumentTypes"=( { "CFBundleTypeName"="Peach Commander Plugin Package", "CFBundleTypeRole"="Viewer", "LSHandlerRank"="Owner", "LSItemContentTypes"=( "com.peachcommander.plugin-package") }), "CFBundleExecutable"="PeachCommander", "CFBundleExecutablePath"="/Users/admin/pc-test/PeachCommander.app/Contents/MacOS/PeachCommander", "CFBundleExecutablePathDeviceID"=16777229, "CFBundleExecutablePathINode"=487975, "CFBundleHelpBookFolder"="PeachCommander.help", "CFBundleHelpBookName"="Peach Commander Help", "CFBundleIconFile"="AppIcon", "CFBundleIconName"="AppIcon", "CFBundleIdentifier"="com.peachcommander.app", "CFBundleInfoDictionaryVersion"="6.0", "CFBundleName"="PeachCommander", "CFBundleNameLowerCase"="peachcommander", "CFBundleNumericVersion"=402685952, "CFBundlePackageType"="APPL", "CFBundleShortVersionString"="0.9.0", "CFBun<…>
2026-09-14 12:57:08.430 Df PeachCommander[17600:e296] [com.apple.xpc:connection] [0xcb6c80c80] activating connection: mach=true listener=false peer=false name=com.apple.coreservices.appleevents
2026-09-14 12:57:08.430 I  PeachCommander[17600:e296] [com.apple.appleevents:main] _AEGetRegisteredMachPort() created default port (port:45059/0xb003 rcv:1 send:1 limit:5) and registered it with server
2026-09-14 12:57:08.430 Df PeachCommander[17600:e296] [com.apple.xpc:connection] [0xcb6c80280] Connection returned listener port: 0x5403
2026-09-14 12:57:08.430 I  PeachCommander[17600:e296] [com.apple.launchservices:cas] information in shared memory for 0x0-0xd60d6 with seed 533 was still valid, so using cached info { "ApplicationType"="Foreground", "BuildMachineOSBuild"="25E246", "BundleIdentifierLowerCase"="com.peachcommander.app", "CFBundleDevelopmentRegion"="en", "CFBundleDocumentTypes"=( { "CFBundleTypeName"="Peach Commander Plugin Package", "CFBundleTypeRole"="Viewer", "LSHandlerRank"="Owner", "LSItemContentTypes"=( "com.peachcommander.plugin-package") }), "CFBundleExecutable"="PeachCommander", "CFBundleExecutablePath"="/Users/admin/pc-test/PeachCommander.app/Contents/MacOS/PeachCommander", "CFBundleExecutablePathDeviceID"=16777229, "CFBundleExecutablePathINode"=487975, "CFBundleHelpBookFolder"="PeachCommander.help", "CFBundleHelpBookName"="Peach Commander Help", "CFBundleIconFile"="AppIcon", "CFBundleIconName"="AppIcon", "CFBundleIdentifier"="com.peachcommander.app", "CFBundleInfoDictionaryVersion"="6.0", "CFBundleName"="PeachCommander", "CFBundleNameLowerCase"="peachcommander", "CFBundleNumericVersion"=402685952, "CFBundlePackageType"="APPL", "CFBundleShortVersionString"="0.9.0", "CFBun<…>
2026-09-14 12:57:08.431 Df PeachCommander[17600:e296] [com.apple.processmanager:front-35286506] SignalReady: pid=17600 asn=0x0-0xd60d6
2026-09-14 12:57:08.431 Df PeachCommander[17600:e296] [com.apple.processmanager:front-35286506] SIGNAL: pid=17600 asn=0x0x-0xd60d6
2026-09-14 12:57:08.431 I  PeachCommander[17600:e296] [com.apple.appleevents:main] aeGenerateFakeFirstOAPPEventIfNecessary()
2026-09-14 12:57:08.431 I  PeachCommander[17600:e296] [com.apple.appleevents:main] aeGenerateFakeFirstOAPPEventIfNecessary(), needToCreateFakeOAPPEventIfFirstEvent == true
2026-09-14 12:57:08.431 I  PeachCommander[17600:e296] [com.apple.launchservices:cas] Removing cached information for app [ 0x0-0xd60d6]  "PeachCommander", as its seed is different from that in shared memory ( 533 vs 535)
2026-09-14 12:57:08.432 I  PeachCommander[17600:e296] [com.apple.CFPasteboard:entry] CopyData('DefaultAsciiKeyboardLayoutPasteboard' (<CFUUID 0xcb6eea140> C9ADBB07-017C-44C1-873B-012ADE3FBA9E) gen: -1 item: 1264739405 flavor: 'DefaultAsciiKeyboardLayoutFlavor')
2026-09-14 12:57:08.432 I  PeachCommander[17600:e296] [com.apple.CFPasteboard:cache] Rebuilding cache for 'DefaultAsciiKeyboardLayoutPasteboard' (<CFUUID 0xcb6eea140> C9ADBB07-017C-44C1-873B-012ADE3FBA9E)
2026-09-14 12:57:08.432 I  PeachCommander[17600:e296] [com.apple.CFPasteboard:exit] (not-in-cache) - result: -8 generation: 0 null data flags: 0
2026-09-14 12:57:08.432 A  PeachCommander[17600:e296] (CoreFoundation) Loading Preferences From User CFPrefsD
2026-09-14 12:57:08.432 A  PeachCommander[17600:e296] (CoreFoundation) Loading Preferences From System CFPrefsD
2026-09-14 12:57:08.432 I  PeachCommander[17600:e296] [com.apple.CFPasteboard:entry] CopyData('AppleIntlFileCacheModificationDatePasteboard' (<CFUUID 0xcb6eea1c0> 37F5947A-F4C4-422F-85D6-15A7BCB2D1C1) gen: -1 item: 1 flavor: '-32766 1768845414')
2026-09-14 12:57:08.432 I  PeachCommander[17600:e296] [com.apple.CFPasteboard:cache] Rebuilding cache for 'AppleIntlFileCacheModificationDatePasteboard' (<CFUUID 0xcb6eea1c0> 37F5947A-F4C4-422F-85D6-15A7BCB2D1C1)
2026-09-14 12:57:08.432 I  PeachCommander[17600:e296] [com.apple.CFPasteboard:general] Will request data from daemon
2026-09-14 12:57:08.432 I  PeachCommander[17600:e296] [com.apple.CFPasteboard:exit] (not-in-cache) - result: 0 generation: 1 data (310 bytes) flags: 0
2026-09-14 12:57:08.432 I  PeachCommander[17600:e296] [com.apple.CFPasteboard:entry] CopyData('AppleIntlFileCacheModificationDatePasteboard' (<CFUUID 0xcb6eea1c0> 37F5947A-F4C4-422F-85D6-15A7BCB2D1C1) gen: -1 item: 1 flavor: '-32765 1802264953')
2026-09-14 12:57:08.432 I  PeachCommander[17600:e296] [com.apple.CFPasteboard:general] Will request data from daemon
2026-09-14 12:57:08.433 I  PeachCommander[17600:e296] [com.apple.CFPasteboard:exit] (not-in-cache) - result: 0 generation: 1 data (306 bytes) flags: 0
2026-09-14 12:57:08.433 I  PeachCommander[17600:e296] [com.apple.CFPasteboard:entry] CopyData('AppleIntlFileCacheModificationDatePasteboard' (<CFUUID 0xcb6eea1c0> 37F5947A-F4C4-422F-85D6-15A7BCB2D1C1) gen: -1 item: 1 flavor: '-32764 1802264953')
2026-09-14 12:57:08.433 I  PeachCommander[17600:e296] [com.apple.CFPasteboard:general] Will request data from daemon
2026-09-14 12:57:08.433 I  PeachCommander[17600:e296] [com.apple.CFPasteboard:exit] (not-in-cache) - result: 0 generation: 1 data (281 bytes) flags: 0
2026-09-14 12:57:08.433 I  PeachCommander[17600:e296] [com.apple.CFPasteboard:entry] CopyData('AppleIntlFileCacheModificationDatePasteboard' (<CFUUID 0xcb6eea1c0> 37F5947A-F4C4-422F-85D6-15A7BCB2D1C1) gen: -1 item: 1 flavor: '-32763 1802264953')
2026-09-14 12:57:08.433 I  PeachCommander[17600:e296] [com.apple.CFPasteboard:general] Will request data from daemon
2026-09-14 12:57:08.433 I  PeachCommander[17600:e296] [com.apple.CFPasteboard:exit] (not-in-cache) - result: 0 generation: 1 data (318 bytes) flags: 0
2026-09-14 12:57:08.433 I  PeachCommander[17600:e296] [com.apple.CFPasteboard:entry] CopyData('AppleIntlFileCacheModificationDatePasteboard' (<CFUUID 0xcb6eea1c0> 37F5947A-F4C4-422F-85D6-15A7BCB2D1C1) gen: -1 item: 1 flavor: '-32765 1768845414')
2026-09-14 12:57:08.433 I  PeachCommander[17600:e296] [com.apple.CFPasteboard:general] Will request data from daemon
2026-09-14 12:57:08.433 I  PeachCommander[17600:e296] [com.apple.CFPasteboard:exit] (not-in-cache) - result: 0 generation: 1 data (303 bytes) flags: 0
2026-09-14 12:57:08.433 I  PeachCommander[17600:e296] [com.apple.CFPasteboard:entry] CopyData('AppleIntlFileCacheModificationDatePasteboard' (<CFUUID 0xcb6eea1c0> 37F5947A-F4C4-422F-85D6-15A7BCB2D1C1) gen: -1 item: 1 flavor: '-32763 1768845414')
2026-09-14 12:57:08.433 I  PeachCommander[17600:e296] [com.apple.CFPasteboard:general] Will request data from daemon
2026-09-14 12:57:08.433 I  PeachCommander[17600:e296] [com.apple.CFPasteboard:exit] (not-in-cache) - result: 0 generation: 1 data (315 bytes) flags: 0
2026-09-14 12:57:08.434 I  PeachCommander[17600:e296] [com.apple.launchservices:cas] information in shared memory for 0x0-0xd60d6 with seed 535 was still valid, so using cached info { "ApplicationType"="Foreground", "BuildMachineOSBuild"="25E246", "BundleIdentifierLowerCase"="com.peachcommander.app", "CFBundleDevelopmentRegion"="en", "CFBundleDocumentTypes"=( { "CFBundleTypeName"="Peach Commander Plugin Package", "CFBundleTypeRole"="Viewer", "LSHandlerRank"="Owner", "LSItemContentTypes"=( "com.peachcommander.plugin-package") }), "CFBundleExecutable"="PeachCommander", "CFBundleExecutablePath"="/Users/admin/pc-test/PeachCommander.app/Contents/MacOS/PeachCommander", "CFBundleExecutablePathDeviceID"=16777229, "CFBundleExecutablePathINode"=487975, "CFBundleHelpBookFolder"="PeachCommander.help", "CFBundleHelpBookName"="Peach Commander Help", "CFBundleIconFile"="AppIcon", "CFBundleIconName"="AppIcon", "CFBundleIdentifier"="com.peachcommander.app", "CFBundleInfoDictionaryVersion"="6.0", "CFBundleName"="PeachCommander", "CFBundleNameLowerCase"="peachcommander", "CFBundleNumericVersion"=402685952, "CFBundlePackageType"="APPL", "CFBundleShortVersionString"="0.9.0", "CFBun<…>
2026-09-14 12:57:08.434 Df PeachCommander[17600:e296] [com.apple.xpc:connection] [0xcb6c81e00] activating connection: mach=false listener=false peer=false name=com.apple.ViewBridgeAuxiliary
2026-09-14 12:57:08.440 Df PeachCommander[17600:e296] [com.apple.xpc:connection] [0xcb6c81cc0] activating connection: mach=false listener=false peer=false name=(anonymous)
2026-09-14 12:57:08.440 Df PeachCommander[17600:e296] [com.apple.xpc:connection] [0xcb6c81f40] activating connection: mach=false listener=true peer=false name=(anonymous)
2026-09-14 12:57:08.440 Df PeachCommander[17600:e296] [com.apple.xpc:connection] [0xcb6c81f40] Connection returned listener port: 0xb803
2026-09-14 12:57:08.441 Df PeachCommander[17600:e296] [com.apple.xpc:connection] [0xcb6c81e00] invalidated after the last release of the connection object
2026-09-14 12:57:08.441 I  PeachCommander[17600:e296] [com.apple.showhide:pr-59900543] SHOWHIDE: SHOW id=368 0x0-0xD60D6, err=0 eventTime=1177926718666 windowID=0
2026-09-14 12:57:08.441 I  PeachCommander[17600:e296] [com.apple.CarbonCore:coreservicesdaemon] findOrCreateCacheable():findOrCreateCacheable(), factoryName=3 cacheableName=<private> fCacheables.size()=0
2026-09-14 12:57:08.441 I  PeachCommander[17600:e296] [com.apple.CarbonCore:coreservicesdaemon] findOrCreateCacheable():findOrCreateCacheable(), result = 0xcb7315280 (should be non-NULL)
2026-09-14 12:57:08.441 Df PeachCommander[17600:e296] [com.apple.AppKit:AutomaticTermination] void _NSDisableAutomaticTerminationAndLog(NSString *) Restoring windows
2026-09-14 12:57:08.441 Df PeachCommander[17600:e296] [com.apple.AppKit:StateRestoration] -[NSApplication _reopenWindowsAsNecessaryIncludingRestorableState:withFullFidelity:completionHandler:] shouldRestoreState=1 hasPersistentStateToRestore=0 shouldStillRestoreStateAfterPrompting=0
2026-09-14 12:57:08.441 Df PeachCommander[17600:e296] [com.apple.xpc:connection] [0xcb6c81e00] activating connection: mach=true listener=false peer=false name=com.apple.window_proxies
2026-09-14 12:57:08.441 Df PeachCommander[17600:e296] [com.apple.xpc:connection] [0xcb6c81e00] invalidated because the current process cancelled the connection by calling xpc_connection_cancel()
2026-09-14 12:57:08.442 I  PeachCommander[17600:e296] [com.apple.SkyLight:processes] 0[outside of RPC]: SLSSetFrontProcessWithInfo(0x0-0x2 window=0 options=0x1
2026-09-14 12:57:08.442 I  PeachCommander[17600:e296] [com.apple.CoreAnalytics:client] Dropping "com.apple.appkit.app_config" as it isn't used in any transform (not in the config or budgeted?)
2026-09-14 12:57:08.442 Df PeachCommander[17600:e296] [com.apple.AppKit:AutomaticTermination] void _NSEnableAutomaticTerminationAndLog(NSString *) Restoring windows
2026-09-14 12:57:08.444 I  PeachCommander[17600:e296] [com.apple.CoreAnalytics:client] Dropping "com.apple.appkit.app_config" as it isn't used in any transform (not in the config or budgeted?)
2026-09-14 12:57:08.445 I  PeachCommander[17600:e296] [com.apple.CoreAnalytics:client] Dropping "com.apple.appkit.app_config" as it isn't used in any transform (not in the config or budgeted?)
2026-09-14 12:57:08.454 A  PeachCommander[17600:e296] (CoreFoundation) Loading Preferences From User CFPrefsD
2026-09-14 12:57:08.460 I  PeachCommander[17600:e296] [com.peachcommander:PCFoundation] VolumeManager initialized
2026-09-14 12:57:08.473 A  PeachCommander[17600:e2a4] (RunningBoardServices) didChangeInheritances
2026-09-14 12:57:08.476 Df PeachCommander[17600:e296] [com.apple.BoardServices:XPCErrors] [C:1] Alloc <private>
2026-09-14 12:57:08.476 Df PeachCommander[17600:e296] [com.apple.xpc:connection] [0xcb6fbd180] activating connection: mach=false listener=false peer=false name=(anonymous)
2026-09-14 12:57:08.478 I  PeachCommander[17600:e296] [com.apple.AppKit:Window] context (0 -> 7388df5b) for window 374
2026-09-14 12:57:08.479 Df PeachCommander[17600:e29e] [com.apple.corespotlight:index] (<private>) deleteSearchableItemsWithDomainIdentifiers, protectionClass:(null), domainIdentifiers number:1
2026-09-14 12:57:08.479 A  PeachCommander[17600:e29e] (CoreSpotlight) delete-domains
2026-09-14 12:57:08.479 Df PeachCommander[17600:e29e] [com.apple.corespotlight:index] CSInlineDonation:<private>: Skipping donation (feature flag disabled)
2026-09-14 12:57:08.479 Df PeachCommander[17600:e29e] (CoreSpotlight) sConnectionName: com.apple.spotlight.IndexAgent
2026-09-14 12:57:08.479 Df PeachCommander[17600:e29e] (CoreSpotlight) Start service name com.apple.spotlight.IndexAgent
2026-09-14 12:57:08.479 Df PeachCommander[17600:e29e] [com.apple.xpc:connection] [0xcb6fbd400] activating connection: mach=true listener=false peer=false name=com.apple.spotlight.IndexAgent
2026-09-14 12:57:08.479 I  PeachCommander[17600:e296] [com.peachcommander:PCFoundation] MainWindowController initialized (config: <private>)
2026-09-14 12:57:08.479 I  PeachCommander[17600:e296] [com.peachcommander:PCFoundation] SelectionState initialized
2026-09-14 12:57:08.479 I  PeachCommander[17600:e296] [com.peachcommander:PCFoundation] DirectoryModel initialized
2026-09-14 12:57:08.479 I  PeachCommander[17600:e296] [com.peachcommander:PCFoundation] VolumeManager initialized
2026-09-14 12:57:08.479 I  PeachCommander[17600:e296] [com.peachcommander:PCFoundation] PanelController initialized for <private> panel
2026-09-14 12:57:08.480 I  PeachCommander[17600:e296] [com.peachcommander:PCFoundation] SelectionState initialized
2026-09-14 12:57:08.480 I  PeachCommander[17600:e296] [com.peachcommander:PCFoundation] DirectoryModel initialized
2026-09-14 12:57:08.480 I  PeachCommander[17600:e296] [com.peachcommander:PCFoundation] VolumeManager initialized
2026-09-14 12:57:08.480 I  PeachCommander[17600:e296] [com.peachcommander:PCFoundation] PanelController initialized for <private> panel
2026-09-14 12:57:08.483 I  PeachCommander[17600:e296] [com.apple.AppKit:Animation] Running new animation: <private>
2026-09-14 12:57:08.483 I  PeachCommander[17600:e296] [com.apple.AppKit:Animation] Running new animation: <private>
2026-09-14 12:57:08.483 I  PeachCommander[17600:e296] [com.apple.AppKit:Animation] Running new animation: <private>
2026-09-14 12:57:08.483 I  PeachCommander[17600:e296] [com.apple.AppKit:Animation] Running new animation: <private>
2026-09-14 12:57:08.483 I  PeachCommander[17600:e296] [com.apple.AppKit:Animation] Running new animation: <private>
2026-09-14 12:57:08.484 I  PeachCommander[17600:e296] [com.apple.AppKit:Animation] Running new animation: <private>
2026-09-14 12:57:08.484 I  PeachCommander[17600:e296] [com.apple.AppKit:Animation] Running new animation: <private>
2026-09-14 12:57:08.484 I  PeachCommander[17600:e296] [com.apple.AppKit:Animation] Running new animation: <private>
2026-09-14 12:57:08.484 I  PeachCommander[17600:e296] [com.apple.AppKit:Animation] Running new animation: <private>
2026-09-14 12:57:08.484 I  PeachCommander[17600:e296] [com.apple.AppKit:Animation] Running new animation: <private>
2026-09-14 12:57:08.490 I  PeachCommander[17600:e296] [com.apple.CoreAnalytics:client] Dropping "com.apple.appkit.app_config" as it isn't used in any transform (not in the config or budgeted?)
2026-09-14 12:57:08.492 I  PeachCommander[17600:e296] [com.apple.CoreAnalytics:client] Dropping "com.apple.appkit.app_config" as it isn't used in any transform (not in the config or budgeted?)
2026-09-14 12:57:08.496 I  PeachCommander[17600:e296] [com.apple.launchservices:datasep] application record search init. Node: <FSNode 0xcb7a4ab60> { isDir = ?, path = <private> } bundleID: (null) itemID: 0
2026-09-14 12:57:08.498 I  PeachCommander[17600:e296] [com.apple.GenerativeModels:availability] Current availability state: unavailable, use cases: com.apple.Settings.AppleIntelligence,com.apple.Siri.NLRouter, language: en, api: <private>
2026-09-14 12:57:08.498 Df PeachCommander[17600:e296] [com.apple.GenerativeModels:availability] isOkayToHaveAsset: False
2026-09-14 12:57:08.498 E  PeachCommander[17600:e296] [com.apple.siri:Utility] AFIsDeviceGreymatterEligible Missing entitlements for os_eligibility lookup
2026-09-14 12:57:08.498 I  PeachCommander[17600:e296] [com.apple.GenerativeModels:availability] Current availability state: unavailable, use cases: com.apple.Settings.AppleIntelligence, language: en, api: <private>
2026-09-14 12:57:08.498 Df PeachCommander[17600:e296] [com.apple.GenerativeModels:availability] isOkayToHaveAsset: False
2026-09-14 12:57:08.498 Df PeachCommander[17600:e296] [com.apple.siri:Utility] -[AFSystemAssistantExperienceStatusManager fetchGenerativeModelsAvailability] #SAEStatus #cacheUpdate Updating cache:
deviceSupportsSAE: 0 (0)
       saeEnabled: 0 (0)
     saeAvailable: 0 (0)
      swaiEnabled: 0 (0)
        viEnabled: 0 (0)
        siriAvailability:
        <private>
        ((null))
2026-09-14 12:57:08.498 Df PeachCommander[17600:e296] [com.apple.xpc:connection] [0xcb69bc140] activating connection: mach=true listener=false peer=false name=com.apple.iconservices
2026-09-14 12:57:08.498 Df PeachCommander[17600:e296] [com.apple.xpc:connection] [0xcb69bc280] activating connection: mach=true listener=false peer=false name=com.apple.iconservices.store
2026-09-14 12:57:08.502 I  PeachCommander[17600:e296] [com.peachcommander:Theme] no user themes in /Users/admin/pc-cfg/themes
2026-09-14 12:57:08.502 Df PeachCommander[17600:e296] [com.apple.AppKit:Appearance] Invalidate NSApp effectiveAppearance
2026-09-14 12:57:08.502 Df PeachCommander[17600:e296] [com.apple.AppKit:Appearance] NSApp cache appearance:
-NSRequiresAquaSystemAppearance: 0
-appearance: <NSCompositeAppearance: 0xcb6c6d9a0
 (
    "<NSDarkAquaAppearance: 0xcb6c6da40>",
    "<NSSystemAppearance: 0xcb6c6c780>"
)>
-effectiveAppearance: <NSCompositeAppearance: 0xcb6c6d9a0
 (
    "<NSDarkAquaAppearance: 0xcb6c6da40>",
    "<NSSystemAppearance: 0xcb6c6c780>"
)>
2026-09-14 12:57:08.504 I  PeachCommander[17600:e296] [com.peachcommander:PCFoundation] Theme applied: id=system, appearance=dark, dark=true, background=#333333
2026-09-14 12:57:08.531 I  PeachCommander[17600:e296] [com.apple.iconservices:foundation] layer data size zero
2026-09-14 12:57:08.531 I  PeachCommander[17600:e296] [com.apple.CoreAnalytics:client] Dropping "com.apple.appkit.app_config" as it isn't used in any transform (not in the config or budgeted?)
2026-09-14 12:57:08.534 I  PeachCommander[17600:e296] [com.peachcommander:PCFoundation] Keymap loaded: scheme=<private>, 82 effective bindings
2026-09-14 12:57:08.536 I  PeachCommander[17600:e296] [com.apple.AppKit:Animation] Running new animation: <private>
2026-09-14 12:57:08.536 I  PeachCommander[17600:e296] [com.apple.AppKit:Animation] Running new animation: <private>
2026-09-14 12:57:08.536 I  PeachCommander[17600:e296] [com.apple.AppKit:Animation] Running new animation: <private>
2026-09-14 12:57:08.536 I  PeachCommander[17600:e296] [com.apple.AppKit:Animation] Running new animation: <private>
2026-09-14 12:57:08.536 I  PeachCommander[17600:e296] [com.apple.AppKit:Animation] Running new animation: <private>
2026-09-14 12:57:08.536 I  PeachCommander[17600:e296] [com.apple.AppKit:Animation] Running new animation: <private>
2026-09-14 12:57:08.536 I  PeachCommander[17600:e296] [com.apple.AppKit:Animation] Running new animation: <private>
2026-09-14 12:57:08.536 I  PeachCommander[17600:e296] [com.apple.AppKit:Animation] Running new animation: <private>
2026-09-14 12:57:08.536 I  PeachCommander[17600:e296] [com.apple.AppKit:Animation] Running new animation: <private>
2026-09-14 12:57:08.536 I  PeachCommander[17600:e296] [com.apple.AppKit:Animation] Running new animation: <private>
2026-09-14 12:57:08.538 I  PeachCommander[17600:e296] [com.apple.CoreAnalytics:client] Dropping "<private>" as it isn't used in any transform (not in the config or budgeted?)
2026-09-14 12:57:08.539 I  PeachCommander[17600:e296] [com.apple.CoreAnalytics:client] Dropping "<private>" as it isn't used in any transform (not in the config or budgeted?)
2026-09-14 12:57:08.539 I  PeachCommander[17600:e296] [com.apple.CoreAnalytics:client] Dropping "<private>" as it isn't used in any transform (not in the config or budgeted?)
2026-09-14 12:57:08.539 I  PeachCommander[17600:e296] [com.peachcommander:PCFoundation] MainWindowController window loaded
2026-09-14 12:57:08.540 I  PeachCommander[17600:e296] [com.apple.launchservices:cas] information in shared memory for 0x0-0xd60d6 with seed 535 was still valid, so using cached info { "ApplicationType"="Foreground", "BuildMachineOSBuild"="25E246", "BundleIdentifierLowerCase"="com.peachcommander.app", "CFBundleDevelopmentRegion"="en", "CFBundleDocumentTypes"=( { "CFBundleTypeName"="Peach Commander Plugin Package", "CFBundleTypeRole"="Viewer", "LSHandlerRank"="Owner", "LSItemContentTypes"=( "com.peachcommander.plugin-package") }), "CFBundleExecutable"="PeachCommander", "CFBundleExecutablePath"="/Users/admin/pc-test/PeachCommander.app/Contents/MacOS/PeachCommander", "CFBundleExecutablePathDeviceID"=16777229, "CFBundleExecutablePathINode"=487975, "CFBundleHelpBookFolder"="PeachCommander.help", "CFBundleHelpBookName"="Peach Commander Help", "CFBundleIconFile"="AppIcon", "CFBundleIconName"="AppIcon", "CFBundleIdentifier"="com.peachcommander.app", "CFBundleInfoDictionaryVersion"="6.0", "CFBundleName"="PeachCommander", "CFBundleNameLowerCase"="peachcommander", "CFBundleNumericVersion"=402685952, "CFBundlePackageType"="APPL", "CFBundleShortVersionString"="0.9.0", "CFBun<…>
2026-09-14 12:57:08.540 I  PeachCommander[17600:e296] [com.apple.launchservices:cas] information in shared memory for 0x0-0xd60d6 with seed 535 was still valid, so using cached info { "ApplicationType"="Foreground", "BuildMachineOSBuild"="25E246", "BundleIdentifierLowerCase"="com.peachcommander.app", "CFBundleDevelopmentRegion"="en", "CFBundleDocumentTypes"=( { "CFBundleTypeName"="Peach Commander Plugin Package", "CFBundleTypeRole"="Viewer", "LSHandlerRank"="Owner", "LSItemContentTypes"=( "com.peachcommander.plugin-package") }), "CFBundleExecutable"="PeachCommander", "CFBundleExecutablePath"="/Users/admin/pc-test/PeachCommander.app/Contents/MacOS/PeachCommander", "CFBundleExecutablePathDeviceID"=16777229, "CFBundleExecutablePathINode"=487975, "CFBundleHelpBookFolder"="PeachCommander.help", "CFBundleHelpBookName"="Peach Commander Help", "CFBundleIconFile"="AppIcon", "CFBundleIconName"="AppIcon", "CFBundleIdentifier"="com.peachcommander.app", "CFBundleInfoDictionaryVersion"="6.0", "CFBundleName"="PeachCommander", "CFBundleNameLowerCase"="peachcommander", "CFBundleNumericVersion"=402685952, "CFBundlePackageType"="APPL", "CFBundleShortVersionString"="0.9.0", "CFBun<…>
2026-09-14 12:57:08.550 I  PeachCommander[17600:e296] [com.apple.AppKit:Window] order window front conditionally: 374 related: 0
2026-09-14 12:57:08.550 Df PeachCommander[17600:e296] [com.apple.AppKit:AutomaticTermination] void _NSEnableAutomaticTerminationAndLog(NSString *) No windows open yet
2026-09-14 12:57:08.550 I  PeachCommander[17600:e296] [com.apple.AppKit:Intelligence] starting collection observation
2026-09-14 12:57:08.550 Df PeachCommander[17600:e2a4] [com.apple.UIIntelligenceSupport:xpc] establishing connection to agent
2026-09-14 12:57:08.550 Df PeachCommander[17600:e2a4] [com.apple.xpc:session] [0xcb7ddb610] Session created.
2026-09-14 12:57:08.550 Df PeachCommander[17600:e2a4] [com.apple.xpc:session] [0xcb7ddb610] Session created from connection [0xcb69be440]
2026-09-14 12:57:08.550 Df PeachCommander[17600:e2a4] [com.apple.xpc:connection] [0xcb69be440] activating connection: mach=true listener=false peer=false name=com.apple.uiintelligencesupport.agent
2026-09-14 12:57:08.550 Df PeachCommander[17600:e2a4] [com.apple.xpc:session] [0xcb7ddb610] Session activated
2026-09-14 12:57:08.551 I  PeachCommander[17600:e296] [com.apple.SkyLight:processes] 0[outside of RPC]: SLSSetFrontProcessWithInfo(0x0-0x2 window=0 options=0x1
2026-09-14 12:57:08.551 Df PeachCommander[17600:e2a3] [com.apple.UIIntelligenceSupport:xpc] Connection established with agent PID: 1211
2026-09-14 12:57:08.551 I  PeachCommander[17600:e296] [com.apple.launchservices:cas] information in shared memory for 0x0-0xd60d6 with seed 535 was still valid, so using cached info { "ApplicationType"="Foreground", "BuildMachineOSBuild"="25E246", "BundleIdentifierLowerCase"="com.peachcommander.app", "CFBundleDevelopmentRegion"="en", "CFBundleDocumentTypes"=( { "CFBundleTypeName"="Peach Commander Plugin Package", "CFBundleTypeRole"="Viewer", "LSHandlerRank"="Owner", "LSItemContentTypes"=( "com.peachcommander.plugin-package") }), "CFBundleExecutable"="PeachCommander", "CFBundleExecutablePath"="/Users/admin/pc-test/PeachCommander.app/Contents/MacOS/PeachCommander", "CFBundleExecutablePathDeviceID"=16777229, "CFBundleExecutablePathINode"=487975, "CFBundleHelpBookFolder"="PeachCommander.help", "CFBundleHelpBookName"="Peach Commander Help", "CFBundleIconFile"="AppIcon", "CFBundleIconName"="AppIcon", "CFBundleIdentifier"="com.peachcommander.app", "CFBundleInfoDictionaryVersion"="6.0", "CFBundleName"="PeachCommander", "CFBundleNameLowerCase"="peachcommander", "CFBundleNumericVersion"=402685952, "CFBundlePackageType"="APPL", "CFBundleShortVersionString"="0.9.0", "CFBun<…>
2026-09-14 12:57:08.551 Df PeachCommander[17600:e296] [com.apple.xpc:connection] [0xcb69be580] activating connection: mach=true listener=false peer=false name=com.apple.FileCoordination
2026-09-14 12:57:08.552 Df PeachCommander[17600:e2a3] [com.apple.foundation.filecoordination:presenter] Adding presenter 3E475E78-0B1B-47FB-86D5-9F2C3D34D7F2 for URL: <private>
2026-09-14 12:57:08.552 I  PeachCommander[17600:e296] [com.apple.launchservices:cas] information in shared memory for 0x0-0xd60d6 with seed 535 was still valid, so using cached info { "ApplicationType"="Foreground", "BuildMachineOSBuild"="25E246", "BundleIdentifierLowerCase"="com.peachcommander.app", "CFBundleDevelopmentRegion"="en", "CFBundleDocumentTypes"=( { "CFBundleTypeName"="Peach Commander Plugin Package", "CFBundleTypeRole"="Viewer", "LSHandlerRank"="Owner", "LSItemContentTypes"=( "com.peachcommander.plugin-package") }), "CFBundleExecutable"="PeachCommander", "CFBundleExecutablePath"="/Users/admin/pc-test/PeachCommander.app/Contents/MacOS/PeachCommander", "CFBundleExecutablePathDeviceID"=16777229, "CFBundleExecutablePathINode"=487975, "CFBundleHelpBookFolder"="PeachCommander.help", "CFBundleHelpBookName"="Peach Commander Help", "CFBundleIconFile"="AppIcon", "CFBundleIconName"="AppIcon", "CFBundleIdentifier"="com.peachcommander.app", "CFBundleInfoDictionaryVersion"="6.0", "CFBundleName"="PeachCommander", "CFBundleNameLowerCase"="peachcommander", "CFBundleNumericVersion"=402685952, "CFBundlePackageType"="APPL", "CFBundleShortVersionString"="0.9.0", "CFBun<…>
2026-09-14 12:57:08.554 I  PeachCommander[17600:e296] [com.apple.AppKit:Window] order all windows front 1177926718666
2026-09-14 12:57:08.554 I  PeachCommander[17600:e296] [com.apple.launchservices:cas] information in shared memory for 0x0-0xd60d6 with seed 535 was still valid, so using cached info { "ApplicationType"="Foreground", "BuildMachineOSBuild"="25E246", "BundleIdentifierLowerCase"="com.peachcommander.app", "CFBundleDevelopmentRegion"="en", "CFBundleDocumentTypes"=( { "CFBundleTypeName"="Peach Commander Plugin Package", "CFBundleTypeRole"="Viewer", "LSHandlerRank"="Owner", "LSItemContentTypes"=( "com.peachcommander.plugin-package") }), "CFBundleExecutable"="PeachCommander", "CFBundleExecutablePath"="/Users/admin/pc-test/PeachCommander.app/Contents/MacOS/PeachCommander", "CFBundleExecutablePathDeviceID"=16777229, "CFBundleExecutablePathINode"=487975, "CFBundleHelpBookFolder"="PeachCommander.help", "CFBundleHelpBookName"="Peach Commander Help", "CFBundleIconFile"="AppIcon", "CFBundleIconName"="AppIcon", "CFBundleIdentifier"="com.peachcommander.app", "CFBundleInfoDictionaryVersion"="6.0", "CFBundleName"="PeachCommander", "CFBundleNameLowerCase"="peachcommander", "CFBundleNumericVersion"=402685952, "CFBundlePackageType"="APPL", "CFBundleShortVersionString"="0.9.0", "CFBun<…>
2026-09-14 12:57:08.554 I  PeachCommander[17600:e296] [com.apple.showhide:pr-59900543] SHOWHIDE: CONFIRM, id=368, err=0
2026-09-14 12:57:08.554 I  PeachCommander[17600:e296] [com.apple.AppKit:Window] context (0 -> 3131bf06) for window 373
2026-09-14 12:57:08.554 I  PeachCommander[17600:e296] [com.apple.AppKit:Window] context (0 -> 6d995c07) for window 372
2026-09-14 12:57:08.554 I  PeachCommander[17600:e296] [com.apple.AppKit:Window] context (0 -> 3f5586c8) for window 371
2026-09-14 12:57:08.554 I  PeachCommander[17600:e296] [com.apple.AppKit:Window] context (0 -> 494b7d50) for window 370
2026-09-14 12:57:08.572 I  PeachCommander[17600:e296] [com.apple.iconservices:foundation] layer data size zero
2026-09-14 12:57:08.581 Df PeachCommander[17600:e296] [com.apple.AppKit:AutomaticTermination] void _updateToReflectAutomaticTerminationState(void) Setting _kLSApplicationWouldBeTerminatedByTALKey=0
2026-09-14 12:57:08.582 I  PeachCommander[17600:e296] [com.apple.runningboard:assertion] Acquiring assertion: <RBSAssertionDescriptor| "AppNap adapter assertion" ID:(null) target:17600>
2026-09-14 12:57:08.615 A  PeachCommander[17600:e29e] (RunningBoardServices) didChangeInheritances
2026-09-14 12:57:08.647 Df PeachCommander[17600:e296] [com.apple.libsystem.libdispatch:] DEPRECATED USE in libdispatch client: dispatch source activated with no event handler set; set a breakpoint on _dispatch_bug_deprecated to debug
2026-09-14 12:57:08.743 I  PeachCommander[17600:e296] [com.apple.coreanimation:Utilities] IOSurface Compression Enabled: NO
2026-09-14 12:57:08.745 Df PeachCommander[17600:e29e] [com.apple.coreanimation:Metal] Precompiled pipelines disabled on unsupported hardware.
2026-09-14 12:57:08.757 I  PeachCommander[17600:e296] [com.apple.CarbonCore:gestalt] SetGestaltValuesBulk SetGestaltValuesBulk( count=22 tuples=0x18583e650
2026-09-14 12:57:08.757 I  PeachCommander[17600:e296] [com.apple.CarbonCore:gestalt] SetGestaltValue SetGestaltValue(alis 1C9) => 0
2026-09-14 12:57:08.757 I  PeachCommander[17600:e296] [com.apple.CarbonCore:gestalt] SetGestaltValue SetGestaltValue(os   FE) => 0
2026-09-14 12:57:08.757 I  PeachCommander[17600:e296] [com.apple.CarbonCore:gestalt] SetGestaltValue SetGestaltValue(addr 7) => 0
2026-09-14 12:57:08.757 I  PeachCommander[17600:e296] [com.apple.CarbonCore:gestalt] SetGestaltValue SetGestaltValue(fs   3D332) => 0
2026-09-14 12:57:08.757 I  PeachCommander[17600:e296] [com.apple.CarbonCore:gestalt] SetGestaltValue SetGestaltValue(fold 11) => 0
2026-09-14 12:57:08.757 I  PeachCommander[17600:e296] [com.apple.CarbonCore:gestalt] SetGestaltValue SetGestaltValue(lram 7FFFF000) => 0
2026-09-14 12:57:08.757 I  PeachCommander[17600:e296] [com.apple.CarbonCore:gestalt] SetGestaltValue SetGestaltValue(mmap 1) => 0
2026-09-14 12:57:08.757 I  PeachCommander[17600:e296] [com.apple.CarbonCore:gestalt] SetGestaltValue SetGestaltValue(cfrg 1) => 0
2026-09-14 12:57:08.757 I  PeachCommander[17600:e296] [com.apple.CarbonCore:gestalt] SetGestaltValue SetGestaltValue(thds 7) => 0
2026-09-14 12:57:08.757 I  PeachCommander[17600:e296] [com.apple.CarbonCore:gestalt] SetGestaltValue SetGestaltValue(tmgr E) => 0
2026-09-14 12:57:08.757 I  PeachCommander[17600:e296] [com.apple.CarbonCore:gestalt] SetGestaltValue SetGestaltValue(vers 7) => 0
2026-09-14 12:57:08.757 I  PeachCommander[17600:e296] [com.apple.CarbonCore:gestalt] SetGestaltValue SetGestaltValue(cbon 160) => 0
2026-09-14 12:57:08.757 I  PeachCommander[17600:e296] [com.apple.CarbonCore:gestalt] SetGestaltValue SetGestaltValue(cltn 1108000) => 0
2026-09-14 12:57:08.757 I  PeachCommander[17600:e296] [com.apple.CarbonCore:gestalt] SetGestaltValue SetGestaltValue(cpnt 8) => 0
2026-09-14 12:57:08.757 I  PeachCommander[17600:e296] [com.apple.CarbonCore:gestalt] SetGestaltValue SetGestaltValue(rsrc 3) => 0
2026-09-14 12:57:08.757 I  PeachCommander[17600:e296] [com.apple.CarbonCore:gestalt] SetGestaltValue SetGestaltValue(rmbg 11F) => 0
2026-09-14 12:57:08.757 I  PeachCommander[17600:e296] [com.apple.CarbonCore:gestalt] SetGestaltValue SetGestaltValue(vm   11) => 0
2026-09-14 12:57:08.757 I  PeachCommander[17600:e296] [com.apple.CarbonCore:gestalt] SetGestaltValue SetGestaltValue(srad 4170706C) => 0
2026-09-14 12:57:08.757 I  PeachCommander[17600:e296] [com.apple.CarbonCore:gestalt] SetGestaltValue SetGestaltValue(sysa 14) => 0
2026-09-14 12:57:08.757 I  PeachCommander[17600:e296] [com.apple.CarbonCore:gestalt] SetGestaltValue SetGestaltValue(copl 9) => 0
2026-09-14 12:57:08.757 I  PeachCommander[17600:e296] [com.apple.CarbonCore:gestalt] SetGestaltValue SetGestaltValue(xlat 0) => 0
2026-09-14 12:57:08.757 I  PeachCommander[17600:e296] [com.apple.CarbonCore:gestalt] SetGestaltValue SetGestaltValue(stdf 0) => 0
2026-09-14 12:57:08.757 I  PeachCommander[17600:e296] [com.apple.CarbonCore:gestalt] _NewGestalt _NewGestalt(ram  0x1857b7644) => 0
2026-09-14 12:57:08.757 I  PeachCommander[17600:e296] [com.apple.CarbonCore:gestalt] _NewGestalt _NewGestalt(ramm 0x1857b7644) => 0
2026-09-14 12:57:08.757 I  PeachCommander[17600:e296] [com.apple.CarbonCore:gestalt] _NewGestalt _NewGestalt(cput 0x1857b7734) => 0
2026-09-14 12:57:08.757 I  PeachCommander[17600:e296] [com.apple.CarbonCore:gestalt] _NewGestalt _NewGestalt(cpuf 0x1857b7764) => 0
2026-09-14 12:57:08.757 I  PeachCommander[17600:e296] [com.apple.CarbonCore:gestalt] _NewGestalt _NewGestalt(bclk 0x1857b7794) => 0
2026-09-14 12:57:08.757 I  PeachCommander[17600:e296] [com.apple.CarbonCore:gestalt] _NewGestalt _NewGestalt(bclm 0x1857b7794) => 0
2026-09-14 12:57:08.757 I  PeachCommander[17600:e296] [com.apple.CarbonCore:gestalt] _NewGestalt _NewGestalt(pclk 0x1857b7834) => 0
2026-09-14 12:57:08.757 I  PeachCommander[17600:e296] [com.apple.CarbonCore:gestalt] _NewGestalt _NewGestalt(mclk 0x1857b7834) => 0
2026-09-14 12:57:08.757 I  PeachCommander[17600:e296] [com.apple.CarbonCore:gestalt] _NewGestalt _NewGestalt(a/ux 0x1857b794c) => 0
2026-09-14 12:57:08.757 I  PeachCommander[17600:e296] [com.apple.CarbonCore:gestalt] _NewGestalt _NewGestalt(pgsz 0x1857b7954) => 0
2026-09-14 12:57:08.757 I  PeachCommander[17600:e296] [com.apple.CarbonCore:gestalt] _NewGestalt _NewGestalt(csiz 0x1857b7994) => 0
2026-09-14 12:57:08.757 I  PeachCommander[17600:e296] [com.apple.CarbonCore:gestalt] _NewGestalt _NewGestalt(sysv 0x185762dfc) => 0
2026-09-14 12:57:08.757 I  PeachCommander[17600:e296] [com.apple.CarbonCore:gestalt] _NewGestalt _NewGestalt(sys1 0x185762dfc) => 0
2026-09-14 12:57:08.757 I  PeachCommander[17600:e296] [com.apple.CarbonCore:gestalt] _NewGestalt _NewGestalt(sys2 0x185762dfc) => 0
2026-09-14 12:57:08.757 I  PeachCommander[17600:e296] [com.apple.CarbonCore:gestalt] _NewGestalt _NewGestalt(sys3 0x185762dfc) => 0
2026-09-14 12:57:08.757 I  PeachCommander[17600:e296] [com.apple.CarbonCore:gestalt] _NewGestalt _NewGestalt(cdfl 0x1857b79d4) => 0
2026-09-14 12:57:08.757 I  PeachCommander[17600:e296] [com.apple.CarbonCore:gestalt] _NewGestalt _NewGestalt(cdrm 0x1857b7c30) => 0
2026-09-14 12:57:08.757 I  PeachCommander[17600:e296] [com.apple.CarbonCore:gestalt] _NewGestalt _NewGestalt(cpus 0x1857b7c78) => 0
2026-09-14 12:57:08.757 I  PeachCommander[17600:e296] [com.apple.CarbonCore:gestalt] SetGestaltValue SetGestaltValue(swex 1) => 0
2026-09-14 12:57:08.757 Df PeachCommander[17600:e296] [com.apple.xpc:connection] [0xcb69bf980] activating connection: mach=false listener=false peer=false name=com.apple.hiservices-xpcservice
2026-09-14 12:57:08.758 I  PeachCommander[17600:e296] [com.apple.CFPasteboard:entry] CopyData('ApplePerContextInputPasteboard' (<CFUUID 0xcb672c9a0> 957445BB-B09A-4BFA-9C56-3076E6977934) gen: -1 item: 1264739405 flavor: 'ApplePerContextInputFlavor')
2026-09-14 12:57:08.758 I  PeachCommander[17600:e296] [com.apple.CFPasteboard:cache] Rebuilding cache for 'ApplePerContextInputPasteboard' (<CFUUID 0xcb672c9a0> 957445BB-B09A-4BFA-9C56-3076E6977934)
2026-09-14 12:57:08.759 I  PeachCommander[17600:e296] [com.apple.CFPasteboard:general] Will request data from daemon
2026-09-14 12:57:08.759 I  PeachCommander[17600:e296] [com.apple.CFPasteboard:exit] (not-in-cache) - result: 0 generation: 1 data (182 bytes) flags: 0
2026-09-14 12:57:08.759 I  PeachCommander[17600:e296] [com.apple.CFPasteboard:entry] CopyData('DefaultAsciiKeyboardLayoutPasteboard' (<CFUUID 0xcb6eea140> C9ADBB07-017C-44C1-873B-012ADE3FBA9E) gen: -1 item: 1264739405 flavor: 'DefaultAsciiKeyboardLayoutFlavor')
2026-09-14 12:57:08.759 I  PeachCommander[17600:e296] [com.apple.CFPasteboard:exit] (not-in-cache) - result: -8 generation: 0 null data flags: 0
2026-09-14 12:57:08.760 I  PeachCommander[17600:e296] [com.apple.AppKit:Window] context (0 -> 739d6481) for window 375
2026-09-14 12:57:08.761 Df PeachCommander[17600:e296] [com.apple.inputmethodkitClient:Client] +[IMKClient subclass]: chose IMKClient_Modern
2026-09-14 12:57:08.761 Df PeachCommander[17600:e296] [com.apple.BoardServices:XPCErrors] [C:2] Alloc com.apple.backboard.hid-services.xpc
2026-09-14 12:57:08.761 Df PeachCommander[17600:e296] [com.apple.xpc:connection] [0xcb69bfac0] activating connection: mach=false listener=false peer=false name=(anonymous)
2026-09-14 12:57:08.762 Df PeachCommander[17600:e29e] [com.apple.xpc:connection] [0xcb69be940] activating connection: mach=false listener=false peer=false name=com.apple.TextInputUI.xpc.CursorUIViewService
2026-09-14 12:57:08.762 E  PeachCommander[17600:e2ab] [com.apple.BaseBoard:Common] Unable to obtain a task name port right for pid 163: (os/kern) failure (0x5)
2026-09-14 12:57:08.762 Df PeachCommander[17600:e29e] [com.apple.xpc:connection] [0xcb69be940] invalidated after the last release of the connection object
2026-09-14 12:57:08.762 I  PeachCommander[17600:e296] [com.apple.CFPasteboard:entry] CopyData('DefaultAsciiKeyboardLayoutPasteboard' (<CFUUID 0xcb6eea140> C9ADBB07-017C-44C1-873B-012ADE3FBA9E) gen: -1 item: 1264739405 flavor: 'DefaultAsciiKeyboardLayoutFlavor')
2026-09-14 12:57:08.762 I  PeachCommander[17600:e296] [com.apple.CFPasteboard:exit] (not-in-cache) - result: -8 generation: 0 null data flags: 0
2026-09-14 12:57:08.763 Df PeachCommander[17600:e296] [com.apple.xpc:connection] [0xcb69be6c0] activating connection: mach=false listener=false peer=false name=(anonymous)
2026-09-14 12:57:08.763 Df PeachCommander[17600:e296] [com.apple.xpc:connection] [0xcb69be940] activating connection: mach=false listener=false peer=false name=com.apple.ViewBridgeAuxiliary
2026-09-14 12:57:08.763 Df PeachCommander[17600:e296] [com.apple.xpc:connection] [0xcb69be1c0] activating connection: mach=false listener=false peer=false name=(anonymous)
2026-09-14 12:57:08.763 Df PeachCommander[17600:e296] [com.apple.xpc:connection] [0xcb69be940] invalidated after the last release of the connection object
2026-09-14 12:57:08.779 Df PeachCommander[17600:e296] [com.apple.TextInputUI:CursorUI] -[TUINSCursorUIController activate:]_block_invoke: Create CursorUIViewService: TUINSRemoteViewController
2026-09-14 12:57:08.779 I  PeachCommander[17600:e296] [com.apple.AppKit:Window] window <TUINSWindow: 0xcb7dba300> windowNumber=375 finishing close
2026-09-14 12:57:08.779 I  PeachCommander[17600:e296] [com.apple.AppKit:Window] order window: 375 op: 0 relative: 0 related: 0
2026-09-14 12:57:08.781 A  PeachCommander[17600:e29e] (CoreFoundation) Loading Preferences From System CFPrefsD
2026-09-14 12:57:08.871 I  PeachCommander[17600:e296] [com.apple.iconservices:foundation] layer data size zero
2026-09-14 12:57:08.872 A  PeachCommander[17600:e296] (CoreFoundation) Loading Preferences From User CFPrefsD
2026-09-14 12:57:08.872 I  PeachCommander[17600:e296] [com.apple.CoreAnalytics:client] Dropping "com.apple.ImageIO.readerSelection" as it isn't used in any transform (not in the config or budgeted?)
2026-09-14 12:57:08.889 I  PeachCommander[17600:e296] [com.apple.CoreAnalytics:client] Dropping "com.apple.appkit.app_config" as it isn't used in any transform (not in the config or budgeted?)
2026-09-14 12:57:08.889 I  PeachCommander[17600:e296] [com.apple.SafariPlatformSupport:SafariPlatformSupport] -[SFSafariPlatformSupport credentialSelected:] with nil credential
2026-09-14 12:57:08.889 I  PeachCommander[17600:e296] [com.apple.SafariPlatformSupport:SafariPlatformSupport] -[SFSafariPlatformSupport oneTimeCodeSelected:] with nil code
2026-09-14 12:57:08.890 Df PeachCommander[17600:e29f] [com.apple.xpc:connection] [0xcb69be940] activating connection: mach=false listener=false peer=false name=com.apple.SafariPlatformSupport.Helper
2026-09-14 12:57:08.896 A  PeachCommander[17600:e2ab] (libsystem_info.dylib) Retrieve Group by ID
2026-09-14 12:57:08.896 Df PeachCommander[17600:e296] [com.apple.BoardServices:XPCErrors] [C:3] Alloc com.apple.backboard.hid-services.xpc
2026-09-14 12:57:08.896 Df PeachCommander[17600:e296] [com.apple.xpc:connection] [0xcb69bdcc0] activating connection: mach=false listener=false peer=false name=(anonymous)
2026-09-14 12:57:08.897 Df PeachCommander[17600:e2ac] [com.apple.BackBoard:EventDelivery] BKSHIDEventDeliveryManager - connection activation
2026-09-14 12:57:08.898 I  PeachCommander[17600:e296] [com.peachcommander:PCFoundation] Session restored
2026-09-14 12:57:08.898 Df PeachCommander[17600:e296] (Foundation) <private>
2026-09-14 12:57:08.898 I  PeachCommander[17600:e296] [com.peachcommander:PCFoundation] [automation] running /Users/admin/auto.txt
2026-09-14 12:57:08.898 Df PeachCommander[17600:e296] (Foundation) <private>
2026-09-14 12:57:08.898 I  PeachCommander[17600:e296] [com.peachcommander:PCFoundation] [automation] > active left
2026-09-14 12:57:08.898 Df PeachCommander[17600:e296] (Foundation) <private>
2026-09-14 12:57:08.898 I  PeachCommander[17600:e296] [com.peachcommander:PCFoundation] [automation] > left /Users/admin/pc-demo
2026-09-14 12:57:08.947 Df PeachCommander[17600:e296] [com.apple.xpc:connection] [0xcb69bdb80] activating connection: mach=false listener=false peer=false name=(anonymous)
2026-09-14 12:57:08.947 Df PeachCommander[17600:e296] [com.apple.xpc:connection] [0xcb69bf0c0] activating connection: mach=false listener=false peer=false name=(anonymous)
2026-09-14 12:57:08.980 I  PeachCommander[17600:e35c] [com.apple.AppKit:WindowTab] Indexing 1 items
2026-09-14 12:57:08.980 A  PeachCommander[17600:e35c] (CoreSpotlight) end-index-batch
2026-09-14 12:57:08.980 Df PeachCommander[17600:e35c] [com.apple.corespotlight:index] *warn* MailCS ======%%% _setMailMessageAttributes skip:1
2026-09-14 12:57:08.980 A  PeachCommander[17600:e35c] (CoreSpotlight) index-items
2026-09-14 12:57:08.980 Df PeachCommander[17600:e35c] [com.apple.corespotlight:index] CSInlineDonation:<private>: Skipping donation (feature flag disabled)
2026-09-14 12:57:08.980 Df PeachCommander[17600:e35c] [com.apple.corespotlight:index] CSInlineDonation:<private>: Skipping donation (feature flag disabled)
2026-09-14 12:57:08.999 I  PeachCommander[17600:e296] [com.apple.launchservices:datasep] application record search init. Node: <FSNode 0xcb847f000> { isDir = y, path = <private> } bundleID: (null) itemID: 0
2026-09-14 12:57:08.999 I  PeachCommander[17600:e296] [com.apple.launchservices:datasep] application record search init. Node: <FSNode 0xcb847f000> { isDir = y, path = <private> } bundleID: (null) itemID: 0
2026-09-14 12:57:08.999 I  PeachCommander[17600:e296] [com.apple.SafariPlatformSupport:SafariPlatformSupport] -[SFSafariPlatformSupport credentialSelected:] with nil credential
2026-09-14 12:57:08.999 I  PeachCommander[17600:e296] [com.apple.SafariPlatformSupport:SafariPlatformSupport] -[SFSafariPlatformSupport oneTimeCodeSelected:] with nil code
2026-09-14 12:57:09.064 Df PeachCommander[17600:e29f] [com.apple.xpc:connection] [0xcb69be940] invalidated after the last release of the connection object
2026-09-14 12:57:09.069 I  PeachCommander[17600:e296] [com.apple.launchservices:cas] Removing cached information for app [ 0x0-0xd60d6]  "PeachCommander", as its seed is different from that in shared memory ( 535 vs 537)
2026-09-14 12:57:09.137 I  PeachCommander[17600:e296] [com.apple.HIToolbox:MBDisplays] <private>
2026-09-14 12:57:09.137 I  PeachCommander[17600:e296] [com.apple.HIToolbox:MBDisplays] <private>
2026-09-14 12:57:09.146 Df PeachCommander[17600:e296] (Foundation) <private>
2026-09-14 12:57:09.146 I  PeachCommander[17600:e296] [com.peachcommander:PCFoundation] [automation] > wait 1200
2026-09-14 12:57:09.169 I  PeachCommander[17600:e296] [com.apple.AppKit:Image] ISImage reported a placeholder, image rep is providing a placeholder image for <private>
2026-09-14 12:57:09.169 I  PeachCommander[17600:e296] [com.apple.AppKit:Image] ISImage reported a placeholder, image rep is providing a placeholder image for <private>
2026-09-14 12:57:09.170 I  PeachCommander[17600:e2ab] [com.apple.iconservices:foundation] layer data size zero
2026-09-14 12:57:09.171 I  PeachCommander[17600:e296] [com.apple.AppKit:Image] ISImage reported a placeholder, image rep is providing a placeholder image for <private>
2026-09-14 12:57:09.171 I  PeachCommander[17600:e296] [com.apple.AppKit:Image] ISImage reported a placeholder, image rep is providing a placeholder image for <private>
2026-09-14 12:57:09.172 I  PeachCommander[17600:e296] [com.apple.AppKit:Image] ISImage reported a placeholder, image rep is providing a placeholder image for <private>
2026-09-14 12:57:09.172 I  PeachCommander[17600:e296] [com.apple.AppKit:Image] ISImage reported a placeholder, image rep is providing a placeholder image for <private>
2026-09-14 12:57:09.173 I  PeachCommander[17600:e296] [com.apple.AppKit:Image] ISImage reported a placeholder, image rep is providing a placeholder image for <private>
2026-09-14 12:57:09.173 I  PeachCommander[17600:e296] [com.apple.AppKit:Image] ISImage reported a placeholder, image rep is providing a placeholder image for <private>
2026-09-14 12:57:09.174 I  PeachCommander[17600:e296] [com.apple.AppKit:Image] ISImage reported a placeholder, image rep is providing a placeholder image for <private>
2026-09-14 12:57:09.174 I  PeachCommander[17600:e296] [com.apple.AppKit:Image] ISImage reported a placeholder, image rep is providing a placeholder image for <private>
2026-09-14 12:57:09.175 I  PeachCommander[17600:e296] [com.apple.AppKit:Image] ISImage reported a placeholder, image rep is providing a placeholder image for <private>
2026-09-14 12:57:09.175 I  PeachCommander[17600:e296] [com.apple.AppKit:Image] ISImage reported a placeholder, image rep is providing a placeholder image for <private>
2026-09-14 12:57:09.180 I  PeachCommander[17600:e2ab] [com.apple.iconservices:foundation] layer data size zero
2026-09-14 12:57:09.210 I  PeachCommander[17600:e296] [com.apple.SafariPlatformSupport:SafariPlatformSupport] -[SPSafariPlatformSupport completionListPreferredContentSizeDidUpdate] with size {0, 0}, in window that is visible
2026-09-14 12:57:09.211 I  PeachCommander[17600:e296] [com.apple.AppKit:Image] ISImage reported a placeholder, image rep is providing a placeholder image for <private>
2026-09-14 12:57:09.211 I  PeachCommander[17600:e296] [com.apple.AppKit:Image] ISImage reported a placeholder, image rep is providing a placeholder image for <private>
2026-09-14 12:57:09.211 I  PeachCommander[17600:e296] [com.apple.AppKit:Image] ISImage reported a placeholder, image rep is providing a placeholder image for <private>
2026-09-14 12:57:09.211 I  PeachCommander[17600:e296] [com.apple.AppKit:Image] ISImage reported a placeholder, image rep is providing a placeholder image for <private>
2026-09-14 12:57:09.211 I  PeachCommander[17600:e296] [com.apple.AppKit:Image] ISImage reported a placeholder, image rep is providing a placeholder image for <private>
2026-09-14 12:57:09.211 I  PeachCommander[17600:e296] [com.apple.AppKit:Image] ISImage reported a placeholder, image rep is providing a placeholder image for <private>
2026-09-14 12:57:09.212 I  PeachCommander[17600:e296] [com.apple.AppKit:Image] ISImage reported a placeholder, image rep is providing a placeholder image for <private>
2026-09-14 12:57:09.212 I  PeachCommander[17600:e296] [com.apple.AppKit:Image] ISImage reported a placeholder, image rep is providing a placeholder image for <private>
2026-09-14 12:57:09.212 I  PeachCommander[17600:e296] [com.apple.AppKit:Image] ISImage reported a placeholder, image rep is providing a placeholder image for <private>
2026-09-14 12:57:09.212 I  PeachCommander[17600:e296] [com.apple.AppKit:Image] ISImage reported a placeholder, image rep is providing a placeholder image for <private>
2026-09-14 12:57:09.212 I  PeachCommander[17600:e296] [com.apple.AppKit:Image] ISImage reported a placeholder, image rep is providing a placeholder image for <private>
2026-09-14 12:57:09.212 I  PeachCommander[17600:e296] [com.apple.AppKit:Image] ISImage reported a placeholder, image rep is providing a placeholder image for <private>
2026-09-14 12:57:09.212 I  PeachCommander[17600:e296] [com.apple.AppKit:Image] ISImage reported a placeholder, image rep is providing a placeholder image for <private>
2026-09-14 12:57:09.212 I  PeachCommander[17600:e296] [com.apple.AppKit:Image] ISImage reported a placeholder, image rep is providing a placeholder image for <private>
2026-09-14 12:57:09.212 I  PeachCommander[17600:e296] [com.apple.AppKit:Image] ISImage reported a placeholder, image rep is providing a placeholder image for <private>
2026-09-14 12:57:09.212 I  PeachCommander[17600:e296] [com.apple.AppKit:Image] ISImage reported a placeholder, image rep is providing a placeholder image for <private>
2026-09-14 12:57:09.212 I  PeachCommander[17600:e296] [com.apple.AppKit:Image] ISImage reported a placeholder, image rep is providing a placeholder image for <private>
2026-09-14 12:57:09.212 I  PeachCommander[17600:e296] [com.apple.AppKit:Image] ISImage reported a placeholder, image rep is providing a placeholder image for <private>
2026-09-14 12:57:09.219 I  PeachCommander[17600:e296] [com.apple.AppKit:Image] ISImage reported a placeholder, image rep is providing a placeholder image for <private>
2026-09-14 12:57:09.220 I  PeachCommander[17600:e296] [com.apple.AppKit:Image] ISImage reported a placeholder, image rep is providing a placeholder image for <private>
2026-09-14 12:57:09.221 I  PeachCommander[17600:e296] [com.apple.AppKit:Image] ISImage reported a placeholder, image rep is providing a placeholder image for <private>
2026-09-14 12:57:09.222 I  PeachCommander[17600:e296] [com.apple.AppKit:Image] ISImage reported a placeholder, image rep is providing a placeholder image for <private>
2026-09-14 12:57:09.222 I  PeachCommander[17600:e296] [com.apple.AppKit:Image] ISImage reported a placeholder, image rep is providing a placeholder image for <private>
2026-09-14 12:57:09.223 I  PeachCommander[17600:e296] [com.apple.AppKit:Image] ISImage reported a placeholder, image rep is providing a placeholder image for <private>
2026-09-14 12:57:09.239 I  PeachCommander[17600:e296] [com.apple.AppKit:Image] ISImage reported a placeholder, image rep is providing a placeholder image for <private>
2026-09-14 12:57:09.239 I  PeachCommander[17600:e296] [com.apple.AppKit:Image] ISImage reported a placeholder, image rep is providing a placeholder image for <private>
2026-09-14 12:57:09.241 I  PeachCommander[17600:e296] [com.apple.AppKit:Image] ISImage reported a placeholder, image rep is providing a placeholder image for <private>
2026-09-14 12:57:09.241 I  PeachCommander[17600:e296] [com.apple.AppKit:Image] ISImage reported a placeholder, image rep is providing a placeholder image for <private>
2026-09-14 12:57:09.243 I  PeachCommander[17600:e296] [com.apple.AppKit:Image] ISImage reported a placeholder, image rep is providing a placeholder image for <private>
2026-09-14 12:57:09.243 I  PeachCommander[17600:e296] [com.apple.AppKit:Image] ISImage reported a placeholder, image rep is providing a placeholder image for <private>
2026-09-14 12:57:09.244 I  PeachCommander[17600:e296] [com.apple.AppKit:Image] ISImage reported a placeholder, image rep is providing a placeholder image for <private>
2026-09-14 12:57:09.244 I  PeachCommander[17600:e296] [com.apple.AppKit:Image] ISImage reported a placeholder, image rep is providing a placeholder image for <private>
2026-09-14 12:57:09.245 I  PeachCommander[17600:e296] [com.apple.AppKit:Image] ISImage reported a placeholder, image rep is providing a placeholder image for <private>
2026-09-14 12:57:09.245 I  PeachCommander[17600:e296] [com.apple.AppKit:Image] ISImage reported a placeholder, image rep is providing a placeholder image for <private>
2026-09-14 12:57:09.247 I  PeachCommander[17600:e296] [com.apple.AppKit:Image] ISImage reported a placeholder, image rep is providing a placeholder image for <private>
2026-09-14 12:57:09.247 I  PeachCommander[17600:e296] [com.apple.AppKit:Image] ISImage reported a placeholder, image rep is providing a placeholder image for <private>
2026-09-14 12:57:09.271 I  PeachCommander[17600:e296] [com.apple.iconservices:foundation] layer data size zero
2026-09-14 12:57:09.272 I  PeachCommander[17600:e296] [com.apple.iconservices:foundation] layer data size zero
2026-09-14 12:57:09.272 I  PeachCommander[17600:e296] [com.apple.iconservices:foundation] layer data size zero
2026-09-14 12:57:09.273 I  PeachCommander[17600:e296] [com.apple.iconservices:foundation] layer data size zero
2026-09-14 12:57:09.341 I  PeachCommander[17600:e29f] [com.apple.AppKit:WindowTab] Indexing 1 items
2026-09-14 12:57:09.341 A  PeachCommander[17600:e29f] (CoreSpotlight) end-index-batch
2026-09-14 12:57:09.341 A  PeachCommander[17600:e29f] (CoreSpotlight) index-items
2026-09-14 12:57:09.341 Df PeachCommander[17600:e29f] [com.apple.corespotlight:index] CSInlineDonation:<private>: Skipping donation (feature flag disabled)
2026-09-14 12:57:09.341 Df PeachCommander[17600:e29f] [com.apple.corespotlight:index] CSInlineDonation:<private>: Skipping donation (feature flag disabled)
2026-09-14 12:57:10.396 Df PeachCommander[17600:e296] (Foundation) <private>
2026-09-14 12:57:10.396 I  PeachCommander[17600:e296] [com.peachcommander:PCFoundation] [automation] > treevisible shared|1
2026-09-14 12:57:10.413 I  PeachCommander[17600:e296] [com.apple.AppKit:Image] ISImage reported a placeholder, image rep is providing a placeholder image for <private>
2026-09-14 12:57:10.413 I  PeachCommander[17600:e296] [com.apple.AppKit:Image] ISImage reported a placeholder, image rep is providing a placeholder image for <private>
2026-09-14 12:57:10.414 I  PeachCommander[17600:e29f] [com.apple.iconservices:foundation] layer data size zero
2026-09-14 12:57:10.416 I  PeachCommander[17600:e296] [com.apple.AppKit:Image] ISImage reported a placeholder, image rep is providing a placeholder image for <private>
2026-09-14 12:57:10.417 I  PeachCommander[17600:e296] [com.apple.AppKit:Image] ISImage reported a placeholder, image rep is providing a placeholder image for <private>
2026-09-14 12:57:10.428 Df PeachCommander[17600:e296] (Foundation) <private>
2026-09-14 12:57:10.428 I  PeachCommander[17600:e296] [com.peachcommander:PCFoundation] [automation] > wait 800
2026-09-14 12:57:10.431 I  PeachCommander[17600:e296] [com.apple.AppKit:Image] ISImage reported a placeholder, image rep is providing a placeholder image for <private>
2026-09-14 12:57:10.443 E  PeachCommander[17600:e296] [com.apple.CarbonCore:FileIDMap] FileIDTreeGetVRefNumForDevice(-1805902841) returned -36
2026-09-14 12:57:10.443 I  PeachCommander[17600:e296] [com.apple.iconservices:foundation] layer data size zero
2026-09-14 12:57:10.445 I  PeachCommander[17600:e296] [com.apple.AppKit:Image] ISImage reported a placeholder, image rep is providing a placeholder image for <private>
2026-09-14 12:57:10.445 I  PeachCommander[17600:e296] [com.apple.AppKit:Image] ISImage reported a placeholder, image rep is providing a placeholder image for <private>
2026-09-14 12:57:10.446 I  PeachCommander[17600:e2a3] [com.apple.iconservices:foundation] layer data size zero
2026-09-14 12:57:10.446 I  PeachCommander[17600:e296] [com.apple.AppKit:Image] ISImage reported a placeholder, image rep is providing a placeholder image for <private>
2026-09-14 12:57:10.447 I  PeachCommander[17600:e29f] [com.apple.iconservices:foundation] layer data size zero
2026-09-14 12:57:10.447 I  PeachCommander[17600:e296] [com.apple.AppKit:Image] ISImage reported a placeholder, image rep is providing a placeholder image for <private>
2026-09-14 12:57:10.448 I  PeachCommander[17600:e296] [com.apple.AppKit:Image] ISImage reported a placeholder, image rep is providing a placeholder image for <private>
2026-09-14 12:57:10.448 I  PeachCommander[17600:e296] [com.apple.AppKit:Image] ISImage reported a placeholder, image rep is providing a placeholder image for <private>
2026-09-14 12:57:10.448 I  PeachCommander[17600:e2ab] [com.apple.iconservices:foundation] layer data size zero
2026-09-14 12:57:10.449 I  PeachCommander[17600:e296] [com.apple.AppKit:Image] ISImage reported a placeholder, image rep is providing a placeholder image for <private>
2026-09-14 12:57:10.449 I  PeachCommander[17600:e29f] [com.apple.iconservices:foundation] layer data size zero
2026-09-14 12:57:10.449 I  PeachCommander[17600:e296] [com.apple.AppKit:Image] ISImage reported a placeholder, image rep is providing a placeholder image for <private>
2026-09-14 12:57:10.449 I  PeachCommander[17600:e296] [com.apple.AppKit:Image] ISImage reported a placeholder, image rep is providing a placeholder image for <private>
2026-09-14 12:57:10.449 I  PeachCommander[17600:e296] [com.apple.AppKit:Image] ISImage reported a placeholder, image rep is providing a placeholder image for <private>
2026-09-14 12:57:10.450 I  PeachCommander[17600:e2ab] [com.apple.iconservices:foundation] layer data size zero
2026-09-14 12:57:10.450 I  PeachCommander[17600:e296] [com.apple.AppKit:Image] ISImage reported a placeholder, image rep is providing a placeholder image for <private>
2026-09-14 12:57:10.450 I  PeachCommander[17600:e29f] [com.apple.iconservices:foundation] layer data size zero
2026-09-14 12:57:10.450 I  PeachCommander[17600:e296] [com.apple.AppKit:Image] ISImage reported a placeholder, image rep is providing a placeholder image for <private>
2026-09-14 12:57:10.451 I  PeachCommander[17600:e296] [com.apple.AppKit:Image] ISImage reported a placeholder, image rep is providing a placeholder image for <private>
2026-09-14 12:57:10.451 I  PeachCommander[17600:e296] [com.apple.AppKit:Image] ISImage reported a placeholder, image rep is providing a placeholder image for <private>
2026-09-14 12:57:10.451 I  PeachCommander[17600:e2a3] [com.apple.iconservices:foundation] layer data size zero
2026-09-14 12:57:10.452 I  PeachCommander[17600:e296] [com.apple.AppKit:Image] ISImage reported a placeholder, image rep is providing a placeholder image for <private>
2026-09-14 12:57:10.452 I  PeachCommander[17600:e29f] [com.apple.iconservices:foundation] layer data size zero
2026-09-14 12:57:10.452 I  PeachCommander[17600:e296] [com.apple.AppKit:Image] ISImage reported a placeholder, image rep is providing a placeholder image for <private>
2026-09-14 12:57:10.458 I  PeachCommander[17600:e296] [com.apple.AppKit:Image] ISImage reported a placeholder, image rep is providing a placeholder image for <private>
2026-09-14 12:57:10.458 I  PeachCommander[17600:e296] [com.apple.AppKit:Image] ISImage reported a placeholder, image rep is providing a placeholder image for <private>
2026-09-14 12:57:10.458 I  PeachCommander[17600:e2ab] [com.apple.iconservices:foundation] layer data size zero
2026-09-14 12:57:10.459 I  PeachCommander[17600:e296] [com.apple.AppKit:Image] ISImage reported a placeholder, image rep is providing a placeholder image for <private>
2026-09-14 12:57:10.459 I  PeachCommander[17600:e29f] [com.apple.iconservices:foundation] layer data size zero
2026-09-14 12:57:10.459 I  PeachCommander[17600:e296] [com.apple.AppKit:Image] ISImage reported a placeholder, image rep is providing a placeholder image for <private>
2026-09-14 12:57:10.460 I  PeachCommander[17600:e296] [com.apple.iconservices:foundation] layer data size zero
2026-09-14 12:57:10.461 I  PeachCommander[17600:e296] [com.apple.iconservices:foundation] layer data size zero
2026-09-14 12:57:10.462 I  PeachCommander[17600:e296] [com.apple.AppKit:Image] ISImage reported a placeholder, image rep is providing a placeholder image for <private>
2026-09-14 12:57:10.463 I  PeachCommander[17600:e296] [com.apple.AppKit:Image] ISImage reported a placeholder, image rep is providing a placeholder image for <private>
2026-09-14 12:57:10.463 I  PeachCommander[17600:e296] [com.apple.iconservices:foundation] layer data size zero
2026-09-14 12:57:10.463 I  PeachCommander[17600:e296] [com.apple.iconservices:foundation] layer data size zero
2026-09-14 12:57:10.463 I  PeachCommander[17600:e296] [com.apple.AppKit:Image] ISImage reported a placeholder, image rep is providing a placeholder image for <private>
2026-09-14 12:57:10.464 I  PeachCommander[17600:e296] [com.apple.AppKit:Image] ISImage reported a placeholder, image rep is providing a placeholder image for <private>
2026-09-14 12:57:10.465 I  PeachCommander[17600:e296] [com.apple.AppKit:Image] ISImage reported a placeholder, image rep is providing a placeholder image for <private>
2026-09-14 12:57:10.465 I  PeachCommander[17600:e296] [com.apple.AppKit:Image] ISImage reported a placeholder, image rep is providing a placeholder image for <private>
2026-09-14 12:57:10.472 I  PeachCommander[17600:e296] [com.apple.iconservices:foundation] layer data size zero
2026-09-14 12:57:10.473 I  PeachCommander[17600:e296] [com.apple.iconservices:foundation] layer data size zero
2026-09-14 12:57:10.473 I  PeachCommander[17600:e296] [com.apple.iconservices:foundation] layer data size zero
2026-09-14 12:57:10.474 I  PeachCommander[17600:e296] [com.apple.iconservices:foundation] layer data size zero
2026-09-14 12:57:11.246 Df PeachCommander[17600:e296] (Foundation) <private>
2026-09-14 12:57:11.246 I  PeachCommander[17600:e296] [com.peachcommander:PCFoundation] [automation] > treevisible panel|1
2026-09-14 12:57:11.249 E  PeachCommander[17600:e296] [com.apple.CarbonCore:FileIDMap] FileIDTreeGetVRefNumForDevice(-1805902841) returned -36
2026-09-14 12:57:11.257 Df PeachCommander[17600:e296] (Foundation) <private>
2026-09-14 12:57:11.257 I  PeachCommander[17600:e296] [com.peachcommander:PCFoundation] [automation] > wait 800
2026-09-14 12:57:12.105 Df PeachCommander[17600:e296] (Foundation) <private>
2026-09-14 12:57:12.105 I  PeachCommander[17600:e296] [com.peachcommander:PCFoundation] [automation] > previewpanel on
2026-09-14 12:57:12.105 Df PeachCommander[17600:e296] (Foundation) <private>
2026-09-14 12:57:12.105 I  PeachCommander[17600:e296] [com.peachcommander:PCFoundation] [automation] > wait 1000
2026-09-14 12:57:13.177 Df PeachCommander[17600:e296] (Foundation) <private>
2026-09-14 12:57:13.177 I  PeachCommander[17600:e296] [com.peachcommander:PCFoundation] [automation] > presentview plugin.git.panel
2026-09-14 12:57:13.245 Df PeachCommander[17600:e296] (Foundation) <private>
2026-09-14 12:57:13.245 I  PeachCommander[17600:e296] [com.peachcommander:PCFoundation] [automation] > wait 1500
2026-09-14 12:57:14.795 Df PeachCommander[17600:e296] (Foundation) <private>
2026-09-14 12:57:14.796 I  PeachCommander[17600:e296] [com.peachcommander:PCFoundation] [automation] > dock on
2026-09-14 12:57:14.796 Df PeachCommander[17600:e296] (Foundation) <private>
2026-09-14 12:57:14.796 I  PeachCommander[17600:e296] [com.peachcommander:PCFoundation] [automation] > wait 2500
2026-09-14 12:57:14.798 Df PeachCommander[17600:e29e] [com.apple.xpc:connection] [0xcb5f77700] activating connection: mach=false listener=false peer=false name=com.apple.TextInputUI.xpc.CursorUIViewService
2026-09-14 12:57:14.798 Df PeachCommander[17600:e29e] [com.apple.xpc:connection] [0xcb5f77700] invalidated after the last release of the connection object
2026-09-14 12:57:14.798 Df PeachCommander[17600:e296] [com.apple.xpc:connection] [0xcb5f77840] activating connection: mach=false listener=false peer=false name=(anonymous)
2026-09-14 12:57:14.798 Df PeachCommander[17600:e296] [com.apple.xpc:connection] [0xcb5f77700] activating connection: mach=false listener=false peer=false name=(anonymous)
2026-09-14 12:57:14.813 Df PeachCommander[17600:e296] [com.apple.TextInputUI:CursorUI] -[TUINSCursorUIController activate:]_block_invoke: Create CursorUIViewService: TUINSRemoteViewController
2026-09-14 12:57:14.813 Df PeachCommander[17600:e296] [com.apple.xpc:connection] [0xcb69be1c0] invalidated because the current process cancelled the connection by calling xpc_connection_cancel()
2026-09-14 12:57:14.813 Df PeachCommander[17600:e296] [com.apple.xpc:connection] [0xcb69be6c0] invalidated because the current process cancelled the connection by calling xpc_connection_cancel()
2026-09-14 12:57:14.813 E  PeachCommander[17600:e296] [com.apple.TextInputUI:CursorUI] ViewBridge to RemoteViewService Terminated: Error Domain=com.apple.ViewBridge Code=18 UserInfo={com.apple.ViewBridge.error.hint=this process disconnected remote view controller -- benign unless unexpected, com.apple.ViewBridge.error.description=NSViewBridgeErrorCanceled}
2026-09-14 12:57:14.898 I  PeachCommander[17600:e296] [com.apple.SafariPlatformSupport:SafariPlatformSupport] -[SFSafariPlatformSupport credentialSelected:] with nil credential
2026-09-14 12:57:14.898 I  PeachCommander[17600:e296] [com.apple.SafariPlatformSupport:SafariPlatformSupport] -[SFSafariPlatformSupport oneTimeCodeSelected:] with nil code
2026-09-14 12:57:17.361 Df PeachCommander[17600:e296] (Foundation) <private>
2026-09-14 12:57:17.361 I  PeachCommander[17600:e296] [com.peachcommander:PCFoundation] [automation] > settingspage Layout
2026-09-14 12:57:17.362 Df PeachCommander[17600:e296] (Foundation) <private>
2026-09-14 12:57:17.362 I  PeachCommander[17600:e296] [com.peachcommander:PCFoundation] [automation] > wait 2500
2026-09-14 12:57:17.364 A  PeachCommander[17600:e296] (Security) SecItemCopyMatching
2026-09-14 12:57:17.364 A  PeachCommander[17600:e296] (Security) SecItemCopyMatching_ios
2026-09-14 12:57:17.364 Df PeachCommander[17600:e296] [com.apple.securityd:secitemratelimit] Not internal release, disabling SIRL
2026-09-14 12:57:17.364 Df PeachCommander[17600:e296] [com.apple.securityd:thread-local-client-debug] SecSecurityClientGet new thread!
2026-09-14 12:57:17.364 Df PeachCommander[17600:e296] [com.apple.securityd:keychain] Enabling System Keychain Always due to platform
2026-09-14 12:57:17.364 Df PeachCommander[17600:e296] [com.apple.xpc:connection] [0xcb5f77980] activating connection: mach=true listener=false peer=false name=com.apple.securityd.xpc
2026-09-14 12:57:17.365 A  PeachCommander[17600:e296] (CoreFoundation) Loading Preferences From System CFPrefsD
2026-09-14 12:57:17.366 Df PeachCommander[17600:e296] [com.apple.securityd:MDSStaticDatabase] [updateDataBases]: Databases already exist; Nothing to Update
2026-09-14 12:57:17.405 I  PeachCommander[17600:e296] [com.apple.AppKit:Window] context (0 -> e30d235b) for window 379
2026-09-14 12:57:17.447 I  PeachCommander[17600:e296] [com.apple.CFPasteboard:entry] CopyData('DefaultAsciiKeyboardLayoutPasteboard' (<CFUUID 0xcb6eea140> C9ADBB07-017C-44C1-873B-012ADE3FBA9E) gen: -1 item: 1264739405 flavor: 'DefaultAsciiKeyboardLayoutFlavor')
2026-09-14 12:57:17.447 I  PeachCommander[17600:e296] [com.apple.CFPasteboard:exit] (not-in-cache) - result: -8 generation: 0 null data flags: 0
2026-09-14 12:57:17.454 I  PeachCommander[17600:e296] [com.apple.AppKit:Window] order window front conditionally: 379 related: 0
2026-09-14 12:57:17.455 I  PeachCommander[17600:e296] [com.apple.AppKit:Window] order window front conditionally: 379 related: 0
2026-09-14 12:57:17.557 I  PeachCommander[17600:e296] [com.apple.SafariPlatformSupport:SafariPlatformSupport] -[SFSafariPlatformSupport credentialSelected:] with nil credential
2026-09-14 12:57:17.557 I  PeachCommander[17600:e296] [com.apple.SafariPlatformSupport:SafariPlatformSupport] -[SFSafariPlatformSupport oneTimeCodeSelected:] with nil code
2026-09-14 12:57:17.623 I  PeachCommander[17600:e29f] [com.apple.AppKit:WindowTab] Indexing 2 items
2026-09-14 12:57:17.623 A  PeachCommander[17600:e29f] (CoreSpotlight) end-index-batch
2026-09-14 12:57:17.623 A  PeachCommander[17600:e29f] (CoreSpotlight) index-items
2026-09-14 12:57:17.623 Df PeachCommander[17600:e2ac] [com.apple.corespotlight:index] CSInlineDonation:<private>: Skipping donation (feature flag disabled)
2026-09-14 12:57:17.624 Df PeachCommander[17600:e2ac] [com.apple.corespotlight:index] CSInlineDonation:<private>: Skipping donation (feature flag disabled)
2026-09-14 12:57:19.415 Df PeachCommander[17600:e2ac] [com.apple.launchservices:default] LSExceptions shared instance invalidated for timeout.
2026-09-14 12:57:20.015 Df PeachCommander[17600:e296] (Foundation) <private>
2026-09-14 12:57:20.015 I  PeachCommander[17600:e296] [com.peachcommander:PCFoundation] [automation] > surfacecolors /Users/admin/surfaces.txt
2026-09-14 12:57:20.015 Df PeachCommander[17600:e296] [com.apple.AppKit:Appearance] Invalidate NSApp effectiveAppearance
2026-09-14 12:57:20.018 Df PeachCommander[17600:e296] [com.apple.AppKit:Appearance] NSApp cache appearance:
-NSRequiresAquaSystemAppearance: 0
-appearance: <NSCompositeAppearance: 0xcb6c6c820
 (
    "<NSAquaAppearance: 0xcb6c6c460>",
    "<NSSystemAppearance: 0xcb6c6c780>"
)>
-effectiveAppearance: <NSCompositeAppearance: 0xcb6c6c820
 (
    "<NSAquaAppearance: 0xcb6c6c460>",
    "<NSSystemAppearance: 0xcb6c6c780>"
)>
2026-09-14 12:57:20.059 I  PeachCommander[17600:e296] [com.peachcommander:PCFoundation] Theme applied: id=light, appearance=dark, dark=false, background=#FFFFFF
2026-09-14 12:57:20.099 I  PeachCommander[17600:e296] [com.apple.AppKit:Image] ISImage reported a placeholder, image rep is providing a placeholder image for <private>
2026-09-14 12:57:20.099 I  PeachCommander[17600:e296] [com.apple.AppKit:Image] ISImage reported a placeholder, image rep is providing a placeholder image for <private>
2026-09-14 12:57:20.100 I  PeachCommander[17600:e296] [com.apple.AppKit:Image] ISImage reported a placeholder, image rep is providing a placeholder image for <private>
2026-09-14 12:57:20.100 I  PeachCommander[17600:e296] [com.apple.AppKit:Image] ISImage reported a placeholder, image rep is providing a placeholder image for <private>
2026-09-14 12:57:20.101 I  PeachCommander[17600:e296] [com.apple.AppKit:Image] ISImage reported a placeholder, image rep is providing a placeholder image for <private>
2026-09-14 12:57:20.101 I  PeachCommander[17600:e296] [com.apple.AppKit:Image] ISImage reported a placeholder, image rep is providing a placeholder image for <private>
2026-09-14 12:57:20.102 I  PeachCommander[17600:e296] [com.apple.AppKit:Image] ISImage reported a placeholder, image rep is providing a placeholder image for <private>
2026-09-14 12:57:20.102 I  PeachCommander[17600:e296] [com.apple.AppKit:Image] ISImage reported a placeholder, image rep is providing a placeholder image for <private>
2026-09-14 12:57:20.103 I  PeachCommander[17600:e296] [com.apple.AppKit:Image] ISImage reported a placeholder, image rep is providing a placeholder image for <private>
2026-09-14 12:57:20.103 I  PeachCommander[17600:e296] [com.apple.AppKit:Image] ISImage reported a placeholder, image rep is providing a placeholder image for <private>
2026-09-14 12:57:20.104 I  PeachCommander[17600:e296] [com.apple.AppKit:Image] ISImage reported a placeholder, image rep is providing a placeholder image for <private>
2026-09-14 12:57:20.105 I  PeachCommander[17600:e296] [com.apple.AppKit:Image] ISImage reported a placeholder, image rep is providing a placeholder image for <private>
2026-09-14 12:57:20.163 I  PeachCommander[17600:e29f] [com.apple.iconservices:foundation] layer data size zero
2026-09-14 12:57:20.178 I  PeachCommander[17600:e296] [com.apple.inputAnalytics.client:IATextInputActions] initWithAnalyticsMetadataObserver service
2026-09-14 12:57:20.178 Df PeachCommander[17600:e296] [com.apple.TextInputUI:CursorUI] -[TUINSCursorUIController scheduleUpdateCursorLocation]
2026-09-14 12:57:20.179 Df PeachCommander[17600:e296] [com.apple.TextInputUI:CursorUI] -[TUINSCursorUIController scheduleUpdateCursorLocation]
2026-09-14 12:57:20.192 Df PeachCommander[17600:e296] [com.apple.cache_delete:client] CacheDeleteCopyAvailableSpaceForVolume ENTRY, volume: /
2026-09-14 12:57:20.192 Df PeachCommander[17600:e296] [com.apple.cache_delete:client] <private> role: 64
2026-09-14 12:57:20.192 Df PeachCommander[17600:e296] [com.apple.cache_delete:client] <private> role: 64
2026-09-14 12:57:20.192 Df PeachCommander[17600:e296] [com.apple.cache_delete:client] <private> role: 64
2026-09-14 12:57:20.192 Df PeachCommander[17600:e296] [com.apple.cache_delete:client] <private> role: 64
2026-09-14 12:57:20.192 Df PeachCommander[17600:e296] [com.apple.cache_delete:client] <private> role: 64
2026-09-14 12:57:20.192 Df PeachCommander[17600:e296] [com.apple.cache_delete:client] <private> role: 64
2026-09-14 12:57:20.192 Df PeachCommander[17600:e296] [com.apple.cache_delete:client] <private> role: 64
2026-09-14 12:57:20.192 Df PeachCommander[17600:e296] [com.apple.cache_delete:client] <private> role: 64
2026-09-14 12:57:20.192 Df PeachCommander[17600:e296] [com.apple.cache_delete:client] <private> role: 64
2026-09-14 12:57:20.192 Df PeachCommander[17600:e296] [com.apple.cache_delete:client] CacheDeleteCopyAvailableSpaceForVolume ENTRY, volume: <CacheDeleteVolume> at: /System/Volumes/Data [/dev/disk2s5 : apfs] freespace: 17523757056 (17.52 GB), initialFreespace: 17523757056 (17.52 GB), used: 10787151872 (10.79 GB), total size: 49475674112 (49.48 GB)
2026-09-14 12:57:20.192 Df PeachCommander[17600:e296] [com.apple.cache_delete:client] <private> role: 64
2026-09-14 12:57:20.192 Df PeachCommander[17600:e296] [com.apple.cache_delete:client] <private> role: 64
2026-09-14 12:57:20.192 Df PeachCommander[17600:e296] [com.apple.cache_delete:client] <private> role: 64
2026-09-14 12:57:20.192 Df PeachCommander[17600:e296] [com.apple.cache_delete:client] getSiblings: finding volumes that belong to <private>
2026-09-14 12:57:20.193 Df PeachCommander[17600:e296] [com.apple.cache_delete:client] GetAPFSVolumeRole error for <private>
2026-09-14 12:57:20.193 Df PeachCommander[17600:e296] [com.apple.cache_delete:client] <private> role: 8
2026-09-14 12:57:20.193 Df PeachCommander[17600:e296] [com.apple.cache_delete:client] <private> role: 16
2026-09-14 12:57:20.193 Df PeachCommander[17600:e296] [com.apple.cache_delete:client] <private> role: 192
2026-09-14 12:57:20.193 Df PeachCommander[17600:e296] [com.apple.cache_delete:client] <private> role: 256
2026-09-14 12:57:20.193 Df PeachCommander[17600:e296] [com.apple.cache_delete:client] <private> role: 16
2026-09-14 12:57:20.193 Df PeachCommander[17600:e296] [com.apple.cache_delete:client] <private> role: 320
2026-09-14 12:57:20.193 Df PeachCommander[17600:e296] [com.apple.cache_delete:client] <private> role: 64
2026-09-14 12:57:20.193 Df PeachCommander[17600:e296] [com.apple.cache_delete:client] <private> role: 0
2026-09-14 12:57:20.193 Df PeachCommander[17600:e296] [com.apple.cache_delete:client] <private> role: 0
2026-09-14 12:57:20.193 Df PeachCommander[17600:e296] [com.apple.cache_delete:client] GetAPFSVolumeRole error for <private>
2026-09-14 12:57:20.193 Df PeachCommander[17600:e296] [com.apple.cache_delete:client] <private> role: 64
2026-09-14 12:57:20.193 Df PeachCommander[17600:e296] [com.apple.cache_delete:client] getSiblings: adding <private> <private>
2026-09-14 12:57:20.193 Df PeachCommander[17600:e296] [com.apple.cache_delete:client] multi volume:
2026-09-14 12:57:20.193 Df PeachCommander[17600:e296] [com.apple.cache_delete:client] <private>
2026-09-14 12:57:20.193 Df PeachCommander[17600:e296] [com.apple.cache_delete:client] <private> role: 64
2026-09-14 12:57:20.193 Df PeachCommander[17600:e296] [com.apple.xpc:connection] [0xcb5500dc0] activating connection: mach=true listener=false peer=false name=com.apple.cache_delete.public
2026-09-14 12:57:20.197 Df PeachCommander[17600:e296] [com.apple.cache_delete:client] got a compatible version
2026-09-14 12:57:20.197 Df PeachCommander[17600:e296] [com.apple.cache_delete:client] <private> role: 64
2026-09-14 12:57:20.197 Df PeachCommander[17600:e296] [com.apple.cache_delete:client] <private> role: 64
2026-09-14 12:57:20.197 Df PeachCommander[17600:e296] [com.apple.cache_delete:client] <private> role: 64
2026-09-14 12:57:20.197 Df PeachCommander[17600:e296] [com.apple.cache_delete:client] <private> role: 64
2026-09-14 12:57:20.197 Df PeachCommander[17600:e296] [com.apple.cache_delete:client] getSiblings: finding volumes that belong to <private>
2026-09-14 12:57:20.197 Df PeachCommander[17600:e296] [com.apple.cache_delete:client] GetAPFSVolumeRole error for <private>
2026-09-14 12:57:20.197 Df PeachCommander[17600:e296] [com.apple.cache_delete:client] <private> role: 8
2026-09-14 12:57:20.197 Df PeachCommander[17600:e296] [com.apple.cache_delete:client] <private> role: 16
2026-09-14 12:57:20.197 Df PeachCommander[17600:e296] [com.apple.cache_delete:client] <private> role: 192
2026-09-14 12:57:20.197 Df PeachCommander[17600:e296] [com.apple.cache_delete:client] <private> role: 256
2026-09-14 12:57:20.197 Df PeachCommander[17600:e296] [com.apple.cache_delete:client] <private> role: 16
2026-09-14 12:57:20.197 Df PeachCommander[17600:e296] [com.apple.cache_delete:client] <private> role: 320
2026-09-14 12:57:20.197 Df PeachCommander[17600:e296] [com.apple.cache_delete:client] <private> role: 64
2026-09-14 12:57:20.197 Df PeachCommander[17600:e296] [com.apple.cache_delete:client] <private> role: 0
2026-09-14 12:57:20.197 Df PeachCommander[17600:e296] [com.apple.cache_delete:client] <private> role: 0
2026-09-14 12:57:20.197 Df PeachCommander[17600:e296] [com.apple.cache_delete:client] GetAPFSVolumeRole error for <private>
2026-09-14 12:57:20.197 Df PeachCommander[17600:e296] [com.apple.cache_delete:client] <private> role: 64
2026-09-14 12:57:20.197 Df PeachCommander[17600:e296] [com.apple.cache_delete:client] getSiblings: adding <private> <private>
2026-09-14 12:57:20.197 Df PeachCommander[17600:e296] [com.apple.cache_delete:client] multi volume:
2026-09-14 12:57:20.197 Df PeachCommander[17600:e296] [com.apple.cache_delete:client] <private>
2026-09-14 12:57:20.197 Df PeachCommander[17600:e296] [com.apple.cache_delete:client] <private> role: 64
2026-09-14 12:57:20.197 Df PeachCommander[17600:e296] [com.apple.cache_delete:client] <private> role: 64
2026-09-14 12:57:20.197 Df PeachCommander[17600:e296] [com.apple.cache_delete:client] <private> role: 64
2026-09-14 12:57:20.197 Df PeachCommander[17600:e296] [com.apple.cache_delete:client] <private> role: 64
2026-09-14 12:57:20.197 Df PeachCommander[17600:e296] [com.apple.cache_delete:client] <private> role: 64
2026-09-14 12:57:20.197 Df PeachCommander[17600:e296] [com.apple.cache_delete:client] <private> role: 64
2026-09-14 12:57:20.197 Df PeachCommander[17600:e296] [com.apple.cache_delete:client] <private> role: 64
2026-09-14 12:57:20.197 Df PeachCommander[17600:e296] [com.apple.cache_delete:client] CacheDeleteVolume effective_size: <private> container size: <private>, effective size: <private>
2026-09-14 12:57:20.197 Df PeachCommander[17600:e296] [com.apple.cache_delete:client] <private> role: 64
2026-09-14 12:57:20.198 Df PeachCommander[17600:e296] [com.apple.cache_delete:client] <private> role: 64
2026-09-14 12:57:20.198 Df PeachCommander[17600:e296] [com.apple.cache_delete:client] <private> role: 64
2026-09-14 12:57:20.198 Df PeachCommander[17600:e296] [com.apple.cache_delete:client] 380 CDRecentVolumeInfo _recentInfoAtUrgency, volume: /System/Volumes/Data, urgency: 3, result:
2026-09-14 12:57:20.198 Df PeachCommander[17600:e296] [com.apple.cache_delete:client] com.apple.osanalytics.user.cachedelete : 0
2026-09-14 12:57:20.198 Df PeachCommander[17600:e296] [com.apple.cache_delete:client] com.apple.PODCAST : 0
2026-09-14 12:57:20.198 Df PeachCommander[17600:e296] [com.apple.cache_delete:client] com.apple.quicklook.ThumbnailsAgent.CacheDelete : 0
2026-09-14 12:57:20.198 Df PeachCommander[17600:e296] [com.apple.cache_delete:client] com.apple.cloudd.cache-delete : 0
2026-09-14 12:57:20.198 Df PeachCommander[17600:e296] [com.apple.cache_delete:client] com.apple.triald.cache-delete : 0
2026-09-14 12:57:20.198 Df PeachCommander[17600:e296] [com.apple.cache_delete:client] com.apple.VIDEO : 0
2026-09-14 12:57:20.198 Df PeachCommander[17600:e296] [com.apple.cache_delete:client] com.apple.TMCacheDelete : 0
2026-09-14 12:57:20.198 Df PeachCommander[17600:e296] [com.apple.cache_delete:client] com.apple.mobileassetd.cache-delete : 7000000
2026-09-14 12:57:20.198 Df PeachCommander[17600:e296] [com.apple.cache_delete:client] CACHE_DELETE_SHARED_PURGEABLE : 524128256
2026-09-14 12:57:20.198 Df PeachCommander[17600:e296] [com.apple.cache_delete:client] com.apple.metadata.mds.cachedelete : 0
2026-09-14 12:57:20.198 Df PeachCommander[17600:e296] [com.apple.cache_delete:client] com.apple.cloudd.system.cache-delete : 0
2026-09-14 12:57:20.198 Df PeachCommander[17600:e296] [com.apple.cache_delete:client] com.apple.ibooks.CacheDeleteExtension : 0
2026-09-14 12:57:20.198 Df PeachCommander[17600:e296] [com.apple.cache_delete:client] com.apple.geod.cachedelete : 0
2026-09-14 12:57:20.198 Df PeachCommander[17600:e296] [com.apple.cache_delete:client] com.apple.corespotlightd.cachedelete : 0
2026-09-14 12:57:20.198 Df PeachCommander[17600:e296] [com.apple.cache_delete:client] com.apple.spotlightknowledged.updater.cachedelete : 0
2026-09-14 12:57:20.198 Df PeachCommander[17600:e296] [com.apple.cache_delete:client] com.apple.AssetCache.builtin.CacheDelete : 73728
2026-09-14 12:57:20.198 Df PeachCommander[17600:e296] [com.apple.cache_delete:client] com.apple.Music.MusicCacheExtension : 0
2026-09-14 12:57:20.198 Df PeachCommander[17600:e296] [com.apple.cache_delete:client] CACHE_DELETE_VOLUME : /System/Volumes/Data
2026-09-14 12:57:20.198 Df PeachCommander[17600:e296] [com.apple.cache_delete:client] com.apple.cache_delete_orphan_dir_handler : 0
2026-09-14 12:57:20.198 Df PeachCommander[17600:e296] [com.apple.cache_delete:client] com.apple.MailCacheDelete : 0
2026-09-14 12:57:20.198 Df PeachCommander[17600:e296] [com.apple.cache_delete:client] com.apple.TV.TVCacheExtension : 0
2026-09-14 12:57:20.198 Df PeachCommander[17600:e296] [com.apple.cache_delete:client] com.apple.appstoreagent.CacheDelete : 0
2026-09-14 12:57:20.198 Df PeachCommander[17600:e296] [com.apple.cache_delete:client] com.apple.replayd-cache-delete : 64
2026-09-14 12:57:20.198 Df PeachCommander[17600:e296] [com.apple.cache_delete:client] com.apple.triald.system.cache-delete : 0
2026-09-14 12:57:20.198 Df PeachCommander[17600:e296] [com.apple.cache_delete:client] com.apple.MOVIE : 0
2026-09-14 12:57:20.198 Df PeachCommander[17600:e296] [com.apple.cache_delete:client] com.apple.MUSIC : 0
2026-09-14 12:57:20.198 Df PeachCommander[17600:e296] [com.apple.cache_delete:client] com.apple.logd.cachedelete : 0
2026-09-14 12:57:20.198 Df PeachCommander[17600:e296] [com.apple.cache_delete:client] com.apple.Safari.CacheDeleteExtension : 0
2026-09-14 12:57:20.198 Df PeachCommander[17600:e296] [com.apple.cache_delete:client] com.apple.FileProvider.cache-delete : 0
2026-09-14 12:57:20.198 Df PeachCommander[17600:e296] [com.apple.cache_delete:client] CACHE_DELETE_NAME_MAP: {
2026-09-14 12:57:20.198 Df PeachCommander[17600:e296] [com.apple.cache_delete:client] com.apple.PODCAST : {
    "CACHE_DELETE_PROCNAME" = "";
    "CACHE_DELETE_SIGNING_ID" = "com.apple.deleted_helper";
}
2026-09-14 12:57:20.198 Df PeachCommander[17600:e296] [com.apple.cache_delete:client] com.apple.quicklook.ThumbnailsAgent.CacheDelete : {
    "CACHE_DELETE_PROCNAME" = "com.apple.quicklook.ThumbnailsA";
    "CACHE_DELETE_SIGNING_ID" = "com.apple.quicklook.ThumbnailsAgent";
}
2026-09-14 12:57:20.198 Df PeachCommander[17600:e296] [com.apple.cache_delete:client] com.apple.cloudd.cache-delete : {
    "CACHE_DELETE_PROCNAME" = cloudd;
    "CACHE_DELETE_SIGNING_ID" = "com.apple.cloudd";
}
2026-09-14 12:57:20.198 Df PeachCommander[17600:e296] [com.apple.cache_delete:client] com.apple.triald.cache-delete : {
    "CACHE_DELETE_PROCNAME" = triald;
    "CACHE_DELETE_SIGNING_ID" = "com.apple.triald";
}
2026-09-14 12:57:20.198 Df PeachCommander[17600:e296] [com.apple.cache_delete:client] com.apple.VIDEO : {
    "CACHE_DELETE_PROCNAME" = "";
    "CACHE_DELETE_SIGNING_ID" = "com.apple.deleted_helper";
}
2026-09-14 12:57:20.198 Df PeachCommander[17600:e296] [com.apple.cache_delete:client] com.apple.TMCacheDelete : {
    "CACHE_DELETE_PROCNAME" = "";
    "CACHE_DELETE_SIGNING_ID" = "com.apple.backupd-helper";
}
2026-09-14 12:57:20.198 Df PeachCommander[17600:e296] [com.apple.cache_delete:client] com.apple.mobileassetd.cache-delete : {
    "CACHE_DELETE_PROCNAME" = "";
    "CACHE_DELETE_SIGNING_ID" = "com.apple.mobileassetd";
}
2026-09-14 12:57:20.198 Df PeachCommander[17600:e296] [com.apple.cache_delete:client] com.apple.metadata.mds.cachedelete : {
    "CACHE_DELETE_PROCNAME" = "";
    "CACHE_DELETE_SIGNING_ID" = "com.apple.mds";
}
2026-09-14 12:57:20.198 Df PeachCommander[17600:e296] [com.apple.cache_delete:client] com.apple.cloudd.system.cache-delete : {
    "CACHE_DELETE_PROCNAME" = "";
    "CACHE_DELETE_SIGNING_ID" = "com.apple.cloudd";
}
2026-09-14 12:57:20.198 Df PeachCommander[17600:e296] [com.apple.cache_delete:client] com.apple.ibooks.CacheDeleteExtension : {
    "CACHE_DELETE_PROCNAME" = "";
    "CACHE_DELETE_SIGNING_ID" = "com.apple.deleted_helper";
}
2026-09-14 12:57:20.198 Df PeachCommander[17600:e296] [com.apple.cache_delete:client] com.apple.geod.cachedelete : {
    "CACHE_DELETE_PROCNAME" = geodMachServiceBridge;
    "CACHE_DELETE_SIGNING_ID" = "com.apple.geodMachServiceBridge";
}
2026-09-14 12:57:20.198 Df PeachCommander[17600:e296] [com.apple.cache_delete:client] com.apple.corespotlightd.cachedelete : {
    "CACHE_DELETE_PROCNAME" = corespotlightd;
    "CACHE_DELETE_SIGNING_ID" = "com.apple.corespotlightd";
}
2026-09-14 12:57:20.198 Df PeachCommander[17600:e296] [com.apple.cache_delete:client] com.apple.spotlightknowledged.updater.cachedelete : {
    "CACHE_DELETE_PROCNAME" = "spotlightknowledged.updater";
    "CACHE_DELETE_SIGNING_ID" = "com.apple.spotlightknowledged.updater";
}
2026-09-14 12:57:20.198 Df PeachCommander[17600:e296] [com.apple.cache_delete:client] com.apple.AssetCache.builtin.CacheDelete : {
    "CACHE_DELETE_PROCNAME" = "";
    "CACHE_DELETE_SIGNING_ID" = "com.apple.AssetCache";
}
2026-09-14 12:57:20.198 Df PeachCommander[17600:e296] [com.apple.cache_delete:client] com.apple.Music.MusicCacheExtension : {
    "CACHE_DELETE_PROCNAME" = MusicCacheExtension;
    "CACHE_DELETE_SIGNING_ID" = "com.apple.Music.MusicCacheExtension";
}
2026-09-14 12:57:20.198 Df PeachCommander[17600:e296] [com.apple.cache_delete:client] com.apple.cache_delete_orphan_dir_handler : {
    "CACHE_DELETE_PROCNAME" = "";
    "CACHE_DELETE_SIGNING_ID" = "com.apple.deleted_helper";
}
2026-09-14 12:57:20.198 Df PeachCommander[17600:e296] [com.apple.cache_delete:client] com.apple.MailCacheDelete : {
    "CACHE_DELETE_PROCNAME" = MailCacheDelete;
    "CACHE_DELETE_SIGNING_ID" = "com.apple.MailCacheDelete";
}
2026-09-14 12:57:20.198 Df PeachCommander[17600:e296] [com.apple.cache_delete:client] com.apple.TV.TVCacheExtension : {
    "CACHE_DELETE_PROCNAME" = TVCacheExtension;
    "CACHE_DELETE_SIGNING_ID" = "com.apple.TV.TVCacheExtension";
}
2026-09-14 12:57:20.198 Df PeachCommander[17600:e296] [com.apple.cache_delete:client] com.apple.appstoreagent.CacheDelete : {
    "CACHE_DELETE_PROCNAME" = appstoreagent;
    "CACHE_DELETE_SIGNING_ID" = "com.apple.appstoreagent";
}
2026-09-14 12:57:20.198 Df PeachCommander[17600:e296] [com.apple.cache_delete:client] com.apple.replayd-cache-delete : {
    "CACHE_DELETE_PROCNAME" = replayd;
    "CACHE_DELETE_SIGNING_ID" = "com.apple.replayd";
}
2026-09-14 12:57:20.198 Df PeachCommander[17600:e296] [com.apple.cache_delete:client] com.apple.triald.system.cache-delete : {
    "CACHE_DELETE_PROCNAME" = "";
    "CACHE_DELETE_SIGNING_ID" = "com.apple.triald.system";
}
2026-09-14 12:57:20.198 Df PeachCommander[17600:e296] [com.apple.cache_delete:client] com.apple.MOVIE : {
    "CACHE_DELETE_PROCNAME" = "";
    "CACHE_DELETE_SIGNING_ID" = "com.apple.deleted_helper";
}
2026-09-14 12:57:20.198 Df PeachCommander[17600:e296] [com.apple.cache_delete:client] com.apple.MUSIC : {
    "CACHE_DELETE_PROCNAME" = "";
    "CACHE_DELETE_SIGNING_ID" = "com.apple.deleted_helper";
}
2026-09-14 12:57:20.198 Df PeachCommander[17600:e296] [com.apple.cache_delete:client] com.apple.logd.cachedelete : {
    "CACHE_DELETE_PROCNAME" = "";
    "CACHE_DELETE_SIGNING_ID" = "com.apple.logd";
}
2026-09-14 12:57:20.198 Df PeachCommander[17600:e296] [com.apple.cache_delete:client] com.apple.Safari.CacheDeleteExtension : {
    "CACHE_DELETE_PROCNAME" = CacheDeleteExtension;
    "CACHE_DELETE_SIGNING_ID" = "com.apple.Safari.CacheDeleteExtension";
}
2026-09-14 12:57:20.198 Df PeachCommander[17600:e296] [com.apple.cache_delete:client] com.apple.FileProvider.cache-delete : {
    "CACHE_DELETE_PROCNAME" = fileproviderd;
    "CACHE_DELETE_SIGNING_ID" = "com.apple.fileproviderd";
}
2026-09-14 12:57:20.198 Df PeachCommander[17600:e296] [com.apple.cache_delete:client] com.apple.imagent.cache-delete_fspurgeable : {
    "CACHE_DELETE_PROCNAME" = "";
    "CACHE_DELETE_SIGNING_ID" = "com.apple.deleted_helper";
}
2026-09-14 12:57:20.198 Df PeachCommander[17600:e296] [com.apple.cache_delete:client] com.apple.fspurgeable_document : {
    "CACHE_DELETE_PROCNAME" = "";
    "CACHE_DELETE_SIGNING_ID" = "com.apple.deleted_helper";
}
2026-09-14 12:57:20.198 Df PeachCommander[17600:e296] [com.apple.cache_delete:client] com.apple.system_installd.CacheDelete : {
    "CACHE_DELETE_PROCNAME" = "";
    "CACHE_DELETE_SIGNING_ID" = "com.apple.system_installd";
}
2026-09-14 12:57:20.198 Df PeachCommander[17600:e296] [com.apple.cache_delete:client] com.apple.MAIL : {
    "CACHE_DELETE_PROCNAME" = "";
    "CACHE_DELETE_SIGNING_ID" = "com.apple.deleted_helper";
}
2026-09-14 12:57:20.198 Df PeachCommander[17600:e296] [com.apple.cache_delete:client] com.apple.installd.CacheDelete : {
    "CACHE_DELETE_PROCNAME" = "";
    "CACHE_DELETE_SIGNING_ID" = "com.apple.installd";
}
2026-09-14 12:57:20.198 Df PeachCommander[17600:e296] [com.apple.cache_delete:client] com.apple.photolibraryd.cacheDelete : {
    "CACHE_DELETE_PROCNAME" = "";
    "CACHE_DELETE_SIGNING_ID" = "com.apple.deleted_helper";
}
2026-09-14 12:57:20.198 Df PeachCommander[17600:e296] [com.apple.cache_delete:client] com.apple.deleted_helper : {
    "CACHE_DELETE_PROCNAME" = "";
    "CACHE_DELETE_SIGNING_ID" = "com.apple.deleted_helper";
}
2026-09-14 12:57:20.198 Df PeachCommander[17600:e296] [com.apple.cache_delete:client] com.apple.fspurgeable_data : {
    "CACHE_DELETE_PROCNAME" = "";
    "CACHE_DELETE_SIGNING_ID" = "com.apple.deleted_helper";
}
2026-09-14 12:57:20.198 Df PeachCommander[17600:e296] [com.apple.cache_delete:client] com.apple.osanalytics.user.cachedelete : {
    "CACHE_DELETE_PROCNAME" = "diagnostics_agent";
    "CACHE_DELETE_SIGNING_ID" = "com.apple.diagnostics_agent";
}
2026-09-14 12:57:20.198 Df PeachCommander[17600:e296] [com.apple.cache_delete:client] }
2026-09-14 12:57:20.198 Df PeachCommander[17600:e296] [com.apple.cache_delete:client] com.apple.imagent.cache-delete_fspurgeable : 0
2026-09-14 12:57:20.198 Df PeachCommander[17600:e296] [com.apple.cache_delete:client] CACHE_DELETE_NONPURGEABLE_AMOUNT : 0
2026-09-14 12:57:20.198 Df PeachCommander[17600:e296] [com.apple.cache_delete:client] com.apple.fspurgeable_document : 65536
2026-09-14 12:57:20.198 Df PeachCommander[17600:e296] [com.apple.cache_delete:client] com.apple.system_installd.CacheDelete : 0
2026-09-14 12:57:20.198 Df PeachCommander[17600:e296] [com.apple.cache_delete:client] CACHE_DELETE_TOTAL_AVAILABLE : 524128256
2026-09-14 12:57:20.198 Df PeachCommander[17600:e296] [com.apple.cache_delete:client] com.apple.MAIL : 0
2026-09-14 12:57:20.198 Df PeachCommander[17600:e296] [com.apple.cache_delete:client] com.apple.installd.CacheDelete : 0
2026-09-14 12:57:20.198 Df PeachCommander[17600:e296] [com.apple.cache_delete:client] com.apple.deleted_helper : 488329216
2026-09-14 12:57:20.198 Df PeachCommander[17600:e296] [com.apple.cache_delete:client] com.apple.photolibraryd.cacheDelete : 0
2026-09-14 12:57:20.198 Df PeachCommander[17600:e296] [com.apple.cache_delete:client] com.apple.fspurgeable_data : 488263680
2026-09-14 12:57:20.198 Df PeachCommander[17600:e296] [com.apple.cache_delete:client] com.apple.cache_delete_app_container_caches : 28725248
2026-09-14 12:57:20.198 Df PeachCommander[17600:e296] [com.apple.cache_delete:client] got volinfo for <private>
2026-09-14 12:57:20.198 Df PeachCommander[17600:e296] [com.apple.cache_delete:client] <private> role: 64
2026-09-14 12:57:20.198 Df PeachCommander[17600:e296] [com.apple.cache_delete:client] <private> role: 64
2026-09-14 12:57:20.198 Df PeachCommander[17600:e296] [com.apple.cache_delete:client] <<<Query Result from daemon cache (u: 3, ET: 0.0008906666666666667): "/System/Volumes/Data : 524.13 MB"
2026-09-14 12:57:20.198 Df PeachCommander[17600:e296] [com.apple.cache_delete:client] com.apple.fspurgeable_data : 488263680
2026-09-14 12:57:20.198 Df PeachCommander[17600:e296] [com.apple.cache_delete:client] com.apple.cache_delete_app_container_caches : 28725248
2026-09-14 12:57:20.198 Df PeachCommander[17600:e296] [com.apple.cache_delete:client] com.apple.quicklook.ThumbnailsAgent.CacheDelete : 0
2026-09-14 12:57:20.198 Df PeachCommander[17600:e296] [com.apple.cache_delete:client] com.apple.cloudd.cache-delete : 0
2026-09-14 12:57:20.198 Df PeachCommander[17600:e296] [com.apple.cache_delete:client] com.apple.triald.cache-delete : 0
2026-09-14 12:57:20.198 Df PeachCommander[17600:e296] [com.apple.cache_delete:client] com.apple.VIDEO : 0
2026-09-14 12:57:20.198 Df PeachCommander[17600:e296] [com.apple.cache_delete:client] CACHE_DELETE_ELAPSED_TIME : 0.0008906666666666667
2026-09-14 12:57:20.198 Df PeachCommander[17600:e296] [com.apple.cache_delete:client] com.apple.TMCacheDelete : 0
2026-09-14 12:57:20.198 Df PeachCommander[17600:e296] [com.apple.cache_delete:client] com.apple.mobileassetd.cache-delete : 7000000
2026-09-14 12:57:20.198 Df PeachCommander[17600:e296] [com.apple.cache_delete:client] CACHE_DELETE_SHARED_PURGEABLE : 524128256
2026-09-14 12:57:20.198 Df PeachCommander[17600:e296] [com.apple.cache_delete:client] com.apple.metadata.mds.cachedelete : 0
2026-09-14 12:57:20.198 Df PeachCommander[17600:e296] [com.apple.cache_delete:client] com.apple.cloudd.system.cache-delete : 0
2026-09-14 12:57:20.198 Df PeachCommander[17600:e296] [com.apple.cache_delete:client] com.apple.ibooks.CacheDeleteExtension : 0
2026-09-14 12:57:20.198 Df PeachCommander[17600:e296] [com.apple.cache_delete:client] com.apple.geod.cachedelete : 0
2026-09-14 12:57:20.198 Df PeachCommander[17600:e296] [com.apple.cache_delete:client] com.apple.corespotlightd.cachedelete : 0
2026-09-14 12:57:20.198 Df PeachCommander[17600:e296] [com.apple.cache_delete:client] CACHE_DELETE_TOTAL_FSPURGEABLE : 488329216
2026-09-14 12:57:20.198 Df PeachCommander[17600:e296] [com.apple.cache_delete:client] com.apple.spotlightknowledged.updater.cachedelete : 0
2026-09-14 12:57:20.198 Df PeachCommander[17600:e296] [com.apple.cache_delete:client] com.apple.AssetCache.builtin.CacheDelete : 73728
2026-09-14 12:57:20.198 Df PeachCommander[17600:e296] [com.apple.cache_delete:client] com.apple.Music.MusicCacheExtension : 0
2026-09-14 12:57:20.198 Df PeachCommander[17600:e296] [com.apple.cache_delete:client] CACHE_DELETE_VOLUME : /System/Volumes/Data
2026-09-14 12:57:20.198 Df PeachCommander[17600:e296] [com.apple.cache_delete:client] com.apple.cache_delete_orphan_dir_handler : 0
2026-09-14 12:57:20.198 Df PeachCommander[17600:e296] [com.apple.cache_delete:client] com.apple.MailCacheDelete : 0
2026-09-14 12:57:20.198 Df PeachCommander[17600:e296] [com.apple.cache_delete:client] com.apple.TV.TVCacheExtension : 0
2026-09-14 12:57:20.198 Df PeachCommander[17600:e296] [com.apple.cache_delete:client] com.apple.appstoreagent.CacheDelete : 0
2026-09-14 12:57:20.198 Df PeachCommander[17600:e296] [com.apple.cache_delete:client] com.apple.replayd-cache-delete : 64
2026-09-14 12:57:20.198 Df PeachCommander[17600:e296] [com.apple.cache_delete:client] com.apple.triald.system.cache-delete : 0
2026-09-14 12:57:20.198 Df PeachCommander[17600:e296] [com.apple.cache_delete:client] com.apple.MOVIE : 0
2026-09-14 12:57:20.198 Df PeachCommander[17600:e296] [com.apple.cache_delete:client] com.apple.MUSIC : 0
2026-09-14 12:57:20.198 Df PeachCommander[17600:e296] [com.apple.cache_delete:client] com.apple.logd.cachedelete : 0
2026-09-14 12:57:20.198 Df PeachCommander[17600:e296] [com.apple.cache_delete:client] com.apple.Safari.CacheDeleteExtension : 0
2026-09-14 12:57:20.198 Df PeachCommander[17600:e296] [com.apple.cache_delete:client] com.apple.FileProvider.cache-delete : 0
2026-09-14 12:57:20.198 Df PeachCommander[17600:e296] [com.apple.cache_delete:client] CACHE_DELETE_NAME_MAP : {
    "com.apple.AssetCache.builtin.CacheDelete" =     {
        "CACHE_DELETE_PROCNAME" = "";
        "CACHE_DELETE_SIGNING_ID" = "com.apple.AssetCache";
    };
    "com.apple.FileProvider.cache-delete" =     {
        "CACHE_DELETE_PROCNAME" = fileproviderd;
        "CACHE_DELETE_SIGNING_ID" = "com.apple.fileproviderd";
    };
    "com.apple.MAIL" =     {
        "CACHE_DELETE_PROCNAME" = "";
        "CACHE_DELETE_SIGNING_ID" = "com.apple.deleted_helper";
    };
    "com.apple.MOVIE" =     {
        "CACHE_DELETE_PROCNAME" = "";
        "CACHE_DELETE_SIGNING_ID" = "com.apple.deleted_helper";
    };
    "com.apple.MUSIC" =     {
        "CACHE_DELETE_PROCNAME" = "";
        "CACHE_DELETE_SIGNING_ID" = "com.apple.deleted_helper";
    };
    "com.apple.MailCacheDelete" =     {
        "CACHE_DELETE_PROCNAME" = MailCacheDelete;
        "CACHE_DELETE_SIGNING_ID" = "com.apple.MailCacheDelete";
    };
    "com.apple.Music.MusicCacheExtension" =     {
        "CACHE_DELETE_PROCN
2026-09-14 12:57:20.198 Df PeachCommander[17600:e296] [com.apple.cache_delete:client] CACHE_DELETE_NONPURGEABLE_AMOUNT : 0
2026-09-14 12:57:20.198 Df PeachCommander[17600:e296] [com.apple.cache_delete:client] com.apple.imagent.cache-delete_fspurgeable : 0
2026-09-14 12:57:20.198 Df PeachCommander[17600:e296] [com.apple.cache_delete:client] com.apple.fspurgeable_document : 65536
2026-09-14 12:57:20.198 Df PeachCommander[17600:e296] [com.apple.cache_delete:client] CACHE_DELETE_FREESPACE : 17523757056
2026-09-14 12:57:20.198 Df PeachCommander[17600:e296] [com.apple.cache_delete:client] com.apple.system_installd.CacheDelete : 0
2026-09-14 12:57:20.198 Df PeachCommander[17600:e296] [com.apple.cache_delete:client] CACHE_DELETE_TOTAL_AVAILABLE : 524128256
2026-09-14 12:57:20.198 Df PeachCommander[17600:e296] [com.apple.cache_delete:client] com.apple.PODCAST : 0
2026-09-14 12:57:20.198 Df PeachCommander[17600:e296] [com.apple.cache_delete:client] com.apple.MAIL : 0
2026-09-14 12:57:20.198 Df PeachCommander[17600:e296] [com.apple.cache_delete:client] com.apple.osanalytics.user.cachedelete : 0
2026-09-14 12:57:20.198 Df PeachCommander[17600:e296] [com.apple.cache_delete:client] com.apple.installd.CacheDelete : 0
2026-09-14 12:57:20.198 Df PeachCommander[17600:e296] [com.apple.cache_delete:client] com.apple.photolibraryd.cacheDelete : 0
2026-09-14 12:57:20.198 Df PeachCommander[17600:e296] [com.apple.cache_delete:client] Query Result>>> 524128256 bytes on: "/System/Volumes/Data".
2026-09-14 12:57:20.198 Df PeachCommander[17600:e296] [com.apple.xpc:connection] [0xcb5500dc0] invalidated because the current process cancelled the connection by calling xpc_connection_cancel()
2026-09-14 12:57:20.198 Df PeachCommander[17600:e296] [com.apple.cache_delete:client] <private> role: 64
2026-09-14 12:57:20.198 Df PeachCommander[17600:e296] [com.apple.cache_delete:client] 701 publicClientAvailableSpaceForVolume kCacheDeleteAvailableSpaceClassEssential 18047885312 (18.05 GB) = freespace 17523757056 + purgeableSpace: 524128256
2026-09-14 12:57:20.198 Df PeachCommander[17600:e296] [com.apple.cache_delete:client] <private> role: 64
2026-09-14 12:57:20.198 Df PeachCommander[17600:e296] [com.apple.cache_delete:client] <private> role: 64
2026-09-14 12:57:20.198 Df PeachCommander[17600:e296] [com.apple.cache_delete:client] <private> role: 64
2026-09-14 12:57:20.198 Df PeachCommander[17600:e296] [com.apple.cache_delete:client] <private> role: 64
2026-09-14 12:57:20.198 Df PeachCommander[17600:e296] [com.apple.cache_delete:client] <private> role: 64
2026-09-14 12:57:20.198 Df PeachCommander[17600:e296] [com.apple.cache_delete:client] <private> role: 64
2026-09-14 12:57:20.198 Df PeachCommander[17600:e296] [com.apple.cache_delete:client] <private> role: 64
2026-09-14 12:57:20.198 Df PeachCommander[17600:e296] [com.apple.cache_delete:client] CacheDeleteCopyAvailableSpaceForVolume: <CacheDeleteVolume> at: /System/Volumes/Data [/dev/disk2s5 : apfs] freespace: 17523757056 (17.52 GB), initialFreespace: 17523757056 (17.52 GB), used: 10787151872 (10.79 GB), total size: 49475674112 (49.48 GB)
2026-09-14 12:57:20.198 Df PeachCommander[17600:e296] [com.apple.cache_delete:client] CacheDeleteCopyAvailableSpaceForVolume result: 18047885312
2026-09-14 12:57:20.215 Df PeachCommander[17600:e296] [com.apple.AppKit:Appearance] Invalidate NSApp effectiveAppearance
2026-09-14 12:57:20.216 Df PeachCommander[17600:e296] [com.apple.AppKit:Appearance] NSApp cache appearance:
-NSRequiresAquaSystemAppearance: 0
-appearance: <NSCompositeAppearance: 0xcb6c6d9a0
 (
    "<NSDarkAquaAppearance: 0xcb6c6da40>",
    "<NSSystemAppearance: 0xcb6c6c780>"
)>
-effectiveAppearance: <NSCompositeAppearance: 0xcb6c6d9a0
 (
    "<NSDarkAquaAppearance: 0xcb6c6da40>",
    "<NSSystemAppearance: 0xcb6c6c780>"
)>
2026-09-14 12:57:20.220 I  PeachCommander[17600:e2ac] [com.apple.iconservices:foundation] layer data size zero
2026-09-14 12:57:20.238 I  PeachCommander[17600:e296] [com.peachcommander:PCFoundation] Theme applied: id=dark, appearance=dark, dark=true, background=#333333
2026-09-14 12:57:20.277 I  PeachCommander[17600:e296] [com.apple.AppKit:Image] ISImage reported a placeholder, image rep is providing a placeholder image for <private>
2026-09-14 12:57:20.277 I  PeachCommander[17600:e296] [com.apple.AppKit:Image] ISImage reported a placeholder, image rep is providing a placeholder image for <private>
2026-09-14 12:57:20.277 I  PeachCommander[17600:e3d0] [com.apple.iconservices:foundation] layer data size zero
2026-09-14 12:57:20.278 I  PeachCommander[17600:e296] [com.apple.AppKit:Image] ISImage reported a placeholder, image rep is providing a placeholder image for <private>
2026-09-14 12:57:20.278 I  PeachCommander[17600:e296] [com.apple.AppKit:Image] ISImage reported a placeholder, image rep is providing a placeholder image for <private>
2026-09-14 12:57:20.278 I  PeachCommander[17600:e3d0] [com.apple.iconservices:foundation] layer data size zero
2026-09-14 12:57:20.279 I  PeachCommander[17600:e296] [com.apple.AppKit:Image] ISImage reported a placeholder, image rep is providing a placeholder image for <private>
2026-09-14 12:57:20.279 I  PeachCommander[17600:e296] [com.apple.AppKit:Image] ISImage reported a placeholder, image rep is providing a placeholder image for <private>
2026-09-14 12:57:20.280 I  PeachCommander[17600:e296] [com.apple.AppKit:Image] ISImage reported a placeholder, image rep is providing a placeholder image for <private>
2026-09-14 12:57:20.280 I  PeachCommander[17600:e296] [com.apple.AppKit:Image] ISImage reported a placeholder, image rep is providing a placeholder image for <private>
2026-09-14 12:57:20.282 I  PeachCommander[17600:e296] [com.apple.AppKit:Image] ISImage reported a placeholder, image rep is providing a placeholder image for <private>
2026-09-14 12:57:20.282 I  PeachCommander[17600:e296] [com.apple.AppKit:Image] ISImage reported a placeholder, image rep is providing a placeholder image for <private>
2026-09-14 12:57:20.283 I  PeachCommander[17600:e33b] [com.apple.iconservices:foundation] layer data size zero
2026-09-14 12:57:20.283 I  PeachCommander[17600:e296] [com.apple.AppKit:Image] ISImage reported a placeholder, image rep is providing a placeholder image for <private>
2026-09-14 12:57:20.283 I  PeachCommander[17600:e296] [com.apple.AppKit:Image] ISImage reported a placeholder, image rep is providing a placeholder image for <private>
2026-09-14 12:57:20.283 I  PeachCommander[17600:e29e] [com.apple.iconservices:foundation] layer data size zero
2026-09-14 12:57:20.284 I  PeachCommander[17600:e33b] [com.apple.iconservices:foundation] layer data size zero
2026-09-14 12:57:20.284 I  PeachCommander[17600:e364] [com.apple.iconservices:foundation] layer data size zero
2026-09-14 12:57:20.285 I  PeachCommander[17600:e33b] [com.apple.iconservices:foundation] layer data size zero
2026-09-14 12:57:20.350 I  PeachCommander[17600:e3bd] [com.apple.iconservices:foundation] layer data size zero
2026-09-14 12:57:20.352 I  PeachCommander[17600:e3be] [com.apple.iconservices:foundation] layer data size zero
2026-09-14 12:57:20.387 I  PeachCommander[17600:e3bf] [com.apple.iconservices:foundation] layer data size zero
2026-09-14 12:57:20.402 I  PeachCommander[17600:e296] [com.peachcommander:PCFoundation] Theme applied: id=midnight, appearance=dark, dark=true, background=#101020
2026-09-14 12:57:20.421 I  PeachCommander[17600:e3c0] [com.apple.iconservices:foundation] layer data size zero
2026-09-14 12:57:20.434 I  PeachCommander[17600:e296] [com.apple.AppKit:Image] ISImage reported a placeholder, image rep is providing a placeholder image for <private>
2026-09-14 12:57:20.434 I  PeachCommander[17600:e296] [com.apple.AppKit:Image] ISImage reported a placeholder, image rep is providing a placeholder image for <private>
2026-09-14 12:57:20.435 I  PeachCommander[17600:e296] [com.apple.AppKit:Image] ISImage reported a placeholder, image rep is providing a placeholder image for <private>
2026-09-14 12:57:20.435 I  PeachCommander[17600:e296] [com.apple.AppKit:Image] ISImage reported a placeholder, image rep is providing a placeholder image for <private>
2026-09-14 12:57:20.437 I  PeachCommander[17600:e296] [com.apple.AppKit:Image] ISImage reported a placeholder, image rep is providing a placeholder image for <private>
2026-09-14 12:57:20.438 I  PeachCommander[17600:e296] [com.apple.AppKit:Image] ISImage reported a placeholder, image rep is providing a placeholder image for <private>
2026-09-14 12:57:20.455 I  PeachCommander[17600:e3c1] [com.apple.iconservices:foundation] layer data size zero
2026-09-14 12:57:20.456 I  PeachCommander[17600:e3c2] [com.apple.iconservices:foundation] layer data size zero
2026-09-14 12:57:20.456 I  PeachCommander[17600:e3c3] [com.apple.iconservices:foundation] layer data size zero
2026-09-14 12:57:20.456 I  PeachCommander[17600:e3c4] [com.apple.iconservices:foundation] layer data size zero
2026-09-14 12:57:20.457 I  PeachCommander[17600:e3c5] [com.apple.iconservices:foundation] layer data size zero
2026-09-14 12:57:20.491 I  PeachCommander[17600:e3c6] [com.apple.iconservices:foundation] layer data size zero
2026-09-14 12:57:20.546 I  PeachCommander[17600:e296] [com.peachcommander:PCFoundation] Theme applied: id=norton, appearance=dark, dark=true, background=#0000AA
2026-09-14 12:57:20.694 I  PeachCommander[17600:e296] [com.peachcommander:PCFoundation] Theme applied: id=system, appearance=dark, dark=true, background=#333333
2026-09-14 12:57:20.695 Df PeachCommander[17600:e296] (Foundation) <private>
2026-09-14 12:57:20.695 I  PeachCommander[17600:e296] [com.peachcommander:PCFoundation] [automation] > wait 1200
2026-09-14 12:57:20.796 Df PeachCommander[17600:e29f] [com.apple.cache_delete:client] CacheDeleteCopyAvailableSpaceForVolume ENTRY, volume: /
2026-09-14 12:57:20.797 Df PeachCommander[17600:e29f] [com.apple.cache_delete:client] <private> role: 64
2026-09-14 12:57:20.797 Df PeachCommander[17600:e29f] [com.apple.cache_delete:client] <private> role: 64
2026-09-14 12:57:20.797 Df PeachCommander[17600:e29f] [com.apple.cache_delete:client] <private> role: 64
2026-09-14 12:57:20.797 Df PeachCommander[17600:e29f] [com.apple.cache_delete:client] <private> role: 64
2026-09-14 12:57:20.797 Df PeachCommander[17600:e29f] [com.apple.cache_delete:client] <private> role: 64
2026-09-14 12:57:20.797 Df PeachCommander[17600:e29f] [com.apple.cache_delete:client] <private> role: 64
2026-09-14 12:57:20.797 Df PeachCommander[17600:e29f] [com.apple.cache_delete:client] <private> role: 64
2026-09-14 12:57:20.797 Df PeachCommander[17600:e29f] [com.apple.cache_delete:client] <private> role: 64
2026-09-14 12:57:20.797 Df PeachCommander[17600:e29f] [com.apple.cache_delete:client] <private> role: 64
2026-09-14 12:57:20.797 Df PeachCommander[17600:e29f] [com.apple.cache_delete:client] CacheDeleteCopyAvailableSpaceForVolume ENTRY, volume: <CacheDeleteVolume> at: /System/Volumes/Data [/dev/disk2s5 : apfs] freespace: 17523752960 (17.52 GB), initialFreespace: 17523752960 (17.52 GB), used: 10787155968 (10.79 GB), total size: 49475674112 (49.48 GB)
2026-09-14 12:57:20.797 Df PeachCommander[17600:e29f] [com.apple.cache_delete:client] <private> role: 64
2026-09-14 12:57:20.797 Df PeachCommander[17600:e29f] [com.apple.cache_delete:client] <private> role: 64
2026-09-14 12:57:20.797 Df PeachCommander[17600:e29f] [com.apple.cache_delete:client] <private> role: 64
2026-09-14 12:57:20.797 Df PeachCommander[17600:e29f] [com.apple.cache_delete:client] getSiblings: finding volumes that belong to <private>
2026-09-14 12:57:20.797 Df PeachCommander[17600:e29f] [com.apple.cache_delete:client] GetAPFSVolumeRole error for <private>
2026-09-14 12:57:20.797 Df PeachCommander[17600:e29f] [com.apple.cache_delete:client] <private> role: 8
2026-09-14 12:57:20.797 Df PeachCommander[17600:e29f] [com.apple.cache_delete:client] <private> role: 16
2026-09-14 12:57:20.797 Df PeachCommander[17600:e29f] [com.apple.cache_delete:client] <private> role: 192
2026-09-14 12:57:20.797 Df PeachCommander[17600:e29f] [com.apple.cache_delete:client] <private> role: 256
2026-09-14 12:57:20.797 Df PeachCommander[17600:e29f] [com.apple.cache_delete:client] <private> role: 16
2026-09-14 12:57:20.797 Df PeachCommander[17600:e29f] [com.apple.cache_delete:client] <private> role: 320
2026-09-14 12:57:20.797 Df PeachCommander[17600:e29f] [com.apple.cache_delete:client] <private> role: 64
2026-09-14 12:57:20.797 Df PeachCommander[17600:e29f] [com.apple.cache_delete:client] <private> role: 0
2026-09-14 12:57:20.797 Df PeachCommander[17600:e29f] [com.apple.cache_delete:client] <private> role: 0
2026-09-14 12:57:20.797 Df PeachCommander[17600:e29f] [com.apple.cache_delete:client] GetAPFSVolumeRole error for <private>
2026-09-14 12:57:20.797 Df PeachCommander[17600:e29f] [com.apple.cache_delete:client] <private> role: 64
2026-09-14 12:57:20.797 Df PeachCommander[17600:e29f] [com.apple.cache_delete:client] getSiblings: adding <private> <private>
2026-09-14 12:57:20.797 Df PeachCommander[17600:e29f] [com.apple.cache_delete:client] multi volume:
2026-09-14 12:57:20.797 Df PeachCommander[17600:e29f] [com.apple.cache_delete:client] <private>
2026-09-14 12:57:20.797 Df PeachCommander[17600:e29f] [com.apple.cache_delete:client] <private> role: 64
2026-09-14 12:57:20.797 Df PeachCommander[17600:e29f] [com.apple.cache_delete:client] <private> role: 64
2026-09-14 12:57:20.797 Df PeachCommander[17600:e29f] [com.apple.cache_delete:client] <private> role: 64
2026-09-14 12:57:20.797 Df PeachCommander[17600:e29f] [com.apple.cache_delete:client] <private> role: 64
2026-09-14 12:57:20.797 Df PeachCommander[17600:e29f] [com.apple.cache_delete:client] <private> role: 64
2026-09-14 12:57:20.797 Df PeachCommander[17600:e29f] [com.apple.cache_delete:client] <private> role: 64
2026-09-14 12:57:20.798 Df PeachCommander[17600:e29f] [com.apple.cache_delete:client] <private> role: 64
2026-09-14 12:57:20.798 Df PeachCommander[17600:e29f] [com.apple.cache_delete:client] <private> role: 64
2026-09-14 12:57:20.798 Df PeachCommander[17600:e29f] [com.apple.cache_delete:client] <private> role: 64
2026-09-14 12:57:20.798 Df PeachCommander[17600:e29f] [com.apple.cache_delete:client] CacheDeleteVolume effective_size: <private> container size: <private>, effective size: <private>
2026-09-14 12:57:20.798 Df PeachCommander[17600:e29f] [com.apple.cache_delete:client] <private> role: 64
2026-09-14 12:57:20.798 Df PeachCommander[17600:e29f] [com.apple.cache_delete:client] <private> role: 64
2026-09-14 12:57:20.798 Df PeachCommander[17600:e29f] [com.apple.cache_delete:client] <private> role: 64
2026-09-14 12:57:20.798 Df PeachCommander[17600:e29f] [com.apple.cache_delete:client] 380 CDRecentVolumeInfo _recentInfoAtUrgency, volume: /System/Volumes/Data, urgency: 3, result:
2026-09-14 12:57:20.798 Df PeachCommander[17600:e29f] [com.apple.cache_delete:client] com.apple.osanalytics.user.cachedelete : 0
2026-09-14 12:57:20.798 Df PeachCommander[17600:e29f] [com.apple.cache_delete:client] com.apple.PODCAST : 0
2026-09-14 12:57:20.798 Df PeachCommander[17600:e29f] [com.apple.cache_delete:client] com.apple.quicklook.ThumbnailsAgent.CacheDelete : 0
2026-09-14 12:57:20.798 Df PeachCommander[17600:e29f] [com.apple.cache_delete:client] com.apple.cloudd.cache-delete : 0
2026-09-14 12:57:20.798 Df PeachCommander[17600:e29f] [com.apple.cache_delete:client] com.apple.triald.cache-delete : 0
2026-09-14 12:57:20.798 Df PeachCommander[17600:e29f] [com.apple.cache_delete:client] com.apple.VIDEO : 0
2026-09-14 12:57:20.798 Df PeachCommander[17600:e29f] [com.apple.cache_delete:client] com.apple.TMCacheDelete : 0
2026-09-14 12:57:20.798 Df PeachCommander[17600:e29f] [com.apple.cache_delete:client] com.apple.mobileassetd.cache-delete : 7000000
2026-09-14 12:57:20.798 Df PeachCommander[17600:e29f] [com.apple.cache_delete:client] CACHE_DELETE_SHARED_PURGEABLE : 524128256
2026-09-14 12:57:20.798 Df PeachCommander[17600:e29f] [com.apple.cache_delete:client] com.apple.metadata.mds.cachedelete : 0
2026-09-14 12:57:20.798 Df PeachCommander[17600:e29f] [com.apple.cache_delete:client] com.apple.cloudd.system.cache-delete : 0
2026-09-14 12:57:20.798 Df PeachCommander[17600:e29f] [com.apple.cache_delete:client] com.apple.ibooks.CacheDeleteExtension : 0
2026-09-14 12:57:20.798 Df PeachCommander[17600:e29f] [com.apple.cache_delete:client] com.apple.geod.cachedelete : 0
2026-09-14 12:57:20.798 Df PeachCommander[17600:e29f] [com.apple.cache_delete:client] com.apple.corespotlightd.cachedelete : 0
2026-09-14 12:57:20.798 Df PeachCommander[17600:e29f] [com.apple.cache_delete:client] com.apple.spotlightknowledged.updater.cachedelete : 0
2026-09-14 12:57:20.798 Df PeachCommander[17600:e29f] [com.apple.cache_delete:client] com.apple.AssetCache.builtin.CacheDelete : 73728
2026-09-14 12:57:20.798 Df PeachCommander[17600:e29f] [com.apple.cache_delete:client] com.apple.Music.MusicCacheExtension : 0
2026-09-14 12:57:20.798 Df PeachCommander[17600:e29f] [com.apple.cache_delete:client] CACHE_DELETE_VOLUME : /System/Volumes/Data
2026-09-14 12:57:20.798 Df PeachCommander[17600:e29f] [com.apple.cache_delete:client] com.apple.cache_delete_orphan_dir_handler : 0
2026-09-14 12:57:20.798 Df PeachCommander[17600:e29f] [com.apple.cache_delete:client] com.apple.MailCacheDelete : 0
2026-09-14 12:57:20.798 Df PeachCommander[17600:e29f] [com.apple.cache_delete:client] com.apple.TV.TVCacheExtension : 0
2026-09-14 12:57:20.798 Df PeachCommander[17600:e29f] [com.apple.cache_delete:client] com.apple.appstoreagent.CacheDelete : 0
2026-09-14 12:57:20.798 Df PeachCommander[17600:e29f] [com.apple.cache_delete:client] com.apple.replayd-cache-delete : 64
2026-09-14 12:57:20.798 Df PeachCommander[17600:e29f] [com.apple.cache_delete:client] com.apple.triald.system.cache-delete : 0
2026-09-14 12:57:20.798 Df PeachCommander[17600:e29f] [com.apple.cache_delete:client] com.apple.MOVIE : 0
2026-09-14 12:57:20.798 Df PeachCommander[17600:e29f] [com.apple.cache_delete:client] com.apple.MUSIC : 0
2026-09-14 12:57:20.798 Df PeachCommander[17600:e29f] [com.apple.cache_delete:client] com.apple.logd.cachedelete : 0
2026-09-14 12:57:20.798 Df PeachCommander[17600:e29f] [com.apple.cache_delete:client] com.apple.Safari.CacheDeleteExtension : 0
2026-09-14 12:57:20.798 Df PeachCommander[17600:e29f] [com.apple.cache_delete:client] com.apple.FileProvider.cache-delete : 0
2026-09-14 12:57:20.798 Df PeachCommander[17600:e29f] [com.apple.cache_delete:client] CACHE_DELETE_NAME_MAP: {
2026-09-14 12:57:20.798 Df PeachCommander[17600:e29f] [com.apple.cache_delete:client] com.apple.PODCAST : {
    "CACHE_DELETE_PROCNAME" = "";
    "CACHE_DELETE_SIGNING_ID" = "com.apple.deleted_helper";
}
2026-09-14 12:57:20.798 Df PeachCommander[17600:e29f] [com.apple.cache_delete:client] com.apple.quicklook.ThumbnailsAgent.CacheDelete : {
    "CACHE_DELETE_PROCNAME" = "com.apple.quicklook.ThumbnailsA";
    "CACHE_DELETE_SIGNING_ID" = "com.apple.quicklook.ThumbnailsAgent";
}
2026-09-14 12:57:20.798 Df PeachCommander[17600:e29f] [com.apple.cache_delete:client] com.apple.cloudd.cache-delete : {
    "CACHE_DELETE_PROCNAME" = cloudd;
    "CACHE_DELETE_SIGNING_ID" = "com.apple.cloudd";
}
2026-09-14 12:57:20.798 Df PeachCommander[17600:e29f] [com.apple.cache_delete:client] com.apple.triald.cache-delete : {
    "CACHE_DELETE_PROCNAME" = triald;
    "CACHE_DELETE_SIGNING_ID" = "com.apple.triald";
}
2026-09-14 12:57:20.798 Df PeachCommander[17600:e29f] [com.apple.cache_delete:client] com.apple.VIDEO : {
    "CACHE_DELETE_PROCNAME" = "";
    "CACHE_DELETE_SIGNING_ID" = "com.apple.deleted_helper";
}
2026-09-14 12:57:20.798 Df PeachCommander[17600:e29f] [com.apple.cache_delete:client] com.apple.TMCacheDelete : {
    "CACHE_DELETE_PROCNAME" = "";
    "CACHE_DELETE_SIGNING_ID" = "com.apple.backupd-helper";
}
2026-09-14 12:57:20.798 Df PeachCommander[17600:e29f] [com.apple.cache_delete:client] com.apple.mobileassetd.cache-delete : {
    "CACHE_DELETE_PROCNAME" = "";
    "CACHE_DELETE_SIGNING_ID" = "com.apple.mobileassetd";
}
2026-09-14 12:57:20.798 Df PeachCommander[17600:e29f] [com.apple.cache_delete:client] com.apple.metadata.mds.cachedelete : {
    "CACHE_DELETE_PROCNAME" = "";
    "CACHE_DELETE_SIGNING_ID" = "com.apple.mds";
}
2026-09-14 12:57:20.798 Df PeachCommander[17600:e29f] [com.apple.cache_delete:client] com.apple.cloudd.system.cache-delete : {
    "CACHE_DELETE_PROCNAME" = "";
    "CACHE_DELETE_SIGNING_ID" = "com.apple.cloudd";
}
2026-09-14 12:57:20.798 Df PeachCommander[17600:e29f] [com.apple.cache_delete:client] com.apple.ibooks.CacheDeleteExtension : {
    "CACHE_DELETE_PROCNAME" = "";
    "CACHE_DELETE_SIGNING_ID" = "com.apple.deleted_helper";
}
2026-09-14 12:57:20.798 Df PeachCommander[17600:e29f] [com.apple.cache_delete:client] com.apple.geod.cachedelete : {
    "CACHE_DELETE_PROCNAME" = geodMachServiceBridge;
    "CACHE_DELETE_SIGNING_ID" = "com.apple.geodMachServiceBridge";
}
2026-09-14 12:57:20.798 Df PeachCommander[17600:e29f] [com.apple.cache_delete:client] com.apple.corespotlightd.cachedelete : {
    "CACHE_DELETE_PROCNAME" = corespotlightd;
    "CACHE_DELETE_SIGNING_ID" = "com.apple.corespotlightd";
}
2026-09-14 12:57:20.798 Df PeachCommander[17600:e29f] [com.apple.cache_delete:client] com.apple.spotlightknowledged.updater.cachedelete : {
    "CACHE_DELETE_PROCNAME" = "spotlightknowledged.updater";
    "CACHE_DELETE_SIGNING_ID" = "com.apple.spotlightknowledged.updater";
}
2026-09-14 12:57:20.798 Df PeachCommander[17600:e29f] [com.apple.cache_delete:client] com.apple.AssetCache.builtin.CacheDelete : {
    "CACHE_DELETE_PROCNAME" = "";
    "CACHE_DELETE_SIGNING_ID" = "com.apple.AssetCache";
}
2026-09-14 12:57:20.798 Df PeachCommander[17600:e29f] [com.apple.cache_delete:client] com.apple.Music.MusicCacheExtension : {
    "CACHE_DELETE_PROCNAME" = MusicCacheExtension;
    "CACHE_DELETE_SIGNING_ID" = "com.apple.Music.MusicCacheExtension";
}
2026-09-14 12:57:20.798 Df PeachCommander[17600:e29f] [com.apple.cache_delete:client] com.apple.cache_delete_orphan_dir_handler : {
    "CACHE_DELETE_PROCNAME" = "";
    "CACHE_DELETE_SIGNING_ID" = "com.apple.deleted_helper";
}
2026-09-14 12:57:20.798 Df PeachCommander[17600:e29f] [com.apple.cache_delete:client] com.apple.MailCacheDelete : {
    "CACHE_DELETE_PROCNAME" = MailCacheDelete;
    "CACHE_DELETE_SIGNING_ID" = "com.apple.MailCacheDelete";
}
2026-09-14 12:57:20.798 Df PeachCommander[17600:e29f] [com.apple.cache_delete:client] com.apple.TV.TVCacheExtension : {
    "CACHE_DELETE_PROCNAME" = TVCacheExtension;
    "CACHE_DELETE_SIGNING_ID" = "com.apple.TV.TVCacheExtension";
}
2026-09-14 12:57:20.798 Df PeachCommander[17600:e29f] [com.apple.cache_delete:client] com.apple.appstoreagent.CacheDelete : {
    "CACHE_DELETE_PROCNAME" = appstoreagent;
    "CACHE_DELETE_SIGNING_ID" = "com.apple.appstoreagent";
}
2026-09-14 12:57:20.798 Df PeachCommander[17600:e29f] [com.apple.cache_delete:client] com.apple.replayd-cache-delete : {
    "CACHE_DELETE_PROCNAME" = replayd;
    "CACHE_DELETE_SIGNING_ID" = "com.apple.replayd";
}
2026-09-14 12:57:20.798 Df PeachCommander[17600:e29f] [com.apple.cache_delete:client] com.apple.triald.system.cache-delete : {
    "CACHE_DELETE_PROCNAME" = "";
    "CACHE_DELETE_SIGNING_ID" = "com.apple.triald.system";
}
2026-09-14 12:57:20.798 Df PeachCommander[17600:e29f] [com.apple.cache_delete:client] com.apple.MOVIE : {
    "CACHE_DELETE_PROCNAME" = "";
    "CACHE_DELETE_SIGNING_ID" = "com.apple.deleted_helper";
}
2026-09-14 12:57:20.798 Df PeachCommander[17600:e29f] [com.apple.cache_delete:client] com.apple.MUSIC : {
    "CACHE_DELETE_PROCNAME" = "";
    "CACHE_DELETE_SIGNING_ID" = "com.apple.deleted_helper";
}
2026-09-14 12:57:20.798 Df PeachCommander[17600:e29f] [com.apple.cache_delete:client] com.apple.logd.cachedelete : {
    "CACHE_DELETE_PROCNAME" = "";
    "CACHE_DELETE_SIGNING_ID" = "com.apple.logd";
}
2026-09-14 12:57:20.798 Df PeachCommander[17600:e29f] [com.apple.cache_delete:client] com.apple.Safari.CacheDeleteExtension : {
    "CACHE_DELETE_PROCNAME" = CacheDeleteExtension;
    "CACHE_DELETE_SIGNING_ID" = "com.apple.Safari.CacheDeleteExtension";
}
2026-09-14 12:57:20.798 Df PeachCommander[17600:e29f] [com.apple.cache_delete:client] com.apple.FileProvider.cache-delete : {
    "CACHE_DELETE_PROCNAME" = fileproviderd;
    "CACHE_DELETE_SIGNING_ID" = "com.apple.fileproviderd";
}
2026-09-14 12:57:20.798 Df PeachCommander[17600:e29f] [com.apple.cache_delete:client] com.apple.imagent.cache-delete_fspurgeable : {
    "CACHE_DELETE_PROCNAME" = "";
    "CACHE_DELETE_SIGNING_ID" = "com.apple.deleted_helper";
}
2026-09-14 12:57:20.798 Df PeachCommander[17600:e29f] [com.apple.cache_delete:client] com.apple.fspurgeable_document : {
    "CACHE_DELETE_PROCNAME" = "";
    "CACHE_DELETE_SIGNING_ID" = "com.apple.deleted_helper";
}
2026-09-14 12:57:20.798 Df PeachCommander[17600:e29f] [com.apple.cache_delete:client] com.apple.system_installd.CacheDelete : {
    "CACHE_DELETE_PROCNAME" = "";
    "CACHE_DELETE_SIGNING_ID" = "com.apple.system_installd";
}
2026-09-14 12:57:20.798 Df PeachCommander[17600:e29f] [com.apple.cache_delete:client] com.apple.MAIL : {
    "CACHE_DELETE_PROCNAME" = "";
    "CACHE_DELETE_SIGNING_ID" = "com.apple.deleted_helper";
}
2026-09-14 12:57:20.798 Df PeachCommander[17600:e29f] [com.apple.cache_delete:client] com.apple.installd.CacheDelete : {
    "CACHE_DELETE_PROCNAME" = "";
    "CACHE_DELETE_SIGNING_ID" = "com.apple.installd";
}
2026-09-14 12:57:20.798 Df PeachCommander[17600:e29f] [com.apple.cache_delete:client] com.apple.photolibraryd.cacheDelete : {
    "CACHE_DELETE_PROCNAME" = "";
    "CACHE_DELETE_SIGNING_ID" = "com.apple.deleted_helper";
}
2026-09-14 12:57:20.798 Df PeachCommander[17600:e29f] [com.apple.cache_delete:client] com.apple.deleted_helper : {
    "CACHE_DELETE_PROCNAME" = "";
    "CACHE_DELETE_SIGNING_ID" = "com.apple.deleted_helper";
}
2026-09-14 12:57:20.798 Df PeachCommander[17600:e29f] [com.apple.cache_delete:client] com.apple.fspurgeable_data : {
    "CACHE_DELETE_PROCNAME" = "";
    "CACHE_DELETE_SIGNING_ID" = "com.apple.deleted_helper";
}
2026-09-14 12:57:20.798 Df PeachCommander[17600:e29f] [com.apple.cache_delete:client] com.apple.osanalytics.user.cachedelete : {
    "CACHE_DELETE_PROCNAME" = "diagnostics_agent";
    "CACHE_DELETE_SIGNING_ID" = "com.apple.diagnostics_agent";
}
2026-09-14 12:57:20.798 Df PeachCommander[17600:e29f] [com.apple.cache_delete:client] }
2026-09-14 12:57:20.798 Df PeachCommander[17600:e29f] [com.apple.cache_delete:client] com.apple.imagent.cache-delete_fspurgeable : 0
2026-09-14 12:57:20.798 Df PeachCommander[17600:e29f] [com.apple.cache_delete:client] CACHE_DELETE_NONPURGEABLE_AMOUNT : 0
2026-09-14 12:57:20.798 Df PeachCommander[17600:e29f] [com.apple.cache_delete:client] com.apple.fspurgeable_document : 65536
2026-09-14 12:57:20.798 Df PeachCommander[17600:e29f] [com.apple.cache_delete:client] com.apple.system_installd.CacheDelete : 0
2026-09-14 12:57:20.798 Df PeachCommander[17600:e29f] [com.apple.cache_delete:client] CACHE_DELETE_TOTAL_AVAILABLE : 524128256
2026-09-14 12:57:20.798 Df PeachCommander[17600:e29f] [com.apple.cache_delete:client] com.apple.MAIL : 0
2026-09-14 12:57:20.798 Df PeachCommander[17600:e29f] [com.apple.cache_delete:client] com.apple.installd.CacheDelete : 0
2026-09-14 12:57:20.798 Df PeachCommander[17600:e29f] [com.apple.cache_delete:client] com.apple.deleted_helper : 488329216
2026-09-14 12:57:20.798 Df PeachCommander[17600:e29f] [com.apple.cache_delete:client] com.apple.photolibraryd.cacheDelete : 0
2026-09-14 12:57:20.798 Df PeachCommander[17600:e29f] [com.apple.cache_delete:client] com.apple.fspurgeable_data : 488263680
2026-09-14 12:57:20.798 Df PeachCommander[17600:e29f] [com.apple.cache_delete:client] com.apple.cache_delete_app_container_caches : 28725248
2026-09-14 12:57:20.798 Df PeachCommander[17600:e29f] [com.apple.cache_delete:client] got volinfo for <private>
2026-09-14 12:57:20.798 Df PeachCommander[17600:e29f] [com.apple.cache_delete:client] <private> role: 64
2026-09-14 12:57:20.798 Df PeachCommander[17600:e29f] [com.apple.cache_delete:client] <<<Query Result from client cache (u: 3, ET: 0.0009653333333333332): "/System/Volumes/Data : 524.13 MB"
2026-09-14 12:57:20.798 Df PeachCommander[17600:e29f] [com.apple.cache_delete:client] com.apple.fspurgeable_data : 488263680
2026-09-14 12:57:20.798 Df PeachCommander[17600:e29f] [com.apple.cache_delete:client] com.apple.cache_delete_app_container_caches : 28725248
2026-09-14 12:57:20.798 Df PeachCommander[17600:e29f] [com.apple.cache_delete:client] com.apple.quicklook.ThumbnailsAgent.CacheDelete : 0
2026-09-14 12:57:20.798 Df PeachCommander[17600:e29f] [com.apple.cache_delete:client] com.apple.cloudd.cache-delete : 0
2026-09-14 12:57:20.798 Df PeachCommander[17600:e29f] [com.apple.cache_delete:client] com.apple.triald.cache-delete : 0
2026-09-14 12:57:20.798 Df PeachCommander[17600:e29f] [com.apple.cache_delete:client] com.apple.VIDEO : 0
2026-09-14 12:57:20.798 Df PeachCommander[17600:e29f] [com.apple.cache_delete:client] CACHE_DELETE_ELAPSED_TIME : 0.0009653333333333332
2026-09-14 12:57:20.798 Df PeachCommander[17600:e29f] [com.apple.cache_delete:client] com.apple.TMCacheDelete : 0
2026-09-14 12:57:20.798 Df PeachCommander[17600:e29f] [com.apple.cache_delete:client] com.apple.mobileassetd.cache-delete : 7000000
2026-09-14 12:57:20.798 Df PeachCommander[17600:e29f] [com.apple.cache_delete:client] CACHE_DELETE_SHARED_PURGEABLE : 524128256
2026-09-14 12:57:20.798 Df PeachCommander[17600:e29f] [com.apple.cache_delete:client] com.apple.metadata.mds.cachedelete : 0
2026-09-14 12:57:20.798 Df PeachCommander[17600:e29f] [com.apple.cache_delete:client] com.apple.cloudd.system.cache-delete : 0
2026-09-14 12:57:20.798 Df PeachCommander[17600:e29f] [com.apple.cache_delete:client] com.apple.ibooks.CacheDeleteExtension : 0
2026-09-14 12:57:20.798 Df PeachCommander[17600:e29f] [com.apple.cache_delete:client] com.apple.geod.cachedelete : 0
2026-09-14 12:57:20.798 Df PeachCommander[17600:e29f] [com.apple.cache_delete:client] com.apple.corespotlightd.cachedelete : 0
2026-09-14 12:57:20.798 Df PeachCommander[17600:e29f] [com.apple.cache_delete:client] CACHE_DELETE_TOTAL_FSPURGEABLE : 488329216
2026-09-14 12:57:20.798 Df PeachCommander[17600:e29f] [com.apple.cache_delete:client] com.apple.spotlightknowledged.updater.cachedelete : 0
2026-09-14 12:57:20.798 Df PeachCommander[17600:e29f] [com.apple.cache_delete:client] CACHE_DELETE_CACHED_RESULT : 1
2026-09-14 12:57:20.798 Df PeachCommander[17600:e29f] [com.apple.cache_delete:client] com.apple.AssetCache.builtin.CacheDelete : 73728
2026-09-14 12:57:20.798 Df PeachCommander[17600:e29f] [com.apple.cache_delete:client] com.apple.Music.MusicCacheExtension : 0
2026-09-14 12:57:20.798 Df PeachCommander[17600:e29f] [com.apple.cache_delete:client] CACHE_DELETE_VOLUME : /System/Volumes/Data
2026-09-14 12:57:20.798 Df PeachCommander[17600:e29f] [com.apple.cache_delete:client] com.apple.cache_delete_orphan_dir_handler : 0
2026-09-14 12:57:20.798 Df PeachCommander[17600:e29f] [com.apple.cache_delete:client] com.apple.MailCacheDelete : 0
2026-09-14 12:57:20.798 Df PeachCommander[17600:e29f] [com.apple.cache_delete:client] com.apple.TV.TVCacheExtension : 0
2026-09-14 12:57:20.798 Df PeachCommander[17600:e29f] [com.apple.cache_delete:client] com.apple.appstoreagent.CacheDelete : 0
2026-09-14 12:57:20.798 Df PeachCommander[17600:e29f] [com.apple.cache_delete:client] com.apple.replayd-cache-delete : 64
2026-09-14 12:57:20.798 Df PeachCommander[17600:e29f] [com.apple.cache_delete:client] com.apple.triald.system.cache-delete : 0
2026-09-14 12:57:20.798 Df PeachCommander[17600:e29f] [com.apple.cache_delete:client] com.apple.MOVIE : 0
2026-09-14 12:57:20.798 Df PeachCommander[17600:e29f] [com.apple.cache_delete:client] com.apple.MUSIC : 0
2026-09-14 12:57:20.798 Df PeachCommander[17600:e29f] [com.apple.cache_delete:client] com.apple.logd.cachedelete : 0
2026-09-14 12:57:20.798 Df PeachCommander[17600:e29f] [com.apple.cache_delete:client] com.apple.Safari.CacheDeleteExtension : 0
2026-09-14 12:57:20.798 Df PeachCommander[17600:e29f] [com.apple.cache_delete:client] com.apple.FileProvider.cache-delete : 0
2026-09-14 12:57:20.798 Df PeachCommander[17600:e29f] [com.apple.cache_delete:client] CACHE_DELETE_NAME_MAP : {
    "com.apple.AssetCache.builtin.CacheDelete" =     {
        "CACHE_DELETE_PROCNAME" = "";
        "CACHE_DELETE_SIGNING_ID" = "com.apple.AssetCache";
    };
    "com.apple.FileProvider.cache-delete" =     {
        "CACHE_DELETE_PROCNAME" = fileproviderd;
        "CACHE_DELETE_SIGNING_ID" = "com.apple.fileproviderd";
    };
    "com.apple.MAIL" =     {
        "CACHE_DELETE_PROCNAME" = "";
        "CACHE_DELETE_SIGNING_ID" = "com.apple.deleted_helper";
    };
    "com.apple.MOVIE" =     {
        "CACHE_DELETE_PROCNAME" = "";
        "CACHE_DELETE_SIGNING_ID" = "com.apple.deleted_helper";
    };
    "com.apple.MUSIC" =     {
        "CACHE_DELETE_PROCNAME" = "";
        "CACHE_DELETE_SIGNING_ID" = "com.apple.deleted_helper";
    };
    "com.apple.MailCacheDelete" =     {
        "CACHE_DELETE_PROCNAME" = MailCacheDelete;
        "CACHE_DELETE_SIGNING_ID" = "com.apple.MailCacheDelete";
    };
    "com.apple.Music.MusicCacheExtension" =     {
        "CACHE_DELETE_PROCN
2026-09-14 12:57:20.798 Df PeachCommander[17600:e29f] [com.apple.cache_delete:client] CACHE_DELETE_NONPURGEABLE_AMOUNT : 0
2026-09-14 12:57:20.798 Df PeachCommander[17600:e29f] [com.apple.cache_delete:client] com.apple.imagent.cache-delete_fspurgeable : 0
2026-09-14 12:57:20.798 Df PeachCommander[17600:e29f] [com.apple.cache_delete:client] com.apple.fspurgeable_document : 65536
2026-09-14 12:57:20.798 Df PeachCommander[17600:e29f] [com.apple.cache_delete:client] CACHE_DELETE_FREESPACE : 17523752960
2026-09-14 12:57:20.798 Df PeachCommander[17600:e29f] [com.apple.cache_delete:client] com.apple.system_installd.CacheDelete : 0
2026-09-14 12:57:20.798 Df PeachCommander[17600:e29f] [com.apple.cache_delete:client] CACHE_DELETE_TOTAL_AVAILABLE : 524128256
2026-09-14 12:57:20.798 Df PeachCommander[17600:e29f] [com.apple.cache_delete:client] com.apple.PODCAST : 0
2026-09-14 12:57:20.798 Df PeachCommander[17600:e29f] [com.apple.cache_delete:client] com.apple.MAIL : 0
2026-09-14 12:57:20.798 Df PeachCommander[17600:e29f] [com.apple.cache_delete:client] com.apple.osanalytics.user.cachedelete : 0
2026-09-14 12:57:20.798 Df PeachCommander[17600:e29f] [com.apple.cache_delete:client] com.apple.installd.CacheDelete : 0
2026-09-14 12:57:20.798 Df PeachCommander[17600:e29f] [com.apple.cache_delete:client] com.apple.photolibraryd.cacheDelete : 0
2026-09-14 12:57:20.798 Df PeachCommander[17600:e29f] [com.apple.cache_delete:client] Query Result>>> 524128256 bytes on: "/System/Volumes/Data".
2026-09-14 12:57:20.798 Df PeachCommander[17600:e29f] [com.apple.cache_delete:client] <private> role: 64
2026-09-14 12:57:20.798 Df PeachCommander[17600:e29f] [com.apple.cache_delete:client] 701 publicClientAvailableSpaceForVolume kCacheDeleteAvailableSpaceClassEssential 18047881216 (18.05 GB) = freespace 17523752960 + purgeableSpace: 524128256
2026-09-14 12:57:20.798 Df PeachCommander[17600:e29f] [com.apple.cache_delete:client] <private> role: 64
2026-09-14 12:57:20.798 Df PeachCommander[17600:e29f] [com.apple.cache_delete:client] <private> role: 64
2026-09-14 12:57:20.798 Df PeachCommander[17600:e29f] [com.apple.cache_delete:client] <private> role: 64
2026-09-14 12:57:20.798 Df PeachCommander[17600:e29f] [com.apple.cache_delete:client] <private> role: 64
2026-09-14 12:57:20.798 Df PeachCommander[17600:e29f] [com.apple.cache_delete:client] <private> role: 64
2026-09-14 12:57:20.798 Df PeachCommander[17600:e29f] [com.apple.cache_delete:client] <private> role: 64
2026-09-14 12:57:20.798 Df PeachCommander[17600:e29f] [com.apple.cache_delete:client] <private> role: 64
2026-09-14 12:57:20.798 Df PeachCommander[17600:e29f] [com.apple.cache_delete:client] CacheDeleteCopyAvailableSpaceForVolume: <CacheDeleteVolume> at: /System/Volumes/Data [/dev/disk2s5 : apfs] freespace: 17523752960 (17.52 GB), initialFreespace: 17523752960 (17.52 GB), used: 10787155968 (10.79 GB), total size: 49475674112 (49.48 GB)
2026-09-14 12:57:20.798 Df PeachCommander[17600:e29f] [com.apple.cache_delete:client] CacheDeleteCopyAvailableSpaceForVolume result: 18047881216
2026-09-14 12:57:20.828 I  PeachCommander[17600:e296] [com.apple.iconservices:foundation] layer data size zero
2026-09-14 12:57:20.829 I  PeachCommander[17600:e296] [com.apple.iconservices:foundation] layer data size zero
2026-09-14 12:57:20.831 I  PeachCommander[17600:e296] [com.apple.iconservices:foundation] layer data size zero
2026-09-14 12:57:20.832 I  PeachCommander[17600:e296] [com.apple.iconservices:foundation] layer data size zero
2026-09-14 12:57:20.931 I  PeachCommander[17600:e296] [com.apple.iconservices:foundation] layer data size zero
2026-09-14 12:57:20.931 I  PeachCommander[17600:e296] [com.apple.iconservices:foundation] layer data size zero
2026-09-14 12:57:20.933 I  PeachCommander[17600:e296] [com.apple.iconservices:foundation] layer data size zero
2026-09-14 12:57:20.933 I  PeachCommander[17600:e296] [com.apple.iconservices:foundation] layer data size zero
2026-09-14 12:57:21.070 Df PeachCommander[17600:e296] [com.apple.TextInputUI:CursorUI] -[TUINSCursorUIController scheduleUpdateCursorLocation]
2026-09-14 12:57:21.924 Df PeachCommander[17600:e296] (Foundation) <private>
2026-09-14 12:57:21.924 I  PeachCommander[17600:e296] [com.peachcommander:PCFoundation] [automation] > theme midnight
2026-09-14 12:57:21.971 I  PeachCommander[17600:e296] [com.peachcommander:PCFoundation] Theme applied: id=midnight, appearance=dark, dark=true, background=#101020
2026-09-14 12:57:21.971 Df PeachCommander[17600:e296] (Foundation) <private>
2026-09-14 12:57:21.971 I  PeachCommander[17600:e296] [com.peachcommander:PCFoundation] [automation] > wait 1500
2026-09-14 12:57:22.000 I  PeachCommander[17600:e296] [com.apple.iconservices:foundation] layer data size zero
2026-09-14 12:57:22.001 I  PeachCommander[17600:e296] [com.apple.iconservices:foundation] layer data size zero
2026-09-14 12:57:22.005 I  PeachCommander[17600:e296] [com.apple.iconservices:foundation] layer data size zero
2026-09-14 12:57:22.005 I  PeachCommander[17600:e296] [com.apple.iconservices:foundation] layer data size zero
2026-09-14 12:57:22.100 I  PeachCommander[17600:e296] [com.apple.iconservices:foundation] layer data size zero
2026-09-14 12:57:22.100 I  PeachCommander[17600:e296] [com.apple.iconservices:foundation] layer data size zero
2026-09-14 12:57:22.102 I  PeachCommander[17600:e296] [com.apple.iconservices:foundation] layer data size zero
2026-09-14 12:57:22.102 I  PeachCommander[17600:e296] [com.apple.iconservices:foundation] layer data size zero
2026-09-14 12:57:22.866 I  PeachCommander[17600:e3c3] [com.apple.CoreAnalytics:client] Dropping "com.apple.security.LegacyAPICounts" as it isn't used in any transform (not in the config or budgeted?)
2026-09-14 12:57:22.866 I  PeachCommander[17600:e3cf] [com.apple.CoreAnalytics:client] Dropping "com.apple.security.LegacyAPICounts" as it isn't used in any transform (not in the config or budgeted?)
