Timestamp               Ty Process[PID:TID]
2026-09-14 11:42:48.343 A  PeachCommander[4825:4869] (libsystem_info.dylib) Retrieve User by ID
2026-09-14 11:42:48.343 Df PeachCommander[4825:4869] [com.apple.xpc:connection] [0x1018d5d90] activating connection: mach=true listener=false peer=false name=com.apple.cfprefsd.daemon
2026-09-14 11:42:48.343 Df PeachCommander[4825:4870] [com.apple.xpc:connection] [0x1018d6490] activating connection: mach=true listener=false peer=false name=com.apple.cfprefsd.agent
2026-09-14 11:42:48.344 Df PeachCommander[4825:4869] [com.apple.xpc:connection] [0x1018db4b0] activating connection: mach=true listener=false peer=false name=com.apple.coreservices.launchservicesd
2026-09-14 11:42:48.344 I  PeachCommander[4825:4869] [com.apple.launchservices:cas] Registering for notification <private> on default queue, to re-boostrap client connection.
2026-09-14 11:42:48.345 Df PeachCommander[4825:4869] [com.apple.xpc:connection] [0x832cb4000] activating connection: mach=true listener=false peer=false name=com.apple.pasteboard.1
2026-09-14 11:42:48.345 Df PeachCommander[4825:4869] [com.apple.xpc:connection] [0x832cb4140] activating connection: mach=true listener=false peer=false name=com.apple.distributed_notifications@Uv3
2026-09-14 11:42:48.346 Df PeachCommander[4825:4869] [com.apple.AppKit:AutomaticTermination] void _NSDisableAutomaticTerminationAndLog(NSString *) No windows open yet
2026-09-14 11:42:48.346 A  PeachCommander[4825:4869] (TCC) TCCAccessRequest() IPC
2026-09-14 11:42:48.346 Df PeachCommander[4825:4869] [com.apple.xpc:connection] [0x832cb4280] activating connection: mach=true listener=false peer=false name=com.apple.tccd.system
2026-09-14 11:42:48.346 I  PeachCommander[4825:4869] [com.apple.TCC:access] SEND: 0/7 synchronous to com.apple.tccd.system: request: msgID=4825.1, function=TCCAccessRequest, service=kTCCServiceListenEvent,
2026-09-14 11:42:48.348 I  PeachCommander[4825:4869] [com.apple.TCC:access] RECV: synchronous reply <dictionary: 0x832c78000> { count = 5, transaction: 0, voucher = 0x0, contents =
	"prompt_type" => <uint64: 0xa068cd8fcc367e4f>: 1
	"auth_value" => <uint64: 0xa068cd8fcc367e4f>: 1
	"preflight_unknown" => <bool: 0x1f7121190>: true
	"auth_version" => <uint64: 0xa068cd8fcc367e4f>: 1
	"auth_reason" => <uint64: 0xa068cd8fcc367e6f>: 5
}
2026-09-14 11:42:48.348 Df PeachCommander[4825:4869] [com.apple.xpc:connection] [0x832cb4280] invalidated after the last release of the connection object
2026-09-14 11:42:48.348 Df PeachCommander[4825:4869] [com.apple.SkyLight:default] server port 0x0000320b, session port 0x0000320b
2026-09-14 11:42:48.349 I  PeachCommander[4825:4870] [com.apple.SkyLight:processes] 0[outside of RPC]: First connection id 276867 mapped to ctx = 0x83301d000
2026-09-14 11:42:48.349 Df PeachCommander[4825:4869] [com.apple.SkyLight:default] New connection 0x43983 main
2026-09-14 11:42:48.350 I  PeachCommander[4825:4869] [com.apple.hiservices:processmgr] Checking in with CAS, pid=4825
2026-09-14 11:42:48.350 I  PeachCommander[4825:4869] [com.apple.launchservices:cas] LSApplicationCheckIn(), app being registered is:"/Users/admin/pc-test/PeachCommander.app/Contents/MacOS/PeachCommander"
2026-09-14 11:42:48.350 I  PeachCommander[4825:4869] [com.apple.launchservices:cas]  { "ApplicationType"="Foreground", "BuildMachineOSBuild"="25E246", "CFBundleDevelopmentRegion"="en", "CFBundleDocumentTypes"=( { "CFBundleTypeName"="Peach Commander Plugin Package", "CFBundleTypeRole"="Viewer", "LSHandlerRank"="Owner", "LSItemContentTypes"=( "com.peachcommander.plugin-package") }), "CFBundleExecutable"="PeachCommander", "CFBundleExecutablePath"="/Users/admin/pc-test/PeachCommander.app/Contents/MacOS/PeachCommander", "CFBundleHelpBookFolder"="PeachCommander.help", "CFBundleHelpBookName"="Peach Commander Help", "CFBundleIconFile"="AppIcon", "CFBundleIconName"="AppIcon", "CFBundleIdentifier"="com.peachcommander.app", "CFBundleInfoDictionaryVersion"="6.0", "CFBundleName"="PeachCommander", "CFBundleNumericVersion"=402685952, "CFBundlePackageType"="APPL", "CFBundleShortVersionString"="0.9.0", "CFBundleSignature"="?????", "CFBundleSupportedPlatforms"=( "MacOSX"), "CFBundleVersion"="18", "DTCompiler"="com.apple.compilers.llvm.clang.1_0", "DTPlatformBuild"="25F70", "DTPlatformName"="macosx", "<…>
2026-09-14 11:42:48.350 Df PeachCommander[4825:4869] [com.apple.processmanager:front-35286506] CHECKIN: pid=4825
2026-09-14 11:42:48.351 Df PeachCommander[4825:4869] [com.apple.processmanager:front-35286506] CHECKEDIN: pid=4825 asn=0x0-0x52052 foreground=1
2026-09-14 11:42:48.352 I  PeachCommander[4825:4869] [com.apple.launchservices:cas] Setting processControlState to default PROC_SETPC_SUSPEND because application does not have LSProcessControlValue key
2026-09-14 11:42:48.352 Df PeachCommander[4825:4869] [com.apple.xpc:connection] [0x832cb4280] activating connection: mach=false listener=true peer=false name=(anonymous)
2026-09-14 11:42:48.352 Df PeachCommander[4825:4869] [com.apple.xpc:connection] [0x832cb4280] Connection returned listener port: 0x4203
2026-09-14 11:42:48.352 Df PeachCommander[4825:4871] [com.apple.xpc:connection] [0x8330b8300] activating connection: mach=false listener=false peer=true name=com.apple.xpc.anonymous.0x832cb4280.peer[131].0x8330b8300
2026-09-14 11:42:48.352 Df PeachCommander[4825:4869] [com.apple.processmanager:front-35286506] FRONTLOGGING: version 1
2026-09-14 11:42:48.352 Df PeachCommander[4825:4869] [com.apple.processmanager:front-35286506] Registered, pid=4825 ASN=0x0,0x52052
2026-09-14 11:42:48.352 Df PeachCommander[4825:4869] [com.apple.xpc:connection] [0x832cb43c0] activating connection: mach=true listener=false peer=false name=com.apple.analyticsd
2026-09-14 11:42:48.352 I  PeachCommander[4825:4869] [com.apple.CoreAnalytics:client] Daemon status changed from 0 to 1
2026-09-14 11:42:48.352 I  PeachCommander[4825:4870] [com.apple.CarbonCore:coreservicesdaemon] SCSession():SCSession( id=100, this=0x0x1018e4790 option=65538) created, forUID=501 mach_port_t=0x4803.
2026-09-14 11:42:48.352 I  PeachCommander[4825:4870] [com.apple.CarbonCore:coreservicesdaemon] SCSession():SCSession( id=101, this=0x0x1018d9c30 option=65538) created, forUID=501 mach_port_t=0x4703.
2026-09-14 11:42:48.352 I  PeachCommander[4825:4870] [com.apple.CarbonCore:coreservicesdaemon] connectToCoreServicesD():Instantiating server (coreservicesd based) SCSession, port=0x4803 serverOptions=0x10002.
2026-09-14 11:42:48.353 I  PeachCommander[4825:4869] [com.apple.hiservices:processmgr] _RegisterApplication( pid 4825 => 0x0,0x52052) type=foreground
2026-09-14 11:42:48.353 Df PeachCommander[4825:4869] [com.apple.xpc:connection] [0x832cb4280] Connection returned listener port: 0x4203
2026-09-14 11:42:48.353 Df PeachCommander[4825:4870] [com.apple.xpc:connection] [0x832cb4500] activating connection: mach=true listener=false peer=false name=com.apple.lsd.mapdb
2026-09-14 11:42:48.353 I  PeachCommander[4825:4869] [com.apple.launchservices:cas] CFArrayRef _LSCopyLaunchModifiers(LSSessionID, LSASNRef _Nonnull), result for psn [ kLSCurrentApp ASN, 0x0,0x2]  is 1 items.
2026-09-14 11:42:48.353 Df PeachCommander[4825:4869] [com.apple.processmanager:front-35286506] BringForward: pid=4825 asn=0x0-0x52052 bringForward=1 foreground=1 uiElement=0 launchedByLS=1 modifiersCount=1 allDisabled=1
2026-09-14 11:42:48.353 Df PeachCommander[4825:4869] [com.apple.processmanager:front-35286506] BringFrontModifier: pid=4825 asn=0x0-0x52052 Modifier 0 hideAfter=0 hideOthers=0 dontMakeFrontmost=0 mouseDown=0/0 seed=0/0
2026-09-14 11:42:48.353 Df PeachCommander[4825:4869] [com.apple.processmanager:front-35286506] BringForward: pid=4825 asn=0x0-0x52052
2026-09-14 11:42:48.353 Df PeachCommander[4825:4869] [com.apple.processmanager:front-35286506] SetFrontProcess: asn=0x0-0x52052 options=0
2026-09-14 11:42:48.353 I  PeachCommander[4825:4869] [com.apple.SkyLight:processes] 0[outside of RPC]: SLPSetFrontProcess(0x0-0x52052 window=0 options=0x0
2026-09-14 11:42:48.354 Df PeachCommander[4825:4869] [com.apple.AppKit:Appearance] Current system appearance, (HLTB: 1), (SLS: 0)
2026-09-14 11:42:48.355 Df PeachCommander[4825:4869] (libMobileGestalt.dylib) No persisted cache on this platform.
2026-09-14 11:42:48.355 I  PeachCommander[4825:4871] [com.apple.launchservices:cas] information in shared memory for 0x0-0x52052 with seed 533 was still valid, so using cached info { "ApplicationType"="Foreground", "BuildMachineOSBuild"="25E246", "BundleIdentifierLowerCase"="com.peachcommander.app", "CFBundleDevelopmentRegion"="en", "CFBundleDocumentTypes"=( { "CFBundleTypeName"="Peach Commander Plugin Package", "CFBundleTypeRole"="Viewer", "LSHandlerRank"="Owner", "LSItemContentTypes"=( "com.peachcommander.plugin-package") }), "CFBundleExecutable"="PeachCommander", "CFBundleExecutablePath"="/Users/admin/pc-test/PeachCommander.app/Contents/MacOS/PeachCommander", "CFBundleExecutablePathDeviceID"=16777228, "CFBundleExecutablePathINode"=487690, "CFBundleHelpBookFolder"="PeachCommander.help", "CFBundleHelpBookName"="Peach Commander Help", "CFBundleIconFile"="AppIcon", "CFBundleIconName"="AppIcon", "CFBundleIdentifier"="com.peachcommander.app", "CFBundleInfoDictionaryVersion"="6.0", "CFBundleName"="PeachCommander", "CFBundleNameLowerCase"="peachcommander", "CFBundleNumericVersion"=402685952, "CFBundlePackageType"="APPL", "CFBundleShortVersionString"="0.9.0", "CFBun<…>
2026-09-14 11:42:48.356 Df PeachCommander[4825:4869] (libMobileGestalt.dylib) Could not get size of EAN data (IOConnectCallScalarMethod kAppleNVMeEANGetSize returned 0xE00002E2)
2026-09-14 11:42:48.356 Df PeachCommander[4825:4869] (libMobileGestalt.dylib) Failed to copy 'aptk' from EAN
2026-09-14 11:42:48.356 Df PeachCommander[4825:4869] (libMobileGestalt.dylib) Failed to copy APTicket properties. Falling back to default policy.
2026-09-14 11:42:48.356 Df PeachCommander[4825:4869] (libMobileGestalt.dylib) Creating default MGSysConfigPolicy
2026-09-14 11:42:48.356 Df PeachCommander[4825:4869] (libMobileGestalt.dylib) CFDictionaryRef copySyscfgDictionary(void) enumeration of <private> failed.
2026-09-14 11:42:48.356 Df PeachCommander[4825:4869] (libMobileGestalt.dylib) Failed to find key <private>
2026-09-14 11:42:48.356 I  PeachCommander[4825:4870] [com.apple.launchservices:db] LaunchServices database schema version: 20971544
2026-09-14 11:42:48.356 Df PeachCommander[4825:4869] [com.apple.AppKit:Appearance] Current system appearance, (HLTB: 1), (SLS: 0)
2026-09-14 11:42:48.356 Df PeachCommander[4825:4869] [com.apple.AppKit:Appearance] Post-registration system appearance: (HLTB: 1)
2026-09-14 11:42:48.357 I  PeachCommander[4825:4870] [com.apple.launchservices:default] Unable to load Info.plist exceptions (eGPUOverrides)
2026-09-14 11:42:48.357 I  PeachCommander[4825:4870] [com.apple.launchservices:default] Unable to load Info.plist exceptions (gameModeOverrides)
2026-09-14 11:42:48.357 I  PeachCommander[4825:4870] [com.apple.launchservices:default] Unable to load Info.plist exceptions (identifiedGameOverrides)
2026-09-14 11:42:48.357 I  PeachCommander[4825:4870] [com.apple.launchservices:default] Unable to load Info.plist exceptions (SystemHiddenPreferred)
2026-09-14 11:42:48.357 Df PeachCommander[4825:4870] [com.apple.CoreAnalytics:client] Received configuration update from daemon (initial)
2026-09-14 11:42:48.358 Df PeachCommander[4825:4869] [com.apple.FrontBoard:Common] FBSWorkspace: endpoint monitoring is disabled.
2026-09-14 11:42:48.358 Df PeachCommander[4825:4869] [com.apple.FrontBoard:Common] FBSWorkspace: default shell endpoint is disabled.
2026-09-14 11:42:48.358 Df PeachCommander[4825:4869] [com.apple.runningboard:connection] Initializing connection
2026-09-14 11:42:48.358 Df PeachCommander[4825:4869] [com.apple.runningboard:process] Removing all cached process handles
2026-09-14 11:42:48.358 Df PeachCommander[4825:4875] [com.apple.runningboard:connection] Sending handshake request attempt #1 to server
2026-09-14 11:42:48.358 Df PeachCommander[4825:4875] [com.apple.runningboard:connection] Creating connection to com.apple.runningboard
2026-09-14 11:42:48.358 Df PeachCommander[4825:4875] [com.apple.xpc:connection] [0x832cb4640] activating connection: mach=true listener=false peer=false name=com.apple.runningboard
2026-09-14 11:42:48.358 A  PeachCommander[4825:4871] (RunningBoardServices) didChangeInheritances
2026-09-14 11:42:48.358 Df PeachCommander[4825:4869] [com.apple.xpc:connection] [0x832cb4280] Connection returned listener port: 0x4203
2026-09-14 11:42:48.359 I  PeachCommander[4825:4869] [com.apple.launchservices:cas] information in shared memory for 0x0-0x52052 with seed 533 was still valid, so using cached info { "ApplicationType"="Foreground", "BuildMachineOSBuild"="25E246", "BundleIdentifierLowerCase"="com.peachcommander.app", "CFBundleDevelopmentRegion"="en", "CFBundleDocumentTypes"=( { "CFBundleTypeName"="Peach Commander Plugin Package", "CFBundleTypeRole"="Viewer", "LSHandlerRank"="Owner", "LSItemContentTypes"=( "com.peachcommander.plugin-package") }), "CFBundleExecutable"="PeachCommander", "CFBundleExecutablePath"="/Users/admin/pc-test/PeachCommander.app/Contents/MacOS/PeachCommander", "CFBundleExecutablePathDeviceID"=16777228, "CFBundleExecutablePathINode"=487690, "CFBundleHelpBookFolder"="PeachCommander.help", "CFBundleHelpBookName"="Peach Commander Help", "CFBundleIconFile"="AppIcon", "CFBundleIconName"="AppIcon", "CFBundleIdentifier"="com.peachcommander.app", "CFBundleInfoDictionaryVersion"="6.0", "CFBundleName"="PeachCommander", "CFBundleNameLowerCase"="peachcommander", "CFBundleNumericVersion"=402685952, "CFBundlePackageType"="APPL", "CFBundleShortVersionString"="0.9.0", "CFBun<…>
2026-09-14 11:42:48.359 Df PeachCommander[4825:4875] [com.apple.runningboard:connection] Handshake succeeded
2026-09-14 11:42:48.359 Df PeachCommander[4825:4875] [com.apple.runningboard:connection] Identity resolved as app<application.com.peachcommander.app.486404.487690(501)>
2026-09-14 11:42:48.360 Df PeachCommander[4825:4869] [com.apple.xpc:connection] [0x832cb4280] Connection returned listener port: 0x4203
2026-09-14 11:42:48.361 A  PeachCommander[4825:4871] (AppIntents) appintents:register process
2026-09-14 11:42:48.361 Df PeachCommander[4825:4871] [com.apple.appintents:Connection] Created a new Process Instance Registry XPC connection (inactive)
2026-09-14 11:42:48.361 Df PeachCommander[4825:4871] [com.apple.xpc:connection] [0x832cb4780] activating connection: mach=true listener=false peer=false name=com.apple.linkd.autoShortcut
2026-09-14 11:42:48.361 Df PeachCommander[4825:4871] [com.apple.appintents:Connection] Activated connection to linkd (ApplicationService)
2026-09-14 11:42:48.361 Df PeachCommander[4825:4871] [com.apple.xpc:connection] [0x832cb4a00] activating connection: mach=false listener=true peer=false name=(anonymous)
2026-09-14 11:42:48.361 I  PeachCommander[4825:4869] [com.apple.launchservices:cas] information in shared memory for 0x0-0x52052 with seed 533 was still valid, so using cached info { "ApplicationType"="Foreground", "BuildMachineOSBuild"="25E246", "BundleIdentifierLowerCase"="com.peachcommander.app", "CFBundleDevelopmentRegion"="en", "CFBundleDocumentTypes"=( { "CFBundleTypeName"="Peach Commander Plugin Package", "CFBundleTypeRole"="Viewer", "LSHandlerRank"="Owner", "LSItemContentTypes"=( "com.peachcommander.plugin-package") }), "CFBundleExecutable"="PeachCommander", "CFBundleExecutablePath"="/Users/admin/pc-test/PeachCommander.app/Contents/MacOS/PeachCommander", "CFBundleExecutablePathDeviceID"=16777228, "CFBundleExecutablePathINode"=487690, "CFBundleHelpBookFolder"="PeachCommander.help", "CFBundleHelpBookName"="Peach Commander Help", "CFBundleIconFile"="AppIcon", "CFBundleIconName"="AppIcon", "CFBundleIdentifier"="com.peachcommander.app", "CFBundleInfoDictionaryVersion"="6.0", "CFBundleName"="PeachCommander", "CFBundleNameLowerCase"="peachcommander", "CFBundleNumericVersion"=402685952, "CFBundlePackageType"="APPL", "CFBundleShortVersionString"="0.9.0", "CFBun<…>
2026-09-14 11:42:48.361 I  PeachCommander[4825:4869] [com.apple.hiservices:processmgr] TransformProcessType(0x0,0x2 => 1 wasFront=1 pickNew=0)
2026-09-14 11:42:48.361 I  PeachCommander[4825:4869] [com.apple.CoreAnalytics:client] Dropping "com.apple.appkit.app_config" as it isn't used in any transform (not in the config or budgeted?)
2026-09-14 11:42:48.362 I  PeachCommander[4825:4871] [com.apple.appintents:Execution] LNAppConnectionListener instantiated
2026-09-14 11:42:48.362 Df PeachCommander[4825:4871] [com.apple.xpc:connection] [0x832cb4a00] Connection returned listener port: 0x6503
2026-09-14 11:42:48.362 Df PeachCommander[4825:4875] [com.apple.xpc:connection] [0x832cb4780] Re-initialization successful; calling out to event handler with XPC_ERROR_CONNECTION_INTERRUPTED
2026-09-14 11:42:48.362 Df PeachCommander[4825:4875] [com.apple.appintents:Connection] Process Instance Registry XPC connection has been interrupted
2026-09-14 11:42:48.362 Df PeachCommander[4825:4869] [com.apple.dt.xctest:Default] Registering for test daemon availability notify post.
2026-09-14 11:42:48.362 E  PeachCommander[4825:4871] [com.apple.appintents:Connection] Unable to get synchronousRemoteObjectProxy, error: Error Domain=NSCocoaErrorDomain Code=4097 "connection to service named com.apple.linkd.autoShortcut" UserInfo={NSDebugDescription=connection to service named com.apple.linkd.autoShortcut}
2026-09-14 11:42:48.362 Df PeachCommander[4825:4869] [com.apple.dt.xctest:Default] notify_get_state check indicated test daemon not ready.
2026-09-14 11:42:48.362 E  PeachCommander[4825:4871] [com.apple.AppKit:Application] Error registering app with intents framework: Error Domain=NSCocoaErrorDomain Code=4097 UserInfo={NSDebugDescription=<private>}
2026-09-14 11:42:48.362 Df PeachCommander[4825:4870] [com.apple.appintents:Connection] Created a new Process Instance Registry XPC connection (inactive)
2026-09-14 11:42:48.362 A  PeachCommander[4825:4870] (AppIntents) appintents:register process
2026-09-14 11:42:48.362 Df PeachCommander[4825:4869] [com.apple.dt.xctest:Default] notify_get_state check indicated test daemon not ready.
2026-09-14 11:42:48.362 Df PeachCommander[4825:4870] [com.apple.appintents:Connection] Created a new Process Instance Registry XPC connection (inactive)
2026-09-14 11:42:48.362 Df PeachCommander[4825:4870] [com.apple.xpc:connection] [0x832cb4c80] activating connection: mach=true listener=false peer=false name=com.apple.linkd.autoShortcut
2026-09-14 11:42:48.362 Df PeachCommander[4825:4870] [com.apple.appintents:Connection] Activated connection to linkd (ApplicationService)
2026-09-14 11:42:48.362 Df PeachCommander[4825:4870] [com.apple.xpc:connection] [0x832cb4a00] Connection returned listener port: 0x6503
2026-09-14 11:42:48.362 Df PeachCommander[4825:4869] [com.apple.dt.xctest:Default] notify_get_state check indicated test daemon not ready.
2026-09-14 11:42:48.362 Df PeachCommander[4825:4871] [com.apple.xpc:connection] [0x832cb4c80] Re-initialization successful; calling out to event handler with XPC_ERROR_CONNECTION_INTERRUPTED
2026-09-14 11:42:48.362 Df PeachCommander[4825:4871] [com.apple.appintents:Connection] Process Instance Registry XPC connection has been interrupted
2026-09-14 11:42:48.362 E  PeachCommander[4825:4870] [com.apple.appintents:Connection] Unable to get synchronousRemoteObjectProxy, error: Error Domain=NSCocoaErrorDomain Code=4097 "connection to service named com.apple.linkd.autoShortcut" UserInfo={NSDebugDescription=connection to service named com.apple.linkd.autoShortcut}
2026-09-14 11:42:48.362 E  PeachCommander[4825:4870] [com.apple.appintents:Connection] Unable to re-register with Process Instance Registry, error: Error Domain=NSCocoaErrorDomain Code=4097 "connection to service named com.apple.linkd.autoShortcut" UserInfo={NSDebugDescription=connection to service named com.apple.linkd.autoShortcut}
2026-09-14 11:42:48.362 Df PeachCommander[4825:4871] [com.apple.appintents:Connection] Created a new Process Instance Registry XPC connection (inactive)
2026-09-14 11:42:48.362 A  PeachCommander[4825:4871] (AppIntents) appintents:register process
2026-09-14 11:42:48.362 Df PeachCommander[4825:4871] [com.apple.appintents:Connection] Created a new Process Instance Registry XPC connection (inactive)
2026-09-14 11:42:48.362 Df PeachCommander[4825:4871] [com.apple.xpc:connection] [0x832cb52c0] activating connection: mach=true listener=false peer=false name=com.apple.linkd.autoShortcut
2026-09-14 11:42:48.362 Df PeachCommander[4825:4871] [com.apple.appintents:Connection] Activated connection to linkd (ApplicationService)
2026-09-14 11:42:48.362 Df PeachCommander[4825:4871] [com.apple.xpc:connection] [0x832cb4a00] Connection returned listener port: 0x6503
2026-09-14 11:42:48.363 Df PeachCommander[4825:4870] [com.apple.xpc:connection] [0x832cb52c0] Re-initialization successful; calling out to event handler with XPC_ERROR_CONNECTION_INTERRUPTED
2026-09-14 11:42:48.363 Df PeachCommander[4825:4870] [com.apple.appintents:Connection] Process Instance Registry XPC connection has been interrupted
2026-09-14 11:42:48.363 E  PeachCommander[4825:4871] [com.apple.appintents:Connection] Unable to get synchronousRemoteObjectProxy, error: Error Domain=NSCocoaErrorDomain Code=4097 "connection to service named com.apple.linkd.autoShortcut" UserInfo={NSDebugDescription=connection to service named com.apple.linkd.autoShortcut}
2026-09-14 11:42:48.363 E  PeachCommander[4825:4871] [com.apple.appintents:Connection] Unable to re-register with Process Instance Registry, error: Error Domain=NSCocoaErrorDomain Code=4097 "connection to service named com.apple.linkd.autoShortcut" UserInfo={NSDebugDescription=connection to service named com.apple.linkd.autoShortcut}
2026-09-14 11:42:48.363 Df PeachCommander[4825:4870] [com.apple.appintents:Connection] Created a new Process Instance Registry XPC connection (inactive)
2026-09-14 11:42:48.363 A  PeachCommander[4825:4870] (AppIntents) appintents:register process
2026-09-14 11:42:48.363 Df PeachCommander[4825:4870] [com.apple.appintents:Connection] Created a new Process Instance Registry XPC connection (inactive)
2026-09-14 11:42:48.363 Df PeachCommander[4825:4870] [com.apple.xpc:connection] [0x832cb5540] activating connection: mach=true listener=false peer=false name=com.apple.linkd.autoShortcut
2026-09-14 11:42:48.363 Df PeachCommander[4825:4870] [com.apple.appintents:Connection] Activated connection to linkd (ApplicationService)
2026-09-14 11:42:48.363 Df PeachCommander[4825:4870] [com.apple.xpc:connection] [0x832cb4a00] Connection returned listener port: 0x6503
2026-09-14 11:42:48.363 Df PeachCommander[4825:4871] [com.apple.xpc:connection] [0x832cb5540] Re-initialization successful; calling out to event handler with XPC_ERROR_CONNECTION_INTERRUPTED
2026-09-14 11:42:48.363 Df PeachCommander[4825:4871] [com.apple.appintents:Connection] Process Instance Registry XPC connection has been interrupted
2026-09-14 11:42:48.363 E  PeachCommander[4825:4871] [com.apple.appintents:Connection] Will NOT re-try to establish the connection
2026-09-14 11:42:48.363 E  PeachCommander[4825:4870] [com.apple.appintents:Connection] Unable to get synchronousRemoteObjectProxy, error: Error Domain=NSCocoaErrorDomain Code=4097 "connection to service named com.apple.linkd.autoShortcut" UserInfo={NSDebugDescription=connection to service named com.apple.linkd.autoShortcut}
2026-09-14 11:42:48.363 E  PeachCommander[4825:4870] [com.apple.appintents:Connection] Unable to re-register with Process Instance Registry, error: Error Domain=NSCocoaErrorDomain Code=4097 "connection to service named com.apple.linkd.autoShortcut" UserInfo={NSDebugDescription=connection to service named com.apple.linkd.autoShortcut}
2026-09-14 11:42:48.366 A  PeachCommander[4825:4869] (CoreFoundation) Loading Preferences From System CFPrefsD
2026-09-14 11:42:48.366 Df PeachCommander[4825:4869] (libMobileGestalt.dylib) couldn't load support library
2026-09-14 11:42:48.366 Df PeachCommander[4825:4869] (libMobileGestalt.dylib) called dummy function!
2026-09-14 11:42:48.366 I  PeachCommander[4825:4869] [com.apple.GenerativeModels:availability] Current availability state: unavailable, use cases: com.apple.WritingTools, language: <any>, api: <private>
2026-09-14 11:42:48.366 Df PeachCommander[4825:4869] [com.apple.GenerativeModels:availability] registering darwin observer for name: com.apple.gms.availability.notification
2026-09-14 11:42:48.366 Df PeachCommander[4825:4869] [com.apple.GenerativeModels:availability] registering darwin observer for name: com.apple.os-eligibility-domain.change.greymatter
2026-09-14 11:42:48.366 Df PeachCommander[4825:4869] [com.apple.GenerativeModels:availability] registering darwin observer for name: com.apple.language.changed
2026-09-14 11:42:48.366 Df PeachCommander[4825:4869] [com.apple.WritingTools:Default] isAvailable value changed: isMDMAllowed = true, gmAvailable (current) = false
2026-09-14 11:42:48.369 I  PeachCommander[4825:4869] [com.apple.CoreAnalytics:client] Dropping "com.apple.appkit.app_config" as it isn't used in any transform (not in the config or budgeted?)
2026-09-14 11:42:48.372 Df PeachCommander[4825:4869] [com.apple.AppKit:Appearance] NSApp cache appearance:
-NSRequiresAquaSystemAppearance: 0
-appearance: (null)
-effectiveAppearance: <NSCompositeAppearance: 0x832c7c460
 (
    "<NSAquaAppearance: 0x832c7c6e0>",
    "<NSSystemAppearance: 0x832c7c780>"
)>
2026-09-14 11:42:48.374 A  PeachCommander[4825:4869] (CoreFoundation) Loading Preferences From User CFPrefsD
2026-09-14 11:42:48.374 A  PeachCommander[4825:4869] (CoreFoundation) Loading Preferences From User CFPrefsD
2026-09-14 11:42:48.377 A  PeachCommander[4825:4871] (libsystem_info.dylib) Membership API: translate identifier
2026-09-14 11:42:48.379 I  PeachCommander[4825:4869] [com.apple.CoreAnalytics:client] Dropping "com.apple.appkit.app_config" as it isn't used in any transform (not in the config or budgeted?)
2026-09-14 11:42:48.379 I  PeachCommander[4825:4869] [com.apple.CoreAnalytics:client] Dropping "com.apple.appkit.app_config" as it isn't used in any transform (not in the config or budgeted?)
2026-09-14 11:42:48.381 Df PeachCommander[4825:4871] [com.apple.xpc:connection] [0x832cb5a40] activating connection: mach=true listener=false peer=false name=com.apple.dock.fullscreen
2026-09-14 11:42:48.382 Df PeachCommander[4825:4869] [com.apple.xpc:connection] [0x832cb5b80] activating connection: mach=true listener=false peer=false name=com.apple.fonts
2026-09-14 11:42:48.385 I  PeachCommander[4825:4869] [com.apple.launchservices:cas] information in shared memory for 0x0-0x52052 with seed 533 was still valid, so using cached info { "ApplicationType"="Foreground", "BuildMachineOSBuild"="25E246", "BundleIdentifierLowerCase"="com.peachcommander.app", "CFBundleDevelopmentRegion"="en", "CFBundleDocumentTypes"=( { "CFBundleTypeName"="Peach Commander Plugin Package", "CFBundleTypeRole"="Viewer", "LSHandlerRank"="Owner", "LSItemContentTypes"=( "com.peachcommander.plugin-package") }), "CFBundleExecutable"="PeachCommander", "CFBundleExecutablePath"="/Users/admin/pc-test/PeachCommander.app/Contents/MacOS/PeachCommander", "CFBundleExecutablePathDeviceID"=16777228, "CFBundleExecutablePathINode"=487690, "CFBundleHelpBookFolder"="PeachCommander.help", "CFBundleHelpBookName"="Peach Commander Help", "CFBundleIconFile"="AppIcon", "CFBundleIconName"="AppIcon", "CFBundleIdentifier"="com.peachcommander.app", "CFBundleInfoDictionaryVersion"="6.0", "CFBundleName"="PeachCommander", "CFBundleNameLowerCase"="peachcommander", "CFBundleNumericVersion"=402685952, "CFBundlePackageType"="APPL", "CFBundleShortVersionString"="0.9.0", "CFBun<…>
2026-09-14 11:42:48.385 I  PeachCommander[4825:4869] [com.apple.CoreAnalytics:client] Dropping "com.apple.appkit.app_config" as it isn't used in any transform (not in the config or budgeted?)
2026-09-14 11:42:48.385 Df PeachCommander[4825:4869] [com.apple.AppKit:AutomaticTermination] -[NSApplication(NSAppssassination) _checkForAutomaticTerminationSupportPossiblyEnablingIt]_block_invoke Enabling automatic termination support.
2026-09-14 11:42:48.385 Df PeachCommander[4825:4869] [com.apple.xpc:connection] [0x832cb4dc0] activating connection: mach=true listener=false peer=false name=com.apple.appkit.restoration_storage
2026-09-14 11:42:48.386 I  PeachCommander[4825:4869] [com.apple.launchservices:cas] information in shared memory for 0x0-0x52052 with seed 533 was still valid, so using cached info { "ApplicationType"="Foreground", "BuildMachineOSBuild"="25E246", "BundleIdentifierLowerCase"="com.peachcommander.app", "CFBundleDevelopmentRegion"="en", "CFBundleDocumentTypes"=( { "CFBundleTypeName"="Peach Commander Plugin Package", "CFBundleTypeRole"="Viewer", "LSHandlerRank"="Owner", "LSItemContentTypes"=( "com.peachcommander.plugin-package") }), "CFBundleExecutable"="PeachCommander", "CFBundleExecutablePath"="/Users/admin/pc-test/PeachCommander.app/Contents/MacOS/PeachCommander", "CFBundleExecutablePathDeviceID"=16777228, "CFBundleExecutablePathINode"=487690, "CFBundleHelpBookFolder"="PeachCommander.help", "CFBundleHelpBookName"="Peach Commander Help", "CFBundleIconFile"="AppIcon", "CFBundleIconName"="AppIcon", "CFBundleIdentifier"="com.peachcommander.app", "CFBundleInfoDictionaryVersion"="6.0", "CFBundleName"="PeachCommander", "CFBundleNameLowerCase"="peachcommander", "CFBundleNumericVersion"=402685952, "CFBundlePackageType"="APPL", "CFBundleShortVersionString"="0.9.0", "CFBun<…>
2026-09-14 11:42:48.386 Df PeachCommander[4825:4869] [com.apple.xpc:connection] [0x832cb4f00] activating connection: mach=true listener=false peer=false name=com.apple.coreservices.appleevents
2026-09-14 11:42:48.386 I  PeachCommander[4825:4869] [com.apple.appleevents:main] _AEGetRegisteredMachPort() created default port (port:45059/0xb003 rcv:1 send:1 limit:5) and registered it with server
2026-09-14 11:42:48.386 Df PeachCommander[4825:4869] [com.apple.xpc:connection] [0x832cb4280] Connection returned listener port: 0x4203
2026-09-14 11:42:48.386 I  PeachCommander[4825:4869] [com.apple.launchservices:cas] information in shared memory for 0x0-0x52052 with seed 533 was still valid, so using cached info { "ApplicationType"="Foreground", "BuildMachineOSBuild"="25E246", "BundleIdentifierLowerCase"="com.peachcommander.app", "CFBundleDevelopmentRegion"="en", "CFBundleDocumentTypes"=( { "CFBundleTypeName"="Peach Commander Plugin Package", "CFBundleTypeRole"="Viewer", "LSHandlerRank"="Owner", "LSItemContentTypes"=( "com.peachcommander.plugin-package") }), "CFBundleExecutable"="PeachCommander", "CFBundleExecutablePath"="/Users/admin/pc-test/PeachCommander.app/Contents/MacOS/PeachCommander", "CFBundleExecutablePathDeviceID"=16777228, "CFBundleExecutablePathINode"=487690, "CFBundleHelpBookFolder"="PeachCommander.help", "CFBundleHelpBookName"="Peach Commander Help", "CFBundleIconFile"="AppIcon", "CFBundleIconName"="AppIcon", "CFBundleIdentifier"="com.peachcommander.app", "CFBundleInfoDictionaryVersion"="6.0", "CFBundleName"="PeachCommander", "CFBundleNameLowerCase"="peachcommander", "CFBundleNumericVersion"=402685952, "CFBundlePackageType"="APPL", "CFBundleShortVersionString"="0.9.0", "CFBun<…>
2026-09-14 11:42:48.386 Df PeachCommander[4825:4869] [com.apple.processmanager:front-35286506] SignalReady: pid=4825 asn=0x0-0x52052
2026-09-14 11:42:48.386 Df PeachCommander[4825:4869] [com.apple.processmanager:front-35286506] SIGNAL: pid=4825 asn=0x0x-0x52052
2026-09-14 11:42:48.386 I  PeachCommander[4825:4869] [com.apple.appleevents:main] aeGenerateFakeFirstOAPPEventIfNecessary()
2026-09-14 11:42:48.386 I  PeachCommander[4825:4869] [com.apple.appleevents:main] aeGenerateFakeFirstOAPPEventIfNecessary(), needToCreateFakeOAPPEventIfFirstEvent == true
2026-09-14 11:42:48.386 I  PeachCommander[4825:4869] [com.apple.launchservices:cas] Removing cached information for app [ 0x0-0x52052]  "PeachCommander", as its seed is different from that in shared memory ( 533 vs 535)
2026-09-14 11:42:48.387 I  PeachCommander[4825:4869] [com.apple.CFPasteboard:entry] CopyData('DefaultAsciiKeyboardLayoutPasteboard' (<CFUUID 0x8330b1420> 05ADAEE8-AD18-43EE-AC2A-0E4A79D04B2F) gen: -1 item: 1264739405 flavor: 'DefaultAsciiKeyboardLayoutFlavor')
2026-09-14 11:42:48.387 I  PeachCommander[4825:4869] [com.apple.CFPasteboard:cache] Rebuilding cache for 'DefaultAsciiKeyboardLayoutPasteboard' (<CFUUID 0x8330b1420> 05ADAEE8-AD18-43EE-AC2A-0E4A79D04B2F)
2026-09-14 11:42:48.387 I  PeachCommander[4825:4869] [com.apple.CFPasteboard:exit] (not-in-cache) - result: -8 generation: 0 null data flags: 0
2026-09-14 11:42:48.387 A  PeachCommander[4825:4869] (CoreFoundation) Loading Preferences From User CFPrefsD
2026-09-14 11:42:48.388 A  PeachCommander[4825:4869] (CoreFoundation) Loading Preferences From System CFPrefsD
2026-09-14 11:42:48.388 I  PeachCommander[4825:4869] [com.apple.CFPasteboard:entry] CopyData('AppleIntlFileCacheModificationDatePasteboard' (<CFUUID 0x8330b13c0> 2F7BB500-66AF-4298-835C-D08CB2612EED) gen: -1 item: 1 flavor: '-32766 1768845414')
2026-09-14 11:42:48.388 I  PeachCommander[4825:4869] [com.apple.CFPasteboard:cache] Rebuilding cache for 'AppleIntlFileCacheModificationDatePasteboard' (<CFUUID 0x8330b13c0> 2F7BB500-66AF-4298-835C-D08CB2612EED)
2026-09-14 11:42:48.388 I  PeachCommander[4825:4869] [com.apple.CFPasteboard:general] Will request data from daemon
2026-09-14 11:42:48.388 I  PeachCommander[4825:4869] [com.apple.CFPasteboard:exit] (not-in-cache) - result: 0 generation: 5 data (310 bytes) flags: 0
2026-09-14 11:42:48.388 I  PeachCommander[4825:4869] [com.apple.CFPasteboard:entry] CopyData('AppleIntlFileCacheModificationDatePasteboard' (<CFUUID 0x8330b13c0> 2F7BB500-66AF-4298-835C-D08CB2612EED) gen: -1 item: 1 flavor: '-32765 1802264953')
2026-09-14 11:42:48.388 I  PeachCommander[4825:4869] [com.apple.CFPasteboard:general] Will request data from daemon
2026-09-14 11:42:48.388 I  PeachCommander[4825:4869] [com.apple.CFPasteboard:exit] (not-in-cache) - result: 0 generation: 5 data (306 bytes) flags: 0
2026-09-14 11:42:48.389 I  PeachCommander[4825:4869] [com.apple.CFPasteboard:entry] CopyData('AppleIntlFileCacheModificationDatePasteboard' (<CFUUID 0x8330b13c0> 2F7BB500-66AF-4298-835C-D08CB2612EED) gen: -1 item: 1 flavor: '-32764 1802264953')
2026-09-14 11:42:48.389 I  PeachCommander[4825:4869] [com.apple.CFPasteboard:general] Will request data from daemon
2026-09-14 11:42:48.389 I  PeachCommander[4825:4869] [com.apple.CFPasteboard:exit] (not-in-cache) - result: 0 generation: 5 data (281 bytes) flags: 0
2026-09-14 11:42:48.389 I  PeachCommander[4825:4869] [com.apple.CFPasteboard:entry] CopyData('AppleIntlFileCacheModificationDatePasteboard' (<CFUUID 0x8330b13c0> 2F7BB500-66AF-4298-835C-D08CB2612EED) gen: -1 item: 1 flavor: '-32763 1802264953')
2026-09-14 11:42:48.389 I  PeachCommander[4825:4869] [com.apple.CFPasteboard:general] Will request data from daemon
2026-09-14 11:42:48.389 I  PeachCommander[4825:4869] [com.apple.CFPasteboard:exit] (not-in-cache) - result: 0 generation: 5 data (318 bytes) flags: 0
2026-09-14 11:42:48.389 I  PeachCommander[4825:4869] [com.apple.CFPasteboard:entry] CopyData('AppleIntlFileCacheModificationDatePasteboard' (<CFUUID 0x8330b13c0> 2F7BB500-66AF-4298-835C-D08CB2612EED) gen: -1 item: 1 flavor: '-32765 1768845414')
2026-09-14 11:42:48.389 I  PeachCommander[4825:4869] [com.apple.CFPasteboard:general] Will request data from daemon
2026-09-14 11:42:48.389 I  PeachCommander[4825:4869] [com.apple.CFPasteboard:exit] (not-in-cache) - result: 0 generation: 5 data (303 bytes) flags: 0
2026-09-14 11:42:48.389 I  PeachCommander[4825:4869] [com.apple.CFPasteboard:entry] CopyData('AppleIntlFileCacheModificationDatePasteboard' (<CFUUID 0x8330b13c0> 2F7BB500-66AF-4298-835C-D08CB2612EED) gen: -1 item: 1 flavor: '-32763 1768845414')
2026-09-14 11:42:48.389 I  PeachCommander[4825:4869] [com.apple.CFPasteboard:general] Will request data from daemon
2026-09-14 11:42:48.389 I  PeachCommander[4825:4869] [com.apple.CFPasteboard:exit] (not-in-cache) - result: 0 generation: 5 data (315 bytes) flags: 0
2026-09-14 11:42:48.390 I  PeachCommander[4825:4869] [com.apple.launchservices:cas] information in shared memory for 0x0-0x52052 with seed 535 was still valid, so using cached info { "ApplicationType"="Foreground", "BuildMachineOSBuild"="25E246", "BundleIdentifierLowerCase"="com.peachcommander.app", "CFBundleDevelopmentRegion"="en", "CFBundleDocumentTypes"=( { "CFBundleTypeName"="Peach Commander Plugin Package", "CFBundleTypeRole"="Viewer", "LSHandlerRank"="Owner", "LSItemContentTypes"=( "com.peachcommander.plugin-package") }), "CFBundleExecutable"="PeachCommander", "CFBundleExecutablePath"="/Users/admin/pc-test/PeachCommander.app/Contents/MacOS/PeachCommander", "CFBundleExecutablePathDeviceID"=16777228, "CFBundleExecutablePathINode"=487690, "CFBundleHelpBookFolder"="PeachCommander.help", "CFBundleHelpBookName"="Peach Commander Help", "CFBundleIconFile"="AppIcon", "CFBundleIconName"="AppIcon", "CFBundleIdentifier"="com.peachcommander.app", "CFBundleInfoDictionaryVersion"="6.0", "CFBundleName"="PeachCommander", "CFBundleNameLowerCase"="peachcommander", "CFBundleNumericVersion"=402685952, "CFBundlePackageType"="APPL", "CFBundleShortVersionString"="0.9.0", "CFBun<…>
2026-09-14 11:42:48.390 Df PeachCommander[4825:4869] [com.apple.xpc:connection] [0x832cb5e00] activating connection: mach=false listener=false peer=false name=com.apple.ViewBridgeAuxiliary
2026-09-14 11:42:48.397 Df PeachCommander[4825:4869] [com.apple.xpc:connection] [0x832cb5cc0] activating connection: mach=false listener=false peer=false name=(anonymous)
2026-09-14 11:42:48.397 Df PeachCommander[4825:4869] [com.apple.xpc:connection] [0x832cb5f40] activating connection: mach=false listener=true peer=false name=(anonymous)
2026-09-14 11:42:48.397 Df PeachCommander[4825:4869] [com.apple.xpc:connection] [0x832cb5f40] Connection returned listener port: 0xb703
2026-09-14 11:42:48.397 Df PeachCommander[4825:4869] [com.apple.xpc:connection] [0x832cb5e00] invalidated after the last release of the connection object
2026-09-14 11:42:48.397 I  PeachCommander[4825:4869] [com.apple.showhide:pr-59900543] SHOWHIDE: SHOW id=92 0x0-0x52052, err=0 eventTime=284288434083 windowID=0
2026-09-14 11:42:48.397 I  PeachCommander[4825:4869] [com.apple.CarbonCore:coreservicesdaemon] findOrCreateCacheable():findOrCreateCacheable(), factoryName=3 cacheableName=<private> fCacheables.size()=0
2026-09-14 11:42:48.398 I  PeachCommander[4825:4869] [com.apple.CarbonCore:coreservicesdaemon] findOrCreateCacheable():findOrCreateCacheable(), result = 0x832dcae00 (should be non-NULL)
2026-09-14 11:42:48.398 Df PeachCommander[4825:4869] [com.apple.AppKit:AutomaticTermination] void _NSDisableAutomaticTerminationAndLog(NSString *) Restoring windows
2026-09-14 11:42:48.398 Df PeachCommander[4825:4869] [com.apple.AppKit:StateRestoration] -[NSApplication _reopenWindowsAsNecessaryIncludingRestorableState:withFullFidelity:completionHandler:] shouldRestoreState=1 hasPersistentStateToRestore=0 shouldStillRestoreStateAfterPrompting=0
2026-09-14 11:42:48.398 Df PeachCommander[4825:4869] [com.apple.xpc:connection] [0x832cb5e00] activating connection: mach=true listener=false peer=false name=com.apple.window_proxies
2026-09-14 11:42:48.398 Df PeachCommander[4825:4869] [com.apple.xpc:connection] [0x832cb5e00] invalidated because the current process cancelled the connection by calling xpc_connection_cancel()
2026-09-14 11:42:48.398 I  PeachCommander[4825:4869] [com.apple.SkyLight:processes] 0[outside of RPC]: SLSSetFrontProcessWithInfo(0x0-0x2 window=0 options=0x1
2026-09-14 11:42:48.398 I  PeachCommander[4825:4869] [com.apple.CoreAnalytics:client] Dropping "com.apple.appkit.app_config" as it isn't used in any transform (not in the config or budgeted?)
2026-09-14 11:42:48.398 Df PeachCommander[4825:4869] [com.apple.AppKit:AutomaticTermination] void _NSEnableAutomaticTerminationAndLog(NSString *) Restoring windows
2026-09-14 11:42:48.401 I  PeachCommander[4825:4869] [com.apple.CoreAnalytics:client] Dropping "com.apple.appkit.app_config" as it isn't used in any transform (not in the config or budgeted?)
2026-09-14 11:42:48.401 I  PeachCommander[4825:4869] [com.apple.CoreAnalytics:client] Dropping "com.apple.appkit.app_config" as it isn't used in any transform (not in the config or budgeted?)
2026-09-14 11:42:48.412 A  PeachCommander[4825:4869] (CoreFoundation) Loading Preferences From User CFPrefsD
2026-09-14 11:42:48.417 I  PeachCommander[4825:4869] [com.peachcommander:PCFoundation] VolumeManager initialized
2026-09-14 11:42:48.433 A  PeachCommander[4825:4871] (RunningBoardServices) didChangeInheritances
2026-09-14 11:42:48.435 Df PeachCommander[4825:4869] [com.apple.BoardServices:XPCErrors] [C:1] Alloc <private>
2026-09-14 11:42:48.435 Df PeachCommander[4825:4869] [com.apple.xpc:connection] [0x832f55180] activating connection: mach=false listener=false peer=false name=(anonymous)
2026-09-14 11:42:48.437 I  PeachCommander[4825:4869] [com.apple.AppKit:Window] context (0 -> 49fc48a5) for window e4
2026-09-14 11:42:48.438 Df PeachCommander[4825:4876] [com.apple.corespotlight:index] (<private>) deleteSearchableItemsWithDomainIdentifiers, protectionClass:(null), domainIdentifiers number:1
2026-09-14 11:42:48.438 A  PeachCommander[4825:4876] (CoreSpotlight) delete-domains
2026-09-14 11:42:48.438 Df PeachCommander[4825:4876] [com.apple.corespotlight:index] CSInlineDonation:<private>: Skipping donation (feature flag disabled)
2026-09-14 11:42:48.438 Df PeachCommander[4825:4876] (CoreSpotlight) sConnectionName: com.apple.spotlight.IndexAgent
2026-09-14 11:42:48.438 Df PeachCommander[4825:4876] (CoreSpotlight) Start service name com.apple.spotlight.IndexAgent
2026-09-14 11:42:48.438 Df PeachCommander[4825:4876] [com.apple.xpc:connection] [0x832f55400] activating connection: mach=true listener=false peer=false name=com.apple.spotlight.IndexAgent
2026-09-14 11:42:48.439 I  PeachCommander[4825:4869] [com.peachcommander:PCFoundation] MainWindowController initialized (config: <private>)
2026-09-14 11:42:48.439 I  PeachCommander[4825:4869] [com.peachcommander:PCFoundation] SelectionState initialized
2026-09-14 11:42:48.439 I  PeachCommander[4825:4869] [com.peachcommander:PCFoundation] DirectoryModel initialized
2026-09-14 11:42:48.439 I  PeachCommander[4825:4869] [com.peachcommander:PCFoundation] VolumeManager initialized
2026-09-14 11:42:48.439 I  PeachCommander[4825:4869] [com.peachcommander:PCFoundation] PanelController initialized for <private> panel
2026-09-14 11:42:48.439 I  PeachCommander[4825:4869] [com.peachcommander:PCFoundation] SelectionState initialized
2026-09-14 11:42:48.439 I  PeachCommander[4825:4869] [com.peachcommander:PCFoundation] DirectoryModel initialized
2026-09-14 11:42:48.439 I  PeachCommander[4825:4869] [com.peachcommander:PCFoundation] VolumeManager initialized
2026-09-14 11:42:48.439 I  PeachCommander[4825:4869] [com.peachcommander:PCFoundation] PanelController initialized for <private> panel
2026-09-14 11:42:48.443 I  PeachCommander[4825:4869] [com.apple.AppKit:Animation] Running new animation: <private>
2026-09-14 11:42:48.443 I  PeachCommander[4825:4869] [com.apple.AppKit:Animation] Running new animation: <private>
2026-09-14 11:42:48.443 I  PeachCommander[4825:4869] [com.apple.AppKit:Animation] Running new animation: <private>
2026-09-14 11:42:48.443 I  PeachCommander[4825:4869] [com.apple.AppKit:Animation] Running new animation: <private>
2026-09-14 11:42:48.443 I  PeachCommander[4825:4869] [com.apple.AppKit:Animation] Running new animation: <private>
2026-09-14 11:42:48.445 I  PeachCommander[4825:4869] [com.apple.AppKit:Animation] Running new animation: <private>
2026-09-14 11:42:48.445 I  PeachCommander[4825:4869] [com.apple.AppKit:Animation] Running new animation: <private>
2026-09-14 11:42:48.445 I  PeachCommander[4825:4869] [com.apple.AppKit:Animation] Running new animation: <private>
2026-09-14 11:42:48.445 I  PeachCommander[4825:4869] [com.apple.AppKit:Animation] Running new animation: <private>
2026-09-14 11:42:48.445 I  PeachCommander[4825:4869] [com.apple.AppKit:Animation] Running new animation: <private>
2026-09-14 11:42:48.451 I  PeachCommander[4825:4869] [com.apple.CoreAnalytics:client] Dropping "com.apple.appkit.app_config" as it isn't used in any transform (not in the config or budgeted?)
2026-09-14 11:42:48.454 I  PeachCommander[4825:4869] [com.apple.CoreAnalytics:client] Dropping "com.apple.appkit.app_config" as it isn't used in any transform (not in the config or budgeted?)
2026-09-14 11:42:48.461 Df PeachCommander[4825:4869] [com.apple.xpc:connection] [0x8329bd680] activating connection: mach=true listener=false peer=false name=com.apple.iconservices
2026-09-14 11:42:48.462 Df PeachCommander[4825:4869] [com.apple.xpc:connection] [0x8329bd7c0] activating connection: mach=true listener=false peer=false name=com.apple.iconservices.store
2026-09-14 11:42:48.462 I  PeachCommander[4825:4869] [com.peachcommander:Theme] no user themes in /Users/admin/pc-cfg/themes
2026-09-14 11:42:48.462 Df PeachCommander[4825:4869] [com.apple.AppKit:Appearance] Invalidate NSApp effectiveAppearance
2026-09-14 11:42:48.462 Df PeachCommander[4825:4869] [com.apple.AppKit:Appearance] NSApp cache appearance:
-NSRequiresAquaSystemAppearance: 0
-appearance: <NSCompositeAppearance: 0x832c7d9a0
 (
    "<NSDarkAquaAppearance: 0x832c7da40>",
    "<NSSystemAppearance: 0x832c7c780>"
)>
-effectiveAppearance: <NSCompositeAppearance: 0x832c7d9a0
 (
    "<NSDarkAquaAppearance: 0x832c7da40>",
    "<NSSystemAppearance: 0x832c7c780>"
)>
2026-09-14 11:42:48.464 I  PeachCommander[4825:4869] [com.peachcommander:PCFoundation] Theme applied: id=system, appearance=dark, dark=true, background=#333333
2026-09-14 11:42:48.496 I  PeachCommander[4825:4869] [com.apple.AppKit:Image] ISImage reported a placeholder, image rep is providing a placeholder image for <private>
2026-09-14 11:42:48.496 I  PeachCommander[4825:4869] [com.apple.AppKit:Image] ISImage reported a placeholder, image rep is providing a placeholder image for <private>
2026-09-14 11:42:48.496 I  PeachCommander[4825:4869] [com.apple.CoreAnalytics:client] Dropping "com.apple.appkit.app_config" as it isn't used in any transform (not in the config or budgeted?)
2026-09-14 11:42:48.496 I  PeachCommander[4825:4876] [com.apple.iconservices:foundation] layer data size zero
2026-09-14 11:42:48.497 I  PeachCommander[4825:4875] [com.apple.iconservices:foundation] layer data size zero
2026-09-14 11:42:48.501 I  PeachCommander[4825:4869] [com.peachcommander:PCFoundation] Keymap loaded: scheme=<private>, 82 effective bindings
2026-09-14 11:42:48.503 I  PeachCommander[4825:4869] [com.apple.AppKit:Animation] Running new animation: <private>
2026-09-14 11:42:48.503 I  PeachCommander[4825:4869] [com.apple.AppKit:Animation] Running new animation: <private>
2026-09-14 11:42:48.503 I  PeachCommander[4825:4869] [com.apple.AppKit:Animation] Running new animation: <private>
2026-09-14 11:42:48.503 I  PeachCommander[4825:4869] [com.apple.AppKit:Animation] Running new animation: <private>
2026-09-14 11:42:48.503 I  PeachCommander[4825:4869] [com.apple.AppKit:Animation] Running new animation: <private>
2026-09-14 11:42:48.503 I  PeachCommander[4825:4869] [com.apple.AppKit:Animation] Running new animation: <private>
2026-09-14 11:42:48.503 I  PeachCommander[4825:4869] [com.apple.AppKit:Animation] Running new animation: <private>
2026-09-14 11:42:48.503 I  PeachCommander[4825:4869] [com.apple.AppKit:Animation] Running new animation: <private>
2026-09-14 11:42:48.503 I  PeachCommander[4825:4869] [com.apple.AppKit:Animation] Running new animation: <private>
2026-09-14 11:42:48.503 I  PeachCommander[4825:4869] [com.apple.AppKit:Animation] Running new animation: <private>
2026-09-14 11:42:48.507 I  PeachCommander[4825:4869] [com.apple.CoreAnalytics:client] Dropping "<private>" as it isn't used in any transform (not in the config or budgeted?)
2026-09-14 11:42:48.507 I  PeachCommander[4825:4869] [com.apple.CoreAnalytics:client] Dropping "<private>" as it isn't used in any transform (not in the config or budgeted?)
2026-09-14 11:42:48.507 I  PeachCommander[4825:4869] [com.apple.CoreAnalytics:client] Dropping "<private>" as it isn't used in any transform (not in the config or budgeted?)
2026-09-14 11:42:48.507 I  PeachCommander[4825:4869] [com.peachcommander:PCFoundation] MainWindowController window loaded
2026-09-14 11:42:48.508 I  PeachCommander[4825:4869] [com.apple.launchservices:cas] information in shared memory for 0x0-0x52052 with seed 535 was still valid, so using cached info { "ApplicationType"="Foreground", "BuildMachineOSBuild"="25E246", "BundleIdentifierLowerCase"="com.peachcommander.app", "CFBundleDevelopmentRegion"="en", "CFBundleDocumentTypes"=( { "CFBundleTypeName"="Peach Commander Plugin Package", "CFBundleTypeRole"="Viewer", "LSHandlerRank"="Owner", "LSItemContentTypes"=( "com.peachcommander.plugin-package") }), "CFBundleExecutable"="PeachCommander", "CFBundleExecutablePath"="/Users/admin/pc-test/PeachCommander.app/Contents/MacOS/PeachCommander", "CFBundleExecutablePathDeviceID"=16777228, "CFBundleExecutablePathINode"=487690, "CFBundleHelpBookFolder"="PeachCommander.help", "CFBundleHelpBookName"="Peach Commander Help", "CFBundleIconFile"="AppIcon", "CFBundleIconName"="AppIcon", "CFBundleIdentifier"="com.peachcommander.app", "CFBundleInfoDictionaryVersion"="6.0", "CFBundleName"="PeachCommander", "CFBundleNameLowerCase"="peachcommander", "CFBundleNumericVersion"=402685952, "CFBundlePackageType"="APPL", "CFBundleShortVersionString"="0.9.0", "CFBun<…>
2026-09-14 11:42:48.508 I  PeachCommander[4825:4869] [com.apple.launchservices:cas] information in shared memory for 0x0-0x52052 with seed 535 was still valid, so using cached info { "ApplicationType"="Foreground", "BuildMachineOSBuild"="25E246", "BundleIdentifierLowerCase"="com.peachcommander.app", "CFBundleDevelopmentRegion"="en", "CFBundleDocumentTypes"=( { "CFBundleTypeName"="Peach Commander Plugin Package", "CFBundleTypeRole"="Viewer", "LSHandlerRank"="Owner", "LSItemContentTypes"=( "com.peachcommander.plugin-package") }), "CFBundleExecutable"="PeachCommander", "CFBundleExecutablePath"="/Users/admin/pc-test/PeachCommander.app/Contents/MacOS/PeachCommander", "CFBundleExecutablePathDeviceID"=16777228, "CFBundleExecutablePathINode"=487690, "CFBundleHelpBookFolder"="PeachCommander.help", "CFBundleHelpBookName"="Peach Commander Help", "CFBundleIconFile"="AppIcon", "CFBundleIconName"="AppIcon", "CFBundleIdentifier"="com.peachcommander.app", "CFBundleInfoDictionaryVersion"="6.0", "CFBundleName"="PeachCommander", "CFBundleNameLowerCase"="peachcommander", "CFBundleNumericVersion"=402685952, "CFBundlePackageType"="APPL", "CFBundleShortVersionString"="0.9.0", "CFBun<…>
2026-09-14 11:42:48.509 I  PeachCommander[4825:4869] [com.apple.AppKit:Image] ISImage reported a placeholder, image rep is providing a placeholder image for <private>
2026-09-14 11:42:48.509 I  PeachCommander[4825:4869] [com.apple.AppKit:Image] ISImage reported a placeholder, image rep is providing a placeholder image for <private>
2026-09-14 11:42:48.516 I  PeachCommander[4825:4869] [com.apple.AppKit:Window] order window front conditionally: e4 related: 0
2026-09-14 11:42:48.516 Df PeachCommander[4825:4869] [com.apple.AppKit:AutomaticTermination] void _NSEnableAutomaticTerminationAndLog(NSString *) No windows open yet
2026-09-14 11:42:48.517 I  PeachCommander[4825:4869] [com.apple.AppKit:Intelligence] starting collection observation
2026-09-14 11:42:48.518 I  PeachCommander[4825:4869] [com.apple.SkyLight:processes] 0[outside of RPC]: SLSSetFrontProcessWithInfo(0x0-0x2 window=0 options=0x1
2026-09-14 11:42:48.518 Df PeachCommander[4825:4876] [com.apple.UIIntelligenceSupport:xpc] establishing connection to agent
2026-09-14 11:42:48.518 Df PeachCommander[4825:4876] [com.apple.xpc:session] [0x833cee530] Session created.
2026-09-14 11:42:48.518 Df PeachCommander[4825:4876] [com.apple.xpc:session] [0x833cee530] Session created from connection [0x8329be580]
2026-09-14 11:42:48.518 Df PeachCommander[4825:4876] [com.apple.xpc:connection] [0x8329be580] activating connection: mach=true listener=false peer=false name=com.apple.uiintelligencesupport.agent
2026-09-14 11:42:48.518 Df PeachCommander[4825:4876] [com.apple.xpc:session] [0x833cee530] Session activated
2026-09-14 11:42:48.518 I  PeachCommander[4825:4869] [com.apple.launchservices:cas] information in shared memory for 0x0-0x52052 with seed 535 was still valid, so using cached info { "ApplicationType"="Foreground", "BuildMachineOSBuild"="25E246", "BundleIdentifierLowerCase"="com.peachcommander.app", "CFBundleDevelopmentRegion"="en", "CFBundleDocumentTypes"=( { "CFBundleTypeName"="Peach Commander Plugin Package", "CFBundleTypeRole"="Viewer", "LSHandlerRank"="Owner", "LSItemContentTypes"=( "com.peachcommander.plugin-package") }), "CFBundleExecutable"="PeachCommander", "CFBundleExecutablePath"="/Users/admin/pc-test/PeachCommander.app/Contents/MacOS/PeachCommander", "CFBundleExecutablePathDeviceID"=16777228, "CFBundleExecutablePathINode"=487690, "CFBundleHelpBookFolder"="PeachCommander.help", "CFBundleHelpBookName"="Peach Commander Help", "CFBundleIconFile"="AppIcon", "CFBundleIconName"="AppIcon", "CFBundleIdentifier"="com.peachcommander.app", "CFBundleInfoDictionaryVersion"="6.0", "CFBundleName"="PeachCommander", "CFBundleNameLowerCase"="peachcommander", "CFBundleNumericVersion"=402685952, "CFBundlePackageType"="APPL", "CFBundleShortVersionString"="0.9.0", "CFBun<…>
2026-09-14 11:42:48.519 Df PeachCommander[4825:4875] [com.apple.UIIntelligenceSupport:xpc] Connection established with agent PID: 1210
2026-09-14 11:42:48.519 Df PeachCommander[4825:4869] [com.apple.xpc:connection] [0x8329be6c0] activating connection: mach=true listener=false peer=false name=com.apple.FileCoordination
2026-09-14 11:42:48.520 Df PeachCommander[4825:4875] [com.apple.foundation.filecoordination:presenter] Adding presenter AC05EE1E-C3E7-4726-9694-A40813164B9F for URL: <private>
2026-09-14 11:42:48.520 I  PeachCommander[4825:4869] [com.apple.launchservices:cas] information in shared memory for 0x0-0x52052 with seed 535 was still valid, so using cached info { "ApplicationType"="Foreground", "BuildMachineOSBuild"="25E246", "BundleIdentifierLowerCase"="com.peachcommander.app", "CFBundleDevelopmentRegion"="en", "CFBundleDocumentTypes"=( { "CFBundleTypeName"="Peach Commander Plugin Package", "CFBundleTypeRole"="Viewer", "LSHandlerRank"="Owner", "LSItemContentTypes"=( "com.peachcommander.plugin-package") }), "CFBundleExecutable"="PeachCommander", "CFBundleExecutablePath"="/Users/admin/pc-test/PeachCommander.app/Contents/MacOS/PeachCommander", "CFBundleExecutablePathDeviceID"=16777228, "CFBundleExecutablePathINode"=487690, "CFBundleHelpBookFolder"="PeachCommander.help", "CFBundleHelpBookName"="Peach Commander Help", "CFBundleIconFile"="AppIcon", "CFBundleIconName"="AppIcon", "CFBundleIdentifier"="com.peachcommander.app", "CFBundleInfoDictionaryVersion"="6.0", "CFBundleName"="PeachCommander", "CFBundleNameLowerCase"="peachcommander", "CFBundleNumericVersion"=402685952, "CFBundlePackageType"="APPL", "CFBundleShortVersionString"="0.9.0", "CFBun<…>
2026-09-14 11:42:48.524 I  PeachCommander[4825:4869] [com.apple.AppKit:Window] order all windows front 284288434083
2026-09-14 11:42:48.524 I  PeachCommander[4825:4869] [com.apple.launchservices:cas] information in shared memory for 0x0-0x52052 with seed 535 was still valid, so using cached info { "ApplicationType"="Foreground", "BuildMachineOSBuild"="25E246", "BundleIdentifierLowerCase"="com.peachcommander.app", "CFBundleDevelopmentRegion"="en", "CFBundleDocumentTypes"=( { "CFBundleTypeName"="Peach Commander Plugin Package", "CFBundleTypeRole"="Viewer", "LSHandlerRank"="Owner", "LSItemContentTypes"=( "com.peachcommander.plugin-package") }), "CFBundleExecutable"="PeachCommander", "CFBundleExecutablePath"="/Users/admin/pc-test/PeachCommander.app/Contents/MacOS/PeachCommander", "CFBundleExecutablePathDeviceID"=16777228, "CFBundleExecutablePathINode"=487690, "CFBundleHelpBookFolder"="PeachCommander.help", "CFBundleHelpBookName"="Peach Commander Help", "CFBundleIconFile"="AppIcon", "CFBundleIconName"="AppIcon", "CFBundleIdentifier"="com.peachcommander.app", "CFBundleInfoDictionaryVersion"="6.0", "CFBundleName"="PeachCommander", "CFBundleNameLowerCase"="peachcommander", "CFBundleNumericVersion"=402685952, "CFBundlePackageType"="APPL", "CFBundleShortVersionString"="0.9.0", "CFBun<…>
2026-09-14 11:42:48.524 I  PeachCommander[4825:4869] [com.apple.showhide:pr-59900543] SHOWHIDE: CONFIRM, id=92, err=0
2026-09-14 11:42:48.524 I  PeachCommander[4825:4869] [com.apple.AppKit:Window] context (0 -> 6131e33e) for window e3
2026-09-14 11:42:48.524 I  PeachCommander[4825:4869] [com.apple.AppKit:Window] context (0 -> 8f88554f) for window e2
2026-09-14 11:42:48.524 I  PeachCommander[4825:4869] [com.apple.AppKit:Window] context (0 -> b553a033) for window e1
2026-09-14 11:42:48.524 I  PeachCommander[4825:4869] [com.apple.AppKit:Window] context (0 -> e9f06dfb) for window e0
2026-09-14 11:42:48.553 Df PeachCommander[4825:4869] [com.apple.AppKit:AutomaticTermination] void _updateToReflectAutomaticTerminationState(void) Setting _kLSApplicationWouldBeTerminatedByTALKey=0
2026-09-14 11:42:48.555 I  PeachCommander[4825:4869] [com.apple.runningboard:assertion] Acquiring assertion: <RBSAssertionDescriptor| "AppNap adapter assertion" ID:(null) target:4825>
2026-09-14 11:42:48.556 I  PeachCommander[4825:4869] [com.apple.AppKit:Image] ISImage reported a placeholder, image rep is providing a placeholder image for <private>
2026-09-14 11:42:48.556 I  PeachCommander[4825:4869] [com.apple.AppKit:Image] ISImage reported a placeholder, image rep is providing a placeholder image for <private>
2026-09-14 11:42:48.556 I  PeachCommander[4825:4869] [com.apple.AppKit:Image] ISImage reported a placeholder, image rep is providing a placeholder image for <private>
2026-09-14 11:42:48.557 I  PeachCommander[4825:4869] [com.apple.AppKit:Image] ISImage reported a placeholder, image rep is providing a placeholder image for <private>
2026-09-14 11:42:48.557 I  PeachCommander[4825:4869] [com.apple.AppKit:Image] ISImage reported a placeholder, image rep is providing a placeholder image for <private>
2026-09-14 11:42:48.557 I  PeachCommander[4825:4869] [com.apple.AppKit:Image] ISImage reported a placeholder, image rep is providing a placeholder image for <private>
2026-09-14 11:42:48.589 A  PeachCommander[4825:487b] (RunningBoardServices) didChangeInheritances
2026-09-14 11:42:48.617 Df PeachCommander[4825:4869] [com.apple.libsystem.libdispatch:] DEPRECATED USE in libdispatch client: dispatch source activated with no event handler set; set a breakpoint on _dispatch_bug_deprecated to debug
2026-09-14 11:42:48.689 I  PeachCommander[4825:4869] [com.apple.AppKit:Image] ISImage reported a placeholder, image rep is providing a placeholder image for <private>
2026-09-14 11:42:48.689 I  PeachCommander[4825:4869] [com.apple.AppKit:Image] ISImage reported a placeholder, image rep is providing a placeholder image for <private>
2026-09-14 11:42:48.689 I  PeachCommander[4825:4869] [com.apple.AppKit:Image] ISImage reported a placeholder, image rep is providing a placeholder image for <private>
2026-09-14 11:42:48.695 I  PeachCommander[4825:4869] [com.apple.AppKit:Image] ISImage reported a placeholder, image rep is providing a placeholder image for <private>
2026-09-14 11:42:48.696 I  PeachCommander[4825:4869] [com.apple.AppKit:Image] ISImage reported a placeholder, image rep is providing a placeholder image for <private>
2026-09-14 11:42:48.699 I  PeachCommander[4825:4869] [com.apple.AppKit:Image] ISImage reported a placeholder, image rep is providing a placeholder image for <private>
2026-09-14 11:42:48.699 I  PeachCommander[4825:4869] [com.apple.AppKit:Image] ISImage reported a placeholder, image rep is providing a placeholder image for <private>
2026-09-14 11:42:48.701 I  PeachCommander[4825:4869] [com.apple.AppKit:Image] ISImage reported a placeholder, image rep is providing a placeholder image for <private>
2026-09-14 11:42:48.702 I  PeachCommander[4825:4869] [com.apple.AppKit:Image] ISImage reported a placeholder, image rep is providing a placeholder image for <private>
2026-09-14 11:42:48.745 I  PeachCommander[4825:4869] [com.apple.AppKit:Image] ISImage reported a placeholder, image rep is providing a placeholder image for <private>
2026-09-14 11:42:48.747 A  PeachCommander[4825:487b] (CoreFoundation) Loading Preferences From System CFPrefsD
2026-09-14 11:42:48.750 I  PeachCommander[4825:4869] [com.apple.AppKit:Image] ISImage reported a placeholder, image rep is providing a placeholder image for <private>
2026-09-14 11:42:48.751 I  PeachCommander[4825:4869] [com.apple.AppKit:Image] ISImage reported a placeholder, image rep is providing a placeholder image for <private>
2026-09-14 11:42:48.751 I  PeachCommander[4825:4869] [com.apple.AppKit:Image] ISImage reported a placeholder, image rep is providing a placeholder image for <private>
2026-09-14 11:42:48.753 I  PeachCommander[4825:4869] [com.apple.AppKit:Image] ISImage reported a placeholder, image rep is providing a placeholder image for <private>
2026-09-14 11:42:48.753 I  PeachCommander[4825:4869] [com.apple.AppKit:Image] ISImage reported a placeholder, image rep is providing a placeholder image for <private>
2026-09-14 11:42:48.755 I  PeachCommander[4825:4869] [com.apple.AppKit:Image] ISImage reported a placeholder, image rep is providing a placeholder image for <private>
2026-09-14 11:42:48.755 I  PeachCommander[4825:4869] [com.apple.AppKit:Image] ISImage reported a placeholder, image rep is providing a placeholder image for <private>
2026-09-14 11:42:48.756 I  PeachCommander[4825:4869] [com.apple.AppKit:Image] ISImage reported a placeholder, image rep is providing a placeholder image for <private>
2026-09-14 11:42:48.756 I  PeachCommander[4825:4869] [com.apple.AppKit:Image] ISImage reported a placeholder, image rep is providing a placeholder image for <private>
2026-09-14 11:42:48.757 I  PeachCommander[4825:4869] [com.apple.AppKit:Image] ISImage reported a placeholder, image rep is providing a placeholder image for <private>
2026-09-14 11:42:48.757 I  PeachCommander[4825:4869] [com.apple.AppKit:Image] ISImage reported a placeholder, image rep is providing a placeholder image for <private>
2026-09-14 11:42:48.758 I  PeachCommander[4825:4869] [com.apple.AppKit:Image] ISImage reported a placeholder, image rep is providing a placeholder image for <private>
2026-09-14 11:42:48.758 I  PeachCommander[4825:4869] [com.apple.AppKit:Image] ISImage reported a placeholder, image rep is providing a placeholder image for <private>
2026-09-14 11:42:48.759 I  PeachCommander[4825:4869] [com.apple.AppKit:Image] ISImage reported a placeholder, image rep is providing a placeholder image for <private>
2026-09-14 11:42:48.759 I  PeachCommander[4825:4869] [com.apple.AppKit:Image] ISImage reported a placeholder, image rep is providing a placeholder image for <private>
2026-09-14 11:42:48.761 I  PeachCommander[4825:4869] [com.apple.AppKit:Image] ISImage reported a placeholder, image rep is providing a placeholder image for <private>
2026-09-14 11:42:48.761 I  PeachCommander[4825:4869] [com.apple.AppKit:Image] ISImage reported a placeholder, image rep is providing a placeholder image for <private>
2026-09-14 11:42:48.762 I  PeachCommander[4825:4869] [com.apple.AppKit:Image] ISImage reported a placeholder, image rep is providing a placeholder image for <private>
2026-09-14 11:42:48.762 I  PeachCommander[4825:4869] [com.apple.AppKit:Image] ISImage reported a placeholder, image rep is providing a placeholder image for <private>
2026-09-14 11:42:48.763 I  PeachCommander[4825:4869] [com.apple.AppKit:Image] ISImage reported a placeholder, image rep is providing a placeholder image for <private>
2026-09-14 11:42:48.763 I  PeachCommander[4825:4869] [com.apple.AppKit:Image] ISImage reported a placeholder, image rep is providing a placeholder image for <private>
2026-09-14 11:42:48.764 I  PeachCommander[4825:4869] [com.apple.AppKit:Image] ISImage reported a placeholder, image rep is providing a placeholder image for <private>
2026-09-14 11:42:48.764 I  PeachCommander[4825:4869] [com.apple.AppKit:Image] ISImage reported a placeholder, image rep is providing a placeholder image for <private>
2026-09-14 11:42:48.765 I  PeachCommander[4825:4869] [com.apple.AppKit:Image] ISImage reported a placeholder, image rep is providing a placeholder image for <private>
2026-09-14 11:42:48.765 I  PeachCommander[4825:4869] [com.apple.AppKit:Image] ISImage reported a placeholder, image rep is providing a placeholder image for <private>
2026-09-14 11:42:48.766 I  PeachCommander[4825:4869] [com.apple.AppKit:Image] ISImage reported a placeholder, image rep is providing a placeholder image for <private>
2026-09-14 11:42:48.766 I  PeachCommander[4825:4869] [com.apple.AppKit:Image] ISImage reported a placeholder, image rep is providing a placeholder image for <private>
2026-09-14 11:42:48.767 I  PeachCommander[4825:4869] [com.apple.AppKit:Image] ISImage reported a placeholder, image rep is providing a placeholder image for <private>
2026-09-14 11:42:48.767 I  PeachCommander[4825:4869] [com.apple.AppKit:Image] ISImage reported a placeholder, image rep is providing a placeholder image for <private>
2026-09-14 11:42:48.768 I  PeachCommander[4825:4869] [com.apple.AppKit:Image] ISImage reported a placeholder, image rep is providing a placeholder image for <private>
2026-09-14 11:42:48.768 I  PeachCommander[4825:4869] [com.apple.AppKit:Image] ISImage reported a placeholder, image rep is providing a placeholder image for <private>
2026-09-14 11:42:48.770 I  PeachCommander[4825:4869] [com.apple.AppKit:Image] ISImage reported a placeholder, image rep is providing a placeholder image for <private>
2026-09-14 11:42:48.770 I  PeachCommander[4825:4869] [com.apple.AppKit:Image] ISImage reported a placeholder, image rep is providing a placeholder image for <private>
2026-09-14 11:42:48.771 I  PeachCommander[4825:4869] [com.apple.AppKit:Image] ISImage reported a placeholder, image rep is providing a placeholder image for <private>
2026-09-14 11:42:48.771 I  PeachCommander[4825:4869] [com.apple.AppKit:Image] ISImage reported a placeholder, image rep is providing a placeholder image for <private>
2026-09-14 11:42:48.772 I  PeachCommander[4825:4869] [com.apple.AppKit:Image] ISImage reported a placeholder, image rep is providing a placeholder image for <private>
2026-09-14 11:42:48.772 I  PeachCommander[4825:4869] [com.apple.AppKit:Image] ISImage reported a placeholder, image rep is providing a placeholder image for <private>
2026-09-14 11:42:48.773 I  PeachCommander[4825:4869] [com.apple.AppKit:Image] ISImage reported a placeholder, image rep is providing a placeholder image for <private>
2026-09-14 11:42:48.773 I  PeachCommander[4825:4869] [com.apple.AppKit:Image] ISImage reported a placeholder, image rep is providing a placeholder image for <private>
2026-09-14 11:42:48.774 I  PeachCommander[4825:4869] [com.apple.AppKit:Image] ISImage reported a placeholder, image rep is providing a placeholder image for <private>
2026-09-14 11:42:48.774 I  PeachCommander[4825:4869] [com.apple.AppKit:Image] ISImage reported a placeholder, image rep is providing a placeholder image for <private>
2026-09-14 11:42:48.775 I  PeachCommander[4825:4869] [com.apple.AppKit:Image] ISImage reported a placeholder, image rep is providing a placeholder image for <private>
2026-09-14 11:42:48.775 I  PeachCommander[4825:4869] [com.apple.AppKit:Image] ISImage reported a placeholder, image rep is providing a placeholder image for <private>
2026-09-14 11:42:48.776 I  PeachCommander[4825:4869] [com.apple.AppKit:Image] ISImage reported a placeholder, image rep is providing a placeholder image for <private>
2026-09-14 11:42:48.776 I  PeachCommander[4825:4869] [com.apple.AppKit:Image] ISImage reported a placeholder, image rep is providing a placeholder image for <private>
2026-09-14 11:42:48.777 I  PeachCommander[4825:4869] [com.apple.AppKit:Image] ISImage reported a placeholder, image rep is providing a placeholder image for <private>
2026-09-14 11:42:48.778 I  PeachCommander[4825:4869] [com.apple.AppKit:Image] ISImage reported a placeholder, image rep is providing a placeholder image for <private>
2026-09-14 11:42:48.779 I  PeachCommander[4825:4869] [com.apple.AppKit:Image] ISImage reported a placeholder, image rep is providing a placeholder image for <private>
2026-09-14 11:42:48.779 I  PeachCommander[4825:4869] [com.apple.AppKit:Image] ISImage reported a placeholder, image rep is providing a placeholder image for <private>
2026-09-14 11:42:48.780 I  PeachCommander[4825:4869] [com.apple.AppKit:Image] ISImage reported a placeholder, image rep is providing a placeholder image for <private>
2026-09-14 11:42:48.780 I  PeachCommander[4825:4869] [com.apple.AppKit:Image] ISImage reported a placeholder, image rep is providing a placeholder image for <private>
2026-09-14 11:42:48.781 I  PeachCommander[4825:4869] [com.apple.AppKit:Image] ISImage reported a placeholder, image rep is providing a placeholder image for <private>
2026-09-14 11:42:48.781 I  PeachCommander[4825:4869] [com.apple.AppKit:Image] ISImage reported a placeholder, image rep is providing a placeholder image for <private>
2026-09-14 11:42:48.782 I  PeachCommander[4825:4869] [com.apple.AppKit:Image] ISImage reported a placeholder, image rep is providing a placeholder image for <private>
2026-09-14 11:42:48.782 I  PeachCommander[4825:4869] [com.apple.AppKit:Image] ISImage reported a placeholder, image rep is providing a placeholder image for <private>
2026-09-14 11:42:48.796 I  PeachCommander[4825:4869] [com.apple.AppKit:Image] ISImage reported a placeholder, image rep is providing a placeholder image for <private>
2026-09-14 11:42:48.797 I  PeachCommander[4825:4869] [com.apple.AppKit:Image] ISImage reported a placeholder, image rep is providing a placeholder image for <private>
2026-09-14 11:42:48.798 I  PeachCommander[4825:4869] [com.apple.AppKit:Image] ISImage reported a placeholder, image rep is providing a placeholder image for <private>
2026-09-14 11:42:48.798 I  PeachCommander[4825:4869] [com.apple.AppKit:Image] ISImage reported a placeholder, image rep is providing a placeholder image for <private>
2026-09-14 11:42:48.799 I  PeachCommander[4825:4869] [com.apple.AppKit:Image] ISImage reported a placeholder, image rep is providing a placeholder image for <private>
2026-09-14 11:42:48.799 I  PeachCommander[4825:4869] [com.apple.AppKit:Image] ISImage reported a placeholder, image rep is providing a placeholder image for <private>
2026-09-14 11:42:48.800 I  PeachCommander[4825:4869] [com.apple.AppKit:Image] ISImage reported a placeholder, image rep is providing a placeholder image for <private>
2026-09-14 11:42:48.800 I  PeachCommander[4825:4869] [com.apple.AppKit:Image] ISImage reported a placeholder, image rep is providing a placeholder image for <private>
2026-09-14 11:42:48.802 I  PeachCommander[4825:4869] [com.apple.AppKit:Image] ISImage reported a placeholder, image rep is providing a placeholder image for <private>
2026-09-14 11:42:48.802 I  PeachCommander[4825:4869] [com.apple.AppKit:Image] ISImage reported a placeholder, image rep is providing a placeholder image for <private>
2026-09-14 11:42:48.804 I  PeachCommander[4825:4869] [com.apple.AppKit:Image] ISImage reported a placeholder, image rep is providing a placeholder image for <private>
2026-09-14 11:42:48.804 I  PeachCommander[4825:4869] [com.apple.AppKit:Image] ISImage reported a placeholder, image rep is providing a placeholder image for <private>
2026-09-14 11:42:48.805 I  PeachCommander[4825:4869] [com.apple.AppKit:Image] ISImage reported a placeholder, image rep is providing a placeholder image for <private>
2026-09-14 11:42:48.805 I  PeachCommander[4825:4869] [com.apple.AppKit:Image] ISImage reported a placeholder, image rep is providing a placeholder image for <private>
2026-09-14 11:42:48.807 I  PeachCommander[4825:4869] [com.apple.AppKit:Image] ISImage reported a placeholder, image rep is providing a placeholder image for <private>
2026-09-14 11:42:48.807 I  PeachCommander[4825:4869] [com.apple.AppKit:Image] ISImage reported a placeholder, image rep is providing a placeholder image for <private>
2026-09-14 11:42:48.808 I  PeachCommander[4825:4869] [com.apple.AppKit:Image] ISImage reported a placeholder, image rep is providing a placeholder image for <private>
2026-09-14 11:42:48.808 I  PeachCommander[4825:4869] [com.apple.AppKit:Image] ISImage reported a placeholder, image rep is providing a placeholder image for <private>
2026-09-14 11:42:48.809 I  PeachCommander[4825:4869] [com.apple.AppKit:Image] ISImage reported a placeholder, image rep is providing a placeholder image for <private>
2026-09-14 11:42:48.809 I  PeachCommander[4825:4869] [com.apple.AppKit:Image] ISImage reported a placeholder, image rep is providing a placeholder image for <private>
2026-09-14 11:42:48.810 I  PeachCommander[4825:4869] [com.apple.AppKit:Image] ISImage reported a placeholder, image rep is providing a placeholder image for <private>
2026-09-14 11:42:48.810 I  PeachCommander[4825:4869] [com.apple.AppKit:Image] ISImage reported a placeholder, image rep is providing a placeholder image for <private>
2026-09-14 11:42:48.811 I  PeachCommander[4825:4869] [com.apple.AppKit:Image] ISImage reported a placeholder, image rep is providing a placeholder image for <private>
2026-09-14 11:42:48.811 I  PeachCommander[4825:4869] [com.apple.AppKit:Image] ISImage reported a placeholder, image rep is providing a placeholder image for <private>
2026-09-14 11:42:48.813 I  PeachCommander[4825:4869] [com.apple.AppKit:Image] ISImage reported a placeholder, image rep is providing a placeholder image for <private>
2026-09-14 11:42:48.813 I  PeachCommander[4825:4869] [com.apple.AppKit:Image] ISImage reported a placeholder, image rep is providing a placeholder image for <private>
2026-09-14 11:42:48.814 I  PeachCommander[4825:4869] [com.apple.AppKit:Image] ISImage reported a placeholder, image rep is providing a placeholder image for <private>
2026-09-14 11:42:48.814 I  PeachCommander[4825:4869] [com.apple.AppKit:Image] ISImage reported a placeholder, image rep is providing a placeholder image for <private>
2026-09-14 11:42:48.815 I  PeachCommander[4825:4869] [com.apple.AppKit:Image] ISImage reported a placeholder, image rep is providing a placeholder image for <private>
2026-09-14 11:42:48.815 I  PeachCommander[4825:4869] [com.apple.AppKit:Image] ISImage reported a placeholder, image rep is providing a placeholder image for <private>
2026-09-14 11:42:48.817 I  PeachCommander[4825:4869] [com.apple.AppKit:Image] ISImage reported a placeholder, image rep is providing a placeholder image for <private>
2026-09-14 11:42:48.817 I  PeachCommander[4825:4869] [com.apple.AppKit:Image] ISImage reported a placeholder, image rep is providing a placeholder image for <private>
2026-09-14 11:42:48.818 I  PeachCommander[4825:4869] [com.apple.AppKit:Image] ISImage reported a placeholder, image rep is providing a placeholder image for <private>
2026-09-14 11:42:48.818 I  PeachCommander[4825:4869] [com.apple.AppKit:Image] ISImage reported a placeholder, image rep is providing a placeholder image for <private>
2026-09-14 11:42:48.820 I  PeachCommander[4825:4869] [com.apple.AppKit:Image] ISImage reported a placeholder, image rep is providing a placeholder image for <private>
2026-09-14 11:42:48.821 I  PeachCommander[4825:4869] [com.apple.AppKit:Image] ISImage reported a placeholder, image rep is providing a placeholder image for <private>
2026-09-14 11:42:48.822 I  PeachCommander[4825:4869] [com.apple.AppKit:Image] ISImage reported a placeholder, image rep is providing a placeholder image for <private>
2026-09-14 11:42:48.822 I  PeachCommander[4825:4869] [com.apple.AppKit:Image] ISImage reported a placeholder, image rep is providing a placeholder image for <private>
2026-09-14 11:42:48.823 I  PeachCommander[4825:4869] [com.apple.AppKit:Image] ISImage reported a placeholder, image rep is providing a placeholder image for <private>
2026-09-14 11:42:48.823 I  PeachCommander[4825:4869] [com.apple.AppKit:Image] ISImage reported a placeholder, image rep is providing a placeholder image for <private>
2026-09-14 11:42:48.825 I  PeachCommander[4825:4869] [com.apple.AppKit:Image] ISImage reported a placeholder, image rep is providing a placeholder image for <private>
2026-09-14 11:42:48.825 I  PeachCommander[4825:4869] [com.apple.AppKit:Image] ISImage reported a placeholder, image rep is providing a placeholder image for <private>
2026-09-14 11:42:48.826 I  PeachCommander[4825:4869] [com.apple.AppKit:Image] ISImage reported a placeholder, image rep is providing a placeholder image for <private>
2026-09-14 11:42:48.826 I  PeachCommander[4825:4869] [com.apple.AppKit:Image] ISImage reported a placeholder, image rep is providing a placeholder image for <private>
2026-09-14 11:42:48.827 I  PeachCommander[4825:4869] [com.apple.AppKit:Image] ISImage reported a placeholder, image rep is providing a placeholder image for <private>
2026-09-14 11:42:48.827 I  PeachCommander[4825:4869] [com.apple.AppKit:Image] ISImage reported a placeholder, image rep is providing a placeholder image for <private>
2026-09-14 11:42:48.828 I  PeachCommander[4825:4869] [com.apple.AppKit:Image] ISImage reported a placeholder, image rep is providing a placeholder image for <private>
2026-09-14 11:42:48.828 I  PeachCommander[4825:4869] [com.apple.AppKit:Image] ISImage reported a placeholder, image rep is providing a placeholder image for <private>
2026-09-14 11:42:48.829 I  PeachCommander[4825:4869] [com.apple.AppKit:Image] ISImage reported a placeholder, image rep is providing a placeholder image for <private>
2026-09-14 11:42:48.829 I  PeachCommander[4825:4869] [com.apple.AppKit:Image] ISImage reported a placeholder, image rep is providing a placeholder image for <private>
2026-09-14 11:42:48.830 I  PeachCommander[4825:4869] [com.apple.AppKit:Image] ISImage reported a placeholder, image rep is providing a placeholder image for <private>
2026-09-14 11:42:48.830 I  PeachCommander[4825:4869] [com.apple.AppKit:Image] ISImage reported a placeholder, image rep is providing a placeholder image for <private>
2026-09-14 11:42:48.832 I  PeachCommander[4825:4869] [com.apple.AppKit:Image] ISImage reported a placeholder, image rep is providing a placeholder image for <private>
2026-09-14 11:42:48.832 I  PeachCommander[4825:4869] [com.apple.AppKit:Image] ISImage reported a placeholder, image rep is providing a placeholder image for <private>
2026-09-14 11:42:48.912 I  PeachCommander[4825:4869] [com.apple.iconservices:foundation] layer data size zero
2026-09-14 11:42:48.913 A  PeachCommander[4825:4869] (CoreFoundation) Loading Preferences From User CFPrefsD
2026-09-14 11:42:48.913 I  PeachCommander[4825:4869] [com.apple.CoreAnalytics:client] Dropping "com.apple.ImageIO.readerSelection" as it isn't used in any transform (not in the config or budgeted?)
2026-09-14 11:42:48.939 I  PeachCommander[4825:4869] [com.apple.coreanimation:Utilities] IOSurface Compression Enabled: NO
2026-09-14 11:42:48.940 Df PeachCommander[4825:487b] [com.apple.coreanimation:Metal] Precompiled pipelines disabled on unsupported hardware.
2026-09-14 11:42:48.949 I  PeachCommander[4825:4869] [com.apple.CarbonCore:gestalt] SetGestaltValuesBulk SetGestaltValuesBulk( count=22 tuples=0x18da12650
2026-09-14 11:42:48.949 I  PeachCommander[4825:4869] [com.apple.CarbonCore:gestalt] SetGestaltValue SetGestaltValue(alis 1C9) => 0
2026-09-14 11:42:48.949 I  PeachCommander[4825:4869] [com.apple.CarbonCore:gestalt] SetGestaltValue SetGestaltValue(os   FE) => 0
2026-09-14 11:42:48.949 I  PeachCommander[4825:4869] [com.apple.CarbonCore:gestalt] SetGestaltValue SetGestaltValue(addr 7) => 0
2026-09-14 11:42:48.949 I  PeachCommander[4825:4869] [com.apple.CarbonCore:gestalt] SetGestaltValue SetGestaltValue(fs   3D332) => 0
2026-09-14 11:42:48.949 I  PeachCommander[4825:4869] [com.apple.CarbonCore:gestalt] SetGestaltValue SetGestaltValue(fold 11) => 0
2026-09-14 11:42:48.949 I  PeachCommander[4825:4869] [com.apple.CarbonCore:gestalt] SetGestaltValue SetGestaltValue(lram 7FFFF000) => 0
2026-09-14 11:42:48.949 I  PeachCommander[4825:4869] [com.apple.CarbonCore:gestalt] SetGestaltValue SetGestaltValue(mmap 1) => 0
2026-09-14 11:42:48.949 I  PeachCommander[4825:4869] [com.apple.CarbonCore:gestalt] SetGestaltValue SetGestaltValue(cfrg 1) => 0
2026-09-14 11:42:48.949 I  PeachCommander[4825:4869] [com.apple.CarbonCore:gestalt] SetGestaltValue SetGestaltValue(thds 7) => 0
2026-09-14 11:42:48.949 I  PeachCommander[4825:4869] [com.apple.CarbonCore:gestalt] SetGestaltValue SetGestaltValue(tmgr E) => 0
2026-09-14 11:42:48.949 I  PeachCommander[4825:4869] [com.apple.CarbonCore:gestalt] SetGestaltValue SetGestaltValue(vers 7) => 0
2026-09-14 11:42:48.949 I  PeachCommander[4825:4869] [com.apple.CarbonCore:gestalt] SetGestaltValue SetGestaltValue(cbon 160) => 0
2026-09-14 11:42:48.949 I  PeachCommander[4825:4869] [com.apple.CarbonCore:gestalt] SetGestaltValue SetGestaltValue(cltn 1108000) => 0
2026-09-14 11:42:48.949 I  PeachCommander[4825:4869] [com.apple.CarbonCore:gestalt] SetGestaltValue SetGestaltValue(cpnt 8) => 0
2026-09-14 11:42:48.949 I  PeachCommander[4825:4869] [com.apple.CarbonCore:gestalt] SetGestaltValue SetGestaltValue(rsrc 3) => 0
2026-09-14 11:42:48.949 I  PeachCommander[4825:4869] [com.apple.CarbonCore:gestalt] SetGestaltValue SetGestaltValue(rmbg 11F) => 0
2026-09-14 11:42:48.949 I  PeachCommander[4825:4869] [com.apple.CarbonCore:gestalt] SetGestaltValue SetGestaltValue(vm   11) => 0
2026-09-14 11:42:48.949 I  PeachCommander[4825:4869] [com.apple.CarbonCore:gestalt] SetGestaltValue SetGestaltValue(srad 4170706C) => 0
2026-09-14 11:42:48.949 I  PeachCommander[4825:4869] [com.apple.CarbonCore:gestalt] SetGestaltValue SetGestaltValue(sysa 14) => 0
2026-09-14 11:42:48.949 I  PeachCommander[4825:4869] [com.apple.CarbonCore:gestalt] SetGestaltValue SetGestaltValue(copl 9) => 0
2026-09-14 11:42:48.949 I  PeachCommander[4825:4869] [com.apple.CarbonCore:gestalt] SetGestaltValue SetGestaltValue(xlat 0) => 0
2026-09-14 11:42:48.949 I  PeachCommander[4825:4869] [com.apple.CarbonCore:gestalt] SetGestaltValue SetGestaltValue(stdf 0) => 0
2026-09-14 11:42:48.949 I  PeachCommander[4825:4869] [com.apple.CarbonCore:gestalt] _NewGestalt _NewGestalt(ram  0x18d98b644) => 0
2026-09-14 11:42:48.949 I  PeachCommander[4825:4869] [com.apple.CarbonCore:gestalt] _NewGestalt _NewGestalt(ramm 0x18d98b644) => 0
2026-09-14 11:42:48.949 I  PeachCommander[4825:4869] [com.apple.CarbonCore:gestalt] _NewGestalt _NewGestalt(cput 0x18d98b734) => 0
2026-09-14 11:42:48.949 I  PeachCommander[4825:4869] [com.apple.CarbonCore:gestalt] _NewGestalt _NewGestalt(cpuf 0x18d98b764) => 0
2026-09-14 11:42:48.949 I  PeachCommander[4825:4869] [com.apple.CarbonCore:gestalt] _NewGestalt _NewGestalt(bclk 0x18d98b794) => 0
2026-09-14 11:42:48.949 I  PeachCommander[4825:4869] [com.apple.CarbonCore:gestalt] _NewGestalt _NewGestalt(bclm 0x18d98b794) => 0
2026-09-14 11:42:48.949 I  PeachCommander[4825:4869] [com.apple.CarbonCore:gestalt] _NewGestalt _NewGestalt(pclk 0x18d98b834) => 0
2026-09-14 11:42:48.949 I  PeachCommander[4825:4869] [com.apple.CarbonCore:gestalt] _NewGestalt _NewGestalt(mclk 0x18d98b834) => 0
2026-09-14 11:42:48.949 I  PeachCommander[4825:4869] [com.apple.CarbonCore:gestalt] _NewGestalt _NewGestalt(a/ux 0x18d98b94c) => 0
2026-09-14 11:42:48.949 I  PeachCommander[4825:4869] [com.apple.CarbonCore:gestalt] _NewGestalt _NewGestalt(pgsz 0x18d98b954) => 0
2026-09-14 11:42:48.949 I  PeachCommander[4825:4869] [com.apple.CarbonCore:gestalt] _NewGestalt _NewGestalt(csiz 0x18d98b994) => 0
2026-09-14 11:42:48.949 I  PeachCommander[4825:4869] [com.apple.CarbonCore:gestalt] _NewGestalt _NewGestalt(sysv 0x18d936dfc) => 0
2026-09-14 11:42:48.949 I  PeachCommander[4825:4869] [com.apple.CarbonCore:gestalt] _NewGestalt _NewGestalt(sys1 0x18d936dfc) => 0
2026-09-14 11:42:48.949 I  PeachCommander[4825:4869] [com.apple.CarbonCore:gestalt] _NewGestalt _NewGestalt(sys2 0x18d936dfc) => 0
2026-09-14 11:42:48.949 I  PeachCommander[4825:4869] [com.apple.CarbonCore:gestalt] _NewGestalt _NewGestalt(sys3 0x18d936dfc) => 0
2026-09-14 11:42:48.949 I  PeachCommander[4825:4869] [com.apple.CarbonCore:gestalt] _NewGestalt _NewGestalt(cdfl 0x18d98b9d4) => 0
2026-09-14 11:42:48.949 I  PeachCommander[4825:4869] [com.apple.CarbonCore:gestalt] _NewGestalt _NewGestalt(cdrm 0x18d98bc30) => 0
2026-09-14 11:42:48.949 I  PeachCommander[4825:4869] [com.apple.CarbonCore:gestalt] _NewGestalt _NewGestalt(cpus 0x18d98bc78) => 0
2026-09-14 11:42:48.949 I  PeachCommander[4825:4869] [com.apple.CarbonCore:gestalt] SetGestaltValue SetGestaltValue(swex 1) => 0
2026-09-14 11:42:48.949 Df PeachCommander[4825:4869] [com.apple.xpc:connection] [0x8329bf980] activating connection: mach=false listener=false peer=false name=com.apple.hiservices-xpcservice
2026-09-14 11:42:48.950 I  PeachCommander[4825:4869] [com.apple.CFPasteboard:entry] CopyData('ApplePerContextInputPasteboard' (<CFUUID 0x834f72bc0> A043CF0E-50CB-42B9-981B-09292354DECE) gen: -1 item: 1264739405 flavor: 'ApplePerContextInputFlavor')
2026-09-14 11:42:48.950 I  PeachCommander[4825:4869] [com.apple.CFPasteboard:cache] Rebuilding cache for 'ApplePerContextInputPasteboard' (<CFUUID 0x834f72bc0> A043CF0E-50CB-42B9-981B-09292354DECE)
2026-09-14 11:42:48.950 I  PeachCommander[4825:4869] [com.apple.CFPasteboard:general] Will request data from daemon
2026-09-14 11:42:48.950 I  PeachCommander[4825:4869] [com.apple.CFPasteboard:exit] (not-in-cache) - result: 0 generation: 1 data (182 bytes) flags: 0
2026-09-14 11:42:48.951 I  PeachCommander[4825:4869] [com.apple.CFPasteboard:entry] CopyData('DefaultAsciiKeyboardLayoutPasteboard' (<CFUUID 0x8330b1420> 05ADAEE8-AD18-43EE-AC2A-0E4A79D04B2F) gen: -1 item: 1264739405 flavor: 'DefaultAsciiKeyboardLayoutFlavor')
2026-09-14 11:42:48.951 I  PeachCommander[4825:4869] [com.apple.CFPasteboard:exit] (not-in-cache) - result: -8 generation: 0 null data flags: 0
2026-09-14 11:42:48.954 I  PeachCommander[4825:487b] [com.apple.AppKit:WindowTab] Indexing 1 items
2026-09-14 11:42:48.954 A  PeachCommander[4825:487b] (CoreSpotlight) end-index-batch
2026-09-14 11:42:48.954 Df PeachCommander[4825:487b] [com.apple.corespotlight:index] *warn* MailCS ======%%% _setMailMessageAttributes skip:1
2026-09-14 11:42:48.954 A  PeachCommander[4825:487b] (CoreSpotlight) index-items
2026-09-14 11:42:48.954 Df PeachCommander[4825:4870] [com.apple.corespotlight:index] CSInlineDonation:<private>: Skipping donation (feature flag disabled)
2026-09-14 11:42:48.954 Df PeachCommander[4825:4870] [com.apple.corespotlight:index] CSInlineDonation:<private>: Skipping donation (feature flag disabled)
2026-09-14 11:42:48.969 A  PeachCommander[4825:4870] (libsystem_info.dylib) Retrieve Group by ID
2026-09-14 11:42:48.973 I  PeachCommander[4825:4869] [com.peachcommander:PCFoundation] Session restored
2026-09-14 11:42:48.973 Df PeachCommander[4825:4869] (Foundation) <private>
2026-09-14 11:42:48.973 I  PeachCommander[4825:4869] [com.peachcommander:PCFoundation] [automation] running /Users/admin/auto.txt
2026-09-14 11:42:48.973 Df PeachCommander[4825:4869] (Foundation) <private>
2026-09-14 11:42:48.973 I  PeachCommander[4825:4869] [com.peachcommander:PCFoundation] [automation] > active left
2026-09-14 11:42:48.973 Df PeachCommander[4825:4869] (Foundation) <private>
2026-09-14 11:42:48.973 I  PeachCommander[4825:4869] [com.peachcommander:PCFoundation] [automation] > left /Users/admin/view-src
2026-09-14 11:42:49.046 I  PeachCommander[4825:4869] [com.apple.HIToolbox:MBDisplays] <private>
2026-09-14 11:42:49.046 I  PeachCommander[4825:4869] [com.apple.HIToolbox:MBDisplays] <private>
2026-09-14 11:42:49.299 I  PeachCommander[4825:4869] [com.apple.AppKit:Image] ISImage reported a placeholder, image rep is providing a placeholder image for <private>
2026-09-14 11:42:49.300 I  PeachCommander[4825:4869] [com.apple.AppKit:Image] ISImage reported a placeholder, image rep is providing a placeholder image for <private>
2026-09-14 11:42:49.301 I  PeachCommander[4825:4869] [com.apple.AppKit:Image] ISImage reported a placeholder, image rep is providing a placeholder image for <private>
2026-09-14 11:42:49.301 I  PeachCommander[4825:4869] [com.apple.AppKit:Image] ISImage reported a placeholder, image rep is providing a placeholder image for <private>
2026-09-14 11:42:49.302 I  PeachCommander[4825:4869] [com.apple.AppKit:Image] ISImage reported a placeholder, image rep is providing a placeholder image for <private>
2026-09-14 11:42:49.303 I  PeachCommander[4825:4869] [com.apple.AppKit:Image] ISImage reported a placeholder, image rep is providing a placeholder image for <private>
2026-09-14 11:42:49.303 I  PeachCommander[4825:4869] [com.apple.AppKit:Image] ISImage reported a placeholder, image rep is providing a placeholder image for <private>
2026-09-14 11:42:49.304 I  PeachCommander[4825:4869] [com.apple.AppKit:Image] ISImage reported a placeholder, image rep is providing a placeholder image for <private>
2026-09-14 11:42:49.305 I  PeachCommander[4825:4869] [com.apple.AppKit:Image] ISImage reported a placeholder, image rep is providing a placeholder image for <private>
2026-09-14 11:42:49.305 I  PeachCommander[4825:4869] [com.apple.AppKit:Image] ISImage reported a placeholder, image rep is providing a placeholder image for <private>
2026-09-14 11:42:49.306 I  PeachCommander[4825:4869] [com.apple.AppKit:Image] ISImage reported a placeholder, image rep is providing a placeholder image for <private>
2026-09-14 11:42:49.307 I  PeachCommander[4825:4869] [com.apple.AppKit:Image] ISImage reported a placeholder, image rep is providing a placeholder image for <private>
2026-09-14 11:42:49.307 I  PeachCommander[4825:4869] [com.apple.AppKit:Image] ISImage reported a placeholder, image rep is providing a placeholder image for <private>
2026-09-14 11:42:49.308 I  PeachCommander[4825:4869] [com.apple.AppKit:Image] ISImage reported a placeholder, image rep is providing a placeholder image for <private>
2026-09-14 11:42:49.309 I  PeachCommander[4825:4869] [com.apple.AppKit:Image] ISImage reported a placeholder, image rep is providing a placeholder image for <private>
2026-09-14 11:42:49.309 I  PeachCommander[4825:4869] [com.apple.AppKit:Image] ISImage reported a placeholder, image rep is providing a placeholder image for <private>
2026-09-14 11:42:49.310 I  PeachCommander[4825:4869] [com.apple.AppKit:Image] ISImage reported a placeholder, image rep is providing a placeholder image for <private>
2026-09-14 11:42:49.311 I  PeachCommander[4825:4869] [com.apple.AppKit:Image] ISImage reported a placeholder, image rep is providing a placeholder image for <private>
2026-09-14 11:42:49.311 I  PeachCommander[4825:4869] [com.apple.AppKit:Image] ISImage reported a placeholder, image rep is providing a placeholder image for <private>
2026-09-14 11:42:49.312 I  PeachCommander[4825:4869] [com.apple.AppKit:Image] ISImage reported a placeholder, image rep is providing a placeholder image for <private>
2026-09-14 11:42:49.312 I  PeachCommander[4825:4869] [com.apple.AppKit:Image] ISImage reported a placeholder, image rep is providing a placeholder image for <private>
2026-09-14 11:42:49.313 I  PeachCommander[4825:4869] [com.apple.AppKit:Image] ISImage reported a placeholder, image rep is providing a placeholder image for <private>
2026-09-14 11:42:49.314 I  PeachCommander[4825:4869] [com.apple.AppKit:Image] ISImage reported a placeholder, image rep is providing a placeholder image for <private>
2026-09-14 11:42:49.314 I  PeachCommander[4825:4869] [com.apple.AppKit:Image] ISImage reported a placeholder, image rep is providing a placeholder image for <private>
2026-09-14 11:42:49.315 I  PeachCommander[4825:4869] [com.apple.AppKit:Image] ISImage reported a placeholder, image rep is providing a placeholder image for <private>
2026-09-14 11:42:49.316 I  PeachCommander[4825:4869] [com.apple.AppKit:Image] ISImage reported a placeholder, image rep is providing a placeholder image for <private>
2026-09-14 11:42:49.316 I  PeachCommander[4825:4869] [com.apple.AppKit:Image] ISImage reported a placeholder, image rep is providing a placeholder image for <private>
2026-09-14 11:42:49.317 I  PeachCommander[4825:4869] [com.apple.AppKit:Image] ISImage reported a placeholder, image rep is providing a placeholder image for <private>
2026-09-14 11:42:49.317 I  PeachCommander[4825:4869] [com.apple.AppKit:Image] ISImage reported a placeholder, image rep is providing a placeholder image for <private>
2026-09-14 11:42:49.319 I  PeachCommander[4825:4869] [com.apple.AppKit:Image] ISImage reported a placeholder, image rep is providing a placeholder image for <private>
2026-09-14 11:42:49.319 I  PeachCommander[4825:4869] [com.apple.AppKit:Image] ISImage reported a placeholder, image rep is providing a placeholder image for <private>
2026-09-14 11:42:49.320 I  PeachCommander[4825:4869] [com.apple.AppKit:Image] ISImage reported a placeholder, image rep is providing a placeholder image for <private>
2026-09-14 11:42:49.320 I  PeachCommander[4825:4869] [com.apple.AppKit:Image] ISImage reported a placeholder, image rep is providing a placeholder image for <private>
2026-09-14 11:42:49.321 I  PeachCommander[4825:4869] [com.apple.AppKit:Image] ISImage reported a placeholder, image rep is providing a placeholder image for <private>
2026-09-14 11:42:49.321 I  PeachCommander[4825:4869] [com.apple.AppKit:Image] ISImage reported a placeholder, image rep is providing a placeholder image for <private>
2026-09-14 11:42:49.322 I  PeachCommander[4825:4869] [com.apple.AppKit:Image] ISImage reported a placeholder, image rep is providing a placeholder image for <private>
2026-09-14 11:42:49.322 I  PeachCommander[4825:4869] [com.apple.AppKit:Image] ISImage reported a placeholder, image rep is providing a placeholder image for <private>
2026-09-14 11:42:49.323 I  PeachCommander[4825:4869] [com.apple.AppKit:Image] ISImage reported a placeholder, image rep is providing a placeholder image for <private>
2026-09-14 11:42:49.323 I  PeachCommander[4825:4869] [com.apple.AppKit:Image] ISImage reported a placeholder, image rep is providing a placeholder image for <private>
2026-09-14 11:42:49.324 I  PeachCommander[4825:4869] [com.apple.AppKit:Image] ISImage reported a placeholder, image rep is providing a placeholder image for <private>
2026-09-14 11:42:49.325 I  PeachCommander[4825:4869] [com.apple.AppKit:Image] ISImage reported a placeholder, image rep is providing a placeholder image for <private>
2026-09-14 11:42:49.326 I  PeachCommander[4825:4869] [com.apple.AppKit:Image] ISImage reported a placeholder, image rep is providing a placeholder image for <private>
2026-09-14 11:42:49.326 I  PeachCommander[4825:4869] [com.apple.AppKit:Image] ISImage reported a placeholder, image rep is providing a placeholder image for <private>
2026-09-14 11:42:49.327 I  PeachCommander[4825:4869] [com.apple.AppKit:Image] ISImage reported a placeholder, image rep is providing a placeholder image for <private>
2026-09-14 11:42:49.327 I  PeachCommander[4825:4869] [com.apple.AppKit:Image] ISImage reported a placeholder, image rep is providing a placeholder image for <private>
2026-09-14 11:42:49.328 I  PeachCommander[4825:4869] [com.apple.AppKit:Image] ISImage reported a placeholder, image rep is providing a placeholder image for <private>
2026-09-14 11:42:49.328 I  PeachCommander[4825:4869] [com.apple.AppKit:Image] ISImage reported a placeholder, image rep is providing a placeholder image for <private>
2026-09-14 11:42:49.329 I  PeachCommander[4825:4869] [com.apple.AppKit:Image] ISImage reported a placeholder, image rep is providing a placeholder image for <private>
2026-09-14 11:42:49.329 I  PeachCommander[4825:4869] [com.apple.AppKit:Image] ISImage reported a placeholder, image rep is providing a placeholder image for <private>
2026-09-14 11:42:49.330 I  PeachCommander[4825:4869] [com.apple.AppKit:Image] ISImage reported a placeholder, image rep is providing a placeholder image for <private>
2026-09-14 11:42:49.330 I  PeachCommander[4825:4869] [com.apple.AppKit:Image] ISImage reported a placeholder, image rep is providing a placeholder image for <private>
2026-09-14 11:42:49.331 I  PeachCommander[4825:4869] [com.apple.AppKit:Image] ISImage reported a placeholder, image rep is providing a placeholder image for <private>
2026-09-14 11:42:49.331 I  PeachCommander[4825:4869] [com.apple.AppKit:Image] ISImage reported a placeholder, image rep is providing a placeholder image for <private>
2026-09-14 11:42:49.332 I  PeachCommander[4825:4869] [com.apple.AppKit:Image] ISImage reported a placeholder, image rep is providing a placeholder image for <private>
2026-09-14 11:42:49.332 I  PeachCommander[4825:4869] [com.apple.AppKit:Image] ISImage reported a placeholder, image rep is providing a placeholder image for <private>
2026-09-14 11:42:49.333 I  PeachCommander[4825:4869] [com.apple.AppKit:Image] ISImage reported a placeholder, image rep is providing a placeholder image for <private>
2026-09-14 11:42:49.334 I  PeachCommander[4825:4869] [com.apple.AppKit:Image] ISImage reported a placeholder, image rep is providing a placeholder image for <private>
2026-09-14 11:42:49.335 I  PeachCommander[4825:4869] [com.apple.AppKit:Image] ISImage reported a placeholder, image rep is providing a placeholder image for <private>
2026-09-14 11:42:49.335 I  PeachCommander[4825:4869] [com.apple.AppKit:Image] ISImage reported a placeholder, image rep is providing a placeholder image for <private>
2026-09-14 11:42:49.336 I  PeachCommander[4825:4869] [com.apple.AppKit:Image] ISImage reported a placeholder, image rep is providing a placeholder image for <private>
2026-09-14 11:42:49.336 I  PeachCommander[4825:4869] [com.apple.AppKit:Image] ISImage reported a placeholder, image rep is providing a placeholder image for <private>
2026-09-14 11:42:49.337 I  PeachCommander[4825:4869] [com.apple.AppKit:Image] ISImage reported a placeholder, image rep is providing a placeholder image for <private>
2026-09-14 11:42:49.337 I  PeachCommander[4825:4869] [com.apple.AppKit:Image] ISImage reported a placeholder, image rep is providing a placeholder image for <private>
2026-09-14 11:42:49.338 I  PeachCommander[4825:4869] [com.apple.AppKit:Image] ISImage reported a placeholder, image rep is providing a placeholder image for <private>
2026-09-14 11:42:49.338 I  PeachCommander[4825:4869] [com.apple.AppKit:Image] ISImage reported a placeholder, image rep is providing a placeholder image for <private>
2026-09-14 11:42:49.340 I  PeachCommander[4825:4869] [com.apple.AppKit:Image] ISImage reported a placeholder, image rep is providing a placeholder image for <private>
2026-09-14 11:42:49.340 I  PeachCommander[4825:4869] [com.apple.AppKit:Image] ISImage reported a placeholder, image rep is providing a placeholder image for <private>
2026-09-14 11:42:49.341 I  PeachCommander[4825:4869] [com.apple.AppKit:Image] ISImage reported a placeholder, image rep is providing a placeholder image for <private>
2026-09-14 11:42:49.341 I  PeachCommander[4825:4869] [com.apple.AppKit:Image] ISImage reported a placeholder, image rep is providing a placeholder image for <private>
2026-09-14 11:42:49.342 I  PeachCommander[4825:4869] [com.apple.AppKit:Image] ISImage reported a placeholder, image rep is providing a placeholder image for <private>
2026-09-14 11:42:49.342 I  PeachCommander[4825:4869] [com.apple.AppKit:Image] ISImage reported a placeholder, image rep is providing a placeholder image for <private>
2026-09-14 11:42:49.343 I  PeachCommander[4825:4869] [com.apple.AppKit:Image] ISImage reported a placeholder, image rep is providing a placeholder image for <private>
2026-09-14 11:42:49.343 I  PeachCommander[4825:4869] [com.apple.AppKit:Image] ISImage reported a placeholder, image rep is providing a placeholder image for <private>
2026-09-14 11:42:49.344 I  PeachCommander[4825:4869] [com.apple.AppKit:Image] ISImage reported a placeholder, image rep is providing a placeholder image for <private>
2026-09-14 11:42:49.344 I  PeachCommander[4825:4869] [com.apple.AppKit:Image] ISImage reported a placeholder, image rep is providing a placeholder image for <private>
2026-09-14 11:42:49.345 I  PeachCommander[4825:4869] [com.apple.AppKit:Image] ISImage reported a placeholder, image rep is providing a placeholder image for <private>
2026-09-14 11:42:49.345 I  PeachCommander[4825:4869] [com.apple.AppKit:Image] ISImage reported a placeholder, image rep is providing a placeholder image for <private>
2026-09-14 11:42:49.346 I  PeachCommander[4825:4869] [com.apple.AppKit:Image] ISImage reported a placeholder, image rep is providing a placeholder image for <private>
2026-09-14 11:42:49.346 I  PeachCommander[4825:4869] [com.apple.AppKit:Image] ISImage reported a placeholder, image rep is providing a placeholder image for <private>
2026-09-14 11:42:49.347 I  PeachCommander[4825:4869] [com.apple.AppKit:Image] ISImage reported a placeholder, image rep is providing a placeholder image for <private>
2026-09-14 11:42:49.347 I  PeachCommander[4825:4869] [com.apple.AppKit:Image] ISImage reported a placeholder, image rep is providing a placeholder image for <private>
2026-09-14 11:42:49.421 Df PeachCommander[4825:4869] (Foundation) <private>
2026-09-14 11:42:49.421 I  PeachCommander[4825:4869] [com.peachcommander:PCFoundation] [automation] > wait 1200
2026-09-14 11:42:49.422 I  PeachCommander[4825:4869] [com.apple.AppKit:Image] ISImage reported a placeholder, image rep is providing a placeholder image for <private>
2026-09-14 11:42:49.422 I  PeachCommander[4825:4869] [com.apple.AppKit:Image] ISImage reported a placeholder, image rep is providing a placeholder image for <private>
2026-09-14 11:42:49.423 I  PeachCommander[4825:4869] [com.apple.AppKit:Image] ISImage reported a placeholder, image rep is providing a placeholder image for <private>
2026-09-14 11:42:49.424 I  PeachCommander[4825:4869] [com.apple.AppKit:Image] ISImage reported a placeholder, image rep is providing a placeholder image for <private>
2026-09-14 11:42:49.424 I  PeachCommander[4825:4869] [com.apple.AppKit:Image] ISImage reported a placeholder, image rep is providing a placeholder image for <private>
2026-09-14 11:42:49.425 I  PeachCommander[4825:4869] [com.apple.AppKit:Image] ISImage reported a placeholder, image rep is providing a placeholder image for <private>
2026-09-14 11:42:49.426 I  PeachCommander[4825:4869] [com.apple.AppKit:Image] ISImage reported a placeholder, image rep is providing a placeholder image for <private>
2026-09-14 11:42:49.426 I  PeachCommander[4825:4869] [com.apple.AppKit:Image] ISImage reported a placeholder, image rep is providing a placeholder image for <private>
2026-09-14 11:42:49.427 I  PeachCommander[4825:4869] [com.apple.AppKit:Image] ISImage reported a placeholder, image rep is providing a placeholder image for <private>
2026-09-14 11:42:49.427 I  PeachCommander[4825:4869] [com.apple.AppKit:Image] ISImage reported a placeholder, image rep is providing a placeholder image for <private>
2026-09-14 11:42:49.428 I  PeachCommander[4825:4869] [com.apple.AppKit:Image] ISImage reported a placeholder, image rep is providing a placeholder image for <private>
2026-09-14 11:42:49.429 I  PeachCommander[4825:4869] [com.apple.AppKit:Image] ISImage reported a placeholder, image rep is providing a placeholder image for <private>
2026-09-14 11:42:49.429 I  PeachCommander[4825:4869] [com.apple.AppKit:Image] ISImage reported a placeholder, image rep is providing a placeholder image for <private>
2026-09-14 11:42:49.430 I  PeachCommander[4825:4869] [com.apple.AppKit:Image] ISImage reported a placeholder, image rep is providing a placeholder image for <private>
2026-09-14 11:42:49.431 I  PeachCommander[4825:4869] [com.apple.AppKit:Image] ISImage reported a placeholder, image rep is providing a placeholder image for <private>
2026-09-14 11:42:49.431 I  PeachCommander[4825:4869] [com.apple.AppKit:Image] ISImage reported a placeholder, image rep is providing a placeholder image for <private>
2026-09-14 11:42:49.432 I  PeachCommander[4825:4869] [com.apple.AppKit:Image] ISImage reported a placeholder, image rep is providing a placeholder image for <private>
2026-09-14 11:42:49.432 I  PeachCommander[4825:4869] [com.apple.AppKit:Image] ISImage reported a placeholder, image rep is providing a placeholder image for <private>
2026-09-14 11:42:49.433 I  PeachCommander[4825:4869] [com.apple.AppKit:Image] ISImage reported a placeholder, image rep is providing a placeholder image for <private>
2026-09-14 11:42:49.434 I  PeachCommander[4825:4869] [com.apple.AppKit:Image] ISImage reported a placeholder, image rep is providing a placeholder image for <private>
2026-09-14 11:42:49.435 I  PeachCommander[4825:4869] [com.apple.AppKit:Image] ISImage reported a placeholder, image rep is providing a placeholder image for <private>
2026-09-14 11:42:49.435 I  PeachCommander[4825:4869] [com.apple.AppKit:Image] ISImage reported a placeholder, image rep is providing a placeholder image for <private>
2026-09-14 11:42:49.436 I  PeachCommander[4825:4869] [com.apple.AppKit:Image] ISImage reported a placeholder, image rep is providing a placeholder image for <private>
2026-09-14 11:42:49.437 I  PeachCommander[4825:4869] [com.apple.AppKit:Image] ISImage reported a placeholder, image rep is providing a placeholder image for <private>
2026-09-14 11:42:49.438 I  PeachCommander[4825:4869] [com.apple.AppKit:Image] ISImage reported a placeholder, image rep is providing a placeholder image for <private>
2026-09-14 11:42:49.439 I  PeachCommander[4825:4869] [com.apple.AppKit:Image] ISImage reported a placeholder, image rep is providing a placeholder image for <private>
2026-09-14 11:42:49.440 I  PeachCommander[4825:4869] [com.apple.AppKit:Image] ISImage reported a placeholder, image rep is providing a placeholder image for <private>
2026-09-14 11:42:49.440 I  PeachCommander[4825:4869] [com.apple.AppKit:Image] ISImage reported a placeholder, image rep is providing a placeholder image for <private>
2026-09-14 11:42:49.440 I  PeachCommander[4825:4869] [com.apple.AppKit:Image] ISImage reported a placeholder, image rep is providing a placeholder image for <private>
2026-09-14 11:42:49.442 I  PeachCommander[4825:4869] [com.apple.AppKit:Image] ISImage reported a placeholder, image rep is providing a placeholder image for <private>
2026-09-14 11:42:49.442 I  PeachCommander[4825:4869] [com.apple.AppKit:Image] ISImage reported a placeholder, image rep is providing a placeholder image for <private>
2026-09-14 11:42:49.442 I  PeachCommander[4825:4870] [com.apple.iconservices:foundation] layer data size zero
2026-09-14 11:42:49.444 I  PeachCommander[4825:4869] [com.apple.AppKit:Image] ISImage reported a placeholder, image rep is providing a placeholder image for <private>
2026-09-14 11:42:49.444 I  PeachCommander[4825:4869] [com.apple.AppKit:Image] ISImage reported a placeholder, image rep is providing a placeholder image for <private>
2026-09-14 11:42:49.447 I  PeachCommander[4825:4870] [com.apple.iconservices:foundation] layer data size zero
2026-09-14 11:42:49.462 I  PeachCommander[4825:4869] [com.apple.AppKit:Image] ISImage reported a placeholder, image rep is providing a placeholder image for <private>
2026-09-14 11:42:49.462 I  PeachCommander[4825:4869] [com.apple.AppKit:Image] ISImage reported a placeholder, image rep is providing a placeholder image for <private>
2026-09-14 11:42:49.462 I  PeachCommander[4825:4869] [com.apple.AppKit:Image] ISImage reported a placeholder, image rep is providing a placeholder image for <private>
2026-09-14 11:42:49.462 I  PeachCommander[4825:4869] [com.apple.AppKit:Image] ISImage reported a placeholder, image rep is providing a placeholder image for <private>
2026-09-14 11:42:49.462 I  PeachCommander[4825:4869] [com.apple.AppKit:Image] ISImage reported a placeholder, image rep is providing a placeholder image for <private>
2026-09-14 11:42:49.462 I  PeachCommander[4825:487b] [com.apple.iconservices:foundation] layer data size zero
2026-09-14 11:42:49.462 I  PeachCommander[4825:4869] [com.apple.AppKit:Image] ISImage reported a placeholder, image rep is providing a placeholder image for <private>
2026-09-14 11:42:49.462 I  PeachCommander[4825:4869] [com.apple.AppKit:Image] ISImage reported a placeholder, image rep is providing a placeholder image for <private>
2026-09-14 11:42:49.462 I  PeachCommander[4825:4869] [com.apple.AppKit:Image] ISImage reported a placeholder, image rep is providing a placeholder image for <private>
2026-09-14 11:42:49.462 I  PeachCommander[4825:4869] [com.apple.AppKit:Image] ISImage reported a placeholder, image rep is providing a placeholder image for <private>
2026-09-14 11:42:49.471 I  PeachCommander[4825:4869] [com.apple.AppKit:Image] ISImage reported a placeholder, image rep is providing a placeholder image for <private>
2026-09-14 11:42:49.471 I  PeachCommander[4825:4869] [com.apple.AppKit:Image] ISImage reported a placeholder, image rep is providing a placeholder image for <private>
2026-09-14 11:42:49.472 I  PeachCommander[4825:4869] [com.apple.AppKit:Image] ISImage reported a placeholder, image rep is providing a placeholder image for <private>
2026-09-14 11:42:49.473 I  PeachCommander[4825:4869] [com.apple.AppKit:Image] ISImage reported a placeholder, image rep is providing a placeholder image for <private>
2026-09-14 11:42:49.473 I  PeachCommander[4825:4869] [com.apple.AppKit:Image] ISImage reported a placeholder, image rep is providing a placeholder image for <private>
2026-09-14 11:42:49.474 I  PeachCommander[4825:4869] [com.apple.AppKit:Image] ISImage reported a placeholder, image rep is providing a placeholder image for <private>
2026-09-14 11:42:49.474 I  PeachCommander[4825:4869] [com.apple.AppKit:Image] ISImage reported a placeholder, image rep is providing a placeholder image for <private>
2026-09-14 11:42:49.475 I  PeachCommander[4825:487b] [com.apple.iconservices:foundation] layer data size zero
2026-09-14 11:42:49.476 I  PeachCommander[4825:4869] [com.apple.AppKit:Image] ISImage reported a placeholder, image rep is providing a placeholder image for <private>
2026-09-14 11:42:49.476 I  PeachCommander[4825:4869] [com.apple.AppKit:Image] ISImage reported a placeholder, image rep is providing a placeholder image for <private>
2026-09-14 11:42:49.584 I  PeachCommander[4825:4870] [com.apple.AppKit:WindowTab] Indexing 1 items
2026-09-14 11:42:49.584 A  PeachCommander[4825:4870] (CoreSpotlight) end-index-batch
2026-09-14 11:42:49.584 A  PeachCommander[4825:4870] (CoreSpotlight) index-items
2026-09-14 11:42:49.584 Df PeachCommander[4825:4870] [com.apple.corespotlight:index] CSInlineDonation:<private>: Skipping donation (feature flag disabled)
2026-09-14 11:42:49.585 Df PeachCommander[4825:4870] [com.apple.corespotlight:index] CSInlineDonation:<private>: Skipping donation (feature flag disabled)
2026-09-14 11:42:50.676 Df PeachCommander[4825:4869] (Foundation) <private>
2026-09-14 11:42:50.676 I  PeachCommander[4825:4869] [com.peachcommander:PCFoundation] [automation] > syncopen /Users/admin/view-src|/Users/admin/view-dst
2026-09-14 11:42:50.689 I  PeachCommander[4825:4869] [com.apple.AppKit:Window] context (0 -> e3e6205e) for window e5
2026-09-14 11:42:50.694 I  PeachCommander[4825:4869] [com.apple.AppKit:Animation] Running new animation: <private>
2026-09-14 11:42:50.694 I  PeachCommander[4825:4869] [com.apple.AppKit:Animation] Running new animation: <private>
2026-09-14 11:42:50.694 I  PeachCommander[4825:4869] [com.apple.AppKit:Animation] Running new animation: <private>
2026-09-14 11:42:50.694 I  PeachCommander[4825:4869] [com.apple.AppKit:Animation] Running new animation: <private>
2026-09-14 11:42:50.694 I  PeachCommander[4825:4869] [com.apple.AppKit:Animation] Running new animation: <private>
2026-09-14 11:42:50.740 I  PeachCommander[4825:4869] [com.apple.inputAnalytics.client:IATextInputActions] initWithAnalyticsMetadataObserver service
2026-09-14 11:42:50.741 I  PeachCommander[4825:4869] [com.apple.AppKit:Window] context (0 -> 73a292b9) for window e6
2026-09-14 11:42:50.742 Df PeachCommander[4825:4869] [com.apple.inputmethodkitClient:Client] +[IMKClient subclass]: chose IMKClient_Modern
2026-09-14 11:42:50.742 Df PeachCommander[4825:4869] [com.apple.TextInputUI:CursorUI] -[TUINSCursorUIController scheduleUpdateCursorLocation]
2026-09-14 11:42:50.742 Df PeachCommander[4825:4869] [com.apple.xpc:connection] [0x830f1b480] activating connection: mach=true listener=false peer=false name=com.apple.pbs.fetch_services
2026-09-14 11:42:50.742 Df PeachCommander[4825:4869] [com.apple.xpc:connection] [0x830f1b480] invalidated after the last release of the connection object
2026-09-14 11:42:50.742 A  PeachCommander[4825:4869] (CoreFoundation) Loading Preferences From User CFPrefsD
2026-09-14 11:42:50.744 A  PeachCommander[4825:4869] (CoreFoundation) Updating Key-Value Observers Of Preferences
2026-09-14 11:42:50.745 Df PeachCommander[4825:4869] [com.apple.TextInputUI:CursorUI] -[TUINSCursorUIController scheduleUpdateCursorLocation]
2026-09-14 11:42:50.746 I  PeachCommander[4825:487b] [com.apple.inputAnalytics.client:IATextInputActions] mergeOrConsumeAction calling sendSignal:toChannel:withNullableSessionID:withPayload:
2026-09-14 11:42:50.746 Df PeachCommander[4825:487b] [com.apple.inputAnalytics.client:IASignalAnalytics] channel:<private> signal:<private> sessionID:<private> timestamp:<private> payload:<private>
2026-09-14 11:42:50.746 I  PeachCommander[4825:487b] [com.apple.inputAnalytics.client:IAXPCClient] IASignalAnalytics: fetching xpcClient...
2026-09-14 11:42:50.746 I  PeachCommander[4825:487b] [com.apple.inputAnalytics.client:IAXPCClient] Initialized 0x83248c480
2026-09-14 11:42:50.746 I  PeachCommander[4825:487b] [com.apple.inputAnalytics.client:IAXPCClient] 0x83248c480 using shared remote object proxy
2026-09-14 11:42:50.746 I  PeachCommander[4825:487b] [com.apple.inputAnalytics.client:IAXPCClient] 0x83248c480 calling connection resume after shared instance
2026-09-14 11:42:50.746 Df PeachCommander[4825:487b] [com.apple.xpc:connection] [0x830f1b5c0] activating connection: mach=true listener=false peer=false name=com.apple.inputanalyticsd
2026-09-14 11:42:50.746 I  PeachCommander[4825:487b] [com.apple.inputAnalytics.client:IAXPCClient] IAXPCclient 0x83248c480 init created _connection 0x8326db7a0 _server 0x0 with IXAXPCProtocol
2026-09-14 11:42:50.746 I  PeachCommander[4825:487b] [com.apple.inputAnalytics.client:IAXPCClient] IASignalAnalytics: ...returning xpcClient 0x83248c480
2026-09-14 11:42:50.746 I  PeachCommander[4825:487b] [com.apple.inputAnalytics.client:IAXPCClient] server: returning server 0x834684140
2026-09-14 11:42:50.746 I  PeachCommander[4825:487b] [com.apple.inputAnalytics:IAServerStats] Logging <private>
2026-09-14 11:42:50.746 Df PeachCommander[4825:4869] [com.apple.BoardServices:XPCErrors] [C:2] Alloc com.apple.backboard.hid-services.xpc
2026-09-14 11:42:50.746 I  PeachCommander[4825:487b] [com.apple.CoreAnalytics:client] Dropping "com.apple.inputAnalytics.serverStats" as it isn't used in any transform (not in the config or budgeted?)
2026-09-14 11:42:50.746 Df PeachCommander[4825:4869] [com.apple.xpc:connection] [0x830f1b700] activating connection: mach=false listener=false peer=false name=(anonymous)
2026-09-14 11:42:50.747 E  PeachCommander[4825:487b] [com.apple.BaseBoard:Common] Unable to obtain a task name port right for pid 169: (os/kern) failure (0x5)
2026-09-14 11:42:50.747 Df PeachCommander[4825:4870] [com.apple.xpc:connection] [0x830f1b840] activating connection: mach=false listener=false peer=false name=com.apple.TextInputUI.xpc.CursorUIViewService
2026-09-14 11:42:50.747 Df PeachCommander[4825:4870] [com.apple.xpc:connection] [0x830f1b840] invalidated after the last release of the connection object
2026-09-14 11:42:50.747 Df PeachCommander[4825:4869] [com.apple.TextInputUI:CursorUI] -[TUINSCursorUIController scheduleUpdateCursorLocation]
2026-09-14 11:42:50.747 I  PeachCommander[4825:4869] [com.apple.AppKit:Window] order window front conditionally: e5 related: 0
2026-09-14 11:42:50.747 I  PeachCommander[4825:4869] [com.apple.AppKit:Window] order window front conditionally: e5 related: 0
2026-09-14 11:42:50.747 Df PeachCommander[4825:4869] (Foundation) <private>
2026-09-14 11:42:50.747 I  PeachCommander[4825:4869] [com.peachcommander:PCFoundation] [automation] > wait 1200
2026-09-14 11:42:50.753 I  PeachCommander[4825:4869] [com.apple.CFPasteboard:entry] CopyData('DefaultAsciiKeyboardLayoutPasteboard' (<CFUUID 0x8330b1420> 05ADAEE8-AD18-43EE-AC2A-0E4A79D04B2F) gen: -1 item: 1264739405 flavor: 'DefaultAsciiKeyboardLayoutFlavor')
2026-09-14 11:42:50.753 I  PeachCommander[4825:4869] [com.apple.CFPasteboard:exit] (not-in-cache) - result: -8 generation: 0 null data flags: 0
2026-09-14 11:42:50.754 Df PeachCommander[4825:487b] [com.apple.xpc:connection] [0x830f18f00] activating connection: mach=false listener=false peer=false name=com.apple.SafariPlatformSupport.Helper
2026-09-14 11:42:50.755 Df PeachCommander[4825:4869] [com.apple.xpc:connection] [0x830f1b980] activating connection: mach=false listener=false peer=false name=(anonymous)
2026-09-14 11:42:50.755 Df PeachCommander[4825:4869] [com.apple.xpc:connection] [0x830f19040] activating connection: mach=false listener=false peer=false name=com.apple.ViewBridgeAuxiliary
2026-09-14 11:42:50.755 Df PeachCommander[4825:4869] [com.apple.xpc:connection] [0x830f19180] activating connection: mach=false listener=false peer=false name=(anonymous)
2026-09-14 11:42:50.755 Df PeachCommander[4825:4869] [com.apple.xpc:connection] [0x830f19040] invalidated after the last release of the connection object
2026-09-14 11:42:50.764 Df PeachCommander[4825:4869] [com.apple.TextInputUI:CursorUI] -[TUINSCursorUIController scheduleUpdateCursorLocation]
2026-09-14 11:42:50.787 Df PeachCommander[4825:4869] [com.apple.TextInputUI:CursorUI] -[TUINSCursorUIController activate:]_block_invoke: Create CursorUIViewService: TUINSRemoteViewController
2026-09-14 11:42:50.787 I  PeachCommander[4825:4869] [com.apple.AppKit:Window] window <TUINSWindow: 0x834446300> windowNumber=e6 finishing close
2026-09-14 11:42:50.787 I  PeachCommander[4825:4869] [com.apple.AppKit:Window] order window: e6 op: 0 relative: 0 related: 0
2026-09-14 11:42:50.802 I  PeachCommander[4825:4869] [com.apple.launchservices:cas] Removing cached information for app [ 0x0-0x52052]  "PeachCommander", as its seed is different from that in shared memory ( 535 vs 537)
2026-09-14 11:42:50.821 Df PeachCommander[4825:4871] [com.apple.xpc:connection] [0x830f18f00] invalidated after the last release of the connection object
2026-09-14 11:42:50.821 Df PeachCommander[4825:4869] [com.apple.xpc:connection] [0x830f19040] activating connection: mach=false listener=false peer=false name=(anonymous)
2026-09-14 11:42:50.821 Df PeachCommander[4825:4869] [com.apple.xpc:connection] [0x830f18f00] activating connection: mach=false listener=false peer=false name=(anonymous)
2026-09-14 11:42:50.848 I  PeachCommander[4825:4869] [com.apple.CoreAnalytics:client] Dropping "com.apple.appkit.app_config" as it isn't used in any transform (not in the config or budgeted?)
2026-09-14 11:42:50.848 Df PeachCommander[4825:4909] [com.apple.xpc:connection] [0x830f192c0] activating connection: mach=false listener=false peer=false name=com.apple.SafariPlatformSupport.Helper
2026-09-14 11:42:50.848 Df PeachCommander[4825:4871] [com.apple.xpc:connection] [0x830f192c0] invalidated after the last release of the connection object
2026-09-14 11:42:50.848 Df PeachCommander[4825:4869] [com.apple.xpc:connection] [0x830f19400] activating connection: mach=false listener=false peer=false name=(anonymous)
2026-09-14 11:42:50.848 Df PeachCommander[4825:4869] [com.apple.xpc:connection] [0x830f192c0] activating connection: mach=false listener=false peer=false name=(anonymous)
2026-09-14 11:42:50.875 I  PeachCommander[4825:4869] [com.apple.AppKit:Window] context (0 -> 52f30f3) for window ea
2026-09-14 11:42:50.875 I  PeachCommander[4825:4869] [com.apple.AppKit:Window] order window: ea op: 0 relative: 0 related: 0
2026-09-14 11:42:50.881 I  PeachCommander[4825:4869] [com.apple.SafariPlatformSupport:SafariPlatformSupport] -[SPSafariPlatformSupport completionListPreferredContentSizeDidUpdate] with size {302, 223}, in window that is visible
2026-09-14 11:42:50.881 I  PeachCommander[4825:4869] [com.apple.AppKit:Window] parent <NSWindow: 0x833f61180> windowNumber=e5 remove <SPRoundedWindow: 0x834447700> windowNumber=ea from group
2026-09-14 11:42:50.881 I  PeachCommander[4825:4869] [com.apple.AppKit:Window] parent <NSWindow: 0x833f61180> windowNumber=e5 add <SPRoundedWindow: 0x834447700> windowNumber=ea to group
2026-09-14 11:42:50.881 I  PeachCommander[4825:4869] [com.apple.AppKit:Window] order window: ea op: 1 relative: e5 related: 0
2026-09-14 11:42:50.882 Df PeachCommander[4825:4869] [com.apple.BoardServices:XPCErrors] [C:3] Alloc com.apple.backboard.hid-services.xpc
2026-09-14 11:42:50.882 Df PeachCommander[4825:4869] [com.apple.xpc:connection] [0x830f197c0] activating connection: mach=false listener=false peer=false name=(anonymous)
2026-09-14 11:42:50.882 Df PeachCommander[4825:4871] [com.apple.BackBoard:EventDelivery] BKSHIDEventDeliveryManager - connection activation
2026-09-14 11:42:50.885 I  PeachCommander[4825:4869] [com.apple.AppKit:Window] order window front conditionally: ea related: 0
2026-09-14 11:42:50.887 I  PeachCommander[4825:4869] [com.apple.SafariPlatformSupport:SafariPlatformSupport] -[SPSafariPlatformSupport completionListPreferredContentSizeDidUpdate] with size {0, 0}, in window that is visible
2026-09-14 11:42:50.904 I  PeachCommander[4825:4869] [com.apple.AppKit:Window] parent <NSWindow: 0x833f61180> windowNumber=e5 remove <SPRoundedWindow: 0x834447700> windowNumber=ea from group
2026-09-14 11:42:50.904 I  PeachCommander[4825:4869] [com.apple.AppKit:Window] order window: ea op: 0 relative: 0 related: 0
2026-09-14 11:42:50.975 I  PeachCommander[4825:4871] [com.apple.AppKit:WindowTab] Indexing 2 items
2026-09-14 11:42:50.975 A  PeachCommander[4825:4871] (CoreSpotlight) end-index-batch
2026-09-14 11:42:50.975 A  PeachCommander[4825:4871] (CoreSpotlight) index-items
2026-09-14 11:42:50.975 Df PeachCommander[4825:4871] [com.apple.corespotlight:index] CSInlineDonation:<private>: Skipping donation (feature flag disabled)
2026-09-14 11:42:50.975 Df PeachCommander[4825:4871] [com.apple.corespotlight:index] CSInlineDonation:<private>: Skipping donation (feature flag disabled)
2026-09-14 11:42:51.952 Df PeachCommander[4825:4869] (Foundation) <private>
2026-09-14 11:42:51.952 I  PeachCommander[4825:4869] [com.peachcommander:PCFoundation] [automation] > synccompare
2026-09-14 11:42:51.952 Df PeachCommander[4825:4869] (Foundation) <private>
2026-09-14 11:42:51.952 I  PeachCommander[4825:4869] [com.peachcommander:PCFoundation] [automation] > wait 1800
2026-09-14 11:42:53.776 Df PeachCommander[4825:4869] (Foundation) <private>
2026-09-14 11:42:53.776 I  PeachCommander[4825:4869] [com.peachcommander:PCFoundation] [automation] > syncview 0|left|/Users/admin/view-both-left.txt
2026-09-14 11:42:53.777 A  PeachCommander[4825:4869] (AppKit) sendAction:
2026-09-14 11:42:53.788 I  PeachCommander[4825:4869] [com.apple.AppKit:Animation] Running new animation: <private>
2026-09-14 11:42:53.788 I  PeachCommander[4825:4869] [com.apple.AppKit:Animation] Running new animation: <private>
2026-09-14 11:42:53.788 I  PeachCommander[4825:4869] [com.apple.AppKit:Animation] Running new animation: <private>
2026-09-14 11:42:53.788 I  PeachCommander[4825:4869] [com.apple.AppKit:Animation] Running new animation: <private>
2026-09-14 11:42:53.788 I  PeachCommander[4825:4869] [com.apple.AppKit:Animation] Running new animation: <private>
2026-09-14 11:42:53.792 I  PeachCommander[4825:4869] [com.apple.AppKit:Window] context (0 -> 7913c037) for window eb
2026-09-14 11:42:53.795 I  PeachCommander[4825:4869] [com.apple.AppKit:Animation] Running new animation: <private>
2026-09-14 11:42:53.795 I  PeachCommander[4825:4869] [com.apple.AppKit:Animation] Running new animation: <private>
2026-09-14 11:42:53.795 I  PeachCommander[4825:4869] [com.apple.AppKit:Animation] Running new animation: <private>
2026-09-14 11:42:53.795 I  PeachCommander[4825:4869] [com.apple.AppKit:Animation] Running new animation: <private>
2026-09-14 11:42:53.795 I  PeachCommander[4825:4869] [com.apple.AppKit:Animation] Running new animation: <private>
2026-09-14 11:42:53.818 I  PeachCommander[4825:4869] [com.apple.CFPasteboard:entry] CopyItemsAndFlavors('Apple CFPasteboard find (<CFUUID 0x8352ba7c0> 37576A67-5BA7-4C8A-81CD-A35FAF3981F3)' gen: -1)
2026-09-14 11:42:53.818 I  PeachCommander[4825:4869] [com.apple.CFPasteboard:cache] Rebuilding cache for 'Apple CFPasteboard find' (<CFUUID 0x8352ba7c0> 37576A67-5BA7-4C8A-81CD-A35FAF3981F3)
2026-09-14 11:42:53.818 I  PeachCommander[4825:4869] [com.apple.CFPasteboard:exit] result: 0, gen: -1 item-count: 0 flavor-count: 0 (-1 means nil)
2026-09-14 11:42:53.821 I  PeachCommander[4825:4909] [com.apple.inputAnalytics.client:IATextInputActions] flushAndSetLastAction calling sendSignal:toChannel:withNullableSessionID:withPayload:
2026-09-14 11:42:53.821 Df PeachCommander[4825:4909] [com.apple.inputAnalytics.client:IASignalAnalytics] channel:<private> signal:<private> sessionID:<private> timestamp:<private> payload:<private>
2026-09-14 11:42:53.821 I  PeachCommander[4825:4909] [com.apple.inputAnalytics.client:IAXPCClient] IASignalAnalytics: fetching xpcClient...
2026-09-14 11:42:53.821 I  PeachCommander[4825:4909] [com.apple.inputAnalytics.client:IAXPCClient] IASignalAnalytics: ...returning xpcClient 0x83248c480
2026-09-14 11:42:53.821 I  PeachCommander[4825:4909] [com.apple.inputAnalytics.client:IAXPCClient] server: returning server 0x834684140
2026-09-14 11:42:53.821 I  PeachCommander[4825:4869] [com.apple.CFPasteboard:entry] CopyData('DefaultAsciiKeyboardLayoutPasteboard' (<CFUUID 0x8330b1420> 05ADAEE8-AD18-43EE-AC2A-0E4A79D04B2F) gen: -1 item: 1264739405 flavor: 'DefaultAsciiKeyboardLayoutFlavor')
2026-09-14 11:42:53.821 I  PeachCommander[4825:4869] [com.apple.CFPasteboard:exit] (not-in-cache) - result: -8 generation: 0 null data flags: 0
2026-09-14 11:42:53.821 I  PeachCommander[4825:4909] [com.apple.inputAnalytics.client:IATextInputActions] flushAndSetLastAction calling sendSignal:toChannel:withNullableSessionID:withPayload:
2026-09-14 11:42:53.821 Df PeachCommander[4825:4909] [com.apple.inputAnalytics.client:IASignalAnalytics] channel:<private> signal:<private> sessionID:<private> timestamp:<private> payload:<private>
2026-09-14 11:42:53.821 I  PeachCommander[4825:4909] [com.apple.inputAnalytics.client:IAXPCClient] IASignalAnalytics: fetching xpcClient...
2026-09-14 11:42:53.821 I  PeachCommander[4825:4909] [com.apple.inputAnalytics.client:IAXPCClient] IASignalAnalytics: ...returning xpcClient 0x83248c480
2026-09-14 11:42:53.821 I  PeachCommander[4825:4909] [com.apple.inputAnalytics.client:IAXPCClient] server: returning server 0x834684140
2026-09-14 11:42:53.821 I  PeachCommander[4825:4909] [com.apple.inputAnalytics.client:IATextInputActions] mergeOrConsumeAction calling sendSignal:toChannel:withNullableSessionID:withPayload:
2026-09-14 11:42:53.821 Df PeachCommander[4825:4909] [com.apple.inputAnalytics.client:IASignalAnalytics] channel:<private> signal:<private> sessionID:<private> timestamp:<private> payload:<private>
2026-09-14 11:42:53.821 I  PeachCommander[4825:4909] [com.apple.inputAnalytics.client:IAXPCClient] IASignalAnalytics: fetching xpcClient...
2026-09-14 11:42:53.821 I  PeachCommander[4825:4909] [com.apple.inputAnalytics.client:IAXPCClient] IASignalAnalytics: ...returning xpcClient 0x83248c480
2026-09-14 11:42:53.821 I  PeachCommander[4825:4909] [com.apple.inputAnalytics.client:IAXPCClient] server: returning server 0x834684140
2026-09-14 11:42:53.821 I  PeachCommander[4825:4869] [com.apple.SafariPlatformSupport:SafariPlatformSupport] Cleaning up AutoFill session in response to NSWindowDidResignKeyNotification
2026-09-14 11:42:53.821 I  PeachCommander[4825:4869] [com.apple.SafariPlatformSupport:SafariPlatformSupport] -[SFSafariPlatformSupport credentialSelected:] with nil credential
2026-09-14 11:42:53.821 I  PeachCommander[4825:4869] [com.apple.AppKit:Window] order window: ea op: 0 relative: 0 related: 0
2026-09-14 11:42:53.821 I  PeachCommander[4825:4869] [com.apple.SafariPlatformSupport:SafariPlatformSupport] -[SFSafariPlatformSupport oneTimeCodeSelected:] with nil code
2026-09-14 11:42:53.848 I  PeachCommander[4825:4869] [com.apple.AppKit:Animation] Running new animation: <private>
2026-09-14 11:42:53.848 I  PeachCommander[4825:4869] [com.apple.AppKit:Animation] Running new animation: <private>
2026-09-14 11:42:53.848 I  PeachCommander[4825:4869] [com.apple.AppKit:Animation] Running new animation: <private>
2026-09-14 11:42:53.848 I  PeachCommander[4825:4869] [com.apple.AppKit:Animation] Running new animation: <private>
2026-09-14 11:42:53.848 I  PeachCommander[4825:4869] [com.apple.AppKit:Animation] Running new animation: <private>
2026-09-14 11:42:53.849 I  PeachCommander[4825:4869] [com.apple.AppKit:Window] order window front conditionally: eb related: 0
2026-09-14 11:42:53.849 I  PeachCommander[4825:4869] [com.apple.AppKit:Window] order window front conditionally: eb related: 0
2026-09-14 11:42:53.869 Df PeachCommander[4825:4869] (Foundation) <private>
2026-09-14 11:42:53.869 I  PeachCommander[4825:4869] [com.peachcommander:PCFoundation] [automation] > wait 900
2026-09-14 11:42:53.869 I  PeachCommander[4825:4869] [com.apple.AppKit:Window] context (52f30f3 -> 0) for window ea
2026-09-14 11:42:53.869 Df PeachCommander[4825:4869] [com.apple.xpc:connection] [0x830f18f00] invalidated because the current process cancelled the connection by calling xpc_connection_cancel()
2026-09-14 11:42:53.869 Df PeachCommander[4825:4869] [com.apple.xpc:connection] [0x830f19040] invalidated because the current process cancelled the connection by calling xpc_connection_cancel()
2026-09-14 11:42:53.947 I  PeachCommander[4825:4869] [com.apple.launchservices:datasep] application record search init. Node: <FSNode 0x83228bb80> { isDir = y, path = <private> } bundleID: (null) itemID: 0
2026-09-14 11:42:53.947 I  PeachCommander[4825:4869] [com.apple.launchservices:datasep] application record search init. Node: <FSNode 0x83228bb80> { isDir = y, path = <private> } bundleID: (null) itemID: 0
2026-09-14 11:42:53.947 I  PeachCommander[4825:4869] [com.apple.SafariPlatformSupport:SafariPlatformSupport] -[SFSafariPlatformSupport credentialSelected:] with nil credential
2026-09-14 11:42:53.947 I  PeachCommander[4825:4869] [com.apple.SafariPlatformSupport:SafariPlatformSupport] -[SFSafariPlatformSupport oneTimeCodeSelected:] with nil code
2026-09-14 11:42:54.039 I  PeachCommander[4825:4870] [com.apple.AppKit:WindowTab] Indexing 3 items
2026-09-14 11:42:54.039 A  PeachCommander[4825:4870] (CoreSpotlight) end-index-batch
2026-09-14 11:42:54.039 A  PeachCommander[4825:4870] (CoreSpotlight) index-items
2026-09-14 11:42:54.039 Df PeachCommander[4825:4870] [com.apple.corespotlight:index] CSInlineDonation:<private>: Skipping donation (feature flag disabled)
2026-09-14 11:42:54.040 Df PeachCommander[4825:4870] [com.apple.corespotlight:index] CSInlineDonation:<private>: Skipping donation (feature flag disabled)
2026-09-14 11:42:54.115 I  PeachCommander[4825:4869] [com.apple.AppKit:Image] ISImage reported a placeholder, image rep is providing a placeholder image for <private>
2026-09-14 11:42:54.116 I  PeachCommander[4825:4869] [com.apple.AppKit:Image] ISImage reported a placeholder, image rep is providing a placeholder image for <private>
2026-09-14 11:42:54.117 I  PeachCommander[4825:4869] [com.apple.AppKit:Image] ISImage reported a placeholder, image rep is providing a placeholder image for <private>
2026-09-14 11:42:54.118 I  PeachCommander[4825:4869] [com.apple.AppKit:Image] ISImage reported a placeholder, image rep is providing a placeholder image for <private>
2026-09-14 11:42:54.119 I  PeachCommander[4825:4869] [com.apple.AppKit:Image] ISImage reported a placeholder, image rep is providing a placeholder image for <private>
2026-09-14 11:42:54.120 I  PeachCommander[4825:4869] [com.apple.AppKit:Image] ISImage reported a placeholder, image rep is providing a placeholder image for <private>
2026-09-14 11:42:54.120 I  PeachCommander[4825:4869] [com.apple.AppKit:Image] ISImage reported a placeholder, image rep is providing a placeholder image for <private>
2026-09-14 11:42:54.121 I  PeachCommander[4825:4869] [com.apple.AppKit:Image] ISImage reported a placeholder, image rep is providing a placeholder image for <private>
2026-09-14 11:42:54.121 I  PeachCommander[4825:4869] [com.apple.AppKit:Image] ISImage reported a placeholder, image rep is providing a placeholder image for <private>
2026-09-14 11:42:54.122 I  PeachCommander[4825:4869] [com.apple.AppKit:Image] ISImage reported a placeholder, image rep is providing a placeholder image for <private>
2026-09-14 11:42:54.123 I  PeachCommander[4825:4869] [com.apple.AppKit:Image] ISImage reported a placeholder, image rep is providing a placeholder image for <private>
2026-09-14 11:42:54.123 I  PeachCommander[4825:4869] [com.apple.AppKit:Image] ISImage reported a placeholder, image rep is providing a placeholder image for <private>
2026-09-14 11:42:54.124 I  PeachCommander[4825:4869] [com.apple.AppKit:Image] ISImage reported a placeholder, image rep is providing a placeholder image for <private>
2026-09-14 11:42:54.124 I  PeachCommander[4825:4869] [com.apple.AppKit:Image] ISImage reported a placeholder, image rep is providing a placeholder image for <private>
2026-09-14 11:42:54.125 I  PeachCommander[4825:4869] [com.apple.AppKit:Image] ISImage reported a placeholder, image rep is providing a placeholder image for <private>
2026-09-14 11:42:54.126 I  PeachCommander[4825:4869] [com.apple.AppKit:Image] ISImage reported a placeholder, image rep is providing a placeholder image for <private>
2026-09-14 11:42:54.127 I  PeachCommander[4825:4869] [com.apple.AppKit:Image] ISImage reported a placeholder, image rep is providing a placeholder image for <private>
2026-09-14 11:42:54.127 I  PeachCommander[4825:4869] [com.apple.AppKit:Image] ISImage reported a placeholder, image rep is providing a placeholder image for <private>
2026-09-14 11:42:54.128 I  PeachCommander[4825:4869] [com.apple.AppKit:Image] ISImage reported a placeholder, image rep is providing a placeholder image for <private>
2026-09-14 11:42:54.128 I  PeachCommander[4825:4869] [com.apple.AppKit:Image] ISImage reported a placeholder, image rep is providing a placeholder image for <private>
2026-09-14 11:42:54.129 I  PeachCommander[4825:4869] [com.apple.AppKit:Image] ISImage reported a placeholder, image rep is providing a placeholder image for <private>
2026-09-14 11:42:54.130 I  PeachCommander[4825:4869] [com.apple.AppKit:Image] ISImage reported a placeholder, image rep is providing a placeholder image for <private>
2026-09-14 11:42:54.130 I  PeachCommander[4825:4869] [com.apple.AppKit:Image] ISImage reported a placeholder, image rep is providing a placeholder image for <private>
2026-09-14 11:42:54.131 I  PeachCommander[4825:4869] [com.apple.AppKit:Image] ISImage reported a placeholder, image rep is providing a placeholder image for <private>
2026-09-14 11:42:54.132 I  PeachCommander[4825:4869] [com.apple.AppKit:Image] ISImage reported a placeholder, image rep is providing a placeholder image for <private>
2026-09-14 11:42:54.132 I  PeachCommander[4825:4869] [com.apple.AppKit:Image] ISImage reported a placeholder, image rep is providing a placeholder image for <private>
2026-09-14 11:42:54.133 I  PeachCommander[4825:4869] [com.apple.AppKit:Image] ISImage reported a placeholder, image rep is providing a placeholder image for <private>
2026-09-14 11:42:54.133 I  PeachCommander[4825:4869] [com.apple.AppKit:Image] ISImage reported a placeholder, image rep is providing a placeholder image for <private>
2026-09-14 11:42:54.134 I  PeachCommander[4825:4869] [com.apple.AppKit:Image] ISImage reported a placeholder, image rep is providing a placeholder image for <private>
2026-09-14 11:42:54.135 I  PeachCommander[4825:4869] [com.apple.AppKit:Image] ISImage reported a placeholder, image rep is providing a placeholder image for <private>
2026-09-14 11:42:54.135 I  PeachCommander[4825:4869] [com.apple.AppKit:Image] ISImage reported a placeholder, image rep is providing a placeholder image for <private>
2026-09-14 11:42:54.137 I  PeachCommander[4825:4869] [com.apple.AppKit:Image] ISImage reported a placeholder, image rep is providing a placeholder image for <private>
2026-09-14 11:42:54.137 I  PeachCommander[4825:4869] [com.apple.AppKit:Image] ISImage reported a placeholder, image rep is providing a placeholder image for <private>
2026-09-14 11:42:54.138 I  PeachCommander[4825:4869] [com.apple.AppKit:Image] ISImage reported a placeholder, image rep is providing a placeholder image for <private>
2026-09-14 11:42:54.138 I  PeachCommander[4825:4869] [com.apple.AppKit:Image] ISImage reported a placeholder, image rep is providing a placeholder image for <private>
2026-09-14 11:42:54.139 I  PeachCommander[4825:4869] [com.apple.AppKit:Image] ISImage reported a placeholder, image rep is providing a placeholder image for <private>
2026-09-14 11:42:54.139 I  PeachCommander[4825:4869] [com.apple.AppKit:Image] ISImage reported a placeholder, image rep is providing a placeholder image for <private>
2026-09-14 11:42:54.140 I  PeachCommander[4825:4869] [com.apple.AppKit:Image] ISImage reported a placeholder, image rep is providing a placeholder image for <private>
2026-09-14 11:42:54.140 I  PeachCommander[4825:4869] [com.apple.AppKit:Image] ISImage reported a placeholder, image rep is providing a placeholder image for <private>
2026-09-14 11:42:54.141 I  PeachCommander[4825:4869] [com.apple.AppKit:Image] ISImage reported a placeholder, image rep is providing a placeholder image for <private>
2026-09-14 11:42:54.141 I  PeachCommander[4825:4869] [com.apple.AppKit:Image] ISImage reported a placeholder, image rep is providing a placeholder image for <private>
2026-09-14 11:42:54.142 I  PeachCommander[4825:4869] [com.apple.AppKit:Image] ISImage reported a placeholder, image rep is providing a placeholder image for <private>
2026-09-14 11:42:54.142 I  PeachCommander[4825:4869] [com.apple.AppKit:Image] ISImage reported a placeholder, image rep is providing a placeholder image for <private>
2026-09-14 11:42:54.144 I  PeachCommander[4825:4869] [com.apple.AppKit:Image] ISImage reported a placeholder, image rep is providing a placeholder image for <private>
2026-09-14 11:42:54.144 I  PeachCommander[4825:4869] [com.apple.AppKit:Image] ISImage reported a placeholder, image rep is providing a placeholder image for <private>
2026-09-14 11:42:54.145 I  PeachCommander[4825:4869] [com.apple.AppKit:Image] ISImage reported a placeholder, image rep is providing a placeholder image for <private>
2026-09-14 11:42:54.145 I  PeachCommander[4825:4869] [com.apple.AppKit:Image] ISImage reported a placeholder, image rep is providing a placeholder image for <private>
2026-09-14 11:42:54.146 I  PeachCommander[4825:4869] [com.apple.AppKit:Image] ISImage reported a placeholder, image rep is providing a placeholder image for <private>
2026-09-14 11:42:54.146 I  PeachCommander[4825:4869] [com.apple.AppKit:Image] ISImage reported a placeholder, image rep is providing a placeholder image for <private>
2026-09-14 11:42:54.147 I  PeachCommander[4825:4869] [com.apple.AppKit:Image] ISImage reported a placeholder, image rep is providing a placeholder image for <private>
2026-09-14 11:42:54.147 I  PeachCommander[4825:4869] [com.apple.AppKit:Image] ISImage reported a placeholder, image rep is providing a placeholder image for <private>
2026-09-14 11:42:54.148 I  PeachCommander[4825:4869] [com.apple.AppKit:Image] ISImage reported a placeholder, image rep is providing a placeholder image for <private>
2026-09-14 11:42:54.148 I  PeachCommander[4825:4869] [com.apple.AppKit:Image] ISImage reported a placeholder, image rep is providing a placeholder image for <private>
2026-09-14 11:42:54.149 I  PeachCommander[4825:4869] [com.apple.AppKit:Image] ISImage reported a placeholder, image rep is providing a placeholder image for <private>
2026-09-14 11:42:54.149 I  PeachCommander[4825:4869] [com.apple.AppKit:Image] ISImage reported a placeholder, image rep is providing a placeholder image for <private>
2026-09-14 11:42:54.150 I  PeachCommander[4825:4869] [com.apple.AppKit:Image] ISImage reported a placeholder, image rep is providing a placeholder image for <private>
2026-09-14 11:42:54.150 I  PeachCommander[4825:4869] [com.apple.AppKit:Image] ISImage reported a placeholder, image rep is providing a placeholder image for <private>
2026-09-14 11:42:54.152 I  PeachCommander[4825:4869] [com.apple.AppKit:Image] ISImage reported a placeholder, image rep is providing a placeholder image for <private>
2026-09-14 11:42:54.152 I  PeachCommander[4825:4869] [com.apple.AppKit:Image] ISImage reported a placeholder, image rep is providing a placeholder image for <private>
2026-09-14 11:42:54.154 I  PeachCommander[4825:4869] [com.apple.AppKit:Image] ISImage reported a placeholder, image rep is providing a placeholder image for <private>
2026-09-14 11:42:54.154 I  PeachCommander[4825:4869] [com.apple.AppKit:Image] ISImage reported a placeholder, image rep is providing a placeholder image for <private>
2026-09-14 11:42:54.155 I  PeachCommander[4825:4869] [com.apple.AppKit:Image] ISImage reported a placeholder, image rep is providing a placeholder image for <private>
2026-09-14 11:42:54.155 I  PeachCommander[4825:4869] [com.apple.AppKit:Image] ISImage reported a placeholder, image rep is providing a placeholder image for <private>
2026-09-14 11:42:54.156 I  PeachCommander[4825:4869] [com.apple.AppKit:Image] ISImage reported a placeholder, image rep is providing a placeholder image for <private>
2026-09-14 11:42:54.156 I  PeachCommander[4825:4869] [com.apple.AppKit:Image] ISImage reported a placeholder, image rep is providing a placeholder image for <private>
2026-09-14 11:42:54.157 I  PeachCommander[4825:4869] [com.apple.AppKit:Image] ISImage reported a placeholder, image rep is providing a placeholder image for <private>
2026-09-14 11:42:54.157 I  PeachCommander[4825:4869] [com.apple.AppKit:Image] ISImage reported a placeholder, image rep is providing a placeholder image for <private>
2026-09-14 11:42:54.158 I  PeachCommander[4825:4869] [com.apple.AppKit:Image] ISImage reported a placeholder, image rep is providing a placeholder image for <private>
2026-09-14 11:42:54.158 I  PeachCommander[4825:4869] [com.apple.AppKit:Image] ISImage reported a placeholder, image rep is providing a placeholder image for <private>
2026-09-14 11:42:54.159 I  PeachCommander[4825:4869] [com.apple.AppKit:Image] ISImage reported a placeholder, image rep is providing a placeholder image for <private>
2026-09-14 11:42:54.159 I  PeachCommander[4825:4869] [com.apple.AppKit:Image] ISImage reported a placeholder, image rep is providing a placeholder image for <private>
2026-09-14 11:42:54.160 I  PeachCommander[4825:4869] [com.apple.AppKit:Image] ISImage reported a placeholder, image rep is providing a placeholder image for <private>
2026-09-14 11:42:54.160 I  PeachCommander[4825:4869] [com.apple.AppKit:Image] ISImage reported a placeholder, image rep is providing a placeholder image for <private>
2026-09-14 11:42:54.161 I  PeachCommander[4825:4869] [com.apple.AppKit:Image] ISImage reported a placeholder, image rep is providing a placeholder image for <private>
2026-09-14 11:42:54.161 I  PeachCommander[4825:4869] [com.apple.AppKit:Image] ISImage reported a placeholder, image rep is providing a placeholder image for <private>
2026-09-14 11:42:54.162 I  PeachCommander[4825:4869] [com.apple.AppKit:Image] ISImage reported a placeholder, image rep is providing a placeholder image for <private>
2026-09-14 11:42:54.162 I  PeachCommander[4825:4869] [com.apple.AppKit:Image] ISImage reported a placeholder, image rep is providing a placeholder image for <private>
2026-09-14 11:42:54.164 I  PeachCommander[4825:4869] [com.apple.AppKit:Image] ISImage reported a placeholder, image rep is providing a placeholder image for <private>
2026-09-14 11:42:54.164 I  PeachCommander[4825:4869] [com.apple.AppKit:Image] ISImage reported a placeholder, image rep is providing a placeholder image for <private>
2026-09-14 11:42:54.165 I  PeachCommander[4825:4869] [com.apple.AppKit:Image] ISImage reported a placeholder, image rep is providing a placeholder image for <private>
2026-09-14 11:42:54.165 I  PeachCommander[4825:4869] [com.apple.AppKit:Image] ISImage reported a placeholder, image rep is providing a placeholder image for <private>
2026-09-14 11:42:54.258 I  PeachCommander[4825:4869] [com.apple.AppKit:Image] ISImage reported a placeholder, image rep is providing a placeholder image for <private>
2026-09-14 11:42:54.259 I  PeachCommander[4825:4869] [com.apple.AppKit:Image] ISImage reported a placeholder, image rep is providing a placeholder image for <private>
2026-09-14 11:42:54.259 I  PeachCommander[4825:4869] [com.apple.AppKit:Image] ISImage reported a placeholder, image rep is providing a placeholder image for <private>
2026-09-14 11:42:54.260 I  PeachCommander[4825:4869] [com.apple.AppKit:Image] ISImage reported a placeholder, image rep is providing a placeholder image for <private>
2026-09-14 11:42:54.261 I  PeachCommander[4825:4869] [com.apple.AppKit:Image] ISImage reported a placeholder, image rep is providing a placeholder image for <private>
2026-09-14 11:42:54.261 I  PeachCommander[4825:4869] [com.apple.AppKit:Image] ISImage reported a placeholder, image rep is providing a placeholder image for <private>
2026-09-14 11:42:54.262 I  PeachCommander[4825:4869] [com.apple.AppKit:Image] ISImage reported a placeholder, image rep is providing a placeholder image for <private>
2026-09-14 11:42:54.263 I  PeachCommander[4825:4869] [com.apple.AppKit:Image] ISImage reported a placeholder, image rep is providing a placeholder image for <private>
2026-09-14 11:42:54.263 I  PeachCommander[4825:4869] [com.apple.AppKit:Image] ISImage reported a placeholder, image rep is providing a placeholder image for <private>
2026-09-14 11:42:54.264 I  PeachCommander[4825:4869] [com.apple.AppKit:Image] ISImage reported a placeholder, image rep is providing a placeholder image for <private>
2026-09-14 11:42:54.264 I  PeachCommander[4825:4869] [com.apple.AppKit:Image] ISImage reported a placeholder, image rep is providing a placeholder image for <private>
2026-09-14 11:42:54.265 I  PeachCommander[4825:4869] [com.apple.AppKit:Image] ISImage reported a placeholder, image rep is providing a placeholder image for <private>
2026-09-14 11:42:54.265 I  PeachCommander[4825:4869] [com.apple.AppKit:Image] ISImage reported a placeholder, image rep is providing a placeholder image for <private>
2026-09-14 11:42:54.266 I  PeachCommander[4825:4869] [com.apple.AppKit:Image] ISImage reported a placeholder, image rep is providing a placeholder image for <private>
2026-09-14 11:42:54.267 I  PeachCommander[4825:4869] [com.apple.AppKit:Image] ISImage reported a placeholder, image rep is providing a placeholder image for <private>
2026-09-14 11:42:54.267 I  PeachCommander[4825:4869] [com.apple.AppKit:Image] ISImage reported a placeholder, image rep is providing a placeholder image for <private>
2026-09-14 11:42:54.268 I  PeachCommander[4825:4869] [com.apple.AppKit:Image] ISImage reported a placeholder, image rep is providing a placeholder image for <private>
2026-09-14 11:42:54.269 I  PeachCommander[4825:4869] [com.apple.AppKit:Image] ISImage reported a placeholder, image rep is providing a placeholder image for <private>
2026-09-14 11:42:54.270 I  PeachCommander[4825:4869] [com.apple.AppKit:Image] ISImage reported a placeholder, image rep is providing a placeholder image for <private>
2026-09-14 11:42:54.271 I  PeachCommander[4825:4869] [com.apple.AppKit:Image] ISImage reported a placeholder, image rep is providing a placeholder image for <private>
2026-09-14 11:42:54.272 I  PeachCommander[4825:4869] [com.apple.AppKit:Image] ISImage reported a placeholder, image rep is providing a placeholder image for <private>
2026-09-14 11:42:54.273 I  PeachCommander[4825:4869] [com.apple.AppKit:Image] ISImage reported a placeholder, image rep is providing a placeholder image for <private>
2026-09-14 11:42:54.273 I  PeachCommander[4825:4869] [com.apple.AppKit:Image] ISImage reported a placeholder, image rep is providing a placeholder image for <private>
2026-09-14 11:42:54.274 I  PeachCommander[4825:4869] [com.apple.AppKit:Image] ISImage reported a placeholder, image rep is providing a placeholder image for <private>
2026-09-14 11:42:54.275 I  PeachCommander[4825:4869] [com.apple.AppKit:Image] ISImage reported a placeholder, image rep is providing a placeholder image for <private>
2026-09-14 11:42:54.275 I  PeachCommander[4825:4869] [com.apple.AppKit:Image] ISImage reported a placeholder, image rep is providing a placeholder image for <private>
2026-09-14 11:42:54.276 I  PeachCommander[4825:4869] [com.apple.AppKit:Image] ISImage reported a placeholder, image rep is providing a placeholder image for <private>
2026-09-14 11:42:54.277 I  PeachCommander[4825:4869] [com.apple.AppKit:Image] ISImage reported a placeholder, image rep is providing a placeholder image for <private>
2026-09-14 11:42:54.277 I  PeachCommander[4825:4869] [com.apple.AppKit:Image] ISImage reported a placeholder, image rep is providing a placeholder image for <private>
2026-09-14 11:42:54.278 I  PeachCommander[4825:4869] [com.apple.AppKit:Image] ISImage reported a placeholder, image rep is providing a placeholder image for <private>
2026-09-14 11:42:54.278 I  PeachCommander[4825:4869] [com.apple.AppKit:Image] ISImage reported a placeholder, image rep is providing a placeholder image for <private>
2026-09-14 11:42:54.279 I  PeachCommander[4825:4869] [com.apple.AppKit:Image] ISImage reported a placeholder, image rep is providing a placeholder image for <private>
2026-09-14 11:42:54.279 I  PeachCommander[4825:4869] [com.apple.AppKit:Image] ISImage reported a placeholder, image rep is providing a placeholder image for <private>
2026-09-14 11:42:54.280 I  PeachCommander[4825:4869] [com.apple.AppKit:Image] ISImage reported a placeholder, image rep is providing a placeholder image for <private>
2026-09-14 11:42:54.280 I  PeachCommander[4825:4869] [com.apple.AppKit:Image] ISImage reported a placeholder, image rep is providing a placeholder image for <private>
2026-09-14 11:42:54.281 I  PeachCommander[4825:4869] [com.apple.AppKit:Image] ISImage reported a placeholder, image rep is providing a placeholder image for <private>
2026-09-14 11:42:54.281 I  PeachCommander[4825:4869] [com.apple.AppKit:Image] ISImage reported a placeholder, image rep is providing a placeholder image for <private>
2026-09-14 11:42:54.282 I  PeachCommander[4825:4869] [com.apple.AppKit:Image] ISImage reported a placeholder, image rep is providing a placeholder image for <private>
2026-09-14 11:42:54.282 I  PeachCommander[4825:4869] [com.apple.AppKit:Image] ISImage reported a placeholder, image rep is providing a placeholder image for <private>
2026-09-14 11:42:54.283 I  PeachCommander[4825:4869] [com.apple.AppKit:Image] ISImage reported a placeholder, image rep is providing a placeholder image for <private>
2026-09-14 11:42:54.283 I  PeachCommander[4825:4869] [com.apple.AppKit:Image] ISImage reported a placeholder, image rep is providing a placeholder image for <private>
2026-09-14 11:42:54.285 I  PeachCommander[4825:4869] [com.apple.AppKit:Image] ISImage reported a placeholder, image rep is providing a placeholder image for <private>
2026-09-14 11:42:54.285 I  PeachCommander[4825:4869] [com.apple.AppKit:Image] ISImage reported a placeholder, image rep is providing a placeholder image for <private>
2026-09-14 11:42:54.286 I  PeachCommander[4825:4869] [com.apple.AppKit:Image] ISImage reported a placeholder, image rep is providing a placeholder image for <private>
2026-09-14 11:42:54.286 I  PeachCommander[4825:4869] [com.apple.AppKit:Image] ISImage reported a placeholder, image rep is providing a placeholder image for <private>
2026-09-14 11:42:54.287 I  PeachCommander[4825:4869] [com.apple.AppKit:Image] ISImage reported a placeholder, image rep is providing a placeholder image for <private>
2026-09-14 11:42:54.287 I  PeachCommander[4825:4869] [com.apple.AppKit:Image] ISImage reported a placeholder, image rep is providing a placeholder image for <private>
2026-09-14 11:42:54.288 I  PeachCommander[4825:4869] [com.apple.AppKit:Image] ISImage reported a placeholder, image rep is providing a placeholder image for <private>
2026-09-14 11:42:54.288 I  PeachCommander[4825:4869] [com.apple.AppKit:Image] ISImage reported a placeholder, image rep is providing a placeholder image for <private>
2026-09-14 11:42:54.290 I  PeachCommander[4825:4869] [com.apple.AppKit:Image] ISImage reported a placeholder, image rep is providing a placeholder image for <private>
2026-09-14 11:42:54.290 I  PeachCommander[4825:4869] [com.apple.AppKit:Image] ISImage reported a placeholder, image rep is providing a placeholder image for <private>
2026-09-14 11:42:54.291 I  PeachCommander[4825:4869] [com.apple.AppKit:Image] ISImage reported a placeholder, image rep is providing a placeholder image for <private>
2026-09-14 11:42:54.291 I  PeachCommander[4825:4869] [com.apple.AppKit:Image] ISImage reported a placeholder, image rep is providing a placeholder image for <private>
2026-09-14 11:42:54.292 I  PeachCommander[4825:4869] [com.apple.AppKit:Image] ISImage reported a placeholder, image rep is providing a placeholder image for <private>
2026-09-14 11:42:54.292 I  PeachCommander[4825:4869] [com.apple.AppKit:Image] ISImage reported a placeholder, image rep is providing a placeholder image for <private>
2026-09-14 11:42:54.293 I  PeachCommander[4825:4869] [com.apple.AppKit:Image] ISImage reported a placeholder, image rep is providing a placeholder image for <private>
2026-09-14 11:42:54.293 I  PeachCommander[4825:4869] [com.apple.AppKit:Image] ISImage reported a placeholder, image rep is providing a placeholder image for <private>
2026-09-14 11:42:54.294 I  PeachCommander[4825:4869] [com.apple.AppKit:Image] ISImage reported a placeholder, image rep is providing a placeholder image for <private>
2026-09-14 11:42:54.294 I  PeachCommander[4825:4869] [com.apple.AppKit:Image] ISImage reported a placeholder, image rep is providing a placeholder image for <private>
2026-09-14 11:42:54.295 I  PeachCommander[4825:4869] [com.apple.AppKit:Image] ISImage reported a placeholder, image rep is providing a placeholder image for <private>
2026-09-14 11:42:54.295 I  PeachCommander[4825:4869] [com.apple.AppKit:Image] ISImage reported a placeholder, image rep is providing a placeholder image for <private>
2026-09-14 11:42:54.296 I  PeachCommander[4825:4869] [com.apple.AppKit:Image] ISImage reported a placeholder, image rep is providing a placeholder image for <private>
2026-09-14 11:42:54.296 I  PeachCommander[4825:4869] [com.apple.AppKit:Image] ISImage reported a placeholder, image rep is providing a placeholder image for <private>
2026-09-14 11:42:54.297 I  PeachCommander[4825:4869] [com.apple.AppKit:Image] ISImage reported a placeholder, image rep is providing a placeholder image for <private>
2026-09-14 11:42:54.297 I  PeachCommander[4825:4869] [com.apple.AppKit:Image] ISImage reported a placeholder, image rep is providing a placeholder image for <private>
2026-09-14 11:42:54.298 I  PeachCommander[4825:4869] [com.apple.AppKit:Image] ISImage reported a placeholder, image rep is providing a placeholder image for <private>
2026-09-14 11:42:54.298 I  PeachCommander[4825:4869] [com.apple.AppKit:Image] ISImage reported a placeholder, image rep is providing a placeholder image for <private>
2026-09-14 11:42:54.299 I  PeachCommander[4825:4869] [com.apple.AppKit:Image] ISImage reported a placeholder, image rep is providing a placeholder image for <private>
2026-09-14 11:42:54.299 I  PeachCommander[4825:4869] [com.apple.AppKit:Image] ISImage reported a placeholder, image rep is providing a placeholder image for <private>
2026-09-14 11:42:54.300 I  PeachCommander[4825:4869] [com.apple.AppKit:Image] ISImage reported a placeholder, image rep is providing a placeholder image for <private>
2026-09-14 11:42:54.300 I  PeachCommander[4825:4869] [com.apple.AppKit:Image] ISImage reported a placeholder, image rep is providing a placeholder image for <private>
2026-09-14 11:42:54.302 I  PeachCommander[4825:4869] [com.apple.AppKit:Image] ISImage reported a placeholder, image rep is providing a placeholder image for <private>
2026-09-14 11:42:54.302 I  PeachCommander[4825:4869] [com.apple.AppKit:Image] ISImage reported a placeholder, image rep is providing a placeholder image for <private>
2026-09-14 11:42:54.303 I  PeachCommander[4825:4869] [com.apple.AppKit:Image] ISImage reported a placeholder, image rep is providing a placeholder image for <private>
2026-09-14 11:42:54.303 I  PeachCommander[4825:4869] [com.apple.AppKit:Image] ISImage reported a placeholder, image rep is providing a placeholder image for <private>
2026-09-14 11:42:54.304 I  PeachCommander[4825:4869] [com.apple.AppKit:Image] ISImage reported a placeholder, image rep is providing a placeholder image for <private>
2026-09-14 11:42:54.304 I  PeachCommander[4825:4869] [com.apple.AppKit:Image] ISImage reported a placeholder, image rep is providing a placeholder image for <private>
2026-09-14 11:42:54.305 I  PeachCommander[4825:4869] [com.apple.AppKit:Image] ISImage reported a placeholder, image rep is providing a placeholder image for <private>
2026-09-14 11:42:54.305 I  PeachCommander[4825:4869] [com.apple.AppKit:Image] ISImage reported a placeholder, image rep is providing a placeholder image for <private>
2026-09-14 11:42:54.306 I  PeachCommander[4825:4869] [com.apple.AppKit:Image] ISImage reported a placeholder, image rep is providing a placeholder image for <private>
2026-09-14 11:42:54.306 I  PeachCommander[4825:4869] [com.apple.AppKit:Image] ISImage reported a placeholder, image rep is providing a placeholder image for <private>
2026-09-14 11:42:54.828 Df PeachCommander[4825:4869] (Foundation) <private>
2026-09-14 11:42:54.828 I  PeachCommander[4825:4869] [com.peachcommander:PCFoundation] [automation] > syncview 0|right|/Users/admin/view-both-right.txt
2026-09-14 11:42:54.828 A  PeachCommander[4825:4869] (AppKit) sendAction:
2026-09-14 11:42:54.833 I  PeachCommander[4825:4869] [com.apple.AppKit:Animation] Running new animation: <private>
2026-09-14 11:42:54.833 I  PeachCommander[4825:4869] [com.apple.AppKit:Animation] Running new animation: <private>
2026-09-14 11:42:54.833 I  PeachCommander[4825:4869] [com.apple.AppKit:Animation] Running new animation: <private>
2026-09-14 11:42:54.833 I  PeachCommander[4825:4869] [com.apple.AppKit:Animation] Running new animation: <private>
2026-09-14 11:42:54.833 I  PeachCommander[4825:4869] [com.apple.AppKit:Animation] Running new animation: <private>
2026-09-14 11:42:54.836 I  PeachCommander[4825:4869] [com.apple.AppKit:Window] context (0 -> 7d8b9da) for window ec
2026-09-14 11:42:54.838 I  PeachCommander[4825:4869] [com.apple.AppKit:Animation] Running new animation: <private>
2026-09-14 11:42:54.838 I  PeachCommander[4825:4869] [com.apple.AppKit:Animation] Running new animation: <private>
2026-09-14 11:42:54.838 I  PeachCommander[4825:4869] [com.apple.AppKit:Animation] Running new animation: <private>
2026-09-14 11:42:54.838 I  PeachCommander[4825:4869] [com.apple.AppKit:Animation] Running new animation: <private>
2026-09-14 11:42:54.838 I  PeachCommander[4825:4869] [com.apple.AppKit:Animation] Running new animation: <private>
2026-09-14 11:42:54.882 I  PeachCommander[4825:4869] [com.apple.AppKit:Animation] Running new animation: <private>
2026-09-14 11:42:54.882 I  PeachCommander[4825:4869] [com.apple.AppKit:Animation] Running new animation: <private>
2026-09-14 11:42:54.882 I  PeachCommander[4825:4869] [com.apple.AppKit:Animation] Running new animation: <private>
2026-09-14 11:42:54.882 I  PeachCommander[4825:4869] [com.apple.AppKit:Animation] Running new animation: <private>
2026-09-14 11:42:54.882 I  PeachCommander[4825:4869] [com.apple.AppKit:Animation] Running new animation: <private>
2026-09-14 11:42:54.884 I  PeachCommander[4825:4869] [com.apple.AppKit:Window] order window front conditionally: ec related: 0
2026-09-14 11:42:54.884 I  PeachCommander[4825:4869] [com.apple.AppKit:Window] order window front conditionally: ec related: 0
2026-09-14 11:42:54.899 Df PeachCommander[4825:4869] (Foundation) <private>
2026-09-14 11:42:54.899 I  PeachCommander[4825:4869] [com.peachcommander:PCFoundation] [automation] > wait 900
2026-09-14 11:42:55.053 I  PeachCommander[4825:4876] [com.apple.AppKit:WindowTab] Indexing 4 items
2026-09-14 11:42:55.053 A  PeachCommander[4825:4876] (CoreSpotlight) end-index-batch
2026-09-14 11:42:55.053 A  PeachCommander[4825:4876] (CoreSpotlight) index-items
2026-09-14 11:42:55.053 Df PeachCommander[4825:4876] [com.apple.corespotlight:index] CSInlineDonation:<private>: Skipping donation (feature flag disabled)
2026-09-14 11:42:55.054 Df PeachCommander[4825:4870] [com.apple.corespotlight:index] CSInlineDonation:<private>: Skipping donation (feature flag disabled)
2026-09-14 11:42:55.247 I  PeachCommander[4825:4869] [com.apple.AppKit:Image] ISImage reported a placeholder, image rep is providing a placeholder image for <private>
2026-09-14 11:42:55.247 I  PeachCommander[4825:4869] [com.apple.AppKit:Image] ISImage reported a placeholder, image rep is providing a placeholder image for <private>
2026-09-14 11:42:55.248 I  PeachCommander[4825:4869] [com.apple.AppKit:Image] ISImage reported a placeholder, image rep is providing a placeholder image for <private>
2026-09-14 11:42:55.249 I  PeachCommander[4825:4869] [com.apple.AppKit:Image] ISImage reported a placeholder, image rep is providing a placeholder image for <private>
2026-09-14 11:42:55.249 I  PeachCommander[4825:4869] [com.apple.AppKit:Image] ISImage reported a placeholder, image rep is providing a placeholder image for <private>
2026-09-14 11:42:55.250 I  PeachCommander[4825:4869] [com.apple.AppKit:Image] ISImage reported a placeholder, image rep is providing a placeholder image for <private>
2026-09-14 11:42:55.251 I  PeachCommander[4825:4869] [com.apple.AppKit:Image] ISImage reported a placeholder, image rep is providing a placeholder image for <private>
2026-09-14 11:42:55.251 I  PeachCommander[4825:4869] [com.apple.AppKit:Image] ISImage reported a placeholder, image rep is providing a placeholder image for <private>
2026-09-14 11:42:55.252 I  PeachCommander[4825:4869] [com.apple.AppKit:Image] ISImage reported a placeholder, image rep is providing a placeholder image for <private>
2026-09-14 11:42:55.253 I  PeachCommander[4825:4869] [com.apple.AppKit:Image] ISImage reported a placeholder, image rep is providing a placeholder image for <private>
2026-09-14 11:42:55.254 I  PeachCommander[4825:4869] [com.apple.AppKit:Image] ISImage reported a placeholder, image rep is providing a placeholder image for <private>
2026-09-14 11:42:55.254 I  PeachCommander[4825:4869] [com.apple.AppKit:Image] ISImage reported a placeholder, image rep is providing a placeholder image for <private>
2026-09-14 11:42:55.255 I  PeachCommander[4825:4869] [com.apple.AppKit:Image] ISImage reported a placeholder, image rep is providing a placeholder image for <private>
2026-09-14 11:42:55.255 I  PeachCommander[4825:4869] [com.apple.AppKit:Image] ISImage reported a placeholder, image rep is providing a placeholder image for <private>
2026-09-14 11:42:55.256 I  PeachCommander[4825:4869] [com.apple.AppKit:Image] ISImage reported a placeholder, image rep is providing a placeholder image for <private>
2026-09-14 11:42:55.257 I  PeachCommander[4825:4869] [com.apple.AppKit:Image] ISImage reported a placeholder, image rep is providing a placeholder image for <private>
2026-09-14 11:42:55.257 I  PeachCommander[4825:4869] [com.apple.AppKit:Image] ISImage reported a placeholder, image rep is providing a placeholder image for <private>
2026-09-14 11:42:55.258 I  PeachCommander[4825:4869] [com.apple.AppKit:Image] ISImage reported a placeholder, image rep is providing a placeholder image for <private>
2026-09-14 11:42:55.258 I  PeachCommander[4825:4869] [com.apple.AppKit:Image] ISImage reported a placeholder, image rep is providing a placeholder image for <private>
2026-09-14 11:42:55.259 I  PeachCommander[4825:4869] [com.apple.AppKit:Image] ISImage reported a placeholder, image rep is providing a placeholder image for <private>
2026-09-14 11:42:55.260 I  PeachCommander[4825:4869] [com.apple.AppKit:Image] ISImage reported a placeholder, image rep is providing a placeholder image for <private>
2026-09-14 11:42:55.260 I  PeachCommander[4825:4869] [com.apple.AppKit:Image] ISImage reported a placeholder, image rep is providing a placeholder image for <private>
2026-09-14 11:42:55.261 I  PeachCommander[4825:4869] [com.apple.AppKit:Image] ISImage reported a placeholder, image rep is providing a placeholder image for <private>
2026-09-14 11:42:55.261 I  PeachCommander[4825:4869] [com.apple.AppKit:Image] ISImage reported a placeholder, image rep is providing a placeholder image for <private>
2026-09-14 11:42:55.262 I  PeachCommander[4825:4869] [com.apple.AppKit:Image] ISImage reported a placeholder, image rep is providing a placeholder image for <private>
2026-09-14 11:42:55.263 I  PeachCommander[4825:4869] [com.apple.AppKit:Image] ISImage reported a placeholder, image rep is providing a placeholder image for <private>
2026-09-14 11:42:55.264 I  PeachCommander[4825:4869] [com.apple.AppKit:Image] ISImage reported a placeholder, image rep is providing a placeholder image for <private>
2026-09-14 11:42:55.264 I  PeachCommander[4825:4869] [com.apple.AppKit:Image] ISImage reported a placeholder, image rep is providing a placeholder image for <private>
2026-09-14 11:42:55.264 I  PeachCommander[4825:4869] [com.apple.AppKit:Image] ISImage reported a placeholder, image rep is providing a placeholder image for <private>
2026-09-14 11:42:55.265 I  PeachCommander[4825:4869] [com.apple.AppKit:Image] ISImage reported a placeholder, image rep is providing a placeholder image for <private>
2026-09-14 11:42:55.265 I  PeachCommander[4825:4869] [com.apple.AppKit:Image] ISImage reported a placeholder, image rep is providing a placeholder image for <private>
2026-09-14 11:42:55.266 I  PeachCommander[4825:4869] [com.apple.AppKit:Image] ISImage reported a placeholder, image rep is providing a placeholder image for <private>
2026-09-14 11:42:55.266 I  PeachCommander[4825:4869] [com.apple.AppKit:Image] ISImage reported a placeholder, image rep is providing a placeholder image for <private>
2026-09-14 11:42:55.268 I  PeachCommander[4825:4869] [com.apple.AppKit:Image] ISImage reported a placeholder, image rep is providing a placeholder image for <private>
2026-09-14 11:42:55.268 I  PeachCommander[4825:4869] [com.apple.AppKit:Image] ISImage reported a placeholder, image rep is providing a placeholder image for <private>
2026-09-14 11:42:55.269 I  PeachCommander[4825:4869] [com.apple.AppKit:Image] ISImage reported a placeholder, image rep is providing a placeholder image for <private>
2026-09-14 11:42:55.269 I  PeachCommander[4825:4869] [com.apple.AppKit:Image] ISImage reported a placeholder, image rep is providing a placeholder image for <private>
2026-09-14 11:42:55.271 I  PeachCommander[4825:4869] [com.apple.AppKit:Image] ISImage reported a placeholder, image rep is providing a placeholder image for <private>
2026-09-14 11:42:55.271 I  PeachCommander[4825:4869] [com.apple.AppKit:Image] ISImage reported a placeholder, image rep is providing a placeholder image for <private>
2026-09-14 11:42:55.272 I  PeachCommander[4825:4869] [com.apple.AppKit:Image] ISImage reported a placeholder, image rep is providing a placeholder image for <private>
2026-09-14 11:42:55.272 I  PeachCommander[4825:4869] [com.apple.AppKit:Image] ISImage reported a placeholder, image rep is providing a placeholder image for <private>
2026-09-14 11:42:55.273 I  PeachCommander[4825:4869] [com.apple.AppKit:Image] ISImage reported a placeholder, image rep is providing a placeholder image for <private>
2026-09-14 11:42:55.273 I  PeachCommander[4825:4869] [com.apple.AppKit:Image] ISImage reported a placeholder, image rep is providing a placeholder image for <private>
2026-09-14 11:42:55.274 I  PeachCommander[4825:4869] [com.apple.AppKit:Image] ISImage reported a placeholder, image rep is providing a placeholder image for <private>
2026-09-14 11:42:55.274 I  PeachCommander[4825:4869] [com.apple.AppKit:Image] ISImage reported a placeholder, image rep is providing a placeholder image for <private>
2026-09-14 11:42:55.275 I  PeachCommander[4825:4869] [com.apple.AppKit:Image] ISImage reported a placeholder, image rep is providing a placeholder image for <private>
2026-09-14 11:42:55.275 I  PeachCommander[4825:4869] [com.apple.AppKit:Image] ISImage reported a placeholder, image rep is providing a placeholder image for <private>
2026-09-14 11:42:55.276 I  PeachCommander[4825:4869] [com.apple.AppKit:Image] ISImage reported a placeholder, image rep is providing a placeholder image for <private>
2026-09-14 11:42:55.276 I  PeachCommander[4825:4869] [com.apple.AppKit:Image] ISImage reported a placeholder, image rep is providing a placeholder image for <private>
2026-09-14 11:42:55.277 I  PeachCommander[4825:4869] [com.apple.AppKit:Image] ISImage reported a placeholder, image rep is providing a placeholder image for <private>
2026-09-14 11:42:55.278 I  PeachCommander[4825:4869] [com.apple.AppKit:Image] ISImage reported a placeholder, image rep is providing a placeholder image for <private>
2026-09-14 11:42:55.279 I  PeachCommander[4825:4869] [com.apple.AppKit:Image] ISImage reported a placeholder, image rep is providing a placeholder image for <private>
2026-09-14 11:42:55.279 I  PeachCommander[4825:4869] [com.apple.AppKit:Image] ISImage reported a placeholder, image rep is providing a placeholder image for <private>
2026-09-14 11:42:55.280 I  PeachCommander[4825:4869] [com.apple.AppKit:Image] ISImage reported a placeholder, image rep is providing a placeholder image for <private>
2026-09-14 11:42:55.280 I  PeachCommander[4825:4869] [com.apple.AppKit:Image] ISImage reported a placeholder, image rep is providing a placeholder image for <private>
2026-09-14 11:42:55.281 I  PeachCommander[4825:4869] [com.apple.AppKit:Image] ISImage reported a placeholder, image rep is providing a placeholder image for <private>
2026-09-14 11:42:55.281 I  PeachCommander[4825:4869] [com.apple.AppKit:Image] ISImage reported a placeholder, image rep is providing a placeholder image for <private>
2026-09-14 11:42:55.282 I  PeachCommander[4825:4869] [com.apple.AppKit:Image] ISImage reported a placeholder, image rep is providing a placeholder image for <private>
2026-09-14 11:42:55.282 I  PeachCommander[4825:4869] [com.apple.AppKit:Image] ISImage reported a placeholder, image rep is providing a placeholder image for <private>
2026-09-14 11:42:55.283 I  PeachCommander[4825:4869] [com.apple.AppKit:Image] ISImage reported a placeholder, image rep is providing a placeholder image for <private>
2026-09-14 11:42:55.283 I  PeachCommander[4825:4869] [com.apple.AppKit:Image] ISImage reported a placeholder, image rep is providing a placeholder image for <private>
2026-09-14 11:42:55.284 I  PeachCommander[4825:4869] [com.apple.AppKit:Image] ISImage reported a placeholder, image rep is providing a placeholder image for <private>
2026-09-14 11:42:55.284 I  PeachCommander[4825:4869] [com.apple.AppKit:Image] ISImage reported a placeholder, image rep is providing a placeholder image for <private>
2026-09-14 11:42:55.285 I  PeachCommander[4825:4869] [com.apple.AppKit:Image] ISImage reported a placeholder, image rep is providing a placeholder image for <private>
2026-09-14 11:42:55.285 I  PeachCommander[4825:4869] [com.apple.AppKit:Image] ISImage reported a placeholder, image rep is providing a placeholder image for <private>
2026-09-14 11:42:55.286 I  PeachCommander[4825:4869] [com.apple.AppKit:Image] ISImage reported a placeholder, image rep is providing a placeholder image for <private>
2026-09-14 11:42:55.286 I  PeachCommander[4825:4869] [com.apple.AppKit:Image] ISImage reported a placeholder, image rep is providing a placeholder image for <private>
2026-09-14 11:42:55.287 I  PeachCommander[4825:4869] [com.apple.AppKit:Image] ISImage reported a placeholder, image rep is providing a placeholder image for <private>
2026-09-14 11:42:55.287 I  PeachCommander[4825:4869] [com.apple.AppKit:Image] ISImage reported a placeholder, image rep is providing a placeholder image for <private>
2026-09-14 11:42:55.288 I  PeachCommander[4825:4869] [com.apple.AppKit:Image] ISImage reported a placeholder, image rep is providing a placeholder image for <private>
2026-09-14 11:42:55.288 I  PeachCommander[4825:4869] [com.apple.AppKit:Image] ISImage reported a placeholder, image rep is providing a placeholder image for <private>
2026-09-14 11:42:55.289 I  PeachCommander[4825:4869] [com.apple.AppKit:Image] ISImage reported a placeholder, image rep is providing a placeholder image for <private>
2026-09-14 11:42:55.289 I  PeachCommander[4825:4869] [com.apple.AppKit:Image] ISImage reported a placeholder, image rep is providing a placeholder image for <private>
2026-09-14 11:42:55.290 I  PeachCommander[4825:4869] [com.apple.AppKit:Image] ISImage reported a placeholder, image rep is providing a placeholder image for <private>
2026-09-14 11:42:55.290 I  PeachCommander[4825:4869] [com.apple.AppKit:Image] ISImage reported a placeholder, image rep is providing a placeholder image for <private>
2026-09-14 11:42:55.291 I  PeachCommander[4825:4869] [com.apple.AppKit:Image] ISImage reported a placeholder, image rep is providing a placeholder image for <private>
2026-09-14 11:42:55.291 I  PeachCommander[4825:4869] [com.apple.AppKit:Image] ISImage reported a placeholder, image rep is providing a placeholder image for <private>
2026-09-14 11:42:55.292 I  PeachCommander[4825:4869] [com.apple.AppKit:Image] ISImage reported a placeholder, image rep is providing a placeholder image for <private>
2026-09-14 11:42:55.292 I  PeachCommander[4825:4869] [com.apple.AppKit:Image] ISImage reported a placeholder, image rep is providing a placeholder image for <private>
2026-09-14 11:42:55.294 I  PeachCommander[4825:4869] [com.apple.AppKit:Image] ISImage reported a placeholder, image rep is providing a placeholder image for <private>
2026-09-14 11:42:55.294 I  PeachCommander[4825:4869] [com.apple.AppKit:Image] ISImage reported a placeholder, image rep is providing a placeholder image for <private>
2026-09-14 11:42:55.385 I  PeachCommander[4825:4869] [com.apple.AppKit:Image] ISImage reported a placeholder, image rep is providing a placeholder image for <private>
2026-09-14 11:42:55.386 I  PeachCommander[4825:4869] [com.apple.AppKit:Image] ISImage reported a placeholder, image rep is providing a placeholder image for <private>
2026-09-14 11:42:55.387 I  PeachCommander[4825:4869] [com.apple.AppKit:Image] ISImage reported a placeholder, image rep is providing a placeholder image for <private>
2026-09-14 11:42:55.388 I  PeachCommander[4825:4869] [com.apple.AppKit:Image] ISImage reported a placeholder, image rep is providing a placeholder image for <private>
2026-09-14 11:42:55.388 I  PeachCommander[4825:4869] [com.apple.AppKit:Image] ISImage reported a placeholder, image rep is providing a placeholder image for <private>
2026-09-14 11:42:55.389 I  PeachCommander[4825:4869] [com.apple.AppKit:Image] ISImage reported a placeholder, image rep is providing a placeholder image for <private>
2026-09-14 11:42:55.390 I  PeachCommander[4825:4869] [com.apple.AppKit:Image] ISImage reported a placeholder, image rep is providing a placeholder image for <private>
2026-09-14 11:42:55.391 I  PeachCommander[4825:4869] [com.apple.AppKit:Image] ISImage reported a placeholder, image rep is providing a placeholder image for <private>
2026-09-14 11:42:55.391 I  PeachCommander[4825:4869] [com.apple.AppKit:Image] ISImage reported a placeholder, image rep is providing a placeholder image for <private>
2026-09-14 11:42:55.392 I  PeachCommander[4825:4869] [com.apple.AppKit:Image] ISImage reported a placeholder, image rep is providing a placeholder image for <private>
2026-09-14 11:42:55.393 I  PeachCommander[4825:4869] [com.apple.AppKit:Image] ISImage reported a placeholder, image rep is providing a placeholder image for <private>
2026-09-14 11:42:55.393 I  PeachCommander[4825:4869] [com.apple.AppKit:Image] ISImage reported a placeholder, image rep is providing a placeholder image for <private>
2026-09-14 11:42:55.394 I  PeachCommander[4825:4869] [com.apple.AppKit:Image] ISImage reported a placeholder, image rep is providing a placeholder image for <private>
2026-09-14 11:42:55.395 I  PeachCommander[4825:4869] [com.apple.AppKit:Image] ISImage reported a placeholder, image rep is providing a placeholder image for <private>
2026-09-14 11:42:55.395 I  PeachCommander[4825:4869] [com.apple.AppKit:Image] ISImage reported a placeholder, image rep is providing a placeholder image for <private>
2026-09-14 11:42:55.396 I  PeachCommander[4825:4869] [com.apple.AppKit:Image] ISImage reported a placeholder, image rep is providing a placeholder image for <private>
2026-09-14 11:42:55.397 I  PeachCommander[4825:4869] [com.apple.AppKit:Image] ISImage reported a placeholder, image rep is providing a placeholder image for <private>
2026-09-14 11:42:55.397 I  PeachCommander[4825:4869] [com.apple.AppKit:Image] ISImage reported a placeholder, image rep is providing a placeholder image for <private>
2026-09-14 11:42:55.398 I  PeachCommander[4825:4869] [com.apple.AppKit:Image] ISImage reported a placeholder, image rep is providing a placeholder image for <private>
2026-09-14 11:42:55.399 I  PeachCommander[4825:4869] [com.apple.AppKit:Image] ISImage reported a placeholder, image rep is providing a placeholder image for <private>
2026-09-14 11:42:55.399 I  PeachCommander[4825:4869] [com.apple.AppKit:Image] ISImage reported a placeholder, image rep is providing a placeholder image for <private>
2026-09-14 11:42:55.400 I  PeachCommander[4825:4869] [com.apple.AppKit:Image] ISImage reported a placeholder, image rep is providing a placeholder image for <private>
2026-09-14 11:42:55.401 I  PeachCommander[4825:4869] [com.apple.AppKit:Image] ISImage reported a placeholder, image rep is providing a placeholder image for <private>
2026-09-14 11:42:55.402 I  PeachCommander[4825:4869] [com.apple.AppKit:Image] ISImage reported a placeholder, image rep is providing a placeholder image for <private>
2026-09-14 11:42:55.403 I  PeachCommander[4825:4869] [com.apple.AppKit:Image] ISImage reported a placeholder, image rep is providing a placeholder image for <private>
2026-09-14 11:42:55.403 I  PeachCommander[4825:4869] [com.apple.AppKit:Image] ISImage reported a placeholder, image rep is providing a placeholder image for <private>
2026-09-14 11:42:55.404 I  PeachCommander[4825:4869] [com.apple.AppKit:Image] ISImage reported a placeholder, image rep is providing a placeholder image for <private>
2026-09-14 11:42:55.405 I  PeachCommander[4825:4869] [com.apple.AppKit:Image] ISImage reported a placeholder, image rep is providing a placeholder image for <private>
2026-09-14 11:42:55.405 I  PeachCommander[4825:4869] [com.apple.AppKit:Image] ISImage reported a placeholder, image rep is providing a placeholder image for <private>
2026-09-14 11:42:55.406 I  PeachCommander[4825:4869] [com.apple.AppKit:Image] ISImage reported a placeholder, image rep is providing a placeholder image for <private>
2026-09-14 11:42:55.406 I  PeachCommander[4825:4869] [com.apple.AppKit:Image] ISImage reported a placeholder, image rep is providing a placeholder image for <private>
2026-09-14 11:42:55.407 I  PeachCommander[4825:4869] [com.apple.AppKit:Image] ISImage reported a placeholder, image rep is providing a placeholder image for <private>
2026-09-14 11:42:55.407 I  PeachCommander[4825:4869] [com.apple.AppKit:Image] ISImage reported a placeholder, image rep is providing a placeholder image for <private>
2026-09-14 11:42:55.408 I  PeachCommander[4825:4869] [com.apple.AppKit:Image] ISImage reported a placeholder, image rep is providing a placeholder image for <private>
2026-09-14 11:42:55.408 I  PeachCommander[4825:4869] [com.apple.AppKit:Image] ISImage reported a placeholder, image rep is providing a placeholder image for <private>
2026-09-14 11:42:55.409 I  PeachCommander[4825:4869] [com.apple.AppKit:Image] ISImage reported a placeholder, image rep is providing a placeholder image for <private>
2026-09-14 11:42:55.409 I  PeachCommander[4825:4869] [com.apple.AppKit:Image] ISImage reported a placeholder, image rep is providing a placeholder image for <private>
2026-09-14 11:42:55.410 I  PeachCommander[4825:4869] [com.apple.AppKit:Image] ISImage reported a placeholder, image rep is providing a placeholder image for <private>
2026-09-14 11:42:55.411 I  PeachCommander[4825:4869] [com.apple.AppKit:Image] ISImage reported a placeholder, image rep is providing a placeholder image for <private>
2026-09-14 11:42:55.412 I  PeachCommander[4825:4869] [com.apple.AppKit:Image] ISImage reported a placeholder, image rep is providing a placeholder image for <private>
2026-09-14 11:42:55.412 I  PeachCommander[4825:4869] [com.apple.AppKit:Image] ISImage reported a placeholder, image rep is providing a placeholder image for <private>
2026-09-14 11:42:55.413 I  PeachCommander[4825:4869] [com.apple.AppKit:Image] ISImage reported a placeholder, image rep is providing a placeholder image for <private>
2026-09-14 11:42:55.413 I  PeachCommander[4825:4869] [com.apple.AppKit:Image] ISImage reported a placeholder, image rep is providing a placeholder image for <private>
2026-09-14 11:42:55.414 I  PeachCommander[4825:4869] [com.apple.AppKit:Image] ISImage reported a placeholder, image rep is providing a placeholder image for <private>
2026-09-14 11:42:55.414 I  PeachCommander[4825:4869] [com.apple.AppKit:Image] ISImage reported a placeholder, image rep is providing a placeholder image for <private>
2026-09-14 11:42:55.415 I  PeachCommander[4825:4869] [com.apple.AppKit:Image] ISImage reported a placeholder, image rep is providing a placeholder image for <private>
2026-09-14 11:42:55.415 I  PeachCommander[4825:4869] [com.apple.AppKit:Image] ISImage reported a placeholder, image rep is providing a placeholder image for <private>
2026-09-14 11:42:55.416 I  PeachCommander[4825:4869] [com.apple.AppKit:Image] ISImage reported a placeholder, image rep is providing a placeholder image for <private>
2026-09-14 11:42:55.416 I  PeachCommander[4825:4869] [com.apple.AppKit:Image] ISImage reported a placeholder, image rep is providing a placeholder image for <private>
2026-09-14 11:42:55.417 I  PeachCommander[4825:4869] [com.apple.AppKit:Image] ISImage reported a placeholder, image rep is providing a placeholder image for <private>
2026-09-14 11:42:55.417 I  PeachCommander[4825:4869] [com.apple.AppKit:Image] ISImage reported a placeholder, image rep is providing a placeholder image for <private>
2026-09-14 11:42:55.418 I  PeachCommander[4825:4869] [com.apple.AppKit:Image] ISImage reported a placeholder, image rep is providing a placeholder image for <private>
2026-09-14 11:42:55.418 I  PeachCommander[4825:4869] [com.apple.AppKit:Image] ISImage reported a placeholder, image rep is providing a placeholder image for <private>
2026-09-14 11:42:55.419 I  PeachCommander[4825:4869] [com.apple.AppKit:Image] ISImage reported a placeholder, image rep is providing a placeholder image for <private>
2026-09-14 11:42:55.419 I  PeachCommander[4825:4869] [com.apple.AppKit:Image] ISImage reported a placeholder, image rep is providing a placeholder image for <private>
2026-09-14 11:42:55.420 I  PeachCommander[4825:4869] [com.apple.AppKit:Image] ISImage reported a placeholder, image rep is providing a placeholder image for <private>
2026-09-14 11:42:55.420 I  PeachCommander[4825:4869] [com.apple.AppKit:Image] ISImage reported a placeholder, image rep is providing a placeholder image for <private>
2026-09-14 11:42:55.421 I  PeachCommander[4825:4869] [com.apple.AppKit:Image] ISImage reported a placeholder, image rep is providing a placeholder image for <private>
2026-09-14 11:42:55.421 I  PeachCommander[4825:4869] [com.apple.AppKit:Image] ISImage reported a placeholder, image rep is providing a placeholder image for <private>
2026-09-14 11:42:55.422 I  PeachCommander[4825:4869] [com.apple.AppKit:Image] ISImage reported a placeholder, image rep is providing a placeholder image for <private>
2026-09-14 11:42:55.423 I  PeachCommander[4825:4869] [com.apple.AppKit:Image] ISImage reported a placeholder, image rep is providing a placeholder image for <private>
2026-09-14 11:42:55.424 I  PeachCommander[4825:4869] [com.apple.AppKit:Image] ISImage reported a placeholder, image rep is providing a placeholder image for <private>
2026-09-14 11:42:55.424 I  PeachCommander[4825:4869] [com.apple.AppKit:Image] ISImage reported a placeholder, image rep is providing a placeholder image for <private>
2026-09-14 11:42:55.425 I  PeachCommander[4825:4869] [com.apple.AppKit:Image] ISImage reported a placeholder, image rep is providing a placeholder image for <private>
2026-09-14 11:42:55.425 I  PeachCommander[4825:4869] [com.apple.AppKit:Image] ISImage reported a placeholder, image rep is providing a placeholder image for <private>
2026-09-14 11:42:55.426 I  PeachCommander[4825:4869] [com.apple.AppKit:Image] ISImage reported a placeholder, image rep is providing a placeholder image for <private>
2026-09-14 11:42:55.426 I  PeachCommander[4825:4869] [com.apple.AppKit:Image] ISImage reported a placeholder, image rep is providing a placeholder image for <private>
2026-09-14 11:42:55.427 I  PeachCommander[4825:4869] [com.apple.AppKit:Image] ISImage reported a placeholder, image rep is providing a placeholder image for <private>
2026-09-14 11:42:55.427 I  PeachCommander[4825:4869] [com.apple.AppKit:Image] ISImage reported a placeholder, image rep is providing a placeholder image for <private>
2026-09-14 11:42:55.428 I  PeachCommander[4825:4869] [com.apple.AppKit:Image] ISImage reported a placeholder, image rep is providing a placeholder image for <private>
2026-09-14 11:42:55.428 I  PeachCommander[4825:4869] [com.apple.AppKit:Image] ISImage reported a placeholder, image rep is providing a placeholder image for <private>
2026-09-14 11:42:55.429 I  PeachCommander[4825:4869] [com.apple.AppKit:Image] ISImage reported a placeholder, image rep is providing a placeholder image for <private>
2026-09-14 11:42:55.429 I  PeachCommander[4825:4869] [com.apple.AppKit:Image] ISImage reported a placeholder, image rep is providing a placeholder image for <private>
2026-09-14 11:42:55.430 I  PeachCommander[4825:4869] [com.apple.AppKit:Image] ISImage reported a placeholder, image rep is providing a placeholder image for <private>
2026-09-14 11:42:55.430 I  PeachCommander[4825:4869] [com.apple.AppKit:Image] ISImage reported a placeholder, image rep is providing a placeholder image for <private>
2026-09-14 11:42:55.431 I  PeachCommander[4825:4869] [com.apple.AppKit:Image] ISImage reported a placeholder, image rep is providing a placeholder image for <private>
2026-09-14 11:42:55.431 I  PeachCommander[4825:4869] [com.apple.AppKit:Image] ISImage reported a placeholder, image rep is providing a placeholder image for <private>
2026-09-14 11:42:55.432 I  PeachCommander[4825:4869] [com.apple.AppKit:Image] ISImage reported a placeholder, image rep is providing a placeholder image for <private>
2026-09-14 11:42:55.432 I  PeachCommander[4825:4869] [com.apple.AppKit:Image] ISImage reported a placeholder, image rep is providing a placeholder image for <private>
2026-09-14 11:42:55.433 I  PeachCommander[4825:4869] [com.apple.AppKit:Image] ISImage reported a placeholder, image rep is providing a placeholder image for <private>
2026-09-14 11:42:55.433 I  PeachCommander[4825:4869] [com.apple.AppKit:Image] ISImage reported a placeholder, image rep is providing a placeholder image for <private>
2026-09-14 11:42:55.859 Df PeachCommander[4825:4869] (Foundation) <private>
2026-09-14 11:42:55.859 I  PeachCommander[4825:4869] [com.peachcommander:PCFoundation] [automation] > syncview 1|right|/Users/admin/view-one-right.txt
2026-09-14 11:42:55.860 Df PeachCommander[4825:4869] (Foundation) <private>
2026-09-14 11:42:55.860 I  PeachCommander[4825:4869] [com.peachcommander:PCFoundation] [automation] > wait 900
2026-09-14 11:42:55.882 I  PeachCommander[4825:4869] [com.apple.AppKit:Image] ISImage reported a placeholder, image rep is providing a placeholder image for <private>
2026-09-14 11:42:55.883 I  PeachCommander[4825:4869] [com.apple.AppKit:Image] ISImage reported a placeholder, image rep is providing a placeholder image for <private>
2026-09-14 11:42:55.883 I  PeachCommander[4825:4869] [com.apple.AppKit:Image] ISImage reported a placeholder, image rep is providing a placeholder image for <private>
2026-09-14 11:42:55.884 I  PeachCommander[4825:4869] [com.apple.AppKit:Image] ISImage reported a placeholder, image rep is providing a placeholder image for <private>
2026-09-14 11:42:55.884 I  PeachCommander[4825:4869] [com.apple.AppKit:Image] ISImage reported a placeholder, image rep is providing a placeholder image for <private>
2026-09-14 11:42:55.885 I  PeachCommander[4825:4869] [com.apple.AppKit:Image] ISImage reported a placeholder, image rep is providing a placeholder image for <private>
2026-09-14 11:42:55.886 I  PeachCommander[4825:4869] [com.apple.AppKit:Image] ISImage reported a placeholder, image rep is providing a placeholder image for <private>
2026-09-14 11:42:55.886 I  PeachCommander[4825:4869] [com.apple.AppKit:Image] ISImage reported a placeholder, image rep is providing a placeholder image for <private>
2026-09-14 11:42:55.887 I  PeachCommander[4825:4869] [com.apple.AppKit:Image] ISImage reported a placeholder, image rep is providing a placeholder image for <private>
2026-09-14 11:42:55.888 I  PeachCommander[4825:4869] [com.apple.AppKit:Image] ISImage reported a placeholder, image rep is providing a placeholder image for <private>
2026-09-14 11:42:55.888 I  PeachCommander[4825:4869] [com.apple.AppKit:Image] ISImage reported a placeholder, image rep is providing a placeholder image for <private>
2026-09-14 11:42:55.889 I  PeachCommander[4825:4869] [com.apple.AppKit:Image] ISImage reported a placeholder, image rep is providing a placeholder image for <private>
2026-09-14 11:42:55.889 I  PeachCommander[4825:4869] [com.apple.AppKit:Image] ISImage reported a placeholder, image rep is providing a placeholder image for <private>
2026-09-14 11:42:55.890 I  PeachCommander[4825:4869] [com.apple.AppKit:Image] ISImage reported a placeholder, image rep is providing a placeholder image for <private>
2026-09-14 11:42:55.891 I  PeachCommander[4825:4869] [com.apple.AppKit:Image] ISImage reported a placeholder, image rep is providing a placeholder image for <private>
2026-09-14 11:42:55.892 I  PeachCommander[4825:4869] [com.apple.AppKit:Image] ISImage reported a placeholder, image rep is providing a placeholder image for <private>
2026-09-14 11:42:55.892 I  PeachCommander[4825:4869] [com.apple.AppKit:Image] ISImage reported a placeholder, image rep is providing a placeholder image for <private>
2026-09-14 11:42:55.893 I  PeachCommander[4825:4869] [com.apple.AppKit:Image] ISImage reported a placeholder, image rep is providing a placeholder image for <private>
2026-09-14 11:42:55.893 I  PeachCommander[4825:4869] [com.apple.AppKit:Image] ISImage reported a placeholder, image rep is providing a placeholder image for <private>
2026-09-14 11:42:55.894 I  PeachCommander[4825:4869] [com.apple.AppKit:Image] ISImage reported a placeholder, image rep is providing a placeholder image for <private>
2026-09-14 11:42:55.895 I  PeachCommander[4825:4869] [com.apple.AppKit:Image] ISImage reported a placeholder, image rep is providing a placeholder image for <private>
2026-09-14 11:42:55.895 I  PeachCommander[4825:4869] [com.apple.AppKit:Image] ISImage reported a placeholder, image rep is providing a placeholder image for <private>
2026-09-14 11:42:55.896 I  PeachCommander[4825:4869] [com.apple.AppKit:Image] ISImage reported a placeholder, image rep is providing a placeholder image for <private>
2026-09-14 11:42:55.896 I  PeachCommander[4825:4869] [com.apple.AppKit:Image] ISImage reported a placeholder, image rep is providing a placeholder image for <private>
2026-09-14 11:42:55.897 I  PeachCommander[4825:4869] [com.apple.AppKit:Image] ISImage reported a placeholder, image rep is providing a placeholder image for <private>
2026-09-14 11:42:55.898 I  PeachCommander[4825:4869] [com.apple.AppKit:Image] ISImage reported a placeholder, image rep is providing a placeholder image for <private>
2026-09-14 11:42:55.898 I  PeachCommander[4825:4869] [com.apple.AppKit:Image] ISImage reported a placeholder, image rep is providing a placeholder image for <private>
2026-09-14 11:42:55.900 I  PeachCommander[4825:4869] [com.apple.AppKit:Image] ISImage reported a placeholder, image rep is providing a placeholder image for <private>
2026-09-14 11:42:55.900 I  PeachCommander[4825:4869] [com.apple.AppKit:Image] ISImage reported a placeholder, image rep is providing a placeholder image for <private>
2026-09-14 11:42:55.901 I  PeachCommander[4825:4869] [com.apple.AppKit:Image] ISImage reported a placeholder, image rep is providing a placeholder image for <private>
2026-09-14 11:42:55.901 I  PeachCommander[4825:4869] [com.apple.AppKit:Image] ISImage reported a placeholder, image rep is providing a placeholder image for <private>
2026-09-14 11:42:55.903 I  PeachCommander[4825:4869] [com.apple.AppKit:Image] ISImage reported a placeholder, image rep is providing a placeholder image for <private>
2026-09-14 11:42:55.903 I  PeachCommander[4825:4869] [com.apple.AppKit:Image] ISImage reported a placeholder, image rep is providing a placeholder image for <private>
2026-09-14 11:42:55.904 I  PeachCommander[4825:4869] [com.apple.AppKit:Image] ISImage reported a placeholder, image rep is providing a placeholder image for <private>
2026-09-14 11:42:55.904 I  PeachCommander[4825:4869] [com.apple.AppKit:Image] ISImage reported a placeholder, image rep is providing a placeholder image for <private>
2026-09-14 11:42:55.906 I  PeachCommander[4825:4869] [com.apple.AppKit:Image] ISImage reported a placeholder, image rep is providing a placeholder image for <private>
2026-09-14 11:42:55.906 I  PeachCommander[4825:4869] [com.apple.AppKit:Image] ISImage reported a placeholder, image rep is providing a placeholder image for <private>
2026-09-14 11:42:55.907 I  PeachCommander[4825:4869] [com.apple.AppKit:Image] ISImage reported a placeholder, image rep is providing a placeholder image for <private>
2026-09-14 11:42:55.907 I  PeachCommander[4825:4869] [com.apple.AppKit:Image] ISImage reported a placeholder, image rep is providing a placeholder image for <private>
2026-09-14 11:42:55.908 I  PeachCommander[4825:4869] [com.apple.AppKit:Image] ISImage reported a placeholder, image rep is providing a placeholder image for <private>
2026-09-14 11:42:55.908 I  PeachCommander[4825:4869] [com.apple.AppKit:Image] ISImage reported a placeholder, image rep is providing a placeholder image for <private>
2026-09-14 11:42:55.909 I  PeachCommander[4825:4869] [com.apple.AppKit:Image] ISImage reported a placeholder, image rep is providing a placeholder image for <private>
2026-09-14 11:42:55.909 I  PeachCommander[4825:4869] [com.apple.AppKit:Image] ISImage reported a placeholder, image rep is providing a placeholder image for <private>
2026-09-14 11:42:55.910 I  PeachCommander[4825:4869] [com.apple.AppKit:Image] ISImage reported a placeholder, image rep is providing a placeholder image for <private>
2026-09-14 11:42:55.910 I  PeachCommander[4825:4869] [com.apple.AppKit:Image] ISImage reported a placeholder, image rep is providing a placeholder image for <private>
2026-09-14 11:42:55.911 I  PeachCommander[4825:4869] [com.apple.AppKit:Image] ISImage reported a placeholder, image rep is providing a placeholder image for <private>
2026-09-14 11:42:55.911 I  PeachCommander[4825:4869] [com.apple.AppKit:Image] ISImage reported a placeholder, image rep is providing a placeholder image for <private>
2026-09-14 11:42:55.912 I  PeachCommander[4825:4869] [com.apple.AppKit:Image] ISImage reported a placeholder, image rep is providing a placeholder image for <private>
2026-09-14 11:42:55.912 I  PeachCommander[4825:4869] [com.apple.AppKit:Image] ISImage reported a placeholder, image rep is providing a placeholder image for <private>
2026-09-14 11:42:55.913 I  PeachCommander[4825:4869] [com.apple.AppKit:Image] ISImage reported a placeholder, image rep is providing a placeholder image for <private>
2026-09-14 11:42:55.913 I  PeachCommander[4825:4869] [com.apple.AppKit:Image] ISImage reported a placeholder, image rep is providing a placeholder image for <private>
2026-09-14 11:42:55.914 I  PeachCommander[4825:4869] [com.apple.AppKit:Image] ISImage reported a placeholder, image rep is providing a placeholder image for <private>
2026-09-14 11:42:55.914 I  PeachCommander[4825:4869] [com.apple.AppKit:Image] ISImage reported a placeholder, image rep is providing a placeholder image for <private>
2026-09-14 11:42:55.915 I  PeachCommander[4825:4869] [com.apple.AppKit:Image] ISImage reported a placeholder, image rep is providing a placeholder image for <private>
2026-09-14 11:42:55.915 I  PeachCommander[4825:4869] [com.apple.AppKit:Image] ISImage reported a placeholder, image rep is providing a placeholder image for <private>
2026-09-14 11:42:55.916 I  PeachCommander[4825:4869] [com.apple.AppKit:Image] ISImage reported a placeholder, image rep is providing a placeholder image for <private>
2026-09-14 11:42:55.916 I  PeachCommander[4825:4869] [com.apple.AppKit:Image] ISImage reported a placeholder, image rep is providing a placeholder image for <private>
2026-09-14 11:42:55.917 I  PeachCommander[4825:4869] [com.apple.AppKit:Image] ISImage reported a placeholder, image rep is providing a placeholder image for <private>
2026-09-14 11:42:55.917 I  PeachCommander[4825:4869] [com.apple.AppKit:Image] ISImage reported a placeholder, image rep is providing a placeholder image for <private>
2026-09-14 11:42:55.919 I  PeachCommander[4825:4869] [com.apple.AppKit:Image] ISImage reported a placeholder, image rep is providing a placeholder image for <private>
2026-09-14 11:42:55.919 I  PeachCommander[4825:4869] [com.apple.AppKit:Image] ISImage reported a placeholder, image rep is providing a placeholder image for <private>
2026-09-14 11:42:55.920 I  PeachCommander[4825:4869] [com.apple.AppKit:Image] ISImage reported a placeholder, image rep is providing a placeholder image for <private>
2026-09-14 11:42:55.920 I  PeachCommander[4825:4869] [com.apple.AppKit:Image] ISImage reported a placeholder, image rep is providing a placeholder image for <private>
2026-09-14 11:42:55.921 I  PeachCommander[4825:4869] [com.apple.AppKit:Image] ISImage reported a placeholder, image rep is providing a placeholder image for <private>
2026-09-14 11:42:55.921 I  PeachCommander[4825:4869] [com.apple.AppKit:Image] ISImage reported a placeholder, image rep is providing a placeholder image for <private>
2026-09-14 11:42:55.922 I  PeachCommander[4825:4869] [com.apple.AppKit:Image] ISImage reported a placeholder, image rep is providing a placeholder image for <private>
2026-09-14 11:42:55.922 I  PeachCommander[4825:4869] [com.apple.AppKit:Image] ISImage reported a placeholder, image rep is providing a placeholder image for <private>
2026-09-14 11:42:55.923 I  PeachCommander[4825:4869] [com.apple.AppKit:Image] ISImage reported a placeholder, image rep is providing a placeholder image for <private>
2026-09-14 11:42:55.923 I  PeachCommander[4825:4869] [com.apple.AppKit:Image] ISImage reported a placeholder, image rep is providing a placeholder image for <private>
2026-09-14 11:42:55.924 I  PeachCommander[4825:4869] [com.apple.AppKit:Image] ISImage reported a placeholder, image rep is providing a placeholder image for <private>
2026-09-14 11:42:55.924 I  PeachCommander[4825:4869] [com.apple.AppKit:Image] ISImage reported a placeholder, image rep is providing a placeholder image for <private>
2026-09-14 11:42:55.925 I  PeachCommander[4825:4869] [com.apple.AppKit:Image] ISImage reported a placeholder, image rep is providing a placeholder image for <private>
2026-09-14 11:42:55.925 I  PeachCommander[4825:4869] [com.apple.AppKit:Image] ISImage reported a placeholder, image rep is providing a placeholder image for <private>
2026-09-14 11:42:55.927 I  PeachCommander[4825:4869] [com.apple.AppKit:Image] ISImage reported a placeholder, image rep is providing a placeholder image for <private>
2026-09-14 11:42:55.927 I  PeachCommander[4825:4869] [com.apple.AppKit:Image] ISImage reported a placeholder, image rep is providing a placeholder image for <private>
2026-09-14 11:42:55.928 I  PeachCommander[4825:4869] [com.apple.AppKit:Image] ISImage reported a placeholder, image rep is providing a placeholder image for <private>
2026-09-14 11:42:55.928 I  PeachCommander[4825:4869] [com.apple.AppKit:Image] ISImage reported a placeholder, image rep is providing a placeholder image for <private>
2026-09-14 11:42:55.929 I  PeachCommander[4825:4869] [com.apple.AppKit:Image] ISImage reported a placeholder, image rep is providing a placeholder image for <private>
2026-09-14 11:42:55.929 I  PeachCommander[4825:4869] [com.apple.AppKit:Image] ISImage reported a placeholder, image rep is providing a placeholder image for <private>
2026-09-14 11:42:55.930 I  PeachCommander[4825:4869] [com.apple.AppKit:Image] ISImage reported a placeholder, image rep is providing a placeholder image for <private>
2026-09-14 11:42:55.930 I  PeachCommander[4825:4869] [com.apple.AppKit:Image] ISImage reported a placeholder, image rep is providing a placeholder image for <private>
2026-09-14 11:42:56.821 Df PeachCommander[4825:4869] (Foundation) <private>
2026-09-14 11:42:56.821 I  PeachCommander[4825:4869] [com.peachcommander:PCFoundation] [automation] > syncview 1|left|/Users/admin/view-one-left.txt
2026-09-14 11:42:56.821 A  PeachCommander[4825:4869] (AppKit) sendAction:
2026-09-14 11:42:56.825 I  PeachCommander[4825:4869] [com.apple.AppKit:Animation] Running new animation: <private>
2026-09-14 11:42:56.825 I  PeachCommander[4825:4869] [com.apple.AppKit:Animation] Running new animation: <private>
2026-09-14 11:42:56.825 I  PeachCommander[4825:4869] [com.apple.AppKit:Animation] Running new animation: <private>
2026-09-14 11:42:56.825 I  PeachCommander[4825:4869] [com.apple.AppKit:Animation] Running new animation: <private>
2026-09-14 11:42:56.825 I  PeachCommander[4825:4869] [com.apple.AppKit:Animation] Running new animation: <private>
2026-09-14 11:42:56.828 I  PeachCommander[4825:4869] [com.apple.AppKit:Window] context (0 -> e6b2022c) for window ed
2026-09-14 11:42:56.831 I  PeachCommander[4825:4869] [com.apple.AppKit:Animation] Running new animation: <private>
2026-09-14 11:42:56.831 I  PeachCommander[4825:4869] [com.apple.AppKit:Animation] Running new animation: <private>
2026-09-14 11:42:56.831 I  PeachCommander[4825:4869] [com.apple.AppKit:Animation] Running new animation: <private>
2026-09-14 11:42:56.831 I  PeachCommander[4825:4869] [com.apple.AppKit:Animation] Running new animation: <private>
2026-09-14 11:42:56.831 I  PeachCommander[4825:4869] [com.apple.AppKit:Animation] Running new animation: <private>
2026-09-14 11:42:56.873 I  PeachCommander[4825:4869] [com.apple.AppKit:Animation] Running new animation: <private>
2026-09-14 11:42:56.873 I  PeachCommander[4825:4869] [com.apple.AppKit:Animation] Running new animation: <private>
2026-09-14 11:42:56.873 I  PeachCommander[4825:4869] [com.apple.AppKit:Animation] Running new animation: <private>
2026-09-14 11:42:56.873 I  PeachCommander[4825:4869] [com.apple.AppKit:Animation] Running new animation: <private>
2026-09-14 11:42:56.873 I  PeachCommander[4825:4869] [com.apple.AppKit:Animation] Running new animation: <private>
2026-09-14 11:42:56.875 I  PeachCommander[4825:4869] [com.apple.AppKit:Window] order window front conditionally: ed related: 0
2026-09-14 11:42:56.875 I  PeachCommander[4825:4869] [com.apple.AppKit:Window] order window front conditionally: ed related: 0
2026-09-14 11:42:56.888 Df PeachCommander[4825:4869] (Foundation) <private>
2026-09-14 11:42:56.888 I  PeachCommander[4825:4869] [com.peachcommander:PCFoundation] [automation] > wait 1200
2026-09-14 11:42:56.915 I  PeachCommander[4825:4869] [com.apple.AppKit:Image] ISImage reported a placeholder, image rep is providing a placeholder image for <private>
2026-09-14 11:42:56.916 I  PeachCommander[4825:4869] [com.apple.AppKit:Image] ISImage reported a placeholder, image rep is providing a placeholder image for <private>
2026-09-14 11:42:56.916 I  PeachCommander[4825:4869] [com.apple.AppKit:Image] ISImage reported a placeholder, image rep is providing a placeholder image for <private>
2026-09-14 11:42:56.917 I  PeachCommander[4825:4869] [com.apple.AppKit:Image] ISImage reported a placeholder, image rep is providing a placeholder image for <private>
2026-09-14 11:42:56.918 I  PeachCommander[4825:4869] [com.apple.AppKit:Image] ISImage reported a placeholder, image rep is providing a placeholder image for <private>
2026-09-14 11:42:56.919 I  PeachCommander[4825:4869] [com.apple.AppKit:Image] ISImage reported a placeholder, image rep is providing a placeholder image for <private>
2026-09-14 11:42:56.920 I  PeachCommander[4825:4869] [com.apple.AppKit:Image] ISImage reported a placeholder, image rep is providing a placeholder image for <private>
2026-09-14 11:42:56.921 I  PeachCommander[4825:4869] [com.apple.AppKit:Image] ISImage reported a placeholder, image rep is providing a placeholder image for <private>
2026-09-14 11:42:56.922 I  PeachCommander[4825:4869] [com.apple.AppKit:Image] ISImage reported a placeholder, image rep is providing a placeholder image for <private>
2026-09-14 11:42:56.922 I  PeachCommander[4825:4869] [com.apple.AppKit:Image] ISImage reported a placeholder, image rep is providing a placeholder image for <private>
2026-09-14 11:42:56.923 I  PeachCommander[4825:4869] [com.apple.AppKit:Image] ISImage reported a placeholder, image rep is providing a placeholder image for <private>
2026-09-14 11:42:56.924 I  PeachCommander[4825:4869] [com.apple.AppKit:Image] ISImage reported a placeholder, image rep is providing a placeholder image for <private>
2026-09-14 11:42:56.924 I  PeachCommander[4825:4869] [com.apple.AppKit:Image] ISImage reported a placeholder, image rep is providing a placeholder image for <private>
2026-09-14 11:42:56.925 I  PeachCommander[4825:4869] [com.apple.AppKit:Image] ISImage reported a placeholder, image rep is providing a placeholder image for <private>
2026-09-14 11:42:56.926 I  PeachCommander[4825:4869] [com.apple.AppKit:Image] ISImage reported a placeholder, image rep is providing a placeholder image for <private>
2026-09-14 11:42:56.926 I  PeachCommander[4825:4869] [com.apple.AppKit:Image] ISImage reported a placeholder, image rep is providing a placeholder image for <private>
2026-09-14 11:42:56.927 I  PeachCommander[4825:4869] [com.apple.AppKit:Image] ISImage reported a placeholder, image rep is providing a placeholder image for <private>
2026-09-14 11:42:56.928 I  PeachCommander[4825:4869] [com.apple.AppKit:Image] ISImage reported a placeholder, image rep is providing a placeholder image for <private>
2026-09-14 11:42:56.928 I  PeachCommander[4825:4869] [com.apple.AppKit:Image] ISImage reported a placeholder, image rep is providing a placeholder image for <private>
2026-09-14 11:42:56.929 I  PeachCommander[4825:4869] [com.apple.AppKit:Image] ISImage reported a placeholder, image rep is providing a placeholder image for <private>
2026-09-14 11:42:56.930 I  PeachCommander[4825:4869] [com.apple.AppKit:Image] ISImage reported a placeholder, image rep is providing a placeholder image for <private>
2026-09-14 11:42:56.930 I  PeachCommander[4825:4869] [com.apple.AppKit:Image] ISImage reported a placeholder, image rep is providing a placeholder image for <private>
2026-09-14 11:42:56.931 I  PeachCommander[4825:4869] [com.apple.AppKit:Image] ISImage reported a placeholder, image rep is providing a placeholder image for <private>
2026-09-14 11:42:56.932 I  PeachCommander[4825:4869] [com.apple.AppKit:Image] ISImage reported a placeholder, image rep is providing a placeholder image for <private>
2026-09-14 11:42:56.932 I  PeachCommander[4825:4869] [com.apple.AppKit:Image] ISImage reported a placeholder, image rep is providing a placeholder image for <private>
2026-09-14 11:42:56.933 I  PeachCommander[4825:4869] [com.apple.AppKit:Image] ISImage reported a placeholder, image rep is providing a placeholder image for <private>
2026-09-14 11:42:56.934 I  PeachCommander[4825:4869] [com.apple.AppKit:Image] ISImage reported a placeholder, image rep is providing a placeholder image for <private>
2026-09-14 11:42:56.935 I  PeachCommander[4825:4869] [com.apple.AppKit:Image] ISImage reported a placeholder, image rep is providing a placeholder image for <private>
2026-09-14 11:42:56.935 I  PeachCommander[4825:4869] [com.apple.AppKit:Image] ISImage reported a placeholder, image rep is providing a placeholder image for <private>
2026-09-14 11:42:56.936 I  PeachCommander[4825:4869] [com.apple.AppKit:Image] ISImage reported a placeholder, image rep is providing a placeholder image for <private>
2026-09-14 11:42:56.936 I  PeachCommander[4825:4869] [com.apple.AppKit:Image] ISImage reported a placeholder, image rep is providing a placeholder image for <private>
2026-09-14 11:42:56.937 I  PeachCommander[4825:4869] [com.apple.AppKit:Image] ISImage reported a placeholder, image rep is providing a placeholder image for <private>
2026-09-14 11:42:56.937 I  PeachCommander[4825:4869] [com.apple.AppKit:Image] ISImage reported a placeholder, image rep is providing a placeholder image for <private>
2026-09-14 11:42:56.938 I  PeachCommander[4825:4869] [com.apple.AppKit:Image] ISImage reported a placeholder, image rep is providing a placeholder image for <private>
2026-09-14 11:42:56.938 I  PeachCommander[4825:4869] [com.apple.AppKit:Image] ISImage reported a placeholder, image rep is providing a placeholder image for <private>
2026-09-14 11:42:56.940 I  PeachCommander[4825:4869] [com.apple.AppKit:Image] ISImage reported a placeholder, image rep is providing a placeholder image for <private>
2026-09-14 11:42:56.940 I  PeachCommander[4825:4869] [com.apple.AppKit:Image] ISImage reported a placeholder, image rep is providing a placeholder image for <private>
2026-09-14 11:42:56.941 I  PeachCommander[4825:4869] [com.apple.AppKit:Image] ISImage reported a placeholder, image rep is providing a placeholder image for <private>
2026-09-14 11:42:56.941 I  PeachCommander[4825:4869] [com.apple.AppKit:Image] ISImage reported a placeholder, image rep is providing a placeholder image for <private>
2026-09-14 11:42:56.942 I  PeachCommander[4825:4869] [com.apple.AppKit:Image] ISImage reported a placeholder, image rep is providing a placeholder image for <private>
2026-09-14 11:42:56.942 I  PeachCommander[4825:4869] [com.apple.AppKit:Image] ISImage reported a placeholder, image rep is providing a placeholder image for <private>
2026-09-14 11:42:56.943 I  PeachCommander[4825:4869] [com.apple.AppKit:Image] ISImage reported a placeholder, image rep is providing a placeholder image for <private>
2026-09-14 11:42:56.943 I  PeachCommander[4825:4869] [com.apple.AppKit:Image] ISImage reported a placeholder, image rep is providing a placeholder image for <private>
2026-09-14 11:42:56.944 I  PeachCommander[4825:4869] [com.apple.AppKit:Image] ISImage reported a placeholder, image rep is providing a placeholder image for <private>
2026-09-14 11:42:56.944 I  PeachCommander[4825:4869] [com.apple.AppKit:Image] ISImage reported a placeholder, image rep is providing a placeholder image for <private>
2026-09-14 11:42:56.946 I  PeachCommander[4825:4869] [com.apple.AppKit:Image] ISImage reported a placeholder, image rep is providing a placeholder image for <private>
2026-09-14 11:42:56.946 I  PeachCommander[4825:4869] [com.apple.AppKit:Image] ISImage reported a placeholder, image rep is providing a placeholder image for <private>
2026-09-14 11:42:56.947 I  PeachCommander[4825:4869] [com.apple.AppKit:Image] ISImage reported a placeholder, image rep is providing a placeholder image for <private>
2026-09-14 11:42:56.947 I  PeachCommander[4825:4869] [com.apple.AppKit:Image] ISImage reported a placeholder, image rep is providing a placeholder image for <private>
2026-09-14 11:42:56.948 I  PeachCommander[4825:4869] [com.apple.AppKit:Image] ISImage reported a placeholder, image rep is providing a placeholder image for <private>
2026-09-14 11:42:56.948 I  PeachCommander[4825:4869] [com.apple.AppKit:Image] ISImage reported a placeholder, image rep is providing a placeholder image for <private>
2026-09-14 11:42:56.949 I  PeachCommander[4825:4869] [com.apple.AppKit:Image] ISImage reported a placeholder, image rep is providing a placeholder image for <private>
2026-09-14 11:42:56.949 I  PeachCommander[4825:4869] [com.apple.AppKit:Image] ISImage reported a placeholder, image rep is providing a placeholder image for <private>
2026-09-14 11:42:56.950 I  PeachCommander[4825:4869] [com.apple.AppKit:Image] ISImage reported a placeholder, image rep is providing a placeholder image for <private>
2026-09-14 11:42:56.950 I  PeachCommander[4825:4869] [com.apple.AppKit:Image] ISImage reported a placeholder, image rep is providing a placeholder image for <private>
2026-09-14 11:42:56.951 I  PeachCommander[4825:4869] [com.apple.AppKit:Image] ISImage reported a placeholder, image rep is providing a placeholder image for <private>
2026-09-14 11:42:56.951 I  PeachCommander[4825:4869] [com.apple.AppKit:Image] ISImage reported a placeholder, image rep is providing a placeholder image for <private>
2026-09-14 11:42:56.953 I  PeachCommander[4825:4869] [com.apple.AppKit:Image] ISImage reported a placeholder, image rep is providing a placeholder image for <private>
2026-09-14 11:42:56.953 I  PeachCommander[4825:4869] [com.apple.AppKit:Image] ISImage reported a placeholder, image rep is providing a placeholder image for <private>
2026-09-14 11:42:56.954 I  PeachCommander[4825:4869] [com.apple.AppKit:Image] ISImage reported a placeholder, image rep is providing a placeholder image for <private>
2026-09-14 11:42:56.954 I  PeachCommander[4825:4869] [com.apple.AppKit:Image] ISImage reported a placeholder, image rep is providing a placeholder image for <private>
2026-09-14 11:42:56.955 I  PeachCommander[4825:4869] [com.apple.AppKit:Image] ISImage reported a placeholder, image rep is providing a placeholder image for <private>
2026-09-14 11:42:56.955 I  PeachCommander[4825:4869] [com.apple.AppKit:Image] ISImage reported a placeholder, image rep is providing a placeholder image for <private>
2026-09-14 11:42:56.956 I  PeachCommander[4825:4869] [com.apple.AppKit:Image] ISImage reported a placeholder, image rep is providing a placeholder image for <private>
2026-09-14 11:42:56.957 I  PeachCommander[4825:4869] [com.apple.AppKit:Image] ISImage reported a placeholder, image rep is providing a placeholder image for <private>
2026-09-14 11:42:56.958 I  PeachCommander[4825:4869] [com.apple.AppKit:Image] ISImage reported a placeholder, image rep is providing a placeholder image for <private>
2026-09-14 11:42:56.958 I  PeachCommander[4825:4869] [com.apple.AppKit:Image] ISImage reported a placeholder, image rep is providing a placeholder image for <private>
2026-09-14 11:42:56.959 I  PeachCommander[4825:4869] [com.apple.AppKit:Image] ISImage reported a placeholder, image rep is providing a placeholder image for <private>
2026-09-14 11:42:56.959 I  PeachCommander[4825:4869] [com.apple.AppKit:Image] ISImage reported a placeholder, image rep is providing a placeholder image for <private>
2026-09-14 11:42:56.960 I  PeachCommander[4825:4869] [com.apple.AppKit:Image] ISImage reported a placeholder, image rep is providing a placeholder image for <private>
2026-09-14 11:42:56.960 I  PeachCommander[4825:4869] [com.apple.AppKit:Image] ISImage reported a placeholder, image rep is providing a placeholder image for <private>
2026-09-14 11:42:56.961 I  PeachCommander[4825:4869] [com.apple.AppKit:Image] ISImage reported a placeholder, image rep is providing a placeholder image for <private>
2026-09-14 11:42:56.961 I  PeachCommander[4825:4869] [com.apple.AppKit:Image] ISImage reported a placeholder, image rep is providing a placeholder image for <private>
2026-09-14 11:42:56.962 I  PeachCommander[4825:4869] [com.apple.AppKit:Image] ISImage reported a placeholder, image rep is providing a placeholder image for <private>
2026-09-14 11:42:56.962 I  PeachCommander[4825:4869] [com.apple.AppKit:Image] ISImage reported a placeholder, image rep is providing a placeholder image for <private>
2026-09-14 11:42:56.963 I  PeachCommander[4825:4869] [com.apple.AppKit:Image] ISImage reported a placeholder, image rep is providing a placeholder image for <private>
2026-09-14 11:42:56.963 I  PeachCommander[4825:4869] [com.apple.AppKit:Image] ISImage reported a placeholder, image rep is providing a placeholder image for <private>
2026-09-14 11:42:56.964 I  PeachCommander[4825:4869] [com.apple.AppKit:Image] ISImage reported a placeholder, image rep is providing a placeholder image for <private>
2026-09-14 11:42:56.965 I  PeachCommander[4825:4869] [com.apple.AppKit:Image] ISImage reported a placeholder, image rep is providing a placeholder image for <private>
2026-09-14 11:42:56.966 I  PeachCommander[4825:4869] [com.apple.AppKit:Image] ISImage reported a placeholder, image rep is providing a placeholder image for <private>
2026-09-14 11:42:56.966 I  PeachCommander[4825:4869] [com.apple.AppKit:Image] ISImage reported a placeholder, image rep is providing a placeholder image for <private>
2026-09-14 11:42:57.060 I  PeachCommander[4825:4869] [com.apple.AppKit:Image] ISImage reported a placeholder, image rep is providing a placeholder image for <private>
2026-09-14 11:42:57.061 I  PeachCommander[4825:4869] [com.apple.AppKit:Image] ISImage reported a placeholder, image rep is providing a placeholder image for <private>
2026-09-14 11:42:57.062 I  PeachCommander[4825:4869] [com.apple.AppKit:Image] ISImage reported a placeholder, image rep is providing a placeholder image for <private>
2026-09-14 11:42:57.062 I  PeachCommander[4825:4869] [com.apple.AppKit:Image] ISImage reported a placeholder, image rep is providing a placeholder image for <private>
2026-09-14 11:42:57.063 I  PeachCommander[4825:4869] [com.apple.AppKit:Image] ISImage reported a placeholder, image rep is providing a placeholder image for <private>
2026-09-14 11:42:57.064 I  PeachCommander[4825:4869] [com.apple.AppKit:Image] ISImage reported a placeholder, image rep is providing a placeholder image for <private>
2026-09-14 11:42:57.064 I  PeachCommander[4825:4869] [com.apple.AppKit:Image] ISImage reported a placeholder, image rep is providing a placeholder image for <private>
2026-09-14 11:42:57.065 I  PeachCommander[4825:4869] [com.apple.AppKit:Image] ISImage reported a placeholder, image rep is providing a placeholder image for <private>
2026-09-14 11:42:57.066 I  PeachCommander[4825:4869] [com.apple.AppKit:Image] ISImage reported a placeholder, image rep is providing a placeholder image for <private>
2026-09-14 11:42:57.066 I  PeachCommander[4825:4869] [com.apple.AppKit:Image] ISImage reported a placeholder, image rep is providing a placeholder image for <private>
2026-09-14 11:42:57.067 I  PeachCommander[4825:4869] [com.apple.AppKit:Image] ISImage reported a placeholder, image rep is providing a placeholder image for <private>
2026-09-14 11:42:57.067 I  PeachCommander[4825:4869] [com.apple.AppKit:Image] ISImage reported a placeholder, image rep is providing a placeholder image for <private>
2026-09-14 11:42:57.068 I  PeachCommander[4825:4869] [com.apple.AppKit:Image] ISImage reported a placeholder, image rep is providing a placeholder image for <private>
2026-09-14 11:42:57.069 I  PeachCommander[4825:4869] [com.apple.AppKit:Image] ISImage reported a placeholder, image rep is providing a placeholder image for <private>
2026-09-14 11:42:57.070 I  PeachCommander[4825:4869] [com.apple.AppKit:Image] ISImage reported a placeholder, image rep is providing a placeholder image for <private>
2026-09-14 11:42:57.070 I  PeachCommander[4825:4869] [com.apple.AppKit:Image] ISImage reported a placeholder, image rep is providing a placeholder image for <private>
2026-09-14 11:42:57.071 I  PeachCommander[4825:4869] [com.apple.AppKit:Image] ISImage reported a placeholder, image rep is providing a placeholder image for <private>
2026-09-14 11:42:57.072 I  PeachCommander[4825:4869] [com.apple.AppKit:Image] ISImage reported a placeholder, image rep is providing a placeholder image for <private>
2026-09-14 11:42:57.072 I  PeachCommander[4825:4869] [com.apple.AppKit:Image] ISImage reported a placeholder, image rep is providing a placeholder image for <private>
2026-09-14 11:42:57.073 I  PeachCommander[4825:4869] [com.apple.AppKit:Image] ISImage reported a placeholder, image rep is providing a placeholder image for <private>
2026-09-14 11:42:57.074 I  PeachCommander[4825:4869] [com.apple.AppKit:Image] ISImage reported a placeholder, image rep is providing a placeholder image for <private>
2026-09-14 11:42:57.075 I  PeachCommander[4825:4869] [com.apple.AppKit:Image] ISImage reported a placeholder, image rep is providing a placeholder image for <private>
2026-09-14 11:42:57.075 I  PeachCommander[4825:4869] [com.apple.AppKit:Image] ISImage reported a placeholder, image rep is providing a placeholder image for <private>
2026-09-14 11:42:57.076 I  PeachCommander[4825:4869] [com.apple.AppKit:Image] ISImage reported a placeholder, image rep is providing a placeholder image for <private>
2026-09-14 11:42:57.077 I  PeachCommander[4825:4869] [com.apple.AppKit:Image] ISImage reported a placeholder, image rep is providing a placeholder image for <private>
2026-09-14 11:42:57.077 I  PeachCommander[4825:4869] [com.apple.AppKit:Image] ISImage reported a placeholder, image rep is providing a placeholder image for <private>
2026-09-14 11:42:57.078 I  PeachCommander[4825:4869] [com.apple.AppKit:Image] ISImage reported a placeholder, image rep is providing a placeholder image for <private>
2026-09-14 11:42:57.078 I  PeachCommander[4825:4869] [com.apple.AppKit:Image] ISImage reported a placeholder, image rep is providing a placeholder image for <private>
2026-09-14 11:42:57.079 I  PeachCommander[4825:4869] [com.apple.AppKit:Image] ISImage reported a placeholder, image rep is providing a placeholder image for <private>
2026-09-14 11:42:57.080 I  PeachCommander[4825:4869] [com.apple.AppKit:Image] ISImage reported a placeholder, image rep is providing a placeholder image for <private>
2026-09-14 11:42:57.080 I  PeachCommander[4825:4869] [com.apple.AppKit:Image] ISImage reported a placeholder, image rep is providing a placeholder image for <private>
2026-09-14 11:42:57.081 I  PeachCommander[4825:4869] [com.apple.AppKit:Image] ISImage reported a placeholder, image rep is providing a placeholder image for <private>
2026-09-14 11:42:57.081 I  PeachCommander[4825:4869] [com.apple.AppKit:Image] ISImage reported a placeholder, image rep is providing a placeholder image for <private>
2026-09-14 11:42:57.082 I  PeachCommander[4825:4869] [com.apple.AppKit:Image] ISImage reported a placeholder, image rep is providing a placeholder image for <private>
2026-09-14 11:42:57.082 I  PeachCommander[4825:4869] [com.apple.AppKit:Image] ISImage reported a placeholder, image rep is providing a placeholder image for <private>
2026-09-14 11:42:57.083 I  PeachCommander[4825:4869] [com.apple.AppKit:Image] ISImage reported a placeholder, image rep is providing a placeholder image for <private>
2026-09-14 11:42:57.083 I  PeachCommander[4825:4869] [com.apple.AppKit:Image] ISImage reported a placeholder, image rep is providing a placeholder image for <private>
2026-09-14 11:42:57.084 I  PeachCommander[4825:4869] [com.apple.AppKit:Image] ISImage reported a placeholder, image rep is providing a placeholder image for <private>
2026-09-14 11:42:57.084 I  PeachCommander[4825:4869] [com.apple.AppKit:Image] ISImage reported a placeholder, image rep is providing a placeholder image for <private>
2026-09-14 11:42:57.086 I  PeachCommander[4825:4869] [com.apple.AppKit:Image] ISImage reported a placeholder, image rep is providing a placeholder image for <private>
2026-09-14 11:42:57.086 I  PeachCommander[4825:4869] [com.apple.AppKit:Image] ISImage reported a placeholder, image rep is providing a placeholder image for <private>
2026-09-14 11:42:57.087 I  PeachCommander[4825:4869] [com.apple.AppKit:Image] ISImage reported a placeholder, image rep is providing a placeholder image for <private>
2026-09-14 11:42:57.087 I  PeachCommander[4825:4869] [com.apple.AppKit:Image] ISImage reported a placeholder, image rep is providing a placeholder image for <private>
2026-09-14 11:42:57.089 I  PeachCommander[4825:4869] [com.apple.AppKit:Image] ISImage reported a placeholder, image rep is providing a placeholder image for <private>
2026-09-14 11:42:57.089 I  PeachCommander[4825:4869] [com.apple.AppKit:Image] ISImage reported a placeholder, image rep is providing a placeholder image for <private>
2026-09-14 11:42:57.090 I  PeachCommander[4825:4869] [com.apple.AppKit:Image] ISImage reported a placeholder, image rep is providing a placeholder image for <private>
2026-09-14 11:42:57.090 I  PeachCommander[4825:4869] [com.apple.AppKit:Image] ISImage reported a placeholder, image rep is providing a placeholder image for <private>
2026-09-14 11:42:57.091 I  PeachCommander[4825:4869] [com.apple.AppKit:Image] ISImage reported a placeholder, image rep is providing a placeholder image for <private>
2026-09-14 11:42:57.091 I  PeachCommander[4825:4869] [com.apple.AppKit:Image] ISImage reported a placeholder, image rep is providing a placeholder image for <private>
2026-09-14 11:42:57.092 I  PeachCommander[4825:4869] [com.apple.AppKit:Image] ISImage reported a placeholder, image rep is providing a placeholder image for <private>
2026-09-14 11:42:57.092 I  PeachCommander[4825:4869] [com.apple.AppKit:Image] ISImage reported a placeholder, image rep is providing a placeholder image for <private>
2026-09-14 11:42:57.093 I  PeachCommander[4825:4869] [com.apple.AppKit:Image] ISImage reported a placeholder, image rep is providing a placeholder image for <private>
2026-09-14 11:42:57.093 I  PeachCommander[4825:4869] [com.apple.AppKit:Image] ISImage reported a placeholder, image rep is providing a placeholder image for <private>
2026-09-14 11:42:57.095 I  PeachCommander[4825:4869] [com.apple.AppKit:Image] ISImage reported a placeholder, image rep is providing a placeholder image for <private>
2026-09-14 11:42:57.095 I  PeachCommander[4825:4869] [com.apple.AppKit:Image] ISImage reported a placeholder, image rep is providing a placeholder image for <private>
2026-09-14 11:42:57.096 I  PeachCommander[4825:4869] [com.apple.AppKit:Image] ISImage reported a placeholder, image rep is providing a placeholder image for <private>
2026-09-14 11:42:57.096 I  PeachCommander[4825:4869] [com.apple.AppKit:Image] ISImage reported a placeholder, image rep is providing a placeholder image for <private>
2026-09-14 11:42:57.097 I  PeachCommander[4825:4869] [com.apple.AppKit:Image] ISImage reported a placeholder, image rep is providing a placeholder image for <private>
2026-09-14 11:42:57.097 I  PeachCommander[4825:4869] [com.apple.AppKit:Image] ISImage reported a placeholder, image rep is providing a placeholder image for <private>
2026-09-14 11:42:57.098 I  PeachCommander[4825:4869] [com.apple.AppKit:Image] ISImage reported a placeholder, image rep is providing a placeholder image for <private>
2026-09-14 11:42:57.098 I  PeachCommander[4825:4869] [com.apple.AppKit:Image] ISImage reported a placeholder, image rep is providing a placeholder image for <private>
2026-09-14 11:42:57.099 I  PeachCommander[4825:4869] [com.apple.AppKit:Image] ISImage reported a placeholder, image rep is providing a placeholder image for <private>
2026-09-14 11:42:57.099 I  PeachCommander[4825:4869] [com.apple.AppKit:Image] ISImage reported a placeholder, image rep is providing a placeholder image for <private>
2026-09-14 11:42:57.100 I  PeachCommander[4825:4869] [com.apple.AppKit:Image] ISImage reported a placeholder, image rep is providing a placeholder image for <private>
2026-09-14 11:42:57.100 I  PeachCommander[4825:4869] [com.apple.AppKit:Image] ISImage reported a placeholder, image rep is providing a placeholder image for <private>
2026-09-14 11:42:57.101 I  PeachCommander[4825:4869] [com.apple.AppKit:Image] ISImage reported a placeholder, image rep is providing a placeholder image for <private>
2026-09-14 11:42:57.101 I  PeachCommander[4825:4869] [com.apple.AppKit:Image] ISImage reported a placeholder, image rep is providing a placeholder image for <private>
2026-09-14 11:42:57.103 I  PeachCommander[4825:4869] [com.apple.AppKit:Image] ISImage reported a placeholder, image rep is providing a placeholder image for <private>
2026-09-14 11:42:57.103 I  PeachCommander[4825:4869] [com.apple.AppKit:Image] ISImage reported a placeholder, image rep is providing a placeholder image for <private>
2026-09-14 11:42:57.104 I  PeachCommander[4825:4869] [com.apple.AppKit:Image] ISImage reported a placeholder, image rep is providing a placeholder image for <private>
2026-09-14 11:42:57.104 I  PeachCommander[4825:4869] [com.apple.AppKit:Image] ISImage reported a placeholder, image rep is providing a placeholder image for <private>
2026-09-14 11:42:57.105 I  PeachCommander[4825:4869] [com.apple.AppKit:Image] ISImage reported a placeholder, image rep is providing a placeholder image for <private>
2026-09-14 11:42:57.105 I  PeachCommander[4825:4869] [com.apple.AppKit:Image] ISImage reported a placeholder, image rep is providing a placeholder image for <private>
2026-09-14 11:42:57.106 I  PeachCommander[4825:4869] [com.apple.AppKit:Image] ISImage reported a placeholder, image rep is providing a placeholder image for <private>
2026-09-14 11:42:57.106 I  PeachCommander[4825:4869] [com.apple.AppKit:Image] ISImage reported a placeholder, image rep is providing a placeholder image for <private>
2026-09-14 11:42:57.107 I  PeachCommander[4825:4869] [com.apple.AppKit:Image] ISImage reported a placeholder, image rep is providing a placeholder image for <private>
2026-09-14 11:42:57.107 I  PeachCommander[4825:4869] [com.apple.AppKit:Image] ISImage reported a placeholder, image rep is providing a placeholder image for <private>
2026-09-14 11:42:57.108 I  PeachCommander[4825:4869] [com.apple.AppKit:Image] ISImage reported a placeholder, image rep is providing a placeholder image for <private>
2026-09-14 11:42:57.108 I  PeachCommander[4825:4869] [com.apple.AppKit:Image] ISImage reported a placeholder, image rep is providing a placeholder image for <private>
2026-09-14 11:42:57.109 I  PeachCommander[4825:4869] [com.apple.AppKit:Image] ISImage reported a placeholder, image rep is providing a placeholder image for <private>
2026-09-14 11:42:57.109 I  PeachCommander[4825:4869] [com.apple.AppKit:Image] ISImage reported a placeholder, image rep is providing a placeholder image for <private>
2026-09-14 11:42:57.278 I  PeachCommander[4825:4875] [com.apple.AppKit:WindowTab] Indexing 5 items
2026-09-14 11:42:57.278 A  PeachCommander[4825:4875] (CoreSpotlight) end-index-batch
2026-09-14 11:42:57.278 A  PeachCommander[4825:4875] (CoreSpotlight) index-items
2026-09-14 11:42:57.278 Df PeachCommander[4825:4875] [com.apple.corespotlight:index] CSInlineDonation:<private>: Skipping donation (feature flag disabled)
2026-09-14 11:42:57.279 Df PeachCommander[4825:4875] [com.apple.corespotlight:index] CSInlineDonation:<private>: Skipping donation (feature flag disabled)
2026-09-14 11:42:58.169 Df PeachCommander[4825:4869] (Foundation) <private>
2026-09-14 11:42:58.169 I  PeachCommander[4825:4869] [com.peachcommander:PCFoundation] [automation] done
