Timestamp               Ty Process[PID:TID]
2026-09-14 11:40:40.040 A  PeachCommander[3066:32ed] (libsystem_info.dylib) Retrieve User by ID
2026-09-14 11:40:40.041 Df PeachCommander[3066:32ed] [com.apple.xpc:connection] [0x10403dd90] activating connection: mach=true listener=false peer=false name=com.apple.cfprefsd.daemon
2026-09-14 11:40:40.041 Df PeachCommander[3066:32f4] [com.apple.xpc:connection] [0x10403e490] activating connection: mach=true listener=false peer=false name=com.apple.cfprefsd.agent
2026-09-14 11:40:40.042 Df PeachCommander[3066:32ed] [com.apple.xpc:connection] [0x1040434b0] activating connection: mach=true listener=false peer=false name=com.apple.coreservices.launchservicesd
2026-09-14 11:40:40.042 I  PeachCommander[3066:32ed] [com.apple.launchservices:cas] Registering for notification <private> on default queue, to re-boostrap client connection.
2026-09-14 11:40:40.042 Df PeachCommander[3066:32ed] [com.apple.xpc:connection] [0xa1ecb4000] activating connection: mach=true listener=false peer=false name=com.apple.pasteboard.1
2026-09-14 11:40:40.043 Df PeachCommander[3066:32ed] [com.apple.xpc:connection] [0xa1ecb4140] activating connection: mach=true listener=false peer=false name=com.apple.distributed_notifications@Uv3
2026-09-14 11:40:40.044 Df PeachCommander[3066:32ed] [com.apple.AppKit:AutomaticTermination] void _NSDisableAutomaticTerminationAndLog(NSString *) No windows open yet
2026-09-14 11:40:40.044 A  PeachCommander[3066:32ed] (TCC) TCCAccessRequest() IPC
2026-09-14 11:40:40.044 Df PeachCommander[3066:32ed] [com.apple.xpc:connection] [0xa1ecb4280] activating connection: mach=true listener=false peer=false name=com.apple.tccd.system
2026-09-14 11:40:40.044 I  PeachCommander[3066:32ed] [com.apple.TCC:access] SEND: 0/7 synchronous to com.apple.tccd.system: request: msgID=3066.1, function=TCCAccessRequest, service=kTCCServiceListenEvent,
2026-09-14 11:40:40.045 I  PeachCommander[3066:32ed] [com.apple.TCC:access] RECV: synchronous reply <dictionary: 0xa1ec78000> { count = 5, transaction: 0, voucher = 0x0, contents =
	"prompt_type" => <uint64: 0x88ef63f991b001cf>: 1
	"auth_value" => <uint64: 0x88ef63f991b001cf>: 1
	"preflight_unknown" => <bool: 0x1f7121190>: true
	"auth_version" => <uint64: 0x88ef63f991b001cf>: 1
	"auth_reason" => <uint64: 0x88ef63f991b001ef>: 5
}
2026-09-14 11:40:40.046 Df PeachCommander[3066:32ed] [com.apple.xpc:connection] [0xa1ecb4280] invalidated after the last release of the connection object
2026-09-14 11:40:40.046 Df PeachCommander[3066:32ed] [com.apple.SkyLight:default] server port 0x00003713, session port 0x00003713
2026-09-14 11:40:40.048 Df PeachCommander[3066:32ed] [com.apple.SkyLight:default] New connection 0x435ef main
2026-09-14 11:40:40.048 I  PeachCommander[3066:32f5] [com.apple.SkyLight:processes] 0[outside of RPC]: First connection id 275951 mapped to ctx = 0xa1f01d000
2026-09-14 11:40:40.048 I  PeachCommander[3066:32ed] [com.apple.hiservices:processmgr] Checking in with CAS, pid=3066
2026-09-14 11:40:40.049 I  PeachCommander[3066:32ed] [com.apple.launchservices:cas] LSApplicationCheckIn(), app being registered is:"/Users/admin/pc-test/PeachCommander.app/Contents/MacOS/PeachCommander"
2026-09-14 11:40:40.049 I  PeachCommander[3066:32ed] [com.apple.launchservices:cas]  { "ApplicationType"="Foreground", "BuildMachineOSBuild"="25E246", "CFBundleDevelopmentRegion"="en", "CFBundleDocumentTypes"=( { "CFBundleTypeName"="Peach Commander Plugin Package", "CFBundleTypeRole"="Viewer", "LSHandlerRank"="Owner", "LSItemContentTypes"=( "com.peachcommander.plugin-package") }), "CFBundleExecutable"="PeachCommander", "CFBundleExecutablePath"="/Users/admin/pc-test/PeachCommander.app/Contents/MacOS/PeachCommander", "CFBundleHelpBookFolder"="PeachCommander.help", "CFBundleHelpBookName"="Peach Commander Help", "CFBundleIconFile"="AppIcon", "CFBundleIconName"="AppIcon", "CFBundleIdentifier"="com.peachcommander.app", "CFBundleInfoDictionaryVersion"="6.0", "CFBundleName"="PeachCommander", "CFBundleNumericVersion"=402685952, "CFBundlePackageType"="APPL", "CFBundleShortVersionString"="0.9.0", "CFBundleSignature"="?????", "CFBundleSupportedPlatforms"=( "MacOSX"), "CFBundleVersion"="18", "DTCompiler"="com.apple.compilers.llvm.clang.1_0", "DTPlatformBuild"="25F70", "DTPlatformName"="macosx", "<…>
2026-09-14 11:40:40.049 Df PeachCommander[3066:32ed] [com.apple.processmanager:front-35286506] CHECKIN: pid=3066
2026-09-14 11:40:40.050 Df PeachCommander[3066:32ed] [com.apple.processmanager:front-35286506] CHECKEDIN: pid=3066 asn=0x0-0x3c03c foreground=1
2026-09-14 11:40:40.050 I  PeachCommander[3066:32ed] [com.apple.launchservices:cas] Setting processControlState to default PROC_SETPC_SUSPEND because application does not have LSProcessControlValue key
2026-09-14 11:40:40.050 Df PeachCommander[3066:32ed] [com.apple.xpc:connection] [0xa1ecb4280] activating connection: mach=false listener=true peer=false name=(anonymous)
2026-09-14 11:40:40.050 Df PeachCommander[3066:32ed] [com.apple.xpc:connection] [0xa1ecb4280] Connection returned listener port: 0x4103
2026-09-14 11:40:40.051 Df PeachCommander[3066:32f4] [com.apple.xpc:connection] [0xa1f0b8300] activating connection: mach=false listener=false peer=true name=com.apple.xpc.anonymous.0xa1ecb4280.peer[131].0xa1f0b8300
2026-09-14 11:40:40.051 Df PeachCommander[3066:32ed] [com.apple.processmanager:front-35286506] FRONTLOGGING: version 1
2026-09-14 11:40:40.051 Df PeachCommander[3066:32ed] [com.apple.processmanager:front-35286506] Registered, pid=3066 ASN=0x0,0x3c03c
2026-09-14 11:40:40.051 Df PeachCommander[3066:32ed] [com.apple.xpc:connection] [0xa1ecb43c0] activating connection: mach=true listener=false peer=false name=com.apple.analyticsd
2026-09-14 11:40:40.051 I  PeachCommander[3066:32ed] [com.apple.CoreAnalytics:client] Daemon status changed from 0 to 1
2026-09-14 11:40:40.051 I  PeachCommander[3066:32f4] [com.apple.CarbonCore:coreservicesdaemon] SCSession():SCSession( id=100, this=0x0x10404c7e0 option=65538) created, forUID=501 mach_port_t=0x4403.
2026-09-14 11:40:40.051 I  PeachCommander[3066:32f4] [com.apple.CarbonCore:coreservicesdaemon] SCSession():SCSession( id=101, this=0x0x104041c30 option=65538) created, forUID=501 mach_port_t=0x5103.
2026-09-14 11:40:40.051 I  PeachCommander[3066:32f4] [com.apple.CarbonCore:coreservicesdaemon] connectToCoreServicesD():Instantiating server (coreservicesd based) SCSession, port=0x4403 serverOptions=0x10002.
2026-09-14 11:40:40.051 I  PeachCommander[3066:32ed] [com.apple.hiservices:processmgr] _RegisterApplication( pid 3066 => 0x0,0x3c03c) type=foreground
2026-09-14 11:40:40.051 Df PeachCommander[3066:32ed] [com.apple.xpc:connection] [0xa1ecb4280] Connection returned listener port: 0x4103
2026-09-14 11:40:40.051 Df PeachCommander[3066:32fa] [com.apple.CoreAnalytics:client] Received configuration update from daemon (initial)
2026-09-14 11:40:40.052 I  PeachCommander[3066:32ed] [com.apple.launchservices:cas] CFArrayRef _LSCopyLaunchModifiers(LSSessionID, LSASNRef _Nonnull), result for psn [ kLSCurrentApp ASN, 0x0,0x2]  is 1 items.
2026-09-14 11:40:40.052 Df PeachCommander[3066:32ed] [com.apple.processmanager:front-35286506] BringForward: pid=3066 asn=0x0-0x3c03c bringForward=1 foreground=1 uiElement=0 launchedByLS=1 modifiersCount=1 allDisabled=1
2026-09-14 11:40:40.052 Df PeachCommander[3066:32ed] [com.apple.processmanager:front-35286506] BringFrontModifier: pid=3066 asn=0x0-0x3c03c Modifier 0 hideAfter=0 hideOthers=0 dontMakeFrontmost=0 mouseDown=0/0 seed=0/0
2026-09-14 11:40:40.052 Df PeachCommander[3066:32ed] [com.apple.processmanager:front-35286506] BringForward: pid=3066 asn=0x0-0x3c03c
2026-09-14 11:40:40.052 Df PeachCommander[3066:32ed] [com.apple.processmanager:front-35286506] SetFrontProcess: asn=0x0-0x3c03c options=0
2026-09-14 11:40:40.052 I  PeachCommander[3066:32ed] [com.apple.SkyLight:processes] 0[outside of RPC]: SLPSetFrontProcess(0x0-0x3c03c window=0 options=0x0
2026-09-14 11:40:40.052 Df PeachCommander[3066:32f4] [com.apple.xpc:connection] [0xa1ecb4500] activating connection: mach=true listener=false peer=false name=com.apple.lsd.mapdb
2026-09-14 11:40:40.053 Df PeachCommander[3066:32ed] [com.apple.AppKit:Appearance] Current system appearance, (HLTB: 1), (SLS: 0)
2026-09-14 11:40:40.054 Df PeachCommander[3066:32ed] (libMobileGestalt.dylib) No persisted cache on this platform.
2026-09-14 11:40:40.054 I  PeachCommander[3066:32f5] [com.apple.launchservices:cas] information in shared memory for 0x0-0x3c03c with seed 533 was still valid, so using cached info { "ApplicationType"="Foreground", "BuildMachineOSBuild"="25E246", "BundleIdentifierLowerCase"="com.peachcommander.app", "CFBundleDevelopmentRegion"="en", "CFBundleDocumentTypes"=( { "CFBundleTypeName"="Peach Commander Plugin Package", "CFBundleTypeRole"="Viewer", "LSHandlerRank"="Owner", "LSItemContentTypes"=( "com.peachcommander.plugin-package") }), "CFBundleExecutable"="PeachCommander", "CFBundleExecutablePath"="/Users/admin/pc-test/PeachCommander.app/Contents/MacOS/PeachCommander", "CFBundleExecutablePathDeviceID"=16777228, "CFBundleExecutablePathINode"=487690, "CFBundleHelpBookFolder"="PeachCommander.help", "CFBundleHelpBookName"="Peach Commander Help", "CFBundleIconFile"="AppIcon", "CFBundleIconName"="AppIcon", "CFBundleIdentifier"="com.peachcommander.app", "CFBundleInfoDictionaryVersion"="6.0", "CFBundleName"="PeachCommander", "CFBundleNameLowerCase"="peachcommander", "CFBundleNumericVersion"=402685952, "CFBundlePackageType"="APPL", "CFBundleShortVersionString"="0.9.0", "CFBun<…>
2026-09-14 11:40:40.055 Df PeachCommander[3066:32ed] (libMobileGestalt.dylib) Could not get size of EAN data (IOConnectCallScalarMethod kAppleNVMeEANGetSize returned 0xE00002E2)
2026-09-14 11:40:40.055 Df PeachCommander[3066:32ed] (libMobileGestalt.dylib) Failed to copy 'aptk' from EAN
2026-09-14 11:40:40.055 Df PeachCommander[3066:32ed] (libMobileGestalt.dylib) Failed to copy APTicket properties. Falling back to default policy.
2026-09-14 11:40:40.055 Df PeachCommander[3066:32ed] (libMobileGestalt.dylib) Creating default MGSysConfigPolicy
2026-09-14 11:40:40.055 Df PeachCommander[3066:32ed] (libMobileGestalt.dylib) CFDictionaryRef copySyscfgDictionary(void) enumeration of <private> failed.
2026-09-14 11:40:40.055 Df PeachCommander[3066:32ed] (libMobileGestalt.dylib) Failed to find key <private>
2026-09-14 11:40:40.055 I  PeachCommander[3066:32f4] [com.apple.launchservices:db] LaunchServices database schema version: 20971544
2026-09-14 11:40:40.055 Df PeachCommander[3066:32ed] [com.apple.AppKit:Appearance] Current system appearance, (HLTB: 1), (SLS: 0)
2026-09-14 11:40:40.056 Df PeachCommander[3066:32ed] [com.apple.AppKit:Appearance] Post-registration system appearance: (HLTB: 1)
2026-09-14 11:40:40.057 I  PeachCommander[3066:32f4] [com.apple.launchservices:default] Unable to load Info.plist exceptions (eGPUOverrides)
2026-09-14 11:40:40.057 I  PeachCommander[3066:32f4] [com.apple.launchservices:default] Unable to load Info.plist exceptions (gameModeOverrides)
2026-09-14 11:40:40.057 I  PeachCommander[3066:32f4] [com.apple.launchservices:default] Unable to load Info.plist exceptions (identifiedGameOverrides)
2026-09-14 11:40:40.057 I  PeachCommander[3066:32f4] [com.apple.launchservices:default] Unable to load Info.plist exceptions (SystemHiddenPreferred)
2026-09-14 11:40:40.058 Df PeachCommander[3066:32ed] [com.apple.FrontBoard:Common] FBSWorkspace: endpoint monitoring is disabled.
2026-09-14 11:40:40.058 Df PeachCommander[3066:32ed] [com.apple.FrontBoard:Common] FBSWorkspace: default shell endpoint is disabled.
2026-09-14 11:40:40.058 Df PeachCommander[3066:32ed] [com.apple.runningboard:connection] Initializing connection
2026-09-14 11:40:40.058 Df PeachCommander[3066:32ed] [com.apple.runningboard:process] Removing all cached process handles
2026-09-14 11:40:40.058 Df PeachCommander[3066:32f4] [com.apple.runningboard:connection] Sending handshake request attempt #1 to server
2026-09-14 11:40:40.058 Df PeachCommander[3066:32f4] [com.apple.runningboard:connection] Creating connection to com.apple.runningboard
2026-09-14 11:40:40.058 Df PeachCommander[3066:32f4] [com.apple.xpc:connection] [0xa1ecb4640] activating connection: mach=true listener=false peer=false name=com.apple.runningboard
2026-09-14 11:40:40.058 Df PeachCommander[3066:32ed] [com.apple.xpc:connection] [0xa1ecb4280] Connection returned listener port: 0x4103
2026-09-14 11:40:40.058 A  PeachCommander[3066:32f9] (RunningBoardServices) didChangeInheritances
2026-09-14 11:40:40.058 I  PeachCommander[3066:32ed] [com.apple.launchservices:cas] information in shared memory for 0x0-0x3c03c with seed 533 was still valid, so using cached info { "ApplicationType"="Foreground", "BuildMachineOSBuild"="25E246", "BundleIdentifierLowerCase"="com.peachcommander.app", "CFBundleDevelopmentRegion"="en", "CFBundleDocumentTypes"=( { "CFBundleTypeName"="Peach Commander Plugin Package", "CFBundleTypeRole"="Viewer", "LSHandlerRank"="Owner", "LSItemContentTypes"=( "com.peachcommander.plugin-package") }), "CFBundleExecutable"="PeachCommander", "CFBundleExecutablePath"="/Users/admin/pc-test/PeachCommander.app/Contents/MacOS/PeachCommander", "CFBundleExecutablePathDeviceID"=16777228, "CFBundleExecutablePathINode"=487690, "CFBundleHelpBookFolder"="PeachCommander.help", "CFBundleHelpBookName"="Peach Commander Help", "CFBundleIconFile"="AppIcon", "CFBundleIconName"="AppIcon", "CFBundleIdentifier"="com.peachcommander.app", "CFBundleInfoDictionaryVersion"="6.0", "CFBundleName"="PeachCommander", "CFBundleNameLowerCase"="peachcommander", "CFBundleNumericVersion"=402685952, "CFBundlePackageType"="APPL", "CFBundleShortVersionString"="0.9.0", "CFBun<…>
2026-09-14 11:40:40.058 Df PeachCommander[3066:32f4] [com.apple.runningboard:connection] Handshake succeeded
2026-09-14 11:40:40.058 Df PeachCommander[3066:32f4] [com.apple.runningboard:connection] Identity resolved as app<application.com.peachcommander.app.486404.487690(501)>
2026-09-14 11:40:40.059 Df PeachCommander[3066:32ed] [com.apple.xpc:connection] [0xa1ecb4280] Connection returned listener port: 0x4103
2026-09-14 11:40:40.060 A  PeachCommander[3066:32f9] (AppIntents) appintents:register process
2026-09-14 11:40:40.060 Df PeachCommander[3066:32f9] [com.apple.appintents:Connection] Created a new Process Instance Registry XPC connection (inactive)
2026-09-14 11:40:40.060 Df PeachCommander[3066:32f9] [com.apple.xpc:connection] [0xa1ecb4780] activating connection: mach=true listener=false peer=false name=com.apple.linkd.autoShortcut
2026-09-14 11:40:40.060 Df PeachCommander[3066:32f9] [com.apple.appintents:Connection] Activated connection to linkd (ApplicationService)
2026-09-14 11:40:40.060 Df PeachCommander[3066:32f9] [com.apple.xpc:connection] [0xa1ecb4a00] activating connection: mach=false listener=true peer=false name=(anonymous)
2026-09-14 11:40:40.061 I  PeachCommander[3066:32ed] [com.apple.launchservices:cas] information in shared memory for 0x0-0x3c03c with seed 533 was still valid, so using cached info { "ApplicationType"="Foreground", "BuildMachineOSBuild"="25E246", "BundleIdentifierLowerCase"="com.peachcommander.app", "CFBundleDevelopmentRegion"="en", "CFBundleDocumentTypes"=( { "CFBundleTypeName"="Peach Commander Plugin Package", "CFBundleTypeRole"="Viewer", "LSHandlerRank"="Owner", "LSItemContentTypes"=( "com.peachcommander.plugin-package") }), "CFBundleExecutable"="PeachCommander", "CFBundleExecutablePath"="/Users/admin/pc-test/PeachCommander.app/Contents/MacOS/PeachCommander", "CFBundleExecutablePathDeviceID"=16777228, "CFBundleExecutablePathINode"=487690, "CFBundleHelpBookFolder"="PeachCommander.help", "CFBundleHelpBookName"="Peach Commander Help", "CFBundleIconFile"="AppIcon", "CFBundleIconName"="AppIcon", "CFBundleIdentifier"="com.peachcommander.app", "CFBundleInfoDictionaryVersion"="6.0", "CFBundleName"="PeachCommander", "CFBundleNameLowerCase"="peachcommander", "CFBundleNumericVersion"=402685952, "CFBundlePackageType"="APPL", "CFBundleShortVersionString"="0.9.0", "CFBun<…>
2026-09-14 11:40:40.061 I  PeachCommander[3066:32ed] [com.apple.hiservices:processmgr] TransformProcessType(0x0,0x2 => 1 wasFront=1 pickNew=0)
2026-09-14 11:40:40.061 I  PeachCommander[3066:32ed] [com.apple.CoreAnalytics:client] Dropping "com.apple.appkit.app_config" as it isn't used in any transform (not in the config or budgeted?)
2026-09-14 11:40:40.061 I  PeachCommander[3066:32f9] [com.apple.appintents:Execution] LNAppConnectionListener instantiated
2026-09-14 11:40:40.061 Df PeachCommander[3066:32f9] [com.apple.xpc:connection] [0xa1ecb4a00] Connection returned listener port: 0x6303
2026-09-14 11:40:40.061 Df PeachCommander[3066:32f4] [com.apple.xpc:connection] [0xa1ecb4780] Re-initialization successful; calling out to event handler with XPC_ERROR_CONNECTION_INTERRUPTED
2026-09-14 11:40:40.061 Df PeachCommander[3066:32f4] [com.apple.appintents:Connection] Process Instance Registry XPC connection has been interrupted
2026-09-14 11:40:40.061 Df PeachCommander[3066:32ed] [com.apple.dt.xctest:Default] Registering for test daemon availability notify post.
2026-09-14 11:40:40.061 E  PeachCommander[3066:32f9] [com.apple.appintents:Connection] Unable to get synchronousRemoteObjectProxy, error: Error Domain=NSCocoaErrorDomain Code=4097 "connection to service named com.apple.linkd.autoShortcut" UserInfo={NSDebugDescription=connection to service named com.apple.linkd.autoShortcut}
2026-09-14 11:40:40.061 Df PeachCommander[3066:32ed] [com.apple.dt.xctest:Default] notify_get_state check indicated test daemon not ready.
2026-09-14 11:40:40.061 E  PeachCommander[3066:32f9] [com.apple.AppKit:Application] Error registering app with intents framework: Error Domain=NSCocoaErrorDomain Code=4097 UserInfo={NSDebugDescription=<private>}
2026-09-14 11:40:40.061 Df PeachCommander[3066:32f4] [com.apple.appintents:Connection] Created a new Process Instance Registry XPC connection (inactive)
2026-09-14 11:40:40.061 A  PeachCommander[3066:32f4] (AppIntents) appintents:register process
2026-09-14 11:40:40.061 Df PeachCommander[3066:32ed] [com.apple.dt.xctest:Default] notify_get_state check indicated test daemon not ready.
2026-09-14 11:40:40.061 Df PeachCommander[3066:32f4] [com.apple.appintents:Connection] Created a new Process Instance Registry XPC connection (inactive)
2026-09-14 11:40:40.061 Df PeachCommander[3066:32f4] [com.apple.xpc:connection] [0xa1ecb4c80] activating connection: mach=true listener=false peer=false name=com.apple.linkd.autoShortcut
2026-09-14 11:40:40.061 Df PeachCommander[3066:32ed] [com.apple.dt.xctest:Default] notify_get_state check indicated test daemon not ready.
2026-09-14 11:40:40.061 Df PeachCommander[3066:32f4] [com.apple.appintents:Connection] Activated connection to linkd (ApplicationService)
2026-09-14 11:40:40.061 Df PeachCommander[3066:32f4] [com.apple.xpc:connection] [0xa1ecb4a00] Connection returned listener port: 0x6303
2026-09-14 11:40:40.062 Df PeachCommander[3066:32f9] [com.apple.xpc:connection] [0xa1ecb4c80] Re-initialization successful; calling out to event handler with XPC_ERROR_CONNECTION_INTERRUPTED
2026-09-14 11:40:40.062 Df PeachCommander[3066:32f9] [com.apple.appintents:Connection] Process Instance Registry XPC connection has been interrupted
2026-09-14 11:40:40.062 Df PeachCommander[3066:32f9] [com.apple.appintents:Connection] Created a new Process Instance Registry XPC connection (inactive)
2026-09-14 11:40:40.062 A  PeachCommander[3066:32f9] (AppIntents) appintents:register process
2026-09-14 11:40:40.062 Df PeachCommander[3066:32f9] [com.apple.appintents:Connection] Created a new Process Instance Registry XPC connection (inactive)
2026-09-14 11:40:40.062 Df PeachCommander[3066:32f9] [com.apple.xpc:connection] [0xa1ecb52c0] activating connection: mach=true listener=false peer=false name=com.apple.linkd.autoShortcut
2026-09-14 11:40:40.062 E  PeachCommander[3066:32f4] [com.apple.appintents:Connection] Unable to get synchronousRemoteObjectProxy, error: Error Domain=NSCocoaErrorDomain Code=4097 "connection to service named com.apple.linkd.autoShortcut" UserInfo={NSDebugDescription=connection to service named com.apple.linkd.autoShortcut}
2026-09-14 11:40:40.062 E  PeachCommander[3066:32f4] [com.apple.appintents:Connection] Unable to re-register with Process Instance Registry, error: Error Domain=NSCocoaErrorDomain Code=4097 "connection to service named com.apple.linkd.autoShortcut" UserInfo={NSDebugDescription=connection to service named com.apple.linkd.autoShortcut}
2026-09-14 11:40:40.062 Df PeachCommander[3066:32f9] [com.apple.appintents:Connection] Activated connection to linkd (ApplicationService)
2026-09-14 11:40:40.062 Df PeachCommander[3066:32f9] [com.apple.xpc:connection] [0xa1ecb4a00] Connection returned listener port: 0x6303
2026-09-14 11:40:40.062 Df PeachCommander[3066:32f4] [com.apple.xpc:connection] [0xa1ecb52c0] Re-initialization successful; calling out to event handler with XPC_ERROR_CONNECTION_INTERRUPTED
2026-09-14 11:40:40.062 Df PeachCommander[3066:32f4] [com.apple.appintents:Connection] Process Instance Registry XPC connection has been interrupted
2026-09-14 11:40:40.062 E  PeachCommander[3066:32f9] [com.apple.appintents:Connection] Unable to get synchronousRemoteObjectProxy, error: Error Domain=NSCocoaErrorDomain Code=4097 "connection to service named com.apple.linkd.autoShortcut" UserInfo={NSDebugDescription=connection to service named com.apple.linkd.autoShortcut}
2026-09-14 11:40:40.062 E  PeachCommander[3066:32f9] [com.apple.appintents:Connection] Unable to re-register with Process Instance Registry, error: Error Domain=NSCocoaErrorDomain Code=4097 "connection to service named com.apple.linkd.autoShortcut" UserInfo={NSDebugDescription=connection to service named com.apple.linkd.autoShortcut}
2026-09-14 11:40:40.062 Df PeachCommander[3066:32f4] [com.apple.appintents:Connection] Created a new Process Instance Registry XPC connection (inactive)
2026-09-14 11:40:40.062 A  PeachCommander[3066:32f4] (AppIntents) appintents:register process
2026-09-14 11:40:40.063 Df PeachCommander[3066:32f4] [com.apple.appintents:Connection] Created a new Process Instance Registry XPC connection (inactive)
2026-09-14 11:40:40.063 Df PeachCommander[3066:32f4] [com.apple.xpc:connection] [0xa1ecb5540] activating connection: mach=true listener=false peer=false name=com.apple.linkd.autoShortcut
2026-09-14 11:40:40.063 Df PeachCommander[3066:32f4] [com.apple.appintents:Connection] Activated connection to linkd (ApplicationService)
2026-09-14 11:40:40.063 Df PeachCommander[3066:32f4] [com.apple.xpc:connection] [0xa1ecb4a00] Connection returned listener port: 0x6303
2026-09-14 11:40:40.063 Df PeachCommander[3066:32f9] [com.apple.xpc:connection] [0xa1ecb5540] Re-initialization successful; calling out to event handler with XPC_ERROR_CONNECTION_INTERRUPTED
2026-09-14 11:40:40.063 Df PeachCommander[3066:32f9] [com.apple.appintents:Connection] Process Instance Registry XPC connection has been interrupted
2026-09-14 11:40:40.063 E  PeachCommander[3066:32f9] [com.apple.appintents:Connection] Will NOT re-try to establish the connection
2026-09-14 11:40:40.063 E  PeachCommander[3066:32f4] [com.apple.appintents:Connection] Unable to get synchronousRemoteObjectProxy, error: Error Domain=NSCocoaErrorDomain Code=4097 "connection to service named com.apple.linkd.autoShortcut" UserInfo={NSDebugDescription=connection to service named com.apple.linkd.autoShortcut}
2026-09-14 11:40:40.063 E  PeachCommander[3066:32f4] [com.apple.appintents:Connection] Unable to re-register with Process Instance Registry, error: Error Domain=NSCocoaErrorDomain Code=4097 "connection to service named com.apple.linkd.autoShortcut" UserInfo={NSDebugDescription=connection to service named com.apple.linkd.autoShortcut}
2026-09-14 11:40:40.065 A  PeachCommander[3066:32ed] (CoreFoundation) Loading Preferences From System CFPrefsD
2026-09-14 11:40:40.065 Df PeachCommander[3066:32ed] (libMobileGestalt.dylib) couldn't load support library
2026-09-14 11:40:40.065 Df PeachCommander[3066:32ed] (libMobileGestalt.dylib) called dummy function!
2026-09-14 11:40:40.065 I  PeachCommander[3066:32ed] [com.apple.GenerativeModels:availability] Current availability state: unavailable, use cases: com.apple.WritingTools, language: <any>, api: <private>
2026-09-14 11:40:40.065 Df PeachCommander[3066:32ed] [com.apple.GenerativeModels:availability] registering darwin observer for name: com.apple.gms.availability.notification
2026-09-14 11:40:40.065 Df PeachCommander[3066:32ed] [com.apple.GenerativeModels:availability] registering darwin observer for name: com.apple.os-eligibility-domain.change.greymatter
2026-09-14 11:40:40.065 Df PeachCommander[3066:32ed] [com.apple.GenerativeModels:availability] registering darwin observer for name: com.apple.language.changed
2026-09-14 11:40:40.065 Df PeachCommander[3066:32ed] [com.apple.WritingTools:Default] isAvailable value changed: isMDMAllowed = true, gmAvailable (current) = false
2026-09-14 11:40:40.068 I  PeachCommander[3066:32ed] [com.apple.CoreAnalytics:client] Dropping "com.apple.appkit.app_config" as it isn't used in any transform (not in the config or budgeted?)
2026-09-14 11:40:40.071 Df PeachCommander[3066:32ed] [com.apple.AppKit:Appearance] NSApp cache appearance:
-NSRequiresAquaSystemAppearance: 0
-appearance: (null)
-effectiveAppearance: <NSCompositeAppearance: 0xa1ec7c5a0
 (
    "<NSAquaAppearance: 0xa1ec7c460>",
    "<NSSystemAppearance: 0xa1ec7c780>"
)>
2026-09-14 11:40:40.073 A  PeachCommander[3066:32ed] (CoreFoundation) Loading Preferences From User CFPrefsD
2026-09-14 11:40:40.074 A  PeachCommander[3066:32ed] (CoreFoundation) Loading Preferences From User CFPrefsD
2026-09-14 11:40:40.077 A  PeachCommander[3066:32f9] (libsystem_info.dylib) Membership API: translate identifier
2026-09-14 11:40:40.079 I  PeachCommander[3066:32ed] [com.apple.CoreAnalytics:client] Dropping "com.apple.appkit.app_config" as it isn't used in any transform (not in the config or budgeted?)
2026-09-14 11:40:40.079 I  PeachCommander[3066:32ed] [com.apple.CoreAnalytics:client] Dropping "com.apple.appkit.app_config" as it isn't used in any transform (not in the config or budgeted?)
2026-09-14 11:40:40.080 Df PeachCommander[3066:32f4] [com.apple.xpc:connection] [0xa1ecb5a40] activating connection: mach=true listener=false peer=false name=com.apple.dock.fullscreen
2026-09-14 11:40:40.081 Df PeachCommander[3066:32ed] [com.apple.xpc:connection] [0xa1ecb5b80] activating connection: mach=true listener=false peer=false name=com.apple.fonts
2026-09-14 11:40:40.083 I  PeachCommander[3066:32ed] [com.apple.launchservices:cas] information in shared memory for 0x0-0x3c03c with seed 533 was still valid, so using cached info { "ApplicationType"="Foreground", "BuildMachineOSBuild"="25E246", "BundleIdentifierLowerCase"="com.peachcommander.app", "CFBundleDevelopmentRegion"="en", "CFBundleDocumentTypes"=( { "CFBundleTypeName"="Peach Commander Plugin Package", "CFBundleTypeRole"="Viewer", "LSHandlerRank"="Owner", "LSItemContentTypes"=( "com.peachcommander.plugin-package") }), "CFBundleExecutable"="PeachCommander", "CFBundleExecutablePath"="/Users/admin/pc-test/PeachCommander.app/Contents/MacOS/PeachCommander", "CFBundleExecutablePathDeviceID"=16777228, "CFBundleExecutablePathINode"=487690, "CFBundleHelpBookFolder"="PeachCommander.help", "CFBundleHelpBookName"="Peach Commander Help", "CFBundleIconFile"="AppIcon", "CFBundleIconName"="AppIcon", "CFBundleIdentifier"="com.peachcommander.app", "CFBundleInfoDictionaryVersion"="6.0", "CFBundleName"="PeachCommander", "CFBundleNameLowerCase"="peachcommander", "CFBundleNumericVersion"=402685952, "CFBundlePackageType"="APPL", "CFBundleShortVersionString"="0.9.0", "CFBun<…>
2026-09-14 11:40:40.083 I  PeachCommander[3066:32ed] [com.apple.CoreAnalytics:client] Dropping "com.apple.appkit.app_config" as it isn't used in any transform (not in the config or budgeted?)
2026-09-14 11:40:40.083 Df PeachCommander[3066:32ed] [com.apple.AppKit:AutomaticTermination] -[NSApplication(NSAppssassination) _checkForAutomaticTerminationSupportPossiblyEnablingIt]_block_invoke Enabling automatic termination support.
2026-09-14 11:40:40.083 Df PeachCommander[3066:32ed] [com.apple.xpc:connection] [0xa1ecb4dc0] activating connection: mach=true listener=false peer=false name=com.apple.appkit.restoration_storage
2026-09-14 11:40:40.084 I  PeachCommander[3066:32ed] [com.apple.launchservices:cas] information in shared memory for 0x0-0x3c03c with seed 533 was still valid, so using cached info { "ApplicationType"="Foreground", "BuildMachineOSBuild"="25E246", "BundleIdentifierLowerCase"="com.peachcommander.app", "CFBundleDevelopmentRegion"="en", "CFBundleDocumentTypes"=( { "CFBundleTypeName"="Peach Commander Plugin Package", "CFBundleTypeRole"="Viewer", "LSHandlerRank"="Owner", "LSItemContentTypes"=( "com.peachcommander.plugin-package") }), "CFBundleExecutable"="PeachCommander", "CFBundleExecutablePath"="/Users/admin/pc-test/PeachCommander.app/Contents/MacOS/PeachCommander", "CFBundleExecutablePathDeviceID"=16777228, "CFBundleExecutablePathINode"=487690, "CFBundleHelpBookFolder"="PeachCommander.help", "CFBundleHelpBookName"="Peach Commander Help", "CFBundleIconFile"="AppIcon", "CFBundleIconName"="AppIcon", "CFBundleIdentifier"="com.peachcommander.app", "CFBundleInfoDictionaryVersion"="6.0", "CFBundleName"="PeachCommander", "CFBundleNameLowerCase"="peachcommander", "CFBundleNumericVersion"=402685952, "CFBundlePackageType"="APPL", "CFBundleShortVersionString"="0.9.0", "CFBun<…>
2026-09-14 11:40:40.084 Df PeachCommander[3066:32ed] [com.apple.xpc:connection] [0xa1ecb4f00] activating connection: mach=true listener=false peer=false name=com.apple.coreservices.appleevents
2026-09-14 11:40:40.084 I  PeachCommander[3066:32ed] [com.apple.appleevents:main] _AEGetRegisteredMachPort() created default port (port:64003/0xfa03 rcv:1 send:1 limit:5) and registered it with server
2026-09-14 11:40:40.084 Df PeachCommander[3066:32ed] [com.apple.xpc:connection] [0xa1ecb4280] Connection returned listener port: 0x4103
2026-09-14 11:40:40.084 I  PeachCommander[3066:32ed] [com.apple.launchservices:cas] information in shared memory for 0x0-0x3c03c with seed 533 was still valid, so using cached info { "ApplicationType"="Foreground", "BuildMachineOSBuild"="25E246", "BundleIdentifierLowerCase"="com.peachcommander.app", "CFBundleDevelopmentRegion"="en", "CFBundleDocumentTypes"=( { "CFBundleTypeName"="Peach Commander Plugin Package", "CFBundleTypeRole"="Viewer", "LSHandlerRank"="Owner", "LSItemContentTypes"=( "com.peachcommander.plugin-package") }), "CFBundleExecutable"="PeachCommander", "CFBundleExecutablePath"="/Users/admin/pc-test/PeachCommander.app/Contents/MacOS/PeachCommander", "CFBundleExecutablePathDeviceID"=16777228, "CFBundleExecutablePathINode"=487690, "CFBundleHelpBookFolder"="PeachCommander.help", "CFBundleHelpBookName"="Peach Commander Help", "CFBundleIconFile"="AppIcon", "CFBundleIconName"="AppIcon", "CFBundleIdentifier"="com.peachcommander.app", "CFBundleInfoDictionaryVersion"="6.0", "CFBundleName"="PeachCommander", "CFBundleNameLowerCase"="peachcommander", "CFBundleNumericVersion"=402685952, "CFBundlePackageType"="APPL", "CFBundleShortVersionString"="0.9.0", "CFBun<…>
2026-09-14 11:40:40.084 Df PeachCommander[3066:32ed] [com.apple.processmanager:front-35286506] SignalReady: pid=3066 asn=0x0-0x3c03c
2026-09-14 11:40:40.084 Df PeachCommander[3066:32ed] [com.apple.processmanager:front-35286506] SIGNAL: pid=3066 asn=0x0x-0x3c03c
2026-09-14 11:40:40.084 I  PeachCommander[3066:32ed] [com.apple.appleevents:main] aeGenerateFakeFirstOAPPEventIfNecessary()
2026-09-14 11:40:40.084 I  PeachCommander[3066:32ed] [com.apple.appleevents:main] aeGenerateFakeFirstOAPPEventIfNecessary(), needToCreateFakeOAPPEventIfFirstEvent == true
2026-09-14 11:40:40.084 I  PeachCommander[3066:32ed] [com.apple.launchservices:cas] Removing cached information for app [ 0x0-0x3c03c]  "PeachCommander", as its seed is different from that in shared memory ( 533 vs 535)
2026-09-14 11:40:40.085 I  PeachCommander[3066:32ed] [com.apple.CFPasteboard:entry] CopyData('DefaultAsciiKeyboardLayoutPasteboard' (<CFUUID 0xa1f0b1420> 4CE40DB3-9D77-4E96-8033-9CB06629AB11) gen: -1 item: 1264739405 flavor: 'DefaultAsciiKeyboardLayoutFlavor')
2026-09-14 11:40:40.085 I  PeachCommander[3066:32ed] [com.apple.CFPasteboard:cache] Rebuilding cache for 'DefaultAsciiKeyboardLayoutPasteboard' (<CFUUID 0xa1f0b1420> 4CE40DB3-9D77-4E96-8033-9CB06629AB11)
2026-09-14 11:40:40.085 I  PeachCommander[3066:32ed] [com.apple.CFPasteboard:exit] (not-in-cache) - result: -8 generation: 0 null data flags: 0
2026-09-14 11:40:40.085 A  PeachCommander[3066:32ed] (CoreFoundation) Loading Preferences From User CFPrefsD
2026-09-14 11:40:40.085 A  PeachCommander[3066:32ed] (CoreFoundation) Loading Preferences From System CFPrefsD
2026-09-14 11:40:40.086 I  PeachCommander[3066:32ed] [com.apple.CFPasteboard:entry] CopyData('AppleIntlFileCacheModificationDatePasteboard' (<CFUUID 0xa1f0b13c0> 58C2FC84-B483-4B20-B4D1-FF322F1E4167) gen: -1 item: 1 flavor: '-32766 1768845414')
2026-09-14 11:40:40.086 I  PeachCommander[3066:32ed] [com.apple.CFPasteboard:cache] Rebuilding cache for 'AppleIntlFileCacheModificationDatePasteboard' (<CFUUID 0xa1f0b13c0> 58C2FC84-B483-4B20-B4D1-FF322F1E4167)
2026-09-14 11:40:40.086 I  PeachCommander[3066:32ed] [com.apple.CFPasteboard:general] Will request data from daemon
2026-09-14 11:40:40.086 I  PeachCommander[3066:32ed] [com.apple.CFPasteboard:exit] (not-in-cache) - result: 0 generation: 5 data (310 bytes) flags: 0
2026-09-14 11:40:40.086 I  PeachCommander[3066:32ed] [com.apple.CFPasteboard:entry] CopyData('AppleIntlFileCacheModificationDatePasteboard' (<CFUUID 0xa1f0b13c0> 58C2FC84-B483-4B20-B4D1-FF322F1E4167) gen: -1 item: 1 flavor: '-32765 1802264953')
2026-09-14 11:40:40.086 I  PeachCommander[3066:32ed] [com.apple.CFPasteboard:general] Will request data from daemon
2026-09-14 11:40:40.086 I  PeachCommander[3066:32ed] [com.apple.CFPasteboard:exit] (not-in-cache) - result: 0 generation: 5 data (306 bytes) flags: 0
2026-09-14 11:40:40.086 I  PeachCommander[3066:32ed] [com.apple.CFPasteboard:entry] CopyData('AppleIntlFileCacheModificationDatePasteboard' (<CFUUID 0xa1f0b13c0> 58C2FC84-B483-4B20-B4D1-FF322F1E4167) gen: -1 item: 1 flavor: '-32764 1802264953')
2026-09-14 11:40:40.086 I  PeachCommander[3066:32ed] [com.apple.CFPasteboard:general] Will request data from daemon
2026-09-14 11:40:40.086 I  PeachCommander[3066:32ed] [com.apple.CFPasteboard:exit] (not-in-cache) - result: 0 generation: 5 data (281 bytes) flags: 0
2026-09-14 11:40:40.086 I  PeachCommander[3066:32ed] [com.apple.CFPasteboard:entry] CopyData('AppleIntlFileCacheModificationDatePasteboard' (<CFUUID 0xa1f0b13c0> 58C2FC84-B483-4B20-B4D1-FF322F1E4167) gen: -1 item: 1 flavor: '-32763 1802264953')
2026-09-14 11:40:40.086 I  PeachCommander[3066:32ed] [com.apple.CFPasteboard:general] Will request data from daemon
2026-09-14 11:40:40.086 I  PeachCommander[3066:32ed] [com.apple.CFPasteboard:exit] (not-in-cache) - result: 0 generation: 5 data (318 bytes) flags: 0
2026-09-14 11:40:40.086 I  PeachCommander[3066:32ed] [com.apple.CFPasteboard:entry] CopyData('AppleIntlFileCacheModificationDatePasteboard' (<CFUUID 0xa1f0b13c0> 58C2FC84-B483-4B20-B4D1-FF322F1E4167) gen: -1 item: 1 flavor: '-32765 1768845414')
2026-09-14 11:40:40.086 I  PeachCommander[3066:32ed] [com.apple.CFPasteboard:general] Will request data from daemon
2026-09-14 11:40:40.086 I  PeachCommander[3066:32ed] [com.apple.CFPasteboard:exit] (not-in-cache) - result: 0 generation: 5 data (303 bytes) flags: 0
2026-09-14 11:40:40.086 I  PeachCommander[3066:32ed] [com.apple.CFPasteboard:entry] CopyData('AppleIntlFileCacheModificationDatePasteboard' (<CFUUID 0xa1f0b13c0> 58C2FC84-B483-4B20-B4D1-FF322F1E4167) gen: -1 item: 1 flavor: '-32763 1768845414')
2026-09-14 11:40:40.086 I  PeachCommander[3066:32ed] [com.apple.CFPasteboard:general] Will request data from daemon
2026-09-14 11:40:40.086 I  PeachCommander[3066:32ed] [com.apple.CFPasteboard:exit] (not-in-cache) - result: 0 generation: 5 data (315 bytes) flags: 0
2026-09-14 11:40:40.087 I  PeachCommander[3066:32ed] [com.apple.launchservices:cas] information in shared memory for 0x0-0x3c03c with seed 535 was still valid, so using cached info { "ApplicationType"="Foreground", "BuildMachineOSBuild"="25E246", "BundleIdentifierLowerCase"="com.peachcommander.app", "CFBundleDevelopmentRegion"="en", "CFBundleDocumentTypes"=( { "CFBundleTypeName"="Peach Commander Plugin Package", "CFBundleTypeRole"="Viewer", "LSHandlerRank"="Owner", "LSItemContentTypes"=( "com.peachcommander.plugin-package") }), "CFBundleExecutable"="PeachCommander", "CFBundleExecutablePath"="/Users/admin/pc-test/PeachCommander.app/Contents/MacOS/PeachCommander", "CFBundleExecutablePathDeviceID"=16777228, "CFBundleExecutablePathINode"=487690, "CFBundleHelpBookFolder"="PeachCommander.help", "CFBundleHelpBookName"="Peach Commander Help", "CFBundleIconFile"="AppIcon", "CFBundleIconName"="AppIcon", "CFBundleIdentifier"="com.peachcommander.app", "CFBundleInfoDictionaryVersion"="6.0", "CFBundleName"="PeachCommander", "CFBundleNameLowerCase"="peachcommander", "CFBundleNumericVersion"=402685952, "CFBundlePackageType"="APPL", "CFBundleShortVersionString"="0.9.0", "CFBun<…>
2026-09-14 11:40:40.087 Df PeachCommander[3066:32ed] [com.apple.xpc:connection] [0xa1ecb5e00] activating connection: mach=false listener=false peer=false name=com.apple.ViewBridgeAuxiliary
2026-09-14 11:40:40.094 Df PeachCommander[3066:32ed] [com.apple.xpc:connection] [0xa1ecb5cc0] activating connection: mach=false listener=false peer=false name=(anonymous)
2026-09-14 11:40:40.094 Df PeachCommander[3066:32ed] [com.apple.xpc:connection] [0xa1ecb5f40] activating connection: mach=false listener=true peer=false name=(anonymous)
2026-09-14 11:40:40.094 Df PeachCommander[3066:32ed] [com.apple.xpc:connection] [0xa1ecb5f40] Connection returned listener port: 0xf403
2026-09-14 11:40:40.094 Df PeachCommander[3066:32ed] [com.apple.xpc:connection] [0xa1ecb5e00] invalidated after the last release of the connection object
2026-09-14 11:40:40.094 I  PeachCommander[3066:32ed] [com.apple.showhide:pr-59900543] SHOWHIDE: SHOW id=52 0x0-0x3C03C, err=0 eventTime=155987078166 windowID=0
2026-09-14 11:40:40.094 I  PeachCommander[3066:32ed] [com.apple.CarbonCore:coreservicesdaemon] findOrCreateCacheable():findOrCreateCacheable(), factoryName=3 cacheableName=<private> fCacheables.size()=0
2026-09-14 11:40:40.094 I  PeachCommander[3066:32ed] [com.apple.CarbonCore:coreservicesdaemon] findOrCreateCacheable():findOrCreateCacheable(), result = 0xa1edcae00 (should be non-NULL)
2026-09-14 11:40:40.095 Df PeachCommander[3066:32ed] [com.apple.AppKit:AutomaticTermination] void _NSDisableAutomaticTerminationAndLog(NSString *) Restoring windows
2026-09-14 11:40:40.095 Df PeachCommander[3066:32ed] [com.apple.AppKit:StateRestoration] -[NSApplication _reopenWindowsAsNecessaryIncludingRestorableState:withFullFidelity:completionHandler:] shouldRestoreState=1 hasPersistentStateToRestore=0 shouldStillRestoreStateAfterPrompting=0
2026-09-14 11:40:40.095 Df PeachCommander[3066:32ed] [com.apple.xpc:connection] [0xa1ecb5e00] activating connection: mach=true listener=false peer=false name=com.apple.window_proxies
2026-09-14 11:40:40.095 Df PeachCommander[3066:32ed] [com.apple.xpc:connection] [0xa1ecb5e00] invalidated because the current process cancelled the connection by calling xpc_connection_cancel()
2026-09-14 11:40:40.095 I  PeachCommander[3066:32ed] [com.apple.SkyLight:processes] 0[outside of RPC]: SLSSetFrontProcessWithInfo(0x0-0x2 window=0 options=0x1
2026-09-14 11:40:40.095 I  PeachCommander[3066:32ed] [com.apple.CoreAnalytics:client] Dropping "com.apple.appkit.app_config" as it isn't used in any transform (not in the config or budgeted?)
2026-09-14 11:40:40.095 Df PeachCommander[3066:32ed] [com.apple.AppKit:AutomaticTermination] void _NSEnableAutomaticTerminationAndLog(NSString *) Restoring windows
2026-09-14 11:40:40.098 I  PeachCommander[3066:32ed] [com.apple.CoreAnalytics:client] Dropping "com.apple.appkit.app_config" as it isn't used in any transform (not in the config or budgeted?)
2026-09-14 11:40:40.098 I  PeachCommander[3066:32ed] [com.apple.CoreAnalytics:client] Dropping "com.apple.appkit.app_config" as it isn't used in any transform (not in the config or budgeted?)
2026-09-14 11:40:40.107 A  PeachCommander[3066:32ed] (CoreFoundation) Loading Preferences From User CFPrefsD
2026-09-14 11:40:40.112 I  PeachCommander[3066:32ed] [com.peachcommander:PCFoundation] VolumeManager initialized
2026-09-14 11:40:40.128 Df PeachCommander[3066:32ed] [com.apple.BoardServices:XPCErrors] [C:1] Alloc <private>
2026-09-14 11:40:40.128 Df PeachCommander[3066:32ed] [com.apple.xpc:connection] [0xa1ef55180] activating connection: mach=false listener=false peer=false name=(anonymous)
2026-09-14 11:40:40.130 I  PeachCommander[3066:32ed] [com.apple.AppKit:Window] context (0 -> cf1c1dc7) for window 72
2026-09-14 11:40:40.130 Df PeachCommander[3066:32f9] [com.apple.corespotlight:index] (<private>) deleteSearchableItemsWithDomainIdentifiers, protectionClass:(null), domainIdentifiers number:1
2026-09-14 11:40:40.130 A  PeachCommander[3066:32f9] (CoreSpotlight) delete-domains
2026-09-14 11:40:40.130 Df PeachCommander[3066:32f9] [com.apple.corespotlight:index] CSInlineDonation:<private>: Skipping donation (feature flag disabled)
2026-09-14 11:40:40.130 Df PeachCommander[3066:32f9] (CoreSpotlight) sConnectionName: com.apple.spotlight.IndexAgent
2026-09-14 11:40:40.130 Df PeachCommander[3066:32f9] (CoreSpotlight) Start service name com.apple.spotlight.IndexAgent
2026-09-14 11:40:40.130 Df PeachCommander[3066:32f9] [com.apple.xpc:connection] [0xa1ef55400] activating connection: mach=true listener=false peer=false name=com.apple.spotlight.IndexAgent
2026-09-14 11:40:40.130 I  PeachCommander[3066:32ed] [com.peachcommander:PCFoundation] MainWindowController initialized (config: <private>)
2026-09-14 11:40:40.131 I  PeachCommander[3066:32ed] [com.peachcommander:PCFoundation] SelectionState initialized
2026-09-14 11:40:40.131 I  PeachCommander[3066:32ed] [com.peachcommander:PCFoundation] DirectoryModel initialized
2026-09-14 11:40:40.131 I  PeachCommander[3066:32ed] [com.peachcommander:PCFoundation] VolumeManager initialized
2026-09-14 11:40:40.131 I  PeachCommander[3066:32ed] [com.peachcommander:PCFoundation] PanelController initialized for <private> panel
2026-09-14 11:40:40.131 I  PeachCommander[3066:32ed] [com.peachcommander:PCFoundation] SelectionState initialized
2026-09-14 11:40:40.131 I  PeachCommander[3066:32ed] [com.peachcommander:PCFoundation] DirectoryModel initialized
2026-09-14 11:40:40.131 I  PeachCommander[3066:32ed] [com.peachcommander:PCFoundation] VolumeManager initialized
2026-09-14 11:40:40.131 I  PeachCommander[3066:32ed] [com.peachcommander:PCFoundation] PanelController initialized for <private> panel
2026-09-14 11:40:40.133 A  PeachCommander[3066:32f9] (RunningBoardServices) didChangeInheritances
2026-09-14 11:40:40.135 I  PeachCommander[3066:32ed] [com.apple.AppKit:Animation] Running new animation: <private>
2026-09-14 11:40:40.135 I  PeachCommander[3066:32ed] [com.apple.AppKit:Animation] Running new animation: <private>
2026-09-14 11:40:40.135 I  PeachCommander[3066:32ed] [com.apple.AppKit:Animation] Running new animation: <private>
2026-09-14 11:40:40.135 I  PeachCommander[3066:32ed] [com.apple.AppKit:Animation] Running new animation: <private>
2026-09-14 11:40:40.135 I  PeachCommander[3066:32ed] [com.apple.AppKit:Animation] Running new animation: <private>
2026-09-14 11:40:40.137 I  PeachCommander[3066:32ed] [com.apple.AppKit:Animation] Running new animation: <private>
2026-09-14 11:40:40.137 I  PeachCommander[3066:32ed] [com.apple.AppKit:Animation] Running new animation: <private>
2026-09-14 11:40:40.137 I  PeachCommander[3066:32ed] [com.apple.AppKit:Animation] Running new animation: <private>
2026-09-14 11:40:40.137 I  PeachCommander[3066:32ed] [com.apple.AppKit:Animation] Running new animation: <private>
2026-09-14 11:40:40.137 I  PeachCommander[3066:32ed] [com.apple.AppKit:Animation] Running new animation: <private>
2026-09-14 11:40:40.143 I  PeachCommander[3066:32ed] [com.apple.CoreAnalytics:client] Dropping "com.apple.appkit.app_config" as it isn't used in any transform (not in the config or budgeted?)
2026-09-14 11:40:40.144 I  PeachCommander[3066:32ed] [com.apple.CoreAnalytics:client] Dropping "com.apple.appkit.app_config" as it isn't used in any transform (not in the config or budgeted?)
2026-09-14 11:40:40.151 Df PeachCommander[3066:32ed] [com.apple.xpc:connection] [0xa1e9b9680] activating connection: mach=true listener=false peer=false name=com.apple.iconservices
2026-09-14 11:40:40.151 Df PeachCommander[3066:32ed] [com.apple.xpc:connection] [0xa1e9b97c0] activating connection: mach=true listener=false peer=false name=com.apple.iconservices.store
2026-09-14 11:40:40.151 I  PeachCommander[3066:32ed] [com.peachcommander:Theme] no user themes in /Users/admin/pc-cfg/themes
2026-09-14 11:40:40.151 Df PeachCommander[3066:32ed] [com.apple.AppKit:Appearance] Invalidate NSApp effectiveAppearance
2026-09-14 11:40:40.152 Df PeachCommander[3066:32ed] [com.apple.AppKit:Appearance] NSApp cache appearance:
-NSRequiresAquaSystemAppearance: 0
-appearance: <NSCompositeAppearance: 0xa1ec7d9a0
 (
    "<NSDarkAquaAppearance: 0xa1ec7da40>",
    "<NSSystemAppearance: 0xa1ec7c780>"
)>
-effectiveAppearance: <NSCompositeAppearance: 0xa1ec7d9a0
 (
    "<NSDarkAquaAppearance: 0xa1ec7da40>",
    "<NSSystemAppearance: 0xa1ec7c780>"
)>
2026-09-14 11:40:40.154 I  PeachCommander[3066:32ed] [com.peachcommander:PCFoundation] Theme applied: id=system, appearance=dark, dark=true, background=#333333
2026-09-14 11:40:40.179 I  PeachCommander[3066:32ed] [com.apple.AppKit:Image] ISImage reported a placeholder, image rep is providing a placeholder image for <private>
2026-09-14 11:40:40.179 I  PeachCommander[3066:32ed] [com.apple.AppKit:Image] ISImage reported a placeholder, image rep is providing a placeholder image for <private>
2026-09-14 11:40:40.179 I  PeachCommander[3066:32ed] [com.apple.CoreAnalytics:client] Dropping "com.apple.appkit.app_config" as it isn't used in any transform (not in the config or budgeted?)
2026-09-14 11:40:40.179 I  PeachCommander[3066:32f9] [com.apple.iconservices:foundation] layer data size zero
2026-09-14 11:40:40.180 I  PeachCommander[3066:32f4] [com.apple.iconservices:foundation] layer data size zero
2026-09-14 11:40:40.183 I  PeachCommander[3066:32ed] [com.peachcommander:PCFoundation] Keymap loaded: scheme=<private>, 82 effective bindings
2026-09-14 11:40:40.184 I  PeachCommander[3066:32ed] [com.apple.AppKit:Animation] Running new animation: <private>
2026-09-14 11:40:40.184 I  PeachCommander[3066:32ed] [com.apple.AppKit:Animation] Running new animation: <private>
2026-09-14 11:40:40.184 I  PeachCommander[3066:32ed] [com.apple.AppKit:Animation] Running new animation: <private>
2026-09-14 11:40:40.184 I  PeachCommander[3066:32ed] [com.apple.AppKit:Animation] Running new animation: <private>
2026-09-14 11:40:40.184 I  PeachCommander[3066:32ed] [com.apple.AppKit:Animation] Running new animation: <private>
2026-09-14 11:40:40.184 I  PeachCommander[3066:32ed] [com.apple.AppKit:Animation] Running new animation: <private>
2026-09-14 11:40:40.184 I  PeachCommander[3066:32ed] [com.apple.AppKit:Animation] Running new animation: <private>
2026-09-14 11:40:40.184 I  PeachCommander[3066:32ed] [com.apple.AppKit:Animation] Running new animation: <private>
2026-09-14 11:40:40.184 I  PeachCommander[3066:32ed] [com.apple.AppKit:Animation] Running new animation: <private>
2026-09-14 11:40:40.184 I  PeachCommander[3066:32ed] [com.apple.AppKit:Animation] Running new animation: <private>
2026-09-14 11:40:40.188 I  PeachCommander[3066:32ed] [com.apple.CoreAnalytics:client] Dropping "<private>" as it isn't used in any transform (not in the config or budgeted?)
2026-09-14 11:40:40.188 I  PeachCommander[3066:32ed] [com.apple.CoreAnalytics:client] Dropping "<private>" as it isn't used in any transform (not in the config or budgeted?)
2026-09-14 11:40:40.188 I  PeachCommander[3066:32ed] [com.apple.CoreAnalytics:client] Dropping "<private>" as it isn't used in any transform (not in the config or budgeted?)
2026-09-14 11:40:40.189 I  PeachCommander[3066:32ed] [com.peachcommander:PCFoundation] MainWindowController window loaded
2026-09-14 11:40:40.189 I  PeachCommander[3066:32ed] [com.apple.launchservices:cas] information in shared memory for 0x0-0x3c03c with seed 535 was still valid, so using cached info { "ApplicationType"="Foreground", "BuildMachineOSBuild"="25E246", "BundleIdentifierLowerCase"="com.peachcommander.app", "CFBundleDevelopmentRegion"="en", "CFBundleDocumentTypes"=( { "CFBundleTypeName"="Peach Commander Plugin Package", "CFBundleTypeRole"="Viewer", "LSHandlerRank"="Owner", "LSItemContentTypes"=( "com.peachcommander.plugin-package") }), "CFBundleExecutable"="PeachCommander", "CFBundleExecutablePath"="/Users/admin/pc-test/PeachCommander.app/Contents/MacOS/PeachCommander", "CFBundleExecutablePathDeviceID"=16777228, "CFBundleExecutablePathINode"=487690, "CFBundleHelpBookFolder"="PeachCommander.help", "CFBundleHelpBookName"="Peach Commander Help", "CFBundleIconFile"="AppIcon", "CFBundleIconName"="AppIcon", "CFBundleIdentifier"="com.peachcommander.app", "CFBundleInfoDictionaryVersion"="6.0", "CFBundleName"="PeachCommander", "CFBundleNameLowerCase"="peachcommander", "CFBundleNumericVersion"=402685952, "CFBundlePackageType"="APPL", "CFBundleShortVersionString"="0.9.0", "CFBun<…>
2026-09-14 11:40:40.189 I  PeachCommander[3066:32ed] [com.apple.launchservices:cas] information in shared memory for 0x0-0x3c03c with seed 535 was still valid, so using cached info { "ApplicationType"="Foreground", "BuildMachineOSBuild"="25E246", "BundleIdentifierLowerCase"="com.peachcommander.app", "CFBundleDevelopmentRegion"="en", "CFBundleDocumentTypes"=( { "CFBundleTypeName"="Peach Commander Plugin Package", "CFBundleTypeRole"="Viewer", "LSHandlerRank"="Owner", "LSItemContentTypes"=( "com.peachcommander.plugin-package") }), "CFBundleExecutable"="PeachCommander", "CFBundleExecutablePath"="/Users/admin/pc-test/PeachCommander.app/Contents/MacOS/PeachCommander", "CFBundleExecutablePathDeviceID"=16777228, "CFBundleExecutablePathINode"=487690, "CFBundleHelpBookFolder"="PeachCommander.help", "CFBundleHelpBookName"="Peach Commander Help", "CFBundleIconFile"="AppIcon", "CFBundleIconName"="AppIcon", "CFBundleIdentifier"="com.peachcommander.app", "CFBundleInfoDictionaryVersion"="6.0", "CFBundleName"="PeachCommander", "CFBundleNameLowerCase"="peachcommander", "CFBundleNumericVersion"=402685952, "CFBundlePackageType"="APPL", "CFBundleShortVersionString"="0.9.0", "CFBun<…>
2026-09-14 11:40:40.190 I  PeachCommander[3066:32ed] [com.apple.AppKit:Image] ISImage reported a placeholder, image rep is providing a placeholder image for <private>
2026-09-14 11:40:40.190 I  PeachCommander[3066:32ed] [com.apple.AppKit:Image] ISImage reported a placeholder, image rep is providing a placeholder image for <private>
2026-09-14 11:40:40.197 I  PeachCommander[3066:32ed] [com.apple.AppKit:Window] order window front conditionally: 72 related: 0
2026-09-14 11:40:40.197 Df PeachCommander[3066:32ed] [com.apple.AppKit:AutomaticTermination] void _NSEnableAutomaticTerminationAndLog(NSString *) No windows open yet
2026-09-14 11:40:40.198 I  PeachCommander[3066:32ed] [com.apple.AppKit:Intelligence] starting collection observation
2026-09-14 11:40:40.198 Df PeachCommander[3066:32f9] [com.apple.UIIntelligenceSupport:xpc] establishing connection to agent
2026-09-14 11:40:40.198 Df PeachCommander[3066:32f9] [com.apple.xpc:session] [0xa1fd16530] Session created.
2026-09-14 11:40:40.198 Df PeachCommander[3066:32f9] [com.apple.xpc:session] [0xa1fd16530] Session created from connection [0xa1e9ba580]
2026-09-14 11:40:40.198 Df PeachCommander[3066:32f9] [com.apple.xpc:connection] [0xa1e9ba580] activating connection: mach=true listener=false peer=false name=com.apple.uiintelligencesupport.agent
2026-09-14 11:40:40.198 Df PeachCommander[3066:32f9] [com.apple.xpc:session] [0xa1fd16530] Session activated
2026-09-14 11:40:40.198 I  PeachCommander[3066:32ed] [com.apple.SkyLight:processes] 0[outside of RPC]: SLSSetFrontProcessWithInfo(0x0-0x2 window=0 options=0x1
2026-09-14 11:40:40.198 Df PeachCommander[3066:32fa] [com.apple.UIIntelligenceSupport:xpc] Connection established with agent PID: 1210
2026-09-14 11:40:40.198 I  PeachCommander[3066:32ed] [com.apple.launchservices:cas] information in shared memory for 0x0-0x3c03c with seed 535 was still valid, so using cached info { "ApplicationType"="Foreground", "BuildMachineOSBuild"="25E246", "BundleIdentifierLowerCase"="com.peachcommander.app", "CFBundleDevelopmentRegion"="en", "CFBundleDocumentTypes"=( { "CFBundleTypeName"="Peach Commander Plugin Package", "CFBundleTypeRole"="Viewer", "LSHandlerRank"="Owner", "LSItemContentTypes"=( "com.peachcommander.plugin-package") }), "CFBundleExecutable"="PeachCommander", "CFBundleExecutablePath"="/Users/admin/pc-test/PeachCommander.app/Contents/MacOS/PeachCommander", "CFBundleExecutablePathDeviceID"=16777228, "CFBundleExecutablePathINode"=487690, "CFBundleHelpBookFolder"="PeachCommander.help", "CFBundleHelpBookName"="Peach Commander Help", "CFBundleIconFile"="AppIcon", "CFBundleIconName"="AppIcon", "CFBundleIdentifier"="com.peachcommander.app", "CFBundleInfoDictionaryVersion"="6.0", "CFBundleName"="PeachCommander", "CFBundleNameLowerCase"="peachcommander", "CFBundleNumericVersion"=402685952, "CFBundlePackageType"="APPL", "CFBundleShortVersionString"="0.9.0", "CFBun<…>
2026-09-14 11:40:40.199 Df PeachCommander[3066:32ed] [com.apple.xpc:connection] [0xa1e9ba6c0] activating connection: mach=true listener=false peer=false name=com.apple.FileCoordination
2026-09-14 11:40:40.199 Df PeachCommander[3066:32fa] [com.apple.foundation.filecoordination:presenter] Adding presenter BBE2812A-DE24-4860-9D02-29B7F797EFE7 for URL: <private>
2026-09-14 11:40:40.199 I  PeachCommander[3066:32ed] [com.apple.launchservices:cas] information in shared memory for 0x0-0x3c03c with seed 535 was still valid, so using cached info { "ApplicationType"="Foreground", "BuildMachineOSBuild"="25E246", "BundleIdentifierLowerCase"="com.peachcommander.app", "CFBundleDevelopmentRegion"="en", "CFBundleDocumentTypes"=( { "CFBundleTypeName"="Peach Commander Plugin Package", "CFBundleTypeRole"="Viewer", "LSHandlerRank"="Owner", "LSItemContentTypes"=( "com.peachcommander.plugin-package") }), "CFBundleExecutable"="PeachCommander", "CFBundleExecutablePath"="/Users/admin/pc-test/PeachCommander.app/Contents/MacOS/PeachCommander", "CFBundleExecutablePathDeviceID"=16777228, "CFBundleExecutablePathINode"=487690, "CFBundleHelpBookFolder"="PeachCommander.help", "CFBundleHelpBookName"="Peach Commander Help", "CFBundleIconFile"="AppIcon", "CFBundleIconName"="AppIcon", "CFBundleIdentifier"="com.peachcommander.app", "CFBundleInfoDictionaryVersion"="6.0", "CFBundleName"="PeachCommander", "CFBundleNameLowerCase"="peachcommander", "CFBundleNumericVersion"=402685952, "CFBundlePackageType"="APPL", "CFBundleShortVersionString"="0.9.0", "CFBun<…>
2026-09-14 11:40:40.202 I  PeachCommander[3066:32ed] [com.apple.AppKit:Window] order all windows front 155987078166
2026-09-14 11:40:40.202 I  PeachCommander[3066:32ed] [com.apple.launchservices:cas] information in shared memory for 0x0-0x3c03c with seed 535 was still valid, so using cached info { "ApplicationType"="Foreground", "BuildMachineOSBuild"="25E246", "BundleIdentifierLowerCase"="com.peachcommander.app", "CFBundleDevelopmentRegion"="en", "CFBundleDocumentTypes"=( { "CFBundleTypeName"="Peach Commander Plugin Package", "CFBundleTypeRole"="Viewer", "LSHandlerRank"="Owner", "LSItemContentTypes"=( "com.peachcommander.plugin-package") }), "CFBundleExecutable"="PeachCommander", "CFBundleExecutablePath"="/Users/admin/pc-test/PeachCommander.app/Contents/MacOS/PeachCommander", "CFBundleExecutablePathDeviceID"=16777228, "CFBundleExecutablePathINode"=487690, "CFBundleHelpBookFolder"="PeachCommander.help", "CFBundleHelpBookName"="Peach Commander Help", "CFBundleIconFile"="AppIcon", "CFBundleIconName"="AppIcon", "CFBundleIdentifier"="com.peachcommander.app", "CFBundleInfoDictionaryVersion"="6.0", "CFBundleName"="PeachCommander", "CFBundleNameLowerCase"="peachcommander", "CFBundleNumericVersion"=402685952, "CFBundlePackageType"="APPL", "CFBundleShortVersionString"="0.9.0", "CFBun<…>
2026-09-14 11:40:40.202 I  PeachCommander[3066:32ed] [com.apple.showhide:pr-59900543] SHOWHIDE: CONFIRM, id=52, err=0
2026-09-14 11:40:40.202 I  PeachCommander[3066:32ed] [com.apple.AppKit:Window] context (0 -> 1c938c02) for window 71
2026-09-14 11:40:40.202 I  PeachCommander[3066:32ed] [com.apple.AppKit:Window] context (0 -> 563fc39) for window 70
2026-09-14 11:40:40.202 I  PeachCommander[3066:32ed] [com.apple.AppKit:Window] context (0 -> 52eea478) for window 6f
2026-09-14 11:40:40.202 I  PeachCommander[3066:32ed] [com.apple.AppKit:Window] context (0 -> 6fcb8c57) for window 6e
2026-09-14 11:40:40.227 Df PeachCommander[3066:32ed] [com.apple.AppKit:AutomaticTermination] void _updateToReflectAutomaticTerminationState(void) Setting _kLSApplicationWouldBeTerminatedByTALKey=0
2026-09-14 11:40:40.228 I  PeachCommander[3066:32ed] [com.apple.runningboard:assertion] Acquiring assertion: <RBSAssertionDescriptor| "AppNap adapter assertion" ID:(null) target:3066>
2026-09-14 11:40:40.230 I  PeachCommander[3066:32ed] [com.apple.AppKit:Image] ISImage reported a placeholder, image rep is providing a placeholder image for <private>
2026-09-14 11:40:40.230 I  PeachCommander[3066:32ed] [com.apple.AppKit:Image] ISImage reported a placeholder, image rep is providing a placeholder image for <private>
2026-09-14 11:40:40.230 I  PeachCommander[3066:32ed] [com.apple.AppKit:Image] ISImage reported a placeholder, image rep is providing a placeholder image for <private>
2026-09-14 11:40:40.230 I  PeachCommander[3066:32ed] [com.apple.AppKit:Image] ISImage reported a placeholder, image rep is providing a placeholder image for <private>
2026-09-14 11:40:40.230 I  PeachCommander[3066:32ed] [com.apple.AppKit:Image] ISImage reported a placeholder, image rep is providing a placeholder image for <private>
2026-09-14 11:40:40.230 I  PeachCommander[3066:32ed] [com.apple.AppKit:Image] ISImage reported a placeholder, image rep is providing a placeholder image for <private>
2026-09-14 11:40:40.262 A  PeachCommander[3066:3301] (RunningBoardServices) didChangeInheritances
2026-09-14 11:40:40.282 Df PeachCommander[3066:32ed] [com.apple.libsystem.libdispatch:] DEPRECATED USE in libdispatch client: dispatch source activated with no event handler set; set a breakpoint on _dispatch_bug_deprecated to debug
2026-09-14 11:40:40.343 I  PeachCommander[3066:32ed] [com.apple.AppKit:Image] ISImage reported a placeholder, image rep is providing a placeholder image for <private>
2026-09-14 11:40:40.343 I  PeachCommander[3066:32ed] [com.apple.AppKit:Image] ISImage reported a placeholder, image rep is providing a placeholder image for <private>
2026-09-14 11:40:40.343 I  PeachCommander[3066:32ed] [com.apple.AppKit:Image] ISImage reported a placeholder, image rep is providing a placeholder image for <private>
2026-09-14 11:40:40.348 I  PeachCommander[3066:32ed] [com.apple.AppKit:Image] ISImage reported a placeholder, image rep is providing a placeholder image for <private>
2026-09-14 11:40:40.349 I  PeachCommander[3066:32ed] [com.apple.AppKit:Image] ISImage reported a placeholder, image rep is providing a placeholder image for <private>
2026-09-14 11:40:40.352 I  PeachCommander[3066:32ed] [com.apple.AppKit:Image] ISImage reported a placeholder, image rep is providing a placeholder image for <private>
2026-09-14 11:40:40.352 I  PeachCommander[3066:32ed] [com.apple.AppKit:Image] ISImage reported a placeholder, image rep is providing a placeholder image for <private>
2026-09-14 11:40:40.354 I  PeachCommander[3066:32ed] [com.apple.AppKit:Image] ISImage reported a placeholder, image rep is providing a placeholder image for <private>
2026-09-14 11:40:40.355 I  PeachCommander[3066:32ed] [com.apple.AppKit:Image] ISImage reported a placeholder, image rep is providing a placeholder image for <private>
2026-09-14 11:40:40.395 I  PeachCommander[3066:32ed] [com.apple.AppKit:Image] ISImage reported a placeholder, image rep is providing a placeholder image for <private>
2026-09-14 11:40:40.398 I  PeachCommander[3066:32ed] [com.apple.AppKit:Image] ISImage reported a placeholder, image rep is providing a placeholder image for <private>
2026-09-14 11:40:40.399 I  PeachCommander[3066:32ed] [com.apple.AppKit:Image] ISImage reported a placeholder, image rep is providing a placeholder image for <private>
2026-09-14 11:40:40.399 I  PeachCommander[3066:32ed] [com.apple.AppKit:Image] ISImage reported a placeholder, image rep is providing a placeholder image for <private>
2026-09-14 11:40:40.401 I  PeachCommander[3066:32ed] [com.apple.AppKit:Image] ISImage reported a placeholder, image rep is providing a placeholder image for <private>
2026-09-14 11:40:40.401 I  PeachCommander[3066:32ed] [com.apple.AppKit:Image] ISImage reported a placeholder, image rep is providing a placeholder image for <private>
2026-09-14 11:40:40.403 I  PeachCommander[3066:32ed] [com.apple.AppKit:Image] ISImage reported a placeholder, image rep is providing a placeholder image for <private>
2026-09-14 11:40:40.403 I  PeachCommander[3066:32ed] [com.apple.AppKit:Image] ISImage reported a placeholder, image rep is providing a placeholder image for <private>
2026-09-14 11:40:40.404 I  PeachCommander[3066:32ed] [com.apple.AppKit:Image] ISImage reported a placeholder, image rep is providing a placeholder image for <private>
2026-09-14 11:40:40.404 I  PeachCommander[3066:32ed] [com.apple.AppKit:Image] ISImage reported a placeholder, image rep is providing a placeholder image for <private>
2026-09-14 11:40:40.405 I  PeachCommander[3066:32ed] [com.apple.AppKit:Image] ISImage reported a placeholder, image rep is providing a placeholder image for <private>
2026-09-14 11:40:40.405 I  PeachCommander[3066:32ed] [com.apple.AppKit:Image] ISImage reported a placeholder, image rep is providing a placeholder image for <private>
2026-09-14 11:40:40.406 I  PeachCommander[3066:32ed] [com.apple.AppKit:Image] ISImage reported a placeholder, image rep is providing a placeholder image for <private>
2026-09-14 11:40:40.406 I  PeachCommander[3066:32ed] [com.apple.AppKit:Image] ISImage reported a placeholder, image rep is providing a placeholder image for <private>
2026-09-14 11:40:40.407 I  PeachCommander[3066:32ed] [com.apple.AppKit:Image] ISImage reported a placeholder, image rep is providing a placeholder image for <private>
2026-09-14 11:40:40.407 I  PeachCommander[3066:32ed] [com.apple.AppKit:Image] ISImage reported a placeholder, image rep is providing a placeholder image for <private>
2026-09-14 11:40:40.409 I  PeachCommander[3066:32ed] [com.apple.AppKit:Image] ISImage reported a placeholder, image rep is providing a placeholder image for <private>
2026-09-14 11:40:40.409 I  PeachCommander[3066:32ed] [com.apple.AppKit:Image] ISImage reported a placeholder, image rep is providing a placeholder image for <private>
2026-09-14 11:40:40.410 I  PeachCommander[3066:32ed] [com.apple.AppKit:Image] ISImage reported a placeholder, image rep is providing a placeholder image for <private>
2026-09-14 11:40:40.410 I  PeachCommander[3066:32ed] [com.apple.AppKit:Image] ISImage reported a placeholder, image rep is providing a placeholder image for <private>
2026-09-14 11:40:40.411 I  PeachCommander[3066:32ed] [com.apple.AppKit:Image] ISImage reported a placeholder, image rep is providing a placeholder image for <private>
2026-09-14 11:40:40.411 I  PeachCommander[3066:32ed] [com.apple.AppKit:Image] ISImage reported a placeholder, image rep is providing a placeholder image for <private>
2026-09-14 11:40:40.412 I  PeachCommander[3066:32ed] [com.apple.AppKit:Image] ISImage reported a placeholder, image rep is providing a placeholder image for <private>
2026-09-14 11:40:40.412 I  PeachCommander[3066:32ed] [com.apple.AppKit:Image] ISImage reported a placeholder, image rep is providing a placeholder image for <private>
2026-09-14 11:40:40.413 I  PeachCommander[3066:32ed] [com.apple.AppKit:Image] ISImage reported a placeholder, image rep is providing a placeholder image for <private>
2026-09-14 11:40:40.413 I  PeachCommander[3066:32ed] [com.apple.AppKit:Image] ISImage reported a placeholder, image rep is providing a placeholder image for <private>
2026-09-14 11:40:40.414 I  PeachCommander[3066:32ed] [com.apple.AppKit:Image] ISImage reported a placeholder, image rep is providing a placeholder image for <private>
2026-09-14 11:40:40.414 I  PeachCommander[3066:32ed] [com.apple.AppKit:Image] ISImage reported a placeholder, image rep is providing a placeholder image for <private>
2026-09-14 11:40:40.415 I  PeachCommander[3066:32ed] [com.apple.AppKit:Image] ISImage reported a placeholder, image rep is providing a placeholder image for <private>
2026-09-14 11:40:40.415 I  PeachCommander[3066:32ed] [com.apple.AppKit:Image] ISImage reported a placeholder, image rep is providing a placeholder image for <private>
2026-09-14 11:40:40.416 I  PeachCommander[3066:32ed] [com.apple.AppKit:Image] ISImage reported a placeholder, image rep is providing a placeholder image for <private>
2026-09-14 11:40:40.416 I  PeachCommander[3066:32ed] [com.apple.AppKit:Image] ISImage reported a placeholder, image rep is providing a placeholder image for <private>
2026-09-14 11:40:40.417 I  PeachCommander[3066:32ed] [com.apple.AppKit:Image] ISImage reported a placeholder, image rep is providing a placeholder image for <private>
2026-09-14 11:40:40.417 I  PeachCommander[3066:32ed] [com.apple.AppKit:Image] ISImage reported a placeholder, image rep is providing a placeholder image for <private>
2026-09-14 11:40:40.418 I  PeachCommander[3066:32ed] [com.apple.AppKit:Image] ISImage reported a placeholder, image rep is providing a placeholder image for <private>
2026-09-14 11:40:40.418 I  PeachCommander[3066:32ed] [com.apple.AppKit:Image] ISImage reported a placeholder, image rep is providing a placeholder image for <private>
2026-09-14 11:40:40.419 I  PeachCommander[3066:32ed] [com.apple.AppKit:Image] ISImage reported a placeholder, image rep is providing a placeholder image for <private>
2026-09-14 11:40:40.419 I  PeachCommander[3066:32ed] [com.apple.AppKit:Image] ISImage reported a placeholder, image rep is providing a placeholder image for <private>
2026-09-14 11:40:40.420 I  PeachCommander[3066:32ed] [com.apple.AppKit:Image] ISImage reported a placeholder, image rep is providing a placeholder image for <private>
2026-09-14 11:40:40.420 I  PeachCommander[3066:32ed] [com.apple.AppKit:Image] ISImage reported a placeholder, image rep is providing a placeholder image for <private>
2026-09-14 11:40:40.422 I  PeachCommander[3066:32ed] [com.apple.AppKit:Image] ISImage reported a placeholder, image rep is providing a placeholder image for <private>
2026-09-14 11:40:40.422 I  PeachCommander[3066:32ed] [com.apple.AppKit:Image] ISImage reported a placeholder, image rep is providing a placeholder image for <private>
2026-09-14 11:40:40.423 I  PeachCommander[3066:32ed] [com.apple.AppKit:Image] ISImage reported a placeholder, image rep is providing a placeholder image for <private>
2026-09-14 11:40:40.423 I  PeachCommander[3066:32ed] [com.apple.AppKit:Image] ISImage reported a placeholder, image rep is providing a placeholder image for <private>
2026-09-14 11:40:40.424 I  PeachCommander[3066:32ed] [com.apple.AppKit:Image] ISImage reported a placeholder, image rep is providing a placeholder image for <private>
2026-09-14 11:40:40.424 I  PeachCommander[3066:32ed] [com.apple.AppKit:Image] ISImage reported a placeholder, image rep is providing a placeholder image for <private>
2026-09-14 11:40:40.425 I  PeachCommander[3066:32ed] [com.apple.AppKit:Image] ISImage reported a placeholder, image rep is providing a placeholder image for <private>
2026-09-14 11:40:40.425 I  PeachCommander[3066:32ed] [com.apple.AppKit:Image] ISImage reported a placeholder, image rep is providing a placeholder image for <private>
2026-09-14 11:40:40.426 I  PeachCommander[3066:32ed] [com.apple.AppKit:Image] ISImage reported a placeholder, image rep is providing a placeholder image for <private>
2026-09-14 11:40:40.426 I  PeachCommander[3066:32ed] [com.apple.AppKit:Image] ISImage reported a placeholder, image rep is providing a placeholder image for <private>
2026-09-14 11:40:40.427 I  PeachCommander[3066:32ed] [com.apple.AppKit:Image] ISImage reported a placeholder, image rep is providing a placeholder image for <private>
2026-09-14 11:40:40.427 I  PeachCommander[3066:32ed] [com.apple.AppKit:Image] ISImage reported a placeholder, image rep is providing a placeholder image for <private>
2026-09-14 11:40:40.428 I  PeachCommander[3066:32ed] [com.apple.AppKit:Image] ISImage reported a placeholder, image rep is providing a placeholder image for <private>
2026-09-14 11:40:40.428 I  PeachCommander[3066:32ed] [com.apple.AppKit:Image] ISImage reported a placeholder, image rep is providing a placeholder image for <private>
2026-09-14 11:40:40.429 I  PeachCommander[3066:32ed] [com.apple.AppKit:Image] ISImage reported a placeholder, image rep is providing a placeholder image for <private>
2026-09-14 11:40:40.429 I  PeachCommander[3066:32ed] [com.apple.AppKit:Image] ISImage reported a placeholder, image rep is providing a placeholder image for <private>
2026-09-14 11:40:40.442 I  PeachCommander[3066:32ed] [com.apple.AppKit:Image] ISImage reported a placeholder, image rep is providing a placeholder image for <private>
2026-09-14 11:40:40.442 I  PeachCommander[3066:32ed] [com.apple.AppKit:Image] ISImage reported a placeholder, image rep is providing a placeholder image for <private>
2026-09-14 11:40:40.443 I  PeachCommander[3066:32ed] [com.apple.AppKit:Image] ISImage reported a placeholder, image rep is providing a placeholder image for <private>
2026-09-14 11:40:40.443 I  PeachCommander[3066:32ed] [com.apple.AppKit:Image] ISImage reported a placeholder, image rep is providing a placeholder image for <private>
2026-09-14 11:40:40.444 I  PeachCommander[3066:32ed] [com.apple.AppKit:Image] ISImage reported a placeholder, image rep is providing a placeholder image for <private>
2026-09-14 11:40:40.444 I  PeachCommander[3066:32ed] [com.apple.AppKit:Image] ISImage reported a placeholder, image rep is providing a placeholder image for <private>
2026-09-14 11:40:40.445 I  PeachCommander[3066:32ed] [com.apple.AppKit:Image] ISImage reported a placeholder, image rep is providing a placeholder image for <private>
2026-09-14 11:40:40.446 I  PeachCommander[3066:32ed] [com.apple.AppKit:Image] ISImage reported a placeholder, image rep is providing a placeholder image for <private>
2026-09-14 11:40:40.447 I  PeachCommander[3066:32ed] [com.apple.AppKit:Image] ISImage reported a placeholder, image rep is providing a placeholder image for <private>
2026-09-14 11:40:40.447 I  PeachCommander[3066:32ed] [com.apple.AppKit:Image] ISImage reported a placeholder, image rep is providing a placeholder image for <private>
2026-09-14 11:40:40.448 I  PeachCommander[3066:32ed] [com.apple.AppKit:Image] ISImage reported a placeholder, image rep is providing a placeholder image for <private>
2026-09-14 11:40:40.448 I  PeachCommander[3066:32ed] [com.apple.AppKit:Image] ISImage reported a placeholder, image rep is providing a placeholder image for <private>
2026-09-14 11:40:40.449 I  PeachCommander[3066:32ed] [com.apple.AppKit:Image] ISImage reported a placeholder, image rep is providing a placeholder image for <private>
2026-09-14 11:40:40.449 I  PeachCommander[3066:32ed] [com.apple.AppKit:Image] ISImage reported a placeholder, image rep is providing a placeholder image for <private>
2026-09-14 11:40:40.450 I  PeachCommander[3066:32ed] [com.apple.AppKit:Image] ISImage reported a placeholder, image rep is providing a placeholder image for <private>
2026-09-14 11:40:40.450 I  PeachCommander[3066:32ed] [com.apple.AppKit:Image] ISImage reported a placeholder, image rep is providing a placeholder image for <private>
2026-09-14 11:40:40.452 I  PeachCommander[3066:32ed] [com.apple.AppKit:Image] ISImage reported a placeholder, image rep is providing a placeholder image for <private>
2026-09-14 11:40:40.452 I  PeachCommander[3066:32ed] [com.apple.AppKit:Image] ISImage reported a placeholder, image rep is providing a placeholder image for <private>
2026-09-14 11:40:40.453 I  PeachCommander[3066:32ed] [com.apple.AppKit:Image] ISImage reported a placeholder, image rep is providing a placeholder image for <private>
2026-09-14 11:40:40.453 I  PeachCommander[3066:32ed] [com.apple.AppKit:Image] ISImage reported a placeholder, image rep is providing a placeholder image for <private>
2026-09-14 11:40:40.455 I  PeachCommander[3066:32ed] [com.apple.AppKit:Image] ISImage reported a placeholder, image rep is providing a placeholder image for <private>
2026-09-14 11:40:40.455 I  PeachCommander[3066:32ed] [com.apple.AppKit:Image] ISImage reported a placeholder, image rep is providing a placeholder image for <private>
2026-09-14 11:40:40.456 I  PeachCommander[3066:32ed] [com.apple.AppKit:Image] ISImage reported a placeholder, image rep is providing a placeholder image for <private>
2026-09-14 11:40:40.456 I  PeachCommander[3066:32ed] [com.apple.AppKit:Image] ISImage reported a placeholder, image rep is providing a placeholder image for <private>
2026-09-14 11:40:40.457 I  PeachCommander[3066:32ed] [com.apple.AppKit:Image] ISImage reported a placeholder, image rep is providing a placeholder image for <private>
2026-09-14 11:40:40.457 I  PeachCommander[3066:32ed] [com.apple.AppKit:Image] ISImage reported a placeholder, image rep is providing a placeholder image for <private>
2026-09-14 11:40:40.458 I  PeachCommander[3066:32ed] [com.apple.AppKit:Image] ISImage reported a placeholder, image rep is providing a placeholder image for <private>
2026-09-14 11:40:40.458 I  PeachCommander[3066:32ed] [com.apple.AppKit:Image] ISImage reported a placeholder, image rep is providing a placeholder image for <private>
2026-09-14 11:40:40.459 I  PeachCommander[3066:32ed] [com.apple.AppKit:Image] ISImage reported a placeholder, image rep is providing a placeholder image for <private>
2026-09-14 11:40:40.459 I  PeachCommander[3066:32ed] [com.apple.AppKit:Image] ISImage reported a placeholder, image rep is providing a placeholder image for <private>
2026-09-14 11:40:40.460 I  PeachCommander[3066:32ed] [com.apple.AppKit:Image] ISImage reported a placeholder, image rep is providing a placeholder image for <private>
2026-09-14 11:40:40.460 I  PeachCommander[3066:32ed] [com.apple.AppKit:Image] ISImage reported a placeholder, image rep is providing a placeholder image for <private>
2026-09-14 11:40:40.461 I  PeachCommander[3066:32ed] [com.apple.AppKit:Image] ISImage reported a placeholder, image rep is providing a placeholder image for <private>
2026-09-14 11:40:40.461 I  PeachCommander[3066:32ed] [com.apple.AppKit:Image] ISImage reported a placeholder, image rep is providing a placeholder image for <private>
2026-09-14 11:40:40.462 I  PeachCommander[3066:32ed] [com.apple.AppKit:Image] ISImage reported a placeholder, image rep is providing a placeholder image for <private>
2026-09-14 11:40:40.462 I  PeachCommander[3066:32ed] [com.apple.AppKit:Image] ISImage reported a placeholder, image rep is providing a placeholder image for <private>
2026-09-14 11:40:40.463 I  PeachCommander[3066:32ed] [com.apple.AppKit:Image] ISImage reported a placeholder, image rep is providing a placeholder image for <private>
2026-09-14 11:40:40.463 I  PeachCommander[3066:32ed] [com.apple.AppKit:Image] ISImage reported a placeholder, image rep is providing a placeholder image for <private>
2026-09-14 11:40:40.464 I  PeachCommander[3066:32ed] [com.apple.AppKit:Image] ISImage reported a placeholder, image rep is providing a placeholder image for <private>
2026-09-14 11:40:40.464 I  PeachCommander[3066:32ed] [com.apple.AppKit:Image] ISImage reported a placeholder, image rep is providing a placeholder image for <private>
2026-09-14 11:40:40.465 I  PeachCommander[3066:32ed] [com.apple.AppKit:Image] ISImage reported a placeholder, image rep is providing a placeholder image for <private>
2026-09-14 11:40:40.465 I  PeachCommander[3066:32ed] [com.apple.AppKit:Image] ISImage reported a placeholder, image rep is providing a placeholder image for <private>
2026-09-14 11:40:40.466 I  PeachCommander[3066:32ed] [com.apple.AppKit:Image] ISImage reported a placeholder, image rep is providing a placeholder image for <private>
2026-09-14 11:40:40.466 I  PeachCommander[3066:32ed] [com.apple.AppKit:Image] ISImage reported a placeholder, image rep is providing a placeholder image for <private>
2026-09-14 11:40:40.468 I  PeachCommander[3066:32ed] [com.apple.AppKit:Image] ISImage reported a placeholder, image rep is providing a placeholder image for <private>
2026-09-14 11:40:40.468 I  PeachCommander[3066:32ed] [com.apple.AppKit:Image] ISImage reported a placeholder, image rep is providing a placeholder image for <private>
2026-09-14 11:40:40.470 I  PeachCommander[3066:32ed] [com.apple.AppKit:Image] ISImage reported a placeholder, image rep is providing a placeholder image for <private>
2026-09-14 11:40:40.470 I  PeachCommander[3066:32ed] [com.apple.AppKit:Image] ISImage reported a placeholder, image rep is providing a placeholder image for <private>
2026-09-14 11:40:40.471 I  PeachCommander[3066:32ed] [com.apple.AppKit:Image] ISImage reported a placeholder, image rep is providing a placeholder image for <private>
2026-09-14 11:40:40.471 I  PeachCommander[3066:32ed] [com.apple.AppKit:Image] ISImage reported a placeholder, image rep is providing a placeholder image for <private>
2026-09-14 11:40:40.472 I  PeachCommander[3066:32ed] [com.apple.AppKit:Image] ISImage reported a placeholder, image rep is providing a placeholder image for <private>
2026-09-14 11:40:40.472 I  PeachCommander[3066:32ed] [com.apple.AppKit:Image] ISImage reported a placeholder, image rep is providing a placeholder image for <private>
2026-09-14 11:40:40.473 I  PeachCommander[3066:32ed] [com.apple.AppKit:Image] ISImage reported a placeholder, image rep is providing a placeholder image for <private>
2026-09-14 11:40:40.473 I  PeachCommander[3066:32ed] [com.apple.AppKit:Image] ISImage reported a placeholder, image rep is providing a placeholder image for <private>
2026-09-14 11:40:40.575 I  PeachCommander[3066:32ed] [com.apple.coreanimation:Utilities] IOSurface Compression Enabled: NO
2026-09-14 11:40:40.576 Df PeachCommander[3066:32fa] [com.apple.coreanimation:Metal] Precompiled pipelines disabled on unsupported hardware.
2026-09-14 11:40:40.586 I  PeachCommander[3066:32ed] [com.apple.CarbonCore:gestalt] SetGestaltValuesBulk SetGestaltValuesBulk( count=22 tuples=0x18da12650
2026-09-14 11:40:40.586 I  PeachCommander[3066:32ed] [com.apple.CarbonCore:gestalt] SetGestaltValue SetGestaltValue(alis 1C9) => 0
2026-09-14 11:40:40.586 I  PeachCommander[3066:32ed] [com.apple.CarbonCore:gestalt] SetGestaltValue SetGestaltValue(os   FE) => 0
2026-09-14 11:40:40.586 I  PeachCommander[3066:32ed] [com.apple.CarbonCore:gestalt] SetGestaltValue SetGestaltValue(addr 7) => 0
2026-09-14 11:40:40.586 I  PeachCommander[3066:32ed] [com.apple.CarbonCore:gestalt] SetGestaltValue SetGestaltValue(fs   3D332) => 0
2026-09-14 11:40:40.586 I  PeachCommander[3066:32ed] [com.apple.CarbonCore:gestalt] SetGestaltValue SetGestaltValue(fold 11) => 0
2026-09-14 11:40:40.586 I  PeachCommander[3066:32ed] [com.apple.CarbonCore:gestalt] SetGestaltValue SetGestaltValue(lram 7FFFF000) => 0
2026-09-14 11:40:40.586 I  PeachCommander[3066:32ed] [com.apple.CarbonCore:gestalt] SetGestaltValue SetGestaltValue(mmap 1) => 0
2026-09-14 11:40:40.586 I  PeachCommander[3066:32ed] [com.apple.CarbonCore:gestalt] SetGestaltValue SetGestaltValue(cfrg 1) => 0
2026-09-14 11:40:40.586 I  PeachCommander[3066:32ed] [com.apple.CarbonCore:gestalt] SetGestaltValue SetGestaltValue(thds 7) => 0
2026-09-14 11:40:40.586 I  PeachCommander[3066:32ed] [com.apple.CarbonCore:gestalt] SetGestaltValue SetGestaltValue(tmgr E) => 0
2026-09-14 11:40:40.586 I  PeachCommander[3066:32ed] [com.apple.CarbonCore:gestalt] SetGestaltValue SetGestaltValue(vers 7) => 0
2026-09-14 11:40:40.586 I  PeachCommander[3066:32ed] [com.apple.CarbonCore:gestalt] SetGestaltValue SetGestaltValue(cbon 160) => 0
2026-09-14 11:40:40.586 I  PeachCommander[3066:32ed] [com.apple.CarbonCore:gestalt] SetGestaltValue SetGestaltValue(cltn 1108000) => 0
2026-09-14 11:40:40.586 I  PeachCommander[3066:32ed] [com.apple.CarbonCore:gestalt] SetGestaltValue SetGestaltValue(cpnt 8) => 0
2026-09-14 11:40:40.586 I  PeachCommander[3066:32ed] [com.apple.CarbonCore:gestalt] SetGestaltValue SetGestaltValue(rsrc 3) => 0
2026-09-14 11:40:40.586 I  PeachCommander[3066:32ed] [com.apple.CarbonCore:gestalt] SetGestaltValue SetGestaltValue(rmbg 11F) => 0
2026-09-14 11:40:40.586 I  PeachCommander[3066:32ed] [com.apple.CarbonCore:gestalt] SetGestaltValue SetGestaltValue(vm   11) => 0
2026-09-14 11:40:40.586 I  PeachCommander[3066:32ed] [com.apple.CarbonCore:gestalt] SetGestaltValue SetGestaltValue(srad 4170706C) => 0
2026-09-14 11:40:40.586 I  PeachCommander[3066:32ed] [com.apple.CarbonCore:gestalt] SetGestaltValue SetGestaltValue(sysa 14) => 0
2026-09-14 11:40:40.586 I  PeachCommander[3066:32ed] [com.apple.CarbonCore:gestalt] SetGestaltValue SetGestaltValue(copl 9) => 0
2026-09-14 11:40:40.586 I  PeachCommander[3066:32ed] [com.apple.CarbonCore:gestalt] SetGestaltValue SetGestaltValue(xlat 0) => 0
2026-09-14 11:40:40.586 I  PeachCommander[3066:32ed] [com.apple.CarbonCore:gestalt] SetGestaltValue SetGestaltValue(stdf 0) => 0
2026-09-14 11:40:40.586 I  PeachCommander[3066:32ed] [com.apple.CarbonCore:gestalt] _NewGestalt _NewGestalt(ram  0x18d98b644) => 0
2026-09-14 11:40:40.586 I  PeachCommander[3066:32ed] [com.apple.CarbonCore:gestalt] _NewGestalt _NewGestalt(ramm 0x18d98b644) => 0
2026-09-14 11:40:40.586 I  PeachCommander[3066:32ed] [com.apple.CarbonCore:gestalt] _NewGestalt _NewGestalt(cput 0x18d98b734) => 0
2026-09-14 11:40:40.586 I  PeachCommander[3066:32ed] [com.apple.CarbonCore:gestalt] _NewGestalt _NewGestalt(cpuf 0x18d98b764) => 0
2026-09-14 11:40:40.586 I  PeachCommander[3066:32ed] [com.apple.CarbonCore:gestalt] _NewGestalt _NewGestalt(bclk 0x18d98b794) => 0
2026-09-14 11:40:40.586 I  PeachCommander[3066:32ed] [com.apple.CarbonCore:gestalt] _NewGestalt _NewGestalt(bclm 0x18d98b794) => 0
2026-09-14 11:40:40.586 I  PeachCommander[3066:32ed] [com.apple.CarbonCore:gestalt] _NewGestalt _NewGestalt(pclk 0x18d98b834) => 0
2026-09-14 11:40:40.586 I  PeachCommander[3066:32ed] [com.apple.CarbonCore:gestalt] _NewGestalt _NewGestalt(mclk 0x18d98b834) => 0
2026-09-14 11:40:40.586 I  PeachCommander[3066:32ed] [com.apple.CarbonCore:gestalt] _NewGestalt _NewGestalt(a/ux 0x18d98b94c) => 0
2026-09-14 11:40:40.586 I  PeachCommander[3066:32ed] [com.apple.CarbonCore:gestalt] _NewGestalt _NewGestalt(pgsz 0x18d98b954) => 0
2026-09-14 11:40:40.586 I  PeachCommander[3066:32ed] [com.apple.CarbonCore:gestalt] _NewGestalt _NewGestalt(csiz 0x18d98b994) => 0
2026-09-14 11:40:40.586 I  PeachCommander[3066:32ed] [com.apple.CarbonCore:gestalt] _NewGestalt _NewGestalt(sysv 0x18d936dfc) => 0
2026-09-14 11:40:40.586 I  PeachCommander[3066:32ed] [com.apple.CarbonCore:gestalt] _NewGestalt _NewGestalt(sys1 0x18d936dfc) => 0
2026-09-14 11:40:40.586 I  PeachCommander[3066:32ed] [com.apple.CarbonCore:gestalt] _NewGestalt _NewGestalt(sys2 0x18d936dfc) => 0
2026-09-14 11:40:40.586 I  PeachCommander[3066:32ed] [com.apple.CarbonCore:gestalt] _NewGestalt _NewGestalt(sys3 0x18d936dfc) => 0
2026-09-14 11:40:40.586 I  PeachCommander[3066:32ed] [com.apple.CarbonCore:gestalt] _NewGestalt _NewGestalt(cdfl 0x18d98b9d4) => 0
2026-09-14 11:40:40.586 I  PeachCommander[3066:32ed] [com.apple.CarbonCore:gestalt] _NewGestalt _NewGestalt(cdrm 0x18d98bc30) => 0
2026-09-14 11:40:40.586 I  PeachCommander[3066:32ed] [com.apple.CarbonCore:gestalt] _NewGestalt _NewGestalt(cpus 0x18d98bc78) => 0
2026-09-14 11:40:40.586 I  PeachCommander[3066:32ed] [com.apple.CarbonCore:gestalt] SetGestaltValue SetGestaltValue(swex 1) => 0
2026-09-14 11:40:40.586 Df PeachCommander[3066:32ed] [com.apple.xpc:connection] [0xa1e9bb840] activating connection: mach=false listener=false peer=false name=com.apple.hiservices-xpcservice
2026-09-14 11:40:40.587 I  PeachCommander[3066:32ed] [com.apple.CFPasteboard:entry] CopyData('ApplePerContextInputPasteboard' (<CFUUID 0xa2107a260> 2EFA3CB3-DE14-4B9B-8BDB-9ECC8B8EDBC1) gen: -1 item: 1264739405 flavor: 'ApplePerContextInputFlavor')
2026-09-14 11:40:40.587 I  PeachCommander[3066:32ed] [com.apple.CFPasteboard:cache] Rebuilding cache for 'ApplePerContextInputPasteboard' (<CFUUID 0xa2107a260> 2EFA3CB3-DE14-4B9B-8BDB-9ECC8B8EDBC1)
2026-09-14 11:40:40.587 I  PeachCommander[3066:32ed] [com.apple.CFPasteboard:general] Will request data from daemon
2026-09-14 11:40:40.587 I  PeachCommander[3066:32ed] [com.apple.CFPasteboard:exit] (not-in-cache) - result: 0 generation: 1 data (182 bytes) flags: 0
2026-09-14 11:40:40.587 I  PeachCommander[3066:32ed] [com.apple.CFPasteboard:entry] CopyData('DefaultAsciiKeyboardLayoutPasteboard' (<CFUUID 0xa1f0b1420> 4CE40DB3-9D77-4E96-8033-9CB06629AB11) gen: -1 item: 1264739405 flavor: 'DefaultAsciiKeyboardLayoutFlavor')
2026-09-14 11:40:40.587 I  PeachCommander[3066:32ed] [com.apple.CFPasteboard:exit] (not-in-cache) - result: -8 generation: 0 null data flags: 0
2026-09-14 11:40:40.588 A  PeachCommander[3066:3301] (libsystem_info.dylib) Retrieve Group by ID
2026-09-14 11:40:40.588 I  PeachCommander[3066:32ed] [com.peachcommander:PCFoundation] Session restored
2026-09-14 11:40:40.588 Df PeachCommander[3066:32ed] (Foundation) <private>
2026-09-14 11:40:40.588 I  PeachCommander[3066:32ed] [com.peachcommander:PCFoundation] [automation] running /Users/admin/auto.txt
2026-09-14 11:40:40.588 Df PeachCommander[3066:32ed] (Foundation) <private>
2026-09-14 11:40:40.588 I  PeachCommander[3066:32ed] [com.peachcommander:PCFoundation] [automation] > active left
2026-09-14 11:40:40.589 Df PeachCommander[3066:32ed] (Foundation) <private>
2026-09-14 11:40:40.589 I  PeachCommander[3066:32ed] [com.peachcommander:PCFoundation] [automation] > left /Users/admin/twoway-a
2026-09-14 11:40:40.599 I  PeachCommander[3066:32ed] [com.apple.AppKit:Image] ISImage reported a placeholder, image rep is providing a placeholder image for <private>
2026-09-14 11:40:40.599 I  PeachCommander[3066:32ed] [com.apple.AppKit:Image] ISImage reported a placeholder, image rep is providing a placeholder image for <private>
2026-09-14 11:40:40.600 I  PeachCommander[3066:32ed] [com.apple.AppKit:Image] ISImage reported a placeholder, image rep is providing a placeholder image for <private>
2026-09-14 11:40:40.601 I  PeachCommander[3066:32ed] [com.apple.AppKit:Image] ISImage reported a placeholder, image rep is providing a placeholder image for <private>
2026-09-14 11:40:40.602 I  PeachCommander[3066:32ed] [com.apple.AppKit:Image] ISImage reported a placeholder, image rep is providing a placeholder image for <private>
2026-09-14 11:40:40.603 I  PeachCommander[3066:32ed] [com.apple.AppKit:Image] ISImage reported a placeholder, image rep is providing a placeholder image for <private>
2026-09-14 11:40:40.603 I  PeachCommander[3066:32ed] [com.apple.AppKit:Image] ISImage reported a placeholder, image rep is providing a placeholder image for <private>
2026-09-14 11:40:40.604 I  PeachCommander[3066:32ed] [com.apple.AppKit:Image] ISImage reported a placeholder, image rep is providing a placeholder image for <private>
2026-09-14 11:40:40.605 I  PeachCommander[3066:32ed] [com.apple.AppKit:Image] ISImage reported a placeholder, image rep is providing a placeholder image for <private>
2026-09-14 11:40:40.605 I  PeachCommander[3066:32ed] [com.apple.AppKit:Image] ISImage reported a placeholder, image rep is providing a placeholder image for <private>
2026-09-14 11:40:40.606 I  PeachCommander[3066:32ed] [com.apple.AppKit:Image] ISImage reported a placeholder, image rep is providing a placeholder image for <private>
2026-09-14 11:40:40.606 I  PeachCommander[3066:32ed] [com.apple.AppKit:Image] ISImage reported a placeholder, image rep is providing a placeholder image for <private>
2026-09-14 11:40:40.607 I  PeachCommander[3066:32ed] [com.apple.AppKit:Image] ISImage reported a placeholder, image rep is providing a placeholder image for <private>
2026-09-14 11:40:40.608 I  PeachCommander[3066:32ed] [com.apple.AppKit:Image] ISImage reported a placeholder, image rep is providing a placeholder image for <private>
2026-09-14 11:40:40.608 I  PeachCommander[3066:32ed] [com.apple.AppKit:Image] ISImage reported a placeholder, image rep is providing a placeholder image for <private>
2026-09-14 11:40:40.609 I  PeachCommander[3066:32ed] [com.apple.AppKit:Image] ISImage reported a placeholder, image rep is providing a placeholder image for <private>
2026-09-14 11:40:40.610 I  PeachCommander[3066:32ed] [com.apple.AppKit:Image] ISImage reported a placeholder, image rep is providing a placeholder image for <private>
2026-09-14 11:40:40.610 I  PeachCommander[3066:32ed] [com.apple.AppKit:Image] ISImage reported a placeholder, image rep is providing a placeholder image for <private>
2026-09-14 11:40:40.611 I  PeachCommander[3066:32ed] [com.apple.AppKit:Image] ISImage reported a placeholder, image rep is providing a placeholder image for <private>
2026-09-14 11:40:40.612 I  PeachCommander[3066:32ed] [com.apple.AppKit:Image] ISImage reported a placeholder, image rep is providing a placeholder image for <private>
2026-09-14 11:40:40.612 I  PeachCommander[3066:32ed] [com.apple.AppKit:Image] ISImage reported a placeholder, image rep is providing a placeholder image for <private>
2026-09-14 11:40:40.613 I  PeachCommander[3066:32ed] [com.apple.AppKit:Image] ISImage reported a placeholder, image rep is providing a placeholder image for <private>
2026-09-14 11:40:40.614 I  PeachCommander[3066:32ed] [com.apple.AppKit:Image] ISImage reported a placeholder, image rep is providing a placeholder image for <private>
2026-09-14 11:40:40.615 I  PeachCommander[3066:32ed] [com.apple.AppKit:Image] ISImage reported a placeholder, image rep is providing a placeholder image for <private>
2026-09-14 11:40:40.615 I  PeachCommander[3066:32ed] [com.apple.AppKit:Image] ISImage reported a placeholder, image rep is providing a placeholder image for <private>
2026-09-14 11:40:40.616 I  PeachCommander[3066:32ed] [com.apple.AppKit:Image] ISImage reported a placeholder, image rep is providing a placeholder image for <private>
2026-09-14 11:40:40.617 I  PeachCommander[3066:32ed] [com.apple.AppKit:Image] ISImage reported a placeholder, image rep is providing a placeholder image for <private>
2026-09-14 11:40:40.619 I  PeachCommander[3066:32ed] [com.apple.AppKit:Image] ISImage reported a placeholder, image rep is providing a placeholder image for <private>
2026-09-14 11:40:40.619 I  PeachCommander[3066:32ed] [com.apple.AppKit:Image] ISImage reported a placeholder, image rep is providing a placeholder image for <private>
2026-09-14 11:40:40.620 I  PeachCommander[3066:32ed] [com.apple.AppKit:Image] ISImage reported a placeholder, image rep is providing a placeholder image for <private>
2026-09-14 11:40:40.620 I  PeachCommander[3066:32ed] [com.apple.AppKit:Image] ISImage reported a placeholder, image rep is providing a placeholder image for <private>
2026-09-14 11:40:40.621 I  PeachCommander[3066:32ed] [com.apple.AppKit:Image] ISImage reported a placeholder, image rep is providing a placeholder image for <private>
2026-09-14 11:40:40.621 I  PeachCommander[3066:32ed] [com.apple.AppKit:Image] ISImage reported a placeholder, image rep is providing a placeholder image for <private>
2026-09-14 11:40:40.622 I  PeachCommander[3066:32ed] [com.apple.AppKit:Image] ISImage reported a placeholder, image rep is providing a placeholder image for <private>
2026-09-14 11:40:40.622 I  PeachCommander[3066:32ed] [com.apple.AppKit:Image] ISImage reported a placeholder, image rep is providing a placeholder image for <private>
2026-09-14 11:40:40.623 I  PeachCommander[3066:32ed] [com.apple.AppKit:Image] ISImage reported a placeholder, image rep is providing a placeholder image for <private>
2026-09-14 11:40:40.623 I  PeachCommander[3066:32ed] [com.apple.AppKit:Image] ISImage reported a placeholder, image rep is providing a placeholder image for <private>
2026-09-14 11:40:40.624 I  PeachCommander[3066:32ed] [com.apple.AppKit:Image] ISImage reported a placeholder, image rep is providing a placeholder image for <private>
2026-09-14 11:40:40.624 I  PeachCommander[3066:32ed] [com.apple.AppKit:Image] ISImage reported a placeholder, image rep is providing a placeholder image for <private>
2026-09-14 11:40:40.625 I  PeachCommander[3066:32ed] [com.apple.AppKit:Image] ISImage reported a placeholder, image rep is providing a placeholder image for <private>
2026-09-14 11:40:40.625 I  PeachCommander[3066:32ed] [com.apple.AppKit:Image] ISImage reported a placeholder, image rep is providing a placeholder image for <private>
2026-09-14 11:40:40.626 I  PeachCommander[3066:32ed] [com.apple.AppKit:Image] ISImage reported a placeholder, image rep is providing a placeholder image for <private>
2026-09-14 11:40:40.626 I  PeachCommander[3066:32ed] [com.apple.AppKit:Image] ISImage reported a placeholder, image rep is providing a placeholder image for <private>
2026-09-14 11:40:40.627 I  PeachCommander[3066:32ed] [com.apple.AppKit:Image] ISImage reported a placeholder, image rep is providing a placeholder image for <private>
2026-09-14 11:40:40.627 I  PeachCommander[3066:32ed] [com.apple.AppKit:Image] ISImage reported a placeholder, image rep is providing a placeholder image for <private>
2026-09-14 11:40:40.628 I  PeachCommander[3066:32ed] [com.apple.AppKit:Image] ISImage reported a placeholder, image rep is providing a placeholder image for <private>
2026-09-14 11:40:40.628 I  PeachCommander[3066:32ed] [com.apple.AppKit:Image] ISImage reported a placeholder, image rep is providing a placeholder image for <private>
2026-09-14 11:40:40.629 I  PeachCommander[3066:32ed] [com.apple.AppKit:Image] ISImage reported a placeholder, image rep is providing a placeholder image for <private>
2026-09-14 11:40:40.629 I  PeachCommander[3066:32ed] [com.apple.AppKit:Image] ISImage reported a placeholder, image rep is providing a placeholder image for <private>
2026-09-14 11:40:40.630 I  PeachCommander[3066:32ed] [com.apple.AppKit:Image] ISImage reported a placeholder, image rep is providing a placeholder image for <private>
2026-09-14 11:40:40.630 I  PeachCommander[3066:32ed] [com.apple.AppKit:Image] ISImage reported a placeholder, image rep is providing a placeholder image for <private>
2026-09-14 11:40:40.631 I  PeachCommander[3066:32ed] [com.apple.AppKit:Image] ISImage reported a placeholder, image rep is providing a placeholder image for <private>
2026-09-14 11:40:40.631 I  PeachCommander[3066:32ed] [com.apple.AppKit:Image] ISImage reported a placeholder, image rep is providing a placeholder image for <private>
2026-09-14 11:40:40.632 I  PeachCommander[3066:32ed] [com.apple.AppKit:Image] ISImage reported a placeholder, image rep is providing a placeholder image for <private>
2026-09-14 11:40:40.632 I  PeachCommander[3066:32ed] [com.apple.AppKit:Image] ISImage reported a placeholder, image rep is providing a placeholder image for <private>
2026-09-14 11:40:40.633 I  PeachCommander[3066:32ed] [com.apple.AppKit:Image] ISImage reported a placeholder, image rep is providing a placeholder image for <private>
2026-09-14 11:40:40.633 I  PeachCommander[3066:32ed] [com.apple.AppKit:Image] ISImage reported a placeholder, image rep is providing a placeholder image for <private>
2026-09-14 11:40:40.634 I  PeachCommander[3066:32ed] [com.apple.AppKit:Image] ISImage reported a placeholder, image rep is providing a placeholder image for <private>
2026-09-14 11:40:40.634 I  PeachCommander[3066:32ed] [com.apple.AppKit:Image] ISImage reported a placeholder, image rep is providing a placeholder image for <private>
2026-09-14 11:40:40.635 I  PeachCommander[3066:32ed] [com.apple.AppKit:Image] ISImage reported a placeholder, image rep is providing a placeholder image for <private>
2026-09-14 11:40:40.635 I  PeachCommander[3066:32ed] [com.apple.AppKit:Image] ISImage reported a placeholder, image rep is providing a placeholder image for <private>
2026-09-14 11:40:40.636 I  PeachCommander[3066:32ed] [com.apple.AppKit:Image] ISImage reported a placeholder, image rep is providing a placeholder image for <private>
2026-09-14 11:40:40.636 I  PeachCommander[3066:32ed] [com.apple.AppKit:Image] ISImage reported a placeholder, image rep is providing a placeholder image for <private>
2026-09-14 11:40:40.637 I  PeachCommander[3066:32ed] [com.apple.AppKit:Image] ISImage reported a placeholder, image rep is providing a placeholder image for <private>
2026-09-14 11:40:40.638 I  PeachCommander[3066:32ed] [com.apple.AppKit:Image] ISImage reported a placeholder, image rep is providing a placeholder image for <private>
2026-09-14 11:40:40.639 I  PeachCommander[3066:32ed] [com.apple.AppKit:Image] ISImage reported a placeholder, image rep is providing a placeholder image for <private>
2026-09-14 11:40:40.639 I  PeachCommander[3066:32ed] [com.apple.AppKit:Image] ISImage reported a placeholder, image rep is providing a placeholder image for <private>
2026-09-14 11:40:40.640 I  PeachCommander[3066:32ed] [com.apple.AppKit:Image] ISImage reported a placeholder, image rep is providing a placeholder image for <private>
2026-09-14 11:40:40.640 I  PeachCommander[3066:32ed] [com.apple.AppKit:Image] ISImage reported a placeholder, image rep is providing a placeholder image for <private>
2026-09-14 11:40:40.641 I  PeachCommander[3066:32ed] [com.apple.AppKit:Image] ISImage reported a placeholder, image rep is providing a placeholder image for <private>
2026-09-14 11:40:40.641 I  PeachCommander[3066:32ed] [com.apple.AppKit:Image] ISImage reported a placeholder, image rep is providing a placeholder image for <private>
2026-09-14 11:40:40.642 I  PeachCommander[3066:32ed] [com.apple.AppKit:Image] ISImage reported a placeholder, image rep is providing a placeholder image for <private>
2026-09-14 11:40:40.642 I  PeachCommander[3066:32ed] [com.apple.AppKit:Image] ISImage reported a placeholder, image rep is providing a placeholder image for <private>
2026-09-14 11:40:40.643 I  PeachCommander[3066:32ed] [com.apple.AppKit:Image] ISImage reported a placeholder, image rep is providing a placeholder image for <private>
2026-09-14 11:40:40.643 I  PeachCommander[3066:32ed] [com.apple.AppKit:Image] ISImage reported a placeholder, image rep is providing a placeholder image for <private>
2026-09-14 11:40:40.644 I  PeachCommander[3066:32ed] [com.apple.AppKit:Image] ISImage reported a placeholder, image rep is providing a placeholder image for <private>
2026-09-14 11:40:40.644 I  PeachCommander[3066:32ed] [com.apple.AppKit:Image] ISImage reported a placeholder, image rep is providing a placeholder image for <private>
2026-09-14 11:40:40.645 I  PeachCommander[3066:32ed] [com.apple.AppKit:Image] ISImage reported a placeholder, image rep is providing a placeholder image for <private>
2026-09-14 11:40:40.645 I  PeachCommander[3066:32ed] [com.apple.AppKit:Image] ISImage reported a placeholder, image rep is providing a placeholder image for <private>
2026-09-14 11:40:40.646 I  PeachCommander[3066:32ed] [com.apple.AppKit:Image] ISImage reported a placeholder, image rep is providing a placeholder image for <private>
2026-09-14 11:40:40.646 I  PeachCommander[3066:32ed] [com.apple.AppKit:Image] ISImage reported a placeholder, image rep is providing a placeholder image for <private>
2026-09-14 11:40:40.703 I  PeachCommander[3066:338e] [com.apple.AppKit:WindowTab] Indexing 1 items
2026-09-14 11:40:40.703 A  PeachCommander[3066:338e] (CoreSpotlight) end-index-batch
2026-09-14 11:40:40.703 Df PeachCommander[3066:338e] [com.apple.corespotlight:index] *warn* MailCS ======%%% _setMailMessageAttributes skip:1
2026-09-14 11:40:40.704 A  PeachCommander[3066:338e] (CoreSpotlight) index-items
2026-09-14 11:40:40.704 Df PeachCommander[3066:338e] [com.apple.corespotlight:index] CSInlineDonation:<private>: Skipping donation (feature flag disabled)
2026-09-14 11:40:40.704 Df PeachCommander[3066:338e] [com.apple.corespotlight:index] CSInlineDonation:<private>: Skipping donation (feature flag disabled)
2026-09-14 11:40:40.745 I  PeachCommander[3066:32ed] [com.apple.HIToolbox:MBDisplays] <private>
2026-09-14 11:40:40.745 I  PeachCommander[3066:32ed] [com.apple.HIToolbox:MBDisplays] <private>
2026-09-14 11:40:41.037 Df PeachCommander[3066:32ed] (Foundation) <private>
2026-09-14 11:40:41.037 I  PeachCommander[3066:32ed] [com.peachcommander:PCFoundation] [automation] > wait 1200
2026-09-14 11:40:41.038 I  PeachCommander[3066:32ed] [com.apple.AppKit:Image] ISImage reported a placeholder, image rep is providing a placeholder image for <private>
2026-09-14 11:40:41.039 I  PeachCommander[3066:32ed] [com.apple.AppKit:Image] ISImage reported a placeholder, image rep is providing a placeholder image for <private>
2026-09-14 11:40:41.040 I  PeachCommander[3066:32ed] [com.apple.AppKit:Image] ISImage reported a placeholder, image rep is providing a placeholder image for <private>
2026-09-14 11:40:41.040 I  PeachCommander[3066:32ed] [com.apple.AppKit:Image] ISImage reported a placeholder, image rep is providing a placeholder image for <private>
2026-09-14 11:40:41.041 I  PeachCommander[3066:32ed] [com.apple.AppKit:Image] ISImage reported a placeholder, image rep is providing a placeholder image for <private>
2026-09-14 11:40:41.042 I  PeachCommander[3066:32ed] [com.apple.AppKit:Image] ISImage reported a placeholder, image rep is providing a placeholder image for <private>
2026-09-14 11:40:41.042 I  PeachCommander[3066:32ed] [com.apple.AppKit:Image] ISImage reported a placeholder, image rep is providing a placeholder image for <private>
2026-09-14 11:40:41.043 I  PeachCommander[3066:32ed] [com.apple.AppKit:Image] ISImage reported a placeholder, image rep is providing a placeholder image for <private>
2026-09-14 11:40:41.044 I  PeachCommander[3066:32ed] [com.apple.AppKit:Image] ISImage reported a placeholder, image rep is providing a placeholder image for <private>
2026-09-14 11:40:41.045 I  PeachCommander[3066:32ed] [com.apple.AppKit:Image] ISImage reported a placeholder, image rep is providing a placeholder image for <private>
2026-09-14 11:40:41.046 I  PeachCommander[3066:32ed] [com.apple.AppKit:Image] ISImage reported a placeholder, image rep is providing a placeholder image for <private>
2026-09-14 11:40:41.048 I  PeachCommander[3066:32ed] [com.apple.AppKit:Image] ISImage reported a placeholder, image rep is providing a placeholder image for <private>
2026-09-14 11:40:41.048 I  PeachCommander[3066:32ed] [com.apple.AppKit:Image] ISImage reported a placeholder, image rep is providing a placeholder image for <private>
2026-09-14 11:40:41.050 I  PeachCommander[3066:32ed] [com.apple.AppKit:Image] ISImage reported a placeholder, image rep is providing a placeholder image for <private>
2026-09-14 11:40:41.051 I  PeachCommander[3066:32ed] [com.apple.AppKit:Image] ISImage reported a placeholder, image rep is providing a placeholder image for <private>
2026-09-14 11:40:41.051 I  PeachCommander[3066:32ed] [com.apple.AppKit:Image] ISImage reported a placeholder, image rep is providing a placeholder image for <private>
2026-09-14 11:40:41.052 I  PeachCommander[3066:32ed] [com.apple.AppKit:Image] ISImage reported a placeholder, image rep is providing a placeholder image for <private>
2026-09-14 11:40:41.053 I  PeachCommander[3066:32ed] [com.apple.AppKit:Image] ISImage reported a placeholder, image rep is providing a placeholder image for <private>
2026-09-14 11:40:41.054 I  PeachCommander[3066:32ed] [com.apple.AppKit:Image] ISImage reported a placeholder, image rep is providing a placeholder image for <private>
2026-09-14 11:40:41.054 I  PeachCommander[3066:32ed] [com.apple.AppKit:Image] ISImage reported a placeholder, image rep is providing a placeholder image for <private>
2026-09-14 11:40:41.055 I  PeachCommander[3066:32ed] [com.apple.AppKit:Image] ISImage reported a placeholder, image rep is providing a placeholder image for <private>
2026-09-14 11:40:41.055 I  PeachCommander[3066:32ed] [com.apple.AppKit:Image] ISImage reported a placeholder, image rep is providing a placeholder image for <private>
2026-09-14 11:40:41.056 I  PeachCommander[3066:32ed] [com.apple.AppKit:Image] ISImage reported a placeholder, image rep is providing a placeholder image for <private>
2026-09-14 11:40:41.057 I  PeachCommander[3066:32ed] [com.apple.AppKit:Image] ISImage reported a placeholder, image rep is providing a placeholder image for <private>
2026-09-14 11:40:41.057 I  PeachCommander[3066:32ed] [com.apple.AppKit:Image] ISImage reported a placeholder, image rep is providing a placeholder image for <private>
2026-09-14 11:40:41.058 I  PeachCommander[3066:32ed] [com.apple.AppKit:Image] ISImage reported a placeholder, image rep is providing a placeholder image for <private>
2026-09-14 11:40:41.058 I  PeachCommander[3066:32ed] [com.apple.AppKit:Image] ISImage reported a placeholder, image rep is providing a placeholder image for <private>
2026-09-14 11:40:41.059 I  PeachCommander[3066:32ed] [com.apple.AppKit:Image] ISImage reported a placeholder, image rep is providing a placeholder image for <private>
2026-09-14 11:40:41.059 I  PeachCommander[3066:32ed] [com.apple.AppKit:Image] ISImage reported a placeholder, image rep is providing a placeholder image for <private>
2026-09-14 11:40:41.061 I  PeachCommander[3066:32ed] [com.apple.AppKit:Image] ISImage reported a placeholder, image rep is providing a placeholder image for <private>
2026-09-14 11:40:41.061 I  PeachCommander[3066:32ed] [com.apple.AppKit:Image] ISImage reported a placeholder, image rep is providing a placeholder image for <private>
2026-09-14 11:40:41.061 I  PeachCommander[3066:32f9] [com.apple.iconservices:foundation] layer data size zero
2026-09-14 11:40:41.062 I  PeachCommander[3066:32ed] [com.apple.AppKit:Image] ISImage reported a placeholder, image rep is providing a placeholder image for <private>
2026-09-14 11:40:41.062 I  PeachCommander[3066:32ed] [com.apple.AppKit:Image] ISImage reported a placeholder, image rep is providing a placeholder image for <private>
2026-09-14 11:40:41.064 I  PeachCommander[3066:3301] [com.apple.iconservices:foundation] layer data size zero
2026-09-14 11:40:41.075 A  PeachCommander[3066:3301] (CoreFoundation) Loading Preferences From System CFPrefsD
2026-09-14 11:40:41.075 I  PeachCommander[3066:32ed] [com.apple.AppKit:Image] ISImage reported a placeholder, image rep is providing a placeholder image for <private>
2026-09-14 11:40:41.076 I  PeachCommander[3066:32ed] [com.apple.AppKit:Image] ISImage reported a placeholder, image rep is providing a placeholder image for <private>
2026-09-14 11:40:41.076 I  PeachCommander[3066:32ed] [com.apple.AppKit:Image] ISImage reported a placeholder, image rep is providing a placeholder image for <private>
2026-09-14 11:40:41.076 I  PeachCommander[3066:32ed] [com.apple.AppKit:Image] ISImage reported a placeholder, image rep is providing a placeholder image for <private>
2026-09-14 11:40:41.076 I  PeachCommander[3066:3301] [com.apple.iconservices:foundation] layer data size zero
2026-09-14 11:40:41.076 I  PeachCommander[3066:32ed] [com.apple.AppKit:Image] ISImage reported a placeholder, image rep is providing a placeholder image for <private>
2026-09-14 11:40:41.076 I  PeachCommander[3066:32ed] [com.apple.AppKit:Image] ISImage reported a placeholder, image rep is providing a placeholder image for <private>
2026-09-14 11:40:41.076 I  PeachCommander[3066:32ed] [com.apple.AppKit:Image] ISImage reported a placeholder, image rep is providing a placeholder image for <private>
2026-09-14 11:40:41.076 I  PeachCommander[3066:32ed] [com.apple.AppKit:Image] ISImage reported a placeholder, image rep is providing a placeholder image for <private>
2026-09-14 11:40:41.076 I  PeachCommander[3066:32ed] [com.apple.AppKit:Image] ISImage reported a placeholder, image rep is providing a placeholder image for <private>
2026-09-14 11:40:41.082 I  PeachCommander[3066:32ed] [com.apple.AppKit:Image] ISImage reported a placeholder, image rep is providing a placeholder image for <private>
2026-09-14 11:40:41.083 I  PeachCommander[3066:32ed] [com.apple.AppKit:Image] ISImage reported a placeholder, image rep is providing a placeholder image for <private>
2026-09-14 11:40:41.083 I  PeachCommander[3066:32ed] [com.apple.AppKit:Image] ISImage reported a placeholder, image rep is providing a placeholder image for <private>
2026-09-14 11:40:41.084 I  PeachCommander[3066:32ed] [com.apple.AppKit:Image] ISImage reported a placeholder, image rep is providing a placeholder image for <private>
2026-09-14 11:40:41.084 I  PeachCommander[3066:32ed] [com.apple.AppKit:Image] ISImage reported a placeholder, image rep is providing a placeholder image for <private>
2026-09-14 11:40:41.085 I  PeachCommander[3066:32ed] [com.apple.AppKit:Image] ISImage reported a placeholder, image rep is providing a placeholder image for <private>
2026-09-14 11:40:41.085 I  PeachCommander[3066:32ed] [com.apple.AppKit:Image] ISImage reported a placeholder, image rep is providing a placeholder image for <private>
2026-09-14 11:40:41.086 I  PeachCommander[3066:3301] [com.apple.iconservices:foundation] layer data size zero
2026-09-14 11:40:41.087 I  PeachCommander[3066:32ed] [com.apple.AppKit:Image] ISImage reported a placeholder, image rep is providing a placeholder image for <private>
2026-09-14 11:40:41.087 I  PeachCommander[3066:32ed] [com.apple.AppKit:Image] ISImage reported a placeholder, image rep is providing a placeholder image for <private>
2026-09-14 11:40:41.094 I  PeachCommander[3066:32ed] [com.apple.iconservices:foundation] layer data size zero
2026-09-14 11:40:41.095 A  PeachCommander[3066:32ed] (CoreFoundation) Loading Preferences From User CFPrefsD
2026-09-14 11:40:41.095 I  PeachCommander[3066:32ed] [com.apple.CoreAnalytics:client] Dropping "com.apple.ImageIO.readerSelection" as it isn't used in any transform (not in the config or budgeted?)
2026-09-14 11:40:41.239 I  PeachCommander[3066:338e] [com.apple.AppKit:WindowTab] Indexing 1 items
2026-09-14 11:40:41.239 A  PeachCommander[3066:338e] (CoreSpotlight) end-index-batch
2026-09-14 11:40:41.239 A  PeachCommander[3066:338e] (CoreSpotlight) index-items
2026-09-14 11:40:41.239 Df PeachCommander[3066:338e] [com.apple.corespotlight:index] CSInlineDonation:<private>: Skipping donation (feature flag disabled)
2026-09-14 11:40:41.240 Df PeachCommander[3066:338e] [com.apple.corespotlight:index] CSInlineDonation:<private>: Skipping donation (feature flag disabled)
2026-09-14 11:40:42.318 Df PeachCommander[3066:32ed] (Foundation) <private>
2026-09-14 11:40:42.318 I  PeachCommander[3066:32ed] [com.peachcommander:PCFoundation] [automation] > syncopen /Users/admin/twoway-a|/Users/admin/twoway-b
2026-09-14 11:40:42.353 I  PeachCommander[3066:32ed] [com.apple.AppKit:Window] context (0 -> 5ce56bd4) for window 73
2026-09-14 11:40:42.365 I  PeachCommander[3066:32ed] [com.apple.AppKit:Animation] Running new animation: <private>
2026-09-14 11:40:42.365 I  PeachCommander[3066:32ed] [com.apple.AppKit:Animation] Running new animation: <private>
2026-09-14 11:40:42.365 I  PeachCommander[3066:32ed] [com.apple.AppKit:Animation] Running new animation: <private>
2026-09-14 11:40:42.365 I  PeachCommander[3066:32ed] [com.apple.AppKit:Animation] Running new animation: <private>
2026-09-14 11:40:42.365 I  PeachCommander[3066:32ed] [com.apple.AppKit:Animation] Running new animation: <private>
2026-09-14 11:40:42.416 I  PeachCommander[3066:32ed] [com.apple.inputAnalytics.client:IATextInputActions] initWithAnalyticsMetadataObserver service
2026-09-14 11:40:42.417 I  PeachCommander[3066:32ed] [com.apple.AppKit:Window] context (0 -> 4c1ea4bd) for window 74
2026-09-14 11:40:42.417 Df PeachCommander[3066:32ed] [com.apple.inputmethodkitClient:Client] +[IMKClient subclass]: chose IMKClient_Modern
2026-09-14 11:40:42.417 Df PeachCommander[3066:32ed] [com.apple.TextInputUI:CursorUI] -[TUINSCursorUIController scheduleUpdateCursorLocation]
2026-09-14 11:40:42.417 Df PeachCommander[3066:32ed] [com.apple.xpc:connection] [0xa1cf935c0] activating connection: mach=true listener=false peer=false name=com.apple.pbs.fetch_services
2026-09-14 11:40:42.418 Df PeachCommander[3066:32ed] [com.apple.xpc:connection] [0xa1cf935c0] invalidated after the last release of the connection object
2026-09-14 11:40:42.418 A  PeachCommander[3066:32ed] (CoreFoundation) Loading Preferences From User CFPrefsD
2026-09-14 11:40:42.420 A  PeachCommander[3066:32ed] (CoreFoundation) Updating Key-Value Observers Of Preferences
2026-09-14 11:40:42.420 Df PeachCommander[3066:32ed] [com.apple.TextInputUI:CursorUI] -[TUINSCursorUIController scheduleUpdateCursorLocation]
2026-09-14 11:40:42.421 I  PeachCommander[3066:32fa] [com.apple.inputAnalytics.client:IATextInputActions] mergeOrConsumeAction calling sendSignal:toChannel:withNullableSessionID:withPayload:
2026-09-14 11:40:42.421 Df PeachCommander[3066:32fa] [com.apple.inputAnalytics.client:IASignalAnalytics] channel:<private> signal:<private> sessionID:<private> timestamp:<private> payload:<private>
2026-09-14 11:40:42.421 I  PeachCommander[3066:32fa] [com.apple.inputAnalytics.client:IAXPCClient] IASignalAnalytics: fetching xpcClient...
2026-09-14 11:40:42.421 I  PeachCommander[3066:32fa] [com.apple.inputAnalytics.client:IAXPCClient] Initialized 0xa1e488fc0
2026-09-14 11:40:42.421 I  PeachCommander[3066:32fa] [com.apple.inputAnalytics.client:IAXPCClient] 0xa1e488fc0 using shared remote object proxy
2026-09-14 11:40:42.421 I  PeachCommander[3066:32fa] [com.apple.inputAnalytics.client:IAXPCClient] 0xa1e488fc0 calling connection resume after shared instance
2026-09-14 11:40:42.421 Df PeachCommander[3066:32fa] [com.apple.xpc:connection] [0xa1cf93700] activating connection: mach=true listener=false peer=false name=com.apple.inputanalyticsd
2026-09-14 11:40:42.421 I  PeachCommander[3066:32fa] [com.apple.inputAnalytics.client:IAXPCClient] IAXPCclient 0xa1e488fc0 init created _connection 0xa1e764be0 _server 0x0 with IXAXPCProtocol
2026-09-14 11:40:42.421 I  PeachCommander[3066:32fa] [com.apple.inputAnalytics.client:IAXPCClient] IASignalAnalytics: ...returning xpcClient 0xa1e488fc0
2026-09-14 11:40:42.421 I  PeachCommander[3066:32fa] [com.apple.inputAnalytics.client:IAXPCClient] server: returning server 0xa20698aa0
2026-09-14 11:40:42.421 Df PeachCommander[3066:32ed] [com.apple.BoardServices:XPCErrors] [C:2] Alloc com.apple.backboard.hid-services.xpc
2026-09-14 11:40:42.421 Df PeachCommander[3066:32ed] [com.apple.xpc:connection] [0xa1cf93840] activating connection: mach=false listener=false peer=false name=(anonymous)
2026-09-14 11:40:42.421 I  PeachCommander[3066:32fa] [com.apple.inputAnalytics:IAServerStats] Logging <private>
2026-09-14 11:40:42.422 I  PeachCommander[3066:32fa] [com.apple.CoreAnalytics:client] Dropping "com.apple.inputAnalytics.serverStats" as it isn't used in any transform (not in the config or budgeted?)
2026-09-14 11:40:42.422 E  PeachCommander[3066:32fa] [com.apple.BaseBoard:Common] Unable to obtain a task name port right for pid 169: (os/kern) failure (0x5)
2026-09-14 11:40:42.422 Df PeachCommander[3066:32fa] [com.apple.xpc:connection] [0xa1cf93980] activating connection: mach=false listener=false peer=false name=com.apple.TextInputUI.xpc.CursorUIViewService
2026-09-14 11:40:42.422 Df PeachCommander[3066:338e] [com.apple.xpc:connection] [0xa1cf93980] invalidated after the last release of the connection object
2026-09-14 11:40:42.422 Df PeachCommander[3066:32ed] [com.apple.TextInputUI:CursorUI] -[TUINSCursorUIController scheduleUpdateCursorLocation]
2026-09-14 11:40:42.422 I  PeachCommander[3066:32ed] [com.apple.AppKit:Window] order window front conditionally: 73 related: 0
2026-09-14 11:40:42.423 I  PeachCommander[3066:32ed] [com.apple.AppKit:Window] order window front conditionally: 73 related: 0
2026-09-14 11:40:42.423 Df PeachCommander[3066:32ed] (Foundation) <private>
2026-09-14 11:40:42.423 I  PeachCommander[3066:32ed] [com.peachcommander:PCFoundation] [automation] > wait 1200
2026-09-14 11:40:42.428 I  PeachCommander[3066:32ed] [com.apple.CFPasteboard:entry] CopyData('DefaultAsciiKeyboardLayoutPasteboard' (<CFUUID 0xa1f0b1420> 4CE40DB3-9D77-4E96-8033-9CB06629AB11) gen: -1 item: 1264739405 flavor: 'DefaultAsciiKeyboardLayoutFlavor')
2026-09-14 11:40:42.428 I  PeachCommander[3066:32ed] [com.apple.CFPasteboard:exit] (not-in-cache) - result: -8 generation: 0 null data flags: 0
2026-09-14 11:40:42.429 Df PeachCommander[3066:32fa] [com.apple.xpc:connection] [0xa1cf91040] activating connection: mach=false listener=false peer=false name=com.apple.SafariPlatformSupport.Helper
2026-09-14 11:40:42.430 Df PeachCommander[3066:32ed] [com.apple.xpc:connection] [0xa1cf93ac0] activating connection: mach=false listener=false peer=false name=(anonymous)
2026-09-14 11:40:42.430 Df PeachCommander[3066:32ed] [com.apple.xpc:connection] [0xa1cf91180] activating connection: mach=false listener=false peer=false name=com.apple.ViewBridgeAuxiliary
2026-09-14 11:40:42.430 Df PeachCommander[3066:32ed] [com.apple.xpc:connection] [0xa1cf912c0] activating connection: mach=false listener=false peer=false name=(anonymous)
2026-09-14 11:40:42.430 Df PeachCommander[3066:32ed] [com.apple.xpc:connection] [0xa1cf91180] invalidated after the last release of the connection object
2026-09-14 11:40:42.439 Df PeachCommander[3066:32ed] [com.apple.TextInputUI:CursorUI] -[TUINSCursorUIController scheduleUpdateCursorLocation]
2026-09-14 11:40:42.460 Df PeachCommander[3066:32ed] [com.apple.TextInputUI:CursorUI] -[TUINSCursorUIController activate:]_block_invoke: Create CursorUIViewService: TUINSRemoteViewController
2026-09-14 11:40:42.460 I  PeachCommander[3066:32ed] [com.apple.AppKit:Window] window <TUINSWindow: 0xa2041ed00> windowNumber=74 finishing close
2026-09-14 11:40:42.460 I  PeachCommander[3066:32ed] [com.apple.AppKit:Window] order window: 74 op: 0 relative: 0 related: 0
2026-09-14 11:40:42.524 I  PeachCommander[3066:32ed] [com.apple.CoreAnalytics:client] Dropping "com.apple.appkit.app_config" as it isn't used in any transform (not in the config or budgeted?)
2026-09-14 11:40:42.524 Df PeachCommander[3066:338e] [com.apple.xpc:connection] [0xa1cf91180] activating connection: mach=false listener=false peer=false name=com.apple.SafariPlatformSupport.Helper
2026-09-14 11:40:42.573 I  PeachCommander[3066:32ed] [com.apple.launchservices:cas] Removing cached information for app [ 0x0-0x3c03c]  "PeachCommander", as its seed is different from that in shared memory ( 535 vs 537)
2026-09-14 11:40:42.588 Df PeachCommander[3066:3302] [com.apple.xpc:connection] [0xa1cf91040] invalidated after the last release of the connection object
2026-09-14 11:40:42.588 Df PeachCommander[3066:32f5] [com.apple.xpc:connection] [0xa1cf91180] invalidated after the last release of the connection object
2026-09-14 11:40:42.588 Df PeachCommander[3066:32ed] [com.apple.xpc:connection] [0xa1cf91400] activating connection: mach=false listener=false peer=false name=(anonymous)
2026-09-14 11:40:42.588 Df PeachCommander[3066:32ed] [com.apple.xpc:connection] [0xa1cf91180] activating connection: mach=false listener=false peer=false name=(anonymous)
2026-09-14 11:40:42.588 Df PeachCommander[3066:32ed] [com.apple.xpc:connection] [0xa1cf91540] activating connection: mach=false listener=false peer=false name=(anonymous)
2026-09-14 11:40:42.588 Df PeachCommander[3066:32ed] [com.apple.xpc:connection] [0xa1cf91040] activating connection: mach=false listener=false peer=false name=(anonymous)
2026-09-14 11:40:42.633 Df PeachCommander[3066:32ed] [com.apple.BoardServices:XPCErrors] [C:3] Alloc com.apple.backboard.hid-services.xpc
2026-09-14 11:40:42.633 Df PeachCommander[3066:32ed] [com.apple.xpc:connection] [0xa1cf91680] activating connection: mach=false listener=false peer=false name=(anonymous)
2026-09-14 11:40:42.634 Df PeachCommander[3066:32ed] [com.apple.xpc:connection] [0xa1cf91180] invalidated because the current process cancelled the connection by calling xpc_connection_cancel()
2026-09-14 11:40:42.634 Df PeachCommander[3066:32ed] [com.apple.xpc:connection] [0xa1cf91400] invalidated because the current process cancelled the connection by calling xpc_connection_cancel()
2026-09-14 11:40:42.634 Df PeachCommander[3066:3302] [com.apple.BackBoard:EventDelivery] BKSHIDEventDeliveryManager - connection activation
2026-09-14 11:40:42.635 I  PeachCommander[3066:32ed] [com.apple.AppKit:Window] context (0 -> ddbe62dc) for window 78
2026-09-14 11:40:42.636 I  PeachCommander[3066:32ed] [com.apple.AppKit:Window] order window: 78 op: 0 relative: 0 related: 0
2026-09-14 11:40:42.651 I  PeachCommander[3066:32ed] [com.apple.SafariPlatformSupport:SafariPlatformSupport] -[SPSafariPlatformSupport completionListPreferredContentSizeDidUpdate] with size {0, 0}, in window that is visible
2026-09-14 11:40:42.651 I  PeachCommander[3066:32ed] [com.apple.AppKit:Window] order window: 78 op: 0 relative: 0 related: 0
2026-09-14 11:40:42.836 I  PeachCommander[3066:32f5] [com.apple.AppKit:WindowTab] Indexing 2 items
2026-09-14 11:40:42.836 A  PeachCommander[3066:32f5] (CoreSpotlight) end-index-batch
2026-09-14 11:40:42.836 A  PeachCommander[3066:32f5] (CoreSpotlight) index-items
2026-09-14 11:40:42.836 Df PeachCommander[3066:32f5] [com.apple.corespotlight:index] CSInlineDonation:<private>: Skipping donation (feature flag disabled)
2026-09-14 11:40:42.836 Df PeachCommander[3066:32f5] [com.apple.corespotlight:index] CSInlineDonation:<private>: Skipping donation (feature flag disabled)
2026-09-14 11:40:43.706 Df PeachCommander[3066:32ed] (Foundation) <private>
2026-09-14 11:40:43.706 I  PeachCommander[3066:32ed] [com.peachcommander:PCFoundation] [automation] > synctwoway 1
2026-09-14 11:40:43.707 Df PeachCommander[3066:32ed] (Foundation) <private>
2026-09-14 11:40:43.707 I  PeachCommander[3066:32ed] [com.peachcommander:PCFoundation] [automation] > wait 400
2026-09-14 11:40:44.125 Df PeachCommander[3066:32ed] (Foundation) <private>
2026-09-14 11:40:44.125 I  PeachCommander[3066:32ed] [com.peachcommander:PCFoundation] [automation] > synccompare
2026-09-14 11:40:44.132 Df PeachCommander[3066:32ed] (Foundation) <private>
2026-09-14 11:40:44.132 I  PeachCommander[3066:32ed] [com.peachcommander:PCFoundation] [automation] > wait 1600
2026-09-14 11:40:45.745 Df PeachCommander[3066:32ed] (Foundation) <private>
2026-09-14 11:40:45.745 I  PeachCommander[3066:32ed] [com.peachcommander:PCFoundation] [automation] > syncstate /Users/admin/twowayfirst.txt
2026-09-14 11:40:45.747 Df PeachCommander[3066:32ed] (Foundation) <private>
2026-09-14 11:40:45.747 I  PeachCommander[3066:32ed] [com.peachcommander:PCFoundation] [automation] > wait 300
2026-09-14 11:40:45.839 I  PeachCommander[3066:32ed] [com.apple.AppKit:Image] ISImage reported a placeholder, image rep is providing a placeholder image for <private>
2026-09-14 11:40:45.840 I  PeachCommander[3066:32ed] [com.apple.AppKit:Image] ISImage reported a placeholder, image rep is providing a placeholder image for <private>
2026-09-14 11:40:45.841 I  PeachCommander[3066:32ed] [com.apple.AppKit:Image] ISImage reported a placeholder, image rep is providing a placeholder image for <private>
2026-09-14 11:40:45.842 I  PeachCommander[3066:32ed] [com.apple.AppKit:Image] ISImage reported a placeholder, image rep is providing a placeholder image for <private>
2026-09-14 11:40:45.844 I  PeachCommander[3066:32ed] [com.apple.AppKit:Image] ISImage reported a placeholder, image rep is providing a placeholder image for <private>
2026-09-14 11:40:45.845 I  PeachCommander[3066:32ed] [com.apple.AppKit:Image] ISImage reported a placeholder, image rep is providing a placeholder image for <private>
2026-09-14 11:40:45.845 I  PeachCommander[3066:32ed] [com.apple.AppKit:Image] ISImage reported a placeholder, image rep is providing a placeholder image for <private>
2026-09-14 11:40:45.846 I  PeachCommander[3066:32ed] [com.apple.AppKit:Image] ISImage reported a placeholder, image rep is providing a placeholder image for <private>
2026-09-14 11:40:45.847 I  PeachCommander[3066:32ed] [com.apple.AppKit:Image] ISImage reported a placeholder, image rep is providing a placeholder image for <private>
2026-09-14 11:40:45.848 I  PeachCommander[3066:32ed] [com.apple.AppKit:Image] ISImage reported a placeholder, image rep is providing a placeholder image for <private>
2026-09-14 11:40:45.850 I  PeachCommander[3066:32ed] [com.apple.AppKit:Image] ISImage reported a placeholder, image rep is providing a placeholder image for <private>
2026-09-14 11:40:45.851 I  PeachCommander[3066:32ed] [com.apple.AppKit:Image] ISImage reported a placeholder, image rep is providing a placeholder image for <private>
2026-09-14 11:40:45.852 I  PeachCommander[3066:32ed] [com.apple.AppKit:Image] ISImage reported a placeholder, image rep is providing a placeholder image for <private>
2026-09-14 11:40:45.853 I  PeachCommander[3066:32ed] [com.apple.AppKit:Image] ISImage reported a placeholder, image rep is providing a placeholder image for <private>
2026-09-14 11:40:45.854 I  PeachCommander[3066:32ed] [com.apple.AppKit:Image] ISImage reported a placeholder, image rep is providing a placeholder image for <private>
2026-09-14 11:40:45.855 I  PeachCommander[3066:32ed] [com.apple.AppKit:Image] ISImage reported a placeholder, image rep is providing a placeholder image for <private>
2026-09-14 11:40:45.856 I  PeachCommander[3066:32ed] [com.apple.AppKit:Image] ISImage reported a placeholder, image rep is providing a placeholder image for <private>
2026-09-14 11:40:45.857 I  PeachCommander[3066:32ed] [com.apple.AppKit:Image] ISImage reported a placeholder, image rep is providing a placeholder image for <private>
2026-09-14 11:40:45.858 I  PeachCommander[3066:32ed] [com.apple.AppKit:Image] ISImage reported a placeholder, image rep is providing a placeholder image for <private>
2026-09-14 11:40:45.859 I  PeachCommander[3066:32ed] [com.apple.AppKit:Image] ISImage reported a placeholder, image rep is providing a placeholder image for <private>
2026-09-14 11:40:45.860 I  PeachCommander[3066:32ed] [com.apple.AppKit:Image] ISImage reported a placeholder, image rep is providing a placeholder image for <private>
2026-09-14 11:40:45.860 I  PeachCommander[3066:32ed] [com.apple.AppKit:Image] ISImage reported a placeholder, image rep is providing a placeholder image for <private>
2026-09-14 11:40:45.861 I  PeachCommander[3066:32ed] [com.apple.AppKit:Image] ISImage reported a placeholder, image rep is providing a placeholder image for <private>
2026-09-14 11:40:45.862 I  PeachCommander[3066:32ed] [com.apple.AppKit:Image] ISImage reported a placeholder, image rep is providing a placeholder image for <private>
2026-09-14 11:40:45.863 I  PeachCommander[3066:32ed] [com.apple.AppKit:Image] ISImage reported a placeholder, image rep is providing a placeholder image for <private>
2026-09-14 11:40:45.864 I  PeachCommander[3066:32ed] [com.apple.AppKit:Image] ISImage reported a placeholder, image rep is providing a placeholder image for <private>
2026-09-14 11:40:45.865 I  PeachCommander[3066:32ed] [com.apple.AppKit:Image] ISImage reported a placeholder, image rep is providing a placeholder image for <private>
2026-09-14 11:40:45.867 I  PeachCommander[3066:32ed] [com.apple.AppKit:Image] ISImage reported a placeholder, image rep is providing a placeholder image for <private>
2026-09-14 11:40:45.867 I  PeachCommander[3066:32ed] [com.apple.AppKit:Image] ISImage reported a placeholder, image rep is providing a placeholder image for <private>
2026-09-14 11:40:45.869 I  PeachCommander[3066:32ed] [com.apple.AppKit:Image] ISImage reported a placeholder, image rep is providing a placeholder image for <private>
2026-09-14 11:40:45.869 I  PeachCommander[3066:32ed] [com.apple.AppKit:Image] ISImage reported a placeholder, image rep is providing a placeholder image for <private>
2026-09-14 11:40:45.870 I  PeachCommander[3066:32ed] [com.apple.AppKit:Image] ISImage reported a placeholder, image rep is providing a placeholder image for <private>
2026-09-14 11:40:45.870 I  PeachCommander[3066:32ed] [com.apple.AppKit:Image] ISImage reported a placeholder, image rep is providing a placeholder image for <private>
2026-09-14 11:40:45.871 I  PeachCommander[3066:32ed] [com.apple.AppKit:Image] ISImage reported a placeholder, image rep is providing a placeholder image for <private>
2026-09-14 11:40:45.871 I  PeachCommander[3066:32ed] [com.apple.AppKit:Image] ISImage reported a placeholder, image rep is providing a placeholder image for <private>
2026-09-14 11:40:45.873 I  PeachCommander[3066:32ed] [com.apple.AppKit:Image] ISImage reported a placeholder, image rep is providing a placeholder image for <private>
2026-09-14 11:40:45.873 I  PeachCommander[3066:32ed] [com.apple.AppKit:Image] ISImage reported a placeholder, image rep is providing a placeholder image for <private>
2026-09-14 11:40:45.874 I  PeachCommander[3066:32ed] [com.apple.AppKit:Image] ISImage reported a placeholder, image rep is providing a placeholder image for <private>
2026-09-14 11:40:45.874 I  PeachCommander[3066:32ed] [com.apple.AppKit:Image] ISImage reported a placeholder, image rep is providing a placeholder image for <private>
2026-09-14 11:40:45.875 I  PeachCommander[3066:32ed] [com.apple.AppKit:Image] ISImage reported a placeholder, image rep is providing a placeholder image for <private>
2026-09-14 11:40:45.875 I  PeachCommander[3066:32ed] [com.apple.AppKit:Image] ISImage reported a placeholder, image rep is providing a placeholder image for <private>
2026-09-14 11:40:45.877 I  PeachCommander[3066:32ed] [com.apple.AppKit:Image] ISImage reported a placeholder, image rep is providing a placeholder image for <private>
2026-09-14 11:40:45.877 I  PeachCommander[3066:32ed] [com.apple.AppKit:Image] ISImage reported a placeholder, image rep is providing a placeholder image for <private>
2026-09-14 11:40:45.878 I  PeachCommander[3066:32ed] [com.apple.AppKit:Image] ISImage reported a placeholder, image rep is providing a placeholder image for <private>
2026-09-14 11:40:45.878 I  PeachCommander[3066:32ed] [com.apple.AppKit:Image] ISImage reported a placeholder, image rep is providing a placeholder image for <private>
2026-09-14 11:40:45.879 I  PeachCommander[3066:32ed] [com.apple.AppKit:Image] ISImage reported a placeholder, image rep is providing a placeholder image for <private>
2026-09-14 11:40:45.879 I  PeachCommander[3066:32ed] [com.apple.AppKit:Image] ISImage reported a placeholder, image rep is providing a placeholder image for <private>
2026-09-14 11:40:45.880 I  PeachCommander[3066:32ed] [com.apple.AppKit:Image] ISImage reported a placeholder, image rep is providing a placeholder image for <private>
2026-09-14 11:40:45.880 I  PeachCommander[3066:32ed] [com.apple.AppKit:Image] ISImage reported a placeholder, image rep is providing a placeholder image for <private>
2026-09-14 11:40:45.882 I  PeachCommander[3066:32ed] [com.apple.AppKit:Image] ISImage reported a placeholder, image rep is providing a placeholder image for <private>
2026-09-14 11:40:45.882 I  PeachCommander[3066:32ed] [com.apple.AppKit:Image] ISImage reported a placeholder, image rep is providing a placeholder image for <private>
2026-09-14 11:40:45.883 I  PeachCommander[3066:32ed] [com.apple.AppKit:Image] ISImage reported a placeholder, image rep is providing a placeholder image for <private>
2026-09-14 11:40:45.883 I  PeachCommander[3066:32ed] [com.apple.AppKit:Image] ISImage reported a placeholder, image rep is providing a placeholder image for <private>
2026-09-14 11:40:45.884 I  PeachCommander[3066:32ed] [com.apple.AppKit:Image] ISImage reported a placeholder, image rep is providing a placeholder image for <private>
2026-09-14 11:40:45.884 I  PeachCommander[3066:32ed] [com.apple.AppKit:Image] ISImage reported a placeholder, image rep is providing a placeholder image for <private>
2026-09-14 11:40:45.885 I  PeachCommander[3066:32ed] [com.apple.AppKit:Image] ISImage reported a placeholder, image rep is providing a placeholder image for <private>
2026-09-14 11:40:45.885 I  PeachCommander[3066:32ed] [com.apple.AppKit:Image] ISImage reported a placeholder, image rep is providing a placeholder image for <private>
2026-09-14 11:40:45.886 I  PeachCommander[3066:32ed] [com.apple.AppKit:Image] ISImage reported a placeholder, image rep is providing a placeholder image for <private>
2026-09-14 11:40:45.886 I  PeachCommander[3066:32ed] [com.apple.AppKit:Image] ISImage reported a placeholder, image rep is providing a placeholder image for <private>
2026-09-14 11:40:45.887 I  PeachCommander[3066:32ed] [com.apple.AppKit:Image] ISImage reported a placeholder, image rep is providing a placeholder image for <private>
2026-09-14 11:40:45.888 I  PeachCommander[3066:32ed] [com.apple.AppKit:Image] ISImage reported a placeholder, image rep is providing a placeholder image for <private>
2026-09-14 11:40:45.889 I  PeachCommander[3066:32ed] [com.apple.AppKit:Image] ISImage reported a placeholder, image rep is providing a placeholder image for <private>
2026-09-14 11:40:45.889 I  PeachCommander[3066:32ed] [com.apple.AppKit:Image] ISImage reported a placeholder, image rep is providing a placeholder image for <private>
2026-09-14 11:40:45.890 I  PeachCommander[3066:32ed] [com.apple.AppKit:Image] ISImage reported a placeholder, image rep is providing a placeholder image for <private>
2026-09-14 11:40:45.890 I  PeachCommander[3066:32ed] [com.apple.AppKit:Image] ISImage reported a placeholder, image rep is providing a placeholder image for <private>
2026-09-14 11:40:45.891 I  PeachCommander[3066:32ed] [com.apple.AppKit:Image] ISImage reported a placeholder, image rep is providing a placeholder image for <private>
2026-09-14 11:40:45.891 I  PeachCommander[3066:32ed] [com.apple.AppKit:Image] ISImage reported a placeholder, image rep is providing a placeholder image for <private>
2026-09-14 11:40:45.892 I  PeachCommander[3066:32ed] [com.apple.AppKit:Image] ISImage reported a placeholder, image rep is providing a placeholder image for <private>
2026-09-14 11:40:45.892 I  PeachCommander[3066:32ed] [com.apple.AppKit:Image] ISImage reported a placeholder, image rep is providing a placeholder image for <private>
2026-09-14 11:40:45.893 I  PeachCommander[3066:32ed] [com.apple.AppKit:Image] ISImage reported a placeholder, image rep is providing a placeholder image for <private>
2026-09-14 11:40:45.893 I  PeachCommander[3066:32ed] [com.apple.AppKit:Image] ISImage reported a placeholder, image rep is providing a placeholder image for <private>
2026-09-14 11:40:45.894 I  PeachCommander[3066:32ed] [com.apple.AppKit:Image] ISImage reported a placeholder, image rep is providing a placeholder image for <private>
2026-09-14 11:40:45.894 I  PeachCommander[3066:32ed] [com.apple.AppKit:Image] ISImage reported a placeholder, image rep is providing a placeholder image for <private>
2026-09-14 11:40:45.895 I  PeachCommander[3066:32ed] [com.apple.AppKit:Image] ISImage reported a placeholder, image rep is providing a placeholder image for <private>
2026-09-14 11:40:45.895 I  PeachCommander[3066:32ed] [com.apple.AppKit:Image] ISImage reported a placeholder, image rep is providing a placeholder image for <private>
2026-09-14 11:40:45.896 I  PeachCommander[3066:32ed] [com.apple.AppKit:Image] ISImage reported a placeholder, image rep is providing a placeholder image for <private>
2026-09-14 11:40:45.896 I  PeachCommander[3066:32ed] [com.apple.AppKit:Image] ISImage reported a placeholder, image rep is providing a placeholder image for <private>
2026-09-14 11:40:45.897 I  PeachCommander[3066:32ed] [com.apple.AppKit:Image] ISImage reported a placeholder, image rep is providing a placeholder image for <private>
2026-09-14 11:40:45.897 I  PeachCommander[3066:32ed] [com.apple.AppKit:Image] ISImage reported a placeholder, image rep is providing a placeholder image for <private>
2026-09-14 11:40:45.898 I  PeachCommander[3066:32ed] [com.apple.AppKit:Image] ISImage reported a placeholder, image rep is providing a placeholder image for <private>
2026-09-14 11:40:45.898 I  PeachCommander[3066:32ed] [com.apple.AppKit:Image] ISImage reported a placeholder, image rep is providing a placeholder image for <private>
2026-09-14 11:40:46.067 Df PeachCommander[3066:32ed] (Foundation) <private>
2026-09-14 11:40:46.067 I  PeachCommander[3066:32ed] [com.peachcommander:PCFoundation] [automation] > syncrun
2026-09-14 11:40:46.067 Df PeachCommander[3066:32ed] (Foundation) <private>
2026-09-14 11:40:46.067 I  PeachCommander[3066:32ed] [com.peachcommander:PCFoundation] [automation] > wait 2200
2026-09-14 11:40:46.096 Df PeachCommander[3066:32ed] [com.apple.TextInputUI:CursorUI] -[TUINSCursorUIController scheduleUpdateCursorLocation]
2026-09-14 11:40:46.103 I  PeachCommander[3066:32ed] [com.apple.AppKit:Image] ISImage reported a placeholder, image rep is providing a placeholder image for <private>
2026-09-14 11:40:46.104 I  PeachCommander[3066:32ed] [com.apple.AppKit:Image] ISImage reported a placeholder, image rep is providing a placeholder image for <private>
2026-09-14 11:40:46.104 I  PeachCommander[3066:32ed] [com.apple.AppKit:Image] ISImage reported a placeholder, image rep is providing a placeholder image for <private>
2026-09-14 11:40:46.117 I  PeachCommander[3066:32ed] [com.apple.AppKit:Image] ISImage reported a placeholder, image rep is providing a placeholder image for <private>
2026-09-14 11:40:46.117 I  PeachCommander[3066:32ed] [com.apple.AppKit:Image] ISImage reported a placeholder, image rep is providing a placeholder image for <private>
2026-09-14 11:40:46.118 I  PeachCommander[3066:32ed] [com.apple.AppKit:Image] ISImage reported a placeholder, image rep is providing a placeholder image for <private>
2026-09-14 11:40:46.118 I  PeachCommander[3066:32ed] [com.apple.AppKit:Image] ISImage reported a placeholder, image rep is providing a placeholder image for <private>
2026-09-14 11:40:46.120 I  PeachCommander[3066:32ed] [com.apple.AppKit:Image] ISImage reported a placeholder, image rep is providing a placeholder image for <private>
2026-09-14 11:40:46.120 I  PeachCommander[3066:32ed] [com.apple.AppKit:Image] ISImage reported a placeholder, image rep is providing a placeholder image for <private>
2026-09-14 11:40:48.391 Df PeachCommander[3066:32ed] (Foundation) <private>
2026-09-14 11:40:48.391 I  PeachCommander[3066:32ed] [com.peachcommander:PCFoundation] [automation] > rmfile /Users/admin/twoway-a/gone.txt
2026-09-14 11:40:48.392 Df PeachCommander[3066:32ed] (Foundation) <private>
2026-09-14 11:40:48.392 I  PeachCommander[3066:32ed] [com.peachcommander:PCFoundation] [automation] > wait 600
2026-09-14 11:40:48.413 I  PeachCommander[3066:32ed] [com.apple.AppKit:Image] ISImage reported a placeholder, image rep is providing a placeholder image for <private>
2026-09-14 11:40:48.416 I  PeachCommander[3066:32ed] [com.apple.AppKit:Image] ISImage reported a placeholder, image rep is providing a placeholder image for <private>
2026-09-14 11:40:48.419 I  PeachCommander[3066:32ed] [com.apple.AppKit:Image] ISImage reported a placeholder, image rep is providing a placeholder image for <private>
2026-09-14 11:40:48.420 I  PeachCommander[3066:32ed] [com.apple.AppKit:Image] ISImage reported a placeholder, image rep is providing a placeholder image for <private>
2026-09-14 11:40:48.420 I  PeachCommander[3066:32ed] [com.apple.AppKit:Image] ISImage reported a placeholder, image rep is providing a placeholder image for <private>
2026-09-14 11:40:48.423 I  PeachCommander[3066:32ed] [com.apple.AppKit:Image] ISImage reported a placeholder, image rep is providing a placeholder image for <private>
2026-09-14 11:40:48.423 I  PeachCommander[3066:32ed] [com.apple.AppKit:Image] ISImage reported a placeholder, image rep is providing a placeholder image for <private>
2026-09-14 11:40:48.442 I  PeachCommander[3066:32ed] [com.apple.AppKit:Image] ISImage reported a placeholder, image rep is providing a placeholder image for <private>
2026-09-14 11:40:48.444 I  PeachCommander[3066:32ed] [com.apple.AppKit:Image] ISImage reported a placeholder, image rep is providing a placeholder image for <private>
2026-09-14 11:40:48.451 I  PeachCommander[3066:32ed] [com.apple.AppKit:Image] ISImage reported a placeholder, image rep is providing a placeholder image for <private>
2026-09-14 11:40:48.451 I  PeachCommander[3066:32ed] [com.apple.AppKit:Image] ISImage reported a placeholder, image rep is providing a placeholder image for <private>
2026-09-14 11:40:48.453 I  PeachCommander[3066:32ed] [com.apple.AppKit:Image] ISImage reported a placeholder, image rep is providing a placeholder image for <private>
2026-09-14 11:40:48.453 I  PeachCommander[3066:32ed] [com.apple.AppKit:Image] ISImage reported a placeholder, image rep is providing a placeholder image for <private>
2026-09-14 11:40:48.998 Df PeachCommander[3066:32ed] (Foundation) <private>
2026-09-14 11:40:48.999 I  PeachCommander[3066:32ed] [com.peachcommander:PCFoundation] [automation] > synccompare
2026-09-14 11:40:49.001 Df PeachCommander[3066:32ed] (Foundation) <private>
2026-09-14 11:40:49.001 I  PeachCommander[3066:32ed] [com.peachcommander:PCFoundation] [automation] > wait 1600
2026-09-14 11:40:50.658 Df PeachCommander[3066:338e] [com.apple.launchservices:default] LSExceptions shared instance invalidated for timeout.
2026-09-14 11:40:50.658 Df PeachCommander[3066:32ed] (Foundation) <private>
2026-09-14 11:40:50.659 I  PeachCommander[3066:32ed] [com.peachcommander:PCFoundation] [automation] > syncbasis /Users/admin/twowayrows.txt
2026-09-14 11:40:50.661 Df PeachCommander[3066:32ed] (Foundation) <private>
2026-09-14 11:40:50.662 I  PeachCommander[3066:32ed] [com.peachcommander:PCFoundation] [automation] > wait 300
2026-09-14 11:40:50.708 I  PeachCommander[3066:32ed] [com.apple.AppKit:Image] ISImage reported a placeholder, image rep is providing a placeholder image for <private>
2026-09-14 11:40:50.709 I  PeachCommander[3066:32ed] [com.apple.AppKit:Image] ISImage reported a placeholder, image rep is providing a placeholder image for <private>
2026-09-14 11:40:50.711 I  PeachCommander[3066:32ed] [com.apple.AppKit:Image] ISImage reported a placeholder, image rep is providing a placeholder image for <private>
2026-09-14 11:40:50.712 I  PeachCommander[3066:32ed] [com.apple.AppKit:Image] ISImage reported a placeholder, image rep is providing a placeholder image for <private>
2026-09-14 11:40:50.713 I  PeachCommander[3066:32ed] [com.apple.AppKit:Image] ISImage reported a placeholder, image rep is providing a placeholder image for <private>
2026-09-14 11:40:50.714 I  PeachCommander[3066:32ed] [com.apple.AppKit:Image] ISImage reported a placeholder, image rep is providing a placeholder image for <private>
2026-09-14 11:40:50.715 I  PeachCommander[3066:32ed] [com.apple.AppKit:Image] ISImage reported a placeholder, image rep is providing a placeholder image for <private>
2026-09-14 11:40:50.716 I  PeachCommander[3066:32ed] [com.apple.AppKit:Image] ISImage reported a placeholder, image rep is providing a placeholder image for <private>
2026-09-14 11:40:50.718 I  PeachCommander[3066:32ed] [com.apple.AppKit:Image] ISImage reported a placeholder, image rep is providing a placeholder image for <private>
2026-09-14 11:40:50.719 I  PeachCommander[3066:32ed] [com.apple.AppKit:Image] ISImage reported a placeholder, image rep is providing a placeholder image for <private>
2026-09-14 11:40:50.720 I  PeachCommander[3066:32ed] [com.apple.AppKit:Image] ISImage reported a placeholder, image rep is providing a placeholder image for <private>
2026-09-14 11:40:50.721 I  PeachCommander[3066:32ed] [com.apple.AppKit:Image] ISImage reported a placeholder, image rep is providing a placeholder image for <private>
2026-09-14 11:40:50.722 I  PeachCommander[3066:32ed] [com.apple.AppKit:Image] ISImage reported a placeholder, image rep is providing a placeholder image for <private>
2026-09-14 11:40:50.723 I  PeachCommander[3066:32ed] [com.apple.AppKit:Image] ISImage reported a placeholder, image rep is providing a placeholder image for <private>
2026-09-14 11:40:50.724 I  PeachCommander[3066:32ed] [com.apple.AppKit:Image] ISImage reported a placeholder, image rep is providing a placeholder image for <private>
2026-09-14 11:40:50.725 I  PeachCommander[3066:32ed] [com.apple.AppKit:Image] ISImage reported a placeholder, image rep is providing a placeholder image for <private>
2026-09-14 11:40:50.726 I  PeachCommander[3066:32ed] [com.apple.AppKit:Image] ISImage reported a placeholder, image rep is providing a placeholder image for <private>
2026-09-14 11:40:50.727 I  PeachCommander[3066:32ed] [com.apple.AppKit:Image] ISImage reported a placeholder, image rep is providing a placeholder image for <private>
2026-09-14 11:40:50.728 I  PeachCommander[3066:32ed] [com.apple.AppKit:Image] ISImage reported a placeholder, image rep is providing a placeholder image for <private>
2026-09-14 11:40:50.729 I  PeachCommander[3066:32ed] [com.apple.AppKit:Image] ISImage reported a placeholder, image rep is providing a placeholder image for <private>
2026-09-14 11:40:50.730 I  PeachCommander[3066:32ed] [com.apple.AppKit:Image] ISImage reported a placeholder, image rep is providing a placeholder image for <private>
2026-09-14 11:40:50.731 I  PeachCommander[3066:32ed] [com.apple.AppKit:Image] ISImage reported a placeholder, image rep is providing a placeholder image for <private>
2026-09-14 11:40:50.732 I  PeachCommander[3066:32ed] [com.apple.AppKit:Image] ISImage reported a placeholder, image rep is providing a placeholder image for <private>
2026-09-14 11:40:50.733 I  PeachCommander[3066:32ed] [com.apple.AppKit:Image] ISImage reported a placeholder, image rep is providing a placeholder image for <private>
2026-09-14 11:40:50.734 I  PeachCommander[3066:32ed] [com.apple.AppKit:Image] ISImage reported a placeholder, image rep is providing a placeholder image for <private>
2026-09-14 11:40:50.734 I  PeachCommander[3066:32ed] [com.apple.AppKit:Image] ISImage reported a placeholder, image rep is providing a placeholder image for <private>
2026-09-14 11:40:50.735 I  PeachCommander[3066:32ed] [com.apple.AppKit:Image] ISImage reported a placeholder, image rep is providing a placeholder image for <private>
2026-09-14 11:40:50.736 I  PeachCommander[3066:32ed] [com.apple.AppKit:Image] ISImage reported a placeholder, image rep is providing a placeholder image for <private>
2026-09-14 11:40:50.736 I  PeachCommander[3066:32ed] [com.apple.AppKit:Image] ISImage reported a placeholder, image rep is providing a placeholder image for <private>
2026-09-14 11:40:50.737 I  PeachCommander[3066:32ed] [com.apple.AppKit:Image] ISImage reported a placeholder, image rep is providing a placeholder image for <private>
2026-09-14 11:40:50.738 I  PeachCommander[3066:32ed] [com.apple.AppKit:Image] ISImage reported a placeholder, image rep is providing a placeholder image for <private>
2026-09-14 11:40:50.739 I  PeachCommander[3066:32ed] [com.apple.AppKit:Image] ISImage reported a placeholder, image rep is providing a placeholder image for <private>
2026-09-14 11:40:50.739 I  PeachCommander[3066:32ed] [com.apple.AppKit:Image] ISImage reported a placeholder, image rep is providing a placeholder image for <private>
2026-09-14 11:40:50.740 I  PeachCommander[3066:32ed] [com.apple.AppKit:Image] ISImage reported a placeholder, image rep is providing a placeholder image for <private>
2026-09-14 11:40:50.741 I  PeachCommander[3066:32ed] [com.apple.AppKit:Image] ISImage reported a placeholder, image rep is providing a placeholder image for <private>
2026-09-14 11:40:50.742 I  PeachCommander[3066:32ed] [com.apple.AppKit:Image] ISImage reported a placeholder, image rep is providing a placeholder image for <private>
2026-09-14 11:40:50.742 I  PeachCommander[3066:32ed] [com.apple.AppKit:Image] ISImage reported a placeholder, image rep is providing a placeholder image for <private>
2026-09-14 11:40:50.743 I  PeachCommander[3066:32ed] [com.apple.AppKit:Image] ISImage reported a placeholder, image rep is providing a placeholder image for <private>
2026-09-14 11:40:50.743 I  PeachCommander[3066:32ed] [com.apple.AppKit:Image] ISImage reported a placeholder, image rep is providing a placeholder image for <private>
2026-09-14 11:40:50.744 I  PeachCommander[3066:32ed] [com.apple.AppKit:Image] ISImage reported a placeholder, image rep is providing a placeholder image for <private>
2026-09-14 11:40:50.744 I  PeachCommander[3066:32ed] [com.apple.AppKit:Image] ISImage reported a placeholder, image rep is providing a placeholder image for <private>
2026-09-14 11:40:50.746 I  PeachCommander[3066:32ed] [com.apple.AppKit:Image] ISImage reported a placeholder, image rep is providing a placeholder image for <private>
2026-09-14 11:40:50.746 I  PeachCommander[3066:32ed] [com.apple.AppKit:Image] ISImage reported a placeholder, image rep is providing a placeholder image for <private>
2026-09-14 11:40:50.747 I  PeachCommander[3066:32ed] [com.apple.AppKit:Image] ISImage reported a placeholder, image rep is providing a placeholder image for <private>
2026-09-14 11:40:50.747 I  PeachCommander[3066:32ed] [com.apple.AppKit:Image] ISImage reported a placeholder, image rep is providing a placeholder image for <private>
2026-09-14 11:40:50.748 I  PeachCommander[3066:32ed] [com.apple.AppKit:Image] ISImage reported a placeholder, image rep is providing a placeholder image for <private>
2026-09-14 11:40:50.748 I  PeachCommander[3066:32ed] [com.apple.AppKit:Image] ISImage reported a placeholder, image rep is providing a placeholder image for <private>
2026-09-14 11:40:50.749 I  PeachCommander[3066:32ed] [com.apple.AppKit:Image] ISImage reported a placeholder, image rep is providing a placeholder image for <private>
2026-09-14 11:40:50.750 I  PeachCommander[3066:32ed] [com.apple.AppKit:Image] ISImage reported a placeholder, image rep is providing a placeholder image for <private>
2026-09-14 11:40:50.751 I  PeachCommander[3066:32ed] [com.apple.AppKit:Image] ISImage reported a placeholder, image rep is providing a placeholder image for <private>
2026-09-14 11:40:50.751 I  PeachCommander[3066:32ed] [com.apple.AppKit:Image] ISImage reported a placeholder, image rep is providing a placeholder image for <private>
2026-09-14 11:40:50.752 I  PeachCommander[3066:32ed] [com.apple.AppKit:Image] ISImage reported a placeholder, image rep is providing a placeholder image for <private>
2026-09-14 11:40:50.752 I  PeachCommander[3066:32ed] [com.apple.AppKit:Image] ISImage reported a placeholder, image rep is providing a placeholder image for <private>
2026-09-14 11:40:50.753 I  PeachCommander[3066:32ed] [com.apple.AppKit:Image] ISImage reported a placeholder, image rep is providing a placeholder image for <private>
2026-09-14 11:40:50.753 I  PeachCommander[3066:32ed] [com.apple.AppKit:Image] ISImage reported a placeholder, image rep is providing a placeholder image for <private>
2026-09-14 11:40:50.754 I  PeachCommander[3066:32ed] [com.apple.AppKit:Image] ISImage reported a placeholder, image rep is providing a placeholder image for <private>
2026-09-14 11:40:50.754 I  PeachCommander[3066:32ed] [com.apple.AppKit:Image] ISImage reported a placeholder, image rep is providing a placeholder image for <private>
2026-09-14 11:40:50.756 I  PeachCommander[3066:32ed] [com.apple.AppKit:Image] ISImage reported a placeholder, image rep is providing a placeholder image for <private>
2026-09-14 11:40:50.756 I  PeachCommander[3066:32ed] [com.apple.AppKit:Image] ISImage reported a placeholder, image rep is providing a placeholder image for <private>
2026-09-14 11:40:50.757 I  PeachCommander[3066:32ed] [com.apple.AppKit:Image] ISImage reported a placeholder, image rep is providing a placeholder image for <private>
2026-09-14 11:40:50.757 I  PeachCommander[3066:32ed] [com.apple.AppKit:Image] ISImage reported a placeholder, image rep is providing a placeholder image for <private>
2026-09-14 11:40:50.758 I  PeachCommander[3066:32ed] [com.apple.AppKit:Image] ISImage reported a placeholder, image rep is providing a placeholder image for <private>
2026-09-14 11:40:50.758 I  PeachCommander[3066:32ed] [com.apple.AppKit:Image] ISImage reported a placeholder, image rep is providing a placeholder image for <private>
2026-09-14 11:40:50.759 I  PeachCommander[3066:32ed] [com.apple.AppKit:Image] ISImage reported a placeholder, image rep is providing a placeholder image for <private>
2026-09-14 11:40:50.759 I  PeachCommander[3066:32ed] [com.apple.AppKit:Image] ISImage reported a placeholder, image rep is providing a placeholder image for <private>
2026-09-14 11:40:50.760 I  PeachCommander[3066:32ed] [com.apple.AppKit:Image] ISImage reported a placeholder, image rep is providing a placeholder image for <private>
2026-09-14 11:40:50.760 I  PeachCommander[3066:32ed] [com.apple.AppKit:Image] ISImage reported a placeholder, image rep is providing a placeholder image for <private>
2026-09-14 11:40:50.761 I  PeachCommander[3066:32ed] [com.apple.AppKit:Image] ISImage reported a placeholder, image rep is providing a placeholder image for <private>
2026-09-14 11:40:50.761 I  PeachCommander[3066:32ed] [com.apple.AppKit:Image] ISImage reported a placeholder, image rep is providing a placeholder image for <private>
2026-09-14 11:40:50.762 I  PeachCommander[3066:32ed] [com.apple.AppKit:Image] ISImage reported a placeholder, image rep is providing a placeholder image for <private>
2026-09-14 11:40:50.762 I  PeachCommander[3066:32ed] [com.apple.AppKit:Image] ISImage reported a placeholder, image rep is providing a placeholder image for <private>
2026-09-14 11:40:50.763 I  PeachCommander[3066:32ed] [com.apple.AppKit:Image] ISImage reported a placeholder, image rep is providing a placeholder image for <private>
2026-09-14 11:40:50.763 I  PeachCommander[3066:32ed] [com.apple.AppKit:Image] ISImage reported a placeholder, image rep is providing a placeholder image for <private>
2026-09-14 11:40:50.765 I  PeachCommander[3066:32ed] [com.apple.AppKit:Image] ISImage reported a placeholder, image rep is providing a placeholder image for <private>
2026-09-14 11:40:50.765 I  PeachCommander[3066:32ed] [com.apple.AppKit:Image] ISImage reported a placeholder, image rep is providing a placeholder image for <private>
2026-09-14 11:40:50.766 I  PeachCommander[3066:32ed] [com.apple.AppKit:Image] ISImage reported a placeholder, image rep is providing a placeholder image for <private>
2026-09-14 11:40:50.766 I  PeachCommander[3066:32ed] [com.apple.AppKit:Image] ISImage reported a placeholder, image rep is providing a placeholder image for <private>
2026-09-14 11:40:50.767 I  PeachCommander[3066:32ed] [com.apple.AppKit:Image] ISImage reported a placeholder, image rep is providing a placeholder image for <private>
2026-09-14 11:40:50.767 I  PeachCommander[3066:32ed] [com.apple.AppKit:Image] ISImage reported a placeholder, image rep is providing a placeholder image for <private>
2026-09-14 11:40:50.768 I  PeachCommander[3066:32ed] [com.apple.AppKit:Image] ISImage reported a placeholder, image rep is providing a placeholder image for <private>
2026-09-14 11:40:50.768 I  PeachCommander[3066:32ed] [com.apple.AppKit:Image] ISImage reported a placeholder, image rep is providing a placeholder image for <private>
2026-09-14 11:40:50.854 I  PeachCommander[3066:32ed] [com.apple.AppKit:Image] ISImage reported a placeholder, image rep is providing a placeholder image for <private>
2026-09-14 11:40:50.855 I  PeachCommander[3066:32ed] [com.apple.AppKit:Image] ISImage reported a placeholder, image rep is providing a placeholder image for <private>
2026-09-14 11:40:50.855 I  PeachCommander[3066:32ed] [com.apple.AppKit:Image] ISImage reported a placeholder, image rep is providing a placeholder image for <private>
2026-09-14 11:40:50.856 I  PeachCommander[3066:32ed] [com.apple.AppKit:Image] ISImage reported a placeholder, image rep is providing a placeholder image for <private>
2026-09-14 11:40:50.857 I  PeachCommander[3066:32ed] [com.apple.AppKit:Image] ISImage reported a placeholder, image rep is providing a placeholder image for <private>
2026-09-14 11:40:50.857 I  PeachCommander[3066:32ed] [com.apple.AppKit:Image] ISImage reported a placeholder, image rep is providing a placeholder image for <private>
2026-09-14 11:40:50.858 I  PeachCommander[3066:32ed] [com.apple.AppKit:Image] ISImage reported a placeholder, image rep is providing a placeholder image for <private>
2026-09-14 11:40:50.858 I  PeachCommander[3066:32ed] [com.apple.AppKit:Image] ISImage reported a placeholder, image rep is providing a placeholder image for <private>
2026-09-14 11:40:50.859 I  PeachCommander[3066:32ed] [com.apple.AppKit:Image] ISImage reported a placeholder, image rep is providing a placeholder image for <private>
2026-09-14 11:40:50.860 I  PeachCommander[3066:32ed] [com.apple.AppKit:Image] ISImage reported a placeholder, image rep is providing a placeholder image for <private>
2026-09-14 11:40:50.860 I  PeachCommander[3066:32ed] [com.apple.AppKit:Image] ISImage reported a placeholder, image rep is providing a placeholder image for <private>
2026-09-14 11:40:50.861 I  PeachCommander[3066:32ed] [com.apple.AppKit:Image] ISImage reported a placeholder, image rep is providing a placeholder image for <private>
2026-09-14 11:40:50.861 I  PeachCommander[3066:32ed] [com.apple.AppKit:Image] ISImage reported a placeholder, image rep is providing a placeholder image for <private>
2026-09-14 11:40:50.862 I  PeachCommander[3066:32ed] [com.apple.AppKit:Image] ISImage reported a placeholder, image rep is providing a placeholder image for <private>
2026-09-14 11:40:50.862 I  PeachCommander[3066:32ed] [com.apple.AppKit:Image] ISImage reported a placeholder, image rep is providing a placeholder image for <private>
2026-09-14 11:40:50.863 I  PeachCommander[3066:32ed] [com.apple.AppKit:Image] ISImage reported a placeholder, image rep is providing a placeholder image for <private>
2026-09-14 11:40:50.864 I  PeachCommander[3066:32ed] [com.apple.AppKit:Image] ISImage reported a placeholder, image rep is providing a placeholder image for <private>
2026-09-14 11:40:50.864 I  PeachCommander[3066:32ed] [com.apple.AppKit:Image] ISImage reported a placeholder, image rep is providing a placeholder image for <private>
2026-09-14 11:40:50.865 I  PeachCommander[3066:32ed] [com.apple.AppKit:Image] ISImage reported a placeholder, image rep is providing a placeholder image for <private>
2026-09-14 11:40:50.865 I  PeachCommander[3066:32ed] [com.apple.AppKit:Image] ISImage reported a placeholder, image rep is providing a placeholder image for <private>
2026-09-14 11:40:50.866 I  PeachCommander[3066:32ed] [com.apple.AppKit:Image] ISImage reported a placeholder, image rep is providing a placeholder image for <private>
2026-09-14 11:40:50.867 I  PeachCommander[3066:32ed] [com.apple.AppKit:Image] ISImage reported a placeholder, image rep is providing a placeholder image for <private>
2026-09-14 11:40:50.867 I  PeachCommander[3066:32ed] [com.apple.AppKit:Image] ISImage reported a placeholder, image rep is providing a placeholder image for <private>
2026-09-14 11:40:50.868 I  PeachCommander[3066:32ed] [com.apple.AppKit:Image] ISImage reported a placeholder, image rep is providing a placeholder image for <private>
2026-09-14 11:40:50.869 I  PeachCommander[3066:32ed] [com.apple.AppKit:Image] ISImage reported a placeholder, image rep is providing a placeholder image for <private>
2026-09-14 11:40:50.869 I  PeachCommander[3066:32ed] [com.apple.AppKit:Image] ISImage reported a placeholder, image rep is providing a placeholder image for <private>
2026-09-14 11:40:50.870 I  PeachCommander[3066:32ed] [com.apple.AppKit:Image] ISImage reported a placeholder, image rep is providing a placeholder image for <private>
2026-09-14 11:40:50.870 I  PeachCommander[3066:32ed] [com.apple.AppKit:Image] ISImage reported a placeholder, image rep is providing a placeholder image for <private>
2026-09-14 11:40:50.870 I  PeachCommander[3066:32ed] [com.apple.AppKit:Image] ISImage reported a placeholder, image rep is providing a placeholder image for <private>
2026-09-14 11:40:50.872 I  PeachCommander[3066:32ed] [com.apple.AppKit:Image] ISImage reported a placeholder, image rep is providing a placeholder image for <private>
2026-09-14 11:40:50.872 I  PeachCommander[3066:32ed] [com.apple.AppKit:Image] ISImage reported a placeholder, image rep is providing a placeholder image for <private>
2026-09-14 11:40:50.873 I  PeachCommander[3066:32ed] [com.apple.AppKit:Image] ISImage reported a placeholder, image rep is providing a placeholder image for <private>
2026-09-14 11:40:50.873 I  PeachCommander[3066:32ed] [com.apple.AppKit:Image] ISImage reported a placeholder, image rep is providing a placeholder image for <private>
2026-09-14 11:40:50.874 I  PeachCommander[3066:32ed] [com.apple.AppKit:Image] ISImage reported a placeholder, image rep is providing a placeholder image for <private>
2026-09-14 11:40:50.874 I  PeachCommander[3066:32ed] [com.apple.AppKit:Image] ISImage reported a placeholder, image rep is providing a placeholder image for <private>
2026-09-14 11:40:50.875 I  PeachCommander[3066:32ed] [com.apple.AppKit:Image] ISImage reported a placeholder, image rep is providing a placeholder image for <private>
2026-09-14 11:40:50.875 I  PeachCommander[3066:32ed] [com.apple.AppKit:Image] ISImage reported a placeholder, image rep is providing a placeholder image for <private>
2026-09-14 11:40:50.876 I  PeachCommander[3066:32ed] [com.apple.AppKit:Image] ISImage reported a placeholder, image rep is providing a placeholder image for <private>
2026-09-14 11:40:50.876 I  PeachCommander[3066:32ed] [com.apple.AppKit:Image] ISImage reported a placeholder, image rep is providing a placeholder image for <private>
2026-09-14 11:40:50.877 I  PeachCommander[3066:32ed] [com.apple.AppKit:Image] ISImage reported a placeholder, image rep is providing a placeholder image for <private>
2026-09-14 11:40:50.877 I  PeachCommander[3066:32ed] [com.apple.AppKit:Image] ISImage reported a placeholder, image rep is providing a placeholder image for <private>
2026-09-14 11:40:50.878 I  PeachCommander[3066:32ed] [com.apple.AppKit:Image] ISImage reported a placeholder, image rep is providing a placeholder image for <private>
2026-09-14 11:40:50.878 I  PeachCommander[3066:32ed] [com.apple.AppKit:Image] ISImage reported a placeholder, image rep is providing a placeholder image for <private>
2026-09-14 11:40:50.879 I  PeachCommander[3066:32ed] [com.apple.AppKit:Image] ISImage reported a placeholder, image rep is providing a placeholder image for <private>
2026-09-14 11:40:50.879 I  PeachCommander[3066:32ed] [com.apple.AppKit:Image] ISImage reported a placeholder, image rep is providing a placeholder image for <private>
2026-09-14 11:40:50.880 I  PeachCommander[3066:32ed] [com.apple.AppKit:Image] ISImage reported a placeholder, image rep is providing a placeholder image for <private>
2026-09-14 11:40:50.880 I  PeachCommander[3066:32ed] [com.apple.AppKit:Image] ISImage reported a placeholder, image rep is providing a placeholder image for <private>
2026-09-14 11:40:50.881 I  PeachCommander[3066:32ed] [com.apple.AppKit:Image] ISImage reported a placeholder, image rep is providing a placeholder image for <private>
2026-09-14 11:40:50.881 I  PeachCommander[3066:32ed] [com.apple.AppKit:Image] ISImage reported a placeholder, image rep is providing a placeholder image for <private>
2026-09-14 11:40:50.882 I  PeachCommander[3066:32ed] [com.apple.AppKit:Image] ISImage reported a placeholder, image rep is providing a placeholder image for <private>
2026-09-14 11:40:50.883 I  PeachCommander[3066:32ed] [com.apple.AppKit:Image] ISImage reported a placeholder, image rep is providing a placeholder image for <private>
2026-09-14 11:40:50.884 I  PeachCommander[3066:32ed] [com.apple.AppKit:Image] ISImage reported a placeholder, image rep is providing a placeholder image for <private>
2026-09-14 11:40:50.884 I  PeachCommander[3066:32ed] [com.apple.AppKit:Image] ISImage reported a placeholder, image rep is providing a placeholder image for <private>
2026-09-14 11:40:50.885 I  PeachCommander[3066:32ed] [com.apple.AppKit:Image] ISImage reported a placeholder, image rep is providing a placeholder image for <private>
2026-09-14 11:40:50.885 I  PeachCommander[3066:32ed] [com.apple.AppKit:Image] ISImage reported a placeholder, image rep is providing a placeholder image for <private>
2026-09-14 11:40:50.886 I  PeachCommander[3066:32ed] [com.apple.AppKit:Image] ISImage reported a placeholder, image rep is providing a placeholder image for <private>
2026-09-14 11:40:50.886 I  PeachCommander[3066:32ed] [com.apple.AppKit:Image] ISImage reported a placeholder, image rep is providing a placeholder image for <private>
2026-09-14 11:40:50.887 I  PeachCommander[3066:32ed] [com.apple.AppKit:Image] ISImage reported a placeholder, image rep is providing a placeholder image for <private>
2026-09-14 11:40:50.887 I  PeachCommander[3066:32ed] [com.apple.AppKit:Image] ISImage reported a placeholder, image rep is providing a placeholder image for <private>
2026-09-14 11:40:50.888 I  PeachCommander[3066:32ed] [com.apple.AppKit:Image] ISImage reported a placeholder, image rep is providing a placeholder image for <private>
2026-09-14 11:40:50.888 I  PeachCommander[3066:32ed] [com.apple.AppKit:Image] ISImage reported a placeholder, image rep is providing a placeholder image for <private>
2026-09-14 11:40:50.889 I  PeachCommander[3066:32ed] [com.apple.AppKit:Image] ISImage reported a placeholder, image rep is providing a placeholder image for <private>
2026-09-14 11:40:50.889 I  PeachCommander[3066:32ed] [com.apple.AppKit:Image] ISImage reported a placeholder, image rep is providing a placeholder image for <private>
2026-09-14 11:40:50.890 I  PeachCommander[3066:32ed] [com.apple.AppKit:Image] ISImage reported a placeholder, image rep is providing a placeholder image for <private>
2026-09-14 11:40:50.890 I  PeachCommander[3066:32ed] [com.apple.AppKit:Image] ISImage reported a placeholder, image rep is providing a placeholder image for <private>
2026-09-14 11:40:50.891 I  PeachCommander[3066:32ed] [com.apple.AppKit:Image] ISImage reported a placeholder, image rep is providing a placeholder image for <private>
2026-09-14 11:40:50.891 I  PeachCommander[3066:32ed] [com.apple.AppKit:Image] ISImage reported a placeholder, image rep is providing a placeholder image for <private>
2026-09-14 11:40:50.892 I  PeachCommander[3066:32ed] [com.apple.AppKit:Image] ISImage reported a placeholder, image rep is providing a placeholder image for <private>
2026-09-14 11:40:50.892 I  PeachCommander[3066:32ed] [com.apple.AppKit:Image] ISImage reported a placeholder, image rep is providing a placeholder image for <private>
2026-09-14 11:40:50.893 I  PeachCommander[3066:32ed] [com.apple.AppKit:Image] ISImage reported a placeholder, image rep is providing a placeholder image for <private>
2026-09-14 11:40:50.893 I  PeachCommander[3066:32ed] [com.apple.AppKit:Image] ISImage reported a placeholder, image rep is providing a placeholder image for <private>
2026-09-14 11:40:50.894 I  PeachCommander[3066:32ed] [com.apple.AppKit:Image] ISImage reported a placeholder, image rep is providing a placeholder image for <private>
2026-09-14 11:40:50.894 I  PeachCommander[3066:32ed] [com.apple.AppKit:Image] ISImage reported a placeholder, image rep is providing a placeholder image for <private>
2026-09-14 11:40:50.895 I  PeachCommander[3066:32ed] [com.apple.AppKit:Image] ISImage reported a placeholder, image rep is providing a placeholder image for <private>
2026-09-14 11:40:50.895 I  PeachCommander[3066:32ed] [com.apple.AppKit:Image] ISImage reported a placeholder, image rep is providing a placeholder image for <private>
2026-09-14 11:40:50.896 I  PeachCommander[3066:32ed] [com.apple.AppKit:Image] ISImage reported a placeholder, image rep is providing a placeholder image for <private>
2026-09-14 11:40:50.896 I  PeachCommander[3066:32ed] [com.apple.AppKit:Image] ISImage reported a placeholder, image rep is providing a placeholder image for <private>
2026-09-14 11:40:50.897 I  PeachCommander[3066:32ed] [com.apple.AppKit:Image] ISImage reported a placeholder, image rep is providing a placeholder image for <private>
2026-09-14 11:40:50.897 I  PeachCommander[3066:32ed] [com.apple.AppKit:Image] ISImage reported a placeholder, image rep is providing a placeholder image for <private>
2026-09-14 11:40:50.898 I  PeachCommander[3066:32ed] [com.apple.AppKit:Image] ISImage reported a placeholder, image rep is providing a placeholder image for <private>
2026-09-14 11:40:50.898 I  PeachCommander[3066:32ed] [com.apple.AppKit:Image] ISImage reported a placeholder, image rep is providing a placeholder image for <private>
2026-09-14 11:40:50.969 Df PeachCommander[3066:32ed] (Foundation) <private>
2026-09-14 11:40:50.969 I  PeachCommander[3066:32ed] [com.peachcommander:PCFoundation] [automation] > syncselect all|/Users/admin/twowaysel.txt
2026-09-14 11:40:50.974 Df PeachCommander[3066:32ed] (Foundation) <private>
2026-09-14 11:40:50.974 I  PeachCommander[3066:32ed] [com.peachcommander:PCFoundation] [automation] > wait 500
2026-09-14 11:40:51.006 I  PeachCommander[3066:32ed] [com.apple.AppKit:Image] ISImage reported a placeholder, image rep is providing a placeholder image for <private>
2026-09-14 11:40:51.007 I  PeachCommander[3066:32ed] [com.apple.AppKit:Image] ISImage reported a placeholder, image rep is providing a placeholder image for <private>
2026-09-14 11:40:51.007 I  PeachCommander[3066:32ed] [com.apple.AppKit:Image] ISImage reported a placeholder, image rep is providing a placeholder image for <private>
2026-09-14 11:40:51.008 I  PeachCommander[3066:32ed] [com.apple.AppKit:Image] ISImage reported a placeholder, image rep is providing a placeholder image for <private>
2026-09-14 11:40:51.009 I  PeachCommander[3066:32ed] [com.apple.AppKit:Image] ISImage reported a placeholder, image rep is providing a placeholder image for <private>
2026-09-14 11:40:51.009 I  PeachCommander[3066:32ed] [com.apple.AppKit:Image] ISImage reported a placeholder, image rep is providing a placeholder image for <private>
2026-09-14 11:40:51.010 I  PeachCommander[3066:32ed] [com.apple.AppKit:Image] ISImage reported a placeholder, image rep is providing a placeholder image for <private>
2026-09-14 11:40:51.010 I  PeachCommander[3066:32ed] [com.apple.AppKit:Image] ISImage reported a placeholder, image rep is providing a placeholder image for <private>
2026-09-14 11:40:51.011 I  PeachCommander[3066:32ed] [com.apple.AppKit:Image] ISImage reported a placeholder, image rep is providing a placeholder image for <private>
2026-09-14 11:40:51.011 I  PeachCommander[3066:32ed] [com.apple.AppKit:Image] ISImage reported a placeholder, image rep is providing a placeholder image for <private>
2026-09-14 11:40:51.012 I  PeachCommander[3066:32ed] [com.apple.AppKit:Image] ISImage reported a placeholder, image rep is providing a placeholder image for <private>
2026-09-14 11:40:51.012 I  PeachCommander[3066:32ed] [com.apple.AppKit:Image] ISImage reported a placeholder, image rep is providing a placeholder image for <private>
2026-09-14 11:40:51.013 I  PeachCommander[3066:32ed] [com.apple.AppKit:Image] ISImage reported a placeholder, image rep is providing a placeholder image for <private>
2026-09-14 11:40:51.013 I  PeachCommander[3066:32ed] [com.apple.AppKit:Image] ISImage reported a placeholder, image rep is providing a placeholder image for <private>
2026-09-14 11:40:51.014 I  PeachCommander[3066:32ed] [com.apple.AppKit:Image] ISImage reported a placeholder, image rep is providing a placeholder image for <private>
2026-09-14 11:40:51.014 I  PeachCommander[3066:32ed] [com.apple.AppKit:Image] ISImage reported a placeholder, image rep is providing a placeholder image for <private>
2026-09-14 11:40:51.015 I  PeachCommander[3066:32ed] [com.apple.AppKit:Image] ISImage reported a placeholder, image rep is providing a placeholder image for <private>
2026-09-14 11:40:51.015 I  PeachCommander[3066:32ed] [com.apple.AppKit:Image] ISImage reported a placeholder, image rep is providing a placeholder image for <private>
2026-09-14 11:40:51.016 I  PeachCommander[3066:32ed] [com.apple.AppKit:Image] ISImage reported a placeholder, image rep is providing a placeholder image for <private>
2026-09-14 11:40:51.017 I  PeachCommander[3066:32ed] [com.apple.AppKit:Image] ISImage reported a placeholder, image rep is providing a placeholder image for <private>
2026-09-14 11:40:51.017 I  PeachCommander[3066:32ed] [com.apple.AppKit:Image] ISImage reported a placeholder, image rep is providing a placeholder image for <private>
2026-09-14 11:40:51.018 I  PeachCommander[3066:32ed] [com.apple.AppKit:Image] ISImage reported a placeholder, image rep is providing a placeholder image for <private>
2026-09-14 11:40:51.018 I  PeachCommander[3066:32ed] [com.apple.AppKit:Image] ISImage reported a placeholder, image rep is providing a placeholder image for <private>
2026-09-14 11:40:51.019 I  PeachCommander[3066:32ed] [com.apple.AppKit:Image] ISImage reported a placeholder, image rep is providing a placeholder image for <private>
2026-09-14 11:40:51.020 I  PeachCommander[3066:32ed] [com.apple.AppKit:Image] ISImage reported a placeholder, image rep is providing a placeholder image for <private>
2026-09-14 11:40:51.020 I  PeachCommander[3066:32ed] [com.apple.AppKit:Image] ISImage reported a placeholder, image rep is providing a placeholder image for <private>
2026-09-14 11:40:51.021 I  PeachCommander[3066:32ed] [com.apple.AppKit:Image] ISImage reported a placeholder, image rep is providing a placeholder image for <private>
2026-09-14 11:40:51.021 I  PeachCommander[3066:32ed] [com.apple.AppKit:Image] ISImage reported a placeholder, image rep is providing a placeholder image for <private>
2026-09-14 11:40:51.021 I  PeachCommander[3066:32ed] [com.apple.AppKit:Image] ISImage reported a placeholder, image rep is providing a placeholder image for <private>
2026-09-14 11:40:51.022 I  PeachCommander[3066:32ed] [com.apple.AppKit:Image] ISImage reported a placeholder, image rep is providing a placeholder image for <private>
2026-09-14 11:40:51.022 I  PeachCommander[3066:32ed] [com.apple.AppKit:Image] ISImage reported a placeholder, image rep is providing a placeholder image for <private>
2026-09-14 11:40:51.023 I  PeachCommander[3066:32ed] [com.apple.AppKit:Image] ISImage reported a placeholder, image rep is providing a placeholder image for <private>
2026-09-14 11:40:51.023 I  PeachCommander[3066:32ed] [com.apple.AppKit:Image] ISImage reported a placeholder, image rep is providing a placeholder image for <private>
2026-09-14 11:40:51.024 I  PeachCommander[3066:32ed] [com.apple.AppKit:Image] ISImage reported a placeholder, image rep is providing a placeholder image for <private>
2026-09-14 11:40:51.024 I  PeachCommander[3066:32ed] [com.apple.AppKit:Image] ISImage reported a placeholder, image rep is providing a placeholder image for <private>
2026-09-14 11:40:51.025 I  PeachCommander[3066:32ed] [com.apple.AppKit:Image] ISImage reported a placeholder, image rep is providing a placeholder image for <private>
2026-09-14 11:40:51.025 I  PeachCommander[3066:32ed] [com.apple.AppKit:Image] ISImage reported a placeholder, image rep is providing a placeholder image for <private>
2026-09-14 11:40:51.027 I  PeachCommander[3066:32ed] [com.apple.AppKit:Image] ISImage reported a placeholder, image rep is providing a placeholder image for <private>
2026-09-14 11:40:51.027 I  PeachCommander[3066:32ed] [com.apple.AppKit:Image] ISImage reported a placeholder, image rep is providing a placeholder image for <private>
2026-09-14 11:40:51.028 I  PeachCommander[3066:32ed] [com.apple.AppKit:Image] ISImage reported a placeholder, image rep is providing a placeholder image for <private>
2026-09-14 11:40:51.028 I  PeachCommander[3066:32ed] [com.apple.AppKit:Image] ISImage reported a placeholder, image rep is providing a placeholder image for <private>
2026-09-14 11:40:51.029 I  PeachCommander[3066:32ed] [com.apple.AppKit:Image] ISImage reported a placeholder, image rep is providing a placeholder image for <private>
2026-09-14 11:40:51.029 I  PeachCommander[3066:32ed] [com.apple.AppKit:Image] ISImage reported a placeholder, image rep is providing a placeholder image for <private>
2026-09-14 11:40:51.030 I  PeachCommander[3066:32ed] [com.apple.AppKit:Image] ISImage reported a placeholder, image rep is providing a placeholder image for <private>
2026-09-14 11:40:51.030 I  PeachCommander[3066:32ed] [com.apple.AppKit:Image] ISImage reported a placeholder, image rep is providing a placeholder image for <private>
2026-09-14 11:40:51.031 I  PeachCommander[3066:32ed] [com.apple.AppKit:Image] ISImage reported a placeholder, image rep is providing a placeholder image for <private>
2026-09-14 11:40:51.031 I  PeachCommander[3066:32ed] [com.apple.AppKit:Image] ISImage reported a placeholder, image rep is providing a placeholder image for <private>
2026-09-14 11:40:51.032 I  PeachCommander[3066:32ed] [com.apple.AppKit:Image] ISImage reported a placeholder, image rep is providing a placeholder image for <private>
2026-09-14 11:40:51.032 I  PeachCommander[3066:32ed] [com.apple.AppKit:Image] ISImage reported a placeholder, image rep is providing a placeholder image for <private>
2026-09-14 11:40:51.033 I  PeachCommander[3066:32ed] [com.apple.AppKit:Image] ISImage reported a placeholder, image rep is providing a placeholder image for <private>
2026-09-14 11:40:51.033 I  PeachCommander[3066:32ed] [com.apple.AppKit:Image] ISImage reported a placeholder, image rep is providing a placeholder image for <private>
2026-09-14 11:40:51.034 I  PeachCommander[3066:32ed] [com.apple.AppKit:Image] ISImage reported a placeholder, image rep is providing a placeholder image for <private>
2026-09-14 11:40:51.034 I  PeachCommander[3066:32ed] [com.apple.AppKit:Image] ISImage reported a placeholder, image rep is providing a placeholder image for <private>
2026-09-14 11:40:51.035 I  PeachCommander[3066:32ed] [com.apple.AppKit:Image] ISImage reported a placeholder, image rep is providing a placeholder image for <private>
2026-09-14 11:40:51.035 I  PeachCommander[3066:32ed] [com.apple.AppKit:Image] ISImage reported a placeholder, image rep is providing a placeholder image for <private>
2026-09-14 11:40:51.036 I  PeachCommander[3066:32ed] [com.apple.AppKit:Image] ISImage reported a placeholder, image rep is providing a placeholder image for <private>
2026-09-14 11:40:51.036 I  PeachCommander[3066:32ed] [com.apple.AppKit:Image] ISImage reported a placeholder, image rep is providing a placeholder image for <private>
2026-09-14 11:40:51.037 I  PeachCommander[3066:32ed] [com.apple.AppKit:Image] ISImage reported a placeholder, image rep is providing a placeholder image for <private>
2026-09-14 11:40:51.037 I  PeachCommander[3066:32ed] [com.apple.AppKit:Image] ISImage reported a placeholder, image rep is providing a placeholder image for <private>
2026-09-14 11:40:51.038 I  PeachCommander[3066:32ed] [com.apple.AppKit:Image] ISImage reported a placeholder, image rep is providing a placeholder image for <private>
2026-09-14 11:40:51.038 I  PeachCommander[3066:32ed] [com.apple.AppKit:Image] ISImage reported a placeholder, image rep is providing a placeholder image for <private>
2026-09-14 11:40:51.039 I  PeachCommander[3066:32ed] [com.apple.AppKit:Image] ISImage reported a placeholder, image rep is providing a placeholder image for <private>
2026-09-14 11:40:51.039 I  PeachCommander[3066:32ed] [com.apple.AppKit:Image] ISImage reported a placeholder, image rep is providing a placeholder image for <private>
2026-09-14 11:40:51.040 I  PeachCommander[3066:32ed] [com.apple.AppKit:Image] ISImage reported a placeholder, image rep is providing a placeholder image for <private>
2026-09-14 11:40:51.040 I  PeachCommander[3066:32ed] [com.apple.AppKit:Image] ISImage reported a placeholder, image rep is providing a placeholder image for <private>
2026-09-14 11:40:51.041 I  PeachCommander[3066:32ed] [com.apple.AppKit:Image] ISImage reported a placeholder, image rep is providing a placeholder image for <private>
2026-09-14 11:40:51.041 I  PeachCommander[3066:32ed] [com.apple.AppKit:Image] ISImage reported a placeholder, image rep is providing a placeholder image for <private>
2026-09-14 11:40:51.042 I  PeachCommander[3066:32ed] [com.apple.AppKit:Image] ISImage reported a placeholder, image rep is providing a placeholder image for <private>
2026-09-14 11:40:51.042 I  PeachCommander[3066:32ed] [com.apple.AppKit:Image] ISImage reported a placeholder, image rep is providing a placeholder image for <private>
2026-09-14 11:40:51.043 I  PeachCommander[3066:32ed] [com.apple.AppKit:Image] ISImage reported a placeholder, image rep is providing a placeholder image for <private>
2026-09-14 11:40:51.043 I  PeachCommander[3066:32ed] [com.apple.AppKit:Image] ISImage reported a placeholder, image rep is providing a placeholder image for <private>
2026-09-14 11:40:51.044 I  PeachCommander[3066:32ed] [com.apple.AppKit:Image] ISImage reported a placeholder, image rep is providing a placeholder image for <private>
2026-09-14 11:40:51.044 I  PeachCommander[3066:32ed] [com.apple.AppKit:Image] ISImage reported a placeholder, image rep is providing a placeholder image for <private>
2026-09-14 11:40:51.045 I  PeachCommander[3066:32ed] [com.apple.AppKit:Image] ISImage reported a placeholder, image rep is providing a placeholder image for <private>
2026-09-14 11:40:51.045 I  PeachCommander[3066:32ed] [com.apple.AppKit:Image] ISImage reported a placeholder, image rep is providing a placeholder image for <private>
2026-09-14 11:40:51.046 I  PeachCommander[3066:32ed] [com.apple.AppKit:Image] ISImage reported a placeholder, image rep is providing a placeholder image for <private>
2026-09-14 11:40:51.046 I  PeachCommander[3066:32ed] [com.apple.AppKit:Image] ISImage reported a placeholder, image rep is providing a placeholder image for <private>
2026-09-14 11:40:51.047 I  PeachCommander[3066:32ed] [com.apple.AppKit:Image] ISImage reported a placeholder, image rep is providing a placeholder image for <private>
2026-09-14 11:40:51.047 I  PeachCommander[3066:32ed] [com.apple.AppKit:Image] ISImage reported a placeholder, image rep is providing a placeholder image for <private>
2026-09-14 11:40:51.048 I  PeachCommander[3066:32ed] [com.apple.AppKit:Image] ISImage reported a placeholder, image rep is providing a placeholder image for <private>
2026-09-14 11:40:51.048 I  PeachCommander[3066:32ed] [com.apple.AppKit:Image] ISImage reported a placeholder, image rep is providing a placeholder image for <private>
2026-09-14 11:40:51.132 I  PeachCommander[3066:32ed] [com.apple.AppKit:Image] ISImage reported a placeholder, image rep is providing a placeholder image for <private>
2026-09-14 11:40:51.132 I  PeachCommander[3066:32ed] [com.apple.AppKit:Image] ISImage reported a placeholder, image rep is providing a placeholder image for <private>
2026-09-14 11:40:51.133 I  PeachCommander[3066:32ed] [com.apple.AppKit:Image] ISImage reported a placeholder, image rep is providing a placeholder image for <private>
2026-09-14 11:40:51.133 I  PeachCommander[3066:32ed] [com.apple.AppKit:Image] ISImage reported a placeholder, image rep is providing a placeholder image for <private>
2026-09-14 11:40:51.134 I  PeachCommander[3066:32ed] [com.apple.AppKit:Image] ISImage reported a placeholder, image rep is providing a placeholder image for <private>
2026-09-14 11:40:51.134 I  PeachCommander[3066:32ed] [com.apple.AppKit:Image] ISImage reported a placeholder, image rep is providing a placeholder image for <private>
2026-09-14 11:40:51.135 I  PeachCommander[3066:32ed] [com.apple.AppKit:Image] ISImage reported a placeholder, image rep is providing a placeholder image for <private>
2026-09-14 11:40:51.136 I  PeachCommander[3066:32ed] [com.apple.AppKit:Image] ISImage reported a placeholder, image rep is providing a placeholder image for <private>
2026-09-14 11:40:51.136 I  PeachCommander[3066:32ed] [com.apple.AppKit:Image] ISImage reported a placeholder, image rep is providing a placeholder image for <private>
2026-09-14 11:40:51.137 I  PeachCommander[3066:32ed] [com.apple.AppKit:Image] ISImage reported a placeholder, image rep is providing a placeholder image for <private>
2026-09-14 11:40:51.138 I  PeachCommander[3066:32ed] [com.apple.AppKit:Image] ISImage reported a placeholder, image rep is providing a placeholder image for <private>
2026-09-14 11:40:51.138 I  PeachCommander[3066:32ed] [com.apple.AppKit:Image] ISImage reported a placeholder, image rep is providing a placeholder image for <private>
2026-09-14 11:40:51.139 I  PeachCommander[3066:32ed] [com.apple.AppKit:Image] ISImage reported a placeholder, image rep is providing a placeholder image for <private>
2026-09-14 11:40:51.139 I  PeachCommander[3066:32ed] [com.apple.AppKit:Image] ISImage reported a placeholder, image rep is providing a placeholder image for <private>
2026-09-14 11:40:51.140 I  PeachCommander[3066:32ed] [com.apple.AppKit:Image] ISImage reported a placeholder, image rep is providing a placeholder image for <private>
2026-09-14 11:40:51.140 I  PeachCommander[3066:32ed] [com.apple.AppKit:Image] ISImage reported a placeholder, image rep is providing a placeholder image for <private>
2026-09-14 11:40:51.141 I  PeachCommander[3066:32ed] [com.apple.AppKit:Image] ISImage reported a placeholder, image rep is providing a placeholder image for <private>
2026-09-14 11:40:51.142 I  PeachCommander[3066:32ed] [com.apple.AppKit:Image] ISImage reported a placeholder, image rep is providing a placeholder image for <private>
2026-09-14 11:40:51.142 I  PeachCommander[3066:32ed] [com.apple.AppKit:Image] ISImage reported a placeholder, image rep is providing a placeholder image for <private>
2026-09-14 11:40:51.143 I  PeachCommander[3066:32ed] [com.apple.AppKit:Image] ISImage reported a placeholder, image rep is providing a placeholder image for <private>
2026-09-14 11:40:51.143 I  PeachCommander[3066:32ed] [com.apple.AppKit:Image] ISImage reported a placeholder, image rep is providing a placeholder image for <private>
2026-09-14 11:40:51.144 I  PeachCommander[3066:32ed] [com.apple.AppKit:Image] ISImage reported a placeholder, image rep is providing a placeholder image for <private>
2026-09-14 11:40:51.145 I  PeachCommander[3066:32ed] [com.apple.AppKit:Image] ISImage reported a placeholder, image rep is providing a placeholder image for <private>
2026-09-14 11:40:51.145 I  PeachCommander[3066:32ed] [com.apple.AppKit:Image] ISImage reported a placeholder, image rep is providing a placeholder image for <private>
2026-09-14 11:40:51.146 I  PeachCommander[3066:32ed] [com.apple.AppKit:Image] ISImage reported a placeholder, image rep is providing a placeholder image for <private>
2026-09-14 11:40:51.146 I  PeachCommander[3066:32ed] [com.apple.AppKit:Image] ISImage reported a placeholder, image rep is providing a placeholder image for <private>
2026-09-14 11:40:51.147 I  PeachCommander[3066:32ed] [com.apple.AppKit:Image] ISImage reported a placeholder, image rep is providing a placeholder image for <private>
2026-09-14 11:40:51.148 I  PeachCommander[3066:32ed] [com.apple.AppKit:Image] ISImage reported a placeholder, image rep is providing a placeholder image for <private>
2026-09-14 11:40:51.148 I  PeachCommander[3066:32ed] [com.apple.AppKit:Image] ISImage reported a placeholder, image rep is providing a placeholder image for <private>
2026-09-14 11:40:51.149 I  PeachCommander[3066:32ed] [com.apple.AppKit:Image] ISImage reported a placeholder, image rep is providing a placeholder image for <private>
2026-09-14 11:40:51.149 I  PeachCommander[3066:32ed] [com.apple.AppKit:Image] ISImage reported a placeholder, image rep is providing a placeholder image for <private>
2026-09-14 11:40:51.150 I  PeachCommander[3066:32ed] [com.apple.AppKit:Image] ISImage reported a placeholder, image rep is providing a placeholder image for <private>
2026-09-14 11:40:51.150 I  PeachCommander[3066:32ed] [com.apple.AppKit:Image] ISImage reported a placeholder, image rep is providing a placeholder image for <private>
2026-09-14 11:40:51.151 I  PeachCommander[3066:32ed] [com.apple.AppKit:Image] ISImage reported a placeholder, image rep is providing a placeholder image for <private>
2026-09-14 11:40:51.151 I  PeachCommander[3066:32ed] [com.apple.AppKit:Image] ISImage reported a placeholder, image rep is providing a placeholder image for <private>
2026-09-14 11:40:51.152 I  PeachCommander[3066:32ed] [com.apple.AppKit:Image] ISImage reported a placeholder, image rep is providing a placeholder image for <private>
2026-09-14 11:40:51.152 I  PeachCommander[3066:32ed] [com.apple.AppKit:Image] ISImage reported a placeholder, image rep is providing a placeholder image for <private>
2026-09-14 11:40:51.153 I  PeachCommander[3066:32ed] [com.apple.AppKit:Image] ISImage reported a placeholder, image rep is providing a placeholder image for <private>
2026-09-14 11:40:51.153 I  PeachCommander[3066:32ed] [com.apple.AppKit:Image] ISImage reported a placeholder, image rep is providing a placeholder image for <private>
2026-09-14 11:40:51.154 I  PeachCommander[3066:32ed] [com.apple.AppKit:Image] ISImage reported a placeholder, image rep is providing a placeholder image for <private>
2026-09-14 11:40:51.154 I  PeachCommander[3066:32ed] [com.apple.AppKit:Image] ISImage reported a placeholder, image rep is providing a placeholder image for <private>
2026-09-14 11:40:51.155 I  PeachCommander[3066:32ed] [com.apple.AppKit:Image] ISImage reported a placeholder, image rep is providing a placeholder image for <private>
2026-09-14 11:40:51.155 I  PeachCommander[3066:32ed] [com.apple.AppKit:Image] ISImage reported a placeholder, image rep is providing a placeholder image for <private>
2026-09-14 11:40:51.156 I  PeachCommander[3066:32ed] [com.apple.AppKit:Image] ISImage reported a placeholder, image rep is providing a placeholder image for <private>
2026-09-14 11:40:51.156 I  PeachCommander[3066:32ed] [com.apple.AppKit:Image] ISImage reported a placeholder, image rep is providing a placeholder image for <private>
2026-09-14 11:40:51.157 I  PeachCommander[3066:32ed] [com.apple.AppKit:Image] ISImage reported a placeholder, image rep is providing a placeholder image for <private>
2026-09-14 11:40:51.157 I  PeachCommander[3066:32ed] [com.apple.AppKit:Image] ISImage reported a placeholder, image rep is providing a placeholder image for <private>
2026-09-14 11:40:51.158 I  PeachCommander[3066:32ed] [com.apple.AppKit:Image] ISImage reported a placeholder, image rep is providing a placeholder image for <private>
2026-09-14 11:40:51.158 I  PeachCommander[3066:32ed] [com.apple.AppKit:Image] ISImage reported a placeholder, image rep is providing a placeholder image for <private>
2026-09-14 11:40:51.159 I  PeachCommander[3066:32ed] [com.apple.AppKit:Image] ISImage reported a placeholder, image rep is providing a placeholder image for <private>
2026-09-14 11:40:51.159 I  PeachCommander[3066:32ed] [com.apple.AppKit:Image] ISImage reported a placeholder, image rep is providing a placeholder image for <private>
2026-09-14 11:40:51.160 I  PeachCommander[3066:32ed] [com.apple.AppKit:Image] ISImage reported a placeholder, image rep is providing a placeholder image for <private>
2026-09-14 11:40:51.160 I  PeachCommander[3066:32ed] [com.apple.AppKit:Image] ISImage reported a placeholder, image rep is providing a placeholder image for <private>
2026-09-14 11:40:51.161 I  PeachCommander[3066:32ed] [com.apple.AppKit:Image] ISImage reported a placeholder, image rep is providing a placeholder image for <private>
2026-09-14 11:40:51.161 I  PeachCommander[3066:32ed] [com.apple.AppKit:Image] ISImage reported a placeholder, image rep is providing a placeholder image for <private>
2026-09-14 11:40:51.162 I  PeachCommander[3066:32ed] [com.apple.AppKit:Image] ISImage reported a placeholder, image rep is providing a placeholder image for <private>
2026-09-14 11:40:51.162 I  PeachCommander[3066:32ed] [com.apple.AppKit:Image] ISImage reported a placeholder, image rep is providing a placeholder image for <private>
2026-09-14 11:40:51.163 I  PeachCommander[3066:32ed] [com.apple.AppKit:Image] ISImage reported a placeholder, image rep is providing a placeholder image for <private>
2026-09-14 11:40:51.163 I  PeachCommander[3066:32ed] [com.apple.AppKit:Image] ISImage reported a placeholder, image rep is providing a placeholder image for <private>
2026-09-14 11:40:51.164 I  PeachCommander[3066:32ed] [com.apple.AppKit:Image] ISImage reported a placeholder, image rep is providing a placeholder image for <private>
2026-09-14 11:40:51.164 I  PeachCommander[3066:32ed] [com.apple.AppKit:Image] ISImage reported a placeholder, image rep is providing a placeholder image for <private>
2026-09-14 11:40:51.165 I  PeachCommander[3066:32ed] [com.apple.AppKit:Image] ISImage reported a placeholder, image rep is providing a placeholder image for <private>
2026-09-14 11:40:51.165 I  PeachCommander[3066:32ed] [com.apple.AppKit:Image] ISImage reported a placeholder, image rep is providing a placeholder image for <private>
2026-09-14 11:40:51.166 I  PeachCommander[3066:32ed] [com.apple.AppKit:Image] ISImage reported a placeholder, image rep is providing a placeholder image for <private>
2026-09-14 11:40:51.166 I  PeachCommander[3066:32ed] [com.apple.AppKit:Image] ISImage reported a placeholder, image rep is providing a placeholder image for <private>
2026-09-14 11:40:51.167 I  PeachCommander[3066:32ed] [com.apple.AppKit:Image] ISImage reported a placeholder, image rep is providing a placeholder image for <private>
2026-09-14 11:40:51.167 I  PeachCommander[3066:32ed] [com.apple.AppKit:Image] ISImage reported a placeholder, image rep is providing a placeholder image for <private>
2026-09-14 11:40:51.168 I  PeachCommander[3066:32ed] [com.apple.AppKit:Image] ISImage reported a placeholder, image rep is providing a placeholder image for <private>
2026-09-14 11:40:51.168 I  PeachCommander[3066:32ed] [com.apple.AppKit:Image] ISImage reported a placeholder, image rep is providing a placeholder image for <private>
2026-09-14 11:40:51.169 I  PeachCommander[3066:32ed] [com.apple.AppKit:Image] ISImage reported a placeholder, image rep is providing a placeholder image for <private>
2026-09-14 11:40:51.169 I  PeachCommander[3066:32ed] [com.apple.AppKit:Image] ISImage reported a placeholder, image rep is providing a placeholder image for <private>
2026-09-14 11:40:51.170 I  PeachCommander[3066:32ed] [com.apple.AppKit:Image] ISImage reported a placeholder, image rep is providing a placeholder image for <private>
2026-09-14 11:40:51.170 I  PeachCommander[3066:32ed] [com.apple.AppKit:Image] ISImage reported a placeholder, image rep is providing a placeholder image for <private>
2026-09-14 11:40:51.171 I  PeachCommander[3066:32ed] [com.apple.AppKit:Image] ISImage reported a placeholder, image rep is providing a placeholder image for <private>
2026-09-14 11:40:51.171 I  PeachCommander[3066:32ed] [com.apple.AppKit:Image] ISImage reported a placeholder, image rep is providing a placeholder image for <private>
2026-09-14 11:40:51.172 I  PeachCommander[3066:32ed] [com.apple.AppKit:Image] ISImage reported a placeholder, image rep is providing a placeholder image for <private>
2026-09-14 11:40:51.172 I  PeachCommander[3066:32ed] [com.apple.AppKit:Image] ISImage reported a placeholder, image rep is providing a placeholder image for <private>
2026-09-14 11:40:51.173 I  PeachCommander[3066:32ed] [com.apple.AppKit:Image] ISImage reported a placeholder, image rep is providing a placeholder image for <private>
2026-09-14 11:40:51.173 I  PeachCommander[3066:32ed] [com.apple.AppKit:Image] ISImage reported a placeholder, image rep is providing a placeholder image for <private>
2026-09-14 11:40:51.174 I  PeachCommander[3066:32ed] [com.apple.AppKit:Image] ISImage reported a placeholder, image rep is providing a placeholder image for <private>
2026-09-14 11:40:51.174 I  PeachCommander[3066:32ed] [com.apple.AppKit:Image] ISImage reported a placeholder, image rep is providing a placeholder image for <private>
2026-09-14 11:40:51.509 Df PeachCommander[3066:32ed] (Foundation) <private>
2026-09-14 11:40:51.509 I  PeachCommander[3066:32ed] [com.peachcommander:PCFoundation] [automation] > syncrun
2026-09-14 11:40:51.509 Df PeachCommander[3066:32ed] (Foundation) <private>
2026-09-14 11:40:51.510 I  PeachCommander[3066:32ed] [com.peachcommander:PCFoundation] [automation] > wait 2200
2026-09-14 11:40:51.512 I  PeachCommander[3066:3302] [com.apple.FileProvider:default] [INFO] Loaded module <private> from bundle <private>
2026-09-14 11:40:51.514 I  PeachCommander[3066:3302] [com.apple.FileProvider:default] [INFO] Loaded module <private> from bundle <private>
2026-09-14 11:40:51.516 I  PeachCommander[3066:3302] [com.apple.FileProvider:default] [INFO] Loaded module <private> from bundle <private>
2026-09-14 11:40:51.516 I  PeachCommander[3066:3302] [com.apple.FileProvider:default] [INFO] Loaded 3 framework overrides modules.
2026-09-14 11:40:51.520 I  PeachCommander[3066:3302] [com.apple.CarbonCore:FileIDMap] FIDCopyFileIDMapForVolume FIDCopyFileIDMapForVolume: adding FileIDMap for vRefNum (-100)
2026-09-14 11:40:53.453 Df PeachCommander[3066:32ed] [com.apple.xpc:connection] [0xa1cf91a40] activating connection: mach=true listener=false peer=false name=mul-xpc (Apple)_OpenStep
2026-09-14 11:40:53.454 Df PeachCommander[3066:32ed] [com.apple.xpc:connection] [0xa1cf91b80] activating connection: mach=true listener=false peer=false name=com.apple.naturallanguaged
2026-09-14 11:40:53.759 Df PeachCommander[3066:32ed] (Foundation) <private>
2026-09-14 11:40:53.759 I  PeachCommander[3066:32ed] [com.peachcommander:PCFoundation] [automation] > syncstate /Users/admin/twoway.txt
2026-09-14 11:40:53.760 Df PeachCommander[3066:32ed] (Foundation) <private>
2026-09-14 11:40:53.760 I  PeachCommander[3066:32ed] [com.peachcommander:PCFoundation] [automation] done
2026-09-14 11:40:53.919 I  PeachCommander[3066:32ed] [com.apple.AppKit:Image] ISImage reported a placeholder, image rep is providing a placeholder image for <private>
2026-09-14 11:40:53.920 I  PeachCommander[3066:32ed] [com.apple.AppKit:Image] ISImage reported a placeholder, image rep is providing a placeholder image for <private>
2026-09-14 11:40:53.921 I  PeachCommander[3066:32ed] [com.apple.AppKit:Image] ISImage reported a placeholder, image rep is providing a placeholder image for <private>
2026-09-14 11:40:53.922 I  PeachCommander[3066:32ed] [com.apple.AppKit:Image] ISImage reported a placeholder, image rep is providing a placeholder image for <private>
2026-09-14 11:40:53.923 I  PeachCommander[3066:32ed] [com.apple.AppKit:Image] ISImage reported a placeholder, image rep is providing a placeholder image for <private>
2026-09-14 11:40:53.924 I  PeachCommander[3066:32ed] [com.apple.AppKit:Image] ISImage reported a placeholder, image rep is providing a placeholder image for <private>
2026-09-14 11:40:53.924 I  PeachCommander[3066:32ed] [com.apple.AppKit:Image] ISImage reported a placeholder, image rep is providing a placeholder image for <private>
2026-09-14 11:40:53.925 I  PeachCommander[3066:32ed] [com.apple.AppKit:Image] ISImage reported a placeholder, image rep is providing a placeholder image for <private>
2026-09-14 11:40:53.926 I  PeachCommander[3066:32ed] [com.apple.AppKit:Image] ISImage reported a placeholder, image rep is providing a placeholder image for <private>
2026-09-14 11:40:53.927 I  PeachCommander[3066:32ed] [com.apple.AppKit:Image] ISImage reported a placeholder, image rep is providing a placeholder image for <private>
2026-09-14 11:40:53.928 I  PeachCommander[3066:32ed] [com.apple.AppKit:Image] ISImage reported a placeholder, image rep is providing a placeholder image for <private>
2026-09-14 11:40:53.928 I  PeachCommander[3066:32ed] [com.apple.AppKit:Image] ISImage reported a placeholder, image rep is providing a placeholder image for <private>
2026-09-14 11:40:53.929 I  PeachCommander[3066:32ed] [com.apple.AppKit:Image] ISImage reported a placeholder, image rep is providing a placeholder image for <private>
2026-09-14 11:40:53.930 I  PeachCommander[3066:32ed] [com.apple.AppKit:Image] ISImage reported a placeholder, image rep is providing a placeholder image for <private>
2026-09-14 11:40:53.930 I  PeachCommander[3066:32ed] [com.apple.AppKit:Image] ISImage reported a placeholder, image rep is providing a placeholder image for <private>
2026-09-14 11:40:53.931 I  PeachCommander[3066:32ed] [com.apple.AppKit:Image] ISImage reported a placeholder, image rep is providing a placeholder image for <private>
2026-09-14 11:40:53.932 I  PeachCommander[3066:32ed] [com.apple.AppKit:Image] ISImage reported a placeholder, image rep is providing a placeholder image for <private>
2026-09-14 11:40:53.933 I  PeachCommander[3066:32ed] [com.apple.AppKit:Image] ISImage reported a placeholder, image rep is providing a placeholder image for <private>
2026-09-14 11:40:53.933 I  PeachCommander[3066:32ed] [com.apple.AppKit:Image] ISImage reported a placeholder, image rep is providing a placeholder image for <private>
2026-09-14 11:40:53.934 I  PeachCommander[3066:32ed] [com.apple.AppKit:Image] ISImage reported a placeholder, image rep is providing a placeholder image for <private>
2026-09-14 11:40:53.935 I  PeachCommander[3066:32ed] [com.apple.AppKit:Image] ISImage reported a placeholder, image rep is providing a placeholder image for <private>
2026-09-14 11:40:53.935 I  PeachCommander[3066:32ed] [com.apple.AppKit:Image] ISImage reported a placeholder, image rep is providing a placeholder image for <private>
2026-09-14 11:40:53.936 I  PeachCommander[3066:32ed] [com.apple.AppKit:Image] ISImage reported a placeholder, image rep is providing a placeholder image for <private>
2026-09-14 11:40:53.937 I  PeachCommander[3066:32ed] [com.apple.AppKit:Image] ISImage reported a placeholder, image rep is providing a placeholder image for <private>
2026-09-14 11:40:53.937 I  PeachCommander[3066:32ed] [com.apple.AppKit:Image] ISImage reported a placeholder, image rep is providing a placeholder image for <private>
2026-09-14 11:40:53.938 I  PeachCommander[3066:32ed] [com.apple.AppKit:Image] ISImage reported a placeholder, image rep is providing a placeholder image for <private>
2026-09-14 11:40:53.939 I  PeachCommander[3066:32ed] [com.apple.AppKit:Image] ISImage reported a placeholder, image rep is providing a placeholder image for <private>
2026-09-14 11:40:53.939 I  PeachCommander[3066:32ed] [com.apple.AppKit:Image] ISImage reported a placeholder, image rep is providing a placeholder image for <private>
2026-09-14 11:40:53.939 I  PeachCommander[3066:32ed] [com.apple.AppKit:Image] ISImage reported a placeholder, image rep is providing a placeholder image for <private>
2026-09-14 11:40:53.941 I  PeachCommander[3066:32ed] [com.apple.AppKit:Image] ISImage reported a placeholder, image rep is providing a placeholder image for <private>
2026-09-14 11:40:53.941 I  PeachCommander[3066:32ed] [com.apple.AppKit:Image] ISImage reported a placeholder, image rep is providing a placeholder image for <private>
2026-09-14 11:40:53.942 I  PeachCommander[3066:32ed] [com.apple.AppKit:Image] ISImage reported a placeholder, image rep is providing a placeholder image for <private>
2026-09-14 11:40:53.942 I  PeachCommander[3066:32ed] [com.apple.AppKit:Image] ISImage reported a placeholder, image rep is providing a placeholder image for <private>
2026-09-14 11:40:53.943 I  PeachCommander[3066:32ed] [com.apple.AppKit:Image] ISImage reported a placeholder, image rep is providing a placeholder image for <private>
2026-09-14 11:40:53.943 I  PeachCommander[3066:32ed] [com.apple.AppKit:Image] ISImage reported a placeholder, image rep is providing a placeholder image for <private>
2026-09-14 11:40:53.944 I  PeachCommander[3066:32ed] [com.apple.AppKit:Image] ISImage reported a placeholder, image rep is providing a placeholder image for <private>
2026-09-14 11:40:53.944 I  PeachCommander[3066:32ed] [com.apple.AppKit:Image] ISImage reported a placeholder, image rep is providing a placeholder image for <private>
2026-09-14 11:40:53.946 I  PeachCommander[3066:32ed] [com.apple.AppKit:Image] ISImage reported a placeholder, image rep is providing a placeholder image for <private>
2026-09-14 11:40:53.946 I  PeachCommander[3066:32ed] [com.apple.AppKit:Image] ISImage reported a placeholder, image rep is providing a placeholder image for <private>
2026-09-14 11:40:53.947 I  PeachCommander[3066:32ed] [com.apple.AppKit:Image] ISImage reported a placeholder, image rep is providing a placeholder image for <private>
2026-09-14 11:40:53.947 I  PeachCommander[3066:32ed] [com.apple.AppKit:Image] ISImage reported a placeholder, image rep is providing a placeholder image for <private>
2026-09-14 11:40:53.948 I  PeachCommander[3066:32ed] [com.apple.AppKit:Image] ISImage reported a placeholder, image rep is providing a placeholder image for <private>
2026-09-14 11:40:53.948 I  PeachCommander[3066:32ed] [com.apple.AppKit:Image] ISImage reported a placeholder, image rep is providing a placeholder image for <private>
2026-09-14 11:40:53.949 I  PeachCommander[3066:32ed] [com.apple.AppKit:Image] ISImage reported a placeholder, image rep is providing a placeholder image for <private>
2026-09-14 11:40:53.949 I  PeachCommander[3066:32ed] [com.apple.AppKit:Image] ISImage reported a placeholder, image rep is providing a placeholder image for <private>
2026-09-14 11:40:53.950 I  PeachCommander[3066:32ed] [com.apple.AppKit:Image] ISImage reported a placeholder, image rep is providing a placeholder image for <private>
2026-09-14 11:40:53.950 I  PeachCommander[3066:32ed] [com.apple.AppKit:Image] ISImage reported a placeholder, image rep is providing a placeholder image for <private>
2026-09-14 11:40:53.951 I  PeachCommander[3066:32ed] [com.apple.AppKit:Image] ISImage reported a placeholder, image rep is providing a placeholder image for <private>
2026-09-14 11:40:53.951 I  PeachCommander[3066:32ed] [com.apple.AppKit:Image] ISImage reported a placeholder, image rep is providing a placeholder image for <private>
2026-09-14 11:40:53.952 I  PeachCommander[3066:32ed] [com.apple.AppKit:Image] ISImage reported a placeholder, image rep is providing a placeholder image for <private>
2026-09-14 11:40:53.952 I  PeachCommander[3066:32ed] [com.apple.AppKit:Image] ISImage reported a placeholder, image rep is providing a placeholder image for <private>
2026-09-14 11:40:53.953 I  PeachCommander[3066:32ed] [com.apple.AppKit:Image] ISImage reported a placeholder, image rep is providing a placeholder image for <private>
2026-09-14 11:40:53.953 I  PeachCommander[3066:32ed] [com.apple.AppKit:Image] ISImage reported a placeholder, image rep is providing a placeholder image for <private>
2026-09-14 11:40:53.954 I  PeachCommander[3066:32ed] [com.apple.AppKit:Image] ISImage reported a placeholder, image rep is providing a placeholder image for <private>
2026-09-14 11:40:53.954 I  PeachCommander[3066:32ed] [com.apple.AppKit:Image] ISImage reported a placeholder, image rep is providing a placeholder image for <private>
2026-09-14 11:40:53.955 I  PeachCommander[3066:32ed] [com.apple.AppKit:Image] ISImage reported a placeholder, image rep is providing a placeholder image for <private>
2026-09-14 11:40:53.955 I  PeachCommander[3066:32ed] [com.apple.AppKit:Image] ISImage reported a placeholder, image rep is providing a placeholder image for <private>
2026-09-14 11:40:53.956 I  PeachCommander[3066:32ed] [com.apple.AppKit:Image] ISImage reported a placeholder, image rep is providing a placeholder image for <private>
2026-09-14 11:40:53.956 I  PeachCommander[3066:32ed] [com.apple.AppKit:Image] ISImage reported a placeholder, image rep is providing a placeholder image for <private>
2026-09-14 11:40:53.958 I  PeachCommander[3066:32ed] [com.apple.AppKit:Image] ISImage reported a placeholder, image rep is providing a placeholder image for <private>
2026-09-14 11:40:53.958 I  PeachCommander[3066:32ed] [com.apple.AppKit:Image] ISImage reported a placeholder, image rep is providing a placeholder image for <private>
2026-09-14 11:40:53.959 I  PeachCommander[3066:32ed] [com.apple.AppKit:Image] ISImage reported a placeholder, image rep is providing a placeholder image for <private>
2026-09-14 11:40:53.959 I  PeachCommander[3066:32ed] [com.apple.AppKit:Image] ISImage reported a placeholder, image rep is providing a placeholder image for <private>
2026-09-14 11:40:53.960 I  PeachCommander[3066:32ed] [com.apple.AppKit:Image] ISImage reported a placeholder, image rep is providing a placeholder image for <private>
2026-09-14 11:40:53.960 I  PeachCommander[3066:32ed] [com.apple.AppKit:Image] ISImage reported a placeholder, image rep is providing a placeholder image for <private>
2026-09-14 11:40:53.961 I  PeachCommander[3066:32ed] [com.apple.AppKit:Image] ISImage reported a placeholder, image rep is providing a placeholder image for <private>
2026-09-14 11:40:53.961 I  PeachCommander[3066:32ed] [com.apple.AppKit:Image] ISImage reported a placeholder, image rep is providing a placeholder image for <private>
2026-09-14 11:40:53.962 I  PeachCommander[3066:32ed] [com.apple.AppKit:Image] ISImage reported a placeholder, image rep is providing a placeholder image for <private>
2026-09-14 11:40:53.962 I  PeachCommander[3066:32ed] [com.apple.AppKit:Image] ISImage reported a placeholder, image rep is providing a placeholder image for <private>
2026-09-14 11:40:53.963 I  PeachCommander[3066:32ed] [com.apple.AppKit:Image] ISImage reported a placeholder, image rep is providing a placeholder image for <private>
2026-09-14 11:40:53.963 I  PeachCommander[3066:32ed] [com.apple.AppKit:Image] ISImage reported a placeholder, image rep is providing a placeholder image for <private>
2026-09-14 11:40:53.964 I  PeachCommander[3066:32ed] [com.apple.AppKit:Image] ISImage reported a placeholder, image rep is providing a placeholder image for <private>
2026-09-14 11:40:53.964 I  PeachCommander[3066:32ed] [com.apple.AppKit:Image] ISImage reported a placeholder, image rep is providing a placeholder image for <private>
2026-09-14 11:40:53.965 I  PeachCommander[3066:32ed] [com.apple.AppKit:Image] ISImage reported a placeholder, image rep is providing a placeholder image for <private>
2026-09-14 11:40:53.965 I  PeachCommander[3066:32ed] [com.apple.AppKit:Image] ISImage reported a placeholder, image rep is providing a placeholder image for <private>
2026-09-14 11:40:53.966 I  PeachCommander[3066:32ed] [com.apple.AppKit:Image] ISImage reported a placeholder, image rep is providing a placeholder image for <private>
2026-09-14 11:40:53.966 I  PeachCommander[3066:32ed] [com.apple.AppKit:Image] ISImage reported a placeholder, image rep is providing a placeholder image for <private>
2026-09-14 11:40:53.967 I  PeachCommander[3066:32ed] [com.apple.AppKit:Image] ISImage reported a placeholder, image rep is providing a placeholder image for <private>
2026-09-14 11:40:53.967 I  PeachCommander[3066:32ed] [com.apple.AppKit:Image] ISImage reported a placeholder, image rep is providing a placeholder image for <private>
2026-09-14 11:40:53.968 I  PeachCommander[3066:32ed] [com.apple.AppKit:Image] ISImage reported a placeholder, image rep is providing a placeholder image for <private>
2026-09-14 11:40:53.968 I  PeachCommander[3066:32ed] [com.apple.AppKit:Image] ISImage reported a placeholder, image rep is providing a placeholder image for <private>
2026-09-14 11:40:54.055 I  PeachCommander[3066:32ed] [com.apple.AppKit:Image] ISImage reported a placeholder, image rep is providing a placeholder image for <private>
2026-09-14 11:40:54.055 I  PeachCommander[3066:32ed] [com.apple.AppKit:Image] ISImage reported a placeholder, image rep is providing a placeholder image for <private>
2026-09-14 11:40:54.056 I  PeachCommander[3066:32ed] [com.apple.AppKit:Image] ISImage reported a placeholder, image rep is providing a placeholder image for <private>
2026-09-14 11:40:54.056 I  PeachCommander[3066:32ed] [com.apple.AppKit:Image] ISImage reported a placeholder, image rep is providing a placeholder image for <private>
2026-09-14 11:40:54.057 I  PeachCommander[3066:32ed] [com.apple.AppKit:Image] ISImage reported a placeholder, image rep is providing a placeholder image for <private>
2026-09-14 11:40:54.058 I  PeachCommander[3066:32ed] [com.apple.AppKit:Image] ISImage reported a placeholder, image rep is providing a placeholder image for <private>
2026-09-14 11:40:54.058 I  PeachCommander[3066:32ed] [com.apple.AppKit:Image] ISImage reported a placeholder, image rep is providing a placeholder image for <private>
2026-09-14 11:40:54.059 I  PeachCommander[3066:32ed] [com.apple.AppKit:Image] ISImage reported a placeholder, image rep is providing a placeholder image for <private>
2026-09-14 11:40:54.059 I  PeachCommander[3066:32ed] [com.apple.AppKit:Image] ISImage reported a placeholder, image rep is providing a placeholder image for <private>
2026-09-14 11:40:54.060 I  PeachCommander[3066:32ed] [com.apple.AppKit:Image] ISImage reported a placeholder, image rep is providing a placeholder image for <private>
2026-09-14 11:40:54.061 I  PeachCommander[3066:32ed] [com.apple.AppKit:Image] ISImage reported a placeholder, image rep is providing a placeholder image for <private>
2026-09-14 11:40:54.061 I  PeachCommander[3066:32ed] [com.apple.AppKit:Image] ISImage reported a placeholder, image rep is providing a placeholder image for <private>
2026-09-14 11:40:54.062 I  PeachCommander[3066:32ed] [com.apple.AppKit:Image] ISImage reported a placeholder, image rep is providing a placeholder image for <private>
2026-09-14 11:40:54.062 I  PeachCommander[3066:32ed] [com.apple.AppKit:Image] ISImage reported a placeholder, image rep is providing a placeholder image for <private>
2026-09-14 11:40:54.063 I  PeachCommander[3066:32ed] [com.apple.AppKit:Image] ISImage reported a placeholder, image rep is providing a placeholder image for <private>
2026-09-14 11:40:54.064 I  PeachCommander[3066:32ed] [com.apple.AppKit:Image] ISImage reported a placeholder, image rep is providing a placeholder image for <private>
2026-09-14 11:40:54.064 I  PeachCommander[3066:32ed] [com.apple.AppKit:Image] ISImage reported a placeholder, image rep is providing a placeholder image for <private>
2026-09-14 11:40:54.065 I  PeachCommander[3066:32ed] [com.apple.AppKit:Image] ISImage reported a placeholder, image rep is providing a placeholder image for <private>
2026-09-14 11:40:54.066 I  PeachCommander[3066:32ed] [com.apple.AppKit:Image] ISImage reported a placeholder, image rep is providing a placeholder image for <private>
2026-09-14 11:40:54.066 I  PeachCommander[3066:32ed] [com.apple.AppKit:Image] ISImage reported a placeholder, image rep is providing a placeholder image for <private>
2026-09-14 11:40:54.067 I  PeachCommander[3066:32ed] [com.apple.AppKit:Image] ISImage reported a placeholder, image rep is providing a placeholder image for <private>
2026-09-14 11:40:54.068 I  PeachCommander[3066:32ed] [com.apple.AppKit:Image] ISImage reported a placeholder, image rep is providing a placeholder image for <private>
2026-09-14 11:40:54.068 I  PeachCommander[3066:32ed] [com.apple.AppKit:Image] ISImage reported a placeholder, image rep is providing a placeholder image for <private>
2026-09-14 11:40:54.069 I  PeachCommander[3066:32ed] [com.apple.AppKit:Image] ISImage reported a placeholder, image rep is providing a placeholder image for <private>
2026-09-14 11:40:54.070 I  PeachCommander[3066:32ed] [com.apple.AppKit:Image] ISImage reported a placeholder, image rep is providing a placeholder image for <private>
2026-09-14 11:40:54.070 I  PeachCommander[3066:32ed] [com.apple.AppKit:Image] ISImage reported a placeholder, image rep is providing a placeholder image for <private>
2026-09-14 11:40:54.071 I  PeachCommander[3066:32ed] [com.apple.AppKit:Image] ISImage reported a placeholder, image rep is providing a placeholder image for <private>
2026-09-14 11:40:54.071 I  PeachCommander[3066:32ed] [com.apple.AppKit:Image] ISImage reported a placeholder, image rep is providing a placeholder image for <private>
2026-09-14 11:40:54.071 I  PeachCommander[3066:32ed] [com.apple.AppKit:Image] ISImage reported a placeholder, image rep is providing a placeholder image for <private>
2026-09-14 11:40:54.072 I  PeachCommander[3066:32ed] [com.apple.AppKit:Image] ISImage reported a placeholder, image rep is providing a placeholder image for <private>
2026-09-14 11:40:54.072 I  PeachCommander[3066:32ed] [com.apple.AppKit:Image] ISImage reported a placeholder, image rep is providing a placeholder image for <private>
2026-09-14 11:40:54.073 I  PeachCommander[3066:32ed] [com.apple.AppKit:Image] ISImage reported a placeholder, image rep is providing a placeholder image for <private>
2026-09-14 11:40:54.073 I  PeachCommander[3066:32ed] [com.apple.AppKit:Image] ISImage reported a placeholder, image rep is providing a placeholder image for <private>
2026-09-14 11:40:54.074 I  PeachCommander[3066:32ed] [com.apple.AppKit:Image] ISImage reported a placeholder, image rep is providing a placeholder image for <private>
2026-09-14 11:40:54.074 I  PeachCommander[3066:32ed] [com.apple.AppKit:Image] ISImage reported a placeholder, image rep is providing a placeholder image for <private>
2026-09-14 11:40:54.075 I  PeachCommander[3066:32ed] [com.apple.AppKit:Image] ISImage reported a placeholder, image rep is providing a placeholder image for <private>
2026-09-14 11:40:54.075 I  PeachCommander[3066:32ed] [com.apple.AppKit:Image] ISImage reported a placeholder, image rep is providing a placeholder image for <private>
2026-09-14 11:40:54.076 I  PeachCommander[3066:32ed] [com.apple.AppKit:Image] ISImage reported a placeholder, image rep is providing a placeholder image for <private>
2026-09-14 11:40:54.076 I  PeachCommander[3066:32ed] [com.apple.AppKit:Image] ISImage reported a placeholder, image rep is providing a placeholder image for <private>
2026-09-14 11:40:54.077 I  PeachCommander[3066:32ed] [com.apple.AppKit:Image] ISImage reported a placeholder, image rep is providing a placeholder image for <private>
2026-09-14 11:40:54.077 I  PeachCommander[3066:32ed] [com.apple.AppKit:Image] ISImage reported a placeholder, image rep is providing a placeholder image for <private>
2026-09-14 11:40:54.079 I  PeachCommander[3066:32ed] [com.apple.AppKit:Image] ISImage reported a placeholder, image rep is providing a placeholder image for <private>
2026-09-14 11:40:54.079 I  PeachCommander[3066:32ed] [com.apple.AppKit:Image] ISImage reported a placeholder, image rep is providing a placeholder image for <private>
2026-09-14 11:40:54.080 I  PeachCommander[3066:32ed] [com.apple.AppKit:Image] ISImage reported a placeholder, image rep is providing a placeholder image for <private>
2026-09-14 11:40:54.080 I  PeachCommander[3066:32ed] [com.apple.AppKit:Image] ISImage reported a placeholder, image rep is providing a placeholder image for <private>
2026-09-14 11:40:54.081 I  PeachCommander[3066:32ed] [com.apple.AppKit:Image] ISImage reported a placeholder, image rep is providing a placeholder image for <private>
2026-09-14 11:40:54.081 I  PeachCommander[3066:32ed] [com.apple.AppKit:Image] ISImage reported a placeholder, image rep is providing a placeholder image for <private>
2026-09-14 11:40:54.082 I  PeachCommander[3066:32ed] [com.apple.AppKit:Image] ISImage reported a placeholder, image rep is providing a placeholder image for <private>
2026-09-14 11:40:54.082 I  PeachCommander[3066:32ed] [com.apple.AppKit:Image] ISImage reported a placeholder, image rep is providing a placeholder image for <private>
2026-09-14 11:40:54.083 I  PeachCommander[3066:32ed] [com.apple.AppKit:Image] ISImage reported a placeholder, image rep is providing a placeholder image for <private>
2026-09-14 11:40:54.083 I  PeachCommander[3066:32ed] [com.apple.AppKit:Image] ISImage reported a placeholder, image rep is providing a placeholder image for <private>
2026-09-14 11:40:54.084 I  PeachCommander[3066:32ed] [com.apple.AppKit:Image] ISImage reported a placeholder, image rep is providing a placeholder image for <private>
2026-09-14 11:40:54.084 I  PeachCommander[3066:32ed] [com.apple.AppKit:Image] ISImage reported a placeholder, image rep is providing a placeholder image for <private>
2026-09-14 11:40:54.085 I  PeachCommander[3066:32ed] [com.apple.AppKit:Image] ISImage reported a placeholder, image rep is providing a placeholder image for <private>
2026-09-14 11:40:54.085 I  PeachCommander[3066:32ed] [com.apple.AppKit:Image] ISImage reported a placeholder, image rep is providing a placeholder image for <private>
2026-09-14 11:40:54.086 I  PeachCommander[3066:32ed] [com.apple.AppKit:Image] ISImage reported a placeholder, image rep is providing a placeholder image for <private>
2026-09-14 11:40:54.086 I  PeachCommander[3066:32ed] [com.apple.AppKit:Image] ISImage reported a placeholder, image rep is providing a placeholder image for <private>
2026-09-14 11:40:54.087 I  PeachCommander[3066:32ed] [com.apple.AppKit:Image] ISImage reported a placeholder, image rep is providing a placeholder image for <private>
2026-09-14 11:40:54.087 I  PeachCommander[3066:32ed] [com.apple.AppKit:Image] ISImage reported a placeholder, image rep is providing a placeholder image for <private>
2026-09-14 11:40:54.088 I  PeachCommander[3066:32ed] [com.apple.AppKit:Image] ISImage reported a placeholder, image rep is providing a placeholder image for <private>
2026-09-14 11:40:54.088 I  PeachCommander[3066:32ed] [com.apple.AppKit:Image] ISImage reported a placeholder, image rep is providing a placeholder image for <private>
2026-09-14 11:40:54.089 I  PeachCommander[3066:32ed] [com.apple.AppKit:Image] ISImage reported a placeholder, image rep is providing a placeholder image for <private>
2026-09-14 11:40:54.089 I  PeachCommander[3066:32ed] [com.apple.AppKit:Image] ISImage reported a placeholder, image rep is providing a placeholder image for <private>
2026-09-14 11:40:54.090 I  PeachCommander[3066:32ed] [com.apple.AppKit:Image] ISImage reported a placeholder, image rep is providing a placeholder image for <private>
2026-09-14 11:40:54.090 I  PeachCommander[3066:32ed] [com.apple.AppKit:Image] ISImage reported a placeholder, image rep is providing a placeholder image for <private>
2026-09-14 11:40:54.091 I  PeachCommander[3066:32ed] [com.apple.AppKit:Image] ISImage reported a placeholder, image rep is providing a placeholder image for <private>
2026-09-14 11:40:54.091 I  PeachCommander[3066:32ed] [com.apple.AppKit:Image] ISImage reported a placeholder, image rep is providing a placeholder image for <private>
2026-09-14 11:40:54.092 I  PeachCommander[3066:32ed] [com.apple.AppKit:Image] ISImage reported a placeholder, image rep is providing a placeholder image for <private>
2026-09-14 11:40:54.092 I  PeachCommander[3066:32ed] [com.apple.AppKit:Image] ISImage reported a placeholder, image rep is providing a placeholder image for <private>
2026-09-14 11:40:54.093 I  PeachCommander[3066:32ed] [com.apple.AppKit:Image] ISImage reported a placeholder, image rep is providing a placeholder image for <private>
2026-09-14 11:40:54.093 I  PeachCommander[3066:32ed] [com.apple.AppKit:Image] ISImage reported a placeholder, image rep is providing a placeholder image for <private>
2026-09-14 11:40:54.094 I  PeachCommander[3066:32ed] [com.apple.AppKit:Image] ISImage reported a placeholder, image rep is providing a placeholder image for <private>
2026-09-14 11:40:54.094 I  PeachCommander[3066:32ed] [com.apple.AppKit:Image] ISImage reported a placeholder, image rep is providing a placeholder image for <private>
2026-09-14 11:40:54.095 I  PeachCommander[3066:32ed] [com.apple.AppKit:Image] ISImage reported a placeholder, image rep is providing a placeholder image for <private>
2026-09-14 11:40:54.095 I  PeachCommander[3066:32ed] [com.apple.AppKit:Image] ISImage reported a placeholder, image rep is providing a placeholder image for <private>
2026-09-14 11:40:54.096 I  PeachCommander[3066:32ed] [com.apple.AppKit:Image] ISImage reported a placeholder, image rep is providing a placeholder image for <private>
2026-09-14 11:40:54.096 I  PeachCommander[3066:32ed] [com.apple.AppKit:Image] ISImage reported a placeholder, image rep is providing a placeholder image for <private>
2026-09-14 11:40:54.097 I  PeachCommander[3066:32ed] [com.apple.AppKit:Image] ISImage reported a placeholder, image rep is providing a placeholder image for <private>
2026-09-14 11:40:54.097 I  PeachCommander[3066:32ed] [com.apple.AppKit:Image] ISImage reported a placeholder, image rep is providing a placeholder image for <private>
2026-09-14 11:40:54.098 I  PeachCommander[3066:32ed] [com.apple.AppKit:Image] ISImage reported a placeholder, image rep is providing a placeholder image for <private>
2026-09-14 11:40:54.098 I  PeachCommander[3066:32ed] [com.apple.AppKit:Image] ISImage reported a placeholder, image rep is providing a placeholder image for <private>
