Timestamp               Ty Process[PID:TID]
2026-09-16 15:42:25.788 A  PeachCommander[14857:c5dc] (libsystem_info.dylib) Retrieve User by ID
2026-09-16 15:42:25.788 Df PeachCommander[14857:c5dc] [com.apple.xpc:connection] [0x1027d24d0] activating connection: mach=true listener=false peer=false name=com.apple.cfprefsd.daemon
2026-09-16 15:42:25.788 Df PeachCommander[14857:c5e4] [com.apple.xpc:connection] [0x1027d35d0] activating connection: mach=true listener=false peer=false name=com.apple.cfprefsd.agent
2026-09-16 15:42:25.790 Df PeachCommander[14857:c5dc] [com.apple.xpc:connection] [0x1027d7c30] activating connection: mach=true listener=false peer=false name=com.apple.coreservices.launchservicesd
2026-09-16 15:42:25.790 I  PeachCommander[14857:c5dc] [com.apple.launchservices:cas] Registering for notification <private> on default queue, to re-boostrap client connection.
2026-09-16 15:42:25.790 Df PeachCommander[14857:c5dc] [com.apple.xpc:connection] [0xaa6c80000] activating connection: mach=true listener=false peer=false name=com.apple.pasteboard.1
2026-09-16 15:42:25.790 Df PeachCommander[14857:c5dc] [com.apple.xpc:connection] [0xaa6c80140] activating connection: mach=true listener=false peer=false name=com.apple.distributed_notifications@Uv3
2026-09-16 15:42:25.792 Df PeachCommander[14857:c5dc] [com.apple.AppKit:AutomaticTermination] void _NSDisableAutomaticTerminationAndLog(NSString *) No windows open yet
2026-09-16 15:42:25.792 A  PeachCommander[14857:c5dc] (TCC) TCCAccessRequest() IPC
2026-09-16 15:42:25.792 Df PeachCommander[14857:c5dc] [com.apple.xpc:connection] [0xaa6c80280] activating connection: mach=true listener=false peer=false name=com.apple.tccd.system
2026-09-16 15:42:25.792 I  PeachCommander[14857:c5dc] [com.apple.TCC:access] SEND: 0/7 synchronous to com.apple.tccd.system: request: msgID=14857.1, function=TCCAccessRequest, service=kTCCServiceListenEvent,
2026-09-16 15:42:25.794 I  PeachCommander[14857:c5dc] [com.apple.TCC:access] RECV: synchronous reply <dictionary: 0xaa6c50000> { count = 5, transaction: 0, voucher = 0x0, contents =
	"prompt_type" => <uint64: 0x966c304177301b3f>: 1
	"auth_value" => <uint64: 0x966c304177301b3f>: 1
	"preflight_unknown" => <bool: 0x1f3191190>: true
	"auth_version" => <uint64: 0x966c304177301b3f>: 1
	"auth_reason" => <uint64: 0x966c304177301b1f>: 5
}
2026-09-16 15:42:25.794 Df PeachCommander[14857:c5dc] [com.apple.xpc:connection] [0xaa6c80280] invalidated after the last release of the connection object
2026-09-16 15:42:25.795 Df PeachCommander[14857:c5dc] [com.apple.SkyLight:default] server port 0x0000330b, session port 0x0000330b
2026-09-16 15:42:25.797 Df PeachCommander[14857:c5dc] [com.apple.SkyLight:default] New connection 0x6cfb main
2026-09-16 15:42:25.797 I  PeachCommander[14857:c5e5] [com.apple.SkyLight:processes] 0[outside of RPC]: First connection id 27899 mapped to ctx = 0xaa6c30f80
2026-09-16 15:42:25.798 I  PeachCommander[14857:c5dc] [com.apple.hiservices:processmgr] Checking in with CAS, pid=14857
2026-09-16 15:42:25.798 I  PeachCommander[14857:c5dc] [com.apple.launchservices:cas] LSApplicationCheckIn(), app being registered is:"/Users/admin/pc-test/PeachCommander.app/Contents/MacOS/PeachCommander"
2026-09-16 15:42:25.799 I  PeachCommander[14857:c5dc] [com.apple.launchservices:cas]  { "ApplicationType"="Foreground", "BuildMachineOSBuild"="25E246", "CFBundleDevelopmentRegion"="en", "CFBundleDocumentTypes"=( { "CFBundleTypeName"="Peach Commander Plugin Package", "CFBundleTypeRole"="Viewer", "LSHandlerRank"="Owner", "LSItemContentTypes"=( "com.peachcommander.plugin-package") }, { "CFBundleTypeName"="Peach Commander Workspace", "CFBundleTypeRole"="Viewer", "LSHandlerRank"="Owner", "LSItemContentTypes"=( "com.peachcommander.workspace") }), "CFBundleExecutable"="PeachCommander", "CFBundleExecutablePath"="/Users/admin/pc-test/PeachCommander.app/Contents/MacOS/PeachCommander", "CFBundleHelpBookFolder"="PeachCommander.help", "CFBundleHelpBookName"="Peach Commander Help", "CFBundleIconFile"="AppIcon", "CFBundleIconName"="AppIcon", "CFBundleIdentifier"="com.peachcommander.app", "CFBundleInfoDictionaryVersion"="6.0", "CFBundleName"="PeachCommander", "CFBundleNumericVersion"=419463168, "CFBundlePackageType"="APPL", "CFBundleShortVersionString"="0.9.1", "CFBundleSignature"="?????", "CFBundleS<…>
2026-09-16 15:42:25.799 Df PeachCommander[14857:c5dc] [com.apple.processmanager:front-35286506] CHECKIN: pid=14857
2026-09-16 15:42:25.800 Df PeachCommander[14857:c5dc] [com.apple.processmanager:front-35286506] CHECKEDIN: pid=14857 asn=0x0-0xb50b5 foreground=1
2026-09-16 15:42:25.800 I  PeachCommander[14857:c5dc] [com.apple.launchservices:cas] Setting processControlState to default PROC_SETPC_SUSPEND because application does not have LSProcessControlValue key
2026-09-16 15:42:25.800 Df PeachCommander[14857:c5dc] [com.apple.xpc:connection] [0xaa6c80280] activating connection: mach=false listener=true peer=false name=(anonymous)
2026-09-16 15:42:25.800 Df PeachCommander[14857:c5dc] [com.apple.xpc:connection] [0xaa6c80280] Connection returned listener port: 0x4103
2026-09-16 15:42:25.801 Df PeachCommander[14857:c5e4] [com.apple.xpc:connection] [0xaa7088300] activating connection: mach=false listener=false peer=true name=com.apple.xpc.anonymous.0xaa6c80280.peer[131].0xaa7088300
2026-09-16 15:42:25.801 Df PeachCommander[14857:c5dc] [com.apple.processmanager:front-35286506] FRONTLOGGING: version 1
2026-09-16 15:42:25.801 Df PeachCommander[14857:c5dc] [com.apple.processmanager:front-35286506] Registered, pid=14857 ASN=0x0,0xb50b5
2026-09-16 15:42:25.801 Df PeachCommander[14857:c5dc] [com.apple.xpc:connection] [0xaa6c803c0] activating connection: mach=true listener=false peer=false name=com.apple.analyticsd
2026-09-16 15:42:25.801 I  PeachCommander[14857:c5dc] [com.apple.CoreAnalytics:client] Daemon status changed from 0 to 1
2026-09-16 15:42:25.802 I  PeachCommander[14857:c5e4] [com.apple.CarbonCore:coreservicesdaemon] SCSession():SCSession( id=100, this=0x0x1027df240 option=65538) created, forUID=501 mach_port_t=0x4303.
2026-09-16 15:42:25.802 I  PeachCommander[14857:c5e4] [com.apple.CarbonCore:coreservicesdaemon] SCSession():SCSession( id=101, this=0x0x1027df380 option=65538) created, forUID=501 mach_port_t=0x4203.
2026-09-16 15:42:25.802 I  PeachCommander[14857:c5e4] [com.apple.CarbonCore:coreservicesdaemon] connectToCoreServicesD():Instantiating server (coreservicesd based) SCSession, port=0x4303 serverOptions=0x10002.
2026-09-16 15:42:25.802 I  PeachCommander[14857:c5dc] [com.apple.hiservices:processmgr] _RegisterApplication( pid 14857 => 0x0,0xb50b5) type=foreground
2026-09-16 15:42:25.802 Df PeachCommander[14857:c5dc] [com.apple.xpc:connection] [0xaa6c80280] Connection returned listener port: 0x4103
2026-09-16 15:42:25.802 I  PeachCommander[14857:c5dc] [com.apple.launchservices:cas] CFArrayRef _LSCopyLaunchModifiers(LSSessionID, LSASNRef _Nonnull), result for psn [ kLSCurrentApp ASN, 0x0,0x2]  is 1 items.
2026-09-16 15:42:25.802 Df PeachCommander[14857:c5dc] [com.apple.processmanager:front-35286506] BringForward: pid=14857 asn=0x0-0xb50b5 bringForward=1 foreground=1 uiElement=0 launchedByLS=1 modifiersCount=1 allDisabled=1
2026-09-16 15:42:25.802 Df PeachCommander[14857:c5dc] [com.apple.processmanager:front-35286506] BringFrontModifier: pid=14857 asn=0x0-0xb50b5 Modifier 0 hideAfter=0 hideOthers=0 dontMakeFrontmost=0 mouseDown=0/0 seed=0/0
2026-09-16 15:42:25.802 Df PeachCommander[14857:c5dc] [com.apple.processmanager:front-35286506] BringForward: pid=14857 asn=0x0-0xb50b5
2026-09-16 15:42:25.802 Df PeachCommander[14857:c5dc] [com.apple.processmanager:front-35286506] SetFrontProcess: asn=0x0-0xb50b5 options=0
2026-09-16 15:42:25.802 I  PeachCommander[14857:c5dc] [com.apple.SkyLight:processes] 0[outside of RPC]: SLPSetFrontProcess(0x0-0xb50b5 window=0 options=0x0
2026-09-16 15:42:25.802 Df PeachCommander[14857:c5e4] [com.apple.xpc:connection] [0xaa6c80500] activating connection: mach=true listener=false peer=false name=com.apple.lsd.mapdb
2026-09-16 15:42:25.802 Df PeachCommander[14857:c5ea] [com.apple.CoreAnalytics:client] Received configuration update from daemon (initial)
2026-09-16 15:42:25.804 Df PeachCommander[14857:c5dc] [com.apple.AppKit:Appearance] Current system appearance, (HLTB: 1), (SLS: 0)
2026-09-16 15:42:25.805 Df PeachCommander[14857:c5dc] (libMobileGestalt.dylib) No persisted cache on this platform.
2026-09-16 15:42:25.805 I  PeachCommander[14857:c5ea] [com.apple.launchservices:cas] information in shared memory for 0x0-0xb50b5 with seed 533 was still valid, so using cached info { "ApplicationType"="Foreground", "BuildMachineOSBuild"="25E246", "BundleIdentifierLowerCase"="com.peachcommander.app", "CFBundleDevelopmentRegion"="en", "CFBundleDocumentTypes"=( { "CFBundleTypeName"="Peach Commander Plugin Package", "CFBundleTypeRole"="Viewer", "LSHandlerRank"="Owner", "LSItemContentTypes"=( "com.peachcommander.plugin-package") }, { "CFBundleTypeName"="Peach Commander Workspace", "CFBundleTypeRole"="Viewer", "LSHandlerRank"="Owner", "LSItemContentTypes"=( "com.peachcommander.workspace") }), "CFBundleExecutable"="PeachCommander", "CFBundleExecutablePath"="/Users/admin/pc-test/PeachCommander.app/Contents/MacOS/PeachCommander", "CFBundleExecutablePathDeviceID"=16777225, "CFBundleExecutablePathINode"=488203, "CFBundleHelpBookFolder"="PeachCommander.help", "CFBundleHelpBookName"="Peach Commander Help", "CFBundleIconFile"="AppIcon", "CFBundleIconName"="AppIcon", "CFBundleIdentifier"="com.peachcommander.app", "CFBundleInfoDictionaryVersion"="6.0", "CFBundleName"="PeachCo<…>
2026-09-16 15:42:25.806 Df PeachCommander[14857:c5dc] (libMobileGestalt.dylib) Could not get size of EAN data (IOConnectCallScalarMethod kAppleNVMeEANGetSize returned 0xE00002E2)
2026-09-16 15:42:25.806 Df PeachCommander[14857:c5dc] (libMobileGestalt.dylib) Failed to copy 'aptk' from EAN
2026-09-16 15:42:25.806 Df PeachCommander[14857:c5dc] (libMobileGestalt.dylib) Failed to copy APTicket properties. Falling back to default policy.
2026-09-16 15:42:25.806 Df PeachCommander[14857:c5dc] (libMobileGestalt.dylib) Creating default MGSysConfigPolicy
2026-09-16 15:42:25.806 Df PeachCommander[14857:c5dc] (libMobileGestalt.dylib) CFDictionaryRef copySyscfgDictionary(void) enumeration of <private> failed.
2026-09-16 15:42:25.806 Df PeachCommander[14857:c5dc] (libMobileGestalt.dylib) Failed to find key <private>
2026-09-16 15:42:25.806 I  PeachCommander[14857:c5e4] [com.apple.launchservices:db] LaunchServices database schema version: 20971544
2026-09-16 15:42:25.808 Df PeachCommander[14857:c5dc] [com.apple.AppKit:Appearance] Current system appearance, (HLTB: 1), (SLS: 0)
2026-09-16 15:42:25.809 Df PeachCommander[14857:c5dc] [com.apple.AppKit:Appearance] Post-registration system appearance: (HLTB: 1)
2026-09-16 15:42:25.809 I  PeachCommander[14857:c5e4] [com.apple.launchservices:default] Unable to load Info.plist exceptions (eGPUOverrides)
2026-09-16 15:42:25.809 I  PeachCommander[14857:c5e4] [com.apple.launchservices:default] Unable to load Info.plist exceptions (gameModeOverrides)
2026-09-16 15:42:25.809 I  PeachCommander[14857:c5e4] [com.apple.launchservices:default] Unable to load Info.plist exceptions (identifiedGameOverrides)
2026-09-16 15:42:25.809 I  PeachCommander[14857:c5e4] [com.apple.launchservices:default] Unable to load Info.plist exceptions (SystemHiddenPreferred)
2026-09-16 15:42:25.810 Df PeachCommander[14857:c5dc] [com.apple.FrontBoard:Common] FBSWorkspace: endpoint monitoring is disabled.
2026-09-16 15:42:25.810 Df PeachCommander[14857:c5dc] [com.apple.FrontBoard:Common] FBSWorkspace: default shell endpoint is disabled.
2026-09-16 15:42:25.811 Df PeachCommander[14857:c5dc] [com.apple.runningboard:connection] Initializing connection
2026-09-16 15:42:25.811 Df PeachCommander[14857:c5dc] [com.apple.runningboard:process] Removing all cached process handles
2026-09-16 15:42:25.811 Df PeachCommander[14857:c5e5] [com.apple.runningboard:connection] Sending handshake request attempt #1 to server
2026-09-16 15:42:25.811 Df PeachCommander[14857:c5e5] [com.apple.runningboard:connection] Creating connection to com.apple.runningboard
2026-09-16 15:42:25.811 Df PeachCommander[14857:c5e5] [com.apple.xpc:connection] [0xaa6c80640] activating connection: mach=true listener=false peer=false name=com.apple.runningboard
2026-09-16 15:42:25.811 Df PeachCommander[14857:c5dc] [com.apple.xpc:connection] [0xaa6c80280] Connection returned listener port: 0x4103
2026-09-16 15:42:25.811 A  PeachCommander[14857:c5e4] (RunningBoardServices) didChangeInheritances
2026-09-16 15:42:25.811 I  PeachCommander[14857:c5dc] [com.apple.launchservices:cas] information in shared memory for 0x0-0xb50b5 with seed 533 was still valid, so using cached info { "ApplicationType"="Foreground", "BuildMachineOSBuild"="25E246", "BundleIdentifierLowerCase"="com.peachcommander.app", "CFBundleDevelopmentRegion"="en", "CFBundleDocumentTypes"=( { "CFBundleTypeName"="Peach Commander Plugin Package", "CFBundleTypeRole"="Viewer", "LSHandlerRank"="Owner", "LSItemContentTypes"=( "com.peachcommander.plugin-package") }, { "CFBundleTypeName"="Peach Commander Workspace", "CFBundleTypeRole"="Viewer", "LSHandlerRank"="Owner", "LSItemContentTypes"=( "com.peachcommander.workspace") }), "CFBundleExecutable"="PeachCommander", "CFBundleExecutablePath"="/Users/admin/pc-test/PeachCommander.app/Contents/MacOS/PeachCommander", "CFBundleExecutablePathDeviceID"=16777225, "CFBundleExecutablePathINode"=488203, "CFBundleHelpBookFolder"="PeachCommander.help", "CFBundleHelpBookName"="Peach Commander Help", "CFBundleIconFile"="AppIcon", "CFBundleIconName"="AppIcon", "CFBundleIdentifier"="com.peachcommander.app", "CFBundleInfoDictionaryVersion"="6.0", "CFBundleName"="PeachCo<…>
2026-09-16 15:42:25.812 Df PeachCommander[14857:c5e5] [com.apple.runningboard:connection] Handshake succeeded
2026-09-16 15:42:25.812 Df PeachCommander[14857:c5e5] [com.apple.runningboard:connection] Identity resolved as app<application.com.peachcommander.app.487009.488203(501)>
2026-09-16 15:42:25.813 Df PeachCommander[14857:c5dc] [com.apple.xpc:connection] [0xaa6c80280] Connection returned listener port: 0x4103
2026-09-16 15:42:25.814 A  PeachCommander[14857:c5ea] (AppIntents) appintents:register process
2026-09-16 15:42:25.815 Df PeachCommander[14857:c5ea] [com.apple.appintents:Connection] Created a new Process Instance Registry XPC connection (inactive)
2026-09-16 15:42:25.815 Df PeachCommander[14857:c5ea] [com.apple.xpc:connection] [0xaa6c808c0] activating connection: mach=true listener=false peer=false name=com.apple.linkd.autoShortcut
2026-09-16 15:42:25.815 Df PeachCommander[14857:c5ea] [com.apple.appintents:Connection] Activated connection to linkd (ApplicationService)
2026-09-16 15:42:25.815 Df PeachCommander[14857:c5ea] [com.apple.xpc:connection] [0xaa6c80a00] activating connection: mach=false listener=true peer=false name=(anonymous)
2026-09-16 15:42:25.815 I  PeachCommander[14857:c5dc] [com.apple.launchservices:cas] information in shared memory for 0x0-0xb50b5 with seed 533 was still valid, so using cached info { "ApplicationType"="Foreground", "BuildMachineOSBuild"="25E246", "BundleIdentifierLowerCase"="com.peachcommander.app", "CFBundleDevelopmentRegion"="en", "CFBundleDocumentTypes"=( { "CFBundleTypeName"="Peach Commander Plugin Package", "CFBundleTypeRole"="Viewer", "LSHandlerRank"="Owner", "LSItemContentTypes"=( "com.peachcommander.plugin-package") }, { "CFBundleTypeName"="Peach Commander Workspace", "CFBundleTypeRole"="Viewer", "LSHandlerRank"="Owner", "LSItemContentTypes"=( "com.peachcommander.workspace") }), "CFBundleExecutable"="PeachCommander", "CFBundleExecutablePath"="/Users/admin/pc-test/PeachCommander.app/Contents/MacOS/PeachCommander", "CFBundleExecutablePathDeviceID"=16777225, "CFBundleExecutablePathINode"=488203, "CFBundleHelpBookFolder"="PeachCommander.help", "CFBundleHelpBookName"="Peach Commander Help", "CFBundleIconFile"="AppIcon", "CFBundleIconName"="AppIcon", "CFBundleIdentifier"="com.peachcommander.app", "CFBundleInfoDictionaryVersion"="6.0", "CFBundleName"="PeachCo<…>
2026-09-16 15:42:25.815 I  PeachCommander[14857:c5dc] [com.apple.hiservices:processmgr] TransformProcessType(0x0,0x2 => 1 wasFront=1 pickNew=0)
2026-09-16 15:42:25.815 I  PeachCommander[14857:c5dc] [com.apple.CoreAnalytics:client] Dropping "com.apple.appkit.app_config" as it isn't used in any transform (not in the config or budgeted?)
2026-09-16 15:42:25.815 I  PeachCommander[14857:c5ea] [com.apple.appintents:Execution] LNAppConnectionListener instantiated
2026-09-16 15:42:25.815 Df PeachCommander[14857:c5ea] [com.apple.xpc:connection] [0xaa6c80a00] Connection returned listener port: 0x6403
2026-09-16 15:42:25.816 Df PeachCommander[14857:c5dc] [com.apple.dt.xctest:Default] Registering for test daemon availability notify post.
2026-09-16 15:42:25.816 Df PeachCommander[14857:c5dc] [com.apple.dt.xctest:Default] notify_get_state check indicated test daemon not ready.
2026-09-16 15:42:25.816 Df PeachCommander[14857:c5e5] [com.apple.xpc:connection] [0xaa6c808c0] Re-initialization successful; calling out to event handler with XPC_ERROR_CONNECTION_INTERRUPTED
2026-09-16 15:42:25.816 Df PeachCommander[14857:c5e5] [com.apple.appintents:Connection] Process Instance Registry XPC connection has been interrupted
2026-09-16 15:42:25.816 Df PeachCommander[14857:c5dc] [com.apple.dt.xctest:Default] notify_get_state check indicated test daemon not ready.
2026-09-16 15:42:25.816 E  PeachCommander[14857:c5ea] [com.apple.appintents:Connection] Unable to get synchronousRemoteObjectProxy, error: Error Domain=NSCocoaErrorDomain Code=4097 "connection to service named com.apple.linkd.autoShortcut" UserInfo={NSDebugDescription=connection to service named com.apple.linkd.autoShortcut}
2026-09-16 15:42:25.816 Df PeachCommander[14857:c5dc] [com.apple.dt.xctest:Default] notify_get_state check indicated test daemon not ready.
2026-09-16 15:42:25.816 E  PeachCommander[14857:c5ea] [com.apple.AppKit:Application] Error registering app with intents framework: Error Domain=NSCocoaErrorDomain Code=4097 UserInfo={NSDebugDescription=<private>}
2026-09-16 15:42:25.816 Df PeachCommander[14857:c5e5] [com.apple.appintents:Connection] Created a new Process Instance Registry XPC connection (inactive)
2026-09-16 15:42:25.816 A  PeachCommander[14857:c5e5] (AppIntents) appintents:register process
2026-09-16 15:42:25.816 Df PeachCommander[14857:c5e5] [com.apple.appintents:Connection] Created a new Process Instance Registry XPC connection (inactive)
2026-09-16 15:42:25.816 Df PeachCommander[14857:c5e5] [com.apple.xpc:connection] [0xaa6c80c80] activating connection: mach=true listener=false peer=false name=com.apple.linkd.autoShortcut
2026-09-16 15:42:25.817 Df PeachCommander[14857:c5e5] [com.apple.appintents:Connection] Activated connection to linkd (ApplicationService)
2026-09-16 15:42:25.817 Df PeachCommander[14857:c5e5] [com.apple.xpc:connection] [0xaa6c80a00] Connection returned listener port: 0x6403
2026-09-16 15:42:25.817 Df PeachCommander[14857:c5ea] [com.apple.xpc:connection] [0xaa6c80c80] Re-initialization successful; calling out to event handler with XPC_ERROR_CONNECTION_INTERRUPTED
2026-09-16 15:42:25.817 Df PeachCommander[14857:c5ea] [com.apple.appintents:Connection] Process Instance Registry XPC connection has been interrupted
2026-09-16 15:42:25.817 Df PeachCommander[14857:c5ea] [com.apple.appintents:Connection] Created a new Process Instance Registry XPC connection (inactive)
2026-09-16 15:42:25.817 A  PeachCommander[14857:c5ea] (AppIntents) appintents:register process
2026-09-16 15:42:25.817 E  PeachCommander[14857:c5e5] [com.apple.appintents:Connection] Unable to get synchronousRemoteObjectProxy, error: Error Domain=NSCocoaErrorDomain Code=4097 "connection to service named com.apple.linkd.autoShortcut" UserInfo={NSDebugDescription=connection to service named com.apple.linkd.autoShortcut}
2026-09-16 15:42:25.817 E  PeachCommander[14857:c5e5] [com.apple.appintents:Connection] Unable to re-register with Process Instance Registry, error: Error Domain=NSCocoaErrorDomain Code=4097 "connection to service named com.apple.linkd.autoShortcut" UserInfo={NSDebugDescription=connection to service named com.apple.linkd.autoShortcut}
2026-09-16 15:42:25.817 Df PeachCommander[14857:c5ea] [com.apple.appintents:Connection] Created a new Process Instance Registry XPC connection (inactive)
2026-09-16 15:42:25.817 Df PeachCommander[14857:c5ea] [com.apple.xpc:connection] [0xaa6c812c0] activating connection: mach=true listener=false peer=false name=com.apple.linkd.autoShortcut
2026-09-16 15:42:25.817 Df PeachCommander[14857:c5ea] [com.apple.appintents:Connection] Activated connection to linkd (ApplicationService)
2026-09-16 15:42:25.817 Df PeachCommander[14857:c5ea] [com.apple.xpc:connection] [0xaa6c80a00] Connection returned listener port: 0x6403
2026-09-16 15:42:25.817 Df PeachCommander[14857:c5e5] [com.apple.xpc:connection] [0xaa6c812c0] Re-initialization successful; calling out to event handler with XPC_ERROR_CONNECTION_INTERRUPTED
2026-09-16 15:42:25.817 Df PeachCommander[14857:c5e5] [com.apple.appintents:Connection] Process Instance Registry XPC connection has been interrupted
2026-09-16 15:42:25.817 E  PeachCommander[14857:c5ea] [com.apple.appintents:Connection] Unable to get synchronousRemoteObjectProxy, error: Error Domain=NSCocoaErrorDomain Code=4097 "connection to service named com.apple.linkd.autoShortcut" UserInfo={NSDebugDescription=connection to service named com.apple.linkd.autoShortcut}
2026-09-16 15:42:25.817 E  PeachCommander[14857:c5ea] [com.apple.appintents:Connection] Unable to re-register with Process Instance Registry, error: Error Domain=NSCocoaErrorDomain Code=4097 "connection to service named com.apple.linkd.autoShortcut" UserInfo={NSDebugDescription=connection to service named com.apple.linkd.autoShortcut}
2026-09-16 15:42:25.817 Df PeachCommander[14857:c5e4] [com.apple.appintents:Connection] Created a new Process Instance Registry XPC connection (inactive)
2026-09-16 15:42:25.817 A  PeachCommander[14857:c5e4] (AppIntents) appintents:register process
2026-09-16 15:42:25.817 Df PeachCommander[14857:c5e4] [com.apple.appintents:Connection] Created a new Process Instance Registry XPC connection (inactive)
2026-09-16 15:42:25.817 Df PeachCommander[14857:c5e4] [com.apple.xpc:connection] [0xaa6c81540] activating connection: mach=true listener=false peer=false name=com.apple.linkd.autoShortcut
2026-09-16 15:42:25.817 Df PeachCommander[14857:c5e4] [com.apple.appintents:Connection] Activated connection to linkd (ApplicationService)
2026-09-16 15:42:25.817 Df PeachCommander[14857:c5e4] [com.apple.xpc:connection] [0xaa6c80a00] Connection returned listener port: 0x6403
2026-09-16 15:42:25.818 Df PeachCommander[14857:c5e5] [com.apple.xpc:connection] [0xaa6c81540] Re-initialization successful; calling out to event handler with XPC_ERROR_CONNECTION_INTERRUPTED
2026-09-16 15:42:25.818 Df PeachCommander[14857:c5e5] [com.apple.appintents:Connection] Process Instance Registry XPC connection has been interrupted
2026-09-16 15:42:25.818 E  PeachCommander[14857:c5e5] [com.apple.appintents:Connection] Will NOT re-try to establish the connection
2026-09-16 15:42:25.818 E  PeachCommander[14857:c5e4] [com.apple.appintents:Connection] Unable to get synchronousRemoteObjectProxy, error: Error Domain=NSCocoaErrorDomain Code=4097 "connection to service named com.apple.linkd.autoShortcut" UserInfo={NSDebugDescription=connection to service named com.apple.linkd.autoShortcut}
2026-09-16 15:42:25.818 E  PeachCommander[14857:c5e4] [com.apple.appintents:Connection] Unable to re-register with Process Instance Registry, error: Error Domain=NSCocoaErrorDomain Code=4097 "connection to service named com.apple.linkd.autoShortcut" UserInfo={NSDebugDescription=connection to service named com.apple.linkd.autoShortcut}
2026-09-16 15:42:25.821 A  PeachCommander[14857:c5dc] (CoreFoundation) Loading Preferences From System CFPrefsD
2026-09-16 15:42:25.822 Df PeachCommander[14857:c5dc] (libMobileGestalt.dylib) couldn't load support library
2026-09-16 15:42:25.822 Df PeachCommander[14857:c5dc] (libMobileGestalt.dylib) called dummy function!
2026-09-16 15:42:25.822 I  PeachCommander[14857:c5dc] [com.apple.GenerativeModels:availability] Current availability state: unavailable, use cases: com.apple.WritingTools, language: <any>, api: <private>
2026-09-16 15:42:25.823 Df PeachCommander[14857:c5dc] [com.apple.GenerativeModels:availability] registering darwin observer for name: com.apple.gms.availability.notification
2026-09-16 15:42:25.823 Df PeachCommander[14857:c5dc] [com.apple.GenerativeModels:availability] registering darwin observer for name: com.apple.os-eligibility-domain.change.greymatter
2026-09-16 15:42:25.823 Df PeachCommander[14857:c5dc] [com.apple.GenerativeModels:availability] registering darwin observer for name: com.apple.language.changed
2026-09-16 15:42:25.823 Df PeachCommander[14857:c5dc] [com.apple.WritingTools:Default] isAvailable value changed: isMDMAllowed = true, gmAvailable (current) = false
2026-09-16 15:42:25.826 I  PeachCommander[14857:c5dc] [com.apple.CoreAnalytics:client] Dropping "com.apple.appkit.app_config" as it isn't used in any transform (not in the config or budgeted?)
2026-09-16 15:42:25.831 Df PeachCommander[14857:c5dc] [com.apple.AppKit:Appearance] NSApp cache appearance:
-NSRequiresAquaSystemAppearance: 0
-appearance: (null)
-effectiveAppearance: <NSCompositeAppearance: 0xaa70705a0
 (
    "<NSAquaAppearance: 0xaa7070780>",
    "<NSSystemAppearance: 0xaa70706e0>"
)>
2026-09-16 15:42:25.834 A  PeachCommander[14857:c5dc] (CoreFoundation) Loading Preferences From User CFPrefsD
2026-09-16 15:42:25.834 A  PeachCommander[14857:c5dc] (CoreFoundation) Loading Preferences From User CFPrefsD
2026-09-16 15:42:25.841 A  PeachCommander[14857:c5ea] (libsystem_info.dylib) Membership API: translate identifier
2026-09-16 15:42:25.844 I  PeachCommander[14857:c5dc] [com.apple.CoreAnalytics:client] Dropping "com.apple.appkit.app_config" as it isn't used in any transform (not in the config or budgeted?)
2026-09-16 15:42:25.844 I  PeachCommander[14857:c5dc] [com.apple.CoreAnalytics:client] Dropping "com.apple.appkit.app_config" as it isn't used in any transform (not in the config or budgeted?)
2026-09-16 15:42:25.846 Df PeachCommander[14857:c5e4] [com.apple.xpc:connection] [0xaa6c81a40] activating connection: mach=true listener=false peer=false name=com.apple.dock.fullscreen
2026-09-16 15:42:25.848 Df PeachCommander[14857:c5dc] [com.apple.xpc:connection] [0xaa6c81b80] activating connection: mach=true listener=false peer=false name=com.apple.fonts
2026-09-16 15:42:25.852 I  PeachCommander[14857:c5dc] [com.apple.launchservices:cas] information in shared memory for 0x0-0xb50b5 with seed 533 was still valid, so using cached info { "ApplicationType"="Foreground", "BuildMachineOSBuild"="25E246", "BundleIdentifierLowerCase"="com.peachcommander.app", "CFBundleDevelopmentRegion"="en", "CFBundleDocumentTypes"=( { "CFBundleTypeName"="Peach Commander Plugin Package", "CFBundleTypeRole"="Viewer", "LSHandlerRank"="Owner", "LSItemContentTypes"=( "com.peachcommander.plugin-package") }, { "CFBundleTypeName"="Peach Commander Workspace", "CFBundleTypeRole"="Viewer", "LSHandlerRank"="Owner", "LSItemContentTypes"=( "com.peachcommander.workspace") }), "CFBundleExecutable"="PeachCommander", "CFBundleExecutablePath"="/Users/admin/pc-test/PeachCommander.app/Contents/MacOS/PeachCommander", "CFBundleExecutablePathDeviceID"=16777225, "CFBundleExecutablePathINode"=488203, "CFBundleHelpBookFolder"="PeachCommander.help", "CFBundleHelpBookName"="Peach Commander Help", "CFBundleIconFile"="AppIcon", "CFBundleIconName"="AppIcon", "CFBundleIdentifier"="com.peachcommander.app", "CFBundleInfoDictionaryVersion"="6.0", "CFBundleName"="PeachCo<…>
2026-09-16 15:42:25.852 I  PeachCommander[14857:c5dc] [com.apple.CoreAnalytics:client] Dropping "com.apple.appkit.app_config" as it isn't used in any transform (not in the config or budgeted?)
2026-09-16 15:42:25.853 Df PeachCommander[14857:c5dc] [com.apple.AppKit:AutomaticTermination] -[NSApplication(NSAppssassination) _checkForAutomaticTerminationSupportPossiblyEnablingIt]_block_invoke Enabling automatic termination support.
2026-09-16 15:42:25.853 Df PeachCommander[14857:c5dc] [com.apple.xpc:connection] [0xaa6c80dc0] activating connection: mach=true listener=false peer=false name=com.apple.appkit.restoration_storage
2026-09-16 15:42:25.853 I  PeachCommander[14857:c5dc] [com.apple.launchservices:cas] information in shared memory for 0x0-0xb50b5 with seed 533 was still valid, so using cached info { "ApplicationType"="Foreground", "BuildMachineOSBuild"="25E246", "BundleIdentifierLowerCase"="com.peachcommander.app", "CFBundleDevelopmentRegion"="en", "CFBundleDocumentTypes"=( { "CFBundleTypeName"="Peach Commander Plugin Package", "CFBundleTypeRole"="Viewer", "LSHandlerRank"="Owner", "LSItemContentTypes"=( "com.peachcommander.plugin-package") }, { "CFBundleTypeName"="Peach Commander Workspace", "CFBundleTypeRole"="Viewer", "LSHandlerRank"="Owner", "LSItemContentTypes"=( "com.peachcommander.workspace") }), "CFBundleExecutable"="PeachCommander", "CFBundleExecutablePath"="/Users/admin/pc-test/PeachCommander.app/Contents/MacOS/PeachCommander", "CFBundleExecutablePathDeviceID"=16777225, "CFBundleExecutablePathINode"=488203, "CFBundleHelpBookFolder"="PeachCommander.help", "CFBundleHelpBookName"="Peach Commander Help", "CFBundleIconFile"="AppIcon", "CFBundleIconName"="AppIcon", "CFBundleIdentifier"="com.peachcommander.app", "CFBundleInfoDictionaryVersion"="6.0", "CFBundleName"="PeachCo<…>
2026-09-16 15:42:25.853 Df PeachCommander[14857:c5dc] [com.apple.xpc:connection] [0xaa6c80f00] activating connection: mach=true listener=false peer=false name=com.apple.coreservices.appleevents
2026-09-16 15:42:25.854 I  PeachCommander[14857:c5dc] [com.apple.appleevents:main] _AEGetRegisteredMachPort() created default port (port:44803/0xaf03 rcv:1 send:1 limit:5) and registered it with server
2026-09-16 15:42:25.854 Df PeachCommander[14857:c5dc] [com.apple.xpc:connection] [0xaa6c80280] Connection returned listener port: 0x4103
2026-09-16 15:42:25.854 I  PeachCommander[14857:c5dc] [com.apple.launchservices:cas] information in shared memory for 0x0-0xb50b5 with seed 533 was still valid, so using cached info { "ApplicationType"="Foreground", "BuildMachineOSBuild"="25E246", "BundleIdentifierLowerCase"="com.peachcommander.app", "CFBundleDevelopmentRegion"="en", "CFBundleDocumentTypes"=( { "CFBundleTypeName"="Peach Commander Plugin Package", "CFBundleTypeRole"="Viewer", "LSHandlerRank"="Owner", "LSItemContentTypes"=( "com.peachcommander.plugin-package") }, { "CFBundleTypeName"="Peach Commander Workspace", "CFBundleTypeRole"="Viewer", "LSHandlerRank"="Owner", "LSItemContentTypes"=( "com.peachcommander.workspace") }), "CFBundleExecutable"="PeachCommander", "CFBundleExecutablePath"="/Users/admin/pc-test/PeachCommander.app/Contents/MacOS/PeachCommander", "CFBundleExecutablePathDeviceID"=16777225, "CFBundleExecutablePathINode"=488203, "CFBundleHelpBookFolder"="PeachCommander.help", "CFBundleHelpBookName"="Peach Commander Help", "CFBundleIconFile"="AppIcon", "CFBundleIconName"="AppIcon", "CFBundleIdentifier"="com.peachcommander.app", "CFBundleInfoDictionaryVersion"="6.0", "CFBundleName"="PeachCo<…>
2026-09-16 15:42:25.854 Df PeachCommander[14857:c5dc] [com.apple.processmanager:front-35286506] SignalReady: pid=14857 asn=0x0-0xb50b5
2026-09-16 15:42:25.854 Df PeachCommander[14857:c5dc] [com.apple.processmanager:front-35286506] SIGNAL: pid=14857 asn=0x0x-0xb50b5
2026-09-16 15:42:25.854 I  PeachCommander[14857:c5dc] [com.apple.appleevents:main] aeGenerateFakeFirstOAPPEventIfNecessary()
2026-09-16 15:42:25.854 I  PeachCommander[14857:c5dc] [com.apple.appleevents:main] aeGenerateFakeFirstOAPPEventIfNecessary(), needToCreateFakeOAPPEventIfFirstEvent == true
2026-09-16 15:42:25.854 I  PeachCommander[14857:c5dc] [com.apple.launchservices:cas] Removing cached information for app [ 0x0-0xb50b5]  "PeachCommander", as its seed is different from that in shared memory ( 533 vs 535)
2026-09-16 15:42:25.855 I  PeachCommander[14857:c5dc] [com.apple.CFPasteboard:entry] CopyData('DefaultAsciiKeyboardLayoutPasteboard' (<CFUUID 0xaa6f3e840> 46F900EC-7EBB-400F-A15F-24989FB08FBA) gen: -1 item: 1264739405 flavor: 'DefaultAsciiKeyboardLayoutFlavor')
2026-09-16 15:42:25.855 I  PeachCommander[14857:c5dc] [com.apple.CFPasteboard:cache] Rebuilding cache for 'DefaultAsciiKeyboardLayoutPasteboard' (<CFUUID 0xaa6f3e840> 46F900EC-7EBB-400F-A15F-24989FB08FBA)
2026-09-16 15:42:25.856 I  PeachCommander[14857:c5dc] [com.apple.CFPasteboard:exit] (not-in-cache) - result: -8 generation: 0 null data flags: 0
2026-09-16 15:42:25.856 A  PeachCommander[14857:c5dc] (CoreFoundation) Loading Preferences From User CFPrefsD
2026-09-16 15:42:25.856 A  PeachCommander[14857:c5dc] (CoreFoundation) Loading Preferences From System CFPrefsD
2026-09-16 15:42:25.856 I  PeachCommander[14857:c5dc] [com.apple.CFPasteboard:entry] CopyData('AppleIntlFileCacheModificationDatePasteboard' (<CFUUID 0xaa6f3e740> CC1B9A92-3217-4CB9-8637-2B6D5E3EBB5E) gen: -1 item: 1 flavor: '-32766 1768845414')
2026-09-16 15:42:25.856 I  PeachCommander[14857:c5dc] [com.apple.CFPasteboard:cache] Rebuilding cache for 'AppleIntlFileCacheModificationDatePasteboard' (<CFUUID 0xaa6f3e740> CC1B9A92-3217-4CB9-8637-2B6D5E3EBB5E)
2026-09-16 15:42:25.857 I  PeachCommander[14857:c5dc] [com.apple.CFPasteboard:general] Will request data from daemon
2026-09-16 15:42:25.857 I  PeachCommander[14857:c5dc] [com.apple.CFPasteboard:exit] (not-in-cache) - result: 0 generation: 1 data (310 bytes) flags: 0
2026-09-16 15:42:25.857 I  PeachCommander[14857:c5dc] [com.apple.CFPasteboard:entry] CopyData('AppleIntlFileCacheModificationDatePasteboard' (<CFUUID 0xaa6f3e740> CC1B9A92-3217-4CB9-8637-2B6D5E3EBB5E) gen: -1 item: 1 flavor: '-32765 1802264953')
2026-09-16 15:42:25.857 I  PeachCommander[14857:c5dc] [com.apple.CFPasteboard:general] Will request data from daemon
2026-09-16 15:42:25.857 I  PeachCommander[14857:c5dc] [com.apple.CFPasteboard:exit] (not-in-cache) - result: 0 generation: 1 data (306 bytes) flags: 0
2026-09-16 15:42:25.857 I  PeachCommander[14857:c5dc] [com.apple.CFPasteboard:entry] CopyData('AppleIntlFileCacheModificationDatePasteboard' (<CFUUID 0xaa6f3e740> CC1B9A92-3217-4CB9-8637-2B6D5E3EBB5E) gen: -1 item: 1 flavor: '-32764 1802264953')
2026-09-16 15:42:25.857 I  PeachCommander[14857:c5dc] [com.apple.CFPasteboard:general] Will request data from daemon
2026-09-16 15:42:25.857 I  PeachCommander[14857:c5dc] [com.apple.CFPasteboard:exit] (not-in-cache) - result: 0 generation: 1 data (281 bytes) flags: 0
2026-09-16 15:42:25.857 I  PeachCommander[14857:c5dc] [com.apple.CFPasteboard:entry] CopyData('AppleIntlFileCacheModificationDatePasteboard' (<CFUUID 0xaa6f3e740> CC1B9A92-3217-4CB9-8637-2B6D5E3EBB5E) gen: -1 item: 1 flavor: '-32763 1802264953')
2026-09-16 15:42:25.857 I  PeachCommander[14857:c5dc] [com.apple.CFPasteboard:general] Will request data from daemon
2026-09-16 15:42:25.857 I  PeachCommander[14857:c5dc] [com.apple.CFPasteboard:exit] (not-in-cache) - result: 0 generation: 1 data (318 bytes) flags: 0
2026-09-16 15:42:25.857 I  PeachCommander[14857:c5dc] [com.apple.CFPasteboard:entry] CopyData('AppleIntlFileCacheModificationDatePasteboard' (<CFUUID 0xaa6f3e740> CC1B9A92-3217-4CB9-8637-2B6D5E3EBB5E) gen: -1 item: 1 flavor: '-32765 1768845414')
2026-09-16 15:42:25.857 I  PeachCommander[14857:c5dc] [com.apple.CFPasteboard:general] Will request data from daemon
2026-09-16 15:42:25.857 I  PeachCommander[14857:c5dc] [com.apple.CFPasteboard:exit] (not-in-cache) - result: 0 generation: 1 data (303 bytes) flags: 0
2026-09-16 15:42:25.857 I  PeachCommander[14857:c5dc] [com.apple.CFPasteboard:entry] CopyData('AppleIntlFileCacheModificationDatePasteboard' (<CFUUID 0xaa6f3e740> CC1B9A92-3217-4CB9-8637-2B6D5E3EBB5E) gen: -1 item: 1 flavor: '-32763 1768845414')
2026-09-16 15:42:25.857 I  PeachCommander[14857:c5dc] [com.apple.CFPasteboard:general] Will request data from daemon
2026-09-16 15:42:25.857 I  PeachCommander[14857:c5dc] [com.apple.CFPasteboard:exit] (not-in-cache) - result: 0 generation: 1 data (315 bytes) flags: 0
2026-09-16 15:42:25.859 I  PeachCommander[14857:c5dc] [com.apple.launchservices:cas] information in shared memory for 0x0-0xb50b5 with seed 535 was still valid, so using cached info { "ApplicationType"="Foreground", "BuildMachineOSBuild"="25E246", "BundleIdentifierLowerCase"="com.peachcommander.app", "CFBundleDevelopmentRegion"="en", "CFBundleDocumentTypes"=( { "CFBundleTypeName"="Peach Commander Plugin Package", "CFBundleTypeRole"="Viewer", "LSHandlerRank"="Owner", "LSItemContentTypes"=( "com.peachcommander.plugin-package") }, { "CFBundleTypeName"="Peach Commander Workspace", "CFBundleTypeRole"="Viewer", "LSHandlerRank"="Owner", "LSItemContentTypes"=( "com.peachcommander.workspace") }), "CFBundleExecutable"="PeachCommander", "CFBundleExecutablePath"="/Users/admin/pc-test/PeachCommander.app/Contents/MacOS/PeachCommander", "CFBundleExecutablePathDeviceID"=16777225, "CFBundleExecutablePathINode"=488203, "CFBundleHelpBookFolder"="PeachCommander.help", "CFBundleHelpBookName"="Peach Commander Help", "CFBundleIconFile"="AppIcon", "CFBundleIconName"="AppIcon", "CFBundleIdentifier"="com.peachcommander.app", "CFBundleInfoDictionaryVersion"="6.0", "CFBundleName"="PeachCo<…>
2026-09-16 15:42:25.859 Df PeachCommander[14857:c5dc] [com.apple.xpc:connection] [0xaa6c81e00] activating connection: mach=false listener=false peer=false name=com.apple.ViewBridgeAuxiliary
2026-09-16 15:42:25.870 Df PeachCommander[14857:c5dc] [com.apple.xpc:connection] [0xaa6c81cc0] activating connection: mach=false listener=false peer=false name=(anonymous)
2026-09-16 15:42:25.870 Df PeachCommander[14857:c5dc] [com.apple.xpc:connection] [0xaa6c81f40] activating connection: mach=false listener=true peer=false name=(anonymous)
2026-09-16 15:42:25.870 Df PeachCommander[14857:c5dc] [com.apple.xpc:connection] [0xaa6c81f40] Connection returned listener port: 0xb703
2026-09-16 15:42:25.870 Df PeachCommander[14857:c5dc] [com.apple.xpc:connection] [0xaa6c81e00] invalidated after the last release of the connection object
2026-09-16 15:42:25.871 I  PeachCommander[14857:c5dc] [com.apple.showhide:pr-59900543] SHOWHIDE: SHOW id=324 0x0-0xB50B5, err=0 eventTime=1077154458291 windowID=0
2026-09-16 15:42:25.871 I  PeachCommander[14857:c5dc] [com.apple.CarbonCore:coreservicesdaemon] findOrCreateCacheable():findOrCreateCacheable(), factoryName=3 cacheableName=<private> fCacheables.size()=0
2026-09-16 15:42:25.871 I  PeachCommander[14857:c5dc] [com.apple.CarbonCore:coreservicesdaemon] findOrCreateCacheable():findOrCreateCacheable(), result = 0xaa6c4bfc0 (should be non-NULL)
2026-09-16 15:42:25.871 Df PeachCommander[14857:c5dc] [com.apple.AppKit:AutomaticTermination] void _NSDisableAutomaticTerminationAndLog(NSString *) Restoring windows
2026-09-16 15:42:25.871 Df PeachCommander[14857:c5dc] [com.apple.AppKit:StateRestoration] -[NSApplication _reopenWindowsAsNecessaryIncludingRestorableState:withFullFidelity:completionHandler:] shouldRestoreState=1 hasPersistentStateToRestore=0 shouldStillRestoreStateAfterPrompting=0
2026-09-16 15:42:25.871 Df PeachCommander[14857:c5dc] [com.apple.xpc:connection] [0xaa6c81e00] activating connection: mach=true listener=false peer=false name=com.apple.window_proxies
2026-09-16 15:42:25.872 Df PeachCommander[14857:c5dc] [com.apple.xpc:connection] [0xaa6c81e00] invalidated because the current process cancelled the connection by calling xpc_connection_cancel()
2026-09-16 15:42:25.872 I  PeachCommander[14857:c5dc] [com.apple.SkyLight:processes] 0[outside of RPC]: SLSSetFrontProcessWithInfo(0x0-0x2 window=0 options=0x1
2026-09-16 15:42:25.873 I  PeachCommander[14857:c5dc] [com.apple.CoreAnalytics:client] Dropping "com.apple.appkit.app_config" as it isn't used in any transform (not in the config or budgeted?)
2026-09-16 15:42:25.873 Df PeachCommander[14857:c5dc] [com.apple.AppKit:AutomaticTermination] void _NSEnableAutomaticTerminationAndLog(NSString *) Restoring windows
2026-09-16 15:42:25.875 A  PeachCommander[14857:c5e5] (RunningBoardServices) didChangeInheritances
2026-09-16 15:42:25.877 I  PeachCommander[14857:c5dc] [com.apple.CoreAnalytics:client] Dropping "com.apple.appkit.app_config" as it isn't used in any transform (not in the config or budgeted?)
2026-09-16 15:42:25.877 I  PeachCommander[14857:c5dc] [com.apple.CoreAnalytics:client] Dropping "com.apple.appkit.app_config" as it isn't used in any transform (not in the config or budgeted?)
2026-09-16 15:42:25.894 A  PeachCommander[14857:c5dc] (CoreFoundation) Loading Preferences From User CFPrefsD
2026-09-16 15:42:25.902 I  PeachCommander[14857:c5dc] [com.peachcommander:PCFoundation] VolumeManager initialized
2026-09-16 15:42:25.927 Df PeachCommander[14857:c5dc] [com.apple.BoardServices:XPCErrors] [C:1] Alloc <private>
2026-09-16 15:42:25.927 Df PeachCommander[14857:c5dc] [com.apple.xpc:connection] [0xaa6429540] activating connection: mach=false listener=false peer=false name=(anonymous)
2026-09-16 15:42:25.929 I  PeachCommander[14857:c5dc] [com.apple.AppKit:Window] context (0 -> d3edddf) for window 2e5
2026-09-16 15:42:25.930 Df PeachCommander[14857:c5e4] [com.apple.corespotlight:index] (<private>) deleteSearchableItemsWithDomainIdentifiers, protectionClass:(null), domainIdentifiers number:1
2026-09-16 15:42:25.930 A  PeachCommander[14857:c5e4] (CoreSpotlight) delete-domains
2026-09-16 15:42:25.930 Df PeachCommander[14857:c5e4] [com.apple.corespotlight:index] CSInlineDonation:<private>: Skipping donation (feature flag disabled)
2026-09-16 15:42:25.930 Df PeachCommander[14857:c5e4] (CoreSpotlight) sConnectionName: com.apple.spotlight.IndexAgent
2026-09-16 15:42:25.930 Df PeachCommander[14857:c5e4] (CoreSpotlight) Start service name com.apple.spotlight.IndexAgent
2026-09-16 15:42:25.930 Df PeachCommander[14857:c5e4] [com.apple.xpc:connection] [0xaa64297c0] activating connection: mach=true listener=false peer=false name=com.apple.spotlight.IndexAgent
2026-09-16 15:42:25.930 I  PeachCommander[14857:c5dc] [com.peachcommander:PCFoundation] MainWindowController initialized (config: <private>)
2026-09-16 15:42:25.931 I  PeachCommander[14857:c5dc] [com.peachcommander:PCFoundation] SelectionState initialized
2026-09-16 15:42:25.931 I  PeachCommander[14857:c5dc] [com.peachcommander:PCFoundation] DirectoryModel initialized
2026-09-16 15:42:25.931 I  PeachCommander[14857:c5dc] [com.peachcommander:PCFoundation] VolumeManager initialized
2026-09-16 15:42:25.931 I  PeachCommander[14857:c5dc] [com.peachcommander:PCFoundation] PanelController initialized for <private> panel
2026-09-16 15:42:25.932 I  PeachCommander[14857:c5dc] [com.peachcommander:PCFoundation] SelectionState initialized
2026-09-16 15:42:25.932 I  PeachCommander[14857:c5dc] [com.peachcommander:PCFoundation] DirectoryModel initialized
2026-09-16 15:42:25.932 I  PeachCommander[14857:c5dc] [com.peachcommander:PCFoundation] VolumeManager initialized
2026-09-16 15:42:25.932 I  PeachCommander[14857:c5dc] [com.peachcommander:PCFoundation] PanelController initialized for <private> panel
2026-09-16 15:42:25.938 I  PeachCommander[14857:c5dc] [com.apple.AppKit:Animation] Running new animation: <private>
2026-09-16 15:42:25.938 I  PeachCommander[14857:c5dc] [com.apple.AppKit:Animation] Running new animation: <private>
2026-09-16 15:42:25.938 I  PeachCommander[14857:c5dc] [com.apple.AppKit:Animation] Running new animation: <private>
2026-09-16 15:42:25.938 I  PeachCommander[14857:c5dc] [com.apple.AppKit:Animation] Running new animation: <private>
2026-09-16 15:42:25.938 I  PeachCommander[14857:c5dc] [com.apple.AppKit:Animation] Running new animation: <private>
2026-09-16 15:42:25.941 I  PeachCommander[14857:c5dc] [com.apple.AppKit:Animation] Running new animation: <private>
2026-09-16 15:42:25.941 I  PeachCommander[14857:c5dc] [com.apple.AppKit:Animation] Running new animation: <private>
2026-09-16 15:42:25.941 I  PeachCommander[14857:c5dc] [com.apple.AppKit:Animation] Running new animation: <private>
2026-09-16 15:42:25.941 I  PeachCommander[14857:c5dc] [com.apple.AppKit:Animation] Running new animation: <private>
2026-09-16 15:42:25.941 I  PeachCommander[14857:c5dc] [com.apple.AppKit:Animation] Running new animation: <private>
2026-09-16 15:42:25.952 I  PeachCommander[14857:c5dc] [com.apple.CoreAnalytics:client] Dropping "com.apple.appkit.app_config" as it isn't used in any transform (not in the config or budgeted?)
2026-09-16 15:42:25.955 I  PeachCommander[14857:c5dc] [com.apple.CoreAnalytics:client] Dropping "com.apple.appkit.app_config" as it isn't used in any transform (not in the config or budgeted?)
2026-09-16 15:42:25.960 I  PeachCommander[14857:c5dc] [com.apple.launchservices:datasep] application record search init. Node: <FSNode 0xaa754b9e0> { isDir = ?, path = <private> } bundleID: (null) itemID: 0
2026-09-16 15:42:25.961 I  PeachCommander[14857:c5dc] [com.apple.GenerativeModels:availability] Current availability state: unavailable, use cases: com.apple.Settings.AppleIntelligence,com.apple.Siri.NLRouter, language: en, api: <private>
2026-09-16 15:42:25.961 Df PeachCommander[14857:c5dc] [com.apple.GenerativeModels:availability] isOkayToHaveAsset: False
2026-09-16 15:42:25.961 E  PeachCommander[14857:c5dc] [com.apple.siri:Utility] AFIsDeviceGreymatterEligible Missing entitlements for os_eligibility lookup
2026-09-16 15:42:25.962 I  PeachCommander[14857:c5dc] [com.apple.GenerativeModels:availability] Current availability state: unavailable, use cases: com.apple.Settings.AppleIntelligence, language: en, api: <private>
2026-09-16 15:42:25.962 Df PeachCommander[14857:c5dc] [com.apple.GenerativeModels:availability] isOkayToHaveAsset: False
2026-09-16 15:42:25.962 Df PeachCommander[14857:c5dc] [com.apple.siri:Utility] -[AFSystemAssistantExperienceStatusManager fetchGenerativeModelsAvailability] #SAEStatus #cacheUpdate Updating cache:
deviceSupportsSAE: 0 (0)
       saeEnabled: 0 (0)
     saeAvailable: 0 (0)
      swaiEnabled: 0 (0)
        viEnabled: 0 (0)
        siriAvailability:
        <private>
        ((null))
2026-09-16 15:42:25.962 Df PeachCommander[14857:c5dc] [com.apple.xpc:connection] [0xaa6614500] activating connection: mach=true listener=false peer=false name=com.apple.iconservices
2026-09-16 15:42:25.962 Df PeachCommander[14857:c5dc] [com.apple.xpc:connection] [0xaa6614640] activating connection: mach=true listener=false peer=false name=com.apple.iconservices.store
2026-09-16 15:42:25.970 I  PeachCommander[14857:c5dc] [com.peachcommander:Theme] no user themes in /Users/admin/pc-cfg/themes
2026-09-16 15:42:25.970 Df PeachCommander[14857:c5dc] [com.apple.AppKit:Appearance] Invalidate NSApp effectiveAppearance
2026-09-16 15:42:25.970 Df PeachCommander[14857:c5dc] [com.apple.AppKit:Appearance] NSApp cache appearance:
-NSRequiresAquaSystemAppearance: 0
-appearance: <NSCompositeAppearance: 0xaa70719a0
 (
    "<NSDarkAquaAppearance: 0xaa7071a40>",
    "<NSSystemAppearance: 0xaa70706e0>"
)>
-effectiveAppearance: <NSCompositeAppearance: 0xaa70719a0
 (
    "<NSDarkAquaAppearance: 0xaa7071a40>",
    "<NSSystemAppearance: 0xaa70706e0>"
)>
2026-09-16 15:42:25.974 I  PeachCommander[14857:c5dc] [com.peachcommander:PCFoundation] Theme applied: id=system, appearance=dark, dark=true, background=#333333
2026-09-16 15:42:26.015 I  PeachCommander[14857:c5dc] [com.apple.AppKit:Image] ISImage reported a placeholder, image rep is providing a placeholder image for <private>
2026-09-16 15:42:26.015 I  PeachCommander[14857:c5dc] [com.apple.AppKit:Image] ISImage reported a placeholder, image rep is providing a placeholder image for <private>
2026-09-16 15:42:26.015 I  PeachCommander[14857:c5dc] [com.apple.CoreAnalytics:client] Dropping "com.apple.appkit.app_config" as it isn't used in any transform (not in the config or budgeted?)
2026-09-16 15:42:26.015 I  PeachCommander[14857:c5ea] [com.apple.iconservices:foundation] layer data size zero
2026-09-16 15:42:26.017 I  PeachCommander[14857:c5e4] [com.apple.iconservices:foundation] layer data size zero
2026-09-16 15:42:26.022 I  PeachCommander[14857:c5dc] [com.apple.AppKit:Animation] Running new animation: <private>
2026-09-16 15:42:26.022 I  PeachCommander[14857:c5dc] [com.apple.AppKit:Animation] Running new animation: <private>
2026-09-16 15:42:26.022 I  PeachCommander[14857:c5dc] [com.apple.AppKit:Animation] Running new animation: <private>
2026-09-16 15:42:26.022 I  PeachCommander[14857:c5dc] [com.apple.AppKit:Animation] Running new animation: <private>
2026-09-16 15:42:26.022 I  PeachCommander[14857:c5dc] [com.apple.AppKit:Animation] Running new animation: <private>
2026-09-16 15:42:26.022 I  PeachCommander[14857:c5dc] [com.apple.AppKit:Animation] Running new animation: <private>
2026-09-16 15:42:26.022 I  PeachCommander[14857:c5dc] [com.apple.AppKit:Animation] Running new animation: <private>
2026-09-16 15:42:26.022 I  PeachCommander[14857:c5dc] [com.apple.AppKit:Animation] Running new animation: <private>
2026-09-16 15:42:26.022 I  PeachCommander[14857:c5dc] [com.apple.AppKit:Animation] Running new animation: <private>
2026-09-16 15:42:26.022 I  PeachCommander[14857:c5dc] [com.apple.AppKit:Animation] Running new animation: <private>
2026-09-16 15:42:26.026 I  PeachCommander[14857:c5dc] [com.peachcommander:PCFoundation] Keymap loaded: scheme=<private>, 82 effective bindings
2026-09-16 15:42:26.032 I  PeachCommander[14857:c5dc] [com.apple.CoreAnalytics:client] Dropping "<private>" as it isn't used in any transform (not in the config or budgeted?)
2026-09-16 15:42:26.032 I  PeachCommander[14857:c5dc] [com.apple.CoreAnalytics:client] Dropping "<private>" as it isn't used in any transform (not in the config or budgeted?)
2026-09-16 15:42:26.032 I  PeachCommander[14857:c5dc] [com.apple.CoreAnalytics:client] Dropping "<private>" as it isn't used in any transform (not in the config or budgeted?)
2026-09-16 15:42:26.033 I  PeachCommander[14857:c5dc] [com.peachcommander:PCFoundation] MainWindowController window loaded
2026-09-16 15:42:26.033 I  PeachCommander[14857:c5dc] [com.apple.launchservices:cas] information in shared memory for 0x0-0xb50b5 with seed 535 was still valid, so using cached info { "ApplicationType"="Foreground", "BuildMachineOSBuild"="25E246", "BundleIdentifierLowerCase"="com.peachcommander.app", "CFBundleDevelopmentRegion"="en", "CFBundleDocumentTypes"=( { "CFBundleTypeName"="Peach Commander Plugin Package", "CFBundleTypeRole"="Viewer", "LSHandlerRank"="Owner", "LSItemContentTypes"=( "com.peachcommander.plugin-package") }, { "CFBundleTypeName"="Peach Commander Workspace", "CFBundleTypeRole"="Viewer", "LSHandlerRank"="Owner", "LSItemContentTypes"=( "com.peachcommander.workspace") }), "CFBundleExecutable"="PeachCommander", "CFBundleExecutablePath"="/Users/admin/pc-test/PeachCommander.app/Contents/MacOS/PeachCommander", "CFBundleExecutablePathDeviceID"=16777225, "CFBundleExecutablePathINode"=488203, "CFBundleHelpBookFolder"="PeachCommander.help", "CFBundleHelpBookName"="Peach Commander Help", "CFBundleIconFile"="AppIcon", "CFBundleIconName"="AppIcon", "CFBundleIdentifier"="com.peachcommander.app", "CFBundleInfoDictionaryVersion"="6.0", "CFBundleName"="PeachCo<…>
2026-09-16 15:42:26.034 I  PeachCommander[14857:c5dc] [com.apple.launchservices:cas] information in shared memory for 0x0-0xb50b5 with seed 535 was still valid, so using cached info { "ApplicationType"="Foreground", "BuildMachineOSBuild"="25E246", "BundleIdentifierLowerCase"="com.peachcommander.app", "CFBundleDevelopmentRegion"="en", "CFBundleDocumentTypes"=( { "CFBundleTypeName"="Peach Commander Plugin Package", "CFBundleTypeRole"="Viewer", "LSHandlerRank"="Owner", "LSItemContentTypes"=( "com.peachcommander.plugin-package") }, { "CFBundleTypeName"="Peach Commander Workspace", "CFBundleTypeRole"="Viewer", "LSHandlerRank"="Owner", "LSItemContentTypes"=( "com.peachcommander.workspace") }), "CFBundleExecutable"="PeachCommander", "CFBundleExecutablePath"="/Users/admin/pc-test/PeachCommander.app/Contents/MacOS/PeachCommander", "CFBundleExecutablePathDeviceID"=16777225, "CFBundleExecutablePathINode"=488203, "CFBundleHelpBookFolder"="PeachCommander.help", "CFBundleHelpBookName"="Peach Commander Help", "CFBundleIconFile"="AppIcon", "CFBundleIconName"="AppIcon", "CFBundleIdentifier"="com.peachcommander.app", "CFBundleInfoDictionaryVersion"="6.0", "CFBundleName"="PeachCo<…>
2026-09-16 15:42:26.036 I  PeachCommander[14857:c5dc] [com.apple.AppKit:Image] ISImage reported a placeholder, image rep is providing a placeholder image for <private>
2026-09-16 15:42:26.036 I  PeachCommander[14857:c5dc] [com.apple.AppKit:Image] ISImage reported a placeholder, image rep is providing a placeholder image for <private>
2026-09-16 15:42:26.048 I  PeachCommander[14857:c5dc] [com.apple.AppKit:Window] order window front conditionally: 2e5 related: 0
2026-09-16 15:42:26.048 Df PeachCommander[14857:c5dc] [com.apple.AppKit:AutomaticTermination] void _NSEnableAutomaticTerminationAndLog(NSString *) No windows open yet
2026-09-16 15:42:26.049 I  PeachCommander[14857:c5dc] [com.apple.AppKit:Intelligence] starting collection observation
2026-09-16 15:42:26.049 Df PeachCommander[14857:c5ea] [com.apple.UIIntelligenceSupport:xpc] establishing connection to agent
2026-09-16 15:42:26.049 Df PeachCommander[14857:c5ea] [com.apple.xpc:session] [0xaa620d630] Session created.
2026-09-16 15:42:26.049 Df PeachCommander[14857:c5ea] [com.apple.xpc:session] [0xaa620d630] Session created from connection [0xaa6616f80]
2026-09-16 15:42:26.049 Df PeachCommander[14857:c5ea] [com.apple.xpc:connection] [0xaa6616f80] activating connection: mach=true listener=false peer=false name=com.apple.uiintelligencesupport.agent
2026-09-16 15:42:26.049 Df PeachCommander[14857:c5ea] [com.apple.xpc:session] [0xaa620d630] Session activated
2026-09-16 15:42:26.049 I  PeachCommander[14857:c5dc] [com.apple.SkyLight:processes] 0[outside of RPC]: SLSSetFrontProcessWithInfo(0x0-0x2 window=0 options=0x1
2026-09-16 15:42:26.049 Df PeachCommander[14857:c5ea] [com.apple.UIIntelligenceSupport:xpc] Connection established with agent PID: 1211
2026-09-16 15:42:26.049 I  PeachCommander[14857:c5dc] [com.apple.launchservices:cas] information in shared memory for 0x0-0xb50b5 with seed 535 was still valid, so using cached info { "ApplicationType"="Foreground", "BuildMachineOSBuild"="25E246", "BundleIdentifierLowerCase"="com.peachcommander.app", "CFBundleDevelopmentRegion"="en", "CFBundleDocumentTypes"=( { "CFBundleTypeName"="Peach Commander Plugin Package", "CFBundleTypeRole"="Viewer", "LSHandlerRank"="Owner", "LSItemContentTypes"=( "com.peachcommander.plugin-package") }, { "CFBundleTypeName"="Peach Commander Workspace", "CFBundleTypeRole"="Viewer", "LSHandlerRank"="Owner", "LSItemContentTypes"=( "com.peachcommander.workspace") }), "CFBundleExecutable"="PeachCommander", "CFBundleExecutablePath"="/Users/admin/pc-test/PeachCommander.app/Contents/MacOS/PeachCommander", "CFBundleExecutablePathDeviceID"=16777225, "CFBundleExecutablePathINode"=488203, "CFBundleHelpBookFolder"="PeachCommander.help", "CFBundleHelpBookName"="Peach Commander Help", "CFBundleIconFile"="AppIcon", "CFBundleIconName"="AppIcon", "CFBundleIdentifier"="com.peachcommander.app", "CFBundleInfoDictionaryVersion"="6.0", "CFBundleName"="PeachCo<…>
2026-09-16 15:42:26.050 Df PeachCommander[14857:c5dc] [com.apple.xpc:connection] [0xaa66170c0] activating connection: mach=true listener=false peer=false name=com.apple.FileCoordination
2026-09-16 15:42:26.051 I  PeachCommander[14857:c5dc] [com.apple.launchservices:cas] information in shared memory for 0x0-0xb50b5 with seed 535 was still valid, so using cached info { "ApplicationType"="Foreground", "BuildMachineOSBuild"="25E246", "BundleIdentifierLowerCase"="com.peachcommander.app", "CFBundleDevelopmentRegion"="en", "CFBundleDocumentTypes"=( { "CFBundleTypeName"="Peach Commander Plugin Package", "CFBundleTypeRole"="Viewer", "LSHandlerRank"="Owner", "LSItemContentTypes"=( "com.peachcommander.plugin-package") }, { "CFBundleTypeName"="Peach Commander Workspace", "CFBundleTypeRole"="Viewer", "LSHandlerRank"="Owner", "LSItemContentTypes"=( "com.peachcommander.workspace") }), "CFBundleExecutable"="PeachCommander", "CFBundleExecutablePath"="/Users/admin/pc-test/PeachCommander.app/Contents/MacOS/PeachCommander", "CFBundleExecutablePathDeviceID"=16777225, "CFBundleExecutablePathINode"=488203, "CFBundleHelpBookFolder"="PeachCommander.help", "CFBundleHelpBookName"="Peach Commander Help", "CFBundleIconFile"="AppIcon", "CFBundleIconName"="AppIcon", "CFBundleIdentifier"="com.peachcommander.app", "CFBundleInfoDictionaryVersion"="6.0", "CFBundleName"="PeachCo<…>
2026-09-16 15:42:26.051 Df PeachCommander[14857:c5ea] [com.apple.foundation.filecoordination:presenter] Adding presenter 072CEB24-CB9F-4D84-97E5-C2298CE43A84 for URL: <private>
2026-09-16 15:42:26.058 I  PeachCommander[14857:c5dc] [com.apple.AppKit:Window] order all windows front 1077154458291
2026-09-16 15:42:26.058 I  PeachCommander[14857:c5dc] [com.apple.launchservices:cas] information in shared memory for 0x0-0xb50b5 with seed 535 was still valid, so using cached info { "ApplicationType"="Foreground", "BuildMachineOSBuild"="25E246", "BundleIdentifierLowerCase"="com.peachcommander.app", "CFBundleDevelopmentRegion"="en", "CFBundleDocumentTypes"=( { "CFBundleTypeName"="Peach Commander Plugin Package", "CFBundleTypeRole"="Viewer", "LSHandlerRank"="Owner", "LSItemContentTypes"=( "com.peachcommander.plugin-package") }, { "CFBundleTypeName"="Peach Commander Workspace", "CFBundleTypeRole"="Viewer", "LSHandlerRank"="Owner", "LSItemContentTypes"=( "com.peachcommander.workspace") }), "CFBundleExecutable"="PeachCommander", "CFBundleExecutablePath"="/Users/admin/pc-test/PeachCommander.app/Contents/MacOS/PeachCommander", "CFBundleExecutablePathDeviceID"=16777225, "CFBundleExecutablePathINode"=488203, "CFBundleHelpBookFolder"="PeachCommander.help", "CFBundleHelpBookName"="Peach Commander Help", "CFBundleIconFile"="AppIcon", "CFBundleIconName"="AppIcon", "CFBundleIdentifier"="com.peachcommander.app", "CFBundleInfoDictionaryVersion"="6.0", "CFBundleName"="PeachCo<…>
2026-09-16 15:42:26.058 I  PeachCommander[14857:c5dc] [com.apple.showhide:pr-59900543] SHOWHIDE: CONFIRM, id=324, err=0
2026-09-16 15:42:26.058 I  PeachCommander[14857:c5dc] [com.apple.AppKit:Window] context (0 -> 236bb344) for window 2e4
2026-09-16 15:42:26.058 I  PeachCommander[14857:c5dc] [com.apple.AppKit:Window] context (0 -> 59f0eaed) for window 2e3
2026-09-16 15:42:26.058 I  PeachCommander[14857:c5dc] [com.apple.AppKit:Window] context (0 -> 8bda034b) for window 2e2
2026-09-16 15:42:26.058 I  PeachCommander[14857:c5dc] [com.apple.AppKit:Window] context (0 -> eaa2336) for window 2e1
2026-09-16 15:42:26.095 Df PeachCommander[14857:c5dc] [com.apple.AppKit:AutomaticTermination] void _updateToReflectAutomaticTerminationState(void) Setting _kLSApplicationWouldBeTerminatedByTALKey=0
2026-09-16 15:42:26.097 I  PeachCommander[14857:c5dc] [com.apple.runningboard:assertion] Acquiring assertion: <RBSAssertionDescriptor| "AppNap adapter assertion" ID:(null) target:14857>
2026-09-16 15:42:26.099 I  PeachCommander[14857:c5dc] [com.apple.AppKit:Image] ISImage reported a placeholder, image rep is providing a placeholder image for <private>
2026-09-16 15:42:26.099 I  PeachCommander[14857:c5dc] [com.apple.AppKit:Image] ISImage reported a placeholder, image rep is providing a placeholder image for <private>
2026-09-16 15:42:26.099 I  PeachCommander[14857:c5dc] [com.apple.AppKit:Image] ISImage reported a placeholder, image rep is providing a placeholder image for <private>
2026-09-16 15:42:26.099 I  PeachCommander[14857:c5dc] [com.apple.AppKit:Image] ISImage reported a placeholder, image rep is providing a placeholder image for <private>
2026-09-16 15:42:26.099 I  PeachCommander[14857:c5dc] [com.apple.AppKit:Image] ISImage reported a placeholder, image rep is providing a placeholder image for <private>
2026-09-16 15:42:26.099 I  PeachCommander[14857:c5dc] [com.apple.AppKit:Image] ISImage reported a placeholder, image rep is providing a placeholder image for <private>
2026-09-16 15:42:26.129 A  PeachCommander[14857:c5f0] (RunningBoardServices) didChangeInheritances
2026-09-16 15:42:26.196 Df PeachCommander[14857:c5dc] [com.apple.libsystem.libdispatch:] DEPRECATED USE in libdispatch client: dispatch source activated with no event handler set; set a breakpoint on _dispatch_bug_deprecated to debug
2026-09-16 15:42:26.285 I  PeachCommander[14857:c5dc] [com.apple.AppKit:Image] ISImage reported a placeholder, image rep is providing a placeholder image for <private>
2026-09-16 15:42:26.285 I  PeachCommander[14857:c5dc] [com.apple.AppKit:Image] ISImage reported a placeholder, image rep is providing a placeholder image for <private>
2026-09-16 15:42:26.285 I  PeachCommander[14857:c5dc] [com.apple.AppKit:Image] ISImage reported a placeholder, image rep is providing a placeholder image for <private>
2026-09-16 15:42:26.294 I  PeachCommander[14857:c5dc] [com.apple.AppKit:Image] ISImage reported a placeholder, image rep is providing a placeholder image for <private>
2026-09-16 15:42:26.295 I  PeachCommander[14857:c5dc] [com.apple.AppKit:Image] ISImage reported a placeholder, image rep is providing a placeholder image for <private>
2026-09-16 15:42:26.301 I  PeachCommander[14857:c5dc] [com.apple.AppKit:Image] ISImage reported a placeholder, image rep is providing a placeholder image for <private>
2026-09-16 15:42:26.301 I  PeachCommander[14857:c5dc] [com.apple.AppKit:Image] ISImage reported a placeholder, image rep is providing a placeholder image for <private>
2026-09-16 15:42:26.304 I  PeachCommander[14857:c5dc] [com.apple.AppKit:Image] ISImage reported a placeholder, image rep is providing a placeholder image for <private>
2026-09-16 15:42:26.304 I  PeachCommander[14857:c5dc] [com.apple.AppKit:Image] ISImage reported a placeholder, image rep is providing a placeholder image for <private>
2026-09-16 15:42:26.328 I  PeachCommander[14857:c5dc] [com.apple.CarbonCore:gestalt] SetGestaltValuesBulk SetGestaltValuesBulk( count=22 tuples=0x189a82650
2026-09-16 15:42:26.328 I  PeachCommander[14857:c5dc] [com.apple.CarbonCore:gestalt] SetGestaltValue SetGestaltValue(alis 1C9) => 0
2026-09-16 15:42:26.328 I  PeachCommander[14857:c5dc] [com.apple.CarbonCore:gestalt] SetGestaltValue SetGestaltValue(os   FE) => 0
2026-09-16 15:42:26.328 I  PeachCommander[14857:c5dc] [com.apple.CarbonCore:gestalt] SetGestaltValue SetGestaltValue(addr 7) => 0
2026-09-16 15:42:26.328 I  PeachCommander[14857:c5dc] [com.apple.CarbonCore:gestalt] SetGestaltValue SetGestaltValue(fs   3D332) => 0
2026-09-16 15:42:26.328 I  PeachCommander[14857:c5dc] [com.apple.CarbonCore:gestalt] SetGestaltValue SetGestaltValue(fold 11) => 0
2026-09-16 15:42:26.328 I  PeachCommander[14857:c5dc] [com.apple.CarbonCore:gestalt] SetGestaltValue SetGestaltValue(lram 7FFFF000) => 0
2026-09-16 15:42:26.328 I  PeachCommander[14857:c5dc] [com.apple.CarbonCore:gestalt] SetGestaltValue SetGestaltValue(mmap 1) => 0
2026-09-16 15:42:26.328 I  PeachCommander[14857:c5dc] [com.apple.CarbonCore:gestalt] SetGestaltValue SetGestaltValue(cfrg 1) => 0
2026-09-16 15:42:26.328 I  PeachCommander[14857:c5dc] [com.apple.CarbonCore:gestalt] SetGestaltValue SetGestaltValue(thds 7) => 0
2026-09-16 15:42:26.328 I  PeachCommander[14857:c5dc] [com.apple.CarbonCore:gestalt] SetGestaltValue SetGestaltValue(tmgr E) => 0
2026-09-16 15:42:26.328 I  PeachCommander[14857:c5dc] [com.apple.CarbonCore:gestalt] SetGestaltValue SetGestaltValue(vers 7) => 0
2026-09-16 15:42:26.328 I  PeachCommander[14857:c5dc] [com.apple.CarbonCore:gestalt] SetGestaltValue SetGestaltValue(cbon 160) => 0
2026-09-16 15:42:26.328 I  PeachCommander[14857:c5dc] [com.apple.CarbonCore:gestalt] SetGestaltValue SetGestaltValue(cltn 1108000) => 0
2026-09-16 15:42:26.328 I  PeachCommander[14857:c5dc] [com.apple.CarbonCore:gestalt] SetGestaltValue SetGestaltValue(cpnt 8) => 0
2026-09-16 15:42:26.328 I  PeachCommander[14857:c5dc] [com.apple.CarbonCore:gestalt] SetGestaltValue SetGestaltValue(rsrc 3) => 0
2026-09-16 15:42:26.328 I  PeachCommander[14857:c5dc] [com.apple.CarbonCore:gestalt] SetGestaltValue SetGestaltValue(rmbg 11F) => 0
2026-09-16 15:42:26.328 I  PeachCommander[14857:c5dc] [com.apple.CarbonCore:gestalt] SetGestaltValue SetGestaltValue(vm   11) => 0
2026-09-16 15:42:26.328 I  PeachCommander[14857:c5dc] [com.apple.CarbonCore:gestalt] SetGestaltValue SetGestaltValue(srad 4170706C) => 0
2026-09-16 15:42:26.328 I  PeachCommander[14857:c5dc] [com.apple.CarbonCore:gestalt] SetGestaltValue SetGestaltValue(sysa 14) => 0
2026-09-16 15:42:26.328 I  PeachCommander[14857:c5dc] [com.apple.CarbonCore:gestalt] SetGestaltValue SetGestaltValue(copl 9) => 0
2026-09-16 15:42:26.328 I  PeachCommander[14857:c5dc] [com.apple.CarbonCore:gestalt] SetGestaltValue SetGestaltValue(xlat 0) => 0
2026-09-16 15:42:26.328 I  PeachCommander[14857:c5dc] [com.apple.CarbonCore:gestalt] SetGestaltValue SetGestaltValue(stdf 0) => 0
2026-09-16 15:42:26.328 I  PeachCommander[14857:c5dc] [com.apple.CarbonCore:gestalt] _NewGestalt _NewGestalt(ram  0x1899fb644) => 0
2026-09-16 15:42:26.328 I  PeachCommander[14857:c5dc] [com.apple.CarbonCore:gestalt] _NewGestalt _NewGestalt(ramm 0x1899fb644) => 0
2026-09-16 15:42:26.328 I  PeachCommander[14857:c5dc] [com.apple.CarbonCore:gestalt] _NewGestalt _NewGestalt(cput 0x1899fb734) => 0
2026-09-16 15:42:26.328 I  PeachCommander[14857:c5dc] [com.apple.CarbonCore:gestalt] _NewGestalt _NewGestalt(cpuf 0x1899fb764) => 0
2026-09-16 15:42:26.328 I  PeachCommander[14857:c5dc] [com.apple.CarbonCore:gestalt] _NewGestalt _NewGestalt(bclk 0x1899fb794) => 0
2026-09-16 15:42:26.328 I  PeachCommander[14857:c5dc] [com.apple.CarbonCore:gestalt] _NewGestalt _NewGestalt(bclm 0x1899fb794) => 0
2026-09-16 15:42:26.328 I  PeachCommander[14857:c5dc] [com.apple.CarbonCore:gestalt] _NewGestalt _NewGestalt(pclk 0x1899fb834) => 0
2026-09-16 15:42:26.328 I  PeachCommander[14857:c5dc] [com.apple.CarbonCore:gestalt] _NewGestalt _NewGestalt(mclk 0x1899fb834) => 0
2026-09-16 15:42:26.328 I  PeachCommander[14857:c5dc] [com.apple.CarbonCore:gestalt] _NewGestalt _NewGestalt(a/ux 0x1899fb94c) => 0
2026-09-16 15:42:26.328 I  PeachCommander[14857:c5dc] [com.apple.CarbonCore:gestalt] _NewGestalt _NewGestalt(pgsz 0x1899fb954) => 0
2026-09-16 15:42:26.328 I  PeachCommander[14857:c5dc] [com.apple.CarbonCore:gestalt] _NewGestalt _NewGestalt(csiz 0x1899fb994) => 0
2026-09-16 15:42:26.328 I  PeachCommander[14857:c5dc] [com.apple.CarbonCore:gestalt] _NewGestalt _NewGestalt(sysv 0x1899a6dfc) => 0
2026-09-16 15:42:26.328 I  PeachCommander[14857:c5dc] [com.apple.CarbonCore:gestalt] _NewGestalt _NewGestalt(sys1 0x1899a6dfc) => 0
2026-09-16 15:42:26.328 I  PeachCommander[14857:c5dc] [com.apple.CarbonCore:gestalt] _NewGestalt _NewGestalt(sys2 0x1899a6dfc) => 0
2026-09-16 15:42:26.328 I  PeachCommander[14857:c5dc] [com.apple.CarbonCore:gestalt] _NewGestalt _NewGestalt(sys3 0x1899a6dfc) => 0
2026-09-16 15:42:26.328 I  PeachCommander[14857:c5dc] [com.apple.CarbonCore:gestalt] _NewGestalt _NewGestalt(cdfl 0x1899fb9d4) => 0
2026-09-16 15:42:26.328 I  PeachCommander[14857:c5dc] [com.apple.CarbonCore:gestalt] _NewGestalt _NewGestalt(cdrm 0x1899fbc30) => 0
2026-09-16 15:42:26.328 I  PeachCommander[14857:c5dc] [com.apple.CarbonCore:gestalt] _NewGestalt _NewGestalt(cpus 0x1899fbc78) => 0
2026-09-16 15:42:26.328 I  PeachCommander[14857:c5dc] [com.apple.CarbonCore:gestalt] SetGestaltValue SetGestaltValue(swex 1) => 0
2026-09-16 15:42:26.328 Df PeachCommander[14857:c5dc] [com.apple.xpc:connection] [0xaa58cc3c0] activating connection: mach=false listener=false peer=false name=com.apple.hiservices-xpcservice
2026-09-16 15:42:26.330 I  PeachCommander[14857:c5dc] [com.apple.CFPasteboard:entry] CopyData('ApplePerContextInputPasteboard' (<CFUUID 0xaa58646e0> FE26456D-B865-4C76-BD9F-29BD92A532C1) gen: -1 item: 1264739405 flavor: 'ApplePerContextInputFlavor')
2026-09-16 15:42:26.330 I  PeachCommander[14857:c5dc] [com.apple.CFPasteboard:cache] Rebuilding cache for 'ApplePerContextInputPasteboard' (<CFUUID 0xaa58646e0> FE26456D-B865-4C76-BD9F-29BD92A532C1)
2026-09-16 15:42:26.330 I  PeachCommander[14857:c5dc] [com.apple.CFPasteboard:general] Will request data from daemon
2026-09-16 15:42:26.330 I  PeachCommander[14857:c5dc] [com.apple.CFPasteboard:exit] (not-in-cache) - result: 0 generation: 1 data (182 bytes) flags: 0
2026-09-16 15:42:26.330 I  PeachCommander[14857:c5dc] [com.apple.CFPasteboard:entry] CopyData('DefaultAsciiKeyboardLayoutPasteboard' (<CFUUID 0xaa6f3e840> 46F900EC-7EBB-400F-A15F-24989FB08FBA) gen: -1 item: 1264739405 flavor: 'DefaultAsciiKeyboardLayoutFlavor')
2026-09-16 15:42:26.330 I  PeachCommander[14857:c5dc] [com.apple.CFPasteboard:exit] (not-in-cache) - result: -8 generation: 0 null data flags: 0
2026-09-16 15:42:26.361 A  PeachCommander[14857:c5ea] (CoreFoundation) Loading Preferences From System CFPrefsD
2026-09-16 15:42:26.367 I  PeachCommander[14857:c5dc] [com.apple.AppKit:Image] ISImage reported a placeholder, image rep is providing a placeholder image for <private>
2026-09-16 15:42:26.368 I  PeachCommander[14857:c5dc] [com.apple.AppKit:Image] ISImage reported a placeholder, image rep is providing a placeholder image for <private>
2026-09-16 15:42:26.368 I  PeachCommander[14857:c5dc] [com.apple.AppKit:Image] ISImage reported a placeholder, image rep is providing a placeholder image for <private>
2026-09-16 15:42:26.371 I  PeachCommander[14857:c5dc] [com.apple.AppKit:Image] ISImage reported a placeholder, image rep is providing a placeholder image for <private>
2026-09-16 15:42:26.371 I  PeachCommander[14857:c5dc] [com.apple.AppKit:Image] ISImage reported a placeholder, image rep is providing a placeholder image for <private>
2026-09-16 15:42:26.373 I  PeachCommander[14857:c5dc] [com.apple.AppKit:Image] ISImage reported a placeholder, image rep is providing a placeholder image for <private>
2026-09-16 15:42:26.373 I  PeachCommander[14857:c5dc] [com.apple.AppKit:Image] ISImage reported a placeholder, image rep is providing a placeholder image for <private>
2026-09-16 15:42:26.374 I  PeachCommander[14857:c5dc] [com.apple.AppKit:Image] ISImage reported a placeholder, image rep is providing a placeholder image for <private>
2026-09-16 15:42:26.375 I  PeachCommander[14857:c5dc] [com.apple.AppKit:Image] ISImage reported a placeholder, image rep is providing a placeholder image for <private>
2026-09-16 15:42:26.376 I  PeachCommander[14857:c5dc] [com.apple.AppKit:Image] ISImage reported a placeholder, image rep is providing a placeholder image for <private>
2026-09-16 15:42:26.376 I  PeachCommander[14857:c5dc] [com.apple.AppKit:Image] ISImage reported a placeholder, image rep is providing a placeholder image for <private>
2026-09-16 15:42:26.378 I  PeachCommander[14857:c5dc] [com.apple.AppKit:Image] ISImage reported a placeholder, image rep is providing a placeholder image for <private>
2026-09-16 15:42:26.378 I  PeachCommander[14857:c5dc] [com.apple.AppKit:Image] ISImage reported a placeholder, image rep is providing a placeholder image for <private>
2026-09-16 15:42:26.379 I  PeachCommander[14857:c5dc] [com.apple.AppKit:Image] ISImage reported a placeholder, image rep is providing a placeholder image for <private>
2026-09-16 15:42:26.379 I  PeachCommander[14857:c5dc] [com.apple.AppKit:Image] ISImage reported a placeholder, image rep is providing a placeholder image for <private>
2026-09-16 15:42:26.380 I  PeachCommander[14857:c5dc] [com.apple.AppKit:Image] ISImage reported a placeholder, image rep is providing a placeholder image for <private>
2026-09-16 15:42:26.381 I  PeachCommander[14857:c5dc] [com.apple.AppKit:Image] ISImage reported a placeholder, image rep is providing a placeholder image for <private>
2026-09-16 15:42:26.382 I  PeachCommander[14857:c5dc] [com.apple.AppKit:Image] ISImage reported a placeholder, image rep is providing a placeholder image for <private>
2026-09-16 15:42:26.382 I  PeachCommander[14857:c5dc] [com.apple.AppKit:Image] ISImage reported a placeholder, image rep is providing a placeholder image for <private>
2026-09-16 15:42:26.384 I  PeachCommander[14857:c5dc] [com.apple.AppKit:Image] ISImage reported a placeholder, image rep is providing a placeholder image for <private>
2026-09-16 15:42:26.384 I  PeachCommander[14857:c5dc] [com.apple.AppKit:Image] ISImage reported a placeholder, image rep is providing a placeholder image for <private>
2026-09-16 15:42:26.385 I  PeachCommander[14857:c5dc] [com.apple.AppKit:Image] ISImage reported a placeholder, image rep is providing a placeholder image for <private>
2026-09-16 15:42:26.385 I  PeachCommander[14857:c5dc] [com.apple.AppKit:Image] ISImage reported a placeholder, image rep is providing a placeholder image for <private>
2026-09-16 15:42:26.387 I  PeachCommander[14857:c5dc] [com.apple.AppKit:Image] ISImage reported a placeholder, image rep is providing a placeholder image for <private>
2026-09-16 15:42:26.387 I  PeachCommander[14857:c5dc] [com.apple.AppKit:Image] ISImage reported a placeholder, image rep is providing a placeholder image for <private>
2026-09-16 15:42:26.388 I  PeachCommander[14857:c5dc] [com.apple.AppKit:Image] ISImage reported a placeholder, image rep is providing a placeholder image for <private>
2026-09-16 15:42:26.388 I  PeachCommander[14857:c5dc] [com.apple.AppKit:Image] ISImage reported a placeholder, image rep is providing a placeholder image for <private>
2026-09-16 15:42:26.389 I  PeachCommander[14857:c5dc] [com.apple.AppKit:Image] ISImage reported a placeholder, image rep is providing a placeholder image for <private>
2026-09-16 15:42:26.390 I  PeachCommander[14857:c5dc] [com.apple.AppKit:Image] ISImage reported a placeholder, image rep is providing a placeholder image for <private>
2026-09-16 15:42:26.391 I  PeachCommander[14857:c5dc] [com.apple.AppKit:Image] ISImage reported a placeholder, image rep is providing a placeholder image for <private>
2026-09-16 15:42:26.391 I  PeachCommander[14857:c5dc] [com.apple.AppKit:Image] ISImage reported a placeholder, image rep is providing a placeholder image for <private>
2026-09-16 15:42:26.393 I  PeachCommander[14857:c5dc] [com.apple.AppKit:Image] ISImage reported a placeholder, image rep is providing a placeholder image for <private>
2026-09-16 15:42:26.393 I  PeachCommander[14857:c5dc] [com.apple.AppKit:Image] ISImage reported a placeholder, image rep is providing a placeholder image for <private>
2026-09-16 15:42:26.394 I  PeachCommander[14857:c5dc] [com.apple.AppKit:Image] ISImage reported a placeholder, image rep is providing a placeholder image for <private>
2026-09-16 15:42:26.394 I  PeachCommander[14857:c5dc] [com.apple.AppKit:Image] ISImage reported a placeholder, image rep is providing a placeholder image for <private>
2026-09-16 15:42:26.396 I  PeachCommander[14857:c5dc] [com.apple.AppKit:Image] ISImage reported a placeholder, image rep is providing a placeholder image for <private>
2026-09-16 15:42:26.396 I  PeachCommander[14857:c5dc] [com.apple.AppKit:Image] ISImage reported a placeholder, image rep is providing a placeholder image for <private>
2026-09-16 15:42:26.397 I  PeachCommander[14857:c5dc] [com.apple.AppKit:Image] ISImage reported a placeholder, image rep is providing a placeholder image for <private>
2026-09-16 15:42:26.397 I  PeachCommander[14857:c5dc] [com.apple.AppKit:Image] ISImage reported a placeholder, image rep is providing a placeholder image for <private>
2026-09-16 15:42:26.399 I  PeachCommander[14857:c5dc] [com.apple.AppKit:Image] ISImage reported a placeholder, image rep is providing a placeholder image for <private>
2026-09-16 15:42:26.399 I  PeachCommander[14857:c5dc] [com.apple.AppKit:Image] ISImage reported a placeholder, image rep is providing a placeholder image for <private>
2026-09-16 15:42:26.400 I  PeachCommander[14857:c5dc] [com.apple.AppKit:Image] ISImage reported a placeholder, image rep is providing a placeholder image for <private>
2026-09-16 15:42:26.400 I  PeachCommander[14857:c5dc] [com.apple.AppKit:Image] ISImage reported a placeholder, image rep is providing a placeholder image for <private>
2026-09-16 15:42:26.402 I  PeachCommander[14857:c5dc] [com.apple.AppKit:Image] ISImage reported a placeholder, image rep is providing a placeholder image for <private>
2026-09-16 15:42:26.402 I  PeachCommander[14857:c5dc] [com.apple.AppKit:Image] ISImage reported a placeholder, image rep is providing a placeholder image for <private>
2026-09-16 15:42:26.404 I  PeachCommander[14857:c5dc] [com.apple.AppKit:Image] ISImage reported a placeholder, image rep is providing a placeholder image for <private>
2026-09-16 15:42:26.404 I  PeachCommander[14857:c5dc] [com.apple.AppKit:Image] ISImage reported a placeholder, image rep is providing a placeholder image for <private>
2026-09-16 15:42:26.406 I  PeachCommander[14857:c5dc] [com.apple.AppKit:Image] ISImage reported a placeholder, image rep is providing a placeholder image for <private>
2026-09-16 15:42:26.406 I  PeachCommander[14857:c5dc] [com.apple.AppKit:Image] ISImage reported a placeholder, image rep is providing a placeholder image for <private>
2026-09-16 15:42:26.407 I  PeachCommander[14857:c5dc] [com.apple.AppKit:Image] ISImage reported a placeholder, image rep is providing a placeholder image for <private>
2026-09-16 15:42:26.407 I  PeachCommander[14857:c5dc] [com.apple.AppKit:Image] ISImage reported a placeholder, image rep is providing a placeholder image for <private>
2026-09-16 15:42:26.409 I  PeachCommander[14857:c5dc] [com.apple.AppKit:Image] ISImage reported a placeholder, image rep is providing a placeholder image for <private>
2026-09-16 15:42:26.409 I  PeachCommander[14857:c5dc] [com.apple.AppKit:Image] ISImage reported a placeholder, image rep is providing a placeholder image for <private>
2026-09-16 15:42:26.410 I  PeachCommander[14857:c5dc] [com.apple.AppKit:Image] ISImage reported a placeholder, image rep is providing a placeholder image for <private>
2026-09-16 15:42:26.410 I  PeachCommander[14857:c5dc] [com.apple.AppKit:Image] ISImage reported a placeholder, image rep is providing a placeholder image for <private>
2026-09-16 15:42:26.471 I  PeachCommander[14857:c5dc] [com.apple.iconservices:foundation] layer data size zero
2026-09-16 15:42:26.472 A  PeachCommander[14857:c5dc] (CoreFoundation) Loading Preferences From User CFPrefsD
2026-09-16 15:42:26.473 I  PeachCommander[14857:c5dc] [com.apple.CoreAnalytics:client] Dropping "com.apple.ImageIO.readerSelection" as it isn't used in any transform (not in the config or budgeted?)
2026-09-16 15:42:26.492 I  PeachCommander[14857:c5dc] [com.apple.coreanimation:Utilities] IOSurface Compression Enabled: NO
2026-09-16 15:42:26.493 Df PeachCommander[14857:c5f0] [com.apple.coreanimation:Metal] Precompiled pipelines disabled on unsupported hardware.
2026-09-16 15:42:26.501 I  PeachCommander[14857:c5dc] [com.apple.HIToolbox:MBDisplays] <private>
2026-09-16 15:42:26.501 I  PeachCommander[14857:c5dc] [com.apple.HIToolbox:MBDisplays] <private>
2026-09-16 15:42:26.505 I  PeachCommander[14857:c5f3] [com.apple.AppKit:WindowTab] Indexing 1 items
2026-09-16 15:42:26.505 A  PeachCommander[14857:c5f3] (CoreSpotlight) end-index-batch
2026-09-16 15:42:26.505 Df PeachCommander[14857:c5f3] [com.apple.corespotlight:index] *warn* MailCS ======%%% _setMailMessageAttributes skip:1
2026-09-16 15:42:26.506 A  PeachCommander[14857:c5f3] (CoreSpotlight) index-items
2026-09-16 15:42:26.506 Df PeachCommander[14857:c67d] [com.apple.corespotlight:index] CSInlineDonation:<private>: Skipping donation (feature flag disabled)
2026-09-16 15:42:26.506 A  PeachCommander[14857:c5e5] (libsystem_info.dylib) Retrieve Group by ID
2026-09-16 15:42:26.507 Df PeachCommander[14857:c67d] [com.apple.corespotlight:index] CSInlineDonation:<private>: Skipping donation (feature flag disabled)
2026-09-16 15:42:26.787 I  PeachCommander[14857:c5dc] [com.apple.AppKit:Image] ISImage reported a placeholder, image rep is providing a placeholder image for <private>
2026-09-16 15:42:26.788 I  PeachCommander[14857:c5dc] [com.apple.AppKit:Image] ISImage reported a placeholder, image rep is providing a placeholder image for <private>
2026-09-16 15:42:26.789 I  PeachCommander[14857:c5dc] [com.apple.AppKit:Image] ISImage reported a placeholder, image rep is providing a placeholder image for <private>
2026-09-16 15:42:26.790 I  PeachCommander[14857:c5dc] [com.apple.AppKit:Image] ISImage reported a placeholder, image rep is providing a placeholder image for <private>
2026-09-16 15:42:26.791 I  PeachCommander[14857:c5dc] [com.apple.AppKit:Image] ISImage reported a placeholder, image rep is providing a placeholder image for <private>
2026-09-16 15:42:26.792 I  PeachCommander[14857:c5dc] [com.apple.AppKit:Image] ISImage reported a placeholder, image rep is providing a placeholder image for <private>
2026-09-16 15:42:26.793 I  PeachCommander[14857:c5dc] [com.apple.AppKit:Image] ISImage reported a placeholder, image rep is providing a placeholder image for <private>
2026-09-16 15:42:26.794 I  PeachCommander[14857:c5dc] [com.apple.AppKit:Image] ISImage reported a placeholder, image rep is providing a placeholder image for <private>
2026-09-16 15:42:26.795 I  PeachCommander[14857:c5dc] [com.apple.AppKit:Image] ISImage reported a placeholder, image rep is providing a placeholder image for <private>
2026-09-16 15:42:26.796 I  PeachCommander[14857:c5dc] [com.apple.AppKit:Image] ISImage reported a placeholder, image rep is providing a placeholder image for <private>
2026-09-16 15:42:26.797 I  PeachCommander[14857:c5dc] [com.apple.AppKit:Image] ISImage reported a placeholder, image rep is providing a placeholder image for <private>
2026-09-16 15:42:26.797 I  PeachCommander[14857:c5dc] [com.apple.AppKit:Image] ISImage reported a placeholder, image rep is providing a placeholder image for <private>
2026-09-16 15:42:26.798 I  PeachCommander[14857:c5dc] [com.apple.AppKit:Image] ISImage reported a placeholder, image rep is providing a placeholder image for <private>
2026-09-16 15:42:26.799 I  PeachCommander[14857:c5dc] [com.apple.AppKit:Image] ISImage reported a placeholder, image rep is providing a placeholder image for <private>
2026-09-16 15:42:26.800 I  PeachCommander[14857:c5dc] [com.apple.AppKit:Image] ISImage reported a placeholder, image rep is providing a placeholder image for <private>
2026-09-16 15:42:26.801 I  PeachCommander[14857:c5dc] [com.apple.AppKit:Image] ISImage reported a placeholder, image rep is providing a placeholder image for <private>
2026-09-16 15:42:26.802 I  PeachCommander[14857:c5dc] [com.apple.AppKit:Image] ISImage reported a placeholder, image rep is providing a placeholder image for <private>
2026-09-16 15:42:26.803 I  PeachCommander[14857:c5dc] [com.apple.AppKit:Image] ISImage reported a placeholder, image rep is providing a placeholder image for <private>
2026-09-16 15:42:26.804 I  PeachCommander[14857:c5dc] [com.apple.AppKit:Image] ISImage reported a placeholder, image rep is providing a placeholder image for <private>
2026-09-16 15:42:26.804 I  PeachCommander[14857:c5dc] [com.apple.AppKit:Image] ISImage reported a placeholder, image rep is providing a placeholder image for <private>
2026-09-16 15:42:26.805 I  PeachCommander[14857:c5dc] [com.apple.AppKit:Image] ISImage reported a placeholder, image rep is providing a placeholder image for <private>
2026-09-16 15:42:26.806 I  PeachCommander[14857:c5dc] [com.apple.AppKit:Image] ISImage reported a placeholder, image rep is providing a placeholder image for <private>
2026-09-16 15:42:26.807 I  PeachCommander[14857:c5dc] [com.apple.AppKit:Image] ISImage reported a placeholder, image rep is providing a placeholder image for <private>
2026-09-16 15:42:26.808 I  PeachCommander[14857:c5dc] [com.apple.AppKit:Image] ISImage reported a placeholder, image rep is providing a placeholder image for <private>
2026-09-16 15:42:26.809 I  PeachCommander[14857:c5dc] [com.apple.AppKit:Image] ISImage reported a placeholder, image rep is providing a placeholder image for <private>
2026-09-16 15:42:26.810 I  PeachCommander[14857:c5dc] [com.apple.AppKit:Image] ISImage reported a placeholder, image rep is providing a placeholder image for <private>
2026-09-16 15:42:26.811 I  PeachCommander[14857:c5dc] [com.apple.AppKit:Image] ISImage reported a placeholder, image rep is providing a placeholder image for <private>
2026-09-16 15:42:26.812 I  PeachCommander[14857:c5dc] [com.apple.AppKit:Image] ISImage reported a placeholder, image rep is providing a placeholder image for <private>
2026-09-16 15:42:26.812 I  PeachCommander[14857:c5dc] [com.apple.AppKit:Image] ISImage reported a placeholder, image rep is providing a placeholder image for <private>
2026-09-16 15:42:26.814 I  PeachCommander[14857:c5dc] [com.apple.AppKit:Image] ISImage reported a placeholder, image rep is providing a placeholder image for <private>
2026-09-16 15:42:26.814 I  PeachCommander[14857:c5dc] [com.apple.AppKit:Image] ISImage reported a placeholder, image rep is providing a placeholder image for <private>
2026-09-16 15:42:26.816 I  PeachCommander[14857:c5dc] [com.apple.AppKit:Image] ISImage reported a placeholder, image rep is providing a placeholder image for <private>
2026-09-16 15:42:26.816 I  PeachCommander[14857:c5dc] [com.apple.AppKit:Image] ISImage reported a placeholder, image rep is providing a placeholder image for <private>
2026-09-16 15:42:26.817 I  PeachCommander[14857:c5dc] [com.apple.AppKit:Image] ISImage reported a placeholder, image rep is providing a placeholder image for <private>
2026-09-16 15:42:26.817 I  PeachCommander[14857:c5dc] [com.apple.AppKit:Image] ISImage reported a placeholder, image rep is providing a placeholder image for <private>
2026-09-16 15:42:26.819 I  PeachCommander[14857:c5dc] [com.apple.AppKit:Image] ISImage reported a placeholder, image rep is providing a placeholder image for <private>
2026-09-16 15:42:26.819 I  PeachCommander[14857:c5dc] [com.apple.AppKit:Image] ISImage reported a placeholder, image rep is providing a placeholder image for <private>
2026-09-16 15:42:26.820 I  PeachCommander[14857:c5dc] [com.apple.AppKit:Image] ISImage reported a placeholder, image rep is providing a placeholder image for <private>
2026-09-16 15:42:26.820 I  PeachCommander[14857:c5dc] [com.apple.AppKit:Image] ISImage reported a placeholder, image rep is providing a placeholder image for <private>
2026-09-16 15:42:26.822 I  PeachCommander[14857:c5dc] [com.apple.AppKit:Image] ISImage reported a placeholder, image rep is providing a placeholder image for <private>
2026-09-16 15:42:26.822 I  PeachCommander[14857:c5dc] [com.apple.AppKit:Image] ISImage reported a placeholder, image rep is providing a placeholder image for <private>
2026-09-16 15:42:26.823 I  PeachCommander[14857:c5dc] [com.apple.AppKit:Image] ISImage reported a placeholder, image rep is providing a placeholder image for <private>
2026-09-16 15:42:26.823 I  PeachCommander[14857:c5dc] [com.apple.AppKit:Image] ISImage reported a placeholder, image rep is providing a placeholder image for <private>
2026-09-16 15:42:26.825 I  PeachCommander[14857:c5dc] [com.apple.AppKit:Image] ISImage reported a placeholder, image rep is providing a placeholder image for <private>
2026-09-16 15:42:26.825 I  PeachCommander[14857:c5dc] [com.apple.AppKit:Image] ISImage reported a placeholder, image rep is providing a placeholder image for <private>
2026-09-16 15:42:26.827 I  PeachCommander[14857:c5dc] [com.apple.AppKit:Image] ISImage reported a placeholder, image rep is providing a placeholder image for <private>
2026-09-16 15:42:26.827 I  PeachCommander[14857:c5dc] [com.apple.AppKit:Image] ISImage reported a placeholder, image rep is providing a placeholder image for <private>
2026-09-16 15:42:26.828 I  PeachCommander[14857:c5dc] [com.apple.AppKit:Image] ISImage reported a placeholder, image rep is providing a placeholder image for <private>
2026-09-16 15:42:26.829 I  PeachCommander[14857:c5dc] [com.apple.AppKit:Image] ISImage reported a placeholder, image rep is providing a placeholder image for <private>
2026-09-16 15:42:26.830 I  PeachCommander[14857:c5dc] [com.apple.AppKit:Image] ISImage reported a placeholder, image rep is providing a placeholder image for <private>
2026-09-16 15:42:26.830 I  PeachCommander[14857:c5dc] [com.apple.AppKit:Image] ISImage reported a placeholder, image rep is providing a placeholder image for <private>
2026-09-16 15:42:26.832 I  PeachCommander[14857:c5dc] [com.apple.AppKit:Image] ISImage reported a placeholder, image rep is providing a placeholder image for <private>
2026-09-16 15:42:26.832 I  PeachCommander[14857:c5dc] [com.apple.AppKit:Image] ISImage reported a placeholder, image rep is providing a placeholder image for <private>
2026-09-16 15:42:26.834 I  PeachCommander[14857:c5dc] [com.apple.AppKit:Image] ISImage reported a placeholder, image rep is providing a placeholder image for <private>
2026-09-16 15:42:26.834 I  PeachCommander[14857:c5dc] [com.apple.AppKit:Image] ISImage reported a placeholder, image rep is providing a placeholder image for <private>
2026-09-16 15:42:26.836 I  PeachCommander[14857:c5dc] [com.apple.AppKit:Image] ISImage reported a placeholder, image rep is providing a placeholder image for <private>
2026-09-16 15:42:26.836 I  PeachCommander[14857:c5dc] [com.apple.AppKit:Image] ISImage reported a placeholder, image rep is providing a placeholder image for <private>
2026-09-16 15:42:26.837 I  PeachCommander[14857:c5dc] [com.apple.AppKit:Image] ISImage reported a placeholder, image rep is providing a placeholder image for <private>
2026-09-16 15:42:26.837 I  PeachCommander[14857:c5dc] [com.apple.AppKit:Image] ISImage reported a placeholder, image rep is providing a placeholder image for <private>
2026-09-16 15:42:26.839 I  PeachCommander[14857:c5dc] [com.apple.AppKit:Image] ISImage reported a placeholder, image rep is providing a placeholder image for <private>
2026-09-16 15:42:26.839 I  PeachCommander[14857:c5dc] [com.apple.AppKit:Image] ISImage reported a placeholder, image rep is providing a placeholder image for <private>
2026-09-16 15:42:26.840 I  PeachCommander[14857:c5dc] [com.apple.AppKit:Image] ISImage reported a placeholder, image rep is providing a placeholder image for <private>
2026-09-16 15:42:26.840 I  PeachCommander[14857:c5dc] [com.apple.AppKit:Image] ISImage reported a placeholder, image rep is providing a placeholder image for <private>
2026-09-16 15:42:26.842 I  PeachCommander[14857:c5dc] [com.apple.AppKit:Image] ISImage reported a placeholder, image rep is providing a placeholder image for <private>
2026-09-16 15:42:26.842 I  PeachCommander[14857:c5dc] [com.apple.AppKit:Image] ISImage reported a placeholder, image rep is providing a placeholder image for <private>
2026-09-16 15:42:26.844 I  PeachCommander[14857:c5dc] [com.apple.AppKit:Image] ISImage reported a placeholder, image rep is providing a placeholder image for <private>
2026-09-16 15:42:26.844 I  PeachCommander[14857:c5dc] [com.apple.AppKit:Image] ISImage reported a placeholder, image rep is providing a placeholder image for <private>
2026-09-16 15:42:26.846 I  PeachCommander[14857:c5dc] [com.apple.AppKit:Image] ISImage reported a placeholder, image rep is providing a placeholder image for <private>
2026-09-16 15:42:26.846 I  PeachCommander[14857:c5dc] [com.apple.AppKit:Image] ISImage reported a placeholder, image rep is providing a placeholder image for <private>
2026-09-16 15:42:26.847 I  PeachCommander[14857:c5dc] [com.apple.AppKit:Image] ISImage reported a placeholder, image rep is providing a placeholder image for <private>
2026-09-16 15:42:26.847 I  PeachCommander[14857:c5dc] [com.apple.AppKit:Image] ISImage reported a placeholder, image rep is providing a placeholder image for <private>
2026-09-16 15:42:26.849 I  PeachCommander[14857:c5dc] [com.apple.AppKit:Image] ISImage reported a placeholder, image rep is providing a placeholder image for <private>
2026-09-16 15:42:26.849 I  PeachCommander[14857:c5dc] [com.apple.AppKit:Image] ISImage reported a placeholder, image rep is providing a placeholder image for <private>
2026-09-16 15:42:26.851 I  PeachCommander[14857:c5dc] [com.apple.AppKit:Image] ISImage reported a placeholder, image rep is providing a placeholder image for <private>
2026-09-16 15:42:26.851 I  PeachCommander[14857:c5dc] [com.apple.AppKit:Image] ISImage reported a placeholder, image rep is providing a placeholder image for <private>
2026-09-16 15:42:26.852 I  PeachCommander[14857:c5dc] [com.apple.AppKit:Image] ISImage reported a placeholder, image rep is providing a placeholder image for <private>
2026-09-16 15:42:26.852 I  PeachCommander[14857:c5dc] [com.apple.AppKit:Image] ISImage reported a placeholder, image rep is providing a placeholder image for <private>
2026-09-16 15:42:26.854 I  PeachCommander[14857:c5dc] [com.apple.AppKit:Image] ISImage reported a placeholder, image rep is providing a placeholder image for <private>
2026-09-16 15:42:26.854 I  PeachCommander[14857:c5dc] [com.apple.AppKit:Image] ISImage reported a placeholder, image rep is providing a placeholder image for <private>
2026-09-16 15:42:26.856 I  PeachCommander[14857:c5dc] [com.apple.AppKit:Image] ISImage reported a placeholder, image rep is providing a placeholder image for <private>
2026-09-16 15:42:26.856 I  PeachCommander[14857:c5dc] [com.apple.AppKit:Image] ISImage reported a placeholder, image rep is providing a placeholder image for <private>
2026-09-16 15:42:26.952 I  PeachCommander[14857:c5dc] [com.apple.AppKit:Image] ISImage reported a placeholder, image rep is providing a placeholder image for <private>
2026-09-16 15:42:26.953 I  PeachCommander[14857:c5dc] [com.apple.AppKit:Image] ISImage reported a placeholder, image rep is providing a placeholder image for <private>
2026-09-16 15:42:26.953 I  PeachCommander[14857:c5dc] [com.apple.AppKit:Image] ISImage reported a placeholder, image rep is providing a placeholder image for <private>
2026-09-16 15:42:26.955 I  PeachCommander[14857:c5dc] [com.apple.AppKit:Image] ISImage reported a placeholder, image rep is providing a placeholder image for <private>
2026-09-16 15:42:26.955 I  PeachCommander[14857:c5dc] [com.apple.AppKit:Image] ISImage reported a placeholder, image rep is providing a placeholder image for <private>
2026-09-16 15:42:26.957 I  PeachCommander[14857:c5dc] [com.apple.AppKit:Image] ISImage reported a placeholder, image rep is providing a placeholder image for <private>
2026-09-16 15:42:26.957 I  PeachCommander[14857:c5dc] [com.apple.AppKit:Image] ISImage reported a placeholder, image rep is providing a placeholder image for <private>
2026-09-16 15:42:26.958 I  PeachCommander[14857:c5dc] [com.apple.AppKit:Image] ISImage reported a placeholder, image rep is providing a placeholder image for <private>
2026-09-16 15:42:26.958 I  PeachCommander[14857:c5dc] [com.apple.AppKit:Image] ISImage reported a placeholder, image rep is providing a placeholder image for <private>
2026-09-16 15:42:26.960 I  PeachCommander[14857:c5dc] [com.apple.AppKit:Image] ISImage reported a placeholder, image rep is providing a placeholder image for <private>
2026-09-16 15:42:26.960 I  PeachCommander[14857:c5dc] [com.apple.AppKit:Image] ISImage reported a placeholder, image rep is providing a placeholder image for <private>
2026-09-16 15:42:26.962 I  PeachCommander[14857:c5dc] [com.apple.AppKit:Image] ISImage reported a placeholder, image rep is providing a placeholder image for <private>
2026-09-16 15:42:26.962 I  PeachCommander[14857:c5dc] [com.apple.AppKit:Image] ISImage reported a placeholder, image rep is providing a placeholder image for <private>
2026-09-16 15:42:26.963 I  PeachCommander[14857:c5dc] [com.apple.AppKit:Image] ISImage reported a placeholder, image rep is providing a placeholder image for <private>
2026-09-16 15:42:26.963 I  PeachCommander[14857:c5dc] [com.apple.AppKit:Image] ISImage reported a placeholder, image rep is providing a placeholder image for <private>
2026-09-16 15:42:26.965 I  PeachCommander[14857:c5dc] [com.apple.AppKit:Image] ISImage reported a placeholder, image rep is providing a placeholder image for <private>
2026-09-16 15:42:26.965 I  PeachCommander[14857:c5dc] [com.apple.AppKit:Image] ISImage reported a placeholder, image rep is providing a placeholder image for <private>
2026-09-16 15:42:26.967 I  PeachCommander[14857:c5dc] [com.apple.AppKit:Image] ISImage reported a placeholder, image rep is providing a placeholder image for <private>
2026-09-16 15:42:26.967 I  PeachCommander[14857:c5dc] [com.apple.AppKit:Image] ISImage reported a placeholder, image rep is providing a placeholder image for <private>
2026-09-16 15:42:26.969 I  PeachCommander[14857:c5dc] [com.apple.AppKit:Image] ISImage reported a placeholder, image rep is providing a placeholder image for <private>
2026-09-16 15:42:26.969 I  PeachCommander[14857:c5dc] [com.apple.AppKit:Image] ISImage reported a placeholder, image rep is providing a placeholder image for <private>
2026-09-16 15:42:26.971 I  PeachCommander[14857:c5dc] [com.apple.AppKit:Image] ISImage reported a placeholder, image rep is providing a placeholder image for <private>
2026-09-16 15:42:26.971 I  PeachCommander[14857:c5dc] [com.apple.AppKit:Image] ISImage reported a placeholder, image rep is providing a placeholder image for <private>
2026-09-16 15:42:26.973 I  PeachCommander[14857:c5dc] [com.apple.AppKit:Image] ISImage reported a placeholder, image rep is providing a placeholder image for <private>
2026-09-16 15:42:26.973 I  PeachCommander[14857:c5dc] [com.apple.AppKit:Image] ISImage reported a placeholder, image rep is providing a placeholder image for <private>
2026-09-16 15:42:26.974 I  PeachCommander[14857:c5dc] [com.apple.AppKit:Image] ISImage reported a placeholder, image rep is providing a placeholder image for <private>
2026-09-16 15:42:26.974 I  PeachCommander[14857:c5dc] [com.apple.AppKit:Image] ISImage reported a placeholder, image rep is providing a placeholder image for <private>
2026-09-16 15:42:26.976 I  PeachCommander[14857:c5dc] [com.apple.AppKit:Image] ISImage reported a placeholder, image rep is providing a placeholder image for <private>
2026-09-16 15:42:26.976 I  PeachCommander[14857:c5dc] [com.apple.AppKit:Image] ISImage reported a placeholder, image rep is providing a placeholder image for <private>
2026-09-16 15:42:26.977 I  PeachCommander[14857:c5dc] [com.apple.AppKit:Image] ISImage reported a placeholder, image rep is providing a placeholder image for <private>
2026-09-16 15:42:26.977 I  PeachCommander[14857:c5dc] [com.apple.AppKit:Image] ISImage reported a placeholder, image rep is providing a placeholder image for <private>
2026-09-16 15:42:26.979 I  PeachCommander[14857:c5dc] [com.apple.AppKit:Image] ISImage reported a placeholder, image rep is providing a placeholder image for <private>
2026-09-16 15:42:26.979 I  PeachCommander[14857:c5dc] [com.apple.AppKit:Image] ISImage reported a placeholder, image rep is providing a placeholder image for <private>
2026-09-16 15:42:26.980 I  PeachCommander[14857:c5dc] [com.apple.AppKit:Image] ISImage reported a placeholder, image rep is providing a placeholder image for <private>
2026-09-16 15:42:26.980 I  PeachCommander[14857:c5dc] [com.apple.AppKit:Image] ISImage reported a placeholder, image rep is providing a placeholder image for <private>
2026-09-16 15:42:26.982 I  PeachCommander[14857:c5dc] [com.apple.AppKit:Image] ISImage reported a placeholder, image rep is providing a placeholder image for <private>
2026-09-16 15:42:26.982 I  PeachCommander[14857:c5dc] [com.apple.AppKit:Image] ISImage reported a placeholder, image rep is providing a placeholder image for <private>
2026-09-16 15:42:26.984 I  PeachCommander[14857:c5dc] [com.apple.AppKit:Image] ISImage reported a placeholder, image rep is providing a placeholder image for <private>
2026-09-16 15:42:26.984 I  PeachCommander[14857:c5dc] [com.apple.AppKit:Image] ISImage reported a placeholder, image rep is providing a placeholder image for <private>
2026-09-16 15:42:26.985 I  PeachCommander[14857:c5dc] [com.apple.AppKit:Image] ISImage reported a placeholder, image rep is providing a placeholder image for <private>
2026-09-16 15:42:26.986 I  PeachCommander[14857:c5dc] [com.apple.AppKit:Image] ISImage reported a placeholder, image rep is providing a placeholder image for <private>
2026-09-16 15:42:26.987 I  PeachCommander[14857:c5dc] [com.apple.AppKit:Image] ISImage reported a placeholder, image rep is providing a placeholder image for <private>
2026-09-16 15:42:26.987 I  PeachCommander[14857:c5dc] [com.apple.AppKit:Image] ISImage reported a placeholder, image rep is providing a placeholder image for <private>
2026-09-16 15:42:26.989 I  PeachCommander[14857:c5dc] [com.apple.AppKit:Image] ISImage reported a placeholder, image rep is providing a placeholder image for <private>
2026-09-16 15:42:26.989 I  PeachCommander[14857:c5dc] [com.apple.AppKit:Image] ISImage reported a placeholder, image rep is providing a placeholder image for <private>
2026-09-16 15:42:26.990 I  PeachCommander[14857:c5dc] [com.apple.AppKit:Image] ISImage reported a placeholder, image rep is providing a placeholder image for <private>
2026-09-16 15:42:26.990 I  PeachCommander[14857:c5dc] [com.apple.AppKit:Image] ISImage reported a placeholder, image rep is providing a placeholder image for <private>
2026-09-16 15:42:26.992 I  PeachCommander[14857:c5dc] [com.apple.AppKit:Image] ISImage reported a placeholder, image rep is providing a placeholder image for <private>
2026-09-16 15:42:26.992 I  PeachCommander[14857:c5dc] [com.apple.AppKit:Image] ISImage reported a placeholder, image rep is providing a placeholder image for <private>
2026-09-16 15:42:26.993 I  PeachCommander[14857:c5dc] [com.apple.AppKit:Image] ISImage reported a placeholder, image rep is providing a placeholder image for <private>
2026-09-16 15:42:26.993 I  PeachCommander[14857:c5dc] [com.apple.AppKit:Image] ISImage reported a placeholder, image rep is providing a placeholder image for <private>
2026-09-16 15:42:26.995 I  PeachCommander[14857:c5dc] [com.apple.AppKit:Image] ISImage reported a placeholder, image rep is providing a placeholder image for <private>
2026-09-16 15:42:26.995 I  PeachCommander[14857:c5dc] [com.apple.AppKit:Image] ISImage reported a placeholder, image rep is providing a placeholder image for <private>
2026-09-16 15:42:26.997 I  PeachCommander[14857:c5dc] [com.apple.AppKit:Image] ISImage reported a placeholder, image rep is providing a placeholder image for <private>
2026-09-16 15:42:26.997 I  PeachCommander[14857:c5dc] [com.apple.AppKit:Image] ISImage reported a placeholder, image rep is providing a placeholder image for <private>
2026-09-16 15:42:27.143 I  PeachCommander[14857:c5dc] [com.peachcommander:PCFoundation] Session restored
2026-09-16 15:42:27.143 Df PeachCommander[14857:c5dc] (Foundation) <private>
2026-09-16 15:42:27.143 I  PeachCommander[14857:c5dc] [com.peachcommander:PCFoundation] [automation] running /Users/admin/auto.txt
2026-09-16 15:42:27.143 Df PeachCommander[14857:c5dc] (Foundation) <private>
2026-09-16 15:42:27.143 I  PeachCommander[14857:c5dc] [com.peachcommander:PCFoundation] [automation] > active left
2026-09-16 15:42:27.144 Df PeachCommander[14857:c5dc] (Foundation) <private>
2026-09-16 15:42:27.144 I  PeachCommander[14857:c5dc] [com.peachcommander:PCFoundation] [automation] > left /Users/admin/pc-demo
2026-09-16 15:42:27.187 I  PeachCommander[14857:c5dc] [com.apple.AppKit:Image] ISImage reported a placeholder, image rep is providing a placeholder image for <private>
2026-09-16 15:42:27.188 I  PeachCommander[14857:c5dc] [com.apple.AppKit:Image] ISImage reported a placeholder, image rep is providing a placeholder image for <private>
2026-09-16 15:42:27.189 I  PeachCommander[14857:c5dc] [com.apple.AppKit:Image] ISImage reported a placeholder, image rep is providing a placeholder image for <private>
2026-09-16 15:42:27.190 I  PeachCommander[14857:c5dc] [com.apple.AppKit:Image] ISImage reported a placeholder, image rep is providing a placeholder image for <private>
2026-09-16 15:42:27.191 I  PeachCommander[14857:c5dc] [com.apple.AppKit:Image] ISImage reported a placeholder, image rep is providing a placeholder image for <private>
2026-09-16 15:42:27.192 I  PeachCommander[14857:c5dc] [com.apple.AppKit:Image] ISImage reported a placeholder, image rep is providing a placeholder image for <private>
2026-09-16 15:42:27.193 I  PeachCommander[14857:c5dc] [com.apple.AppKit:Image] ISImage reported a placeholder, image rep is providing a placeholder image for <private>
2026-09-16 15:42:27.194 I  PeachCommander[14857:c5dc] [com.apple.AppKit:Image] ISImage reported a placeholder, image rep is providing a placeholder image for <private>
2026-09-16 15:42:27.196 I  PeachCommander[14857:c5dc] [com.apple.AppKit:Image] ISImage reported a placeholder, image rep is providing a placeholder image for <private>
2026-09-16 15:42:27.197 I  PeachCommander[14857:c5dc] [com.apple.AppKit:Image] ISImage reported a placeholder, image rep is providing a placeholder image for <private>
2026-09-16 15:42:27.198 I  PeachCommander[14857:c5dc] [com.apple.AppKit:Image] ISImage reported a placeholder, image rep is providing a placeholder image for <private>
2026-09-16 15:42:27.199 I  PeachCommander[14857:c5dc] [com.apple.AppKit:Image] ISImage reported a placeholder, image rep is providing a placeholder image for <private>
2026-09-16 15:42:27.200 I  PeachCommander[14857:c5dc] [com.apple.AppKit:Image] ISImage reported a placeholder, image rep is providing a placeholder image for <private>
2026-09-16 15:42:27.201 I  PeachCommander[14857:c5dc] [com.apple.AppKit:Image] ISImage reported a placeholder, image rep is providing a placeholder image for <private>
2026-09-16 15:42:27.202 I  PeachCommander[14857:c5dc] [com.apple.AppKit:Image] ISImage reported a placeholder, image rep is providing a placeholder image for <private>
2026-09-16 15:42:27.203 I  PeachCommander[14857:c5dc] [com.apple.AppKit:Image] ISImage reported a placeholder, image rep is providing a placeholder image for <private>
2026-09-16 15:42:27.204 I  PeachCommander[14857:c5dc] [com.apple.AppKit:Image] ISImage reported a placeholder, image rep is providing a placeholder image for <private>
2026-09-16 15:42:27.205 I  PeachCommander[14857:c5dc] [com.apple.AppKit:Image] ISImage reported a placeholder, image rep is providing a placeholder image for <private>
2026-09-16 15:42:27.206 I  PeachCommander[14857:c5dc] [com.apple.AppKit:Image] ISImage reported a placeholder, image rep is providing a placeholder image for <private>
2026-09-16 15:42:27.207 I  PeachCommander[14857:c5dc] [com.apple.AppKit:Image] ISImage reported a placeholder, image rep is providing a placeholder image for <private>
2026-09-16 15:42:27.208 I  PeachCommander[14857:c5dc] [com.apple.AppKit:Image] ISImage reported a placeholder, image rep is providing a placeholder image for <private>
2026-09-16 15:42:27.209 I  PeachCommander[14857:c5dc] [com.apple.AppKit:Image] ISImage reported a placeholder, image rep is providing a placeholder image for <private>
2026-09-16 15:42:27.210 I  PeachCommander[14857:c5dc] [com.apple.AppKit:Image] ISImage reported a placeholder, image rep is providing a placeholder image for <private>
2026-09-16 15:42:27.211 I  PeachCommander[14857:c5dc] [com.apple.AppKit:Image] ISImage reported a placeholder, image rep is providing a placeholder image for <private>
2026-09-16 15:42:27.213 I  PeachCommander[14857:c5dc] [com.apple.AppKit:Image] ISImage reported a placeholder, image rep is providing a placeholder image for <private>
2026-09-16 15:42:27.214 I  PeachCommander[14857:c5dc] [com.apple.AppKit:Image] ISImage reported a placeholder, image rep is providing a placeholder image for <private>
2026-09-16 15:42:27.215 I  PeachCommander[14857:c5dc] [com.apple.AppKit:Image] ISImage reported a placeholder, image rep is providing a placeholder image for <private>
2026-09-16 15:42:27.217 I  PeachCommander[14857:c5dc] [com.apple.AppKit:Image] ISImage reported a placeholder, image rep is providing a placeholder image for <private>
2026-09-16 15:42:27.217 I  PeachCommander[14857:c5dc] [com.apple.AppKit:Image] ISImage reported a placeholder, image rep is providing a placeholder image for <private>
2026-09-16 15:42:27.219 I  PeachCommander[14857:c5dc] [com.apple.AppKit:Image] ISImage reported a placeholder, image rep is providing a placeholder image for <private>
2026-09-16 15:42:27.219 I  PeachCommander[14857:c5dc] [com.apple.AppKit:Image] ISImage reported a placeholder, image rep is providing a placeholder image for <private>
2026-09-16 15:42:27.222 I  PeachCommander[14857:c5dc] [com.apple.AppKit:Image] ISImage reported a placeholder, image rep is providing a placeholder image for <private>
2026-09-16 15:42:27.222 I  PeachCommander[14857:c5dc] [com.apple.AppKit:Image] ISImage reported a placeholder, image rep is providing a placeholder image for <private>
2026-09-16 15:42:27.224 I  PeachCommander[14857:c5dc] [com.apple.AppKit:Image] ISImage reported a placeholder, image rep is providing a placeholder image for <private>
2026-09-16 15:42:27.224 I  PeachCommander[14857:c5dc] [com.apple.AppKit:Image] ISImage reported a placeholder, image rep is providing a placeholder image for <private>
2026-09-16 15:42:27.226 I  PeachCommander[14857:c5dc] [com.apple.AppKit:Image] ISImage reported a placeholder, image rep is providing a placeholder image for <private>
2026-09-16 15:42:27.226 I  PeachCommander[14857:c5dc] [com.apple.AppKit:Image] ISImage reported a placeholder, image rep is providing a placeholder image for <private>
2026-09-16 15:42:27.228 I  PeachCommander[14857:c5dc] [com.apple.AppKit:Image] ISImage reported a placeholder, image rep is providing a placeholder image for <private>
2026-09-16 15:42:27.228 I  PeachCommander[14857:c5dc] [com.apple.AppKit:Image] ISImage reported a placeholder, image rep is providing a placeholder image for <private>
2026-09-16 15:42:27.231 I  PeachCommander[14857:c5dc] [com.apple.AppKit:Image] ISImage reported a placeholder, image rep is providing a placeholder image for <private>
2026-09-16 15:42:27.231 I  PeachCommander[14857:c5dc] [com.apple.AppKit:Image] ISImage reported a placeholder, image rep is providing a placeholder image for <private>
2026-09-16 15:42:27.232 I  PeachCommander[14857:c5dc] [com.apple.AppKit:Image] ISImage reported a placeholder, image rep is providing a placeholder image for <private>
2026-09-16 15:42:27.233 I  PeachCommander[14857:c5dc] [com.apple.AppKit:Image] ISImage reported a placeholder, image rep is providing a placeholder image for <private>
2026-09-16 15:42:27.234 I  PeachCommander[14857:c5dc] [com.apple.AppKit:Image] ISImage reported a placeholder, image rep is providing a placeholder image for <private>
2026-09-16 15:42:27.234 I  PeachCommander[14857:c5dc] [com.apple.AppKit:Image] ISImage reported a placeholder, image rep is providing a placeholder image for <private>
2026-09-16 15:42:27.236 I  PeachCommander[14857:c5dc] [com.apple.AppKit:Image] ISImage reported a placeholder, image rep is providing a placeholder image for <private>
2026-09-16 15:42:27.236 I  PeachCommander[14857:c5dc] [com.apple.AppKit:Image] ISImage reported a placeholder, image rep is providing a placeholder image for <private>
2026-09-16 15:42:27.238 I  PeachCommander[14857:c5dc] [com.apple.AppKit:Image] ISImage reported a placeholder, image rep is providing a placeholder image for <private>
2026-09-16 15:42:27.238 I  PeachCommander[14857:c5dc] [com.apple.AppKit:Image] ISImage reported a placeholder, image rep is providing a placeholder image for <private>
2026-09-16 15:42:27.239 I  PeachCommander[14857:c5dc] [com.apple.AppKit:Image] ISImage reported a placeholder, image rep is providing a placeholder image for <private>
2026-09-16 15:42:27.239 I  PeachCommander[14857:c5dc] [com.apple.AppKit:Image] ISImage reported a placeholder, image rep is providing a placeholder image for <private>
2026-09-16 15:42:27.241 I  PeachCommander[14857:c5dc] [com.apple.AppKit:Image] ISImage reported a placeholder, image rep is providing a placeholder image for <private>
2026-09-16 15:42:27.241 I  PeachCommander[14857:c5dc] [com.apple.AppKit:Image] ISImage reported a placeholder, image rep is providing a placeholder image for <private>
2026-09-16 15:42:27.242 I  PeachCommander[14857:c5dc] [com.apple.AppKit:Image] ISImage reported a placeholder, image rep is providing a placeholder image for <private>
2026-09-16 15:42:27.242 I  PeachCommander[14857:c5dc] [com.apple.AppKit:Image] ISImage reported a placeholder, image rep is providing a placeholder image for <private>
2026-09-16 15:42:27.244 I  PeachCommander[14857:c5dc] [com.apple.AppKit:Image] ISImage reported a placeholder, image rep is providing a placeholder image for <private>
2026-09-16 15:42:27.244 I  PeachCommander[14857:c5dc] [com.apple.AppKit:Image] ISImage reported a placeholder, image rep is providing a placeholder image for <private>
2026-09-16 15:42:27.245 I  PeachCommander[14857:c5dc] [com.apple.AppKit:Image] ISImage reported a placeholder, image rep is providing a placeholder image for <private>
2026-09-16 15:42:27.245 I  PeachCommander[14857:c5dc] [com.apple.AppKit:Image] ISImage reported a placeholder, image rep is providing a placeholder image for <private>
2026-09-16 15:42:27.247 I  PeachCommander[14857:c5dc] [com.apple.AppKit:Image] ISImage reported a placeholder, image rep is providing a placeholder image for <private>
2026-09-16 15:42:27.247 I  PeachCommander[14857:c5dc] [com.apple.AppKit:Image] ISImage reported a placeholder, image rep is providing a placeholder image for <private>
2026-09-16 15:42:27.248 I  PeachCommander[14857:c5dc] [com.apple.AppKit:Image] ISImage reported a placeholder, image rep is providing a placeholder image for <private>
2026-09-16 15:42:27.249 I  PeachCommander[14857:c5dc] [com.apple.AppKit:Image] ISImage reported a placeholder, image rep is providing a placeholder image for <private>
2026-09-16 15:42:27.250 I  PeachCommander[14857:c5dc] [com.apple.AppKit:Image] ISImage reported a placeholder, image rep is providing a placeholder image for <private>
2026-09-16 15:42:27.250 I  PeachCommander[14857:c5dc] [com.apple.AppKit:Image] ISImage reported a placeholder, image rep is providing a placeholder image for <private>
2026-09-16 15:42:27.252 I  PeachCommander[14857:c5dc] [com.apple.AppKit:Image] ISImage reported a placeholder, image rep is providing a placeholder image for <private>
2026-09-16 15:42:27.252 I  PeachCommander[14857:c5dc] [com.apple.AppKit:Image] ISImage reported a placeholder, image rep is providing a placeholder image for <private>
2026-09-16 15:42:27.253 I  PeachCommander[14857:c5dc] [com.apple.AppKit:Image] ISImage reported a placeholder, image rep is providing a placeholder image for <private>
2026-09-16 15:42:27.253 I  PeachCommander[14857:c5dc] [com.apple.AppKit:Image] ISImage reported a placeholder, image rep is providing a placeholder image for <private>
2026-09-16 15:42:27.255 I  PeachCommander[14857:c5dc] [com.apple.AppKit:Image] ISImage reported a placeholder, image rep is providing a placeholder image for <private>
2026-09-16 15:42:27.255 I  PeachCommander[14857:c5dc] [com.apple.AppKit:Image] ISImage reported a placeholder, image rep is providing a placeholder image for <private>
2026-09-16 15:42:27.257 I  PeachCommander[14857:c5dc] [com.apple.AppKit:Image] ISImage reported a placeholder, image rep is providing a placeholder image for <private>
2026-09-16 15:42:27.257 I  PeachCommander[14857:c5dc] [com.apple.AppKit:Image] ISImage reported a placeholder, image rep is providing a placeholder image for <private>
2026-09-16 15:42:27.258 I  PeachCommander[14857:c5dc] [com.apple.AppKit:Image] ISImage reported a placeholder, image rep is providing a placeholder image for <private>
2026-09-16 15:42:27.258 I  PeachCommander[14857:c5dc] [com.apple.AppKit:Image] ISImage reported a placeholder, image rep is providing a placeholder image for <private>
2026-09-16 15:42:27.260 I  PeachCommander[14857:c5dc] [com.apple.AppKit:Image] ISImage reported a placeholder, image rep is providing a placeholder image for <private>
2026-09-16 15:42:27.260 I  PeachCommander[14857:c5dc] [com.apple.AppKit:Image] ISImage reported a placeholder, image rep is providing a placeholder image for <private>
2026-09-16 15:42:27.337 I  PeachCommander[14857:c5e5] [com.apple.AppKit:WindowTab] Indexing 1 items
2026-09-16 15:42:27.337 A  PeachCommander[14857:c5e5] (CoreSpotlight) end-index-batch
2026-09-16 15:42:27.337 A  PeachCommander[14857:c5e5] (CoreSpotlight) index-items
2026-09-16 15:42:27.337 Df PeachCommander[14857:c5e5] [com.apple.corespotlight:index] CSInlineDonation:<private>: Skipping donation (feature flag disabled)
2026-09-16 15:42:27.338 Df PeachCommander[14857:c5e5] [com.apple.corespotlight:index] CSInlineDonation:<private>: Skipping donation (feature flag disabled)
2026-09-16 15:42:27.352 Df PeachCommander[14857:c5dc] (Foundation) <private>
2026-09-16 15:42:27.352 I  PeachCommander[14857:c5dc] [com.peachcommander:PCFoundation] [automation] > wait 1200
2026-09-16 15:42:27.354 I  PeachCommander[14857:c5dc] [com.apple.AppKit:Image] ISImage reported a placeholder, image rep is providing a placeholder image for <private>
2026-09-16 15:42:27.355 I  PeachCommander[14857:c5dc] [com.apple.AppKit:Image] ISImage reported a placeholder, image rep is providing a placeholder image for <private>
2026-09-16 15:42:27.356 I  PeachCommander[14857:c5dc] [com.apple.AppKit:Image] ISImage reported a placeholder, image rep is providing a placeholder image for <private>
2026-09-16 15:42:27.356 I  PeachCommander[14857:c5dc] [com.apple.AppKit:Image] ISImage reported a placeholder, image rep is providing a placeholder image for <private>
2026-09-16 15:42:27.357 I  PeachCommander[14857:c5dc] [com.apple.AppKit:Image] ISImage reported a placeholder, image rep is providing a placeholder image for <private>
2026-09-16 15:42:27.358 I  PeachCommander[14857:c5dc] [com.apple.AppKit:Image] ISImage reported a placeholder, image rep is providing a placeholder image for <private>
2026-09-16 15:42:27.359 I  PeachCommander[14857:c5dc] [com.apple.AppKit:Image] ISImage reported a placeholder, image rep is providing a placeholder image for <private>
2026-09-16 15:42:27.360 I  PeachCommander[14857:c5dc] [com.apple.AppKit:Image] ISImage reported a placeholder, image rep is providing a placeholder image for <private>
2026-09-16 15:42:27.361 I  PeachCommander[14857:c5dc] [com.apple.AppKit:Image] ISImage reported a placeholder, image rep is providing a placeholder image for <private>
2026-09-16 15:42:27.362 I  PeachCommander[14857:c5dc] [com.apple.AppKit:Image] ISImage reported a placeholder, image rep is providing a placeholder image for <private>
2026-09-16 15:42:27.363 I  PeachCommander[14857:c5dc] [com.apple.AppKit:Image] ISImage reported a placeholder, image rep is providing a placeholder image for <private>
2026-09-16 15:42:27.363 I  PeachCommander[14857:c5dc] [com.apple.AppKit:Image] ISImage reported a placeholder, image rep is providing a placeholder image for <private>
2026-09-16 15:42:27.364 I  PeachCommander[14857:c5dc] [com.apple.AppKit:Image] ISImage reported a placeholder, image rep is providing a placeholder image for <private>
2026-09-16 15:42:27.366 I  PeachCommander[14857:c5dc] [com.apple.AppKit:Image] ISImage reported a placeholder, image rep is providing a placeholder image for <private>
2026-09-16 15:42:27.367 I  PeachCommander[14857:c5dc] [com.apple.AppKit:Image] ISImage reported a placeholder, image rep is providing a placeholder image for <private>
2026-09-16 15:42:27.368 I  PeachCommander[14857:c5dc] [com.apple.AppKit:Image] ISImage reported a placeholder, image rep is providing a placeholder image for <private>
2026-09-16 15:42:27.369 I  PeachCommander[14857:c5dc] [com.apple.AppKit:Image] ISImage reported a placeholder, image rep is providing a placeholder image for <private>
2026-09-16 15:42:27.370 I  PeachCommander[14857:c5dc] [com.apple.AppKit:Image] ISImage reported a placeholder, image rep is providing a placeholder image for <private>
2026-09-16 15:42:27.370 I  PeachCommander[14857:c5dc] [com.apple.AppKit:Image] ISImage reported a placeholder, image rep is providing a placeholder image for <private>
2026-09-16 15:42:27.371 I  PeachCommander[14857:c5dc] [com.apple.AppKit:Image] ISImage reported a placeholder, image rep is providing a placeholder image for <private>
2026-09-16 15:42:27.372 I  PeachCommander[14857:c5dc] [com.apple.AppKit:Image] ISImage reported a placeholder, image rep is providing a placeholder image for <private>
2026-09-16 15:42:27.373 I  PeachCommander[14857:c5dc] [com.apple.AppKit:Image] ISImage reported a placeholder, image rep is providing a placeholder image for <private>
2026-09-16 15:42:27.374 I  PeachCommander[14857:c5dc] [com.apple.AppKit:Image] ISImage reported a placeholder, image rep is providing a placeholder image for <private>
2026-09-16 15:42:27.375 I  PeachCommander[14857:c5dc] [com.apple.AppKit:Image] ISImage reported a placeholder, image rep is providing a placeholder image for <private>
2026-09-16 15:42:27.376 I  PeachCommander[14857:c5dc] [com.apple.AppKit:Image] ISImage reported a placeholder, image rep is providing a placeholder image for <private>
2026-09-16 15:42:27.377 I  PeachCommander[14857:c5dc] [com.apple.AppKit:Image] ISImage reported a placeholder, image rep is providing a placeholder image for <private>
2026-09-16 15:42:27.378 I  PeachCommander[14857:c5dc] [com.apple.AppKit:Image] ISImage reported a placeholder, image rep is providing a placeholder image for <private>
2026-09-16 15:42:27.378 I  PeachCommander[14857:c5dc] [com.apple.AppKit:Image] ISImage reported a placeholder, image rep is providing a placeholder image for <private>
2026-09-16 15:42:27.378 I  PeachCommander[14857:c5dc] [com.apple.AppKit:Image] ISImage reported a placeholder, image rep is providing a placeholder image for <private>
2026-09-16 15:42:27.380 I  PeachCommander[14857:c5dc] [com.apple.AppKit:Image] ISImage reported a placeholder, image rep is providing a placeholder image for <private>
2026-09-16 15:42:27.380 I  PeachCommander[14857:c5dc] [com.apple.AppKit:Image] ISImage reported a placeholder, image rep is providing a placeholder image for <private>
2026-09-16 15:42:27.381 I  PeachCommander[14857:c5dc] [com.apple.AppKit:Image] ISImage reported a placeholder, image rep is providing a placeholder image for <private>
2026-09-16 15:42:27.382 I  PeachCommander[14857:c5dc] [com.apple.AppKit:Image] ISImage reported a placeholder, image rep is providing a placeholder image for <private>
2026-09-16 15:42:27.383 I  PeachCommander[14857:c5dc] [com.apple.AppKit:Image] ISImage reported a placeholder, image rep is providing a placeholder image for <private>
2026-09-16 15:42:27.383 I  PeachCommander[14857:c5dc] [com.apple.AppKit:Image] ISImage reported a placeholder, image rep is providing a placeholder image for <private>
2026-09-16 15:42:27.384 I  PeachCommander[14857:c5dc] [com.apple.AppKit:Image] ISImage reported a placeholder, image rep is providing a placeholder image for <private>
2026-09-16 15:42:27.385 I  PeachCommander[14857:c5dc] [com.apple.AppKit:Image] ISImage reported a placeholder, image rep is providing a placeholder image for <private>
2026-09-16 15:42:27.386 I  PeachCommander[14857:c5dc] [com.apple.AppKit:Image] ISImage reported a placeholder, image rep is providing a placeholder image for <private>
2026-09-16 15:42:27.386 I  PeachCommander[14857:c5dc] [com.apple.AppKit:Image] ISImage reported a placeholder, image rep is providing a placeholder image for <private>
2026-09-16 15:42:27.388 I  PeachCommander[14857:c5dc] [com.apple.AppKit:Image] ISImage reported a placeholder, image rep is providing a placeholder image for <private>
2026-09-16 15:42:27.388 I  PeachCommander[14857:c5dc] [com.apple.AppKit:Image] ISImage reported a placeholder, image rep is providing a placeholder image for <private>
2026-09-16 15:42:27.389 I  PeachCommander[14857:c5dc] [com.apple.AppKit:Image] ISImage reported a placeholder, image rep is providing a placeholder image for <private>
2026-09-16 15:42:27.389 I  PeachCommander[14857:c5dc] [com.apple.AppKit:Image] ISImage reported a placeholder, image rep is providing a placeholder image for <private>
2026-09-16 15:42:27.391 I  PeachCommander[14857:c5dc] [com.apple.AppKit:Image] ISImage reported a placeholder, image rep is providing a placeholder image for <private>
2026-09-16 15:42:27.391 I  PeachCommander[14857:c5dc] [com.apple.AppKit:Image] ISImage reported a placeholder, image rep is providing a placeholder image for <private>
2026-09-16 15:42:27.392 I  PeachCommander[14857:c5dc] [com.apple.AppKit:Image] ISImage reported a placeholder, image rep is providing a placeholder image for <private>
2026-09-16 15:42:27.392 I  PeachCommander[14857:c5dc] [com.apple.AppKit:Image] ISImage reported a placeholder, image rep is providing a placeholder image for <private>
2026-09-16 15:42:27.393 I  PeachCommander[14857:c5f0] [com.apple.iconservices:foundation] layer data size zero
2026-09-16 15:42:27.394 I  PeachCommander[14857:c5dc] [com.apple.AppKit:Image] ISImage reported a placeholder, image rep is providing a placeholder image for <private>
2026-09-16 15:42:27.394 I  PeachCommander[14857:c5dc] [com.apple.AppKit:Image] ISImage reported a placeholder, image rep is providing a placeholder image for <private>
2026-09-16 15:42:27.396 I  PeachCommander[14857:c5dc] [com.apple.AppKit:Image] ISImage reported a placeholder, image rep is providing a placeholder image for <private>
2026-09-16 15:42:27.396 I  PeachCommander[14857:c5dc] [com.apple.AppKit:Image] ISImage reported a placeholder, image rep is providing a placeholder image for <private>
2026-09-16 15:42:27.397 I  PeachCommander[14857:c5dc] [com.apple.AppKit:Image] ISImage reported a placeholder, image rep is providing a placeholder image for <private>
2026-09-16 15:42:27.397 I  PeachCommander[14857:c5dc] [com.apple.AppKit:Image] ISImage reported a placeholder, image rep is providing a placeholder image for <private>
2026-09-16 15:42:27.399 I  PeachCommander[14857:c5dc] [com.apple.AppKit:Image] ISImage reported a placeholder, image rep is providing a placeholder image for <private>
2026-09-16 15:42:27.399 I  PeachCommander[14857:c5dc] [com.apple.AppKit:Image] ISImage reported a placeholder, image rep is providing a placeholder image for <private>
2026-09-16 15:42:27.400 I  PeachCommander[14857:c5dc] [com.apple.AppKit:Image] ISImage reported a placeholder, image rep is providing a placeholder image for <private>
2026-09-16 15:42:27.400 I  PeachCommander[14857:c5dc] [com.apple.AppKit:Image] ISImage reported a placeholder, image rep is providing a placeholder image for <private>
2026-09-16 15:42:27.401 I  PeachCommander[14857:c5dc] [com.apple.AppKit:Image] ISImage reported a placeholder, image rep is providing a placeholder image for <private>
2026-09-16 15:42:27.401 I  PeachCommander[14857:c5dc] [com.apple.AppKit:Image] ISImage reported a placeholder, image rep is providing a placeholder image for <private>
2026-09-16 15:42:27.403 I  PeachCommander[14857:c5dc] [com.apple.AppKit:Image] ISImage reported a placeholder, image rep is providing a placeholder image for <private>
2026-09-16 15:42:27.403 I  PeachCommander[14857:c5dc] [com.apple.AppKit:Image] ISImage reported a placeholder, image rep is providing a placeholder image for <private>
2026-09-16 15:42:27.404 I  PeachCommander[14857:c5dc] [com.apple.AppKit:Image] ISImage reported a placeholder, image rep is providing a placeholder image for <private>
2026-09-16 15:42:27.404 I  PeachCommander[14857:c5dc] [com.apple.AppKit:Image] ISImage reported a placeholder, image rep is providing a placeholder image for <private>
2026-09-16 15:42:27.406 I  PeachCommander[14857:c5dc] [com.apple.AppKit:Image] ISImage reported a placeholder, image rep is providing a placeholder image for <private>
2026-09-16 15:42:27.406 I  PeachCommander[14857:c5dc] [com.apple.AppKit:Image] ISImage reported a placeholder, image rep is providing a placeholder image for <private>
2026-09-16 15:42:27.407 I  PeachCommander[14857:c5dc] [com.apple.AppKit:Image] ISImage reported a placeholder, image rep is providing a placeholder image for <private>
2026-09-16 15:42:27.407 I  PeachCommander[14857:c5dc] [com.apple.AppKit:Image] ISImage reported a placeholder, image rep is providing a placeholder image for <private>
2026-09-16 15:42:27.409 I  PeachCommander[14857:c5dc] [com.apple.AppKit:Image] ISImage reported a placeholder, image rep is providing a placeholder image for <private>
2026-09-16 15:42:27.409 I  PeachCommander[14857:c5dc] [com.apple.AppKit:Image] ISImage reported a placeholder, image rep is providing a placeholder image for <private>
2026-09-16 15:42:27.411 I  PeachCommander[14857:c5dc] [com.apple.AppKit:Image] ISImage reported a placeholder, image rep is providing a placeholder image for <private>
2026-09-16 15:42:27.411 I  PeachCommander[14857:c5dc] [com.apple.AppKit:Image] ISImage reported a placeholder, image rep is providing a placeholder image for <private>
2026-09-16 15:42:27.412 I  PeachCommander[14857:c5dc] [com.apple.AppKit:Image] ISImage reported a placeholder, image rep is providing a placeholder image for <private>
2026-09-16 15:42:27.412 I  PeachCommander[14857:c5dc] [com.apple.AppKit:Image] ISImage reported a placeholder, image rep is providing a placeholder image for <private>
2026-09-16 15:42:27.414 I  PeachCommander[14857:c5dc] [com.apple.AppKit:Image] ISImage reported a placeholder, image rep is providing a placeholder image for <private>
2026-09-16 15:42:27.414 I  PeachCommander[14857:c5dc] [com.apple.AppKit:Image] ISImage reported a placeholder, image rep is providing a placeholder image for <private>
2026-09-16 15:42:27.416 I  PeachCommander[14857:c5dc] [com.apple.AppKit:Image] ISImage reported a placeholder, image rep is providing a placeholder image for <private>
2026-09-16 15:42:27.416 I  PeachCommander[14857:c5dc] [com.apple.AppKit:Image] ISImage reported a placeholder, image rep is providing a placeholder image for <private>
2026-09-16 15:42:27.422 I  PeachCommander[14857:c5f0] [com.apple.iconservices:foundation] layer data size zero
2026-09-16 15:42:27.501 I  PeachCommander[14857:c5dc] [com.apple.AppKit:Image] ISImage reported a placeholder, image rep is providing a placeholder image for <private>
2026-09-16 15:42:27.501 I  PeachCommander[14857:c5dc] [com.apple.AppKit:Image] ISImage reported a placeholder, image rep is providing a placeholder image for <private>
2026-09-16 15:42:27.502 I  PeachCommander[14857:c5dc] [com.apple.AppKit:Image] ISImage reported a placeholder, image rep is providing a placeholder image for <private>
2026-09-16 15:42:27.502 I  PeachCommander[14857:c5dc] [com.apple.AppKit:Image] ISImage reported a placeholder, image rep is providing a placeholder image for <private>
2026-09-16 15:42:27.502 I  PeachCommander[14857:c5dc] [com.apple.AppKit:Image] ISImage reported a placeholder, image rep is providing a placeholder image for <private>
2026-09-16 15:42:27.502 I  PeachCommander[14857:c5dc] [com.apple.AppKit:Image] ISImage reported a placeholder, image rep is providing a placeholder image for <private>
2026-09-16 15:42:27.502 I  PeachCommander[14857:c5dc] [com.apple.AppKit:Image] ISImage reported a placeholder, image rep is providing a placeholder image for <private>
2026-09-16 15:42:27.502 I  PeachCommander[14857:c5dc] [com.apple.AppKit:Image] ISImage reported a placeholder, image rep is providing a placeholder image for <private>
2026-09-16 15:42:27.502 I  PeachCommander[14857:c5dc] [com.apple.AppKit:Image] ISImage reported a placeholder, image rep is providing a placeholder image for <private>
2026-09-16 15:42:27.502 I  PeachCommander[14857:c5dc] [com.apple.AppKit:Image] ISImage reported a placeholder, image rep is providing a placeholder image for <private>
2026-09-16 15:42:27.502 I  PeachCommander[14857:c5dc] [com.apple.AppKit:Image] ISImage reported a placeholder, image rep is providing a placeholder image for <private>
2026-09-16 15:42:27.503 I  PeachCommander[14857:c5dc] [com.apple.AppKit:Image] ISImage reported a placeholder, image rep is providing a placeholder image for <private>
2026-09-16 15:42:27.503 I  PeachCommander[14857:c5dc] [com.apple.AppKit:Image] ISImage reported a placeholder, image rep is providing a placeholder image for <private>
2026-09-16 15:42:27.503 I  PeachCommander[14857:c5dc] [com.apple.AppKit:Image] ISImage reported a placeholder, image rep is providing a placeholder image for <private>
2026-09-16 15:42:27.503 I  PeachCommander[14857:c5dc] [com.apple.AppKit:Image] ISImage reported a placeholder, image rep is providing a placeholder image for <private>
2026-09-16 15:42:27.503 I  PeachCommander[14857:c5dc] [com.apple.AppKit:Image] ISImage reported a placeholder, image rep is providing a placeholder image for <private>
2026-09-16 15:42:27.503 I  PeachCommander[14857:c5dc] [com.apple.AppKit:Image] ISImage reported a placeholder, image rep is providing a placeholder image for <private>
2026-09-16 15:42:27.503 I  PeachCommander[14857:c5dc] [com.apple.AppKit:Image] ISImage reported a placeholder, image rep is providing a placeholder image for <private>
2026-09-16 15:42:27.503 I  PeachCommander[14857:c5dc] [com.apple.AppKit:Image] ISImage reported a placeholder, image rep is providing a placeholder image for <private>
2026-09-16 15:42:27.503 I  PeachCommander[14857:c5dc] [com.apple.AppKit:Image] ISImage reported a placeholder, image rep is providing a placeholder image for <private>
2026-09-16 15:42:27.503 I  PeachCommander[14857:c5dc] [com.apple.AppKit:Image] ISImage reported a placeholder, image rep is providing a placeholder image for <private>
2026-09-16 15:42:27.504 I  PeachCommander[14857:c5dc] [com.apple.AppKit:Image] ISImage reported a placeholder, image rep is providing a placeholder image for <private>
2026-09-16 15:42:27.504 I  PeachCommander[14857:c5dc] [com.apple.AppKit:Image] ISImage reported a placeholder, image rep is providing a placeholder image for <private>
2026-09-16 15:42:27.504 I  PeachCommander[14857:c5dc] [com.apple.AppKit:Image] ISImage reported a placeholder, image rep is providing a placeholder image for <private>
2026-09-16 15:42:27.504 I  PeachCommander[14857:c5dc] [com.apple.AppKit:Image] ISImage reported a placeholder, image rep is providing a placeholder image for <private>
2026-09-16 15:42:27.504 I  PeachCommander[14857:c5dc] [com.apple.AppKit:Image] ISImage reported a placeholder, image rep is providing a placeholder image for <private>
2026-09-16 15:42:27.504 I  PeachCommander[14857:c5dc] [com.apple.AppKit:Image] ISImage reported a placeholder, image rep is providing a placeholder image for <private>
2026-09-16 15:42:27.504 I  PeachCommander[14857:c5dc] [com.apple.AppKit:Image] ISImage reported a placeholder, image rep is providing a placeholder image for <private>
2026-09-16 15:42:27.504 I  PeachCommander[14857:c5dc] [com.apple.AppKit:Image] ISImage reported a placeholder, image rep is providing a placeholder image for <private>
2026-09-16 15:42:27.504 I  PeachCommander[14857:c5dc] [com.apple.AppKit:Image] ISImage reported a placeholder, image rep is providing a placeholder image for <private>
2026-09-16 15:42:27.505 I  PeachCommander[14857:c5dc] [com.apple.AppKit:Image] ISImage reported a placeholder, image rep is providing a placeholder image for <private>
2026-09-16 15:42:27.505 I  PeachCommander[14857:c5dc] [com.apple.AppKit:Image] ISImage reported a placeholder, image rep is providing a placeholder image for <private>
2026-09-16 15:42:27.505 I  PeachCommander[14857:c5dc] [com.apple.AppKit:Image] ISImage reported a placeholder, image rep is providing a placeholder image for <private>
2026-09-16 15:42:27.510 I  PeachCommander[14857:c5dc] [com.apple.AppKit:Image] ISImage reported a placeholder, image rep is providing a placeholder image for <private>
2026-09-16 15:42:27.510 I  PeachCommander[14857:c5dc] [com.apple.AppKit:Image] ISImage reported a placeholder, image rep is providing a placeholder image for <private>
2026-09-16 15:42:27.510 I  PeachCommander[14857:c5dc] [com.apple.AppKit:Image] ISImage reported a placeholder, image rep is providing a placeholder image for <private>
2026-09-16 15:42:27.510 I  PeachCommander[14857:c5dc] [com.apple.AppKit:Image] ISImage reported a placeholder, image rep is providing a placeholder image for <private>
2026-09-16 15:42:27.510 I  PeachCommander[14857:c5dc] [com.apple.AppKit:Image] ISImage reported a placeholder, image rep is providing a placeholder image for <private>
2026-09-16 15:42:27.510 I  PeachCommander[14857:c5dc] [com.apple.AppKit:Image] ISImage reported a placeholder, image rep is providing a placeholder image for <private>
2026-09-16 15:42:27.510 I  PeachCommander[14857:c5dc] [com.apple.AppKit:Image] ISImage reported a placeholder, image rep is providing a placeholder image for <private>
2026-09-16 15:42:27.510 I  PeachCommander[14857:c5dc] [com.apple.AppKit:Image] ISImage reported a placeholder, image rep is providing a placeholder image for <private>
2026-09-16 15:42:27.511 I  PeachCommander[14857:c5dc] [com.apple.AppKit:Image] ISImage reported a placeholder, image rep is providing a placeholder image for <private>
2026-09-16 15:42:27.511 I  PeachCommander[14857:c5dc] [com.apple.AppKit:Image] ISImage reported a placeholder, image rep is providing a placeholder image for <private>
2026-09-16 15:42:27.511 I  PeachCommander[14857:c5dc] [com.apple.AppKit:Image] ISImage reported a placeholder, image rep is providing a placeholder image for <private>
2026-09-16 15:42:27.511 I  PeachCommander[14857:c5dc] [com.apple.AppKit:Image] ISImage reported a placeholder, image rep is providing a placeholder image for <private>
2026-09-16 15:42:27.511 I  PeachCommander[14857:c5dc] [com.apple.AppKit:Image] ISImage reported a placeholder, image rep is providing a placeholder image for <private>
2026-09-16 15:42:27.511 I  PeachCommander[14857:c5dc] [com.apple.AppKit:Image] ISImage reported a placeholder, image rep is providing a placeholder image for <private>
2026-09-16 15:42:27.511 I  PeachCommander[14857:c5dc] [com.apple.AppKit:Image] ISImage reported a placeholder, image rep is providing a placeholder image for <private>
2026-09-16 15:42:27.521 I  PeachCommander[14857:c5dc] [com.apple.iconservices:foundation] layer data size zero
2026-09-16 15:42:27.521 I  PeachCommander[14857:c5dc] [com.apple.iconservices:foundation] layer data size zero
2026-09-16 15:42:27.521 I  PeachCommander[14857:c5dc] [com.apple.iconservices:foundation] layer data size zero
2026-09-16 15:42:27.521 I  PeachCommander[14857:c5dc] [com.apple.iconservices:foundation] layer data size zero
2026-09-16 15:42:27.521 I  PeachCommander[14857:c5dc] [com.apple.iconservices:foundation] layer data size zero
2026-09-16 15:42:27.521 I  PeachCommander[14857:c5dc] [com.apple.iconservices:foundation] layer data size zero
2026-09-16 15:42:27.522 I  PeachCommander[14857:c5dc] [com.apple.iconservices:foundation] layer data size zero
2026-09-16 15:42:27.537 I  PeachCommander[14857:c5dc] [com.apple.AppKit:Image] ISImage reported a placeholder, image rep is providing a placeholder image for <private>
2026-09-16 15:42:27.537 I  PeachCommander[14857:c5dc] [com.apple.AppKit:Image] ISImage reported a placeholder, image rep is providing a placeholder image for <private>
2026-09-16 15:42:27.537 I  PeachCommander[14857:c5dc] [com.apple.AppKit:Image] ISImage reported a placeholder, image rep is providing a placeholder image for <private>
2026-09-16 15:42:27.539 I  PeachCommander[14857:c5dc] [com.apple.AppKit:Image] ISImage reported a placeholder, image rep is providing a placeholder image for <private>
2026-09-16 15:42:27.539 I  PeachCommander[14857:c5dc] [com.apple.AppKit:Image] ISImage reported a placeholder, image rep is providing a placeholder image for <private>
2026-09-16 15:42:27.539 I  PeachCommander[14857:c5dc] [com.apple.AppKit:Image] ISImage reported a placeholder, image rep is providing a placeholder image for <private>
2026-09-16 15:42:27.541 I  PeachCommander[14857:c5dc] [com.apple.AppKit:Image] ISImage reported a placeholder, image rep is providing a placeholder image for <private>
2026-09-16 15:42:27.541 I  PeachCommander[14857:c5dc] [com.apple.AppKit:Image] ISImage reported a placeholder, image rep is providing a placeholder image for <private>
2026-09-16 15:42:27.541 I  PeachCommander[14857:c5dc] [com.apple.AppKit:Image] ISImage reported a placeholder, image rep is providing a placeholder image for <private>
2026-09-16 15:42:27.543 I  PeachCommander[14857:c5dc] [com.apple.AppKit:Image] ISImage reported a placeholder, image rep is providing a placeholder image for <private>
2026-09-16 15:42:27.543 I  PeachCommander[14857:c5dc] [com.apple.AppKit:Image] ISImage reported a placeholder, image rep is providing a placeholder image for <private>
2026-09-16 15:42:27.543 I  PeachCommander[14857:c5dc] [com.apple.AppKit:Image] ISImage reported a placeholder, image rep is providing a placeholder image for <private>
2026-09-16 15:42:27.545 I  PeachCommander[14857:c5dc] [com.apple.AppKit:Image] ISImage reported a placeholder, image rep is providing a placeholder image for <private>
2026-09-16 15:42:27.545 I  PeachCommander[14857:c5dc] [com.apple.AppKit:Image] ISImage reported a placeholder, image rep is providing a placeholder image for <private>
2026-09-16 15:42:27.545 I  PeachCommander[14857:c5dc] [com.apple.AppKit:Image] ISImage reported a placeholder, image rep is providing a placeholder image for <private>
2026-09-16 15:42:27.548 I  PeachCommander[14857:c5dc] [com.apple.AppKit:Image] ISImage reported a placeholder, image rep is providing a placeholder image for <private>
2026-09-16 15:42:27.548 I  PeachCommander[14857:c5dc] [com.apple.AppKit:Image] ISImage reported a placeholder, image rep is providing a placeholder image for <private>
2026-09-16 15:42:27.548 I  PeachCommander[14857:c5dc] [com.apple.AppKit:Image] ISImage reported a placeholder, image rep is providing a placeholder image for <private>
2026-09-16 15:42:27.550 I  PeachCommander[14857:c5dc] [com.apple.AppKit:Image] ISImage reported a placeholder, image rep is providing a placeholder image for <private>
2026-09-16 15:42:27.550 I  PeachCommander[14857:c5dc] [com.apple.AppKit:Image] ISImage reported a placeholder, image rep is providing a placeholder image for <private>
2026-09-16 15:42:27.550 I  PeachCommander[14857:c5dc] [com.apple.AppKit:Image] ISImage reported a placeholder, image rep is providing a placeholder image for <private>
2026-09-16 15:42:27.551 I  PeachCommander[14857:c5dc] [com.apple.AppKit:Image] ISImage reported a placeholder, image rep is providing a placeholder image for <private>
2026-09-16 15:42:27.551 I  PeachCommander[14857:c5dc] [com.apple.AppKit:Image] ISImage reported a placeholder, image rep is providing a placeholder image for <private>
2026-09-16 15:42:27.551 I  PeachCommander[14857:c5dc] [com.apple.AppKit:Image] ISImage reported a placeholder, image rep is providing a placeholder image for <private>
2026-09-16 15:42:27.554 I  PeachCommander[14857:c5dc] [com.apple.AppKit:Image] ISImage reported a placeholder, image rep is providing a placeholder image for <private>
2026-09-16 15:42:27.554 I  PeachCommander[14857:c5dc] [com.apple.AppKit:Image] ISImage reported a placeholder, image rep is providing a placeholder image for <private>
2026-09-16 15:42:27.555 I  PeachCommander[14857:c5dc] [com.apple.AppKit:Image] ISImage reported a placeholder, image rep is providing a placeholder image for <private>
2026-09-16 15:42:27.576 I  PeachCommander[14857:c5dc] [com.apple.AppKit:Image] ISImage reported a placeholder, image rep is providing a placeholder image for <private>
2026-09-16 15:42:27.577 I  PeachCommander[14857:c5dc] [com.apple.AppKit:Image] ISImage reported a placeholder, image rep is providing a placeholder image for <private>
2026-09-16 15:42:27.578 I  PeachCommander[14857:c5dc] [com.apple.AppKit:Image] ISImage reported a placeholder, image rep is providing a placeholder image for <private>
2026-09-16 15:42:27.579 I  PeachCommander[14857:c5dc] [com.apple.AppKit:Image] ISImage reported a placeholder, image rep is providing a placeholder image for <private>
2026-09-16 15:42:27.580 I  PeachCommander[14857:c5dc] [com.apple.AppKit:Image] ISImage reported a placeholder, image rep is providing a placeholder image for <private>
2026-09-16 15:42:27.581 I  PeachCommander[14857:c5dc] [com.apple.AppKit:Image] ISImage reported a placeholder, image rep is providing a placeholder image for <private>
2026-09-16 15:42:27.582 I  PeachCommander[14857:c5dc] [com.apple.AppKit:Image] ISImage reported a placeholder, image rep is providing a placeholder image for <private>
2026-09-16 15:42:27.583 I  PeachCommander[14857:c5dc] [com.apple.AppKit:Image] ISImage reported a placeholder, image rep is providing a placeholder image for <private>
2026-09-16 15:42:27.584 I  PeachCommander[14857:c5dc] [com.apple.AppKit:Image] ISImage reported a placeholder, image rep is providing a placeholder image for <private>
2026-09-16 15:42:27.585 I  PeachCommander[14857:c5dc] [com.apple.AppKit:Image] ISImage reported a placeholder, image rep is providing a placeholder image for <private>
2026-09-16 15:42:27.586 I  PeachCommander[14857:c5dc] [com.apple.AppKit:Image] ISImage reported a placeholder, image rep is providing a placeholder image for <private>
2026-09-16 15:42:27.587 I  PeachCommander[14857:c5dc] [com.apple.AppKit:Image] ISImage reported a placeholder, image rep is providing a placeholder image for <private>
2026-09-16 15:42:27.588 I  PeachCommander[14857:c5dc] [com.apple.AppKit:Image] ISImage reported a placeholder, image rep is providing a placeholder image for <private>
2026-09-16 15:42:27.588 I  PeachCommander[14857:c5dc] [com.apple.AppKit:Image] ISImage reported a placeholder, image rep is providing a placeholder image for <private>
2026-09-16 15:42:27.589 I  PeachCommander[14857:c5dc] [com.apple.AppKit:Image] ISImage reported a placeholder, image rep is providing a placeholder image for <private>
2026-09-16 15:42:27.590 I  PeachCommander[14857:c5dc] [com.apple.AppKit:Image] ISImage reported a placeholder, image rep is providing a placeholder image for <private>
2026-09-16 15:42:27.591 I  PeachCommander[14857:c5dc] [com.apple.AppKit:Image] ISImage reported a placeholder, image rep is providing a placeholder image for <private>
2026-09-16 15:42:27.592 I  PeachCommander[14857:c5dc] [com.apple.AppKit:Image] ISImage reported a placeholder, image rep is providing a placeholder image for <private>
2026-09-16 15:42:27.593 I  PeachCommander[14857:c5dc] [com.apple.AppKit:Image] ISImage reported a placeholder, image rep is providing a placeholder image for <private>
2026-09-16 15:42:27.593 I  PeachCommander[14857:c5dc] [com.apple.AppKit:Image] ISImage reported a placeholder, image rep is providing a placeholder image for <private>
2026-09-16 15:42:27.594 I  PeachCommander[14857:c5dc] [com.apple.AppKit:Image] ISImage reported a placeholder, image rep is providing a placeholder image for <private>
2026-09-16 15:42:27.595 I  PeachCommander[14857:c5dc] [com.apple.AppKit:Image] ISImage reported a placeholder, image rep is providing a placeholder image for <private>
2026-09-16 15:42:27.596 I  PeachCommander[14857:c5dc] [com.apple.AppKit:Image] ISImage reported a placeholder, image rep is providing a placeholder image for <private>
2026-09-16 15:42:27.597 I  PeachCommander[14857:c5dc] [com.apple.AppKit:Image] ISImage reported a placeholder, image rep is providing a placeholder image for <private>
2026-09-16 15:42:27.598 I  PeachCommander[14857:c5dc] [com.apple.AppKit:Image] ISImage reported a placeholder, image rep is providing a placeholder image for <private>
2026-09-16 15:42:27.599 I  PeachCommander[14857:c5dc] [com.apple.AppKit:Image] ISImage reported a placeholder, image rep is providing a placeholder image for <private>
2026-09-16 15:42:27.599 I  PeachCommander[14857:c5dc] [com.apple.AppKit:Image] ISImage reported a placeholder, image rep is providing a placeholder image for <private>
2026-09-16 15:42:27.600 I  PeachCommander[14857:c5dc] [com.apple.AppKit:Image] ISImage reported a placeholder, image rep is providing a placeholder image for <private>
2026-09-16 15:42:27.600 I  PeachCommander[14857:c5dc] [com.apple.AppKit:Image] ISImage reported a placeholder, image rep is providing a placeholder image for <private>
2026-09-16 15:42:27.602 I  PeachCommander[14857:c5dc] [com.apple.AppKit:Image] ISImage reported a placeholder, image rep is providing a placeholder image for <private>
2026-09-16 15:42:27.602 I  PeachCommander[14857:c5dc] [com.apple.AppKit:Image] ISImage reported a placeholder, image rep is providing a placeholder image for <private>
2026-09-16 15:42:27.603 I  PeachCommander[14857:c5dc] [com.apple.AppKit:Image] ISImage reported a placeholder, image rep is providing a placeholder image for <private>
2026-09-16 15:42:27.603 I  PeachCommander[14857:c5dc] [com.apple.AppKit:Image] ISImage reported a placeholder, image rep is providing a placeholder image for <private>
2026-09-16 15:42:27.605 I  PeachCommander[14857:c5dc] [com.apple.AppKit:Image] ISImage reported a placeholder, image rep is providing a placeholder image for <private>
2026-09-16 15:42:27.605 I  PeachCommander[14857:c5dc] [com.apple.AppKit:Image] ISImage reported a placeholder, image rep is providing a placeholder image for <private>
2026-09-16 15:42:27.606 I  PeachCommander[14857:c5dc] [com.apple.AppKit:Image] ISImage reported a placeholder, image rep is providing a placeholder image for <private>
2026-09-16 15:42:27.606 I  PeachCommander[14857:c5dc] [com.apple.AppKit:Image] ISImage reported a placeholder, image rep is providing a placeholder image for <private>
2026-09-16 15:42:27.607 I  PeachCommander[14857:c5dc] [com.apple.AppKit:Image] ISImage reported a placeholder, image rep is providing a placeholder image for <private>
2026-09-16 15:42:27.607 I  PeachCommander[14857:c5dc] [com.apple.AppKit:Image] ISImage reported a placeholder, image rep is providing a placeholder image for <private>
2026-09-16 15:42:27.609 I  PeachCommander[14857:c5dc] [com.apple.AppKit:Image] ISImage reported a placeholder, image rep is providing a placeholder image for <private>
2026-09-16 15:42:27.609 I  PeachCommander[14857:c5dc] [com.apple.AppKit:Image] ISImage reported a placeholder, image rep is providing a placeholder image for <private>
2026-09-16 15:42:27.610 I  PeachCommander[14857:c5dc] [com.apple.AppKit:Image] ISImage reported a placeholder, image rep is providing a placeholder image for <private>
2026-09-16 15:42:27.610 I  PeachCommander[14857:c5dc] [com.apple.AppKit:Image] ISImage reported a placeholder, image rep is providing a placeholder image for <private>
2026-09-16 15:42:27.612 I  PeachCommander[14857:c5dc] [com.apple.AppKit:Image] ISImage reported a placeholder, image rep is providing a placeholder image for <private>
2026-09-16 15:42:27.612 I  PeachCommander[14857:c5dc] [com.apple.AppKit:Image] ISImage reported a placeholder, image rep is providing a placeholder image for <private>
2026-09-16 15:42:27.612 I  PeachCommander[14857:c67e] [com.apple.iconservices:foundation] layer data size zero
2026-09-16 15:42:27.613 I  PeachCommander[14857:c5dc] [com.apple.AppKit:Image] ISImage reported a placeholder, image rep is providing a placeholder image for <private>
2026-09-16 15:42:27.613 I  PeachCommander[14857:c5dc] [com.apple.AppKit:Image] ISImage reported a placeholder, image rep is providing a placeholder image for <private>
2026-09-16 15:42:27.613 I  PeachCommander[14857:c67e] [com.apple.iconservices:foundation] layer data size zero
2026-09-16 15:42:27.615 I  PeachCommander[14857:c5dc] [com.apple.AppKit:Image] ISImage reported a placeholder, image rep is providing a placeholder image for <private>
2026-09-16 15:42:27.615 I  PeachCommander[14857:c5dc] [com.apple.AppKit:Image] ISImage reported a placeholder, image rep is providing a placeholder image for <private>
2026-09-16 15:42:27.615 I  PeachCommander[14857:c67e] [com.apple.iconservices:foundation] layer data size zero
2026-09-16 15:42:27.617 I  PeachCommander[14857:c5dc] [com.apple.AppKit:Image] ISImage reported a placeholder, image rep is providing a placeholder image for <private>
2026-09-16 15:42:27.617 I  PeachCommander[14857:c5dc] [com.apple.AppKit:Image] ISImage reported a placeholder, image rep is providing a placeholder image for <private>
2026-09-16 15:42:27.618 I  PeachCommander[14857:c5dc] [com.apple.AppKit:Image] ISImage reported a placeholder, image rep is providing a placeholder image for <private>
2026-09-16 15:42:27.618 I  PeachCommander[14857:c5dc] [com.apple.AppKit:Image] ISImage reported a placeholder, image rep is providing a placeholder image for <private>
2026-09-16 15:42:27.620 I  PeachCommander[14857:c5dc] [com.apple.AppKit:Image] ISImage reported a placeholder, image rep is providing a placeholder image for <private>
2026-09-16 15:42:27.620 I  PeachCommander[14857:c5dc] [com.apple.AppKit:Image] ISImage reported a placeholder, image rep is providing a placeholder image for <private>
2026-09-16 15:42:27.620 I  PeachCommander[14857:c67e] [com.apple.iconservices:foundation] layer data size zero
2026-09-16 15:42:27.621 I  PeachCommander[14857:c5dc] [com.apple.AppKit:Image] ISImage reported a placeholder, image rep is providing a placeholder image for <private>
2026-09-16 15:42:27.621 I  PeachCommander[14857:c5dc] [com.apple.AppKit:Image] ISImage reported a placeholder, image rep is providing a placeholder image for <private>
2026-09-16 15:42:27.623 I  PeachCommander[14857:c5dc] [com.apple.AppKit:Image] ISImage reported a placeholder, image rep is providing a placeholder image for <private>
2026-09-16 15:42:27.623 I  PeachCommander[14857:c5dc] [com.apple.AppKit:Image] ISImage reported a placeholder, image rep is providing a placeholder image for <private>
2026-09-16 15:42:27.624 I  PeachCommander[14857:c5dc] [com.apple.AppKit:Image] ISImage reported a placeholder, image rep is providing a placeholder image for <private>
2026-09-16 15:42:27.624 I  PeachCommander[14857:c5dc] [com.apple.AppKit:Image] ISImage reported a placeholder, image rep is providing a placeholder image for <private>
2026-09-16 15:42:27.626 I  PeachCommander[14857:c5dc] [com.apple.AppKit:Image] ISImage reported a placeholder, image rep is providing a placeholder image for <private>
2026-09-16 15:42:27.626 I  PeachCommander[14857:c5dc] [com.apple.AppKit:Image] ISImage reported a placeholder, image rep is providing a placeholder image for <private>
2026-09-16 15:42:27.627 I  PeachCommander[14857:c5dc] [com.apple.AppKit:Image] ISImage reported a placeholder, image rep is providing a placeholder image for <private>
2026-09-16 15:42:27.627 I  PeachCommander[14857:c5dc] [com.apple.AppKit:Image] ISImage reported a placeholder, image rep is providing a placeholder image for <private>
2026-09-16 15:42:27.629 I  PeachCommander[14857:c5dc] [com.apple.AppKit:Image] ISImage reported a placeholder, image rep is providing a placeholder image for <private>
2026-09-16 15:42:27.629 I  PeachCommander[14857:c5dc] [com.apple.AppKit:Image] ISImage reported a placeholder, image rep is providing a placeholder image for <private>
2026-09-16 15:42:27.629 I  PeachCommander[14857:c67e] [com.apple.iconservices:foundation] layer data size zero
2026-09-16 15:42:27.630 I  PeachCommander[14857:c5dc] [com.apple.AppKit:Image] ISImage reported a placeholder, image rep is providing a placeholder image for <private>
2026-09-16 15:42:27.630 I  PeachCommander[14857:c5dc] [com.apple.AppKit:Image] ISImage reported a placeholder, image rep is providing a placeholder image for <private>
2026-09-16 15:42:27.630 I  PeachCommander[14857:c67e] [com.apple.iconservices:foundation] layer data size zero
2026-09-16 15:42:27.632 I  PeachCommander[14857:c5dc] [com.apple.AppKit:Image] ISImage reported a placeholder, image rep is providing a placeholder image for <private>
2026-09-16 15:42:27.632 I  PeachCommander[14857:c5dc] [com.apple.AppKit:Image] ISImage reported a placeholder, image rep is providing a placeholder image for <private>
2026-09-16 15:42:27.632 I  PeachCommander[14857:c67e] [com.apple.iconservices:foundation] layer data size zero
2026-09-16 15:42:27.633 I  PeachCommander[14857:c5dc] [com.apple.AppKit:Image] ISImage reported a placeholder, image rep is providing a placeholder image for <private>
2026-09-16 15:42:27.633 I  PeachCommander[14857:c5dc] [com.apple.AppKit:Image] ISImage reported a placeholder, image rep is providing a placeholder image for <private>
2026-09-16 15:42:27.635 I  PeachCommander[14857:c5dc] [com.apple.AppKit:Image] ISImage reported a placeholder, image rep is providing a placeholder image for <private>
2026-09-16 15:42:27.635 I  PeachCommander[14857:c5dc] [com.apple.AppKit:Image] ISImage reported a placeholder, image rep is providing a placeholder image for <private>
2026-09-16 15:42:27.789 I  PeachCommander[14857:c67e] [com.apple.AppKit:WindowTab] Indexing 1 items
2026-09-16 15:42:27.789 A  PeachCommander[14857:c67e] (CoreSpotlight) end-index-batch
2026-09-16 15:42:27.789 A  PeachCommander[14857:c67e] (CoreSpotlight) index-items
2026-09-16 15:42:27.789 Df PeachCommander[14857:c67e] [com.apple.corespotlight:index] CSInlineDonation:<private>: Skipping donation (feature flag disabled)
2026-09-16 15:42:27.789 Df PeachCommander[14857:c67d] [com.apple.corespotlight:index] CSInlineDonation:<private>: Skipping donation (feature flag disabled)
2026-09-16 15:42:28.572 Df PeachCommander[14857:c5dc] (Foundation) <private>
2026-09-16 15:42:28.572 I  PeachCommander[14857:c5dc] [com.peachcommander:PCFoundation] [automation] > placeview plugin.terminal.view|default
2026-09-16 15:42:28.572 Df PeachCommander[14857:c5dc] (Foundation) <private>
2026-09-16 15:42:28.572 Df PeachCommander[14857:c5dc] (Foundation) <private>
2026-09-16 15:42:28.572 I  PeachCommander[14857:c5dc] [com.peachcommander:PCFoundation] [automation] > wait 800
2026-09-16 15:42:29.435 Df PeachCommander[14857:c5dc] (Foundation) <private>
2026-09-16 15:42:29.435 I  PeachCommander[14857:c5dc] [com.peachcommander:PCFoundation] [automation] > dock on
2026-09-16 15:42:29.437 Df PeachCommander[14857:c5dc] (Foundation) <private>
2026-09-16 15:42:29.437 I  PeachCommander[14857:c5dc] [com.peachcommander:PCFoundation] [automation] > wait 3500
2026-09-16 15:42:29.464 I  PeachCommander[14857:c5dc] [com.apple.AppKit:Window] context (0 -> 99384c97) for window 2e6
2026-09-16 15:42:29.465 Df PeachCommander[14857:c5dc] [com.apple.inputmethodkitClient:Client] +[IMKClient subclass]: chose IMKClient_Modern
2026-09-16 15:42:29.465 Df PeachCommander[14857:c5dc] [com.apple.BoardServices:XPCErrors] [C:2] Alloc com.apple.backboard.hid-services.xpc
2026-09-16 15:42:29.465 Df PeachCommander[14857:c5dc] [com.apple.xpc:connection] [0xaa58ccb40] activating connection: mach=false listener=false peer=false name=(anonymous)
2026-09-16 15:42:29.466 E  PeachCommander[14857:c5e4] [com.apple.BaseBoard:Common] Unable to obtain a task name port right for pid 167: (os/kern) failure (0x5)
2026-09-16 15:42:29.466 Df PeachCommander[14857:c67e] [com.apple.xpc:connection] [0xaa58cc8c0] activating connection: mach=false listener=false peer=false name=com.apple.TextInputUI.xpc.CursorUIViewService
2026-09-16 15:42:29.466 Df PeachCommander[14857:c67e] [com.apple.xpc:connection] [0xaa58cc8c0] invalidated after the last release of the connection object
2026-09-16 15:42:29.467 I  PeachCommander[14857:c5dc] [com.apple.CFPasteboard:entry] CopyData('DefaultAsciiKeyboardLayoutPasteboard' (<CFUUID 0xaa6f3e840> 46F900EC-7EBB-400F-A15F-24989FB08FBA) gen: -1 item: 1264739405 flavor: 'DefaultAsciiKeyboardLayoutFlavor')
2026-09-16 15:42:29.467 I  PeachCommander[14857:c5dc] [com.apple.CFPasteboard:exit] (not-in-cache) - result: -8 generation: 0 null data flags: 0
2026-09-16 15:42:29.467 Df PeachCommander[14857:c5dc] [com.apple.xpc:connection] [0xaa58ccf00] activating connection: mach=false listener=false peer=false name=(anonymous)
2026-09-16 15:42:29.467 Df PeachCommander[14857:c5dc] [com.apple.xpc:connection] [0xaa58cc8c0] activating connection: mach=false listener=false peer=false name=com.apple.ViewBridgeAuxiliary
2026-09-16 15:42:29.467 Df PeachCommander[14857:c5dc] [com.apple.xpc:connection] [0xaa58cd040] activating connection: mach=false listener=false peer=false name=(anonymous)
2026-09-16 15:42:29.467 Df PeachCommander[14857:c5dc] [com.apple.xpc:connection] [0xaa58cc8c0] invalidated after the last release of the connection object
2026-09-16 15:42:29.477 Df PeachCommander[14857:c5dc] [com.apple.TextInputUI:CursorUI] -[TUINSCursorUIController activate:]_block_invoke: Create CursorUIViewService: TUINSRemoteViewController
2026-09-16 15:42:29.478 I  PeachCommander[14857:c5dc] [com.apple.AppKit:Window] window <TUINSWindow: 0xaa63e2800> windowNumber=2e6 finishing close
2026-09-16 15:42:29.478 I  PeachCommander[14857:c5dc] [com.apple.AppKit:Window] order window: 2e6 op: 0 relative: 0 related: 0
2026-09-16 15:42:29.570 I  PeachCommander[14857:c5dc] [com.apple.CoreAnalytics:client] Dropping "com.apple.appkit.app_config" as it isn't used in any transform (not in the config or budgeted?)
2026-09-16 15:42:29.570 I  PeachCommander[14857:c5dc] [com.apple.SafariPlatformSupport:SafariPlatformSupport] -[SFSafariPlatformSupport credentialSelected:] with nil credential
2026-09-16 15:42:29.570 I  PeachCommander[14857:c5dc] [com.apple.SafariPlatformSupport:SafariPlatformSupport] -[SFSafariPlatformSupport oneTimeCodeSelected:] with nil code
2026-09-16 15:42:29.570 Df PeachCommander[14857:c5e4] [com.apple.xpc:connection] [0xaa58cc8c0] activating connection: mach=false listener=false peer=false name=com.apple.SafariPlatformSupport.Helper
2026-09-16 15:42:29.629 I  PeachCommander[14857:c5dc] [com.apple.launchservices:cas] Removing cached information for app [ 0x0-0xb50b5]  "PeachCommander", as its seed is different from that in shared memory ( 535 vs 537)
2026-09-16 15:42:29.648 Df PeachCommander[14857:c67e] [com.apple.xpc:connection] [0xaa58cc8c0] invalidated after the last release of the connection object
2026-09-16 15:42:29.648 Df PeachCommander[14857:c5dc] [com.apple.xpc:connection] [0xaa58cd180] activating connection: mach=false listener=false peer=false name=(anonymous)
2026-09-16 15:42:29.648 Df PeachCommander[14857:c5dc] [com.apple.xpc:connection] [0xaa58cc8c0] activating connection: mach=false listener=false peer=false name=(anonymous)
2026-09-16 15:42:29.700 I  PeachCommander[14857:c5dc] [com.apple.SafariPlatformSupport:SafariPlatformSupport] -[SPSafariPlatformSupport completionListPreferredContentSizeDidUpdate] with size {0, 0}, in window that is visible
2026-09-16 15:42:32.945 Df PeachCommander[14857:c5dc] (Foundation) <private>
2026-09-16 15:42:32.945 I  PeachCommander[14857:c5dc] [com.peachcommander:PCFoundation] [automation] > dockdump /Users/admin/td-dock.txt
2026-09-16 15:42:32.946 Df PeachCommander[14857:c5dc] (Foundation) <private>
2026-09-16 15:42:32.947 I  PeachCommander[14857:c5dc] [com.peachcommander:PCFoundation] [automation] > wait 300
2026-09-16 15:42:32.979 I  PeachCommander[14857:c5dc] [com.apple.AppKit:Image] ISImage reported a placeholder, image rep is providing a placeholder image for <private>
2026-09-16 15:42:32.980 I  PeachCommander[14857:c5dc] [com.apple.AppKit:Image] ISImage reported a placeholder, image rep is providing a placeholder image for <private>
2026-09-16 15:42:32.981 I  PeachCommander[14857:c5dc] [com.apple.AppKit:Image] ISImage reported a placeholder, image rep is providing a placeholder image for <private>
2026-09-16 15:42:32.982 I  PeachCommander[14857:c5dc] [com.apple.AppKit:Image] ISImage reported a placeholder, image rep is providing a placeholder image for <private>
2026-09-16 15:42:32.983 I  PeachCommander[14857:c5dc] [com.apple.AppKit:Image] ISImage reported a placeholder, image rep is providing a placeholder image for <private>
2026-09-16 15:42:32.984 I  PeachCommander[14857:c5dc] [com.apple.AppKit:Image] ISImage reported a placeholder, image rep is providing a placeholder image for <private>
2026-09-16 15:42:32.985 I  PeachCommander[14857:c5dc] [com.apple.AppKit:Image] ISImage reported a placeholder, image rep is providing a placeholder image for <private>
2026-09-16 15:42:32.986 I  PeachCommander[14857:c5dc] [com.apple.AppKit:Image] ISImage reported a placeholder, image rep is providing a placeholder image for <private>
2026-09-16 15:42:32.987 I  PeachCommander[14857:c5dc] [com.apple.AppKit:Image] ISImage reported a placeholder, image rep is providing a placeholder image for <private>
2026-09-16 15:42:32.988 I  PeachCommander[14857:c5dc] [com.apple.AppKit:Image] ISImage reported a placeholder, image rep is providing a placeholder image for <private>
2026-09-16 15:42:32.989 I  PeachCommander[14857:c5dc] [com.apple.AppKit:Image] ISImage reported a placeholder, image rep is providing a placeholder image for <private>
2026-09-16 15:42:32.990 I  PeachCommander[14857:c5dc] [com.apple.AppKit:Image] ISImage reported a placeholder, image rep is providing a placeholder image for <private>
2026-09-16 15:42:32.991 I  PeachCommander[14857:c5dc] [com.apple.AppKit:Image] ISImage reported a placeholder, image rep is providing a placeholder image for <private>
2026-09-16 15:42:32.992 I  PeachCommander[14857:c5dc] [com.apple.AppKit:Image] ISImage reported a placeholder, image rep is providing a placeholder image for <private>
2026-09-16 15:42:32.993 I  PeachCommander[14857:c5dc] [com.apple.AppKit:Image] ISImage reported a placeholder, image rep is providing a placeholder image for <private>
2026-09-16 15:42:32.994 I  PeachCommander[14857:c5dc] [com.apple.AppKit:Image] ISImage reported a placeholder, image rep is providing a placeholder image for <private>
2026-09-16 15:42:32.994 I  PeachCommander[14857:c5dc] [com.apple.AppKit:Image] ISImage reported a placeholder, image rep is providing a placeholder image for <private>
2026-09-16 15:42:32.995 I  PeachCommander[14857:c5dc] [com.apple.AppKit:Image] ISImage reported a placeholder, image rep is providing a placeholder image for <private>
2026-09-16 15:42:32.997 I  PeachCommander[14857:c5dc] [com.apple.AppKit:Image] ISImage reported a placeholder, image rep is providing a placeholder image for <private>
2026-09-16 15:42:32.998 I  PeachCommander[14857:c5dc] [com.apple.AppKit:Image] ISImage reported a placeholder, image rep is providing a placeholder image for <private>
2026-09-16 15:42:32.998 I  PeachCommander[14857:c5dc] [com.apple.AppKit:Image] ISImage reported a placeholder, image rep is providing a placeholder image for <private>
2026-09-16 15:42:32.999 I  PeachCommander[14857:c5dc] [com.apple.AppKit:Image] ISImage reported a placeholder, image rep is providing a placeholder image for <private>
2026-09-16 15:42:33.000 I  PeachCommander[14857:c5dc] [com.apple.AppKit:Image] ISImage reported a placeholder, image rep is providing a placeholder image for <private>
2026-09-16 15:42:33.001 I  PeachCommander[14857:c5dc] [com.apple.AppKit:Image] ISImage reported a placeholder, image rep is providing a placeholder image for <private>
2026-09-16 15:42:33.002 I  PeachCommander[14857:c5dc] [com.apple.AppKit:Image] ISImage reported a placeholder, image rep is providing a placeholder image for <private>
2026-09-16 15:42:33.003 I  PeachCommander[14857:c5dc] [com.apple.AppKit:Image] ISImage reported a placeholder, image rep is providing a placeholder image for <private>
2026-09-16 15:42:33.003 I  PeachCommander[14857:c5dc] [com.apple.AppKit:Image] ISImage reported a placeholder, image rep is providing a placeholder image for <private>
2026-09-16 15:42:33.005 I  PeachCommander[14857:c5dc] [com.apple.AppKit:Image] ISImage reported a placeholder, image rep is providing a placeholder image for <private>
2026-09-16 15:42:33.005 I  PeachCommander[14857:c5dc] [com.apple.AppKit:Image] ISImage reported a placeholder, image rep is providing a placeholder image for <private>
2026-09-16 15:42:33.007 I  PeachCommander[14857:c5dc] [com.apple.AppKit:Image] ISImage reported a placeholder, image rep is providing a placeholder image for <private>
2026-09-16 15:42:33.008 I  PeachCommander[14857:c5dc] [com.apple.AppKit:Image] ISImage reported a placeholder, image rep is providing a placeholder image for <private>
2026-09-16 15:42:33.010 I  PeachCommander[14857:c5dc] [com.apple.AppKit:Image] ISImage reported a placeholder, image rep is providing a placeholder image for <private>
2026-09-16 15:42:33.010 I  PeachCommander[14857:c5dc] [com.apple.AppKit:Image] ISImage reported a placeholder, image rep is providing a placeholder image for <private>
2026-09-16 15:42:33.012 I  PeachCommander[14857:c5dc] [com.apple.AppKit:Image] ISImage reported a placeholder, image rep is providing a placeholder image for <private>
2026-09-16 15:42:33.012 I  PeachCommander[14857:c5dc] [com.apple.AppKit:Image] ISImage reported a placeholder, image rep is providing a placeholder image for <private>
2026-09-16 15:42:33.013 I  PeachCommander[14857:c5dc] [com.apple.AppKit:Image] ISImage reported a placeholder, image rep is providing a placeholder image for <private>
2026-09-16 15:42:33.014 I  PeachCommander[14857:c5dc] [com.apple.AppKit:Image] ISImage reported a placeholder, image rep is providing a placeholder image for <private>
2026-09-16 15:42:33.015 I  PeachCommander[14857:c5dc] [com.apple.AppKit:Image] ISImage reported a placeholder, image rep is providing a placeholder image for <private>
2026-09-16 15:42:33.015 I  PeachCommander[14857:c5dc] [com.apple.AppKit:Image] ISImage reported a placeholder, image rep is providing a placeholder image for <private>
2026-09-16 15:42:33.017 I  PeachCommander[14857:c5dc] [com.apple.AppKit:Image] ISImage reported a placeholder, image rep is providing a placeholder image for <private>
2026-09-16 15:42:33.017 I  PeachCommander[14857:c5dc] [com.apple.AppKit:Image] ISImage reported a placeholder, image rep is providing a placeholder image for <private>
2026-09-16 15:42:33.019 I  PeachCommander[14857:c5dc] [com.apple.AppKit:Image] ISImage reported a placeholder, image rep is providing a placeholder image for <private>
2026-09-16 15:42:33.019 I  PeachCommander[14857:c5dc] [com.apple.AppKit:Image] ISImage reported a placeholder, image rep is providing a placeholder image for <private>
2026-09-16 15:42:33.021 I  PeachCommander[14857:c5dc] [com.apple.AppKit:Image] ISImage reported a placeholder, image rep is providing a placeholder image for <private>
2026-09-16 15:42:33.021 I  PeachCommander[14857:c5dc] [com.apple.AppKit:Image] ISImage reported a placeholder, image rep is providing a placeholder image for <private>
2026-09-16 15:42:33.023 I  PeachCommander[14857:c5dc] [com.apple.AppKit:Image] ISImage reported a placeholder, image rep is providing a placeholder image for <private>
2026-09-16 15:42:33.023 I  PeachCommander[14857:c5dc] [com.apple.AppKit:Image] ISImage reported a placeholder, image rep is providing a placeholder image for <private>
2026-09-16 15:42:33.025 I  PeachCommander[14857:c5dc] [com.apple.AppKit:Image] ISImage reported a placeholder, image rep is providing a placeholder image for <private>
2026-09-16 15:42:33.025 I  PeachCommander[14857:c5dc] [com.apple.AppKit:Image] ISImage reported a placeholder, image rep is providing a placeholder image for <private>
2026-09-16 15:42:33.026 I  PeachCommander[14857:c5dc] [com.apple.AppKit:Image] ISImage reported a placeholder, image rep is providing a placeholder image for <private>
2026-09-16 15:42:33.026 I  PeachCommander[14857:c5dc] [com.apple.AppKit:Image] ISImage reported a placeholder, image rep is providing a placeholder image for <private>
2026-09-16 15:42:33.028 I  PeachCommander[14857:c5dc] [com.apple.AppKit:Image] ISImage reported a placeholder, image rep is providing a placeholder image for <private>
2026-09-16 15:42:33.028 I  PeachCommander[14857:c5dc] [com.apple.AppKit:Image] ISImage reported a placeholder, image rep is providing a placeholder image for <private>
2026-09-16 15:42:33.112 I  PeachCommander[14857:c5dc] [com.apple.AppKit:Image] ISImage reported a placeholder, image rep is providing a placeholder image for <private>
2026-09-16 15:42:33.113 I  PeachCommander[14857:c5dc] [com.apple.AppKit:Image] ISImage reported a placeholder, image rep is providing a placeholder image for <private>
2026-09-16 15:42:33.114 I  PeachCommander[14857:c5dc] [com.apple.AppKit:Image] ISImage reported a placeholder, image rep is providing a placeholder image for <private>
2026-09-16 15:42:33.115 I  PeachCommander[14857:c5dc] [com.apple.AppKit:Image] ISImage reported a placeholder, image rep is providing a placeholder image for <private>
2026-09-16 15:42:33.116 I  PeachCommander[14857:c5dc] [com.apple.AppKit:Image] ISImage reported a placeholder, image rep is providing a placeholder image for <private>
2026-09-16 15:42:33.117 I  PeachCommander[14857:c5dc] [com.apple.AppKit:Image] ISImage reported a placeholder, image rep is providing a placeholder image for <private>
2026-09-16 15:42:33.118 I  PeachCommander[14857:c5dc] [com.apple.AppKit:Image] ISImage reported a placeholder, image rep is providing a placeholder image for <private>
2026-09-16 15:42:33.120 I  PeachCommander[14857:c5dc] [com.apple.AppKit:Image] ISImage reported a placeholder, image rep is providing a placeholder image for <private>
2026-09-16 15:42:33.121 I  PeachCommander[14857:c5dc] [com.apple.AppKit:Image] ISImage reported a placeholder, image rep is providing a placeholder image for <private>
2026-09-16 15:42:33.122 I  PeachCommander[14857:c5dc] [com.apple.AppKit:Image] ISImage reported a placeholder, image rep is providing a placeholder image for <private>
2026-09-16 15:42:33.123 I  PeachCommander[14857:c5dc] [com.apple.AppKit:Image] ISImage reported a placeholder, image rep is providing a placeholder image for <private>
2026-09-16 15:42:33.124 I  PeachCommander[14857:c5dc] [com.apple.AppKit:Image] ISImage reported a placeholder, image rep is providing a placeholder image for <private>
2026-09-16 15:42:33.125 I  PeachCommander[14857:c5dc] [com.apple.AppKit:Image] ISImage reported a placeholder, image rep is providing a placeholder image for <private>
2026-09-16 15:42:33.126 I  PeachCommander[14857:c5dc] [com.apple.AppKit:Image] ISImage reported a placeholder, image rep is providing a placeholder image for <private>
2026-09-16 15:42:33.127 I  PeachCommander[14857:c5dc] [com.apple.AppKit:Image] ISImage reported a placeholder, image rep is providing a placeholder image for <private>
2026-09-16 15:42:33.127 I  PeachCommander[14857:c5dc] [com.apple.AppKit:Image] ISImage reported a placeholder, image rep is providing a placeholder image for <private>
2026-09-16 15:42:33.128 I  PeachCommander[14857:c5dc] [com.apple.AppKit:Image] ISImage reported a placeholder, image rep is providing a placeholder image for <private>
2026-09-16 15:42:33.129 I  PeachCommander[14857:c5dc] [com.apple.AppKit:Image] ISImage reported a placeholder, image rep is providing a placeholder image for <private>
2026-09-16 15:42:33.131 I  PeachCommander[14857:c5dc] [com.apple.AppKit:Image] ISImage reported a placeholder, image rep is providing a placeholder image for <private>
2026-09-16 15:42:33.131 I  PeachCommander[14857:c5dc] [com.apple.AppKit:Image] ISImage reported a placeholder, image rep is providing a placeholder image for <private>
2026-09-16 15:42:33.132 I  PeachCommander[14857:c5dc] [com.apple.AppKit:Image] ISImage reported a placeholder, image rep is providing a placeholder image for <private>
2026-09-16 15:42:33.132 I  PeachCommander[14857:c5dc] [com.apple.AppKit:Image] ISImage reported a placeholder, image rep is providing a placeholder image for <private>
2026-09-16 15:42:33.134 I  PeachCommander[14857:c5dc] [com.apple.AppKit:Image] ISImage reported a placeholder, image rep is providing a placeholder image for <private>
2026-09-16 15:42:33.134 I  PeachCommander[14857:c5dc] [com.apple.AppKit:Image] ISImage reported a placeholder, image rep is providing a placeholder image for <private>
2026-09-16 15:42:33.136 I  PeachCommander[14857:c5dc] [com.apple.AppKit:Image] ISImage reported a placeholder, image rep is providing a placeholder image for <private>
2026-09-16 15:42:33.136 I  PeachCommander[14857:c5dc] [com.apple.AppKit:Image] ISImage reported a placeholder, image rep is providing a placeholder image for <private>
2026-09-16 15:42:33.138 I  PeachCommander[14857:c5dc] [com.apple.AppKit:Image] ISImage reported a placeholder, image rep is providing a placeholder image for <private>
2026-09-16 15:42:33.138 I  PeachCommander[14857:c5dc] [com.apple.AppKit:Image] ISImage reported a placeholder, image rep is providing a placeholder image for <private>
2026-09-16 15:42:33.140 I  PeachCommander[14857:c5dc] [com.apple.AppKit:Image] ISImage reported a placeholder, image rep is providing a placeholder image for <private>
2026-09-16 15:42:33.140 I  PeachCommander[14857:c5dc] [com.apple.AppKit:Image] ISImage reported a placeholder, image rep is providing a placeholder image for <private>
2026-09-16 15:42:33.142 I  PeachCommander[14857:c5dc] [com.apple.AppKit:Image] ISImage reported a placeholder, image rep is providing a placeholder image for <private>
2026-09-16 15:42:33.142 I  PeachCommander[14857:c5dc] [com.apple.AppKit:Image] ISImage reported a placeholder, image rep is providing a placeholder image for <private>
2026-09-16 15:42:33.144 I  PeachCommander[14857:c5dc] [com.apple.AppKit:Image] ISImage reported a placeholder, image rep is providing a placeholder image for <private>
2026-09-16 15:42:33.144 I  PeachCommander[14857:c5dc] [com.apple.AppKit:Image] ISImage reported a placeholder, image rep is providing a placeholder image for <private>
2026-09-16 15:42:33.146 I  PeachCommander[14857:c5dc] [com.apple.AppKit:Image] ISImage reported a placeholder, image rep is providing a placeholder image for <private>
2026-09-16 15:42:33.146 I  PeachCommander[14857:c5dc] [com.apple.AppKit:Image] ISImage reported a placeholder, image rep is providing a placeholder image for <private>
2026-09-16 15:42:33.147 I  PeachCommander[14857:c5dc] [com.apple.AppKit:Image] ISImage reported a placeholder, image rep is providing a placeholder image for <private>
2026-09-16 15:42:33.147 I  PeachCommander[14857:c5dc] [com.apple.AppKit:Image] ISImage reported a placeholder, image rep is providing a placeholder image for <private>
2026-09-16 15:42:33.149 I  PeachCommander[14857:c5dc] [com.apple.AppKit:Image] ISImage reported a placeholder, image rep is providing a placeholder image for <private>
2026-09-16 15:42:33.149 I  PeachCommander[14857:c5dc] [com.apple.AppKit:Image] ISImage reported a placeholder, image rep is providing a placeholder image for <private>
2026-09-16 15:42:33.150 I  PeachCommander[14857:c5dc] [com.apple.AppKit:Image] ISImage reported a placeholder, image rep is providing a placeholder image for <private>
2026-09-16 15:42:33.150 I  PeachCommander[14857:c5dc] [com.apple.AppKit:Image] ISImage reported a placeholder, image rep is providing a placeholder image for <private>
2026-09-16 15:42:33.259 Df PeachCommander[14857:c5dc] (Foundation) <private>
2026-09-16 15:42:33.259 I  PeachCommander[14857:c5dc] [com.peachcommander:PCFoundation] [automation] > termsend plugin.terminal.view|sleep 394 &\134n
2026-09-16 15:42:33.259 Df PeachCommander[14857:c5dc] (Foundation) <private>
2026-09-16 15:42:33.259 Df PeachCommander[14857:c5dc] (Foundation) <private>
2026-09-16 15:42:33.259 I  PeachCommander[14857:c5dc] [com.peachcommander:PCFoundation] [automation] > wait 2500
2026-09-16 15:42:33.278 Df PeachCommander[14857:c67e] (CoreVideo) Pixel format registry initialized. Constant classes enabled.
2026-09-16 15:42:35.921 Df PeachCommander[14857:c67d] [com.apple.launchservices:default] LSExceptions shared instance invalidated for timeout.
2026-09-16 15:42:35.922 Df PeachCommander[14857:c5dc] (Foundation) <private>
2026-09-16 15:42:35.922 I  PeachCommander[14857:c5dc] [com.peachcommander:PCFoundation] [automation] > termsend plugin.terminal.view|sleep 395\134n
2026-09-16 15:42:35.922 Df PeachCommander[14857:c5dc] (Foundation) <private>
2026-09-16 15:42:35.922 Df PeachCommander[14857:c5dc] (Foundation) <private>
2026-09-16 15:42:35.922 I  PeachCommander[14857:c5dc] [com.peachcommander:PCFoundation] [automation] > wait 2500
2026-09-16 15:42:38.585 Df PeachCommander[14857:c5dc] (Foundation) <private>
2026-09-16 15:42:38.585 I  PeachCommander[14857:c5dc] [com.peachcommander:PCFoundation] [automation] > probe /Users/admin/before.txt|pgrep -f 'sleep 39[45]' | wc -l | tr -d ' '
2026-09-16 15:42:38.676 Df PeachCommander[14857:c5dc] (Foundation) <private>
2026-09-16 15:42:38.676 I  PeachCommander[14857:c5dc] [com.peachcommander:PCFoundation] [automation] > wait 500
2026-09-16 15:42:38.700 I  PeachCommander[14857:c5dc] [com.apple.AppKit:Image] ISImage reported a placeholder, image rep is providing a placeholder image for <private>
2026-09-16 15:42:38.701 I  PeachCommander[14857:c5dc] [com.apple.AppKit:Image] ISImage reported a placeholder, image rep is providing a placeholder image for <private>
2026-09-16 15:42:38.702 I  PeachCommander[14857:c5dc] [com.apple.AppKit:Image] ISImage reported a placeholder, image rep is providing a placeholder image for <private>
2026-09-16 15:42:38.703 I  PeachCommander[14857:c5dc] [com.apple.AppKit:Image] ISImage reported a placeholder, image rep is providing a placeholder image for <private>
2026-09-16 15:42:38.704 I  PeachCommander[14857:c5dc] [com.apple.AppKit:Image] ISImage reported a placeholder, image rep is providing a placeholder image for <private>
2026-09-16 15:42:38.705 I  PeachCommander[14857:c5dc] [com.apple.AppKit:Image] ISImage reported a placeholder, image rep is providing a placeholder image for <private>
2026-09-16 15:42:38.705 I  PeachCommander[14857:c5dc] [com.apple.AppKit:Image] ISImage reported a placeholder, image rep is providing a placeholder image for <private>
2026-09-16 15:42:38.706 I  PeachCommander[14857:c5dc] [com.apple.AppKit:Image] ISImage reported a placeholder, image rep is providing a placeholder image for <private>
2026-09-16 15:42:38.707 I  PeachCommander[14857:c5dc] [com.apple.AppKit:Image] ISImage reported a placeholder, image rep is providing a placeholder image for <private>
2026-09-16 15:42:38.708 I  PeachCommander[14857:c5dc] [com.apple.AppKit:Image] ISImage reported a placeholder, image rep is providing a placeholder image for <private>
2026-09-16 15:42:38.709 I  PeachCommander[14857:c5dc] [com.apple.AppKit:Image] ISImage reported a placeholder, image rep is providing a placeholder image for <private>
2026-09-16 15:42:38.710 I  PeachCommander[14857:c5dc] [com.apple.AppKit:Image] ISImage reported a placeholder, image rep is providing a placeholder image for <private>
2026-09-16 15:42:38.711 I  PeachCommander[14857:c5dc] [com.apple.AppKit:Image] ISImage reported a placeholder, image rep is providing a placeholder image for <private>
2026-09-16 15:42:38.712 I  PeachCommander[14857:c5dc] [com.apple.AppKit:Image] ISImage reported a placeholder, image rep is providing a placeholder image for <private>
2026-09-16 15:42:38.712 I  PeachCommander[14857:c5dc] [com.apple.AppKit:Image] ISImage reported a placeholder, image rep is providing a placeholder image for <private>
2026-09-16 15:42:38.713 I  PeachCommander[14857:c5dc] [com.apple.AppKit:Image] ISImage reported a placeholder, image rep is providing a placeholder image for <private>
2026-09-16 15:42:38.714 I  PeachCommander[14857:c5dc] [com.apple.AppKit:Image] ISImage reported a placeholder, image rep is providing a placeholder image for <private>
2026-09-16 15:42:38.714 I  PeachCommander[14857:c5dc] [com.apple.AppKit:Image] ISImage reported a placeholder, image rep is providing a placeholder image for <private>
2026-09-16 15:42:38.716 I  PeachCommander[14857:c5dc] [com.apple.AppKit:Image] ISImage reported a placeholder, image rep is providing a placeholder image for <private>
2026-09-16 15:42:38.716 I  PeachCommander[14857:c5dc] [com.apple.AppKit:Image] ISImage reported a placeholder, image rep is providing a placeholder image for <private>
2026-09-16 15:42:38.718 I  PeachCommander[14857:c5dc] [com.apple.AppKit:Image] ISImage reported a placeholder, image rep is providing a placeholder image for <private>
2026-09-16 15:42:38.718 I  PeachCommander[14857:c5dc] [com.apple.AppKit:Image] ISImage reported a placeholder, image rep is providing a placeholder image for <private>
2026-09-16 15:42:38.719 I  PeachCommander[14857:c5dc] [com.apple.AppKit:Image] ISImage reported a placeholder, image rep is providing a placeholder image for <private>
2026-09-16 15:42:38.720 I  PeachCommander[14857:c5dc] [com.apple.AppKit:Image] ISImage reported a placeholder, image rep is providing a placeholder image for <private>
2026-09-16 15:42:38.721 I  PeachCommander[14857:c5dc] [com.apple.AppKit:Image] ISImage reported a placeholder, image rep is providing a placeholder image for <private>
2026-09-16 15:42:38.721 I  PeachCommander[14857:c5dc] [com.apple.AppKit:Image] ISImage reported a placeholder, image rep is providing a placeholder image for <private>
2026-09-16 15:42:38.723 I  PeachCommander[14857:c5dc] [com.apple.AppKit:Image] ISImage reported a placeholder, image rep is providing a placeholder image for <private>
2026-09-16 15:42:38.724 I  PeachCommander[14857:c5dc] [com.apple.AppKit:Image] ISImage reported a placeholder, image rep is providing a placeholder image for <private>
2026-09-16 15:42:38.725 I  PeachCommander[14857:c5dc] [com.apple.AppKit:Image] ISImage reported a placeholder, image rep is providing a placeholder image for <private>
2026-09-16 15:42:38.725 I  PeachCommander[14857:c5dc] [com.apple.AppKit:Image] ISImage reported a placeholder, image rep is providing a placeholder image for <private>
2026-09-16 15:42:38.727 I  PeachCommander[14857:c5dc] [com.apple.AppKit:Image] ISImage reported a placeholder, image rep is providing a placeholder image for <private>
2026-09-16 15:42:38.727 I  PeachCommander[14857:c5dc] [com.apple.AppKit:Image] ISImage reported a placeholder, image rep is providing a placeholder image for <private>
2026-09-16 15:42:38.729 I  PeachCommander[14857:c5dc] [com.apple.AppKit:Image] ISImage reported a placeholder, image rep is providing a placeholder image for <private>
2026-09-16 15:42:38.729 I  PeachCommander[14857:c5dc] [com.apple.AppKit:Image] ISImage reported a placeholder, image rep is providing a placeholder image for <private>
2026-09-16 15:42:38.731 I  PeachCommander[14857:c5dc] [com.apple.AppKit:Image] ISImage reported a placeholder, image rep is providing a placeholder image for <private>
2026-09-16 15:42:38.731 I  PeachCommander[14857:c5dc] [com.apple.AppKit:Image] ISImage reported a placeholder, image rep is providing a placeholder image for <private>
2026-09-16 15:42:38.733 I  PeachCommander[14857:c5dc] [com.apple.AppKit:Image] ISImage reported a placeholder, image rep is providing a placeholder image for <private>
2026-09-16 15:42:38.733 I  PeachCommander[14857:c5dc] [com.apple.AppKit:Image] ISImage reported a placeholder, image rep is providing a placeholder image for <private>
2026-09-16 15:42:38.735 I  PeachCommander[14857:c5dc] [com.apple.AppKit:Image] ISImage reported a placeholder, image rep is providing a placeholder image for <private>
2026-09-16 15:42:38.735 I  PeachCommander[14857:c5dc] [com.apple.AppKit:Image] ISImage reported a placeholder, image rep is providing a placeholder image for <private>
2026-09-16 15:42:38.736 I  PeachCommander[14857:c5dc] [com.apple.AppKit:Image] ISImage reported a placeholder, image rep is providing a placeholder image for <private>
2026-09-16 15:42:38.736 I  PeachCommander[14857:c5dc] [com.apple.AppKit:Image] ISImage reported a placeholder, image rep is providing a placeholder image for <private>
2026-09-16 15:42:38.809 I  PeachCommander[14857:c5dc] [com.apple.AppKit:Image] ISImage reported a placeholder, image rep is providing a placeholder image for <private>
2026-09-16 15:42:38.810 I  PeachCommander[14857:c5dc] [com.apple.AppKit:Image] ISImage reported a placeholder, image rep is providing a placeholder image for <private>
2026-09-16 15:42:38.811 I  PeachCommander[14857:c5dc] [com.apple.AppKit:Image] ISImage reported a placeholder, image rep is providing a placeholder image for <private>
2026-09-16 15:42:38.812 I  PeachCommander[14857:c5dc] [com.apple.AppKit:Image] ISImage reported a placeholder, image rep is providing a placeholder image for <private>
2026-09-16 15:42:38.813 I  PeachCommander[14857:c5dc] [com.apple.AppKit:Image] ISImage reported a placeholder, image rep is providing a placeholder image for <private>
2026-09-16 15:42:38.814 I  PeachCommander[14857:c5dc] [com.apple.AppKit:Image] ISImage reported a placeholder, image rep is providing a placeholder image for <private>
2026-09-16 15:42:38.815 I  PeachCommander[14857:c5dc] [com.apple.AppKit:Image] ISImage reported a placeholder, image rep is providing a placeholder image for <private>
2026-09-16 15:42:38.816 I  PeachCommander[14857:c5dc] [com.apple.AppKit:Image] ISImage reported a placeholder, image rep is providing a placeholder image for <private>
2026-09-16 15:42:38.816 I  PeachCommander[14857:c5dc] [com.apple.AppKit:Image] ISImage reported a placeholder, image rep is providing a placeholder image for <private>
2026-09-16 15:42:38.817 I  PeachCommander[14857:c5dc] [com.apple.AppKit:Image] ISImage reported a placeholder, image rep is providing a placeholder image for <private>
2026-09-16 15:42:38.818 I  PeachCommander[14857:c5dc] [com.apple.AppKit:Image] ISImage reported a placeholder, image rep is providing a placeholder image for <private>
2026-09-16 15:42:38.819 I  PeachCommander[14857:c5dc] [com.apple.AppKit:Image] ISImage reported a placeholder, image rep is providing a placeholder image for <private>
2026-09-16 15:42:38.821 I  PeachCommander[14857:c5dc] [com.apple.AppKit:Image] ISImage reported a placeholder, image rep is providing a placeholder image for <private>
2026-09-16 15:42:38.822 I  PeachCommander[14857:c5dc] [com.apple.AppKit:Image] ISImage reported a placeholder, image rep is providing a placeholder image for <private>
2026-09-16 15:42:38.823 I  PeachCommander[14857:c5dc] [com.apple.AppKit:Image] ISImage reported a placeholder, image rep is providing a placeholder image for <private>
2026-09-16 15:42:38.823 I  PeachCommander[14857:c5dc] [com.apple.AppKit:Image] ISImage reported a placeholder, image rep is providing a placeholder image for <private>
2026-09-16 15:42:38.825 I  PeachCommander[14857:c5dc] [com.apple.AppKit:Image] ISImage reported a placeholder, image rep is providing a placeholder image for <private>
2026-09-16 15:42:38.825 I  PeachCommander[14857:c5dc] [com.apple.AppKit:Image] ISImage reported a placeholder, image rep is providing a placeholder image for <private>
2026-09-16 15:42:38.827 I  PeachCommander[14857:c5dc] [com.apple.AppKit:Image] ISImage reported a placeholder, image rep is providing a placeholder image for <private>
2026-09-16 15:42:38.827 I  PeachCommander[14857:c5dc] [com.apple.AppKit:Image] ISImage reported a placeholder, image rep is providing a placeholder image for <private>
2026-09-16 15:42:38.828 I  PeachCommander[14857:c5dc] [com.apple.AppKit:Image] ISImage reported a placeholder, image rep is providing a placeholder image for <private>
2026-09-16 15:42:38.828 I  PeachCommander[14857:c5dc] [com.apple.AppKit:Image] ISImage reported a placeholder, image rep is providing a placeholder image for <private>
2026-09-16 15:42:38.830 I  PeachCommander[14857:c5dc] [com.apple.AppKit:Image] ISImage reported a placeholder, image rep is providing a placeholder image for <private>
2026-09-16 15:42:38.830 I  PeachCommander[14857:c5dc] [com.apple.AppKit:Image] ISImage reported a placeholder, image rep is providing a placeholder image for <private>
2026-09-16 15:42:38.832 I  PeachCommander[14857:c5dc] [com.apple.AppKit:Image] ISImage reported a placeholder, image rep is providing a placeholder image for <private>
2026-09-16 15:42:38.832 I  PeachCommander[14857:c5dc] [com.apple.AppKit:Image] ISImage reported a placeholder, image rep is providing a placeholder image for <private>
2026-09-16 15:42:38.833 I  PeachCommander[14857:c5dc] [com.apple.AppKit:Image] ISImage reported a placeholder, image rep is providing a placeholder image for <private>
2026-09-16 15:42:38.833 I  PeachCommander[14857:c5dc] [com.apple.AppKit:Image] ISImage reported a placeholder, image rep is providing a placeholder image for <private>
2026-09-16 15:42:38.835 I  PeachCommander[14857:c5dc] [com.apple.AppKit:Image] ISImage reported a placeholder, image rep is providing a placeholder image for <private>
2026-09-16 15:42:38.835 I  PeachCommander[14857:c5dc] [com.apple.AppKit:Image] ISImage reported a placeholder, image rep is providing a placeholder image for <private>
2026-09-16 15:42:38.836 I  PeachCommander[14857:c5dc] [com.apple.AppKit:Image] ISImage reported a placeholder, image rep is providing a placeholder image for <private>
2026-09-16 15:42:38.836 I  PeachCommander[14857:c5dc] [com.apple.AppKit:Image] ISImage reported a placeholder, image rep is providing a placeholder image for <private>
2026-09-16 15:42:38.838 I  PeachCommander[14857:c5dc] [com.apple.AppKit:Image] ISImage reported a placeholder, image rep is providing a placeholder image for <private>
2026-09-16 15:42:38.838 I  PeachCommander[14857:c5dc] [com.apple.AppKit:Image] ISImage reported a placeholder, image rep is providing a placeholder image for <private>
2026-09-16 15:42:38.840 I  PeachCommander[14857:c5dc] [com.apple.AppKit:Image] ISImage reported a placeholder, image rep is providing a placeholder image for <private>
2026-09-16 15:42:38.840 I  PeachCommander[14857:c5dc] [com.apple.AppKit:Image] ISImage reported a placeholder, image rep is providing a placeholder image for <private>
2026-09-16 15:42:38.842 I  PeachCommander[14857:c5dc] [com.apple.AppKit:Image] ISImage reported a placeholder, image rep is providing a placeholder image for <private>
2026-09-16 15:42:38.842 I  PeachCommander[14857:c5dc] [com.apple.AppKit:Image] ISImage reported a placeholder, image rep is providing a placeholder image for <private>
2026-09-16 15:42:38.843 I  PeachCommander[14857:c5dc] [com.apple.AppKit:Image] ISImage reported a placeholder, image rep is providing a placeholder image for <private>
2026-09-16 15:42:38.843 I  PeachCommander[14857:c5dc] [com.apple.AppKit:Image] ISImage reported a placeholder, image rep is providing a placeholder image for <private>
2026-09-16 15:42:38.845 I  PeachCommander[14857:c5dc] [com.apple.AppKit:Image] ISImage reported a placeholder, image rep is providing a placeholder image for <private>
2026-09-16 15:42:38.845 I  PeachCommander[14857:c5dc] [com.apple.AppKit:Image] ISImage reported a placeholder, image rep is providing a placeholder image for <private>
2026-09-16 15:42:39.209 Df PeachCommander[14857:c5dc] (Foundation) <private>
2026-09-16 15:42:39.210 I  PeachCommander[14857:c5dc] [com.peachcommander:PCFoundation] [automation] > closeviews
2026-09-16 15:42:39.234 Df PeachCommander[14857:c5dc] [com.apple.BoardServices:XPCErrors] [C:3] Alloc com.apple.backboard.hid-services.xpc
2026-09-16 15:42:39.234 Df PeachCommander[14857:c5dc] [com.apple.xpc:connection] [0xaa58ccdc0] activating connection: mach=false listener=false peer=false name=(anonymous)
2026-09-16 15:42:39.235 Df PeachCommander[14857:c67e] [com.apple.BackBoard:EventDelivery] BKSHIDEventDeliveryManager - connection activation
2026-09-16 15:42:39.238 Df PeachCommander[14857:c5dc] (Foundation) <private>
2026-09-16 15:42:39.238 I  PeachCommander[14857:c5dc] [com.peachcommander:PCFoundation] [automation] > wait 3000
2026-09-16 15:42:39.243 I  PeachCommander[14857:c5dc] [com.apple.AppKit:Image] ISImage reported a placeholder, image rep is providing a placeholder image for <private>
2026-09-16 15:42:39.243 I  PeachCommander[14857:c5dc] [com.apple.AppKit:Image] ISImage reported a placeholder, image rep is providing a placeholder image for <private>
2026-09-16 15:42:39.245 I  PeachCommander[14857:c5dc] [com.apple.AppKit:Image] ISImage reported a placeholder, image rep is providing a placeholder image for <private>
2026-09-16 15:42:39.245 I  PeachCommander[14857:c5dc] [com.apple.AppKit:Image] ISImage reported a placeholder, image rep is providing a placeholder image for <private>
2026-09-16 15:42:39.247 I  PeachCommander[14857:c5dc] [com.apple.AppKit:Image] ISImage reported a placeholder, image rep is providing a placeholder image for <private>
2026-09-16 15:42:39.247 I  PeachCommander[14857:c5dc] [com.apple.AppKit:Image] ISImage reported a placeholder, image rep is providing a placeholder image for <private>
2026-09-16 15:42:39.248 I  PeachCommander[14857:c5dc] [com.apple.AppKit:Image] ISImage reported a placeholder, image rep is providing a placeholder image for <private>
2026-09-16 15:42:39.248 I  PeachCommander[14857:c5dc] [com.apple.AppKit:Image] ISImage reported a placeholder, image rep is providing a placeholder image for <private>
2026-09-16 15:42:39.250 I  PeachCommander[14857:c5dc] [com.apple.AppKit:Image] ISImage reported a placeholder, image rep is providing a placeholder image for <private>
2026-09-16 15:42:39.250 I  PeachCommander[14857:c5dc] [com.apple.AppKit:Image] ISImage reported a placeholder, image rep is providing a placeholder image for <private>
2026-09-16 15:42:39.251 I  PeachCommander[14857:c5dc] [com.apple.AppKit:Image] ISImage reported a placeholder, image rep is providing a placeholder image for <private>
2026-09-16 15:42:39.251 I  PeachCommander[14857:c5dc] [com.apple.AppKit:Image] ISImage reported a placeholder, image rep is providing a placeholder image for <private>
2026-09-16 15:42:39.254 I  PeachCommander[14857:c5dc] [com.apple.AppKit:Image] ISImage reported a placeholder, image rep is providing a placeholder image for <private>
2026-09-16 15:42:39.254 I  PeachCommander[14857:c5dc] [com.apple.AppKit:Image] ISImage reported a placeholder, image rep is providing a placeholder image for <private>
2026-09-16 15:42:39.256 I  PeachCommander[14857:c5dc] [com.apple.AppKit:Image] ISImage reported a placeholder, image rep is providing a placeholder image for <private>
2026-09-16 15:42:39.256 I  PeachCommander[14857:c5dc] [com.apple.AppKit:Image] ISImage reported a placeholder, image rep is providing a placeholder image for <private>
2026-09-16 15:42:39.257 I  PeachCommander[14857:c5dc] [com.apple.AppKit:Image] ISImage reported a placeholder, image rep is providing a placeholder image for <private>
2026-09-16 15:42:39.257 I  PeachCommander[14857:c5dc] [com.apple.AppKit:Image] ISImage reported a placeholder, image rep is providing a placeholder image for <private>
2026-09-16 15:42:39.259 I  PeachCommander[14857:c5dc] [com.apple.AppKit:Image] ISImage reported a placeholder, image rep is providing a placeholder image for <private>
2026-09-16 15:42:39.259 I  PeachCommander[14857:c5dc] [com.apple.AppKit:Image] ISImage reported a placeholder, image rep is providing a placeholder image for <private>
2026-09-16 15:42:39.260 I  PeachCommander[14857:c5dc] [com.apple.AppKit:Image] ISImage reported a placeholder, image rep is providing a placeholder image for <private>
2026-09-16 15:42:39.260 I  PeachCommander[14857:c5dc] [com.apple.AppKit:Image] ISImage reported a placeholder, image rep is providing a placeholder image for <private>
2026-09-16 15:42:39.338 I  PeachCommander[14857:c5dc] [com.apple.launchservices:datasep] application record search init. Node: <FSNode 0xaa871dd40> { isDir = y, path = <private> } bundleID: (null) itemID: 0
2026-09-16 15:42:39.338 I  PeachCommander[14857:c5dc] [com.apple.launchservices:datasep] application record search init. Node: <FSNode 0xaa871dd40> { isDir = y, path = <private> } bundleID: (null) itemID: 0
2026-09-16 15:42:39.338 I  PeachCommander[14857:c5dc] [com.apple.SafariPlatformSupport:SafariPlatformSupport] -[SFSafariPlatformSupport credentialSelected:] with nil credential
2026-09-16 15:42:39.338 I  PeachCommander[14857:c5dc] [com.apple.SafariPlatformSupport:SafariPlatformSupport] -[SFSafariPlatformSupport oneTimeCodeSelected:] with nil code
2026-09-16 15:42:39.400 I  PeachCommander[14857:c5dc] [com.apple.AppKit:Image] ISImage reported a placeholder, image rep is providing a placeholder image for <private>
2026-09-16 15:42:39.401 I  PeachCommander[14857:c5dc] [com.apple.AppKit:Image] ISImage reported a placeholder, image rep is providing a placeholder image for <private>
2026-09-16 15:42:39.402 I  PeachCommander[14857:c5dc] [com.apple.AppKit:Image] ISImage reported a placeholder, image rep is providing a placeholder image for <private>
2026-09-16 15:42:39.403 I  PeachCommander[14857:c5dc] [com.apple.AppKit:Image] ISImage reported a placeholder, image rep is providing a placeholder image for <private>
2026-09-16 15:42:39.404 I  PeachCommander[14857:c5dc] [com.apple.AppKit:Image] ISImage reported a placeholder, image rep is providing a placeholder image for <private>
2026-09-16 15:42:39.405 I  PeachCommander[14857:c5dc] [com.apple.AppKit:Image] ISImage reported a placeholder, image rep is providing a placeholder image for <private>
2026-09-16 15:42:39.406 I  PeachCommander[14857:c5dc] [com.apple.AppKit:Image] ISImage reported a placeholder, image rep is providing a placeholder image for <private>
2026-09-16 15:42:39.406 I  PeachCommander[14857:c5dc] [com.apple.AppKit:Image] ISImage reported a placeholder, image rep is providing a placeholder image for <private>
2026-09-16 15:42:39.407 I  PeachCommander[14857:c5dc] [com.apple.AppKit:Image] ISImage reported a placeholder, image rep is providing a placeholder image for <private>
2026-09-16 15:42:39.408 I  PeachCommander[14857:c5dc] [com.apple.AppKit:Image] ISImage reported a placeholder, image rep is providing a placeholder image for <private>
2026-09-16 15:42:39.410 I  PeachCommander[14857:c5dc] [com.apple.AppKit:Image] ISImage reported a placeholder, image rep is providing a placeholder image for <private>
2026-09-16 15:42:39.411 I  PeachCommander[14857:c5dc] [com.apple.AppKit:Image] ISImage reported a placeholder, image rep is providing a placeholder image for <private>
2026-09-16 15:42:39.411 I  PeachCommander[14857:c5dc] [com.apple.AppKit:Image] ISImage reported a placeholder, image rep is providing a placeholder image for <private>
2026-09-16 15:42:39.412 I  PeachCommander[14857:c5dc] [com.apple.AppKit:Image] ISImage reported a placeholder, image rep is providing a placeholder image for <private>
2026-09-16 15:42:39.413 I  PeachCommander[14857:c5dc] [com.apple.AppKit:Image] ISImage reported a placeholder, image rep is providing a placeholder image for <private>
2026-09-16 15:42:39.414 I  PeachCommander[14857:c5dc] [com.apple.AppKit:Image] ISImage reported a placeholder, image rep is providing a placeholder image for <private>
2026-09-16 15:42:39.415 I  PeachCommander[14857:c5dc] [com.apple.AppKit:Image] ISImage reported a placeholder, image rep is providing a placeholder image for <private>
2026-09-16 15:42:39.416 I  PeachCommander[14857:c5dc] [com.apple.AppKit:Image] ISImage reported a placeholder, image rep is providing a placeholder image for <private>
2026-09-16 15:42:39.417 I  PeachCommander[14857:c5dc] [com.apple.AppKit:Image] ISImage reported a placeholder, image rep is providing a placeholder image for <private>
2026-09-16 15:42:39.418 I  PeachCommander[14857:c5dc] [com.apple.AppKit:Image] ISImage reported a placeholder, image rep is providing a placeholder image for <private>
2026-09-16 15:42:39.418 I  PeachCommander[14857:c5dc] [com.apple.AppKit:Image] ISImage reported a placeholder, image rep is providing a placeholder image for <private>
2026-09-16 15:42:39.420 I  PeachCommander[14857:c5dc] [com.apple.AppKit:Image] ISImage reported a placeholder, image rep is providing a placeholder image for <private>
2026-09-16 15:42:39.421 I  PeachCommander[14857:c5dc] [com.apple.AppKit:Image] ISImage reported a placeholder, image rep is providing a placeholder image for <private>
2026-09-16 15:42:39.421 I  PeachCommander[14857:c5dc] [com.apple.AppKit:Image] ISImage reported a placeholder, image rep is providing a placeholder image for <private>
2026-09-16 15:42:39.422 I  PeachCommander[14857:c5dc] [com.apple.AppKit:Image] ISImage reported a placeholder, image rep is providing a placeholder image for <private>
2026-09-16 15:42:39.423 I  PeachCommander[14857:c5dc] [com.apple.AppKit:Image] ISImage reported a placeholder, image rep is providing a placeholder image for <private>
2026-09-16 15:42:39.423 I  PeachCommander[14857:c5dc] [com.apple.AppKit:Image] ISImage reported a placeholder, image rep is providing a placeholder image for <private>
2026-09-16 15:42:39.425 I  PeachCommander[14857:c5dc] [com.apple.AppKit:Image] ISImage reported a placeholder, image rep is providing a placeholder image for <private>
2026-09-16 15:42:39.425 I  PeachCommander[14857:c5dc] [com.apple.AppKit:Image] ISImage reported a placeholder, image rep is providing a placeholder image for <private>
2026-09-16 15:42:39.426 I  PeachCommander[14857:c5dc] [com.apple.AppKit:Image] ISImage reported a placeholder, image rep is providing a placeholder image for <private>
2026-09-16 15:42:39.426 I  PeachCommander[14857:c5dc] [com.apple.AppKit:Image] ISImage reported a placeholder, image rep is providing a placeholder image for <private>
2026-09-16 15:42:39.428 I  PeachCommander[14857:c5dc] [com.apple.AppKit:Image] ISImage reported a placeholder, image rep is providing a placeholder image for <private>
2026-09-16 15:42:39.428 I  PeachCommander[14857:c5dc] [com.apple.AppKit:Image] ISImage reported a placeholder, image rep is providing a placeholder image for <private>
2026-09-16 15:42:39.430 I  PeachCommander[14857:c5dc] [com.apple.AppKit:Image] ISImage reported a placeholder, image rep is providing a placeholder image for <private>
2026-09-16 15:42:39.430 I  PeachCommander[14857:c5dc] [com.apple.AppKit:Image] ISImage reported a placeholder, image rep is providing a placeholder image for <private>
2026-09-16 15:42:39.431 I  PeachCommander[14857:c5dc] [com.apple.AppKit:Image] ISImage reported a placeholder, image rep is providing a placeholder image for <private>
2026-09-16 15:42:39.431 I  PeachCommander[14857:c5dc] [com.apple.AppKit:Image] ISImage reported a placeholder, image rep is providing a placeholder image for <private>
2026-09-16 15:42:39.433 I  PeachCommander[14857:c5dc] [com.apple.AppKit:Image] ISImage reported a placeholder, image rep is providing a placeholder image for <private>
2026-09-16 15:42:39.433 I  PeachCommander[14857:c5dc] [com.apple.AppKit:Image] ISImage reported a placeholder, image rep is providing a placeholder image for <private>
2026-09-16 15:42:39.434 I  PeachCommander[14857:c5dc] [com.apple.AppKit:Image] ISImage reported a placeholder, image rep is providing a placeholder image for <private>
2026-09-16 15:42:39.434 I  PeachCommander[14857:c5dc] [com.apple.AppKit:Image] ISImage reported a placeholder, image rep is providing a placeholder image for <private>
2026-09-16 15:42:39.436 I  PeachCommander[14857:c5dc] [com.apple.AppKit:Image] ISImage reported a placeholder, image rep is providing a placeholder image for <private>
2026-09-16 15:42:39.436 I  PeachCommander[14857:c5dc] [com.apple.AppKit:Image] ISImage reported a placeholder, image rep is providing a placeholder image for <private>
2026-09-16 15:42:39.437 I  PeachCommander[14857:c5dc] [com.apple.AppKit:Image] ISImage reported a placeholder, image rep is providing a placeholder image for <private>
2026-09-16 15:42:39.437 I  PeachCommander[14857:c5dc] [com.apple.AppKit:Image] ISImage reported a placeholder, image rep is providing a placeholder image for <private>
2026-09-16 15:42:39.439 I  PeachCommander[14857:c5dc] [com.apple.AppKit:Image] ISImage reported a placeholder, image rep is providing a placeholder image for <private>
2026-09-16 15:42:39.439 I  PeachCommander[14857:c5dc] [com.apple.AppKit:Image] ISImage reported a placeholder, image rep is providing a placeholder image for <private>
2026-09-16 15:42:39.441 I  PeachCommander[14857:c5dc] [com.apple.AppKit:Image] ISImage reported a placeholder, image rep is providing a placeholder image for <private>
2026-09-16 15:42:39.441 I  PeachCommander[14857:c5dc] [com.apple.AppKit:Image] ISImage reported a placeholder, image rep is providing a placeholder image for <private>
2026-09-16 15:42:39.442 I  PeachCommander[14857:c5dc] [com.apple.AppKit:Image] ISImage reported a placeholder, image rep is providing a placeholder image for <private>
2026-09-16 15:42:39.442 I  PeachCommander[14857:c5dc] [com.apple.AppKit:Image] ISImage reported a placeholder, image rep is providing a placeholder image for <private>
2026-09-16 15:42:39.444 I  PeachCommander[14857:c5dc] [com.apple.AppKit:Image] ISImage reported a placeholder, image rep is providing a placeholder image for <private>
2026-09-16 15:42:39.444 I  PeachCommander[14857:c5dc] [com.apple.AppKit:Image] ISImage reported a placeholder, image rep is providing a placeholder image for <private>
2026-09-16 15:42:39.445 I  PeachCommander[14857:c5dc] [com.apple.AppKit:Image] ISImage reported a placeholder, image rep is providing a placeholder image for <private>
2026-09-16 15:42:39.445 I  PeachCommander[14857:c5dc] [com.apple.AppKit:Image] ISImage reported a placeholder, image rep is providing a placeholder image for <private>
2026-09-16 15:42:39.447 I  PeachCommander[14857:c5dc] [com.apple.AppKit:Image] ISImage reported a placeholder, image rep is providing a placeholder image for <private>
2026-09-16 15:42:39.447 I  PeachCommander[14857:c5dc] [com.apple.AppKit:Image] ISImage reported a placeholder, image rep is providing a placeholder image for <private>
2026-09-16 15:42:39.448 I  PeachCommander[14857:c5dc] [com.apple.AppKit:Image] ISImage reported a placeholder, image rep is providing a placeholder image for <private>
2026-09-16 15:42:39.448 I  PeachCommander[14857:c5dc] [com.apple.AppKit:Image] ISImage reported a placeholder, image rep is providing a placeholder image for <private>
2026-09-16 15:42:39.450 I  PeachCommander[14857:c5dc] [com.apple.AppKit:Image] ISImage reported a placeholder, image rep is providing a placeholder image for <private>
2026-09-16 15:42:39.450 I  PeachCommander[14857:c5dc] [com.apple.AppKit:Image] ISImage reported a placeholder, image rep is providing a placeholder image for <private>
2026-09-16 15:42:39.451 I  PeachCommander[14857:c5dc] [com.apple.AppKit:Image] ISImage reported a placeholder, image rep is providing a placeholder image for <private>
2026-09-16 15:42:39.451 I  PeachCommander[14857:c5dc] [com.apple.AppKit:Image] ISImage reported a placeholder, image rep is providing a placeholder image for <private>
2026-09-16 15:42:39.453 I  PeachCommander[14857:c5dc] [com.apple.AppKit:Image] ISImage reported a placeholder, image rep is providing a placeholder image for <private>
2026-09-16 15:42:39.453 I  PeachCommander[14857:c5dc] [com.apple.AppKit:Image] ISImage reported a placeholder, image rep is providing a placeholder image for <private>
2026-09-16 15:42:39.454 I  PeachCommander[14857:c5dc] [com.apple.AppKit:Image] ISImage reported a placeholder, image rep is providing a placeholder image for <private>
2026-09-16 15:42:39.454 I  PeachCommander[14857:c5dc] [com.apple.AppKit:Image] ISImage reported a placeholder, image rep is providing a placeholder image for <private>
2026-09-16 15:42:39.456 I  PeachCommander[14857:c5dc] [com.apple.AppKit:Image] ISImage reported a placeholder, image rep is providing a placeholder image for <private>
2026-09-16 15:42:39.456 I  PeachCommander[14857:c5dc] [com.apple.AppKit:Image] ISImage reported a placeholder, image rep is providing a placeholder image for <private>
2026-09-16 15:42:39.457 I  PeachCommander[14857:c5dc] [com.apple.AppKit:Image] ISImage reported a placeholder, image rep is providing a placeholder image for <private>
2026-09-16 15:42:39.457 I  PeachCommander[14857:c5dc] [com.apple.AppKit:Image] ISImage reported a placeholder, image rep is providing a placeholder image for <private>
2026-09-16 15:42:39.459 I  PeachCommander[14857:c5dc] [com.apple.AppKit:Image] ISImage reported a placeholder, image rep is providing a placeholder image for <private>
2026-09-16 15:42:39.459 I  PeachCommander[14857:c5dc] [com.apple.AppKit:Image] ISImage reported a placeholder, image rep is providing a placeholder image for <private>
2026-09-16 15:42:39.460 I  PeachCommander[14857:c5dc] [com.apple.AppKit:Image] ISImage reported a placeholder, image rep is providing a placeholder image for <private>
2026-09-16 15:42:39.460 I  PeachCommander[14857:c5dc] [com.apple.AppKit:Image] ISImage reported a placeholder, image rep is providing a placeholder image for <private>
2026-09-16 15:42:39.584 I  PeachCommander[14857:c5dc] [com.apple.AppKit:Image] ISImage reported a placeholder, image rep is providing a placeholder image for <private>
2026-09-16 15:42:39.585 I  PeachCommander[14857:c5dc] [com.apple.AppKit:Image] ISImage reported a placeholder, image rep is providing a placeholder image for <private>
2026-09-16 15:42:39.586 I  PeachCommander[14857:c5dc] [com.apple.AppKit:Image] ISImage reported a placeholder, image rep is providing a placeholder image for <private>
2026-09-16 15:42:39.587 I  PeachCommander[14857:c5dc] [com.apple.AppKit:Image] ISImage reported a placeholder, image rep is providing a placeholder image for <private>
2026-09-16 15:42:39.588 I  PeachCommander[14857:c5dc] [com.apple.AppKit:Image] ISImage reported a placeholder, image rep is providing a placeholder image for <private>
2026-09-16 15:42:39.588 I  PeachCommander[14857:c5dc] [com.apple.AppKit:Image] ISImage reported a placeholder, image rep is providing a placeholder image for <private>
2026-09-16 15:42:39.589 I  PeachCommander[14857:c5dc] [com.apple.AppKit:Image] ISImage reported a placeholder, image rep is providing a placeholder image for <private>
2026-09-16 15:42:39.590 I  PeachCommander[14857:c5dc] [com.apple.AppKit:Image] ISImage reported a placeholder, image rep is providing a placeholder image for <private>
2026-09-16 15:42:39.591 I  PeachCommander[14857:c5dc] [com.apple.AppKit:Image] ISImage reported a placeholder, image rep is providing a placeholder image for <private>
2026-09-16 15:42:39.592 I  PeachCommander[14857:c5dc] [com.apple.AppKit:Image] ISImage reported a placeholder, image rep is providing a placeholder image for <private>
2026-09-16 15:42:39.593 I  PeachCommander[14857:c5dc] [com.apple.AppKit:Image] ISImage reported a placeholder, image rep is providing a placeholder image for <private>
2026-09-16 15:42:39.594 I  PeachCommander[14857:c5dc] [com.apple.AppKit:Image] ISImage reported a placeholder, image rep is providing a placeholder image for <private>
2026-09-16 15:42:39.595 I  PeachCommander[14857:c5dc] [com.apple.AppKit:Image] ISImage reported a placeholder, image rep is providing a placeholder image for <private>
2026-09-16 15:42:39.596 I  PeachCommander[14857:c5dc] [com.apple.AppKit:Image] ISImage reported a placeholder, image rep is providing a placeholder image for <private>
2026-09-16 15:42:39.597 I  PeachCommander[14857:c5dc] [com.apple.AppKit:Image] ISImage reported a placeholder, image rep is providing a placeholder image for <private>
2026-09-16 15:42:39.598 I  PeachCommander[14857:c5dc] [com.apple.AppKit:Image] ISImage reported a placeholder, image rep is providing a placeholder image for <private>
2026-09-16 15:42:39.599 I  PeachCommander[14857:c5dc] [com.apple.AppKit:Image] ISImage reported a placeholder, image rep is providing a placeholder image for <private>
2026-09-16 15:42:39.600 I  PeachCommander[14857:c5dc] [com.apple.AppKit:Image] ISImage reported a placeholder, image rep is providing a placeholder image for <private>
2026-09-16 15:42:39.601 I  PeachCommander[14857:c5dc] [com.apple.AppKit:Image] ISImage reported a placeholder, image rep is providing a placeholder image for <private>
2026-09-16 15:42:39.602 I  PeachCommander[14857:c5dc] [com.apple.AppKit:Image] ISImage reported a placeholder, image rep is providing a placeholder image for <private>
2026-09-16 15:42:39.603 I  PeachCommander[14857:c5dc] [com.apple.AppKit:Image] ISImage reported a placeholder, image rep is providing a placeholder image for <private>
2026-09-16 15:42:39.604 I  PeachCommander[14857:c5dc] [com.apple.AppKit:Image] ISImage reported a placeholder, image rep is providing a placeholder image for <private>
2026-09-16 15:42:39.605 I  PeachCommander[14857:c5dc] [com.apple.AppKit:Image] ISImage reported a placeholder, image rep is providing a placeholder image for <private>
2026-09-16 15:42:39.605 I  PeachCommander[14857:c5dc] [com.apple.AppKit:Image] ISImage reported a placeholder, image rep is providing a placeholder image for <private>
2026-09-16 15:42:39.606 I  PeachCommander[14857:c5dc] [com.apple.AppKit:Image] ISImage reported a placeholder, image rep is providing a placeholder image for <private>
2026-09-16 15:42:39.607 I  PeachCommander[14857:c5dc] [com.apple.AppKit:Image] ISImage reported a placeholder, image rep is providing a placeholder image for <private>
2026-09-16 15:42:39.607 I  PeachCommander[14857:c5dc] [com.apple.AppKit:Image] ISImage reported a placeholder, image rep is providing a placeholder image for <private>
2026-09-16 15:42:39.609 I  PeachCommander[14857:c5dc] [com.apple.AppKit:Image] ISImage reported a placeholder, image rep is providing a placeholder image for <private>
2026-09-16 15:42:39.609 I  PeachCommander[14857:c5dc] [com.apple.AppKit:Image] ISImage reported a placeholder, image rep is providing a placeholder image for <private>
2026-09-16 15:42:39.610 I  PeachCommander[14857:c5dc] [com.apple.AppKit:Image] ISImage reported a placeholder, image rep is providing a placeholder image for <private>
2026-09-16 15:42:39.610 I  PeachCommander[14857:c5dc] [com.apple.AppKit:Image] ISImage reported a placeholder, image rep is providing a placeholder image for <private>
2026-09-16 15:42:39.612 I  PeachCommander[14857:c5dc] [com.apple.AppKit:Image] ISImage reported a placeholder, image rep is providing a placeholder image for <private>
2026-09-16 15:42:39.612 I  PeachCommander[14857:c5dc] [com.apple.AppKit:Image] ISImage reported a placeholder, image rep is providing a placeholder image for <private>
2026-09-16 15:42:39.614 I  PeachCommander[14857:c5dc] [com.apple.AppKit:Image] ISImage reported a placeholder, image rep is providing a placeholder image for <private>
2026-09-16 15:42:39.614 I  PeachCommander[14857:c5dc] [com.apple.AppKit:Image] ISImage reported a placeholder, image rep is providing a placeholder image for <private>
2026-09-16 15:42:39.615 I  PeachCommander[14857:c5dc] [com.apple.AppKit:Image] ISImage reported a placeholder, image rep is providing a placeholder image for <private>
2026-09-16 15:42:39.616 I  PeachCommander[14857:c5dc] [com.apple.AppKit:Image] ISImage reported a placeholder, image rep is providing a placeholder image for <private>
2026-09-16 15:42:39.617 I  PeachCommander[14857:c5dc] [com.apple.AppKit:Image] ISImage reported a placeholder, image rep is providing a placeholder image for <private>
2026-09-16 15:42:39.617 I  PeachCommander[14857:c5dc] [com.apple.AppKit:Image] ISImage reported a placeholder, image rep is providing a placeholder image for <private>
2026-09-16 15:42:39.619 I  PeachCommander[14857:c5dc] [com.apple.AppKit:Image] ISImage reported a placeholder, image rep is providing a placeholder image for <private>
2026-09-16 15:42:39.619 I  PeachCommander[14857:c5dc] [com.apple.AppKit:Image] ISImage reported a placeholder, image rep is providing a placeholder image for <private>
2026-09-16 15:42:39.620 I  PeachCommander[14857:c5dc] [com.apple.AppKit:Image] ISImage reported a placeholder, image rep is providing a placeholder image for <private>
2026-09-16 15:42:39.620 I  PeachCommander[14857:c5dc] [com.apple.AppKit:Image] ISImage reported a placeholder, image rep is providing a placeholder image for <private>
2026-09-16 15:42:39.622 I  PeachCommander[14857:c5dc] [com.apple.AppKit:Image] ISImage reported a placeholder, image rep is providing a placeholder image for <private>
2026-09-16 15:42:39.622 I  PeachCommander[14857:c5dc] [com.apple.AppKit:Image] ISImage reported a placeholder, image rep is providing a placeholder image for <private>
2026-09-16 15:42:39.623 I  PeachCommander[14857:c5dc] [com.apple.AppKit:Image] ISImage reported a placeholder, image rep is providing a placeholder image for <private>
2026-09-16 15:42:39.623 I  PeachCommander[14857:c5dc] [com.apple.AppKit:Image] ISImage reported a placeholder, image rep is providing a placeholder image for <private>
2026-09-16 15:42:39.625 I  PeachCommander[14857:c5dc] [com.apple.AppKit:Image] ISImage reported a placeholder, image rep is providing a placeholder image for <private>
2026-09-16 15:42:39.625 I  PeachCommander[14857:c5dc] [com.apple.AppKit:Image] ISImage reported a placeholder, image rep is providing a placeholder image for <private>
2026-09-16 15:42:39.626 I  PeachCommander[14857:c5dc] [com.apple.AppKit:Image] ISImage reported a placeholder, image rep is providing a placeholder image for <private>
2026-09-16 15:42:39.626 I  PeachCommander[14857:c5dc] [com.apple.AppKit:Image] ISImage reported a placeholder, image rep is providing a placeholder image for <private>
2026-09-16 15:42:39.628 I  PeachCommander[14857:c5dc] [com.apple.AppKit:Image] ISImage reported a placeholder, image rep is providing a placeholder image for <private>
2026-09-16 15:42:39.628 I  PeachCommander[14857:c5dc] [com.apple.AppKit:Image] ISImage reported a placeholder, image rep is providing a placeholder image for <private>
2026-09-16 15:42:39.630 I  PeachCommander[14857:c5dc] [com.apple.AppKit:Image] ISImage reported a placeholder, image rep is providing a placeholder image for <private>
2026-09-16 15:42:39.630 I  PeachCommander[14857:c5dc] [com.apple.AppKit:Image] ISImage reported a placeholder, image rep is providing a placeholder image for <private>
2026-09-16 15:42:39.631 I  PeachCommander[14857:c5dc] [com.apple.AppKit:Image] ISImage reported a placeholder, image rep is providing a placeholder image for <private>
2026-09-16 15:42:39.631 I  PeachCommander[14857:c5dc] [com.apple.AppKit:Image] ISImage reported a placeholder, image rep is providing a placeholder image for <private>
2026-09-16 15:42:39.633 I  PeachCommander[14857:c5dc] [com.apple.AppKit:Image] ISImage reported a placeholder, image rep is providing a placeholder image for <private>
2026-09-16 15:42:39.633 I  PeachCommander[14857:c5dc] [com.apple.AppKit:Image] ISImage reported a placeholder, image rep is providing a placeholder image for <private>
2026-09-16 15:42:39.634 I  PeachCommander[14857:c5dc] [com.apple.AppKit:Image] ISImage reported a placeholder, image rep is providing a placeholder image for <private>
2026-09-16 15:42:39.634 I  PeachCommander[14857:c5dc] [com.apple.AppKit:Image] ISImage reported a placeholder, image rep is providing a placeholder image for <private>
2026-09-16 15:42:39.636 I  PeachCommander[14857:c5dc] [com.apple.AppKit:Image] ISImage reported a placeholder, image rep is providing a placeholder image for <private>
2026-09-16 15:42:39.636 I  PeachCommander[14857:c5dc] [com.apple.AppKit:Image] ISImage reported a placeholder, image rep is providing a placeholder image for <private>
2026-09-16 15:42:39.637 I  PeachCommander[14857:c5dc] [com.apple.AppKit:Image] ISImage reported a placeholder, image rep is providing a placeholder image for <private>
2026-09-16 15:42:39.637 I  PeachCommander[14857:c5dc] [com.apple.AppKit:Image] ISImage reported a placeholder, image rep is providing a placeholder image for <private>
2026-09-16 15:42:39.639 I  PeachCommander[14857:c5dc] [com.apple.AppKit:Image] ISImage reported a placeholder, image rep is providing a placeholder image for <private>
2026-09-16 15:42:39.639 I  PeachCommander[14857:c5dc] [com.apple.AppKit:Image] ISImage reported a placeholder, image rep is providing a placeholder image for <private>
2026-09-16 15:42:39.640 I  PeachCommander[14857:c5dc] [com.apple.AppKit:Image] ISImage reported a placeholder, image rep is providing a placeholder image for <private>
2026-09-16 15:42:39.640 I  PeachCommander[14857:c5dc] [com.apple.AppKit:Image] ISImage reported a placeholder, image rep is providing a placeholder image for <private>
2026-09-16 15:42:39.642 I  PeachCommander[14857:c5dc] [com.apple.AppKit:Image] ISImage reported a placeholder, image rep is providing a placeholder image for <private>
2026-09-16 15:42:39.642 I  PeachCommander[14857:c5dc] [com.apple.AppKit:Image] ISImage reported a placeholder, image rep is providing a placeholder image for <private>
2026-09-16 15:42:39.644 I  PeachCommander[14857:c5dc] [com.apple.AppKit:Image] ISImage reported a placeholder, image rep is providing a placeholder image for <private>
2026-09-16 15:42:39.644 I  PeachCommander[14857:c5dc] [com.apple.AppKit:Image] ISImage reported a placeholder, image rep is providing a placeholder image for <private>
2026-09-16 15:42:39.645 I  PeachCommander[14857:c5dc] [com.apple.AppKit:Image] ISImage reported a placeholder, image rep is providing a placeholder image for <private>
2026-09-16 15:42:39.646 I  PeachCommander[14857:c5dc] [com.apple.AppKit:Image] ISImage reported a placeholder, image rep is providing a placeholder image for <private>
2026-09-16 15:42:42.266 Df PeachCommander[14857:c5dc] (Foundation) <private>
2026-09-16 15:42:42.266 I  PeachCommander[14857:c5dc] [com.peachcommander:PCFoundation] [automation] > probe /Users/admin/after.txt|pgrep -f 'sleep 39[45]' | wc -l | tr -d ' '
2026-09-16 15:42:42.351 Df PeachCommander[14857:c5dc] (Foundation) <private>
2026-09-16 15:42:42.352 I  PeachCommander[14857:c5dc] [com.peachcommander:PCFoundation] [automation] > wait 500
2026-09-16 15:42:42.377 I  PeachCommander[14857:c5dc] [com.apple.AppKit:Image] ISImage reported a placeholder, image rep is providing a placeholder image for <private>
2026-09-16 15:42:42.378 I  PeachCommander[14857:c5dc] [com.apple.AppKit:Image] ISImage reported a placeholder, image rep is providing a placeholder image for <private>
2026-09-16 15:42:42.379 I  PeachCommander[14857:c5dc] [com.apple.AppKit:Image] ISImage reported a placeholder, image rep is providing a placeholder image for <private>
2026-09-16 15:42:42.380 I  PeachCommander[14857:c5dc] [com.apple.AppKit:Image] ISImage reported a placeholder, image rep is providing a placeholder image for <private>
2026-09-16 15:42:42.381 I  PeachCommander[14857:c5dc] [com.apple.AppKit:Image] ISImage reported a placeholder, image rep is providing a placeholder image for <private>
2026-09-16 15:42:42.382 I  PeachCommander[14857:c5dc] [com.apple.AppKit:Image] ISImage reported a placeholder, image rep is providing a placeholder image for <private>
2026-09-16 15:42:42.383 I  PeachCommander[14857:c5dc] [com.apple.AppKit:Image] ISImage reported a placeholder, image rep is providing a placeholder image for <private>
2026-09-16 15:42:42.384 I  PeachCommander[14857:c5dc] [com.apple.AppKit:Image] ISImage reported a placeholder, image rep is providing a placeholder image for <private>
2026-09-16 15:42:42.384 I  PeachCommander[14857:c5dc] [com.apple.AppKit:Image] ISImage reported a placeholder, image rep is providing a placeholder image for <private>
2026-09-16 15:42:42.385 I  PeachCommander[14857:c5dc] [com.apple.AppKit:Image] ISImage reported a placeholder, image rep is providing a placeholder image for <private>
2026-09-16 15:42:42.386 I  PeachCommander[14857:c5dc] [com.apple.AppKit:Image] ISImage reported a placeholder, image rep is providing a placeholder image for <private>
2026-09-16 15:42:42.387 I  PeachCommander[14857:c5dc] [com.apple.AppKit:Image] ISImage reported a placeholder, image rep is providing a placeholder image for <private>
2026-09-16 15:42:42.388 I  PeachCommander[14857:c5dc] [com.apple.AppKit:Image] ISImage reported a placeholder, image rep is providing a placeholder image for <private>
2026-09-16 15:42:42.389 I  PeachCommander[14857:c5dc] [com.apple.AppKit:Image] ISImage reported a placeholder, image rep is providing a placeholder image for <private>
2026-09-16 15:42:42.390 I  PeachCommander[14857:c5dc] [com.apple.AppKit:Image] ISImage reported a placeholder, image rep is providing a placeholder image for <private>
2026-09-16 15:42:42.391 I  PeachCommander[14857:c5dc] [com.apple.AppKit:Image] ISImage reported a placeholder, image rep is providing a placeholder image for <private>
2026-09-16 15:42:42.392 I  PeachCommander[14857:c5dc] [com.apple.AppKit:Image] ISImage reported a placeholder, image rep is providing a placeholder image for <private>
2026-09-16 15:42:42.392 I  PeachCommander[14857:c5dc] [com.apple.AppKit:Image] ISImage reported a placeholder, image rep is providing a placeholder image for <private>
2026-09-16 15:42:42.393 I  PeachCommander[14857:c5dc] [com.apple.AppKit:Image] ISImage reported a placeholder, image rep is providing a placeholder image for <private>
2026-09-16 15:42:42.394 I  PeachCommander[14857:c5dc] [com.apple.AppKit:Image] ISImage reported a placeholder, image rep is providing a placeholder image for <private>
2026-09-16 15:42:42.395 I  PeachCommander[14857:c5dc] [com.apple.AppKit:Image] ISImage reported a placeholder, image rep is providing a placeholder image for <private>
2026-09-16 15:42:42.396 I  PeachCommander[14857:c5dc] [com.apple.AppKit:Image] ISImage reported a placeholder, image rep is providing a placeholder image for <private>
2026-09-16 15:42:42.397 I  PeachCommander[14857:c5dc] [com.apple.AppKit:Image] ISImage reported a placeholder, image rep is providing a placeholder image for <private>
2026-09-16 15:42:42.397 I  PeachCommander[14857:c5dc] [com.apple.AppKit:Image] ISImage reported a placeholder, image rep is providing a placeholder image for <private>
2026-09-16 15:42:42.398 I  PeachCommander[14857:c5dc] [com.apple.AppKit:Image] ISImage reported a placeholder, image rep is providing a placeholder image for <private>
2026-09-16 15:42:42.400 I  PeachCommander[14857:c5dc] [com.apple.AppKit:Image] ISImage reported a placeholder, image rep is providing a placeholder image for <private>
2026-09-16 15:42:42.400 I  PeachCommander[14857:c5dc] [com.apple.AppKit:Image] ISImage reported a placeholder, image rep is providing a placeholder image for <private>
2026-09-16 15:42:42.402 I  PeachCommander[14857:c5dc] [com.apple.AppKit:Image] ISImage reported a placeholder, image rep is providing a placeholder image for <private>
2026-09-16 15:42:42.402 I  PeachCommander[14857:c5dc] [com.apple.AppKit:Image] ISImage reported a placeholder, image rep is providing a placeholder image for <private>
2026-09-16 15:42:42.404 I  PeachCommander[14857:c5dc] [com.apple.AppKit:Image] ISImage reported a placeholder, image rep is providing a placeholder image for <private>
2026-09-16 15:42:42.404 I  PeachCommander[14857:c5dc] [com.apple.AppKit:Image] ISImage reported a placeholder, image rep is providing a placeholder image for <private>
2026-09-16 15:42:42.405 I  PeachCommander[14857:c5dc] [com.apple.AppKit:Image] ISImage reported a placeholder, image rep is providing a placeholder image for <private>
2026-09-16 15:42:42.405 I  PeachCommander[14857:c5dc] [com.apple.AppKit:Image] ISImage reported a placeholder, image rep is providing a placeholder image for <private>
2026-09-16 15:42:42.406 I  PeachCommander[14857:c5dc] [com.apple.AppKit:Image] ISImage reported a placeholder, image rep is providing a placeholder image for <private>
2026-09-16 15:42:42.407 I  PeachCommander[14857:c5dc] [com.apple.AppKit:Image] ISImage reported a placeholder, image rep is providing a placeholder image for <private>
2026-09-16 15:42:42.408 I  PeachCommander[14857:c5dc] [com.apple.AppKit:Image] ISImage reported a placeholder, image rep is providing a placeholder image for <private>
2026-09-16 15:42:42.408 I  PeachCommander[14857:c5dc] [com.apple.AppKit:Image] ISImage reported a placeholder, image rep is providing a placeholder image for <private>
2026-09-16 15:42:42.409 I  PeachCommander[14857:c5dc] [com.apple.AppKit:Image] ISImage reported a placeholder, image rep is providing a placeholder image for <private>
2026-09-16 15:42:42.409 I  PeachCommander[14857:c5dc] [com.apple.AppKit:Image] ISImage reported a placeholder, image rep is providing a placeholder image for <private>
2026-09-16 15:42:42.411 I  PeachCommander[14857:c5dc] [com.apple.AppKit:Image] ISImage reported a placeholder, image rep is providing a placeholder image for <private>
2026-09-16 15:42:42.411 I  PeachCommander[14857:c5dc] [com.apple.AppKit:Image] ISImage reported a placeholder, image rep is providing a placeholder image for <private>
2026-09-16 15:42:42.412 I  PeachCommander[14857:c5dc] [com.apple.AppKit:Image] ISImage reported a placeholder, image rep is providing a placeholder image for <private>
2026-09-16 15:42:42.412 I  PeachCommander[14857:c5dc] [com.apple.AppKit:Image] ISImage reported a placeholder, image rep is providing a placeholder image for <private>
2026-09-16 15:42:42.414 I  PeachCommander[14857:c5dc] [com.apple.AppKit:Image] ISImage reported a placeholder, image rep is providing a placeholder image for <private>
2026-09-16 15:42:42.414 I  PeachCommander[14857:c5dc] [com.apple.AppKit:Image] ISImage reported a placeholder, image rep is providing a placeholder image for <private>
2026-09-16 15:42:42.415 I  PeachCommander[14857:c5dc] [com.apple.AppKit:Image] ISImage reported a placeholder, image rep is providing a placeholder image for <private>
2026-09-16 15:42:42.415 I  PeachCommander[14857:c5dc] [com.apple.AppKit:Image] ISImage reported a placeholder, image rep is providing a placeholder image for <private>
2026-09-16 15:42:42.417 I  PeachCommander[14857:c5dc] [com.apple.AppKit:Image] ISImage reported a placeholder, image rep is providing a placeholder image for <private>
2026-09-16 15:42:42.417 I  PeachCommander[14857:c5dc] [com.apple.AppKit:Image] ISImage reported a placeholder, image rep is providing a placeholder image for <private>
2026-09-16 15:42:42.418 I  PeachCommander[14857:c5dc] [com.apple.AppKit:Image] ISImage reported a placeholder, image rep is providing a placeholder image for <private>
2026-09-16 15:42:42.418 I  PeachCommander[14857:c5dc] [com.apple.AppKit:Image] ISImage reported a placeholder, image rep is providing a placeholder image for <private>
2026-09-16 15:42:42.419 I  PeachCommander[14857:c5dc] [com.apple.AppKit:Image] ISImage reported a placeholder, image rep is providing a placeholder image for <private>
2026-09-16 15:42:42.419 I  PeachCommander[14857:c5dc] [com.apple.AppKit:Image] ISImage reported a placeholder, image rep is providing a placeholder image for <private>
2026-09-16 15:42:42.421 I  PeachCommander[14857:c5dc] [com.apple.AppKit:Image] ISImage reported a placeholder, image rep is providing a placeholder image for <private>
2026-09-16 15:42:42.421 I  PeachCommander[14857:c5dc] [com.apple.AppKit:Image] ISImage reported a placeholder, image rep is providing a placeholder image for <private>
2026-09-16 15:42:42.423 I  PeachCommander[14857:c5dc] [com.apple.AppKit:Image] ISImage reported a placeholder, image rep is providing a placeholder image for <private>
2026-09-16 15:42:42.423 I  PeachCommander[14857:c5dc] [com.apple.AppKit:Image] ISImage reported a placeholder, image rep is providing a placeholder image for <private>
2026-09-16 15:42:42.424 I  PeachCommander[14857:c5dc] [com.apple.AppKit:Image] ISImage reported a placeholder, image rep is providing a placeholder image for <private>
2026-09-16 15:42:42.424 I  PeachCommander[14857:c5dc] [com.apple.AppKit:Image] ISImage reported a placeholder, image rep is providing a placeholder image for <private>
2026-09-16 15:42:42.426 I  PeachCommander[14857:c5dc] [com.apple.AppKit:Image] ISImage reported a placeholder, image rep is providing a placeholder image for <private>
2026-09-16 15:42:42.426 I  PeachCommander[14857:c5dc] [com.apple.AppKit:Image] ISImage reported a placeholder, image rep is providing a placeholder image for <private>
2026-09-16 15:42:42.427 I  PeachCommander[14857:c5dc] [com.apple.AppKit:Image] ISImage reported a placeholder, image rep is providing a placeholder image for <private>
2026-09-16 15:42:42.427 I  PeachCommander[14857:c5dc] [com.apple.AppKit:Image] ISImage reported a placeholder, image rep is providing a placeholder image for <private>
2026-09-16 15:42:42.428 I  PeachCommander[14857:c5dc] [com.apple.AppKit:Image] ISImage reported a placeholder, image rep is providing a placeholder image for <private>
2026-09-16 15:42:42.429 I  PeachCommander[14857:c5dc] [com.apple.AppKit:Image] ISImage reported a placeholder, image rep is providing a placeholder image for <private>
2026-09-16 15:42:42.430 I  PeachCommander[14857:c5dc] [com.apple.AppKit:Image] ISImage reported a placeholder, image rep is providing a placeholder image for <private>
2026-09-16 15:42:42.430 I  PeachCommander[14857:c5dc] [com.apple.AppKit:Image] ISImage reported a placeholder, image rep is providing a placeholder image for <private>
2026-09-16 15:42:42.432 I  PeachCommander[14857:c5dc] [com.apple.AppKit:Image] ISImage reported a placeholder, image rep is providing a placeholder image for <private>
2026-09-16 15:42:42.432 I  PeachCommander[14857:c5dc] [com.apple.AppKit:Image] ISImage reported a placeholder, image rep is providing a placeholder image for <private>
2026-09-16 15:42:42.433 I  PeachCommander[14857:c5dc] [com.apple.AppKit:Image] ISImage reported a placeholder, image rep is providing a placeholder image for <private>
2026-09-16 15:42:42.433 I  PeachCommander[14857:c5dc] [com.apple.AppKit:Image] ISImage reported a placeholder, image rep is providing a placeholder image for <private>
2026-09-16 15:42:42.435 I  PeachCommander[14857:c5dc] [com.apple.AppKit:Image] ISImage reported a placeholder, image rep is providing a placeholder image for <private>
2026-09-16 15:42:42.435 I  PeachCommander[14857:c5dc] [com.apple.AppKit:Image] ISImage reported a placeholder, image rep is providing a placeholder image for <private>
2026-09-16 15:42:42.436 I  PeachCommander[14857:c5dc] [com.apple.AppKit:Image] ISImage reported a placeholder, image rep is providing a placeholder image for <private>
2026-09-16 15:42:42.436 I  PeachCommander[14857:c5dc] [com.apple.AppKit:Image] ISImage reported a placeholder, image rep is providing a placeholder image for <private>
2026-09-16 15:42:42.891 Df PeachCommander[14857:c5dc] (Foundation) <private>
2026-09-16 15:42:42.891 I  PeachCommander[14857:c5dc] [com.peachcommander:PCFoundation] [automation] done
