Timestamp               Ty Process[PID:TID]
2026-09-09 19:27:49.167 A  PeachCommander[14895:c1ba] (libsystem_info.dylib) Retrieve User by ID
2026-09-09 19:27:49.168 Df PeachCommander[14895:c1ba] [com.apple.xpc:connection] [0x10402db50] activating connection: mach=true listener=false peer=false name=com.apple.cfprefsd.daemon
2026-09-09 19:27:49.168 Df PeachCommander[14895:c1c0] [com.apple.xpc:connection] [0x10402ec00] activating connection: mach=true listener=false peer=false name=com.apple.cfprefsd.agent
2026-09-09 19:27:49.169 Df PeachCommander[14895:c1ba] [com.apple.xpc:connection] [0x10402fe70] activating connection: mach=true listener=false peer=false name=com.apple.coreservices.launchservicesd
2026-09-09 19:27:49.169 I  PeachCommander[14895:c1ba] [com.apple.launchservices:cas] Registering for notification <private> on default queue, to re-boostrap client connection.
2026-09-09 19:27:49.169 Df PeachCommander[14895:c1ba] [com.apple.xpc:connection] [0xa6acc0000] activating connection: mach=true listener=false peer=false name=com.apple.pasteboard.1
2026-09-09 19:27:49.169 Df PeachCommander[14895:c1ba] [com.apple.xpc:connection] [0xa6acc0140] activating connection: mach=true listener=false peer=false name=com.apple.distributed_notifications@Uv3
2026-09-09 19:27:49.170 Df PeachCommander[14895:c1ba] [com.apple.AppKit:AutomaticTermination] void _NSDisableAutomaticTerminationAndLog(NSString *) No windows open yet
2026-09-09 19:27:49.170 A  PeachCommander[14895:c1ba] (TCC) TCCAccessRequest() IPC
2026-09-09 19:27:49.170 Df PeachCommander[14895:c1ba] [com.apple.xpc:connection] [0xa6acc0280] activating connection: mach=true listener=false peer=false name=com.apple.tccd.system
2026-09-09 19:27:49.171 I  PeachCommander[14895:c1ba] [com.apple.TCC:access] SEND: 0/7 synchronous to com.apple.tccd.system: request: msgID=14895.1, function=TCCAccessRequest, service=kTCCServiceListenEvent,
2026-09-09 19:27:49.172 I  PeachCommander[14895:c1ba] [com.apple.TCC:access] RECV: synchronous reply <dictionary: 0xa6ac84000> { count = 5, transaction: 0, voucher = 0x0, contents =
	"prompt_type" => <uint64: 0xa2b86449fc86116f>: 1
	"auth_value" => <uint64: 0xa2b86449fc86116f>: 1
	"preflight_unknown" => <bool: 0x1f1059190>: true
	"auth_version" => <uint64: 0xa2b86449fc86116f>: 1
	"auth_reason" => <uint64: 0xa2b86449fc86114f>: 5
}
2026-09-09 19:27:49.172 Df PeachCommander[14895:c1ba] [com.apple.xpc:connection] [0xa6acc0280] invalidated after the last release of the connection object
2026-09-09 19:27:49.172 Df PeachCommander[14895:c1ba] [com.apple.SkyLight:default] server port 0x00003107, session port 0x00003107
2026-09-09 19:27:49.174 Df PeachCommander[14895:c1ba] [com.apple.SkyLight:default] New connection 0x4be1b main
2026-09-09 19:27:49.174 I  PeachCommander[14895:c1c1] [com.apple.SkyLight:processes] 0[outside of RPC]: First connection id 310811 mapped to ctx = 0xa6b020680
2026-09-09 19:27:49.174 I  PeachCommander[14895:c1ba] [com.apple.hiservices:processmgr] Checking in with CAS, pid=14895
2026-09-09 19:27:49.174 I  PeachCommander[14895:c1ba] [com.apple.launchservices:cas] LSApplicationCheckIn(), app being registered is:"/Users/admin/pc-test/PeachCommander.app/Contents/MacOS/PeachCommander"
2026-09-09 19:27:49.175 I  PeachCommander[14895:c1ba] [com.apple.launchservices:cas]  { "ApplicationType"="Foreground", "BuildMachineOSBuild"="25E246", "CFBundleDevelopmentRegion"="en", "CFBundleDocumentTypes"=( { "CFBundleTypeName"="Peach Commander Plugin Package", "CFBundleTypeRole"="Viewer", "LSHandlerRank"="Owner", "LSItemContentTypes"=( "com.peachcommander.plugin-package") }), "CFBundleExecutable"="PeachCommander", "CFBundleExecutablePath"="/Users/admin/pc-test/PeachCommander.app/Contents/MacOS/PeachCommander", "CFBundleHelpBookFolder"="PeachCommander.help", "CFBundleHelpBookName"="Peach Commander Help", "CFBundleIconFile"="AppIcon", "CFBundleIconName"="AppIcon", "CFBundleIdentifier"="com.peachcommander.app", "CFBundleInfoDictionaryVersion"="6.0", "CFBundleName"="PeachCommander", "CFBundleNumericVersion"=402685952, "CFBundlePackageType"="APPL", "CFBundleShortVersionString"="0.9.0", "CFBundleSignature"="?????", "CFBundleSupportedPlatforms"=( "MacOSX"), "CFBundleVersion"="18", "DTCompiler"="com.apple.compilers.llvm.clang.1_0", "DTPlatformBuild"="25F70", "DTPlatformName"="macosx", "<…>
2026-09-09 19:27:49.175 Df PeachCommander[14895:c1ba] [com.apple.processmanager:front-35286506] CHECKIN: pid=14895
2026-09-09 19:27:49.176 Df PeachCommander[14895:c1ba] [com.apple.processmanager:front-35286506] CHECKEDIN: pid=14895 asn=0x0-0xb90b9 foreground=1
2026-09-09 19:27:49.176 I  PeachCommander[14895:c1ba] [com.apple.launchservices:cas] Setting processControlState to default PROC_SETPC_SUSPEND because application does not have LSProcessControlValue key
2026-09-09 19:27:49.176 Df PeachCommander[14895:c1ba] [com.apple.xpc:connection] [0xa6acc0280] activating connection: mach=false listener=true peer=false name=(anonymous)
2026-09-09 19:27:49.176 Df PeachCommander[14895:c1ba] [com.apple.xpc:connection] [0xa6acc0280] Connection returned listener port: 0x5403
2026-09-09 19:27:49.176 Df PeachCommander[14895:c1c0] [com.apple.xpc:connection] [0xa6b08c300] activating connection: mach=false listener=false peer=true name=com.apple.xpc.anonymous.0xa6acc0280.peer[131].0xa6b08c300
2026-09-09 19:27:49.176 Df PeachCommander[14895:c1ba] [com.apple.processmanager:front-35286506] FRONTLOGGING: version 1
2026-09-09 19:27:49.176 Df PeachCommander[14895:c1ba] [com.apple.processmanager:front-35286506] Registered, pid=14895 ASN=0x0,0xb90b9
2026-09-09 19:27:49.176 Df PeachCommander[14895:c1ba] [com.apple.xpc:connection] [0xa6acc03c0] activating connection: mach=true listener=false peer=false name=com.apple.analyticsd
2026-09-09 19:27:49.176 I  PeachCommander[14895:c1ba] [com.apple.CoreAnalytics:client] Daemon status changed from 0 to 1
2026-09-09 19:27:49.177 I  PeachCommander[14895:c1c0] [com.apple.CarbonCore:coreservicesdaemon] SCSession():SCSession( id=100, this=0x0x1040317b0 option=65538) created, forUID=501 mach_port_t=0x4f03.
2026-09-09 19:27:49.177 I  PeachCommander[14895:c1c0] [com.apple.CarbonCore:coreservicesdaemon] SCSession():SCSession( id=101, this=0x0x1040318f0 option=65538) created, forUID=501 mach_port_t=0x5003.
2026-09-09 19:27:49.177 I  PeachCommander[14895:c1c0] [com.apple.CarbonCore:coreservicesdaemon] connectToCoreServicesD():Instantiating server (coreservicesd based) SCSession, port=0x4f03 serverOptions=0x10002.
2026-09-09 19:27:49.177 I  PeachCommander[14895:c1ba] [com.apple.hiservices:processmgr] _RegisterApplication( pid 14895 => 0x0,0xb90b9) type=foreground
2026-09-09 19:27:49.177 Df PeachCommander[14895:c1ba] [com.apple.xpc:connection] [0xa6acc0280] Connection returned listener port: 0x5403
2026-09-09 19:27:49.177 I  PeachCommander[14895:c1ba] [com.apple.launchservices:cas] CFArrayRef _LSCopyLaunchModifiers(LSSessionID, LSASNRef _Nonnull), result for psn [ kLSCurrentApp ASN, 0x0,0x2]  is 1 items.
2026-09-09 19:27:49.177 Df PeachCommander[14895:c1ba] [com.apple.processmanager:front-35286506] BringForward: pid=14895 asn=0x0-0xb90b9 bringForward=1 foreground=1 uiElement=0 launchedByLS=1 modifiersCount=1 allDisabled=1
2026-09-09 19:27:49.177 Df PeachCommander[14895:c1ba] [com.apple.processmanager:front-35286506] BringFrontModifier: pid=14895 asn=0x0-0xb90b9 Modifier 0 hideAfter=0 hideOthers=0 dontMakeFrontmost=0 mouseDown=0/0 seed=0/0
2026-09-09 19:27:49.177 Df PeachCommander[14895:c1ba] [com.apple.processmanager:front-35286506] BringForward: pid=14895 asn=0x0-0xb90b9
2026-09-09 19:27:49.177 Df PeachCommander[14895:c1ba] [com.apple.processmanager:front-35286506] SetFrontProcess: asn=0x0-0xb90b9 options=0
2026-09-09 19:27:49.177 I  PeachCommander[14895:c1ba] [com.apple.SkyLight:processes] 0[outside of RPC]: SLPSetFrontProcess(0x0-0xb90b9 window=0 options=0x0
2026-09-09 19:27:49.177 Df PeachCommander[14895:c1c0] [com.apple.xpc:connection] [0xa6acc0500] activating connection: mach=true listener=false peer=false name=com.apple.lsd.mapdb
2026-09-09 19:27:49.177 Df PeachCommander[14895:c1c5] [com.apple.CoreAnalytics:client] Received configuration update from daemon (initial)
2026-09-09 19:27:49.179 Df PeachCommander[14895:c1ba] [com.apple.AppKit:Appearance] Current system appearance, (HLTB: 1), (SLS: 0)
2026-09-09 19:27:49.179 Df PeachCommander[14895:c1ba] (libMobileGestalt.dylib) No persisted cache on this platform.
2026-09-09 19:27:49.180 I  PeachCommander[14895:c1c6] [com.apple.launchservices:cas] information in shared memory for 0x0-0xb90b9 with seed 533 was still valid, so using cached info { "ApplicationType"="Foreground", "BuildMachineOSBuild"="25E246", "BundleIdentifierLowerCase"="com.peachcommander.app", "CFBundleDevelopmentRegion"="en", "CFBundleDocumentTypes"=( { "CFBundleTypeName"="Peach Commander Plugin Package", "CFBundleTypeRole"="Viewer", "LSHandlerRank"="Owner", "LSItemContentTypes"=( "com.peachcommander.plugin-package") }), "CFBundleExecutable"="PeachCommander", "CFBundleExecutablePath"="/Users/admin/pc-test/PeachCommander.app/Contents/MacOS/PeachCommander", "CFBundleExecutablePathDeviceID"=16777229, "CFBundleExecutablePathINode"=487885, "CFBundleHelpBookFolder"="PeachCommander.help", "CFBundleHelpBookName"="Peach Commander Help", "CFBundleIconFile"="AppIcon", "CFBundleIconName"="AppIcon", "CFBundleIdentifier"="com.peachcommander.app", "CFBundleInfoDictionaryVersion"="6.0", "CFBundleName"="PeachCommander", "CFBundleNameLowerCase"="peachcommander", "CFBundleNumericVersion"=402685952, "CFBundlePackageType"="APPL", "CFBundleShortVersionString"="0.9.0", "CFBun<…>
2026-09-09 19:27:49.180 Df PeachCommander[14895:c1ba] (libMobileGestalt.dylib) Could not get size of EAN data (IOConnectCallScalarMethod kAppleNVMeEANGetSize returned 0xE00002E2)
2026-09-09 19:27:49.180 Df PeachCommander[14895:c1ba] (libMobileGestalt.dylib) Failed to copy 'aptk' from EAN
2026-09-09 19:27:49.180 Df PeachCommander[14895:c1ba] (libMobileGestalt.dylib) Failed to copy APTicket properties. Falling back to default policy.
2026-09-09 19:27:49.180 Df PeachCommander[14895:c1ba] (libMobileGestalt.dylib) Creating default MGSysConfigPolicy
2026-09-09 19:27:49.180 Df PeachCommander[14895:c1ba] (libMobileGestalt.dylib) CFDictionaryRef copySyscfgDictionary(void) enumeration of <private> failed.
2026-09-09 19:27:49.180 Df PeachCommander[14895:c1ba] (libMobileGestalt.dylib) Failed to find key <private>
2026-09-09 19:27:49.180 Df PeachCommander[14895:c1ba] [com.apple.AppKit:Appearance] Current system appearance, (HLTB: 1), (SLS: 0)
2026-09-09 19:27:49.180 I  PeachCommander[14895:c1c0] [com.apple.launchservices:db] LaunchServices database schema version: 20971544
2026-09-09 19:27:49.181 Df PeachCommander[14895:c1ba] [com.apple.AppKit:Appearance] Post-registration system appearance: (HLTB: 1)
2026-09-09 19:27:49.182 I  PeachCommander[14895:c1c0] [com.apple.launchservices:default] Unable to load Info.plist exceptions (eGPUOverrides)
2026-09-09 19:27:49.182 I  PeachCommander[14895:c1c0] [com.apple.launchservices:default] Unable to load Info.plist exceptions (gameModeOverrides)
2026-09-09 19:27:49.182 I  PeachCommander[14895:c1c0] [com.apple.launchservices:default] Unable to load Info.plist exceptions (identifiedGameOverrides)
2026-09-09 19:27:49.182 I  PeachCommander[14895:c1c0] [com.apple.launchservices:default] Unable to load Info.plist exceptions (SystemHiddenPreferred)
2026-09-09 19:27:49.182 Df PeachCommander[14895:c1ba] [com.apple.FrontBoard:Common] FBSWorkspace: endpoint monitoring is disabled.
2026-09-09 19:27:49.182 Df PeachCommander[14895:c1ba] [com.apple.FrontBoard:Common] FBSWorkspace: default shell endpoint is disabled.
2026-09-09 19:27:49.182 Df PeachCommander[14895:c1ba] [com.apple.runningboard:connection] Initializing connection
2026-09-09 19:27:49.182 Df PeachCommander[14895:c1ba] [com.apple.runningboard:process] Removing all cached process handles
2026-09-09 19:27:49.182 Df PeachCommander[14895:c1c0] [com.apple.runningboard:connection] Sending handshake request attempt #1 to server
2026-09-09 19:27:49.182 Df PeachCommander[14895:c1c0] [com.apple.runningboard:connection] Creating connection to com.apple.runningboard
2026-09-09 19:27:49.182 Df PeachCommander[14895:c1c0] [com.apple.xpc:connection] [0xa6acc0640] activating connection: mach=true listener=false peer=false name=com.apple.runningboard
2026-09-09 19:27:49.183 Df PeachCommander[14895:c1ba] [com.apple.xpc:connection] [0xa6acc0280] Connection returned listener port: 0x5403
2026-09-09 19:27:49.183 A  PeachCommander[14895:c1c5] (RunningBoardServices) didChangeInheritances
2026-09-09 19:27:49.183 I  PeachCommander[14895:c1ba] [com.apple.launchservices:cas] information in shared memory for 0x0-0xb90b9 with seed 533 was still valid, so using cached info { "ApplicationType"="Foreground", "BuildMachineOSBuild"="25E246", "BundleIdentifierLowerCase"="com.peachcommander.app", "CFBundleDevelopmentRegion"="en", "CFBundleDocumentTypes"=( { "CFBundleTypeName"="Peach Commander Plugin Package", "CFBundleTypeRole"="Viewer", "LSHandlerRank"="Owner", "LSItemContentTypes"=( "com.peachcommander.plugin-package") }), "CFBundleExecutable"="PeachCommander", "CFBundleExecutablePath"="/Users/admin/pc-test/PeachCommander.app/Contents/MacOS/PeachCommander", "CFBundleExecutablePathDeviceID"=16777229, "CFBundleExecutablePathINode"=487885, "CFBundleHelpBookFolder"="PeachCommander.help", "CFBundleHelpBookName"="Peach Commander Help", "CFBundleIconFile"="AppIcon", "CFBundleIconName"="AppIcon", "CFBundleIdentifier"="com.peachcommander.app", "CFBundleInfoDictionaryVersion"="6.0", "CFBundleName"="PeachCommander", "CFBundleNameLowerCase"="peachcommander", "CFBundleNumericVersion"=402685952, "CFBundlePackageType"="APPL", "CFBundleShortVersionString"="0.9.0", "CFBun<…>
2026-09-09 19:27:49.183 Df PeachCommander[14895:c1c0] [com.apple.runningboard:connection] Handshake succeeded
2026-09-09 19:27:49.183 Df PeachCommander[14895:c1c0] [com.apple.runningboard:connection] Identity resolved as app<application.com.peachcommander.app.486897.487885(501)>
2026-09-09 19:27:49.184 Df PeachCommander[14895:c1ba] [com.apple.xpc:connection] [0xa6acc0280] Connection returned listener port: 0x5403
2026-09-09 19:27:49.185 A  PeachCommander[14895:c1c6] (AppIntents) appintents:register process
2026-09-09 19:27:49.185 Df PeachCommander[14895:c1c6] [com.apple.appintents:Connection] Created a new Process Instance Registry XPC connection (inactive)
2026-09-09 19:27:49.185 Df PeachCommander[14895:c1c6] [com.apple.xpc:connection] [0xa6acc08c0] activating connection: mach=true listener=false peer=false name=com.apple.linkd.autoShortcut
2026-09-09 19:27:49.185 Df PeachCommander[14895:c1c6] [com.apple.appintents:Connection] Activated connection to linkd (ApplicationService)
2026-09-09 19:27:49.185 Df PeachCommander[14895:c1c6] [com.apple.xpc:connection] [0xa6acc0a00] activating connection: mach=false listener=true peer=false name=(anonymous)
2026-09-09 19:27:49.185 I  PeachCommander[14895:c1ba] [com.apple.launchservices:cas] information in shared memory for 0x0-0xb90b9 with seed 533 was still valid, so using cached info { "ApplicationType"="Foreground", "BuildMachineOSBuild"="25E246", "BundleIdentifierLowerCase"="com.peachcommander.app", "CFBundleDevelopmentRegion"="en", "CFBundleDocumentTypes"=( { "CFBundleTypeName"="Peach Commander Plugin Package", "CFBundleTypeRole"="Viewer", "LSHandlerRank"="Owner", "LSItemContentTypes"=( "com.peachcommander.plugin-package") }), "CFBundleExecutable"="PeachCommander", "CFBundleExecutablePath"="/Users/admin/pc-test/PeachCommander.app/Contents/MacOS/PeachCommander", "CFBundleExecutablePathDeviceID"=16777229, "CFBundleExecutablePathINode"=487885, "CFBundleHelpBookFolder"="PeachCommander.help", "CFBundleHelpBookName"="Peach Commander Help", "CFBundleIconFile"="AppIcon", "CFBundleIconName"="AppIcon", "CFBundleIdentifier"="com.peachcommander.app", "CFBundleInfoDictionaryVersion"="6.0", "CFBundleName"="PeachCommander", "CFBundleNameLowerCase"="peachcommander", "CFBundleNumericVersion"=402685952, "CFBundlePackageType"="APPL", "CFBundleShortVersionString"="0.9.0", "CFBun<…>
2026-09-09 19:27:49.185 I  PeachCommander[14895:c1ba] [com.apple.hiservices:processmgr] TransformProcessType(0x0,0x2 => 1 wasFront=1 pickNew=0)
2026-09-09 19:27:49.185 I  PeachCommander[14895:c1ba] [com.apple.CoreAnalytics:client] Dropping "com.apple.appkit.app_config" as it isn't used in any transform (not in the config or budgeted?)
2026-09-09 19:27:49.186 I  PeachCommander[14895:c1c6] [com.apple.appintents:Execution] LNAppConnectionListener instantiated
2026-09-09 19:27:49.186 Df PeachCommander[14895:c1c6] [com.apple.xpc:connection] [0xa6acc0a00] Connection returned listener port: 0x6d03
2026-09-09 19:27:49.186 Df PeachCommander[14895:c1c5] [com.apple.xpc:connection] [0xa6acc08c0] Re-initialization successful; calling out to event handler with XPC_ERROR_CONNECTION_INTERRUPTED
2026-09-09 19:27:49.186 Df PeachCommander[14895:c1c5] [com.apple.appintents:Connection] Process Instance Registry XPC connection has been interrupted
2026-09-09 19:27:49.186 Df PeachCommander[14895:c1ba] [com.apple.dt.xctest:Default] Registering for test daemon availability notify post.
2026-09-09 19:27:49.186 E  PeachCommander[14895:c1c6] [com.apple.appintents:Connection] Unable to get synchronousRemoteObjectProxy, error: Error Domain=NSCocoaErrorDomain Code=4097 "connection to service named com.apple.linkd.autoShortcut" UserInfo={NSDebugDescription=connection to service named com.apple.linkd.autoShortcut}
2026-09-09 19:27:49.186 E  PeachCommander[14895:c1c6] [com.apple.AppKit:Application] Error registering app with intents framework: Error Domain=NSCocoaErrorDomain Code=4097 UserInfo={NSDebugDescription=<private>}
2026-09-09 19:27:49.186 Df PeachCommander[14895:c1ba] [com.apple.dt.xctest:Default] notify_get_state check indicated test daemon not ready.
2026-09-09 19:27:49.186 Df PeachCommander[14895:c1c5] [com.apple.appintents:Connection] Created a new Process Instance Registry XPC connection (inactive)
2026-09-09 19:27:49.186 A  PeachCommander[14895:c1c5] (AppIntents) appintents:register process
2026-09-09 19:27:49.186 Df PeachCommander[14895:c1ba] [com.apple.dt.xctest:Default] notify_get_state check indicated test daemon not ready.
2026-09-09 19:27:49.186 Df PeachCommander[14895:c1c5] [com.apple.appintents:Connection] Created a new Process Instance Registry XPC connection (inactive)
2026-09-09 19:27:49.186 Df PeachCommander[14895:c1c5] [com.apple.xpc:connection] [0xa6acc0c80] activating connection: mach=true listener=false peer=false name=com.apple.linkd.autoShortcut
2026-09-09 19:27:49.186 Df PeachCommander[14895:c1ba] [com.apple.dt.xctest:Default] notify_get_state check indicated test daemon not ready.
2026-09-09 19:27:49.186 Df PeachCommander[14895:c1c5] [com.apple.appintents:Connection] Activated connection to linkd (ApplicationService)
2026-09-09 19:27:49.186 Df PeachCommander[14895:c1c5] [com.apple.xpc:connection] [0xa6acc0a00] Connection returned listener port: 0x6d03
2026-09-09 19:27:49.186 Df PeachCommander[14895:c1c6] [com.apple.xpc:connection] [0xa6acc0c80] Re-initialization successful; calling out to event handler with XPC_ERROR_CONNECTION_INTERRUPTED
2026-09-09 19:27:49.186 Df PeachCommander[14895:c1c6] [com.apple.appintents:Connection] Process Instance Registry XPC connection has been interrupted
2026-09-09 19:27:49.186 Df PeachCommander[14895:c1c6] [com.apple.appintents:Connection] Created a new Process Instance Registry XPC connection (inactive)
2026-09-09 19:27:49.186 A  PeachCommander[14895:c1c6] (AppIntents) appintents:register process
2026-09-09 19:27:49.186 Df PeachCommander[14895:c1c6] [com.apple.appintents:Connection] Created a new Process Instance Registry XPC connection (inactive)
2026-09-09 19:27:49.186 Df PeachCommander[14895:c1c6] [com.apple.xpc:connection] [0xa6acc12c0] activating connection: mach=true listener=false peer=false name=com.apple.linkd.autoShortcut
2026-09-09 19:27:49.187 E  PeachCommander[14895:c1c5] [com.apple.appintents:Connection] Unable to get synchronousRemoteObjectProxy, error: Error Domain=NSCocoaErrorDomain Code=4097 "connection to service named com.apple.linkd.autoShortcut" UserInfo={NSDebugDescription=connection to service named com.apple.linkd.autoShortcut}
2026-09-09 19:27:49.187 E  PeachCommander[14895:c1c5] [com.apple.appintents:Connection] Unable to re-register with Process Instance Registry, error: Error Domain=NSCocoaErrorDomain Code=4097 "connection to service named com.apple.linkd.autoShortcut" UserInfo={NSDebugDescription=connection to service named com.apple.linkd.autoShortcut}
2026-09-09 19:27:49.187 Df PeachCommander[14895:c1c6] [com.apple.appintents:Connection] Activated connection to linkd (ApplicationService)
2026-09-09 19:27:49.187 Df PeachCommander[14895:c1c6] [com.apple.xpc:connection] [0xa6acc0a00] Connection returned listener port: 0x6d03
2026-09-09 19:27:49.187 Df PeachCommander[14895:c1c5] [com.apple.xpc:connection] [0xa6acc12c0] Re-initialization successful; calling out to event handler with XPC_ERROR_CONNECTION_INTERRUPTED
2026-09-09 19:27:49.187 Df PeachCommander[14895:c1c5] [com.apple.appintents:Connection] Process Instance Registry XPC connection has been interrupted
2026-09-09 19:27:49.187 E  PeachCommander[14895:c1c6] [com.apple.appintents:Connection] Unable to get synchronousRemoteObjectProxy, error: Error Domain=NSCocoaErrorDomain Code=4097 "connection to service named com.apple.linkd.autoShortcut" UserInfo={NSDebugDescription=connection to service named com.apple.linkd.autoShortcut}
2026-09-09 19:27:49.187 E  PeachCommander[14895:c1c6] [com.apple.appintents:Connection] Unable to re-register with Process Instance Registry, error: Error Domain=NSCocoaErrorDomain Code=4097 "connection to service named com.apple.linkd.autoShortcut" UserInfo={NSDebugDescription=connection to service named com.apple.linkd.autoShortcut}
2026-09-09 19:27:49.187 Df PeachCommander[14895:c1c1] [com.apple.appintents:Connection] Created a new Process Instance Registry XPC connection (inactive)
2026-09-09 19:27:49.187 A  PeachCommander[14895:c1c1] (AppIntents) appintents:register process
2026-09-09 19:27:49.187 Df PeachCommander[14895:c1c1] [com.apple.appintents:Connection] Created a new Process Instance Registry XPC connection (inactive)
2026-09-09 19:27:49.187 Df PeachCommander[14895:c1c1] [com.apple.xpc:connection] [0xa6acc1540] activating connection: mach=true listener=false peer=false name=com.apple.linkd.autoShortcut
2026-09-09 19:27:49.187 Df PeachCommander[14895:c1c1] [com.apple.appintents:Connection] Activated connection to linkd (ApplicationService)
2026-09-09 19:27:49.187 Df PeachCommander[14895:c1c1] [com.apple.xpc:connection] [0xa6acc0a00] Connection returned listener port: 0x6d03
2026-09-09 19:27:49.187 Df PeachCommander[14895:c1c6] [com.apple.xpc:connection] [0xa6acc1540] Re-initialization successful; calling out to event handler with XPC_ERROR_CONNECTION_INTERRUPTED
2026-09-09 19:27:49.187 Df PeachCommander[14895:c1c6] [com.apple.appintents:Connection] Process Instance Registry XPC connection has been interrupted
2026-09-09 19:27:49.187 E  PeachCommander[14895:c1c6] [com.apple.appintents:Connection] Will NOT re-try to establish the connection
2026-09-09 19:27:49.187 E  PeachCommander[14895:c1c1] [com.apple.appintents:Connection] Unable to get synchronousRemoteObjectProxy, error: Error Domain=NSCocoaErrorDomain Code=4097 "connection to service named com.apple.linkd.autoShortcut" UserInfo={NSDebugDescription=connection to service named com.apple.linkd.autoShortcut}
2026-09-09 19:27:49.187 E  PeachCommander[14895:c1c1] [com.apple.appintents:Connection] Unable to re-register with Process Instance Registry, error: Error Domain=NSCocoaErrorDomain Code=4097 "connection to service named com.apple.linkd.autoShortcut" UserInfo={NSDebugDescription=connection to service named com.apple.linkd.autoShortcut}
2026-09-09 19:27:49.189 A  PeachCommander[14895:c1ba] (CoreFoundation) Loading Preferences From System CFPrefsD
2026-09-09 19:27:49.190 Df PeachCommander[14895:c1ba] (libMobileGestalt.dylib) couldn't load support library
2026-09-09 19:27:49.190 Df PeachCommander[14895:c1ba] (libMobileGestalt.dylib) called dummy function!
2026-09-09 19:27:49.190 I  PeachCommander[14895:c1ba] [com.apple.GenerativeModels:availability] Current availability state: unavailable, use cases: com.apple.WritingTools, language: <any>, api: <private>
2026-09-09 19:27:49.190 Df PeachCommander[14895:c1ba] [com.apple.GenerativeModels:availability] registering darwin observer for name: com.apple.gms.availability.notification
2026-09-09 19:27:49.190 Df PeachCommander[14895:c1ba] [com.apple.GenerativeModels:availability] registering darwin observer for name: com.apple.os-eligibility-domain.change.greymatter
2026-09-09 19:27:49.190 Df PeachCommander[14895:c1ba] [com.apple.GenerativeModels:availability] registering darwin observer for name: com.apple.language.changed
2026-09-09 19:27:49.190 Df PeachCommander[14895:c1ba] [com.apple.WritingTools:Default] isAvailable value changed: isMDMAllowed = true, gmAvailable (current) = false
2026-09-09 19:27:49.192 I  PeachCommander[14895:c1ba] [com.apple.CoreAnalytics:client] Dropping "com.apple.appkit.app_config" as it isn't used in any transform (not in the config or budgeted?)
2026-09-09 19:27:49.195 Df PeachCommander[14895:c1ba] [com.apple.AppKit:Appearance] NSApp cache appearance:
-NSRequiresAquaSystemAppearance: 0
-appearance: (null)
-effectiveAppearance: <NSCompositeAppearance: 0xa6b034780
 (
    "<NSAquaAppearance: 0xa6b034500>",
    "<NSSystemAppearance: 0xa6b0346e0>"
)>
2026-09-09 19:27:49.197 A  PeachCommander[14895:c1ba] (CoreFoundation) Loading Preferences From User CFPrefsD
2026-09-09 19:27:49.197 A  PeachCommander[14895:c1ba] (CoreFoundation) Loading Preferences From User CFPrefsD
2026-09-09 19:27:49.200 A  PeachCommander[14895:c1c6] (libsystem_info.dylib) Membership API: translate identifier
2026-09-09 19:27:49.202 I  PeachCommander[14895:c1ba] [com.apple.CoreAnalytics:client] Dropping "com.apple.appkit.app_config" as it isn't used in any transform (not in the config or budgeted?)
2026-09-09 19:27:49.202 I  PeachCommander[14895:c1ba] [com.apple.CoreAnalytics:client] Dropping "com.apple.appkit.app_config" as it isn't used in any transform (not in the config or budgeted?)
2026-09-09 19:27:49.203 Df PeachCommander[14895:c1c1] [com.apple.xpc:connection] [0xa6acc1a40] activating connection: mach=true listener=false peer=false name=com.apple.dock.fullscreen
2026-09-09 19:27:49.205 Df PeachCommander[14895:c1ba] [com.apple.xpc:connection] [0xa6acc1b80] activating connection: mach=true listener=false peer=false name=com.apple.fonts
2026-09-09 19:27:49.207 I  PeachCommander[14895:c1ba] [com.apple.launchservices:cas] information in shared memory for 0x0-0xb90b9 with seed 533 was still valid, so using cached info { "ApplicationType"="Foreground", "BuildMachineOSBuild"="25E246", "BundleIdentifierLowerCase"="com.peachcommander.app", "CFBundleDevelopmentRegion"="en", "CFBundleDocumentTypes"=( { "CFBundleTypeName"="Peach Commander Plugin Package", "CFBundleTypeRole"="Viewer", "LSHandlerRank"="Owner", "LSItemContentTypes"=( "com.peachcommander.plugin-package") }), "CFBundleExecutable"="PeachCommander", "CFBundleExecutablePath"="/Users/admin/pc-test/PeachCommander.app/Contents/MacOS/PeachCommander", "CFBundleExecutablePathDeviceID"=16777229, "CFBundleExecutablePathINode"=487885, "CFBundleHelpBookFolder"="PeachCommander.help", "CFBundleHelpBookName"="Peach Commander Help", "CFBundleIconFile"="AppIcon", "CFBundleIconName"="AppIcon", "CFBundleIdentifier"="com.peachcommander.app", "CFBundleInfoDictionaryVersion"="6.0", "CFBundleName"="PeachCommander", "CFBundleNameLowerCase"="peachcommander", "CFBundleNumericVersion"=402685952, "CFBundlePackageType"="APPL", "CFBundleShortVersionString"="0.9.0", "CFBun<…>
2026-09-09 19:27:49.208 I  PeachCommander[14895:c1ba] [com.apple.CoreAnalytics:client] Dropping "com.apple.appkit.app_config" as it isn't used in any transform (not in the config or budgeted?)
2026-09-09 19:27:49.208 Df PeachCommander[14895:c1ba] [com.apple.AppKit:AutomaticTermination] -[NSApplication(NSAppssassination) _checkForAutomaticTerminationSupportPossiblyEnablingIt]_block_invoke Enabling automatic termination support.
2026-09-09 19:27:49.208 Df PeachCommander[14895:c1ba] [com.apple.xpc:connection] [0xa6acc0dc0] activating connection: mach=true listener=false peer=false name=com.apple.appkit.restoration_storage
2026-09-09 19:27:49.208 I  PeachCommander[14895:c1ba] [com.apple.launchservices:cas] information in shared memory for 0x0-0xb90b9 with seed 533 was still valid, so using cached info { "ApplicationType"="Foreground", "BuildMachineOSBuild"="25E246", "BundleIdentifierLowerCase"="com.peachcommander.app", "CFBundleDevelopmentRegion"="en", "CFBundleDocumentTypes"=( { "CFBundleTypeName"="Peach Commander Plugin Package", "CFBundleTypeRole"="Viewer", "LSHandlerRank"="Owner", "LSItemContentTypes"=( "com.peachcommander.plugin-package") }), "CFBundleExecutable"="PeachCommander", "CFBundleExecutablePath"="/Users/admin/pc-test/PeachCommander.app/Contents/MacOS/PeachCommander", "CFBundleExecutablePathDeviceID"=16777229, "CFBundleExecutablePathINode"=487885, "CFBundleHelpBookFolder"="PeachCommander.help", "CFBundleHelpBookName"="Peach Commander Help", "CFBundleIconFile"="AppIcon", "CFBundleIconName"="AppIcon", "CFBundleIdentifier"="com.peachcommander.app", "CFBundleInfoDictionaryVersion"="6.0", "CFBundleName"="PeachCommander", "CFBundleNameLowerCase"="peachcommander", "CFBundleNumericVersion"=402685952, "CFBundlePackageType"="APPL", "CFBundleShortVersionString"="0.9.0", "CFBun<…>
2026-09-09 19:27:49.208 Df PeachCommander[14895:c1ba] [com.apple.xpc:connection] [0xa6acc0f00] activating connection: mach=true listener=false peer=false name=com.apple.coreservices.appleevents
2026-09-09 19:27:49.208 I  PeachCommander[14895:c1ba] [com.apple.appleevents:main] _AEGetRegisteredMachPort() created default port (port:64003/0xfa03 rcv:1 send:1 limit:5) and registered it with server
2026-09-09 19:27:49.209 Df PeachCommander[14895:c1ba] [com.apple.xpc:connection] [0xa6acc0280] Connection returned listener port: 0x5403
2026-09-09 19:27:49.209 I  PeachCommander[14895:c1ba] [com.apple.launchservices:cas] information in shared memory for 0x0-0xb90b9 with seed 533 was still valid, so using cached info { "ApplicationType"="Foreground", "BuildMachineOSBuild"="25E246", "BundleIdentifierLowerCase"="com.peachcommander.app", "CFBundleDevelopmentRegion"="en", "CFBundleDocumentTypes"=( { "CFBundleTypeName"="Peach Commander Plugin Package", "CFBundleTypeRole"="Viewer", "LSHandlerRank"="Owner", "LSItemContentTypes"=( "com.peachcommander.plugin-package") }), "CFBundleExecutable"="PeachCommander", "CFBundleExecutablePath"="/Users/admin/pc-test/PeachCommander.app/Contents/MacOS/PeachCommander", "CFBundleExecutablePathDeviceID"=16777229, "CFBundleExecutablePathINode"=487885, "CFBundleHelpBookFolder"="PeachCommander.help", "CFBundleHelpBookName"="Peach Commander Help", "CFBundleIconFile"="AppIcon", "CFBundleIconName"="AppIcon", "CFBundleIdentifier"="com.peachcommander.app", "CFBundleInfoDictionaryVersion"="6.0", "CFBundleName"="PeachCommander", "CFBundleNameLowerCase"="peachcommander", "CFBundleNumericVersion"=402685952, "CFBundlePackageType"="APPL", "CFBundleShortVersionString"="0.9.0", "CFBun<…>
2026-09-09 19:27:49.209 Df PeachCommander[14895:c1ba] [com.apple.processmanager:front-35286506] SignalReady: pid=14895 asn=0x0-0xb90b9
2026-09-09 19:27:49.209 Df PeachCommander[14895:c1ba] [com.apple.processmanager:front-35286506] SIGNAL: pid=14895 asn=0x0x-0xb90b9
2026-09-09 19:27:49.209 I  PeachCommander[14895:c1ba] [com.apple.appleevents:main] aeGenerateFakeFirstOAPPEventIfNecessary()
2026-09-09 19:27:49.209 I  PeachCommander[14895:c1ba] [com.apple.appleevents:main] aeGenerateFakeFirstOAPPEventIfNecessary(), needToCreateFakeOAPPEventIfFirstEvent == true
2026-09-09 19:27:49.209 I  PeachCommander[14895:c1ba] [com.apple.launchservices:cas] Removing cached information for app [ 0x0-0xb90b9]  "PeachCommander", as its seed is different from that in shared memory ( 533 vs 535)
2026-09-09 19:27:49.210 I  PeachCommander[14895:c1ba] [com.apple.CFPasteboard:entry] CopyData('DefaultAsciiKeyboardLayoutPasteboard' (<CFUUID 0xa6b1d5800> 575447CA-A35B-4B43-B9A1-D608F9932256) gen: -1 item: 1264739405 flavor: 'DefaultAsciiKeyboardLayoutFlavor')
2026-09-09 19:27:49.210 I  PeachCommander[14895:c1ba] [com.apple.CFPasteboard:cache] Rebuilding cache for 'DefaultAsciiKeyboardLayoutPasteboard' (<CFUUID 0xa6b1d5800> 575447CA-A35B-4B43-B9A1-D608F9932256)
2026-09-09 19:27:49.210 I  PeachCommander[14895:c1ba] [com.apple.CFPasteboard:exit] (not-in-cache) - result: -8 generation: 0 null data flags: 0
2026-09-09 19:27:49.210 A  PeachCommander[14895:c1ba] (CoreFoundation) Loading Preferences From User CFPrefsD
2026-09-09 19:27:49.210 A  PeachCommander[14895:c1ba] (CoreFoundation) Loading Preferences From System CFPrefsD
2026-09-09 19:27:49.210 I  PeachCommander[14895:c1ba] [com.apple.CFPasteboard:entry] CopyData('AppleIntlFileCacheModificationDatePasteboard' (<CFUUID 0xa6b1d4460> 5571559D-EC69-4C07-B14B-9C09DD776C6D) gen: -1 item: 1 flavor: '-32766 1768845414')
2026-09-09 19:27:49.210 I  PeachCommander[14895:c1ba] [com.apple.CFPasteboard:cache] Rebuilding cache for 'AppleIntlFileCacheModificationDatePasteboard' (<CFUUID 0xa6b1d4460> 5571559D-EC69-4C07-B14B-9C09DD776C6D)
2026-09-09 19:27:49.210 I  PeachCommander[14895:c1ba] [com.apple.CFPasteboard:general] Will request data from daemon
2026-09-09 19:27:49.211 I  PeachCommander[14895:c1ba] [com.apple.CFPasteboard:exit] (not-in-cache) - result: 0 generation: 1 data (310 bytes) flags: 0
2026-09-09 19:27:49.211 I  PeachCommander[14895:c1ba] [com.apple.CFPasteboard:entry] CopyData('AppleIntlFileCacheModificationDatePasteboard' (<CFUUID 0xa6b1d4460> 5571559D-EC69-4C07-B14B-9C09DD776C6D) gen: -1 item: 1 flavor: '-32765 1802264953')
2026-09-09 19:27:49.211 I  PeachCommander[14895:c1ba] [com.apple.CFPasteboard:general] Will request data from daemon
2026-09-09 19:27:49.211 I  PeachCommander[14895:c1ba] [com.apple.CFPasteboard:exit] (not-in-cache) - result: 0 generation: 1 data (306 bytes) flags: 0
2026-09-09 19:27:49.211 I  PeachCommander[14895:c1ba] [com.apple.CFPasteboard:entry] CopyData('AppleIntlFileCacheModificationDatePasteboard' (<CFUUID 0xa6b1d4460> 5571559D-EC69-4C07-B14B-9C09DD776C6D) gen: -1 item: 1 flavor: '-32764 1802264953')
2026-09-09 19:27:49.211 I  PeachCommander[14895:c1ba] [com.apple.CFPasteboard:general] Will request data from daemon
2026-09-09 19:27:49.211 I  PeachCommander[14895:c1ba] [com.apple.CFPasteboard:exit] (not-in-cache) - result: 0 generation: 1 data (281 bytes) flags: 0
2026-09-09 19:27:49.211 I  PeachCommander[14895:c1ba] [com.apple.CFPasteboard:entry] CopyData('AppleIntlFileCacheModificationDatePasteboard' (<CFUUID 0xa6b1d4460> 5571559D-EC69-4C07-B14B-9C09DD776C6D) gen: -1 item: 1 flavor: '-32763 1802264953')
2026-09-09 19:27:49.211 I  PeachCommander[14895:c1ba] [com.apple.CFPasteboard:general] Will request data from daemon
2026-09-09 19:27:49.211 I  PeachCommander[14895:c1ba] [com.apple.CFPasteboard:exit] (not-in-cache) - result: 0 generation: 1 data (318 bytes) flags: 0
2026-09-09 19:27:49.211 I  PeachCommander[14895:c1ba] [com.apple.CFPasteboard:entry] CopyData('AppleIntlFileCacheModificationDatePasteboard' (<CFUUID 0xa6b1d4460> 5571559D-EC69-4C07-B14B-9C09DD776C6D) gen: -1 item: 1 flavor: '-32765 1768845414')
2026-09-09 19:27:49.211 I  PeachCommander[14895:c1ba] [com.apple.CFPasteboard:general] Will request data from daemon
2026-09-09 19:27:49.211 I  PeachCommander[14895:c1ba] [com.apple.CFPasteboard:exit] (not-in-cache) - result: 0 generation: 1 data (303 bytes) flags: 0
2026-09-09 19:27:49.211 I  PeachCommander[14895:c1ba] [com.apple.CFPasteboard:entry] CopyData('AppleIntlFileCacheModificationDatePasteboard' (<CFUUID 0xa6b1d4460> 5571559D-EC69-4C07-B14B-9C09DD776C6D) gen: -1 item: 1 flavor: '-32763 1768845414')
2026-09-09 19:27:49.211 I  PeachCommander[14895:c1ba] [com.apple.CFPasteboard:general] Will request data from daemon
2026-09-09 19:27:49.211 I  PeachCommander[14895:c1ba] [com.apple.CFPasteboard:exit] (not-in-cache) - result: 0 generation: 1 data (315 bytes) flags: 0
2026-09-09 19:27:49.212 I  PeachCommander[14895:c1ba] [com.apple.launchservices:cas] information in shared memory for 0x0-0xb90b9 with seed 535 was still valid, so using cached info { "ApplicationType"="Foreground", "BuildMachineOSBuild"="25E246", "BundleIdentifierLowerCase"="com.peachcommander.app", "CFBundleDevelopmentRegion"="en", "CFBundleDocumentTypes"=( { "CFBundleTypeName"="Peach Commander Plugin Package", "CFBundleTypeRole"="Viewer", "LSHandlerRank"="Owner", "LSItemContentTypes"=( "com.peachcommander.plugin-package") }), "CFBundleExecutable"="PeachCommander", "CFBundleExecutablePath"="/Users/admin/pc-test/PeachCommander.app/Contents/MacOS/PeachCommander", "CFBundleExecutablePathDeviceID"=16777229, "CFBundleExecutablePathINode"=487885, "CFBundleHelpBookFolder"="PeachCommander.help", "CFBundleHelpBookName"="Peach Commander Help", "CFBundleIconFile"="AppIcon", "CFBundleIconName"="AppIcon", "CFBundleIdentifier"="com.peachcommander.app", "CFBundleInfoDictionaryVersion"="6.0", "CFBundleName"="PeachCommander", "CFBundleNameLowerCase"="peachcommander", "CFBundleNumericVersion"=402685952, "CFBundlePackageType"="APPL", "CFBundleShortVersionString"="0.9.0", "CFBun<…>
2026-09-09 19:27:49.212 Df PeachCommander[14895:c1ba] [com.apple.xpc:connection] [0xa6acc1e00] activating connection: mach=false listener=false peer=false name=com.apple.ViewBridgeAuxiliary
2026-09-09 19:27:49.217 Df PeachCommander[14895:c1ba] [com.apple.xpc:connection] [0xa6acc1cc0] activating connection: mach=false listener=false peer=false name=(anonymous)
2026-09-09 19:27:49.217 Df PeachCommander[14895:c1ba] [com.apple.xpc:connection] [0xa6acc1f40] activating connection: mach=false listener=true peer=false name=(anonymous)
2026-09-09 19:27:49.217 Df PeachCommander[14895:c1ba] [com.apple.xpc:connection] [0xa6acc1f40] Connection returned listener port: 0xf203
2026-09-09 19:27:49.217 Df PeachCommander[14895:c1ba] [com.apple.xpc:connection] [0xa6acc1e00] invalidated after the last release of the connection object
2026-09-09 19:27:49.218 I  PeachCommander[14895:c1ba] [com.apple.showhide:pr-59900543] SHOWHIDE: SHOW id=316 0x0-0xB90B9, err=0 eventTime=972842210541 windowID=0
2026-09-09 19:27:49.218 I  PeachCommander[14895:c1ba] [com.apple.CarbonCore:coreservicesdaemon] findOrCreateCacheable():findOrCreateCacheable(), factoryName=3 cacheableName=<private> fCacheables.size()=0
2026-09-09 19:27:49.218 I  PeachCommander[14895:c1ba] [com.apple.CarbonCore:coreservicesdaemon] findOrCreateCacheable():findOrCreateCacheable(), result = 0xa6af1a1c0 (should be non-NULL)
2026-09-09 19:27:49.218 Df PeachCommander[14895:c1ba] [com.apple.AppKit:AutomaticTermination] void _NSDisableAutomaticTerminationAndLog(NSString *) Restoring windows
2026-09-09 19:27:49.218 Df PeachCommander[14895:c1ba] [com.apple.AppKit:StateRestoration] -[NSApplication _reopenWindowsAsNecessaryIncludingRestorableState:withFullFidelity:completionHandler:] shouldRestoreState=1 hasPersistentStateToRestore=0 shouldStillRestoreStateAfterPrompting=0
2026-09-09 19:27:49.218 Df PeachCommander[14895:c1ba] [com.apple.xpc:connection] [0xa6acc1e00] activating connection: mach=true listener=false peer=false name=com.apple.window_proxies
2026-09-09 19:27:49.218 Df PeachCommander[14895:c1ba] [com.apple.xpc:connection] [0xa6acc1e00] invalidated because the current process cancelled the connection by calling xpc_connection_cancel()
2026-09-09 19:27:49.218 I  PeachCommander[14895:c1ba] [com.apple.SkyLight:processes] 0[outside of RPC]: SLSSetFrontProcessWithInfo(0x0-0x2 window=0 options=0x1
2026-09-09 19:27:49.219 I  PeachCommander[14895:c1ba] [com.apple.CoreAnalytics:client] Dropping "com.apple.appkit.app_config" as it isn't used in any transform (not in the config or budgeted?)
2026-09-09 19:27:49.219 Df PeachCommander[14895:c1ba] [com.apple.AppKit:AutomaticTermination] void _NSEnableAutomaticTerminationAndLog(NSString *) Restoring windows
2026-09-09 19:27:49.221 I  PeachCommander[14895:c1ba] [com.apple.CoreAnalytics:client] Dropping "com.apple.appkit.app_config" as it isn't used in any transform (not in the config or budgeted?)
2026-09-09 19:27:49.221 I  PeachCommander[14895:c1ba] [com.apple.CoreAnalytics:client] Dropping "com.apple.appkit.app_config" as it isn't used in any transform (not in the config or budgeted?)
2026-09-09 19:27:49.230 A  PeachCommander[14895:c1ba] (CoreFoundation) Loading Preferences From User CFPrefsD
2026-09-09 19:27:49.235 I  PeachCommander[14895:c1ba] [com.peachcommander:PCFoundation] VolumeManager initialized
2026-09-09 19:27:49.252 Df PeachCommander[14895:c1ba] [com.apple.BoardServices:XPCErrors] [C:1] Alloc <private>
2026-09-09 19:27:49.252 Df PeachCommander[14895:c1ba] [com.apple.xpc:connection] [0xa6afe9180] activating connection: mach=false listener=false peer=false name=(anonymous)
2026-09-09 19:27:49.253 I  PeachCommander[14895:c1ba] [com.apple.AppKit:Window] context (0 -> 544abc9c) for window 2e3
2026-09-09 19:27:49.254 Df PeachCommander[14895:c1c5] [com.apple.corespotlight:index] (<private>) deleteSearchableItemsWithDomainIdentifiers, protectionClass:(null), domainIdentifiers number:1
2026-09-09 19:27:49.254 A  PeachCommander[14895:c1c5] (CoreSpotlight) delete-domains
2026-09-09 19:27:49.254 Df PeachCommander[14895:c1c6] [com.apple.corespotlight:index] CSInlineDonation:<private>: Skipping donation (feature flag disabled)
2026-09-09 19:27:49.254 Df PeachCommander[14895:c1c6] (CoreSpotlight) sConnectionName: com.apple.spotlight.IndexAgent
2026-09-09 19:27:49.254 Df PeachCommander[14895:c1c6] (CoreSpotlight) Start service name com.apple.spotlight.IndexAgent
2026-09-09 19:27:49.254 Df PeachCommander[14895:c1c6] [com.apple.xpc:connection] [0xa6afe9400] activating connection: mach=true listener=false peer=false name=com.apple.spotlight.IndexAgent
2026-09-09 19:27:49.254 I  PeachCommander[14895:c1ba] [com.peachcommander:PCFoundation] MainWindowController initialized (config: <private>)
2026-09-09 19:27:49.254 I  PeachCommander[14895:c1ba] [com.peachcommander:PCFoundation] SelectionState initialized
2026-09-09 19:27:49.254 I  PeachCommander[14895:c1ba] [com.peachcommander:PCFoundation] DirectoryModel initialized
2026-09-09 19:27:49.254 I  PeachCommander[14895:c1ba] [com.peachcommander:PCFoundation] VolumeManager initialized
2026-09-09 19:27:49.254 I  PeachCommander[14895:c1ba] [com.peachcommander:PCFoundation] PanelController initialized for <private> panel
2026-09-09 19:27:49.255 I  PeachCommander[14895:c1ba] [com.peachcommander:PCFoundation] SelectionState initialized
2026-09-09 19:27:49.255 I  PeachCommander[14895:c1ba] [com.peachcommander:PCFoundation] DirectoryModel initialized
2026-09-09 19:27:49.255 I  PeachCommander[14895:c1ba] [com.peachcommander:PCFoundation] VolumeManager initialized
2026-09-09 19:27:49.255 I  PeachCommander[14895:c1ba] [com.peachcommander:PCFoundation] PanelController initialized for <private> panel
2026-09-09 19:27:49.259 I  PeachCommander[14895:c1ba] [com.apple.AppKit:Animation] Running new animation: <private>
2026-09-09 19:27:49.259 I  PeachCommander[14895:c1ba] [com.apple.AppKit:Animation] Running new animation: <private>
2026-09-09 19:27:49.259 I  PeachCommander[14895:c1ba] [com.apple.AppKit:Animation] Running new animation: <private>
2026-09-09 19:27:49.259 I  PeachCommander[14895:c1ba] [com.apple.AppKit:Animation] Running new animation: <private>
2026-09-09 19:27:49.259 I  PeachCommander[14895:c1ba] [com.apple.AppKit:Animation] Running new animation: <private>
2026-09-09 19:27:49.261 I  PeachCommander[14895:c1ba] [com.apple.AppKit:Animation] Running new animation: <private>
2026-09-09 19:27:49.261 I  PeachCommander[14895:c1ba] [com.apple.AppKit:Animation] Running new animation: <private>
2026-09-09 19:27:49.261 I  PeachCommander[14895:c1ba] [com.apple.AppKit:Animation] Running new animation: <private>
2026-09-09 19:27:49.261 I  PeachCommander[14895:c1ba] [com.apple.AppKit:Animation] Running new animation: <private>
2026-09-09 19:27:49.261 I  PeachCommander[14895:c1ba] [com.apple.AppKit:Animation] Running new animation: <private>
2026-09-09 19:27:49.267 I  PeachCommander[14895:c1ba] [com.apple.CoreAnalytics:client] Dropping "com.apple.appkit.app_config" as it isn't used in any transform (not in the config or budgeted?)
2026-09-09 19:27:49.267 A  PeachCommander[14895:c1c6] (RunningBoardServices) didChangeInheritances
2026-09-09 19:27:49.269 I  PeachCommander[14895:c1ba] [com.apple.CoreAnalytics:client] Dropping "com.apple.appkit.app_config" as it isn't used in any transform (not in the config or budgeted?)
2026-09-09 19:27:49.274 I  PeachCommander[14895:c1ba] [com.apple.launchservices:datasep] application record search init. Node: <FSNode 0xa6b666b80> { isDir = ?, path = <private> } bundleID: (null) itemID: 0
2026-09-09 19:27:49.275 I  PeachCommander[14895:c1ba] [com.apple.GenerativeModels:availability] Current availability state: unavailable, use cases: com.apple.Settings.AppleIntelligence,com.apple.Siri.NLRouter, language: en, api: <private>
2026-09-09 19:27:49.275 Df PeachCommander[14895:c1ba] [com.apple.GenerativeModels:availability] isOkayToHaveAsset: False
2026-09-09 19:27:49.275 E  PeachCommander[14895:c1ba] [com.apple.siri:Utility] AFIsDeviceGreymatterEligible Missing entitlements for os_eligibility lookup
2026-09-09 19:27:49.275 I  PeachCommander[14895:c1ba] [com.apple.GenerativeModels:availability] Current availability state: unavailable, use cases: com.apple.Settings.AppleIntelligence, language: en, api: <private>
2026-09-09 19:27:49.275 Df PeachCommander[14895:c1ba] [com.apple.GenerativeModels:availability] isOkayToHaveAsset: False
2026-09-09 19:27:49.275 Df PeachCommander[14895:c1ba] [com.apple.siri:Utility] -[AFSystemAssistantExperienceStatusManager fetchGenerativeModelsAvailability] #SAEStatus #cacheUpdate Updating cache:
deviceSupportsSAE: 0 (0)
       saeEnabled: 0 (0)
     saeAvailable: 0 (0)
      swaiEnabled: 0 (0)
        viEnabled: 0 (0)
        siriAvailability:
        <private>
        ((null))
2026-09-09 19:27:49.275 Df PeachCommander[14895:c1ba] [com.apple.xpc:connection] [0xa6a614140] activating connection: mach=true listener=false peer=false name=com.apple.iconservices
2026-09-09 19:27:49.276 Df PeachCommander[14895:c1ba] [com.apple.xpc:connection] [0xa6a614280] activating connection: mach=true listener=false peer=false name=com.apple.iconservices.store
2026-09-09 19:27:49.280 I  PeachCommander[14895:c1ba] [com.peachcommander:Theme] no user themes in /Users/admin/pc-cfg/themes
2026-09-09 19:27:49.280 Df PeachCommander[14895:c1ba] [com.apple.AppKit:Appearance] Invalidate NSApp effectiveAppearance
2026-09-09 19:27:49.280 Df PeachCommander[14895:c1ba] [com.apple.AppKit:Appearance] NSApp cache appearance:
-NSRequiresAquaSystemAppearance: 0
-appearance: <NSCompositeAppearance: 0xa6b0359a0
 (
    "<NSDarkAquaAppearance: 0xa6b035a40>",
    "<NSSystemAppearance: 0xa6b0346e0>"
)>
-effectiveAppearance: <NSCompositeAppearance: 0xa6b0359a0
 (
    "<NSDarkAquaAppearance: 0xa6b035a40>",
    "<NSSystemAppearance: 0xa6b0346e0>"
)>
2026-09-09 19:27:49.282 I  PeachCommander[14895:c1ba] [com.peachcommander:PCFoundation] Theme applied: id=system, appearance=dark, dark=true, background=#333333
2026-09-09 19:27:49.309 I  PeachCommander[14895:c1ba] [com.apple.AppKit:Image] ISImage reported a placeholder, image rep is providing a placeholder image for <private>
2026-09-09 19:27:49.309 I  PeachCommander[14895:c1ba] [com.apple.AppKit:Image] ISImage reported a placeholder, image rep is providing a placeholder image for <private>
2026-09-09 19:27:49.309 I  PeachCommander[14895:c1ba] [com.apple.CoreAnalytics:client] Dropping "com.apple.appkit.app_config" as it isn't used in any transform (not in the config or budgeted?)
2026-09-09 19:27:49.309 I  PeachCommander[14895:c1c0] [com.apple.iconservices:foundation] layer data size zero
2026-09-09 19:27:49.310 I  PeachCommander[14895:c1c6] [com.apple.iconservices:foundation] layer data size zero
2026-09-09 19:27:49.313 I  PeachCommander[14895:c1ba] [com.peachcommander:PCFoundation] Keymap loaded: scheme=<private>, 82 effective bindings
2026-09-09 19:27:49.314 I  PeachCommander[14895:c1ba] [com.apple.AppKit:Animation] Running new animation: <private>
2026-09-09 19:27:49.314 I  PeachCommander[14895:c1ba] [com.apple.AppKit:Animation] Running new animation: <private>
2026-09-09 19:27:49.314 I  PeachCommander[14895:c1ba] [com.apple.AppKit:Animation] Running new animation: <private>
2026-09-09 19:27:49.314 I  PeachCommander[14895:c1ba] [com.apple.AppKit:Animation] Running new animation: <private>
2026-09-09 19:27:49.314 I  PeachCommander[14895:c1ba] [com.apple.AppKit:Animation] Running new animation: <private>
2026-09-09 19:27:49.314 I  PeachCommander[14895:c1ba] [com.apple.AppKit:Animation] Running new animation: <private>
2026-09-09 19:27:49.314 I  PeachCommander[14895:c1ba] [com.apple.AppKit:Animation] Running new animation: <private>
2026-09-09 19:27:49.314 I  PeachCommander[14895:c1ba] [com.apple.AppKit:Animation] Running new animation: <private>
2026-09-09 19:27:49.314 I  PeachCommander[14895:c1ba] [com.apple.AppKit:Animation] Running new animation: <private>
2026-09-09 19:27:49.314 I  PeachCommander[14895:c1ba] [com.apple.AppKit:Animation] Running new animation: <private>
2026-09-09 19:27:49.317 I  PeachCommander[14895:c1ba] [com.apple.CoreAnalytics:client] Dropping "<private>" as it isn't used in any transform (not in the config or budgeted?)
2026-09-09 19:27:49.317 I  PeachCommander[14895:c1ba] [com.apple.CoreAnalytics:client] Dropping "<private>" as it isn't used in any transform (not in the config or budgeted?)
2026-09-09 19:27:49.318 I  PeachCommander[14895:c1ba] [com.apple.CoreAnalytics:client] Dropping "<private>" as it isn't used in any transform (not in the config or budgeted?)
2026-09-09 19:27:49.318 I  PeachCommander[14895:c1ba] [com.peachcommander:PCFoundation] MainWindowController window loaded
2026-09-09 19:27:49.318 I  PeachCommander[14895:c1ba] [com.apple.launchservices:cas] information in shared memory for 0x0-0xb90b9 with seed 535 was still valid, so using cached info { "ApplicationType"="Foreground", "BuildMachineOSBuild"="25E246", "BundleIdentifierLowerCase"="com.peachcommander.app", "CFBundleDevelopmentRegion"="en", "CFBundleDocumentTypes"=( { "CFBundleTypeName"="Peach Commander Plugin Package", "CFBundleTypeRole"="Viewer", "LSHandlerRank"="Owner", "LSItemContentTypes"=( "com.peachcommander.plugin-package") }), "CFBundleExecutable"="PeachCommander", "CFBundleExecutablePath"="/Users/admin/pc-test/PeachCommander.app/Contents/MacOS/PeachCommander", "CFBundleExecutablePathDeviceID"=16777229, "CFBundleExecutablePathINode"=487885, "CFBundleHelpBookFolder"="PeachCommander.help", "CFBundleHelpBookName"="Peach Commander Help", "CFBundleIconFile"="AppIcon", "CFBundleIconName"="AppIcon", "CFBundleIdentifier"="com.peachcommander.app", "CFBundleInfoDictionaryVersion"="6.0", "CFBundleName"="PeachCommander", "CFBundleNameLowerCase"="peachcommander", "CFBundleNumericVersion"=402685952, "CFBundlePackageType"="APPL", "CFBundleShortVersionString"="0.9.0", "CFBun<…>
2026-09-09 19:27:49.318 I  PeachCommander[14895:c1ba] [com.apple.launchservices:cas] information in shared memory for 0x0-0xb90b9 with seed 535 was still valid, so using cached info { "ApplicationType"="Foreground", "BuildMachineOSBuild"="25E246", "BundleIdentifierLowerCase"="com.peachcommander.app", "CFBundleDevelopmentRegion"="en", "CFBundleDocumentTypes"=( { "CFBundleTypeName"="Peach Commander Plugin Package", "CFBundleTypeRole"="Viewer", "LSHandlerRank"="Owner", "LSItemContentTypes"=( "com.peachcommander.plugin-package") }), "CFBundleExecutable"="PeachCommander", "CFBundleExecutablePath"="/Users/admin/pc-test/PeachCommander.app/Contents/MacOS/PeachCommander", "CFBundleExecutablePathDeviceID"=16777229, "CFBundleExecutablePathINode"=487885, "CFBundleHelpBookFolder"="PeachCommander.help", "CFBundleHelpBookName"="Peach Commander Help", "CFBundleIconFile"="AppIcon", "CFBundleIconName"="AppIcon", "CFBundleIdentifier"="com.peachcommander.app", "CFBundleInfoDictionaryVersion"="6.0", "CFBundleName"="PeachCommander", "CFBundleNameLowerCase"="peachcommander", "CFBundleNumericVersion"=402685952, "CFBundlePackageType"="APPL", "CFBundleShortVersionString"="0.9.0", "CFBun<…>
2026-09-09 19:27:49.319 I  PeachCommander[14895:c1ba] [com.apple.AppKit:Image] ISImage reported a placeholder, image rep is providing a placeholder image for <private>
2026-09-09 19:27:49.319 I  PeachCommander[14895:c1ba] [com.apple.AppKit:Image] ISImage reported a placeholder, image rep is providing a placeholder image for <private>
2026-09-09 19:27:49.328 I  PeachCommander[14895:c1ba] [com.apple.AppKit:Window] order window front conditionally: 2e3 related: 0
2026-09-09 19:27:49.328 Df PeachCommander[14895:c1ba] [com.apple.AppKit:AutomaticTermination] void _NSEnableAutomaticTerminationAndLog(NSString *) No windows open yet
2026-09-09 19:27:49.329 I  PeachCommander[14895:c1ba] [com.apple.AppKit:Intelligence] starting collection observation
2026-09-09 19:27:49.329 Df PeachCommander[14895:c1c5] [com.apple.UIIntelligenceSupport:xpc] establishing connection to agent
2026-09-09 19:27:49.329 Df PeachCommander[14895:c1c5] [com.apple.xpc:session] [0xa69ccb430] Session created.
2026-09-09 19:27:49.329 Df PeachCommander[14895:c1c5] [com.apple.xpc:session] [0xa69ccb430] Session created from connection [0xa6a616800]
2026-09-09 19:27:49.329 Df PeachCommander[14895:c1c5] [com.apple.xpc:connection] [0xa6a616800] activating connection: mach=true listener=false peer=false name=com.apple.uiintelligencesupport.agent
2026-09-09 19:27:49.329 Df PeachCommander[14895:c1c5] [com.apple.xpc:session] [0xa69ccb430] Session activated
2026-09-09 19:27:49.329 I  PeachCommander[14895:c1ba] [com.apple.SkyLight:processes] 0[outside of RPC]: SLSSetFrontProcessWithInfo(0x0-0x2 window=0 options=0x1
2026-09-09 19:27:49.329 Df PeachCommander[14895:c1c6] [com.apple.UIIntelligenceSupport:xpc] Connection established with agent PID: 1128
2026-09-09 19:27:49.329 I  PeachCommander[14895:c1ba] [com.apple.launchservices:cas] information in shared memory for 0x0-0xb90b9 with seed 535 was still valid, so using cached info { "ApplicationType"="Foreground", "BuildMachineOSBuild"="25E246", "BundleIdentifierLowerCase"="com.peachcommander.app", "CFBundleDevelopmentRegion"="en", "CFBundleDocumentTypes"=( { "CFBundleTypeName"="Peach Commander Plugin Package", "CFBundleTypeRole"="Viewer", "LSHandlerRank"="Owner", "LSItemContentTypes"=( "com.peachcommander.plugin-package") }), "CFBundleExecutable"="PeachCommander", "CFBundleExecutablePath"="/Users/admin/pc-test/PeachCommander.app/Contents/MacOS/PeachCommander", "CFBundleExecutablePathDeviceID"=16777229, "CFBundleExecutablePathINode"=487885, "CFBundleHelpBookFolder"="PeachCommander.help", "CFBundleHelpBookName"="Peach Commander Help", "CFBundleIconFile"="AppIcon", "CFBundleIconName"="AppIcon", "CFBundleIdentifier"="com.peachcommander.app", "CFBundleInfoDictionaryVersion"="6.0", "CFBundleName"="PeachCommander", "CFBundleNameLowerCase"="peachcommander", "CFBundleNumericVersion"=402685952, "CFBundlePackageType"="APPL", "CFBundleShortVersionString"="0.9.0", "CFBun<…>
2026-09-09 19:27:49.330 Df PeachCommander[14895:c1ba] [com.apple.xpc:connection] [0xa6a616940] activating connection: mach=true listener=false peer=false name=com.apple.FileCoordination
2026-09-09 19:27:49.330 Df PeachCommander[14895:c1c6] [com.apple.foundation.filecoordination:presenter] Adding presenter E038D1A4-DD38-4F71-B848-5AD82C1EC840 for URL: <private>
2026-09-09 19:27:49.330 I  PeachCommander[14895:c1ba] [com.apple.launchservices:cas] information in shared memory for 0x0-0xb90b9 with seed 535 was still valid, so using cached info { "ApplicationType"="Foreground", "BuildMachineOSBuild"="25E246", "BundleIdentifierLowerCase"="com.peachcommander.app", "CFBundleDevelopmentRegion"="en", "CFBundleDocumentTypes"=( { "CFBundleTypeName"="Peach Commander Plugin Package", "CFBundleTypeRole"="Viewer", "LSHandlerRank"="Owner", "LSItemContentTypes"=( "com.peachcommander.plugin-package") }), "CFBundleExecutable"="PeachCommander", "CFBundleExecutablePath"="/Users/admin/pc-test/PeachCommander.app/Contents/MacOS/PeachCommander", "CFBundleExecutablePathDeviceID"=16777229, "CFBundleExecutablePathINode"=487885, "CFBundleHelpBookFolder"="PeachCommander.help", "CFBundleHelpBookName"="Peach Commander Help", "CFBundleIconFile"="AppIcon", "CFBundleIconName"="AppIcon", "CFBundleIdentifier"="com.peachcommander.app", "CFBundleInfoDictionaryVersion"="6.0", "CFBundleName"="PeachCommander", "CFBundleNameLowerCase"="peachcommander", "CFBundleNumericVersion"=402685952, "CFBundlePackageType"="APPL", "CFBundleShortVersionString"="0.9.0", "CFBun<…>
2026-09-09 19:27:49.333 I  PeachCommander[14895:c1ba] [com.apple.AppKit:Window] order all windows front 972842210541
2026-09-09 19:27:49.333 I  PeachCommander[14895:c1ba] [com.apple.launchservices:cas] information in shared memory for 0x0-0xb90b9 with seed 535 was still valid, so using cached info { "ApplicationType"="Foreground", "BuildMachineOSBuild"="25E246", "BundleIdentifierLowerCase"="com.peachcommander.app", "CFBundleDevelopmentRegion"="en", "CFBundleDocumentTypes"=( { "CFBundleTypeName"="Peach Commander Plugin Package", "CFBundleTypeRole"="Viewer", "LSHandlerRank"="Owner", "LSItemContentTypes"=( "com.peachcommander.plugin-package") }), "CFBundleExecutable"="PeachCommander", "CFBundleExecutablePath"="/Users/admin/pc-test/PeachCommander.app/Contents/MacOS/PeachCommander", "CFBundleExecutablePathDeviceID"=16777229, "CFBundleExecutablePathINode"=487885, "CFBundleHelpBookFolder"="PeachCommander.help", "CFBundleHelpBookName"="Peach Commander Help", "CFBundleIconFile"="AppIcon", "CFBundleIconName"="AppIcon", "CFBundleIdentifier"="com.peachcommander.app", "CFBundleInfoDictionaryVersion"="6.0", "CFBundleName"="PeachCommander", "CFBundleNameLowerCase"="peachcommander", "CFBundleNumericVersion"=402685952, "CFBundlePackageType"="APPL", "CFBundleShortVersionString"="0.9.0", "CFBun<…>
2026-09-09 19:27:49.333 I  PeachCommander[14895:c1ba] [com.apple.showhide:pr-59900543] SHOWHIDE: CONFIRM, id=316, err=0
2026-09-09 19:27:49.333 I  PeachCommander[14895:c1ba] [com.apple.AppKit:Window] context (0 -> 72165dd4) for window 2e2
2026-09-09 19:27:49.333 I  PeachCommander[14895:c1ba] [com.apple.AppKit:Window] context (0 -> 64a7d29a) for window 2e1
2026-09-09 19:27:49.333 I  PeachCommander[14895:c1ba] [com.apple.AppKit:Window] context (0 -> 4235b163) for window 2e0
2026-09-09 19:27:49.333 I  PeachCommander[14895:c1ba] [com.apple.AppKit:Window] context (0 -> 77df8467) for window 2df
2026-09-09 19:27:49.359 Df PeachCommander[14895:c1ba] [com.apple.AppKit:AutomaticTermination] void _updateToReflectAutomaticTerminationState(void) Setting _kLSApplicationWouldBeTerminatedByTALKey=0
2026-09-09 19:27:49.361 I  PeachCommander[14895:c1ba] [com.apple.runningboard:assertion] Acquiring assertion: <RBSAssertionDescriptor| "AppNap adapter assertion" ID:(null) target:14895>
2026-09-09 19:27:49.362 I  PeachCommander[14895:c1ba] [com.apple.AppKit:Image] ISImage reported a placeholder, image rep is providing a placeholder image for <private>
2026-09-09 19:27:49.362 I  PeachCommander[14895:c1ba] [com.apple.AppKit:Image] ISImage reported a placeholder, image rep is providing a placeholder image for <private>
2026-09-09 19:27:49.362 I  PeachCommander[14895:c1ba] [com.apple.AppKit:Image] ISImage reported a placeholder, image rep is providing a placeholder image for <private>
2026-09-09 19:27:49.362 I  PeachCommander[14895:c1ba] [com.apple.AppKit:Image] ISImage reported a placeholder, image rep is providing a placeholder image for <private>
2026-09-09 19:27:49.362 I  PeachCommander[14895:c1ba] [com.apple.AppKit:Image] ISImage reported a placeholder, image rep is providing a placeholder image for <private>
2026-09-09 19:27:49.362 I  PeachCommander[14895:c1ba] [com.apple.AppKit:Image] ISImage reported a placeholder, image rep is providing a placeholder image for <private>
2026-09-09 19:27:49.394 A  PeachCommander[14895:c1c1] (RunningBoardServices) didChangeInheritances
2026-09-09 19:27:49.420 Df PeachCommander[14895:c1ba] [com.apple.libsystem.libdispatch:] DEPRECATED USE in libdispatch client: dispatch source activated with no event handler set; set a breakpoint on _dispatch_bug_deprecated to debug
2026-09-09 19:27:49.493 I  PeachCommander[14895:c1ba] [com.apple.AppKit:Image] ISImage reported a placeholder, image rep is providing a placeholder image for <private>
2026-09-09 19:27:49.493 I  PeachCommander[14895:c1ba] [com.apple.AppKit:Image] ISImage reported a placeholder, image rep is providing a placeholder image for <private>
2026-09-09 19:27:49.493 I  PeachCommander[14895:c1ba] [com.apple.AppKit:Image] ISImage reported a placeholder, image rep is providing a placeholder image for <private>
2026-09-09 19:27:49.499 I  PeachCommander[14895:c1ba] [com.apple.AppKit:Image] ISImage reported a placeholder, image rep is providing a placeholder image for <private>
2026-09-09 19:27:49.500 I  PeachCommander[14895:c1ba] [com.apple.AppKit:Image] ISImage reported a placeholder, image rep is providing a placeholder image for <private>
2026-09-09 19:27:49.504 I  PeachCommander[14895:c1ba] [com.apple.AppKit:Image] ISImage reported a placeholder, image rep is providing a placeholder image for <private>
2026-09-09 19:27:49.504 I  PeachCommander[14895:c1ba] [com.apple.AppKit:Image] ISImage reported a placeholder, image rep is providing a placeholder image for <private>
2026-09-09 19:27:49.506 I  PeachCommander[14895:c1ba] [com.apple.AppKit:Image] ISImage reported a placeholder, image rep is providing a placeholder image for <private>
2026-09-09 19:27:49.506 I  PeachCommander[14895:c1ba] [com.apple.AppKit:Image] ISImage reported a placeholder, image rep is providing a placeholder image for <private>
2026-09-09 19:27:49.519 I  PeachCommander[14895:c1ba] [com.apple.coreanimation:Utilities] IOSurface Compression Enabled: NO
2026-09-09 19:27:49.520 Df PeachCommander[14895:c1c6] [com.apple.coreanimation:Metal] Precompiled pipelines disabled on unsupported hardware.
2026-09-09 19:27:49.533 I  PeachCommander[14895:c1ba] [com.apple.CarbonCore:gestalt] SetGestaltValuesBulk SetGestaltValuesBulk( count=22 tuples=0x18794a650
2026-09-09 19:27:49.533 I  PeachCommander[14895:c1ba] [com.apple.CarbonCore:gestalt] SetGestaltValue SetGestaltValue(alis 1C9) => 0
2026-09-09 19:27:49.533 I  PeachCommander[14895:c1ba] [com.apple.CarbonCore:gestalt] SetGestaltValue SetGestaltValue(os   FE) => 0
2026-09-09 19:27:49.533 I  PeachCommander[14895:c1ba] [com.apple.CarbonCore:gestalt] SetGestaltValue SetGestaltValue(addr 7) => 0
2026-09-09 19:27:49.533 I  PeachCommander[14895:c1ba] [com.apple.CarbonCore:gestalt] SetGestaltValue SetGestaltValue(fs   3D332) => 0
2026-09-09 19:27:49.533 I  PeachCommander[14895:c1ba] [com.apple.CarbonCore:gestalt] SetGestaltValue SetGestaltValue(fold 11) => 0
2026-09-09 19:27:49.533 I  PeachCommander[14895:c1ba] [com.apple.CarbonCore:gestalt] SetGestaltValue SetGestaltValue(lram 7FFFF000) => 0
2026-09-09 19:27:49.533 I  PeachCommander[14895:c1ba] [com.apple.CarbonCore:gestalt] SetGestaltValue SetGestaltValue(mmap 1) => 0
2026-09-09 19:27:49.533 I  PeachCommander[14895:c1ba] [com.apple.CarbonCore:gestalt] SetGestaltValue SetGestaltValue(cfrg 1) => 0
2026-09-09 19:27:49.533 I  PeachCommander[14895:c1ba] [com.apple.CarbonCore:gestalt] SetGestaltValue SetGestaltValue(thds 7) => 0
2026-09-09 19:27:49.533 I  PeachCommander[14895:c1ba] [com.apple.CarbonCore:gestalt] SetGestaltValue SetGestaltValue(tmgr E) => 0
2026-09-09 19:27:49.533 I  PeachCommander[14895:c1ba] [com.apple.CarbonCore:gestalt] SetGestaltValue SetGestaltValue(vers 7) => 0
2026-09-09 19:27:49.533 I  PeachCommander[14895:c1ba] [com.apple.CarbonCore:gestalt] SetGestaltValue SetGestaltValue(cbon 160) => 0
2026-09-09 19:27:49.533 I  PeachCommander[14895:c1ba] [com.apple.CarbonCore:gestalt] SetGestaltValue SetGestaltValue(cltn 1108000) => 0
2026-09-09 19:27:49.533 I  PeachCommander[14895:c1ba] [com.apple.CarbonCore:gestalt] SetGestaltValue SetGestaltValue(cpnt 8) => 0
2026-09-09 19:27:49.533 I  PeachCommander[14895:c1ba] [com.apple.CarbonCore:gestalt] SetGestaltValue SetGestaltValue(rsrc 3) => 0
2026-09-09 19:27:49.533 I  PeachCommander[14895:c1ba] [com.apple.CarbonCore:gestalt] SetGestaltValue SetGestaltValue(rmbg 11F) => 0
2026-09-09 19:27:49.533 I  PeachCommander[14895:c1ba] [com.apple.CarbonCore:gestalt] SetGestaltValue SetGestaltValue(vm   11) => 0
2026-09-09 19:27:49.533 I  PeachCommander[14895:c1ba] [com.apple.CarbonCore:gestalt] SetGestaltValue SetGestaltValue(srad 4170706C) => 0
2026-09-09 19:27:49.533 I  PeachCommander[14895:c1ba] [com.apple.CarbonCore:gestalt] SetGestaltValue SetGestaltValue(sysa 14) => 0
2026-09-09 19:27:49.533 I  PeachCommander[14895:c1ba] [com.apple.CarbonCore:gestalt] SetGestaltValue SetGestaltValue(copl 9) => 0
2026-09-09 19:27:49.533 I  PeachCommander[14895:c1ba] [com.apple.CarbonCore:gestalt] SetGestaltValue SetGestaltValue(xlat 0) => 0
2026-09-09 19:27:49.533 I  PeachCommander[14895:c1ba] [com.apple.CarbonCore:gestalt] SetGestaltValue SetGestaltValue(stdf 0) => 0
2026-09-09 19:27:49.533 I  PeachCommander[14895:c1ba] [com.apple.CarbonCore:gestalt] _NewGestalt _NewGestalt(ram  0x1878c3644) => 0
2026-09-09 19:27:49.533 I  PeachCommander[14895:c1ba] [com.apple.CarbonCore:gestalt] _NewGestalt _NewGestalt(ramm 0x1878c3644) => 0
2026-09-09 19:27:49.533 I  PeachCommander[14895:c1ba] [com.apple.CarbonCore:gestalt] _NewGestalt _NewGestalt(cput 0x1878c3734) => 0
2026-09-09 19:27:49.533 I  PeachCommander[14895:c1ba] [com.apple.CarbonCore:gestalt] _NewGestalt _NewGestalt(cpuf 0x1878c3764) => 0
2026-09-09 19:27:49.533 I  PeachCommander[14895:c1ba] [com.apple.CarbonCore:gestalt] _NewGestalt _NewGestalt(bclk 0x1878c3794) => 0
2026-09-09 19:27:49.533 I  PeachCommander[14895:c1ba] [com.apple.CarbonCore:gestalt] _NewGestalt _NewGestalt(bclm 0x1878c3794) => 0
2026-09-09 19:27:49.533 I  PeachCommander[14895:c1ba] [com.apple.CarbonCore:gestalt] _NewGestalt _NewGestalt(pclk 0x1878c3834) => 0
2026-09-09 19:27:49.533 I  PeachCommander[14895:c1ba] [com.apple.CarbonCore:gestalt] _NewGestalt _NewGestalt(mclk 0x1878c3834) => 0
2026-09-09 19:27:49.533 I  PeachCommander[14895:c1ba] [com.apple.CarbonCore:gestalt] _NewGestalt _NewGestalt(a/ux 0x1878c394c) => 0
2026-09-09 19:27:49.533 I  PeachCommander[14895:c1ba] [com.apple.CarbonCore:gestalt] _NewGestalt _NewGestalt(pgsz 0x1878c3954) => 0
2026-09-09 19:27:49.533 I  PeachCommander[14895:c1ba] [com.apple.CarbonCore:gestalt] _NewGestalt _NewGestalt(csiz 0x1878c3994) => 0
2026-09-09 19:27:49.533 I  PeachCommander[14895:c1ba] [com.apple.CarbonCore:gestalt] _NewGestalt _NewGestalt(sysv 0x18786edfc) => 0
2026-09-09 19:27:49.533 I  PeachCommander[14895:c1ba] [com.apple.CarbonCore:gestalt] _NewGestalt _NewGestalt(sys1 0x18786edfc) => 0
2026-09-09 19:27:49.533 I  PeachCommander[14895:c1ba] [com.apple.CarbonCore:gestalt] _NewGestalt _NewGestalt(sys2 0x18786edfc) => 0
2026-09-09 19:27:49.533 I  PeachCommander[14895:c1ba] [com.apple.CarbonCore:gestalt] _NewGestalt _NewGestalt(sys3 0x18786edfc) => 0
2026-09-09 19:27:49.533 I  PeachCommander[14895:c1ba] [com.apple.CarbonCore:gestalt] _NewGestalt _NewGestalt(cdfl 0x1878c39d4) => 0
2026-09-09 19:27:49.533 I  PeachCommander[14895:c1ba] [com.apple.CarbonCore:gestalt] _NewGestalt _NewGestalt(cdrm 0x1878c3c30) => 0
2026-09-09 19:27:49.533 I  PeachCommander[14895:c1ba] [com.apple.CarbonCore:gestalt] _NewGestalt _NewGestalt(cpus 0x1878c3c78) => 0
2026-09-09 19:27:49.533 I  PeachCommander[14895:c1ba] [com.apple.CarbonCore:gestalt] SetGestaltValue SetGestaltValue(swex 1) => 0
2026-09-09 19:27:49.534 Df PeachCommander[14895:c1ba] [com.apple.xpc:connection] [0xa698b0280] activating connection: mach=false listener=false peer=false name=com.apple.hiservices-xpcservice
2026-09-09 19:27:49.535 I  PeachCommander[14895:c1ba] [com.apple.CFPasteboard:entry] CopyData('ApplePerContextInputPasteboard' (<CFUUID 0xa6b015e20> 41A65115-8BC6-457F-84B6-E7495F04495D) gen: -1 item: 1264739405 flavor: 'ApplePerContextInputFlavor')
2026-09-09 19:27:49.535 I  PeachCommander[14895:c1ba] [com.apple.CFPasteboard:cache] Rebuilding cache for 'ApplePerContextInputPasteboard' (<CFUUID 0xa6b015e20> 41A65115-8BC6-457F-84B6-E7495F04495D)
2026-09-09 19:27:49.535 I  PeachCommander[14895:c1ba] [com.apple.CFPasteboard:general] Will request data from daemon
2026-09-09 19:27:49.535 I  PeachCommander[14895:c1ba] [com.apple.CFPasteboard:exit] (not-in-cache) - result: 0 generation: 1 data (182 bytes) flags: 0
2026-09-09 19:27:49.535 I  PeachCommander[14895:c1ba] [com.apple.CFPasteboard:entry] CopyData('DefaultAsciiKeyboardLayoutPasteboard' (<CFUUID 0xa6b1d5800> 575447CA-A35B-4B43-B9A1-D608F9932256) gen: -1 item: 1264739405 flavor: 'DefaultAsciiKeyboardLayoutFlavor')
2026-09-09 19:27:49.535 I  PeachCommander[14895:c1ba] [com.apple.CFPasteboard:exit] (not-in-cache) - result: -8 generation: 0 null data flags: 0
2026-09-09 19:27:49.537 I  PeachCommander[14895:c1ba] [com.apple.AppKit:Window] context (0 -> 4ea33b56) for window 2e4
2026-09-09 19:27:49.537 Df PeachCommander[14895:c1ba] [com.apple.inputmethodkitClient:Client] +[IMKClient subclass]: chose IMKClient_Modern
2026-09-09 19:27:49.537 Df PeachCommander[14895:c1ba] [com.apple.BoardServices:XPCErrors] [C:2] Alloc com.apple.backboard.hid-services.xpc
2026-09-09 19:27:49.537 Df PeachCommander[14895:c1ba] [com.apple.xpc:connection] [0xa698b03c0] activating connection: mach=false listener=false peer=false name=(anonymous)
2026-09-09 19:27:49.537 E  PeachCommander[14895:c1c1] [com.apple.BaseBoard:Common] Unable to obtain a task name port right for pid 167: (os/kern) failure (0x5)
2026-09-09 19:27:49.538 Df PeachCommander[14895:c1c1] [com.apple.xpc:connection] [0xa698b08c0] activating connection: mach=false listener=false peer=false name=com.apple.TextInputUI.xpc.CursorUIViewService
2026-09-09 19:27:49.538 Df PeachCommander[14895:c1cc] [com.apple.xpc:connection] [0xa698b08c0] invalidated after the last release of the connection object
2026-09-09 19:27:49.538 I  PeachCommander[14895:c1ba] [com.apple.CFPasteboard:entry] CopyData('DefaultAsciiKeyboardLayoutPasteboard' (<CFUUID 0xa6b1d5800> 575447CA-A35B-4B43-B9A1-D608F9932256) gen: -1 item: 1264739405 flavor: 'DefaultAsciiKeyboardLayoutFlavor')
2026-09-09 19:27:49.538 I  PeachCommander[14895:c1ba] [com.apple.CFPasteboard:exit] (not-in-cache) - result: -8 generation: 0 null data flags: 0
2026-09-09 19:27:49.538 Df PeachCommander[14895:c1ba] [com.apple.xpc:connection] [0xa698b0a00] activating connection: mach=false listener=false peer=false name=(anonymous)
2026-09-09 19:27:49.539 Df PeachCommander[14895:c1ba] [com.apple.xpc:connection] [0xa698b08c0] activating connection: mach=false listener=false peer=false name=com.apple.ViewBridgeAuxiliary
2026-09-09 19:27:49.539 Df PeachCommander[14895:c1ba] [com.apple.xpc:connection] [0xa698b0b40] activating connection: mach=false listener=false peer=false name=(anonymous)
2026-09-09 19:27:49.539 Df PeachCommander[14895:c1ba] [com.apple.xpc:connection] [0xa698b08c0] invalidated after the last release of the connection object
2026-09-09 19:27:49.554 Df PeachCommander[14895:c1ba] [com.apple.TextInputUI:CursorUI] -[TUINSCursorUIController activate:]_block_invoke: Create CursorUIViewService: TUINSRemoteViewController
2026-09-09 19:27:49.555 I  PeachCommander[14895:c1ba] [com.apple.AppKit:Window] window <TUINSWindow: 0xa69c8e580> windowNumber=2e4 finishing close
2026-09-09 19:27:49.555 I  PeachCommander[14895:c1ba] [com.apple.AppKit:Window] order window: 2e4 op: 0 relative: 0 related: 0
2026-09-09 19:27:49.556 A  PeachCommander[14895:c1c1] (CoreFoundation) Loading Preferences From System CFPrefsD
2026-09-09 19:27:49.561 I  PeachCommander[14895:c1ba] [com.apple.AppKit:Image] ISImage reported a placeholder, image rep is providing a placeholder image for <private>
2026-09-09 19:27:49.566 I  PeachCommander[14895:c1ba] [com.apple.AppKit:Image] ISImage reported a placeholder, image rep is providing a placeholder image for <private>
2026-09-09 19:27:49.567 I  PeachCommander[14895:c1ba] [com.apple.AppKit:Image] ISImage reported a placeholder, image rep is providing a placeholder image for <private>
2026-09-09 19:27:49.567 I  PeachCommander[14895:c1ba] [com.apple.AppKit:Image] ISImage reported a placeholder, image rep is providing a placeholder image for <private>
2026-09-09 19:27:49.568 I  PeachCommander[14895:c1ba] [com.apple.AppKit:Image] ISImage reported a placeholder, image rep is providing a placeholder image for <private>
2026-09-09 19:27:49.568 I  PeachCommander[14895:c1ba] [com.apple.AppKit:Image] ISImage reported a placeholder, image rep is providing a placeholder image for <private>
2026-09-09 19:27:49.570 I  PeachCommander[14895:c1ba] [com.apple.AppKit:Image] ISImage reported a placeholder, image rep is providing a placeholder image for <private>
2026-09-09 19:27:49.570 I  PeachCommander[14895:c1ba] [com.apple.AppKit:Image] ISImage reported a placeholder, image rep is providing a placeholder image for <private>
2026-09-09 19:27:49.571 I  PeachCommander[14895:c1ba] [com.apple.AppKit:Image] ISImage reported a placeholder, image rep is providing a placeholder image for <private>
2026-09-09 19:27:49.571 I  PeachCommander[14895:c1ba] [com.apple.AppKit:Image] ISImage reported a placeholder, image rep is providing a placeholder image for <private>
2026-09-09 19:27:49.572 I  PeachCommander[14895:c1ba] [com.apple.AppKit:Image] ISImage reported a placeholder, image rep is providing a placeholder image for <private>
2026-09-09 19:27:49.572 I  PeachCommander[14895:c1ba] [com.apple.AppKit:Image] ISImage reported a placeholder, image rep is providing a placeholder image for <private>
2026-09-09 19:27:49.574 I  PeachCommander[14895:c1ba] [com.apple.AppKit:Image] ISImage reported a placeholder, image rep is providing a placeholder image for <private>
2026-09-09 19:27:49.574 I  PeachCommander[14895:c1ba] [com.apple.AppKit:Image] ISImage reported a placeholder, image rep is providing a placeholder image for <private>
2026-09-09 19:27:49.575 I  PeachCommander[14895:c1ba] [com.apple.AppKit:Image] ISImage reported a placeholder, image rep is providing a placeholder image for <private>
2026-09-09 19:27:49.575 I  PeachCommander[14895:c1ba] [com.apple.AppKit:Image] ISImage reported a placeholder, image rep is providing a placeholder image for <private>
2026-09-09 19:27:49.576 I  PeachCommander[14895:c1ba] [com.apple.AppKit:Image] ISImage reported a placeholder, image rep is providing a placeholder image for <private>
2026-09-09 19:27:49.576 I  PeachCommander[14895:c1ba] [com.apple.AppKit:Image] ISImage reported a placeholder, image rep is providing a placeholder image for <private>
2026-09-09 19:27:49.577 I  PeachCommander[14895:c1ba] [com.apple.AppKit:Image] ISImage reported a placeholder, image rep is providing a placeholder image for <private>
2026-09-09 19:27:49.577 I  PeachCommander[14895:c1ba] [com.apple.AppKit:Image] ISImage reported a placeholder, image rep is providing a placeholder image for <private>
2026-09-09 19:27:49.578 I  PeachCommander[14895:c1ba] [com.apple.AppKit:Image] ISImage reported a placeholder, image rep is providing a placeholder image for <private>
2026-09-09 19:27:49.578 I  PeachCommander[14895:c1ba] [com.apple.AppKit:Image] ISImage reported a placeholder, image rep is providing a placeholder image for <private>
2026-09-09 19:27:49.579 I  PeachCommander[14895:c1ba] [com.apple.AppKit:Image] ISImage reported a placeholder, image rep is providing a placeholder image for <private>
2026-09-09 19:27:49.579 I  PeachCommander[14895:c1ba] [com.apple.AppKit:Image] ISImage reported a placeholder, image rep is providing a placeholder image for <private>
2026-09-09 19:27:49.580 I  PeachCommander[14895:c1ba] [com.apple.AppKit:Image] ISImage reported a placeholder, image rep is providing a placeholder image for <private>
2026-09-09 19:27:49.581 I  PeachCommander[14895:c1ba] [com.apple.AppKit:Image] ISImage reported a placeholder, image rep is providing a placeholder image for <private>
2026-09-09 19:27:49.582 I  PeachCommander[14895:c1ba] [com.apple.AppKit:Image] ISImage reported a placeholder, image rep is providing a placeholder image for <private>
2026-09-09 19:27:49.582 I  PeachCommander[14895:c1ba] [com.apple.AppKit:Image] ISImage reported a placeholder, image rep is providing a placeholder image for <private>
2026-09-09 19:27:49.585 I  PeachCommander[14895:c1ba] [com.apple.AppKit:Image] ISImage reported a placeholder, image rep is providing a placeholder image for <private>
2026-09-09 19:27:49.585 I  PeachCommander[14895:c1ba] [com.apple.AppKit:Image] ISImage reported a placeholder, image rep is providing a placeholder image for <private>
2026-09-09 19:27:49.586 I  PeachCommander[14895:c1ba] [com.apple.AppKit:Image] ISImage reported a placeholder, image rep is providing a placeholder image for <private>
2026-09-09 19:27:49.586 I  PeachCommander[14895:c1ba] [com.apple.AppKit:Image] ISImage reported a placeholder, image rep is providing a placeholder image for <private>
2026-09-09 19:27:49.593 I  PeachCommander[14895:c1ba] [com.apple.AppKit:Image] ISImage reported a placeholder, image rep is providing a placeholder image for <private>
2026-09-09 19:27:49.594 I  PeachCommander[14895:c1ba] [com.apple.AppKit:Image] ISImage reported a placeholder, image rep is providing a placeholder image for <private>
2026-09-09 19:27:49.595 I  PeachCommander[14895:c1ba] [com.apple.AppKit:Image] ISImage reported a placeholder, image rep is providing a placeholder image for <private>
2026-09-09 19:27:49.595 I  PeachCommander[14895:c1ba] [com.apple.AppKit:Image] ISImage reported a placeholder, image rep is providing a placeholder image for <private>
2026-09-09 19:27:49.596 I  PeachCommander[14895:c1ba] [com.apple.AppKit:Image] ISImage reported a placeholder, image rep is providing a placeholder image for <private>
2026-09-09 19:27:49.596 I  PeachCommander[14895:c1ba] [com.apple.AppKit:Image] ISImage reported a placeholder, image rep is providing a placeholder image for <private>
2026-09-09 19:27:49.597 I  PeachCommander[14895:c1ba] [com.apple.AppKit:Image] ISImage reported a placeholder, image rep is providing a placeholder image for <private>
2026-09-09 19:27:49.597 I  PeachCommander[14895:c1ba] [com.apple.AppKit:Image] ISImage reported a placeholder, image rep is providing a placeholder image for <private>
2026-09-09 19:27:49.598 I  PeachCommander[14895:c1ba] [com.apple.AppKit:Image] ISImage reported a placeholder, image rep is providing a placeholder image for <private>
2026-09-09 19:27:49.598 I  PeachCommander[14895:c1ba] [com.apple.AppKit:Image] ISImage reported a placeholder, image rep is providing a placeholder image for <private>
2026-09-09 19:27:49.599 I  PeachCommander[14895:c1ba] [com.apple.AppKit:Image] ISImage reported a placeholder, image rep is providing a placeholder image for <private>
2026-09-09 19:27:49.599 I  PeachCommander[14895:c1ba] [com.apple.AppKit:Image] ISImage reported a placeholder, image rep is providing a placeholder image for <private>
2026-09-09 19:27:49.600 I  PeachCommander[14895:c1ba] [com.apple.AppKit:Image] ISImage reported a placeholder, image rep is providing a placeholder image for <private>
2026-09-09 19:27:49.600 I  PeachCommander[14895:c1ba] [com.apple.AppKit:Image] ISImage reported a placeholder, image rep is providing a placeholder image for <private>
2026-09-09 19:27:49.601 I  PeachCommander[14895:c1ba] [com.apple.AppKit:Image] ISImage reported a placeholder, image rep is providing a placeholder image for <private>
2026-09-09 19:27:49.601 I  PeachCommander[14895:c1ba] [com.apple.AppKit:Image] ISImage reported a placeholder, image rep is providing a placeholder image for <private>
2026-09-09 19:27:49.603 I  PeachCommander[14895:c1ba] [com.apple.AppKit:Image] ISImage reported a placeholder, image rep is providing a placeholder image for <private>
2026-09-09 19:27:49.603 I  PeachCommander[14895:c1ba] [com.apple.AppKit:Image] ISImage reported a placeholder, image rep is providing a placeholder image for <private>
2026-09-09 19:27:49.604 I  PeachCommander[14895:c1ba] [com.apple.AppKit:Image] ISImage reported a placeholder, image rep is providing a placeholder image for <private>
2026-09-09 19:27:49.604 I  PeachCommander[14895:c1ba] [com.apple.AppKit:Image] ISImage reported a placeholder, image rep is providing a placeholder image for <private>
2026-09-09 19:27:49.605 I  PeachCommander[14895:c1ba] [com.apple.AppKit:Image] ISImage reported a placeholder, image rep is providing a placeholder image for <private>
2026-09-09 19:27:49.605 I  PeachCommander[14895:c1ba] [com.apple.AppKit:Image] ISImage reported a placeholder, image rep is providing a placeholder image for <private>
2026-09-09 19:27:49.606 I  PeachCommander[14895:c1ba] [com.apple.AppKit:Image] ISImage reported a placeholder, image rep is providing a placeholder image for <private>
2026-09-09 19:27:49.606 I  PeachCommander[14895:c1ba] [com.apple.AppKit:Image] ISImage reported a placeholder, image rep is providing a placeholder image for <private>
2026-09-09 19:27:49.607 I  PeachCommander[14895:c1ba] [com.apple.AppKit:Image] ISImage reported a placeholder, image rep is providing a placeholder image for <private>
2026-09-09 19:27:49.607 I  PeachCommander[14895:c1ba] [com.apple.AppKit:Image] ISImage reported a placeholder, image rep is providing a placeholder image for <private>
2026-09-09 19:27:49.608 I  PeachCommander[14895:c1ba] [com.apple.AppKit:Image] ISImage reported a placeholder, image rep is providing a placeholder image for <private>
2026-09-09 19:27:49.608 I  PeachCommander[14895:c1ba] [com.apple.AppKit:Image] ISImage reported a placeholder, image rep is providing a placeholder image for <private>
2026-09-09 19:27:49.609 I  PeachCommander[14895:c1ba] [com.apple.AppKit:Image] ISImage reported a placeholder, image rep is providing a placeholder image for <private>
2026-09-09 19:27:49.609 I  PeachCommander[14895:c1ba] [com.apple.AppKit:Image] ISImage reported a placeholder, image rep is providing a placeholder image for <private>
2026-09-09 19:27:49.645 Df PeachCommander[14895:c1ba] [com.apple.BoardServices:XPCErrors] [C:3] Alloc com.apple.backboard.hid-services.xpc
2026-09-09 19:27:49.645 Df PeachCommander[14895:c1ba] [com.apple.xpc:connection] [0xa698b0dc0] activating connection: mach=false listener=false peer=false name=(anonymous)
2026-09-09 19:27:49.645 Df PeachCommander[14895:c1c0] [com.apple.BackBoard:EventDelivery] BKSHIDEventDeliveryManager - connection activation
2026-09-09 19:27:49.661 I  PeachCommander[14895:c1ba] [com.apple.iconservices:foundation] layer data size zero
2026-09-09 19:27:49.662 A  PeachCommander[14895:c1ba] (CoreFoundation) Loading Preferences From User CFPrefsD
2026-09-09 19:27:49.662 I  PeachCommander[14895:c1ba] [com.apple.CoreAnalytics:client] Dropping "com.apple.ImageIO.readerSelection" as it isn't used in any transform (not in the config or budgeted?)
2026-09-09 19:27:49.679 A  PeachCommander[14895:c1cc] (libsystem_info.dylib) Retrieve Group by ID
2026-09-09 19:27:49.679 I  PeachCommander[14895:c1ba] [com.peachcommander:PCFoundation] Session restored
2026-09-09 19:27:49.679 Df PeachCommander[14895:c1ba] (Foundation) <private>
2026-09-09 19:27:49.679 I  PeachCommander[14895:c1ba] [com.peachcommander:PCFoundation] [automation] running /Users/admin/auto.txt
2026-09-09 19:27:49.679 Df PeachCommander[14895:c1ba] (Foundation) <private>
2026-09-09 19:27:49.679 I  PeachCommander[14895:c1ba] [com.peachcommander:PCFoundation] [automation] > active left
2026-09-09 19:27:49.679 Df PeachCommander[14895:c1ba] (Foundation) <private>
2026-09-09 19:27:49.679 I  PeachCommander[14895:c1ba] [com.peachcommander:PCFoundation] [automation] > left /Users/admin/pc-demo
2026-09-09 19:27:49.686 I  PeachCommander[14895:c1ba] [com.apple.AppKit:Image] ISImage reported a placeholder, image rep is providing a placeholder image for <private>
2026-09-09 19:27:49.687 I  PeachCommander[14895:c1ba] [com.apple.AppKit:Image] ISImage reported a placeholder, image rep is providing a placeholder image for <private>
2026-09-09 19:27:49.687 I  PeachCommander[14895:c1ba] [com.apple.AppKit:Image] ISImage reported a placeholder, image rep is providing a placeholder image for <private>
2026-09-09 19:27:49.688 I  PeachCommander[14895:c1ba] [com.apple.AppKit:Image] ISImage reported a placeholder, image rep is providing a placeholder image for <private>
2026-09-09 19:27:49.689 I  PeachCommander[14895:c1ba] [com.apple.AppKit:Image] ISImage reported a placeholder, image rep is providing a placeholder image for <private>
2026-09-09 19:27:49.689 I  PeachCommander[14895:c1ba] [com.apple.AppKit:Image] ISImage reported a placeholder, image rep is providing a placeholder image for <private>
2026-09-09 19:27:49.690 I  PeachCommander[14895:c1ba] [com.apple.AppKit:Image] ISImage reported a placeholder, image rep is providing a placeholder image for <private>
2026-09-09 19:27:49.691 I  PeachCommander[14895:c1ba] [com.apple.AppKit:Image] ISImage reported a placeholder, image rep is providing a placeholder image for <private>
2026-09-09 19:27:49.691 I  PeachCommander[14895:c1ba] [com.apple.AppKit:Image] ISImage reported a placeholder, image rep is providing a placeholder image for <private>
2026-09-09 19:27:49.692 I  PeachCommander[14895:c1ba] [com.apple.AppKit:Image] ISImage reported a placeholder, image rep is providing a placeholder image for <private>
2026-09-09 19:27:49.692 I  PeachCommander[14895:c1ba] [com.apple.AppKit:Image] ISImage reported a placeholder, image rep is providing a placeholder image for <private>
2026-09-09 19:27:49.693 I  PeachCommander[14895:c1ba] [com.apple.AppKit:Image] ISImage reported a placeholder, image rep is providing a placeholder image for <private>
2026-09-09 19:27:49.694 I  PeachCommander[14895:c1ba] [com.apple.AppKit:Image] ISImage reported a placeholder, image rep is providing a placeholder image for <private>
2026-09-09 19:27:49.694 I  PeachCommander[14895:c1ba] [com.apple.AppKit:Image] ISImage reported a placeholder, image rep is providing a placeholder image for <private>
2026-09-09 19:27:49.695 I  PeachCommander[14895:c1ba] [com.apple.AppKit:Image] ISImage reported a placeholder, image rep is providing a placeholder image for <private>
2026-09-09 19:27:49.696 I  PeachCommander[14895:c1ba] [com.apple.AppKit:Image] ISImage reported a placeholder, image rep is providing a placeholder image for <private>
2026-09-09 19:27:49.697 I  PeachCommander[14895:c1ba] [com.apple.AppKit:Image] ISImage reported a placeholder, image rep is providing a placeholder image for <private>
2026-09-09 19:27:49.698 I  PeachCommander[14895:c1ba] [com.apple.AppKit:Image] ISImage reported a placeholder, image rep is providing a placeholder image for <private>
2026-09-09 19:27:49.698 I  PeachCommander[14895:c1ba] [com.apple.AppKit:Image] ISImage reported a placeholder, image rep is providing a placeholder image for <private>
2026-09-09 19:27:49.699 I  PeachCommander[14895:c1ba] [com.apple.AppKit:Image] ISImage reported a placeholder, image rep is providing a placeholder image for <private>
2026-09-09 19:27:49.699 I  PeachCommander[14895:c1ba] [com.apple.AppKit:Image] ISImage reported a placeholder, image rep is providing a placeholder image for <private>
2026-09-09 19:27:49.700 I  PeachCommander[14895:c1ba] [com.apple.AppKit:Image] ISImage reported a placeholder, image rep is providing a placeholder image for <private>
2026-09-09 19:27:49.700 I  PeachCommander[14895:c1ba] [com.apple.AppKit:Image] ISImage reported a placeholder, image rep is providing a placeholder image for <private>
2026-09-09 19:27:49.701 I  PeachCommander[14895:c1ba] [com.apple.AppKit:Image] ISImage reported a placeholder, image rep is providing a placeholder image for <private>
2026-09-09 19:27:49.701 I  PeachCommander[14895:c1ba] [com.apple.AppKit:Image] ISImage reported a placeholder, image rep is providing a placeholder image for <private>
2026-09-09 19:27:49.702 I  PeachCommander[14895:c1ba] [com.apple.AppKit:Image] ISImage reported a placeholder, image rep is providing a placeholder image for <private>
2026-09-09 19:27:49.702 I  PeachCommander[14895:c1ba] [com.apple.AppKit:Image] ISImage reported a placeholder, image rep is providing a placeholder image for <private>
2026-09-09 19:27:49.703 I  PeachCommander[14895:c1ba] [com.apple.AppKit:Image] ISImage reported a placeholder, image rep is providing a placeholder image for <private>
2026-09-09 19:27:49.703 I  PeachCommander[14895:c1ba] [com.apple.AppKit:Image] ISImage reported a placeholder, image rep is providing a placeholder image for <private>
2026-09-09 19:27:49.704 I  PeachCommander[14895:c1ba] [com.apple.AppKit:Image] ISImage reported a placeholder, image rep is providing a placeholder image for <private>
2026-09-09 19:27:49.704 I  PeachCommander[14895:c1ba] [com.apple.AppKit:Image] ISImage reported a placeholder, image rep is providing a placeholder image for <private>
2026-09-09 19:27:49.705 I  PeachCommander[14895:c1ba] [com.apple.AppKit:Image] ISImage reported a placeholder, image rep is providing a placeholder image for <private>
2026-09-09 19:27:49.705 I  PeachCommander[14895:c1ba] [com.apple.AppKit:Image] ISImage reported a placeholder, image rep is providing a placeholder image for <private>
2026-09-09 19:27:49.706 I  PeachCommander[14895:c1ba] [com.apple.AppKit:Image] ISImage reported a placeholder, image rep is providing a placeholder image for <private>
2026-09-09 19:27:49.706 I  PeachCommander[14895:c1ba] [com.apple.AppKit:Image] ISImage reported a placeholder, image rep is providing a placeholder image for <private>
2026-09-09 19:27:49.707 I  PeachCommander[14895:c1ba] [com.apple.AppKit:Image] ISImage reported a placeholder, image rep is providing a placeholder image for <private>
2026-09-09 19:27:49.707 I  PeachCommander[14895:c1ba] [com.apple.AppKit:Image] ISImage reported a placeholder, image rep is providing a placeholder image for <private>
2026-09-09 19:27:49.708 I  PeachCommander[14895:c1ba] [com.apple.AppKit:Image] ISImage reported a placeholder, image rep is providing a placeholder image for <private>
2026-09-09 19:27:49.708 I  PeachCommander[14895:c1ba] [com.apple.AppKit:Image] ISImage reported a placeholder, image rep is providing a placeholder image for <private>
2026-09-09 19:27:49.709 I  PeachCommander[14895:c1ba] [com.apple.AppKit:Image] ISImage reported a placeholder, image rep is providing a placeholder image for <private>
2026-09-09 19:27:49.709 I  PeachCommander[14895:c1ba] [com.apple.AppKit:Image] ISImage reported a placeholder, image rep is providing a placeholder image for <private>
2026-09-09 19:27:49.711 I  PeachCommander[14895:c1ba] [com.apple.AppKit:Image] ISImage reported a placeholder, image rep is providing a placeholder image for <private>
2026-09-09 19:27:49.711 I  PeachCommander[14895:c1ba] [com.apple.AppKit:Image] ISImage reported a placeholder, image rep is providing a placeholder image for <private>
2026-09-09 19:27:49.712 I  PeachCommander[14895:c1ba] [com.apple.AppKit:Image] ISImage reported a placeholder, image rep is providing a placeholder image for <private>
2026-09-09 19:27:49.712 I  PeachCommander[14895:c1ba] [com.apple.AppKit:Image] ISImage reported a placeholder, image rep is providing a placeholder image for <private>
2026-09-09 19:27:49.749 I  PeachCommander[14895:c1ba] [com.apple.CoreAnalytics:client] Dropping "com.apple.appkit.app_config" as it isn't used in any transform (not in the config or budgeted?)
2026-09-09 19:27:49.750 I  PeachCommander[14895:c1ba] [com.apple.launchservices:datasep] application record search init. Node: <FSNode 0xa6bdacbc0> { isDir = y, path = <private> } bundleID: (null) itemID: 0
2026-09-09 19:27:49.750 I  PeachCommander[14895:c1ba] [com.apple.launchservices:datasep] application record search init. Node: <FSNode 0xa6bdacbc0> { isDir = y, path = <private> } bundleID: (null) itemID: 0
2026-09-09 19:27:49.750 I  PeachCommander[14895:c1ba] [com.apple.SafariPlatformSupport:SafariPlatformSupport] -[SFSafariPlatformSupport credentialSelected:] with nil credential
2026-09-09 19:27:49.750 I  PeachCommander[14895:c1ba] [com.apple.SafariPlatformSupport:SafariPlatformSupport] -[SFSafariPlatformSupport oneTimeCodeSelected:] with nil code
2026-09-09 19:27:49.755 I  PeachCommander[14895:c25e] [com.apple.AppKit:WindowTab] Indexing 1 items
2026-09-09 19:27:49.755 A  PeachCommander[14895:c25e] (CoreSpotlight) end-index-batch
2026-09-09 19:27:49.755 Df PeachCommander[14895:c25e] [com.apple.corespotlight:index] *warn* MailCS ======%%% _setMailMessageAttributes skip:1
2026-09-09 19:27:49.755 A  PeachCommander[14895:c25e] (CoreSpotlight) index-items
2026-09-09 19:27:49.755 Df PeachCommander[14895:c25e] [com.apple.corespotlight:index] CSInlineDonation:<private>: Skipping donation (feature flag disabled)
2026-09-09 19:27:49.755 Df PeachCommander[14895:c25e] [com.apple.corespotlight:index] CSInlineDonation:<private>: Skipping donation (feature flag disabled)
2026-09-09 19:27:49.879 I  PeachCommander[14895:c1ba] [com.apple.HIToolbox:MBDisplays] <private>
2026-09-09 19:27:49.879 I  PeachCommander[14895:c1ba] [com.apple.HIToolbox:MBDisplays] <private>
2026-09-09 19:27:50.026 Df PeachCommander[14895:c1c0] [com.apple.xpc:connection] [0xa698b0f00] activating connection: mach=false listener=false peer=false name=com.apple.SafariPlatformSupport.Helper
2026-09-09 19:27:50.041 Df PeachCommander[14895:c1ba] (Foundation) <private>
2026-09-09 19:27:50.041 I  PeachCommander[14895:c1ba] [com.peachcommander:PCFoundation] [automation] > wait 1200
2026-09-09 19:27:50.042 I  PeachCommander[14895:c1ba] [com.apple.AppKit:Image] ISImage reported a placeholder, image rep is providing a placeholder image for <private>
2026-09-09 19:27:50.043 I  PeachCommander[14895:c1ba] [com.apple.AppKit:Image] ISImage reported a placeholder, image rep is providing a placeholder image for <private>
2026-09-09 19:27:50.043 I  PeachCommander[14895:c1ba] [com.apple.AppKit:Image] ISImage reported a placeholder, image rep is providing a placeholder image for <private>
2026-09-09 19:27:50.044 I  PeachCommander[14895:c1ba] [com.apple.AppKit:Image] ISImage reported a placeholder, image rep is providing a placeholder image for <private>
2026-09-09 19:27:50.045 I  PeachCommander[14895:c1ba] [com.apple.AppKit:Image] ISImage reported a placeholder, image rep is providing a placeholder image for <private>
2026-09-09 19:27:50.046 I  PeachCommander[14895:c1ba] [com.apple.AppKit:Image] ISImage reported a placeholder, image rep is providing a placeholder image for <private>
2026-09-09 19:27:50.046 I  PeachCommander[14895:c1ba] [com.apple.AppKit:Image] ISImage reported a placeholder, image rep is providing a placeholder image for <private>
2026-09-09 19:27:50.047 I  PeachCommander[14895:c1ba] [com.apple.AppKit:Image] ISImage reported a placeholder, image rep is providing a placeholder image for <private>
2026-09-09 19:27:50.047 I  PeachCommander[14895:c1ba] [com.apple.AppKit:Image] ISImage reported a placeholder, image rep is providing a placeholder image for <private>
2026-09-09 19:27:50.048 I  PeachCommander[14895:c1ba] [com.apple.AppKit:Image] ISImage reported a placeholder, image rep is providing a placeholder image for <private>
2026-09-09 19:27:50.049 I  PeachCommander[14895:c1ba] [com.apple.AppKit:Image] ISImage reported a placeholder, image rep is providing a placeholder image for <private>
2026-09-09 19:27:50.049 I  PeachCommander[14895:c1ba] [com.apple.AppKit:Image] ISImage reported a placeholder, image rep is providing a placeholder image for <private>
2026-09-09 19:27:50.050 I  PeachCommander[14895:c1ba] [com.apple.AppKit:Image] ISImage reported a placeholder, image rep is providing a placeholder image for <private>
2026-09-09 19:27:50.051 I  PeachCommander[14895:c1ba] [com.apple.AppKit:Image] ISImage reported a placeholder, image rep is providing a placeholder image for <private>
2026-09-09 19:27:50.051 I  PeachCommander[14895:c1ba] [com.apple.AppKit:Image] ISImage reported a placeholder, image rep is providing a placeholder image for <private>
2026-09-09 19:27:50.052 I  PeachCommander[14895:c1ba] [com.apple.AppKit:Image] ISImage reported a placeholder, image rep is providing a placeholder image for <private>
2026-09-09 19:27:50.052 I  PeachCommander[14895:c1ba] [com.apple.AppKit:Image] ISImage reported a placeholder, image rep is providing a placeholder image for <private>
2026-09-09 19:27:50.053 I  PeachCommander[14895:c1ba] [com.apple.AppKit:Image] ISImage reported a placeholder, image rep is providing a placeholder image for <private>
2026-09-09 19:27:50.053 I  PeachCommander[14895:c1ba] [com.apple.AppKit:Image] ISImage reported a placeholder, image rep is providing a placeholder image for <private>
2026-09-09 19:27:50.055 I  PeachCommander[14895:c1ba] [com.apple.AppKit:Image] ISImage reported a placeholder, image rep is providing a placeholder image for <private>
2026-09-09 19:27:50.055 I  PeachCommander[14895:c1ba] [com.apple.AppKit:Image] ISImage reported a placeholder, image rep is providing a placeholder image for <private>
2026-09-09 19:27:50.056 I  PeachCommander[14895:c1ba] [com.apple.AppKit:Image] ISImage reported a placeholder, image rep is providing a placeholder image for <private>
2026-09-09 19:27:50.056 I  PeachCommander[14895:c1ba] [com.apple.AppKit:Image] ISImage reported a placeholder, image rep is providing a placeholder image for <private>
2026-09-09 19:27:50.057 I  PeachCommander[14895:c1ba] [com.apple.AppKit:Image] ISImage reported a placeholder, image rep is providing a placeholder image for <private>
2026-09-09 19:27:50.057 I  PeachCommander[14895:c1ba] [com.apple.AppKit:Image] ISImage reported a placeholder, image rep is providing a placeholder image for <private>
2026-09-09 19:27:50.058 I  PeachCommander[14895:c1ba] [com.apple.AppKit:Image] ISImage reported a placeholder, image rep is providing a placeholder image for <private>
2026-09-09 19:27:50.058 I  PeachCommander[14895:c1ba] [com.apple.AppKit:Image] ISImage reported a placeholder, image rep is providing a placeholder image for <private>
2026-09-09 19:27:50.059 I  PeachCommander[14895:c1ba] [com.apple.AppKit:Image] ISImage reported a placeholder, image rep is providing a placeholder image for <private>
2026-09-09 19:27:50.059 I  PeachCommander[14895:c1ba] [com.apple.AppKit:Image] ISImage reported a placeholder, image rep is providing a placeholder image for <private>
2026-09-09 19:27:50.060 I  PeachCommander[14895:c1ba] [com.apple.AppKit:Image] ISImage reported a placeholder, image rep is providing a placeholder image for <private>
2026-09-09 19:27:50.060 I  PeachCommander[14895:c1ba] [com.apple.AppKit:Image] ISImage reported a placeholder, image rep is providing a placeholder image for <private>
2026-09-09 19:27:50.061 I  PeachCommander[14895:c1ba] [com.apple.AppKit:Image] ISImage reported a placeholder, image rep is providing a placeholder image for <private>
2026-09-09 19:27:50.061 I  PeachCommander[14895:c1ba] [com.apple.AppKit:Image] ISImage reported a placeholder, image rep is providing a placeholder image for <private>
2026-09-09 19:27:50.063 I  PeachCommander[14895:c1ba] [com.apple.AppKit:Image] ISImage reported a placeholder, image rep is providing a placeholder image for <private>
2026-09-09 19:27:50.063 I  PeachCommander[14895:c1ba] [com.apple.AppKit:Image] ISImage reported a placeholder, image rep is providing a placeholder image for <private>
2026-09-09 19:27:50.063 I  PeachCommander[14895:c1c0] [com.apple.iconservices:foundation] layer data size zero
2026-09-09 19:27:50.064 I  PeachCommander[14895:c1ba] [com.apple.AppKit:Image] ISImage reported a placeholder, image rep is providing a placeholder image for <private>
2026-09-09 19:27:50.064 I  PeachCommander[14895:c1ba] [com.apple.AppKit:Image] ISImage reported a placeholder, image rep is providing a placeholder image for <private>
2026-09-09 19:27:50.065 I  PeachCommander[14895:c1ba] [com.apple.AppKit:Image] ISImage reported a placeholder, image rep is providing a placeholder image for <private>
2026-09-09 19:27:50.065 I  PeachCommander[14895:c1ba] [com.apple.AppKit:Image] ISImage reported a placeholder, image rep is providing a placeholder image for <private>
2026-09-09 19:27:50.066 I  PeachCommander[14895:c1ba] [com.apple.AppKit:Image] ISImage reported a placeholder, image rep is providing a placeholder image for <private>
2026-09-09 19:27:50.066 I  PeachCommander[14895:c1ba] [com.apple.AppKit:Image] ISImage reported a placeholder, image rep is providing a placeholder image for <private>
2026-09-09 19:27:50.068 I  PeachCommander[14895:c1ba] [com.apple.AppKit:Image] ISImage reported a placeholder, image rep is providing a placeholder image for <private>
2026-09-09 19:27:50.068 I  PeachCommander[14895:c1ba] [com.apple.AppKit:Image] ISImage reported a placeholder, image rep is providing a placeholder image for <private>
2026-09-09 19:27:50.069 I  PeachCommander[14895:c1ba] [com.apple.AppKit:Image] ISImage reported a placeholder, image rep is providing a placeholder image for <private>
2026-09-09 19:27:50.069 I  PeachCommander[14895:c1ba] [com.apple.AppKit:Image] ISImage reported a placeholder, image rep is providing a placeholder image for <private>
2026-09-09 19:27:50.074 I  PeachCommander[14895:c1c0] [com.apple.iconservices:foundation] layer data size zero
2026-09-09 19:27:50.078 Df PeachCommander[14895:c1c0] [com.apple.xpc:connection] [0xa698b0f00] invalidated after the last release of the connection object
2026-09-09 19:27:50.105 I  PeachCommander[14895:c1ba] [com.apple.launchservices:cas] Removing cached information for app [ 0x0-0xb90b9]  "PeachCommander", as its seed is different from that in shared memory ( 535 vs 537)
2026-09-09 19:27:50.105 Df PeachCommander[14895:c1ba] [com.apple.xpc:connection] [0xa698b1180] activating connection: mach=false listener=false peer=false name=(anonymous)
2026-09-09 19:27:50.105 Df PeachCommander[14895:c1ba] [com.apple.xpc:connection] [0xa698b0f00] activating connection: mach=false listener=false peer=false name=(anonymous)
2026-09-09 19:27:50.107 I  PeachCommander[14895:c1ba] [com.apple.AppKit:Image] ISImage reported a placeholder, image rep is providing a placeholder image for <private>
2026-09-09 19:27:50.107 I  PeachCommander[14895:c1ba] [com.apple.AppKit:Image] ISImage reported a placeholder, image rep is providing a placeholder image for <private>
2026-09-09 19:27:50.107 I  PeachCommander[14895:c1ba] [com.apple.AppKit:Image] ISImage reported a placeholder, image rep is providing a placeholder image for <private>
2026-09-09 19:27:50.108 I  PeachCommander[14895:c1ba] [com.apple.AppKit:Image] ISImage reported a placeholder, image rep is providing a placeholder image for <private>
2026-09-09 19:27:50.108 I  PeachCommander[14895:c1ba] [com.apple.AppKit:Image] ISImage reported a placeholder, image rep is providing a placeholder image for <private>
2026-09-09 19:27:50.108 I  PeachCommander[14895:c1ba] [com.apple.AppKit:Image] ISImage reported a placeholder, image rep is providing a placeholder image for <private>
2026-09-09 19:27:50.108 I  PeachCommander[14895:c1ba] [com.apple.AppKit:Image] ISImage reported a placeholder, image rep is providing a placeholder image for <private>
2026-09-09 19:27:50.108 I  PeachCommander[14895:c1ba] [com.apple.AppKit:Image] ISImage reported a placeholder, image rep is providing a placeholder image for <private>
2026-09-09 19:27:50.108 I  PeachCommander[14895:c1ba] [com.apple.AppKit:Image] ISImage reported a placeholder, image rep is providing a placeholder image for <private>
2026-09-09 19:27:50.108 I  PeachCommander[14895:c1ba] [com.apple.AppKit:Image] ISImage reported a placeholder, image rep is providing a placeholder image for <private>
2026-09-09 19:27:50.108 I  PeachCommander[14895:c1ba] [com.apple.AppKit:Image] ISImage reported a placeholder, image rep is providing a placeholder image for <private>
2026-09-09 19:27:50.108 I  PeachCommander[14895:c1ba] [com.apple.AppKit:Image] ISImage reported a placeholder, image rep is providing a placeholder image for <private>
2026-09-09 19:27:50.109 I  PeachCommander[14895:c1ba] [com.apple.AppKit:Image] ISImage reported a placeholder, image rep is providing a placeholder image for <private>
2026-09-09 19:27:50.109 I  PeachCommander[14895:c1ba] [com.apple.AppKit:Image] ISImage reported a placeholder, image rep is providing a placeholder image for <private>
2026-09-09 19:27:50.109 I  PeachCommander[14895:c1ba] [com.apple.AppKit:Image] ISImage reported a placeholder, image rep is providing a placeholder image for <private>
2026-09-09 19:27:50.109 I  PeachCommander[14895:c1ba] [com.apple.AppKit:Image] ISImage reported a placeholder, image rep is providing a placeholder image for <private>
2026-09-09 19:27:50.109 I  PeachCommander[14895:c1ba] [com.apple.AppKit:Image] ISImage reported a placeholder, image rep is providing a placeholder image for <private>
2026-09-09 19:27:50.109 I  PeachCommander[14895:c1ba] [com.apple.AppKit:Image] ISImage reported a placeholder, image rep is providing a placeholder image for <private>
2026-09-09 19:27:50.122 I  PeachCommander[14895:c1ba] [com.apple.iconservices:foundation] layer data size zero
2026-09-09 19:27:50.122 I  PeachCommander[14895:c1ba] [com.apple.iconservices:foundation] layer data size zero
2026-09-09 19:27:50.122 I  PeachCommander[14895:c1ba] [com.apple.iconservices:foundation] layer data size zero
2026-09-09 19:27:50.123 I  PeachCommander[14895:c1ba] [com.apple.iconservices:foundation] layer data size zero
2026-09-09 19:27:50.252 I  PeachCommander[14895:c1ba] [com.apple.AppKit:Image] ISImage reported a placeholder, image rep is providing a placeholder image for <private>
2026-09-09 19:27:50.252 I  PeachCommander[14895:c1ba] [com.apple.AppKit:Image] ISImage reported a placeholder, image rep is providing a placeholder image for <private>
2026-09-09 19:27:50.252 I  PeachCommander[14895:c1ba] [com.apple.AppKit:Image] ISImage reported a placeholder, image rep is providing a placeholder image for <private>
2026-09-09 19:27:50.256 I  PeachCommander[14895:c1ba] [com.apple.AppKit:Image] ISImage reported a placeholder, image rep is providing a placeholder image for <private>
2026-09-09 19:27:50.256 I  PeachCommander[14895:c1ba] [com.apple.AppKit:Image] ISImage reported a placeholder, image rep is providing a placeholder image for <private>
2026-09-09 19:27:50.256 I  PeachCommander[14895:c1ba] [com.apple.AppKit:Image] ISImage reported a placeholder, image rep is providing a placeholder image for <private>
2026-09-09 19:27:50.266 I  PeachCommander[14895:c1ba] [com.apple.AppKit:Image] ISImage reported a placeholder, image rep is providing a placeholder image for <private>
2026-09-09 19:27:50.267 I  PeachCommander[14895:c1ba] [com.apple.AppKit:Image] ISImage reported a placeholder, image rep is providing a placeholder image for <private>
2026-09-09 19:27:50.268 I  PeachCommander[14895:c1ba] [com.apple.AppKit:Image] ISImage reported a placeholder, image rep is providing a placeholder image for <private>
2026-09-09 19:27:50.268 I  PeachCommander[14895:c1ba] [com.apple.AppKit:Image] ISImage reported a placeholder, image rep is providing a placeholder image for <private>
2026-09-09 19:27:50.269 I  PeachCommander[14895:c1ba] [com.apple.AppKit:Image] ISImage reported a placeholder, image rep is providing a placeholder image for <private>
2026-09-09 19:27:50.270 I  PeachCommander[14895:c1ba] [com.apple.AppKit:Image] ISImage reported a placeholder, image rep is providing a placeholder image for <private>
2026-09-09 19:27:50.270 I  PeachCommander[14895:c1ba] [com.apple.AppKit:Image] ISImage reported a placeholder, image rep is providing a placeholder image for <private>
2026-09-09 19:27:50.271 I  PeachCommander[14895:c1ba] [com.apple.AppKit:Image] ISImage reported a placeholder, image rep is providing a placeholder image for <private>
2026-09-09 19:27:50.272 I  PeachCommander[14895:c1ba] [com.apple.AppKit:Image] ISImage reported a placeholder, image rep is providing a placeholder image for <private>
2026-09-09 19:27:50.272 I  PeachCommander[14895:c1ba] [com.apple.AppKit:Image] ISImage reported a placeholder, image rep is providing a placeholder image for <private>
2026-09-09 19:27:50.273 I  PeachCommander[14895:c1ba] [com.apple.AppKit:Image] ISImage reported a placeholder, image rep is providing a placeholder image for <private>
2026-09-09 19:27:50.274 I  PeachCommander[14895:c1ba] [com.apple.AppKit:Image] ISImage reported a placeholder, image rep is providing a placeholder image for <private>
2026-09-09 19:27:50.274 I  PeachCommander[14895:c1ba] [com.apple.AppKit:Image] ISImage reported a placeholder, image rep is providing a placeholder image for <private>
2026-09-09 19:27:50.275 I  PeachCommander[14895:c1ba] [com.apple.AppKit:Image] ISImage reported a placeholder, image rep is providing a placeholder image for <private>
2026-09-09 19:27:50.275 I  PeachCommander[14895:c1ba] [com.apple.AppKit:Image] ISImage reported a placeholder, image rep is providing a placeholder image for <private>
2026-09-09 19:27:50.277 I  PeachCommander[14895:c1ba] [com.apple.AppKit:Image] ISImage reported a placeholder, image rep is providing a placeholder image for <private>
2026-09-09 19:27:50.277 I  PeachCommander[14895:c1ba] [com.apple.AppKit:Image] ISImage reported a placeholder, image rep is providing a placeholder image for <private>
2026-09-09 19:27:50.278 I  PeachCommander[14895:c1ba] [com.apple.AppKit:Image] ISImage reported a placeholder, image rep is providing a placeholder image for <private>
2026-09-09 19:27:50.278 I  PeachCommander[14895:c1ba] [com.apple.AppKit:Image] ISImage reported a placeholder, image rep is providing a placeholder image for <private>
2026-09-09 19:27:50.279 I  PeachCommander[14895:c1ba] [com.apple.AppKit:Image] ISImage reported a placeholder, image rep is providing a placeholder image for <private>
2026-09-09 19:27:50.279 I  PeachCommander[14895:c1ba] [com.apple.AppKit:Image] ISImage reported a placeholder, image rep is providing a placeholder image for <private>
2026-09-09 19:27:50.280 I  PeachCommander[14895:c1ba] [com.apple.AppKit:Image] ISImage reported a placeholder, image rep is providing a placeholder image for <private>
2026-09-09 19:27:50.280 I  PeachCommander[14895:c1ba] [com.apple.AppKit:Image] ISImage reported a placeholder, image rep is providing a placeholder image for <private>
2026-09-09 19:27:50.281 I  PeachCommander[14895:c1ba] [com.apple.AppKit:Image] ISImage reported a placeholder, image rep is providing a placeholder image for <private>
2026-09-09 19:27:50.281 I  PeachCommander[14895:c1ba] [com.apple.AppKit:Image] ISImage reported a placeholder, image rep is providing a placeholder image for <private>
2026-09-09 19:27:50.282 I  PeachCommander[14895:c1ba] [com.apple.AppKit:Image] ISImage reported a placeholder, image rep is providing a placeholder image for <private>
2026-09-09 19:27:50.282 I  PeachCommander[14895:c1ba] [com.apple.AppKit:Image] ISImage reported a placeholder, image rep is providing a placeholder image for <private>
2026-09-09 19:27:50.283 I  PeachCommander[14895:c1ba] [com.apple.AppKit:Image] ISImage reported a placeholder, image rep is providing a placeholder image for <private>
2026-09-09 19:27:50.283 I  PeachCommander[14895:c1ba] [com.apple.AppKit:Image] ISImage reported a placeholder, image rep is providing a placeholder image for <private>
2026-09-09 19:27:50.285 I  PeachCommander[14895:c1ba] [com.apple.AppKit:Image] ISImage reported a placeholder, image rep is providing a placeholder image for <private>
2026-09-09 19:27:50.285 I  PeachCommander[14895:c1ba] [com.apple.AppKit:Image] ISImage reported a placeholder, image rep is providing a placeholder image for <private>
2026-09-09 19:27:50.286 I  PeachCommander[14895:c1ba] [com.apple.AppKit:Image] ISImage reported a placeholder, image rep is providing a placeholder image for <private>
2026-09-09 19:27:50.286 I  PeachCommander[14895:c1ba] [com.apple.AppKit:Image] ISImage reported a placeholder, image rep is providing a placeholder image for <private>
2026-09-09 19:27:50.287 I  PeachCommander[14895:c1ba] [com.apple.AppKit:Image] ISImage reported a placeholder, image rep is providing a placeholder image for <private>
2026-09-09 19:27:50.287 I  PeachCommander[14895:c1ba] [com.apple.AppKit:Image] ISImage reported a placeholder, image rep is providing a placeholder image for <private>
2026-09-09 19:27:50.287 I  PeachCommander[14895:c266] [com.apple.iconservices:foundation] layer data size zero
2026-09-09 19:27:50.288 I  PeachCommander[14895:c1ba] [com.apple.AppKit:Image] ISImage reported a placeholder, image rep is providing a placeholder image for <private>
2026-09-09 19:27:50.288 I  PeachCommander[14895:c1ba] [com.apple.AppKit:Image] ISImage reported a placeholder, image rep is providing a placeholder image for <private>
2026-09-09 19:27:50.288 I  PeachCommander[14895:c266] [com.apple.iconservices:foundation] layer data size zero
2026-09-09 19:27:50.289 I  PeachCommander[14895:c1ba] [com.apple.AppKit:Image] ISImage reported a placeholder, image rep is providing a placeholder image for <private>
2026-09-09 19:27:50.289 I  PeachCommander[14895:c1ba] [com.apple.AppKit:Image] ISImage reported a placeholder, image rep is providing a placeholder image for <private>
2026-09-09 19:27:50.289 I  PeachCommander[14895:c266] [com.apple.iconservices:foundation] layer data size zero
2026-09-09 19:27:50.290 I  PeachCommander[14895:c1ba] [com.apple.AppKit:Image] ISImage reported a placeholder, image rep is providing a placeholder image for <private>
2026-09-09 19:27:50.290 I  PeachCommander[14895:c1ba] [com.apple.AppKit:Image] ISImage reported a placeholder, image rep is providing a placeholder image for <private>
2026-09-09 19:27:50.291 I  PeachCommander[14895:c1ba] [com.apple.AppKit:Image] ISImage reported a placeholder, image rep is providing a placeholder image for <private>
2026-09-09 19:27:50.292 I  PeachCommander[14895:c1ba] [com.apple.AppKit:Image] ISImage reported a placeholder, image rep is providing a placeholder image for <private>
2026-09-09 19:27:50.293 I  PeachCommander[14895:c1ba] [com.apple.AppKit:Image] ISImage reported a placeholder, image rep is providing a placeholder image for <private>
2026-09-09 19:27:50.293 I  PeachCommander[14895:c1ba] [com.apple.AppKit:Image] ISImage reported a placeholder, image rep is providing a placeholder image for <private>
2026-09-09 19:27:50.293 I  PeachCommander[14895:c266] [com.apple.iconservices:foundation] layer data size zero
2026-09-09 19:27:50.333 I  PeachCommander[14895:c1ba] [com.apple.SafariPlatformSupport:SafariPlatformSupport] -[SPSafariPlatformSupport completionListPreferredContentSizeDidUpdate] with size {0, 0}, in window that is visible
2026-09-09 19:27:50.406 I  PeachCommander[14895:c1c5] [com.apple.AppKit:WindowTab] Indexing 1 items
2026-09-09 19:27:50.406 A  PeachCommander[14895:c1c5] (CoreSpotlight) end-index-batch
2026-09-09 19:27:50.406 A  PeachCommander[14895:c1c5] (CoreSpotlight) index-items
2026-09-09 19:27:50.406 Df PeachCommander[14895:c1c5] [com.apple.corespotlight:index] CSInlineDonation:<private>: Skipping donation (feature flag disabled)
2026-09-09 19:27:50.406 Df PeachCommander[14895:c1c5] [com.apple.corespotlight:index] CSInlineDonation:<private>: Skipping donation (feature flag disabled)
2026-09-09 19:27:51.317 Df PeachCommander[14895:c1ba] (Foundation) <private>
2026-09-09 19:27:51.317 I  PeachCommander[14895:c1ba] [com.peachcommander:PCFoundation] [automation] > placeview plugin.terminal.view|default
2026-09-09 19:27:51.317 Df PeachCommander[14895:c1ba] (Foundation) <private>
2026-09-09 19:27:51.317 Df PeachCommander[14895:c1ba] (Foundation) <private>
2026-09-09 19:27:51.317 I  PeachCommander[14895:c1ba] [com.peachcommander:PCFoundation] [automation] > wait 800
2026-09-09 19:27:52.127 Df PeachCommander[14895:c1ba] (Foundation) <private>
2026-09-09 19:27:52.127 I  PeachCommander[14895:c1ba] [com.peachcommander:PCFoundation] [automation] > dock on
2026-09-09 19:27:52.128 Df PeachCommander[14895:c1ba] (Foundation) <private>
2026-09-09 19:27:52.128 I  PeachCommander[14895:c1ba] [com.peachcommander:PCFoundation] [automation] > wait 5000
2026-09-09 19:27:52.129 Df PeachCommander[14895:c1cc] [com.apple.xpc:connection] [0xa698b12c0] activating connection: mach=false listener=false peer=false name=com.apple.TextInputUI.xpc.CursorUIViewService
2026-09-09 19:27:52.129 Df PeachCommander[14895:c25e] [com.apple.xpc:connection] [0xa698b12c0] invalidated after the last release of the connection object
2026-09-09 19:27:52.130 Df PeachCommander[14895:c1ba] [com.apple.xpc:connection] [0xa698b1400] activating connection: mach=false listener=false peer=false name=(anonymous)
2026-09-09 19:27:52.130 Df PeachCommander[14895:c1ba] [com.apple.xpc:connection] [0xa698b12c0] activating connection: mach=false listener=false peer=false name=(anonymous)
2026-09-09 19:27:52.138 Df PeachCommander[14895:c1ba] [com.apple.TextInputUI:CursorUI] -[TUINSCursorUIController activate:]_block_invoke: Create CursorUIViewService: TUINSRemoteViewController
2026-09-09 19:27:52.138 Df PeachCommander[14895:c1ba] [com.apple.xpc:connection] [0xa698b0b40] invalidated because the current process cancelled the connection by calling xpc_connection_cancel()
2026-09-09 19:27:52.138 Df PeachCommander[14895:c1ba] [com.apple.xpc:connection] [0xa698b0a00] invalidated because the current process cancelled the connection by calling xpc_connection_cancel()
2026-09-09 19:27:52.138 E  PeachCommander[14895:c1ba] [com.apple.TextInputUI:CursorUI] ViewBridge to RemoteViewService Terminated: Error Domain=com.apple.ViewBridge Code=18 UserInfo={com.apple.ViewBridge.error.hint=this process disconnected remote view controller -- benign unless unexpected, com.apple.ViewBridge.error.description=NSViewBridgeErrorCanceled}
2026-09-09 19:27:52.230 I  PeachCommander[14895:c1ba] [com.apple.SafariPlatformSupport:SafariPlatformSupport] -[SFSafariPlatformSupport credentialSelected:] with nil credential
2026-09-09 19:27:52.230 I  PeachCommander[14895:c1ba] [com.apple.SafariPlatformSupport:SafariPlatformSupport] -[SFSafariPlatformSupport oneTimeCodeSelected:] with nil code
2026-09-09 19:27:57.386 Df PeachCommander[14895:c1ba] (Foundation) <private>
2026-09-09 19:27:57.386 I  PeachCommander[14895:c1ba] [com.peachcommander:PCFoundation] [automation] > keyequivmenu W+f|/Users/admin/find-term.txt
2026-09-09 19:27:57.389 Df PeachCommander[14895:c1ba] [com.apple.iohid:oversized] Released connection: 686C608E-2944-426E-A5E9-59DBCB8F1C36
{
    UUID = "686C608E-2944-426E-A5E9-59DBCB8F1C36";
    caller = "HIToolbox: _TISCopyAttachedKeyboardLanguages + 112";
    dispatchQueue = 0;
    eventCount = 0;
    eventMask = 0;
    port = 75275;
    resetCount = 0;
    runloop = 0;
    services =     (
        2456617207463937,
        4294968083
    );
    virtualServices =     (
    );
}
2026-09-09 19:27:57.389 I  PeachCommander[14895:c1ba] [com.apple.CoreAnalytics:client] Dropping "com.apple.keyboard.shortcut" as it isn't used in any transform (not in the config or budgeted?)
2026-09-09 19:27:57.389 A  PeachCommander[14895:c1ba] (AppKit) performKeyEquivalent:
2026-09-09 19:27:57.390 A  PeachCommander[14895:c1ba] (AppKit) sendAction:
2026-09-09 19:27:57.414 Df PeachCommander[14895:c1ba] [com.apple.AppKit:Pasteboard] NSPasteboard (name: Apple CFPasteboard find): data requested for type public.utf8-plain-text at index 0
2026-09-09 19:27:57.414 I  PeachCommander[14895:c1ba] [com.apple.CFPasteboard:entry] CopyItemsAndFlavors('Apple CFPasteboard find (<CFUUID 0xa6c3a9580> 8BB781A1-AE3E-4B8F-975A-93357CA10D1E)' gen: -1)
2026-09-09 19:27:57.414 I  PeachCommander[14895:c1ba] [com.apple.CFPasteboard:cache] Rebuilding cache for 'Apple CFPasteboard find' (<CFUUID 0xa6c3a9580> 8BB781A1-AE3E-4B8F-975A-93357CA10D1E)
2026-09-09 19:27:57.415 I  PeachCommander[14895:c1ba] [com.apple.CFPasteboard:exit] result: 0, gen: -1 item-count: 2 flavor-count: 2 (-1 means nil)
2026-09-09 19:27:57.415 I  PeachCommander[14895:c1ba] [com.apple.CFPasteboard:entry] GetDataFlags('Apple CFPasteboard find' (<CFUUID 0xa6c3a9580> 8BB781A1-AE3E-4B8F-975A-93357CA10D1E) gen: -1  item: 789514, flavor: 'public.utf8-plain-text')
2026-09-09 19:27:57.415 I  PeachCommander[14895:c1ba] [com.apple.CFPasteboard:exit] result: 0 flags: 20000000
2026-09-09 19:27:57.415 I  PeachCommander[14895:c1ba] [com.apple.CFPasteboard:entry] GetDataFlags('Apple CFPasteboard find' (<CFUUID 0xa6c3a9580> 8BB781A1-AE3E-4B8F-975A-93357CA10D1E) gen: -1  item: 789514, flavor: 'com.apple.cocoa.pasteboard.find-panel-search-options')
2026-09-09 19:27:57.415 I  PeachCommander[14895:c1ba] [com.apple.CFPasteboard:exit] result: 0 flags: 20000000
2026-09-09 19:27:57.415 I  PeachCommander[14895:c1ba] [com.apple.CFPasteboard:entry] GetItemCount('Apple CFPasteboard find' (<CFUUID 0xa6c3a9580> 8BB781A1-AE3E-4B8F-975A-93357CA10D1E) gen: -1)
2026-09-09 19:27:57.415 I  PeachCommander[14895:c1ba] [com.apple.CFPasteboard:exit] result: 0 gen: 1 count: 1
2026-09-09 19:27:57.415 I  PeachCommander[14895:c1ba] [com.apple.CFPasteboard:entry] CopyItemsAndFlavors('Apple CFPasteboard find (<CFUUID 0xa6c3a9580> 8BB781A1-AE3E-4B8F-975A-93357CA10D1E)' gen: -1)
2026-09-09 19:27:57.415 I  PeachCommander[14895:c1ba] [com.apple.CFPasteboard:exit] result: 0, gen: -1 item-count: 2 flavor-count: 2 (-1 means nil)
2026-09-09 19:27:57.415 I  PeachCommander[14895:c1ba] [com.apple.CFPasteboard:entry] CopyData('Apple CFPasteboard find' (<CFUUID 0xa6c3a9580> 8BB781A1-AE3E-4B8F-975A-93357CA10D1E) gen: 1 item: 789514 flavor: 'public.utf8-plain-text')
2026-09-09 19:27:57.415 I  PeachCommander[14895:c1ba] [com.apple.CFPasteboard:general] Will request data from daemon
2026-09-09 19:27:57.415 I  PeachCommander[14895:c1ba] [com.apple.CFPasteboard:exit] (not-in-cache) - result: 0 generation: 1 data (0 bytes) flags: 20000000
2026-09-09 19:27:57.419 I  PeachCommander[14895:c1ba] [com.apple.inputAnalytics.client:IATextInputActions] initWithAnalyticsMetadataObserver service
2026-09-09 19:27:57.419 I  PeachCommander[14895:c1c5] [com.apple.inputAnalytics.client:IATextInputActions] mergeOrConsumeAction calling sendSignal:toChannel:withNullableSessionID:withPayload:
2026-09-09 19:27:57.419 Df PeachCommander[14895:c1c5] [com.apple.inputAnalytics.client:IASignalAnalytics] channel:<private> signal:<private> sessionID:<private> timestamp:<private> payload:<private>
2026-09-09 19:27:57.419 I  PeachCommander[14895:c1c5] [com.apple.inputAnalytics.client:IAXPCClient] IASignalAnalytics: fetching xpcClient...
2026-09-09 19:27:57.419 I  PeachCommander[14895:c1c5] [com.apple.inputAnalytics.client:IAXPCClient] Initialized 0xa6c2e03e0
2026-09-09 19:27:57.419 I  PeachCommander[14895:c1c5] [com.apple.inputAnalytics.client:IAXPCClient] 0xa6c2e03e0 using shared remote object proxy
2026-09-09 19:27:57.419 I  PeachCommander[14895:c1c5] [com.apple.inputAnalytics.client:IAXPCClient] 0xa6c2e03e0 calling connection resume after shared instance
2026-09-09 19:27:57.419 Df PeachCommander[14895:c1c5] [com.apple.xpc:connection] [0xa698b26c0] activating connection: mach=true listener=false peer=false name=com.apple.inputanalyticsd
2026-09-09 19:27:57.419 I  PeachCommander[14895:c1c5] [com.apple.inputAnalytics.client:IAXPCClient] IAXPCclient 0xa6c2e03e0 init created _connection 0xa6b805360 _server 0x0 with IXAXPCProtocol
2026-09-09 19:27:57.419 I  PeachCommander[14895:c1c5] [com.apple.inputAnalytics.client:IAXPCClient] IASignalAnalytics: ...returning xpcClient 0xa6c2e03e0
2026-09-09 19:27:57.419 I  PeachCommander[14895:c1c5] [com.apple.inputAnalytics.client:IAXPCClient] server: returning server 0xa69c3ce10
2026-09-09 19:27:57.419 Df PeachCommander[14895:c1ba] [com.apple.TextInputUI:CursorUI] -[TUINSCursorUIController scheduleUpdateCursorLocation]
2026-09-09 19:27:57.419 Df PeachCommander[14895:c1cc] [com.apple.xpc:connection] [0xa698b2800] activating connection: mach=false listener=false peer=false name=com.apple.TextInputUI.xpc.CursorUIViewService
2026-09-09 19:27:57.420 Df PeachCommander[14895:c25e] [com.apple.xpc:connection] [0xa698b2800] invalidated after the last release of the connection object
2026-09-09 19:27:57.420 I  PeachCommander[14895:c1c5] [com.apple.inputAnalytics:IAServerStats] Logging <private>
2026-09-09 19:27:57.420 I  PeachCommander[14895:c1c5] [com.apple.CoreAnalytics:client] Dropping "com.apple.inputAnalytics.serverStats" as it isn't used in any transform (not in the config or budgeted?)
2026-09-09 19:27:57.423 I  PeachCommander[14895:c1ba] [com.apple.AppKit:Menu] Donating invocation type KeyboardShortcut for menu item <NSMenuItem: 0xa6bb6ebc0, ke='Command-F', action: performFindPanelAction:>
2026-09-09 19:27:57.423 I  PeachCommander[14895:c1ba] [com.apple.CFPasteboard:entry] GetItemCount('Apple CFPasteboard general' (<CFUUID 0xa6b014fe0> A54B279D-108A-4982-B13F-BD2D4207D111) gen: -1)
2026-09-09 19:27:57.423 I  PeachCommander[14895:c1ba] [com.apple.CFPasteboard:cache] Rebuilding cache for 'Apple CFPasteboard general' (<CFUUID 0xa6b014fe0> A54B279D-108A-4982-B13F-BD2D4207D111)
2026-09-09 19:27:57.423 I  PeachCommander[14895:c1ba] [com.apple.CFPasteboard:exit] result: 0 gen: 5 count: 1
2026-09-09 19:27:57.423 I  PeachCommander[14895:c1ba] [com.apple.CFPasteboard:entry] CopyItemsAndFlavors('Apple CFPasteboard general (<CFUUID 0xa6b014fe0> A54B279D-108A-4982-B13F-BD2D4207D111)' gen: -1)
2026-09-09 19:27:57.423 I  PeachCommander[14895:c1ba] [com.apple.CFPasteboard:exit] result: 0, gen: -1 item-count: 1 flavor-count: 1 (-1 means nil)
2026-09-09 19:27:57.423 I  PeachCommander[14895:c1ba] [com.apple.CFPasteboard:entry] GetDataFlags('Apple CFPasteboard general' (<CFUUID 0xa6b014fe0> A54B279D-108A-4982-B13F-BD2D4207D111) gen: -1  item: 789514, flavor: 'public.utf8-plain-text')
2026-09-09 19:27:57.423 I  PeachCommander[14895:c1ba] [com.apple.CFPasteboard:exit] result: 0 flags: 20000000
2026-09-09 19:27:57.423 Df PeachCommander[14895:c1ba] [com.apple.AppKit:Pasteboard] NSPasteboard (name: Apple CFPasteboard general): data requested for type public.utf8-plain-text at index 0
2026-09-09 19:27:57.423 I  PeachCommander[14895:c1ba] [com.apple.CFPasteboard:entry] GetItemCount('Apple CFPasteboard general' (<CFUUID 0xa6b014fe0> A54B279D-108A-4982-B13F-BD2D4207D111) gen: -1)
2026-09-09 19:27:57.423 I  PeachCommander[14895:c1ba] [com.apple.CFPasteboard:exit] result: 0 gen: 5 count: 1
2026-09-09 19:27:57.423 I  PeachCommander[14895:c1ba] [com.apple.CFPasteboard:entry] CopyItemsAndFlavors('Apple CFPasteboard general (<CFUUID 0xa6b014fe0> A54B279D-108A-4982-B13F-BD2D4207D111)' gen: -1)
2026-09-09 19:27:57.423 I  PeachCommander[14895:c1ba] [com.apple.CFPasteboard:exit] result: 0, gen: -1 item-count: 1 flavor-count: 1 (-1 means nil)
2026-09-09 19:27:57.423 I  PeachCommander[14895:c1ba] [com.apple.CFPasteboard:entry] CopyData('Apple CFPasteboard general' (<CFUUID 0xa6b014fe0> A54B279D-108A-4982-B13F-BD2D4207D111) gen: 5 item: 789514 flavor: 'public.utf8-plain-text')
2026-09-09 19:27:57.423 I  PeachCommander[14895:c1ba] [com.apple.CFPasteboard:general] Will request data from daemon
2026-09-09 19:27:57.424 I  PeachCommander[14895:c1ba] [com.apple.CFPasteboard:exit] (not-in-cache) - result: 0 generation: 5 data (7 bytes) flags: 20000000
2026-09-09 19:27:57.424 Df PeachCommander[14895:c1ba] (Foundation) <private>
2026-09-09 19:27:57.424 I  PeachCommander[14895:c1ba] [com.peachcommander:PCFoundation] [automation] > wait 1500
2026-09-09 19:27:57.433 Df PeachCommander[14895:c1ba] [com.apple.xpc:connection] [0xa698b2940] activating connection: mach=false listener=false peer=false name=(anonymous)
2026-09-09 19:27:57.433 Df PeachCommander[14895:c1ba] [com.apple.xpc:connection] [0xa698b21c0] activating connection: mach=false listener=false peer=false name=(anonymous)
2026-09-09 19:27:57.454 Df PeachCommander[14895:c1ba] [com.apple.TextInputUI:CursorUI] -[TUINSCursorUIController scheduleUpdateCursorLocation]
2026-09-09 19:27:57.467 I  PeachCommander[14895:c1ba] [com.apple.AppKit:Image] ISImage reported a placeholder, image rep is providing a placeholder image for <private>
2026-09-09 19:27:57.467 I  PeachCommander[14895:c1ba] [com.apple.AppKit:Image] ISImage reported a placeholder, image rep is providing a placeholder image for <private>
2026-09-09 19:27:57.468 I  PeachCommander[14895:c1ba] [com.apple.AppKit:Image] ISImage reported a placeholder, image rep is providing a placeholder image for <private>
2026-09-09 19:27:57.469 I  PeachCommander[14895:c1ba] [com.apple.AppKit:Image] ISImage reported a placeholder, image rep is providing a placeholder image for <private>
2026-09-09 19:27:57.469 I  PeachCommander[14895:c1ba] [com.apple.AppKit:Image] ISImage reported a placeholder, image rep is providing a placeholder image for <private>
2026-09-09 19:27:57.470 I  PeachCommander[14895:c1ba] [com.apple.AppKit:Image] ISImage reported a placeholder, image rep is providing a placeholder image for <private>
2026-09-09 19:27:57.471 I  PeachCommander[14895:c1ba] [com.apple.AppKit:Image] ISImage reported a placeholder, image rep is providing a placeholder image for <private>
2026-09-09 19:27:57.471 I  PeachCommander[14895:c1ba] [com.apple.AppKit:Image] ISImage reported a placeholder, image rep is providing a placeholder image for <private>
2026-09-09 19:27:57.472 I  PeachCommander[14895:c1ba] [com.apple.AppKit:Image] ISImage reported a placeholder, image rep is providing a placeholder image for <private>
2026-09-09 19:27:57.473 I  PeachCommander[14895:c1ba] [com.apple.AppKit:Image] ISImage reported a placeholder, image rep is providing a placeholder image for <private>
2026-09-09 19:27:57.473 I  PeachCommander[14895:c1ba] [com.apple.AppKit:Image] ISImage reported a placeholder, image rep is providing a placeholder image for <private>
2026-09-09 19:27:57.474 I  PeachCommander[14895:c1ba] [com.apple.AppKit:Image] ISImage reported a placeholder, image rep is providing a placeholder image for <private>
2026-09-09 19:27:57.475 I  PeachCommander[14895:c1ba] [com.apple.AppKit:Image] ISImage reported a placeholder, image rep is providing a placeholder image for <private>
2026-09-09 19:27:57.476 I  PeachCommander[14895:c1ba] [com.apple.AppKit:Image] ISImage reported a placeholder, image rep is providing a placeholder image for <private>
2026-09-09 19:27:57.476 I  PeachCommander[14895:c1ba] [com.apple.AppKit:Image] ISImage reported a placeholder, image rep is providing a placeholder image for <private>
2026-09-09 19:27:57.477 I  PeachCommander[14895:c1ba] [com.apple.AppKit:Image] ISImage reported a placeholder, image rep is providing a placeholder image for <private>
2026-09-09 19:27:57.477 I  PeachCommander[14895:c1ba] [com.apple.AppKit:Image] ISImage reported a placeholder, image rep is providing a placeholder image for <private>
2026-09-09 19:27:57.479 I  PeachCommander[14895:c1ba] [com.apple.AppKit:Image] ISImage reported a placeholder, image rep is providing a placeholder image for <private>
2026-09-09 19:27:57.479 I  PeachCommander[14895:c1ba] [com.apple.AppKit:Image] ISImage reported a placeholder, image rep is providing a placeholder image for <private>
2026-09-09 19:27:57.480 I  PeachCommander[14895:c1ba] [com.apple.AppKit:Image] ISImage reported a placeholder, image rep is providing a placeholder image for <private>
2026-09-09 19:27:57.480 I  PeachCommander[14895:c1ba] [com.apple.AppKit:Image] ISImage reported a placeholder, image rep is providing a placeholder image for <private>
2026-09-09 19:27:57.481 I  PeachCommander[14895:c1ba] [com.apple.AppKit:Image] ISImage reported a placeholder, image rep is providing a placeholder image for <private>
2026-09-09 19:27:57.481 I  PeachCommander[14895:c1ba] [com.apple.AppKit:Image] ISImage reported a placeholder, image rep is providing a placeholder image for <private>
2026-09-09 19:27:57.482 I  PeachCommander[14895:c1ba] [com.apple.AppKit:Image] ISImage reported a placeholder, image rep is providing a placeholder image for <private>
2026-09-09 19:27:57.483 I  PeachCommander[14895:c1ba] [com.apple.AppKit:Image] ISImage reported a placeholder, image rep is providing a placeholder image for <private>
2026-09-09 19:27:57.484 I  PeachCommander[14895:c1ba] [com.apple.AppKit:Image] ISImage reported a placeholder, image rep is providing a placeholder image for <private>
2026-09-09 19:27:57.484 I  PeachCommander[14895:c1ba] [com.apple.AppKit:Image] ISImage reported a placeholder, image rep is providing a placeholder image for <private>
2026-09-09 19:27:57.485 I  PeachCommander[14895:c1ba] [com.apple.AppKit:Image] ISImage reported a placeholder, image rep is providing a placeholder image for <private>
2026-09-09 19:27:57.485 I  PeachCommander[14895:c1ba] [com.apple.AppKit:Image] ISImage reported a placeholder, image rep is providing a placeholder image for <private>
2026-09-09 19:27:57.486 I  PeachCommander[14895:c1ba] [com.apple.AppKit:Image] ISImage reported a placeholder, image rep is providing a placeholder image for <private>
2026-09-09 19:27:57.486 I  PeachCommander[14895:c1ba] [com.apple.AppKit:Image] ISImage reported a placeholder, image rep is providing a placeholder image for <private>
2026-09-09 19:27:57.487 I  PeachCommander[14895:c1ba] [com.apple.AppKit:Image] ISImage reported a placeholder, image rep is providing a placeholder image for <private>
2026-09-09 19:27:57.487 I  PeachCommander[14895:c1ba] [com.apple.AppKit:Image] ISImage reported a placeholder, image rep is providing a placeholder image for <private>
2026-09-09 19:27:57.488 I  PeachCommander[14895:c1ba] [com.apple.AppKit:Image] ISImage reported a placeholder, image rep is providing a placeholder image for <private>
2026-09-09 19:27:57.488 I  PeachCommander[14895:c1ba] [com.apple.AppKit:Image] ISImage reported a placeholder, image rep is providing a placeholder image for <private>
2026-09-09 19:27:57.489 I  PeachCommander[14895:c1ba] [com.apple.AppKit:Image] ISImage reported a placeholder, image rep is providing a placeholder image for <private>
2026-09-09 19:27:57.489 I  PeachCommander[14895:c1ba] [com.apple.AppKit:Image] ISImage reported a placeholder, image rep is providing a placeholder image for <private>
2026-09-09 19:27:57.490 I  PeachCommander[14895:c1ba] [com.apple.AppKit:Image] ISImage reported a placeholder, image rep is providing a placeholder image for <private>
2026-09-09 19:27:57.491 I  PeachCommander[14895:c1ba] [com.apple.AppKit:Image] ISImage reported a placeholder, image rep is providing a placeholder image for <private>
2026-09-09 19:27:57.492 I  PeachCommander[14895:c1ba] [com.apple.AppKit:Image] ISImage reported a placeholder, image rep is providing a placeholder image for <private>
2026-09-09 19:27:57.492 I  PeachCommander[14895:c1ba] [com.apple.AppKit:Image] ISImage reported a placeholder, image rep is providing a placeholder image for <private>
2026-09-09 19:27:57.493 I  PeachCommander[14895:c1ba] [com.apple.AppKit:Image] ISImage reported a placeholder, image rep is providing a placeholder image for <private>
2026-09-09 19:27:57.493 I  PeachCommander[14895:c1ba] [com.apple.AppKit:Image] ISImage reported a placeholder, image rep is providing a placeholder image for <private>
2026-09-09 19:27:57.494 I  PeachCommander[14895:c1ba] [com.apple.AppKit:Image] ISImage reported a placeholder, image rep is providing a placeholder image for <private>
2026-09-09 19:27:57.494 I  PeachCommander[14895:c1ba] [com.apple.AppKit:Image] ISImage reported a placeholder, image rep is providing a placeholder image for <private>
2026-09-09 19:27:57.528 Df PeachCommander[14895:c1ba] [com.apple.TextInputUI:CursorUI] -[TUINSCursorUIController activate:]_block_invoke: Create CursorUIViewService: TUINSRemoteViewController
2026-09-09 19:27:57.529 Df PeachCommander[14895:c1ba] [com.apple.xpc:connection] [0xa698b12c0] invalidated because the current process cancelled the connection by calling xpc_connection_cancel()
2026-09-09 19:27:57.529 Df PeachCommander[14895:c1ba] [com.apple.xpc:connection] [0xa698b1400] invalidated because the current process cancelled the connection by calling xpc_connection_cancel()
2026-09-09 19:27:57.547 I  PeachCommander[14895:c1ba] [com.apple.AppKit:Image] ISImage reported a placeholder, image rep is providing a placeholder image for <private>
2026-09-09 19:27:57.548 I  PeachCommander[14895:c1ba] [com.apple.AppKit:Image] ISImage reported a placeholder, image rep is providing a placeholder image for <private>
2026-09-09 19:27:57.549 I  PeachCommander[14895:c1ba] [com.apple.AppKit:Image] ISImage reported a placeholder, image rep is providing a placeholder image for <private>
2026-09-09 19:27:57.549 I  PeachCommander[14895:c1ba] [com.apple.AppKit:Image] ISImage reported a placeholder, image rep is providing a placeholder image for <private>
2026-09-09 19:27:57.550 I  PeachCommander[14895:c1ba] [com.apple.AppKit:Image] ISImage reported a placeholder, image rep is providing a placeholder image for <private>
2026-09-09 19:27:57.551 I  PeachCommander[14895:c1ba] [com.apple.AppKit:Image] ISImage reported a placeholder, image rep is providing a placeholder image for <private>
2026-09-09 19:27:57.551 I  PeachCommander[14895:c1ba] [com.apple.AppKit:Image] ISImage reported a placeholder, image rep is providing a placeholder image for <private>
2026-09-09 19:27:57.552 I  PeachCommander[14895:c1ba] [com.apple.AppKit:Image] ISImage reported a placeholder, image rep is providing a placeholder image for <private>
2026-09-09 19:27:57.552 I  PeachCommander[14895:c1ba] [com.apple.AppKit:Image] ISImage reported a placeholder, image rep is providing a placeholder image for <private>
2026-09-09 19:27:57.553 I  PeachCommander[14895:c1ba] [com.apple.AppKit:Image] ISImage reported a placeholder, image rep is providing a placeholder image for <private>
2026-09-09 19:27:57.554 I  PeachCommander[14895:c1ba] [com.apple.AppKit:Image] ISImage reported a placeholder, image rep is providing a placeholder image for <private>
2026-09-09 19:27:57.554 I  PeachCommander[14895:c1ba] [com.apple.AppKit:Image] ISImage reported a placeholder, image rep is providing a placeholder image for <private>
2026-09-09 19:27:57.555 I  PeachCommander[14895:c1ba] [com.apple.AppKit:Image] ISImage reported a placeholder, image rep is providing a placeholder image for <private>
2026-09-09 19:27:57.555 I  PeachCommander[14895:c1ba] [com.apple.AppKit:Image] ISImage reported a placeholder, image rep is providing a placeholder image for <private>
2026-09-09 19:27:57.556 I  PeachCommander[14895:c1ba] [com.apple.AppKit:Image] ISImage reported a placeholder, image rep is providing a placeholder image for <private>
2026-09-09 19:27:57.557 I  PeachCommander[14895:c1ba] [com.apple.AppKit:Image] ISImage reported a placeholder, image rep is providing a placeholder image for <private>
2026-09-09 19:27:57.557 I  PeachCommander[14895:c1ba] [com.apple.AppKit:Image] ISImage reported a placeholder, image rep is providing a placeholder image for <private>
2026-09-09 19:27:57.558 I  PeachCommander[14895:c1ba] [com.apple.AppKit:Image] ISImage reported a placeholder, image rep is providing a placeholder image for <private>
2026-09-09 19:27:57.558 I  PeachCommander[14895:c1ba] [com.apple.AppKit:Image] ISImage reported a placeholder, image rep is providing a placeholder image for <private>
2026-09-09 19:27:57.559 I  PeachCommander[14895:c1ba] [com.apple.AppKit:Image] ISImage reported a placeholder, image rep is providing a placeholder image for <private>
2026-09-09 19:27:57.559 I  PeachCommander[14895:c1ba] [com.apple.AppKit:Image] ISImage reported a placeholder, image rep is providing a placeholder image for <private>
2026-09-09 19:27:57.560 I  PeachCommander[14895:c1ba] [com.apple.AppKit:Image] ISImage reported a placeholder, image rep is providing a placeholder image for <private>
2026-09-09 19:27:57.560 I  PeachCommander[14895:c1ba] [com.apple.AppKit:Image] ISImage reported a placeholder, image rep is providing a placeholder image for <private>
2026-09-09 19:27:57.561 I  PeachCommander[14895:c1ba] [com.apple.AppKit:Image] ISImage reported a placeholder, image rep is providing a placeholder image for <private>
2026-09-09 19:27:57.561 I  PeachCommander[14895:c1ba] [com.apple.AppKit:Image] ISImage reported a placeholder, image rep is providing a placeholder image for <private>
2026-09-09 19:27:57.562 I  PeachCommander[14895:c1ba] [com.apple.AppKit:Image] ISImage reported a placeholder, image rep is providing a placeholder image for <private>
2026-09-09 19:27:57.562 I  PeachCommander[14895:c1ba] [com.apple.AppKit:Image] ISImage reported a placeholder, image rep is providing a placeholder image for <private>
2026-09-09 19:27:57.563 I  PeachCommander[14895:c1ba] [com.apple.AppKit:Image] ISImage reported a placeholder, image rep is providing a placeholder image for <private>
2026-09-09 19:27:57.563 I  PeachCommander[14895:c1ba] [com.apple.AppKit:Image] ISImage reported a placeholder, image rep is providing a placeholder image for <private>
2026-09-09 19:27:57.564 I  PeachCommander[14895:c1ba] [com.apple.AppKit:Image] ISImage reported a placeholder, image rep is providing a placeholder image for <private>
2026-09-09 19:27:57.564 I  PeachCommander[14895:c1ba] [com.apple.AppKit:Image] ISImage reported a placeholder, image rep is providing a placeholder image for <private>
2026-09-09 19:27:57.565 I  PeachCommander[14895:c1ba] [com.apple.AppKit:Image] ISImage reported a placeholder, image rep is providing a placeholder image for <private>
2026-09-09 19:27:57.565 I  PeachCommander[14895:c1ba] [com.apple.AppKit:Image] ISImage reported a placeholder, image rep is providing a placeholder image for <private>
2026-09-09 19:27:57.566 I  PeachCommander[14895:c1ba] [com.apple.AppKit:Image] ISImage reported a placeholder, image rep is providing a placeholder image for <private>
2026-09-09 19:27:57.566 I  PeachCommander[14895:c1ba] [com.apple.AppKit:Image] ISImage reported a placeholder, image rep is providing a placeholder image for <private>
2026-09-09 19:27:57.567 I  PeachCommander[14895:c1ba] [com.apple.AppKit:Image] ISImage reported a placeholder, image rep is providing a placeholder image for <private>
2026-09-09 19:27:57.567 I  PeachCommander[14895:c1ba] [com.apple.AppKit:Image] ISImage reported a placeholder, image rep is providing a placeholder image for <private>
2026-09-09 19:27:57.568 I  PeachCommander[14895:c1ba] [com.apple.AppKit:Image] ISImage reported a placeholder, image rep is providing a placeholder image for <private>
2026-09-09 19:27:57.568 I  PeachCommander[14895:c1ba] [com.apple.AppKit:Image] ISImage reported a placeholder, image rep is providing a placeholder image for <private>
2026-09-09 19:27:57.569 I  PeachCommander[14895:c1ba] [com.apple.AppKit:Image] ISImage reported a placeholder, image rep is providing a placeholder image for <private>
2026-09-09 19:27:57.569 I  PeachCommander[14895:c1ba] [com.apple.AppKit:Image] ISImage reported a placeholder, image rep is providing a placeholder image for <private>
2026-09-09 19:27:57.570 I  PeachCommander[14895:c1ba] [com.apple.AppKit:Image] ISImage reported a placeholder, image rep is providing a placeholder image for <private>
2026-09-09 19:27:57.570 I  PeachCommander[14895:c1ba] [com.apple.AppKit:Image] ISImage reported a placeholder, image rep is providing a placeholder image for <private>
2026-09-09 19:27:57.571 I  PeachCommander[14895:c1ba] [com.apple.AppKit:Image] ISImage reported a placeholder, image rep is providing a placeholder image for <private>
2026-09-09 19:27:57.572 I  PeachCommander[14895:c1ba] [com.apple.AppKit:Image] ISImage reported a placeholder, image rep is providing a placeholder image for <private>
2026-09-09 19:27:58.978 Df PeachCommander[14895:c1ba] (Foundation) <private>
2026-09-09 19:27:58.978 I  PeachCommander[14895:c1ba] [com.peachcommander:PCFoundation] [automation] > keyequivmenu W+f|/Users/admin/find-term2.txt
2026-09-09 19:27:58.978 I  PeachCommander[14895:c1ba] [com.apple.CoreAnalytics:client] Dropping "com.apple.keyboard.shortcut" as it isn't used in any transform (not in the config or budgeted?)
2026-09-09 19:27:58.978 A  PeachCommander[14895:c1ba] (AppKit) performKeyEquivalent:
2026-09-09 19:27:58.979 A  PeachCommander[14895:c1ba] (AppKit) sendAction:
2026-09-09 19:27:58.979 I  PeachCommander[14895:c1ba] [com.apple.AppKit:Menu] Donating invocation type KeyboardShortcut for menu item <NSMenuItem: 0xa6bb6ebc0, ke='Command-F', action: performFindPanelAction:>
2026-09-09 19:27:58.979 I  PeachCommander[14895:c1ba] [com.apple.CFPasteboard:entry] GetItemCount('Apple CFPasteboard general' (<CFUUID 0xa6b014fe0> A54B279D-108A-4982-B13F-BD2D4207D111) gen: -1)
2026-09-09 19:27:58.979 I  PeachCommander[14895:c1ba] [com.apple.CFPasteboard:exit] result: 0 gen: 5 count: 1
2026-09-09 19:27:58.979 Df PeachCommander[14895:c1ba] [com.apple.AppKit:Pasteboard] NSPasteboard (name: Apple CFPasteboard general): data requested for type public.utf8-plain-text at index 0
2026-09-09 19:27:58.979 I  PeachCommander[14895:c1ba] [com.apple.CFPasteboard:entry] GetItemCount('Apple CFPasteboard general' (<CFUUID 0xa6b014fe0> A54B279D-108A-4982-B13F-BD2D4207D111) gen: -1)
2026-09-09 19:27:58.979 I  PeachCommander[14895:c1ba] [com.apple.CFPasteboard:exit] result: 0 gen: 5 count: 1
2026-09-09 19:27:58.979 I  PeachCommander[14895:c1ba] [com.apple.CFPasteboard:entry] CopyItemsAndFlavors('Apple CFPasteboard general (<CFUUID 0xa6b014fe0> A54B279D-108A-4982-B13F-BD2D4207D111)' gen: -1)
2026-09-09 19:27:58.979 I  PeachCommander[14895:c1ba] [com.apple.CFPasteboard:exit] result: 0, gen: -1 item-count: 1 flavor-count: 1 (-1 means nil)
2026-09-09 19:27:58.979 I  PeachCommander[14895:c1ba] [com.apple.CFPasteboard:entry] CopyData('Apple CFPasteboard general' (<CFUUID 0xa6b014fe0> A54B279D-108A-4982-B13F-BD2D4207D111) gen: 5 item: 789514 flavor: 'public.utf8-plain-text')
2026-09-09 19:27:58.979 I  PeachCommander[14895:c1ba] [com.apple.CFPasteboard:exit] (cache) - result: 0 generation: 5 data (7 bytes) flags: 20000000
2026-09-09 19:27:58.979 Df PeachCommander[14895:c1ba] (Foundation) <private>
2026-09-09 19:27:58.979 I  PeachCommander[14895:c1ba] [com.peachcommander:PCFoundation] [automation] > wait 1000
2026-09-09 19:27:59.184 I  PeachCommander[14895:c1ba] [com.apple.AppKit:Image] ISImage reported a placeholder, image rep is providing a placeholder image for <private>
2026-09-09 19:27:59.185 I  PeachCommander[14895:c1ba] [com.apple.AppKit:Image] ISImage reported a placeholder, image rep is providing a placeholder image for <private>
2026-09-09 19:27:59.186 I  PeachCommander[14895:c1ba] [com.apple.AppKit:Image] ISImage reported a placeholder, image rep is providing a placeholder image for <private>
2026-09-09 19:27:59.186 I  PeachCommander[14895:c1ba] [com.apple.AppKit:Image] ISImage reported a placeholder, image rep is providing a placeholder image for <private>
2026-09-09 19:27:59.187 I  PeachCommander[14895:c1ba] [com.apple.AppKit:Image] ISImage reported a placeholder, image rep is providing a placeholder image for <private>
2026-09-09 19:27:59.187 I  PeachCommander[14895:c1ba] [com.apple.AppKit:Image] ISImage reported a placeholder, image rep is providing a placeholder image for <private>
2026-09-09 19:27:59.188 I  PeachCommander[14895:c1ba] [com.apple.AppKit:Image] ISImage reported a placeholder, image rep is providing a placeholder image for <private>
2026-09-09 19:27:59.189 I  PeachCommander[14895:c1ba] [com.apple.AppKit:Image] ISImage reported a placeholder, image rep is providing a placeholder image for <private>
2026-09-09 19:27:59.189 I  PeachCommander[14895:c1ba] [com.apple.AppKit:Image] ISImage reported a placeholder, image rep is providing a placeholder image for <private>
2026-09-09 19:27:59.190 I  PeachCommander[14895:c1ba] [com.apple.AppKit:Image] ISImage reported a placeholder, image rep is providing a placeholder image for <private>
2026-09-09 19:27:59.191 I  PeachCommander[14895:c1ba] [com.apple.AppKit:Image] ISImage reported a placeholder, image rep is providing a placeholder image for <private>
2026-09-09 19:27:59.191 I  PeachCommander[14895:c1ba] [com.apple.AppKit:Image] ISImage reported a placeholder, image rep is providing a placeholder image for <private>
2026-09-09 19:27:59.192 I  PeachCommander[14895:c1ba] [com.apple.AppKit:Image] ISImage reported a placeholder, image rep is providing a placeholder image for <private>
2026-09-09 19:27:59.192 I  PeachCommander[14895:c1ba] [com.apple.AppKit:Image] ISImage reported a placeholder, image rep is providing a placeholder image for <private>
2026-09-09 19:27:59.193 I  PeachCommander[14895:c1ba] [com.apple.AppKit:Image] ISImage reported a placeholder, image rep is providing a placeholder image for <private>
2026-09-09 19:27:59.193 I  PeachCommander[14895:c1ba] [com.apple.AppKit:Image] ISImage reported a placeholder, image rep is providing a placeholder image for <private>
2026-09-09 19:27:59.193 I  PeachCommander[14895:c1ba] [com.apple.AppKit:Image] ISImage reported a placeholder, image rep is providing a placeholder image for <private>
2026-09-09 19:27:59.195 I  PeachCommander[14895:c1ba] [com.apple.AppKit:Image] ISImage reported a placeholder, image rep is providing a placeholder image for <private>
2026-09-09 19:27:59.195 I  PeachCommander[14895:c1ba] [com.apple.AppKit:Image] ISImage reported a placeholder, image rep is providing a placeholder image for <private>
2026-09-09 19:27:59.196 I  PeachCommander[14895:c1ba] [com.apple.AppKit:Image] ISImage reported a placeholder, image rep is providing a placeholder image for <private>
2026-09-09 19:27:59.196 I  PeachCommander[14895:c1ba] [com.apple.AppKit:Image] ISImage reported a placeholder, image rep is providing a placeholder image for <private>
2026-09-09 19:27:59.197 I  PeachCommander[14895:c1ba] [com.apple.AppKit:Image] ISImage reported a placeholder, image rep is providing a placeholder image for <private>
2026-09-09 19:27:59.197 I  PeachCommander[14895:c1ba] [com.apple.AppKit:Image] ISImage reported a placeholder, image rep is providing a placeholder image for <private>
2026-09-09 19:27:59.198 I  PeachCommander[14895:c1ba] [com.apple.AppKit:Image] ISImage reported a placeholder, image rep is providing a placeholder image for <private>
2026-09-09 19:27:59.198 I  PeachCommander[14895:c1ba] [com.apple.AppKit:Image] ISImage reported a placeholder, image rep is providing a placeholder image for <private>
2026-09-09 19:27:59.199 I  PeachCommander[14895:c1ba] [com.apple.AppKit:Image] ISImage reported a placeholder, image rep is providing a placeholder image for <private>
2026-09-09 19:27:59.199 I  PeachCommander[14895:c1ba] [com.apple.AppKit:Image] ISImage reported a placeholder, image rep is providing a placeholder image for <private>
2026-09-09 19:27:59.200 I  PeachCommander[14895:c1ba] [com.apple.AppKit:Image] ISImage reported a placeholder, image rep is providing a placeholder image for <private>
2026-09-09 19:27:59.200 I  PeachCommander[14895:c1ba] [com.apple.AppKit:Image] ISImage reported a placeholder, image rep is providing a placeholder image for <private>
2026-09-09 19:27:59.201 I  PeachCommander[14895:c1ba] [com.apple.AppKit:Image] ISImage reported a placeholder, image rep is providing a placeholder image for <private>
2026-09-09 19:27:59.201 I  PeachCommander[14895:c1ba] [com.apple.AppKit:Image] ISImage reported a placeholder, image rep is providing a placeholder image for <private>
2026-09-09 19:27:59.202 I  PeachCommander[14895:c1ba] [com.apple.AppKit:Image] ISImage reported a placeholder, image rep is providing a placeholder image for <private>
2026-09-09 19:27:59.202 I  PeachCommander[14895:c1ba] [com.apple.AppKit:Image] ISImage reported a placeholder, image rep is providing a placeholder image for <private>
2026-09-09 19:27:59.203 I  PeachCommander[14895:c1ba] [com.apple.AppKit:Image] ISImage reported a placeholder, image rep is providing a placeholder image for <private>
2026-09-09 19:27:59.203 I  PeachCommander[14895:c1ba] [com.apple.AppKit:Image] ISImage reported a placeholder, image rep is providing a placeholder image for <private>
2026-09-09 19:27:59.205 I  PeachCommander[14895:c1ba] [com.apple.AppKit:Image] ISImage reported a placeholder, image rep is providing a placeholder image for <private>
2026-09-09 19:27:59.205 I  PeachCommander[14895:c1ba] [com.apple.AppKit:Image] ISImage reported a placeholder, image rep is providing a placeholder image for <private>
2026-09-09 19:27:59.206 I  PeachCommander[14895:c1ba] [com.apple.AppKit:Image] ISImage reported a placeholder, image rep is providing a placeholder image for <private>
2026-09-09 19:27:59.206 I  PeachCommander[14895:c1ba] [com.apple.AppKit:Image] ISImage reported a placeholder, image rep is providing a placeholder image for <private>
2026-09-09 19:27:59.207 I  PeachCommander[14895:c1ba] [com.apple.AppKit:Image] ISImage reported a placeholder, image rep is providing a placeholder image for <private>
2026-09-09 19:27:59.207 I  PeachCommander[14895:c1ba] [com.apple.AppKit:Image] ISImage reported a placeholder, image rep is providing a placeholder image for <private>
2026-09-09 19:27:59.208 I  PeachCommander[14895:c1ba] [com.apple.AppKit:Image] ISImage reported a placeholder, image rep is providing a placeholder image for <private>
2026-09-09 19:27:59.208 I  PeachCommander[14895:c1ba] [com.apple.AppKit:Image] ISImage reported a placeholder, image rep is providing a placeholder image for <private>
2026-09-09 19:27:59.209 I  PeachCommander[14895:c1ba] [com.apple.AppKit:Image] ISImage reported a placeholder, image rep is providing a placeholder image for <private>
2026-09-09 19:27:59.209 I  PeachCommander[14895:c1ba] [com.apple.AppKit:Image] ISImage reported a placeholder, image rep is providing a placeholder image for <private>
2026-09-09 19:27:59.235 Df PeachCommander[14895:c1cc] [com.apple.launchservices:default] LSExceptions shared instance invalidated for timeout.
2026-09-09 19:27:59.260 I  PeachCommander[14895:c1ba] [com.apple.AppKit:Image] ISImage reported a placeholder, image rep is providing a placeholder image for <private>
2026-09-09 19:27:59.260 I  PeachCommander[14895:c1ba] [com.apple.AppKit:Image] ISImage reported a placeholder, image rep is providing a placeholder image for <private>
2026-09-09 19:27:59.261 I  PeachCommander[14895:c1ba] [com.apple.AppKit:Image] ISImage reported a placeholder, image rep is providing a placeholder image for <private>
2026-09-09 19:27:59.262 I  PeachCommander[14895:c1ba] [com.apple.AppKit:Image] ISImage reported a placeholder, image rep is providing a placeholder image for <private>
2026-09-09 19:27:59.262 I  PeachCommander[14895:c1ba] [com.apple.AppKit:Image] ISImage reported a placeholder, image rep is providing a placeholder image for <private>
2026-09-09 19:27:59.263 I  PeachCommander[14895:c1ba] [com.apple.AppKit:Image] ISImage reported a placeholder, image rep is providing a placeholder image for <private>
2026-09-09 19:27:59.263 I  PeachCommander[14895:c1ba] [com.apple.AppKit:Image] ISImage reported a placeholder, image rep is providing a placeholder image for <private>
2026-09-09 19:27:59.264 I  PeachCommander[14895:c1ba] [com.apple.AppKit:Image] ISImage reported a placeholder, image rep is providing a placeholder image for <private>
2026-09-09 19:27:59.265 I  PeachCommander[14895:c1ba] [com.apple.AppKit:Image] ISImage reported a placeholder, image rep is providing a placeholder image for <private>
2026-09-09 19:27:59.265 I  PeachCommander[14895:c1ba] [com.apple.AppKit:Image] ISImage reported a placeholder, image rep is providing a placeholder image for <private>
2026-09-09 19:27:59.266 I  PeachCommander[14895:c1ba] [com.apple.AppKit:Image] ISImage reported a placeholder, image rep is providing a placeholder image for <private>
2026-09-09 19:27:59.266 I  PeachCommander[14895:c1ba] [com.apple.AppKit:Image] ISImage reported a placeholder, image rep is providing a placeholder image for <private>
2026-09-09 19:27:59.267 I  PeachCommander[14895:c1ba] [com.apple.AppKit:Image] ISImage reported a placeholder, image rep is providing a placeholder image for <private>
2026-09-09 19:27:59.268 I  PeachCommander[14895:c1ba] [com.apple.AppKit:Image] ISImage reported a placeholder, image rep is providing a placeholder image for <private>
2026-09-09 19:27:59.268 I  PeachCommander[14895:c1ba] [com.apple.AppKit:Image] ISImage reported a placeholder, image rep is providing a placeholder image for <private>
2026-09-09 19:27:59.269 I  PeachCommander[14895:c1ba] [com.apple.AppKit:Image] ISImage reported a placeholder, image rep is providing a placeholder image for <private>
2026-09-09 19:27:59.269 I  PeachCommander[14895:c1ba] [com.apple.AppKit:Image] ISImage reported a placeholder, image rep is providing a placeholder image for <private>
2026-09-09 19:27:59.270 I  PeachCommander[14895:c1ba] [com.apple.AppKit:Image] ISImage reported a placeholder, image rep is providing a placeholder image for <private>
2026-09-09 19:27:59.270 I  PeachCommander[14895:c1ba] [com.apple.AppKit:Image] ISImage reported a placeholder, image rep is providing a placeholder image for <private>
2026-09-09 19:27:59.271 I  PeachCommander[14895:c1ba] [com.apple.AppKit:Image] ISImage reported a placeholder, image rep is providing a placeholder image for <private>
2026-09-09 19:27:59.271 I  PeachCommander[14895:c1ba] [com.apple.AppKit:Image] ISImage reported a placeholder, image rep is providing a placeholder image for <private>
2026-09-09 19:27:59.272 I  PeachCommander[14895:c1ba] [com.apple.AppKit:Image] ISImage reported a placeholder, image rep is providing a placeholder image for <private>
2026-09-09 19:27:59.272 I  PeachCommander[14895:c1ba] [com.apple.AppKit:Image] ISImage reported a placeholder, image rep is providing a placeholder image for <private>
2026-09-09 19:27:59.273 I  PeachCommander[14895:c1ba] [com.apple.AppKit:Image] ISImage reported a placeholder, image rep is providing a placeholder image for <private>
2026-09-09 19:27:59.273 I  PeachCommander[14895:c1ba] [com.apple.AppKit:Image] ISImage reported a placeholder, image rep is providing a placeholder image for <private>
2026-09-09 19:27:59.274 I  PeachCommander[14895:c1ba] [com.apple.AppKit:Image] ISImage reported a placeholder, image rep is providing a placeholder image for <private>
2026-09-09 19:27:59.274 I  PeachCommander[14895:c1ba] [com.apple.AppKit:Image] ISImage reported a placeholder, image rep is providing a placeholder image for <private>
2026-09-09 19:27:59.275 I  PeachCommander[14895:c1ba] [com.apple.AppKit:Image] ISImage reported a placeholder, image rep is providing a placeholder image for <private>
2026-09-09 19:27:59.275 I  PeachCommander[14895:c1ba] [com.apple.AppKit:Image] ISImage reported a placeholder, image rep is providing a placeholder image for <private>
2026-09-09 19:27:59.276 I  PeachCommander[14895:c1ba] [com.apple.AppKit:Image] ISImage reported a placeholder, image rep is providing a placeholder image for <private>
2026-09-09 19:27:59.276 I  PeachCommander[14895:c1ba] [com.apple.AppKit:Image] ISImage reported a placeholder, image rep is providing a placeholder image for <private>
2026-09-09 19:27:59.278 I  PeachCommander[14895:c1ba] [com.apple.AppKit:Image] ISImage reported a placeholder, image rep is providing a placeholder image for <private>
2026-09-09 19:27:59.278 I  PeachCommander[14895:c1ba] [com.apple.AppKit:Image] ISImage reported a placeholder, image rep is providing a placeholder image for <private>
2026-09-09 19:27:59.279 I  PeachCommander[14895:c1ba] [com.apple.AppKit:Image] ISImage reported a placeholder, image rep is providing a placeholder image for <private>
2026-09-09 19:27:59.279 I  PeachCommander[14895:c1ba] [com.apple.AppKit:Image] ISImage reported a placeholder, image rep is providing a placeholder image for <private>
2026-09-09 19:27:59.280 I  PeachCommander[14895:c1ba] [com.apple.AppKit:Image] ISImage reported a placeholder, image rep is providing a placeholder image for <private>
2026-09-09 19:27:59.280 I  PeachCommander[14895:c1ba] [com.apple.AppKit:Image] ISImage reported a placeholder, image rep is providing a placeholder image for <private>
2026-09-09 19:27:59.281 I  PeachCommander[14895:c1ba] [com.apple.AppKit:Image] ISImage reported a placeholder, image rep is providing a placeholder image for <private>
2026-09-09 19:27:59.281 I  PeachCommander[14895:c1ba] [com.apple.AppKit:Image] ISImage reported a placeholder, image rep is providing a placeholder image for <private>
2026-09-09 19:27:59.282 I  PeachCommander[14895:c1ba] [com.apple.AppKit:Image] ISImage reported a placeholder, image rep is providing a placeholder image for <private>
2026-09-09 19:27:59.282 I  PeachCommander[14895:c1ba] [com.apple.AppKit:Image] ISImage reported a placeholder, image rep is providing a placeholder image for <private>
2026-09-09 19:27:59.283 I  PeachCommander[14895:c1ba] [com.apple.AppKit:Image] ISImage reported a placeholder, image rep is providing a placeholder image for <private>
2026-09-09 19:27:59.283 I  PeachCommander[14895:c1ba] [com.apple.AppKit:Image] ISImage reported a placeholder, image rep is providing a placeholder image for <private>
2026-09-09 19:27:59.284 I  PeachCommander[14895:c1ba] [com.apple.AppKit:Image] ISImage reported a placeholder, image rep is providing a placeholder image for <private>
2026-09-09 19:27:59.284 I  PeachCommander[14895:c1ba] [com.apple.AppKit:Image] ISImage reported a placeholder, image rep is providing a placeholder image for <private>
2026-09-09 19:28:00.004 Df PeachCommander[14895:c1ba] (Foundation) <private>
2026-09-09 19:28:00.004 I  PeachCommander[14895:c1ba] [com.peachcommander:PCFoundation] [automation] > dockdump /Users/admin/find-bar.txt
2026-09-09 19:28:00.006 Df PeachCommander[14895:c1ba] (Foundation) <private>
2026-09-09 19:28:00.006 I  PeachCommander[14895:c1ba] [com.peachcommander:PCFoundation] [automation] > wait 400
2026-09-09 19:28:00.034 I  PeachCommander[14895:c1ba] [com.apple.AppKit:Image] ISImage reported a placeholder, image rep is providing a placeholder image for <private>
2026-09-09 19:28:00.035 I  PeachCommander[14895:c1ba] [com.apple.AppKit:Image] ISImage reported a placeholder, image rep is providing a placeholder image for <private>
2026-09-09 19:28:00.036 I  PeachCommander[14895:c1ba] [com.apple.AppKit:Image] ISImage reported a placeholder, image rep is providing a placeholder image for <private>
2026-09-09 19:28:00.037 I  PeachCommander[14895:c1ba] [com.apple.AppKit:Image] ISImage reported a placeholder, image rep is providing a placeholder image for <private>
2026-09-09 19:28:00.038 I  PeachCommander[14895:c1ba] [com.apple.AppKit:Image] ISImage reported a placeholder, image rep is providing a placeholder image for <private>
2026-09-09 19:28:00.039 I  PeachCommander[14895:c1ba] [com.apple.AppKit:Image] ISImage reported a placeholder, image rep is providing a placeholder image for <private>
2026-09-09 19:28:00.039 I  PeachCommander[14895:c1ba] [com.apple.AppKit:Image] ISImage reported a placeholder, image rep is providing a placeholder image for <private>
2026-09-09 19:28:00.040 I  PeachCommander[14895:c1ba] [com.apple.AppKit:Image] ISImage reported a placeholder, image rep is providing a placeholder image for <private>
2026-09-09 19:28:00.041 I  PeachCommander[14895:c1ba] [com.apple.AppKit:Image] ISImage reported a placeholder, image rep is providing a placeholder image for <private>
2026-09-09 19:28:00.041 I  PeachCommander[14895:c1ba] [com.apple.AppKit:Image] ISImage reported a placeholder, image rep is providing a placeholder image for <private>
2026-09-09 19:28:00.042 I  PeachCommander[14895:c1ba] [com.apple.AppKit:Image] ISImage reported a placeholder, image rep is providing a placeholder image for <private>
2026-09-09 19:28:00.043 I  PeachCommander[14895:c1ba] [com.apple.AppKit:Image] ISImage reported a placeholder, image rep is providing a placeholder image for <private>
2026-09-09 19:28:00.043 I  PeachCommander[14895:c1ba] [com.apple.AppKit:Image] ISImage reported a placeholder, image rep is providing a placeholder image for <private>
2026-09-09 19:28:00.044 I  PeachCommander[14895:c1ba] [com.apple.AppKit:Image] ISImage reported a placeholder, image rep is providing a placeholder image for <private>
2026-09-09 19:28:00.045 I  PeachCommander[14895:c1ba] [com.apple.AppKit:Image] ISImage reported a placeholder, image rep is providing a placeholder image for <private>
2026-09-09 19:28:00.045 I  PeachCommander[14895:c1ba] [com.apple.AppKit:Image] ISImage reported a placeholder, image rep is providing a placeholder image for <private>
2026-09-09 19:28:00.045 I  PeachCommander[14895:c1ba] [com.apple.AppKit:Image] ISImage reported a placeholder, image rep is providing a placeholder image for <private>
2026-09-09 19:28:00.047 I  PeachCommander[14895:c1ba] [com.apple.AppKit:Image] ISImage reported a placeholder, image rep is providing a placeholder image for <private>
2026-09-09 19:28:00.047 I  PeachCommander[14895:c1ba] [com.apple.AppKit:Image] ISImage reported a placeholder, image rep is providing a placeholder image for <private>
2026-09-09 19:28:00.048 I  PeachCommander[14895:c1ba] [com.apple.AppKit:Image] ISImage reported a placeholder, image rep is providing a placeholder image for <private>
2026-09-09 19:28:00.048 I  PeachCommander[14895:c1ba] [com.apple.AppKit:Image] ISImage reported a placeholder, image rep is providing a placeholder image for <private>
2026-09-09 19:28:00.049 I  PeachCommander[14895:c1ba] [com.apple.AppKit:Image] ISImage reported a placeholder, image rep is providing a placeholder image for <private>
2026-09-09 19:28:00.049 I  PeachCommander[14895:c1ba] [com.apple.AppKit:Image] ISImage reported a placeholder, image rep is providing a placeholder image for <private>
2026-09-09 19:28:00.050 I  PeachCommander[14895:c1ba] [com.apple.AppKit:Image] ISImage reported a placeholder, image rep is providing a placeholder image for <private>
2026-09-09 19:28:00.050 I  PeachCommander[14895:c1ba] [com.apple.AppKit:Image] ISImage reported a placeholder, image rep is providing a placeholder image for <private>
2026-09-09 19:28:00.051 I  PeachCommander[14895:c1ba] [com.apple.AppKit:Image] ISImage reported a placeholder, image rep is providing a placeholder image for <private>
2026-09-09 19:28:00.051 I  PeachCommander[14895:c1ba] [com.apple.AppKit:Image] ISImage reported a placeholder, image rep is providing a placeholder image for <private>
2026-09-09 19:28:00.052 I  PeachCommander[14895:c1ba] [com.apple.AppKit:Image] ISImage reported a placeholder, image rep is providing a placeholder image for <private>
2026-09-09 19:28:00.052 I  PeachCommander[14895:c1ba] [com.apple.AppKit:Image] ISImage reported a placeholder, image rep is providing a placeholder image for <private>
2026-09-09 19:28:00.053 I  PeachCommander[14895:c1ba] [com.apple.AppKit:Image] ISImage reported a placeholder, image rep is providing a placeholder image for <private>
2026-09-09 19:28:00.053 I  PeachCommander[14895:c1ba] [com.apple.AppKit:Image] ISImage reported a placeholder, image rep is providing a placeholder image for <private>
2026-09-09 19:28:00.055 I  PeachCommander[14895:c1ba] [com.apple.AppKit:Image] ISImage reported a placeholder, image rep is providing a placeholder image for <private>
2026-09-09 19:28:00.055 I  PeachCommander[14895:c1ba] [com.apple.AppKit:Image] ISImage reported a placeholder, image rep is providing a placeholder image for <private>
2026-09-09 19:28:00.056 I  PeachCommander[14895:c1ba] [com.apple.AppKit:Image] ISImage reported a placeholder, image rep is providing a placeholder image for <private>
2026-09-09 19:28:00.056 I  PeachCommander[14895:c1ba] [com.apple.AppKit:Image] ISImage reported a placeholder, image rep is providing a placeholder image for <private>
2026-09-09 19:28:00.057 I  PeachCommander[14895:c1ba] [com.apple.AppKit:Image] ISImage reported a placeholder, image rep is providing a placeholder image for <private>
2026-09-09 19:28:00.057 I  PeachCommander[14895:c1ba] [com.apple.AppKit:Image] ISImage reported a placeholder, image rep is providing a placeholder image for <private>
2026-09-09 19:28:00.058 I  PeachCommander[14895:c1ba] [com.apple.AppKit:Image] ISImage reported a placeholder, image rep is providing a placeholder image for <private>
2026-09-09 19:28:00.058 I  PeachCommander[14895:c1ba] [com.apple.AppKit:Image] ISImage reported a placeholder, image rep is providing a placeholder image for <private>
2026-09-09 19:28:00.059 I  PeachCommander[14895:c1ba] [com.apple.AppKit:Image] ISImage reported a placeholder, image rep is providing a placeholder image for <private>
2026-09-09 19:28:00.059 I  PeachCommander[14895:c1ba] [com.apple.AppKit:Image] ISImage reported a placeholder, image rep is providing a placeholder image for <private>
2026-09-09 19:28:00.060 I  PeachCommander[14895:c1ba] [com.apple.AppKit:Image] ISImage reported a placeholder, image rep is providing a placeholder image for <private>
2026-09-09 19:28:00.060 I  PeachCommander[14895:c1ba] [com.apple.AppKit:Image] ISImage reported a placeholder, image rep is providing a placeholder image for <private>
2026-09-09 19:28:00.061 I  PeachCommander[14895:c1ba] [com.apple.AppKit:Image] ISImage reported a placeholder, image rep is providing a placeholder image for <private>
2026-09-09 19:28:00.061 I  PeachCommander[14895:c1ba] [com.apple.AppKit:Image] ISImage reported a placeholder, image rep is providing a placeholder image for <private>
2026-09-09 19:28:00.113 I  PeachCommander[14895:c1ba] [com.apple.AppKit:Image] ISImage reported a placeholder, image rep is providing a placeholder image for <private>
2026-09-09 19:28:00.114 I  PeachCommander[14895:c1ba] [com.apple.AppKit:Image] ISImage reported a placeholder, image rep is providing a placeholder image for <private>
2026-09-09 19:28:00.114 I  PeachCommander[14895:c1ba] [com.apple.AppKit:Image] ISImage reported a placeholder, image rep is providing a placeholder image for <private>
2026-09-09 19:28:00.115 I  PeachCommander[14895:c1ba] [com.apple.AppKit:Image] ISImage reported a placeholder, image rep is providing a placeholder image for <private>
2026-09-09 19:28:00.115 I  PeachCommander[14895:c1ba] [com.apple.AppKit:Image] ISImage reported a placeholder, image rep is providing a placeholder image for <private>
2026-09-09 19:28:00.116 I  PeachCommander[14895:c1ba] [com.apple.AppKit:Image] ISImage reported a placeholder, image rep is providing a placeholder image for <private>
2026-09-09 19:28:00.117 I  PeachCommander[14895:c1ba] [com.apple.AppKit:Image] ISImage reported a placeholder, image rep is providing a placeholder image for <private>
2026-09-09 19:28:00.117 I  PeachCommander[14895:c1ba] [com.apple.AppKit:Image] ISImage reported a placeholder, image rep is providing a placeholder image for <private>
2026-09-09 19:28:00.118 I  PeachCommander[14895:c1ba] [com.apple.AppKit:Image] ISImage reported a placeholder, image rep is providing a placeholder image for <private>
2026-09-09 19:28:00.118 I  PeachCommander[14895:c1ba] [com.apple.AppKit:Image] ISImage reported a placeholder, image rep is providing a placeholder image for <private>
2026-09-09 19:28:00.119 I  PeachCommander[14895:c1ba] [com.apple.AppKit:Image] ISImage reported a placeholder, image rep is providing a placeholder image for <private>
2026-09-09 19:28:00.120 I  PeachCommander[14895:c1ba] [com.apple.AppKit:Image] ISImage reported a placeholder, image rep is providing a placeholder image for <private>
2026-09-09 19:28:00.120 I  PeachCommander[14895:c1ba] [com.apple.AppKit:Image] ISImage reported a placeholder, image rep is providing a placeholder image for <private>
2026-09-09 19:28:00.121 I  PeachCommander[14895:c1ba] [com.apple.AppKit:Image] ISImage reported a placeholder, image rep is providing a placeholder image for <private>
2026-09-09 19:28:00.122 I  PeachCommander[14895:c1ba] [com.apple.AppKit:Image] ISImage reported a placeholder, image rep is providing a placeholder image for <private>
2026-09-09 19:28:00.122 I  PeachCommander[14895:c1ba] [com.apple.AppKit:Image] ISImage reported a placeholder, image rep is providing a placeholder image for <private>
2026-09-09 19:28:00.122 I  PeachCommander[14895:c1ba] [com.apple.AppKit:Image] ISImage reported a placeholder, image rep is providing a placeholder image for <private>
2026-09-09 19:28:00.124 I  PeachCommander[14895:c1ba] [com.apple.AppKit:Image] ISImage reported a placeholder, image rep is providing a placeholder image for <private>
2026-09-09 19:28:00.124 I  PeachCommander[14895:c1ba] [com.apple.AppKit:Image] ISImage reported a placeholder, image rep is providing a placeholder image for <private>
2026-09-09 19:28:00.125 I  PeachCommander[14895:c1ba] [com.apple.AppKit:Image] ISImage reported a placeholder, image rep is providing a placeholder image for <private>
2026-09-09 19:28:00.125 I  PeachCommander[14895:c1ba] [com.apple.AppKit:Image] ISImage reported a placeholder, image rep is providing a placeholder image for <private>
2026-09-09 19:28:00.126 I  PeachCommander[14895:c1ba] [com.apple.AppKit:Image] ISImage reported a placeholder, image rep is providing a placeholder image for <private>
2026-09-09 19:28:00.126 I  PeachCommander[14895:c1ba] [com.apple.AppKit:Image] ISImage reported a placeholder, image rep is providing a placeholder image for <private>
2026-09-09 19:28:00.127 I  PeachCommander[14895:c1ba] [com.apple.AppKit:Image] ISImage reported a placeholder, image rep is providing a placeholder image for <private>
2026-09-09 19:28:00.127 I  PeachCommander[14895:c1ba] [com.apple.AppKit:Image] ISImage reported a placeholder, image rep is providing a placeholder image for <private>
2026-09-09 19:28:00.128 I  PeachCommander[14895:c1ba] [com.apple.AppKit:Image] ISImage reported a placeholder, image rep is providing a placeholder image for <private>
2026-09-09 19:28:00.128 I  PeachCommander[14895:c1ba] [com.apple.AppKit:Image] ISImage reported a placeholder, image rep is providing a placeholder image for <private>
2026-09-09 19:28:00.129 I  PeachCommander[14895:c1ba] [com.apple.AppKit:Image] ISImage reported a placeholder, image rep is providing a placeholder image for <private>
2026-09-09 19:28:00.129 I  PeachCommander[14895:c1ba] [com.apple.AppKit:Image] ISImage reported a placeholder, image rep is providing a placeholder image for <private>
2026-09-09 19:28:00.130 I  PeachCommander[14895:c1ba] [com.apple.AppKit:Image] ISImage reported a placeholder, image rep is providing a placeholder image for <private>
2026-09-09 19:28:00.130 I  PeachCommander[14895:c1ba] [com.apple.AppKit:Image] ISImage reported a placeholder, image rep is providing a placeholder image for <private>
2026-09-09 19:28:00.131 I  PeachCommander[14895:c1ba] [com.apple.AppKit:Image] ISImage reported a placeholder, image rep is providing a placeholder image for <private>
2026-09-09 19:28:00.131 I  PeachCommander[14895:c1ba] [com.apple.AppKit:Image] ISImage reported a placeholder, image rep is providing a placeholder image for <private>
2026-09-09 19:28:00.132 I  PeachCommander[14895:c1ba] [com.apple.AppKit:Image] ISImage reported a placeholder, image rep is providing a placeholder image for <private>
2026-09-09 19:28:00.132 I  PeachCommander[14895:c1ba] [com.apple.AppKit:Image] ISImage reported a placeholder, image rep is providing a placeholder image for <private>
2026-09-09 19:28:00.133 I  PeachCommander[14895:c1ba] [com.apple.AppKit:Image] ISImage reported a placeholder, image rep is providing a placeholder image for <private>
2026-09-09 19:28:00.133 I  PeachCommander[14895:c1ba] [com.apple.AppKit:Image] ISImage reported a placeholder, image rep is providing a placeholder image for <private>
2026-09-09 19:28:00.135 I  PeachCommander[14895:c1ba] [com.apple.AppKit:Image] ISImage reported a placeholder, image rep is providing a placeholder image for <private>
2026-09-09 19:28:00.135 I  PeachCommander[14895:c1ba] [com.apple.AppKit:Image] ISImage reported a placeholder, image rep is providing a placeholder image for <private>
2026-09-09 19:28:00.136 I  PeachCommander[14895:c1ba] [com.apple.AppKit:Image] ISImage reported a placeholder, image rep is providing a placeholder image for <private>
2026-09-09 19:28:00.136 I  PeachCommander[14895:c1ba] [com.apple.AppKit:Image] ISImage reported a placeholder, image rep is providing a placeholder image for <private>
2026-09-09 19:28:00.137 I  PeachCommander[14895:c1ba] [com.apple.AppKit:Image] ISImage reported a placeholder, image rep is providing a placeholder image for <private>
2026-09-09 19:28:00.137 I  PeachCommander[14895:c1ba] [com.apple.AppKit:Image] ISImage reported a placeholder, image rep is providing a placeholder image for <private>
2026-09-09 19:28:00.138 I  PeachCommander[14895:c1ba] [com.apple.AppKit:Image] ISImage reported a placeholder, image rep is providing a placeholder image for <private>
2026-09-09 19:28:00.138 I  PeachCommander[14895:c1ba] [com.apple.AppKit:Image] ISImage reported a placeholder, image rep is providing a placeholder image for <private>
2026-09-09 19:28:00.420 Df PeachCommander[14895:c1ba] (Foundation) <private>
2026-09-09 19:28:00.421 I  PeachCommander[14895:c1ba] [com.peachcommander:PCFoundation] [automation] > keyequiv C+BACKQUOTE|/Users/admin/find-toggle.txt
2026-09-09 19:28:00.421 I  PeachCommander[14895:c1ba] [com.apple.CFPasteboard:entry] GetItemCount('Apple CFPasteboard general' (<CFUUID 0xa6b014fe0> A54B279D-108A-4982-B13F-BD2D4207D111) gen: -1)
2026-09-09 19:28:00.421 I  PeachCommander[14895:c1ba] [com.apple.CFPasteboard:exit] result: 0 gen: 5 count: 1
2026-09-09 19:28:00.421 Df PeachCommander[14895:c1ba] [com.apple.AppKit:Pasteboard] NSPasteboard (name: Apple CFPasteboard general): data requested for type public.utf8-plain-text at index 0
2026-09-09 19:28:00.421 I  PeachCommander[14895:c1ba] [com.apple.CFPasteboard:entry] GetItemCount('Apple CFPasteboard general' (<CFUUID 0xa6b014fe0> A54B279D-108A-4982-B13F-BD2D4207D111) gen: -1)
2026-09-09 19:28:00.421 I  PeachCommander[14895:c1ba] [com.apple.CFPasteboard:exit] result: 0 gen: 5 count: 1
2026-09-09 19:28:00.421 I  PeachCommander[14895:c1ba] [com.apple.CFPasteboard:entry] CopyItemsAndFlavors('Apple CFPasteboard general (<CFUUID 0xa6b014fe0> A54B279D-108A-4982-B13F-BD2D4207D111)' gen: -1)
2026-09-09 19:28:00.421 I  PeachCommander[14895:c1ba] [com.apple.CFPasteboard:exit] result: 0, gen: -1 item-count: 1 flavor-count: 1 (-1 means nil)
2026-09-09 19:28:00.421 I  PeachCommander[14895:c1ba] [com.apple.CFPasteboard:entry] CopyData('Apple CFPasteboard general' (<CFUUID 0xa6b014fe0> A54B279D-108A-4982-B13F-BD2D4207D111) gen: 5 item: 789514 flavor: 'public.utf8-plain-text')
2026-09-09 19:28:00.421 I  PeachCommander[14895:c1ba] [com.apple.CFPasteboard:exit] (cache) - result: 0 generation: 5 data (7 bytes) flags: 20000000
2026-09-09 19:28:00.423 Df PeachCommander[14895:c1ba] (Foundation) <private>
2026-09-09 19:28:00.423 I  PeachCommander[14895:c1ba] [com.peachcommander:PCFoundation] [automation] > wait 800
2026-09-09 19:28:00.424 I  PeachCommander[14895:c25e] [com.apple.inputAnalytics.client:IATextInputActions] flushAndSetLastAction calling sendSignal:toChannel:withNullableSessionID:withPayload:
2026-09-09 19:28:00.424 Df PeachCommander[14895:c25e] [com.apple.inputAnalytics.client:IASignalAnalytics] channel:<private> signal:<private> sessionID:<private> timestamp:<private> payload:<private>
2026-09-09 19:28:00.424 I  PeachCommander[14895:c25e] [com.apple.inputAnalytics.client:IAXPCClient] IASignalAnalytics: fetching xpcClient...
2026-09-09 19:28:00.424 I  PeachCommander[14895:c25e] [com.apple.inputAnalytics.client:IAXPCClient] IASignalAnalytics: ...returning xpcClient 0xa6c2e03e0
2026-09-09 19:28:00.424 I  PeachCommander[14895:c25e] [com.apple.inputAnalytics.client:IAXPCClient] server: returning server 0xa69c3ce10
2026-09-09 19:28:00.424 I  PeachCommander[14895:c25e] [com.apple.inputAnalytics.client:IATextInputActions] flushAndSetLastAction calling sendSignal:toChannel:withNullableSessionID:withPayload:
2026-09-09 19:28:00.424 Df PeachCommander[14895:c25e] [com.apple.inputAnalytics.client:IASignalAnalytics] channel:<private> signal:<private> sessionID:<private> timestamp:<private> payload:<private>
2026-09-09 19:28:00.424 I  PeachCommander[14895:c25e] [com.apple.inputAnalytics.client:IAXPCClient] IASignalAnalytics: fetching xpcClient...
2026-09-09 19:28:00.424 I  PeachCommander[14895:c25e] [com.apple.inputAnalytics.client:IAXPCClient] IASignalAnalytics: ...returning xpcClient 0xa6c2e03e0
2026-09-09 19:28:00.424 I  PeachCommander[14895:c25e] [com.apple.inputAnalytics.client:IAXPCClient] server: returning server 0xa69c3ce10
2026-09-09 19:28:00.424 I  PeachCommander[14895:c25e] [com.apple.inputAnalytics.client:IATextInputActions] mergeOrConsumeAction calling sendSignal:toChannel:withNullableSessionID:withPayload:
2026-09-09 19:28:00.424 Df PeachCommander[14895:c25e] [com.apple.inputAnalytics.client:IASignalAnalytics] channel:<private> signal:<private> sessionID:<private> timestamp:<private> payload:<private>
2026-09-09 19:28:00.424 I  PeachCommander[14895:c25e] [com.apple.inputAnalytics.client:IAXPCClient] IASignalAnalytics: fetching xpcClient...
2026-09-09 19:28:00.424 I  PeachCommander[14895:c25e] [com.apple.inputAnalytics.client:IAXPCClient] IASignalAnalytics: ...returning xpcClient 0xa6c2e03e0
2026-09-09 19:28:00.424 I  PeachCommander[14895:c25e] [com.apple.inputAnalytics.client:IAXPCClient] server: returning server 0xa69c3ce10
2026-09-09 19:28:00.445 I  PeachCommander[14895:c1ba] [com.apple.AppKit:Image] ISImage reported a placeholder, image rep is providing a placeholder image for <private>
2026-09-09 19:28:00.446 I  PeachCommander[14895:c1ba] [com.apple.AppKit:Image] ISImage reported a placeholder, image rep is providing a placeholder image for <private>
2026-09-09 19:28:00.447 I  PeachCommander[14895:c1ba] [com.apple.AppKit:Image] ISImage reported a placeholder, image rep is providing a placeholder image for <private>
2026-09-09 19:28:00.447 I  PeachCommander[14895:c1ba] [com.apple.AppKit:Image] ISImage reported a placeholder, image rep is providing a placeholder image for <private>
2026-09-09 19:28:00.448 I  PeachCommander[14895:c1ba] [com.apple.AppKit:Image] ISImage reported a placeholder, image rep is providing a placeholder image for <private>
2026-09-09 19:28:00.449 I  PeachCommander[14895:c1ba] [com.apple.AppKit:Image] ISImage reported a placeholder, image rep is providing a placeholder image for <private>
2026-09-09 19:28:00.450 I  PeachCommander[14895:c1ba] [com.apple.AppKit:Image] ISImage reported a placeholder, image rep is providing a placeholder image for <private>
2026-09-09 19:28:00.450 I  PeachCommander[14895:c1ba] [com.apple.AppKit:Image] ISImage reported a placeholder, image rep is providing a placeholder image for <private>
2026-09-09 19:28:00.451 I  PeachCommander[14895:c1ba] [com.apple.AppKit:Image] ISImage reported a placeholder, image rep is providing a placeholder image for <private>
2026-09-09 19:28:00.452 I  PeachCommander[14895:c1ba] [com.apple.AppKit:Image] ISImage reported a placeholder, image rep is providing a placeholder image for <private>
2026-09-09 19:28:00.452 I  PeachCommander[14895:c1ba] [com.apple.AppKit:Image] ISImage reported a placeholder, image rep is providing a placeholder image for <private>
2026-09-09 19:28:00.453 I  PeachCommander[14895:c1ba] [com.apple.AppKit:Image] ISImage reported a placeholder, image rep is providing a placeholder image for <private>
2026-09-09 19:28:00.454 I  PeachCommander[14895:c1ba] [com.apple.AppKit:Image] ISImage reported a placeholder, image rep is providing a placeholder image for <private>
2026-09-09 19:28:00.454 I  PeachCommander[14895:c1ba] [com.apple.AppKit:Image] ISImage reported a placeholder, image rep is providing a placeholder image for <private>
2026-09-09 19:28:00.455 I  PeachCommander[14895:c1ba] [com.apple.AppKit:Image] ISImage reported a placeholder, image rep is providing a placeholder image for <private>
2026-09-09 19:28:00.456 I  PeachCommander[14895:c1ba] [com.apple.AppKit:Image] ISImage reported a placeholder, image rep is providing a placeholder image for <private>
2026-09-09 19:28:00.456 I  PeachCommander[14895:c1ba] [com.apple.AppKit:Image] ISImage reported a placeholder, image rep is providing a placeholder image for <private>
2026-09-09 19:28:00.457 I  PeachCommander[14895:c1ba] [com.apple.AppKit:Image] ISImage reported a placeholder, image rep is providing a placeholder image for <private>
2026-09-09 19:28:00.457 I  PeachCommander[14895:c1ba] [com.apple.AppKit:Image] ISImage reported a placeholder, image rep is providing a placeholder image for <private>
2026-09-09 19:28:00.458 I  PeachCommander[14895:c1ba] [com.apple.AppKit:Image] ISImage reported a placeholder, image rep is providing a placeholder image for <private>
2026-09-09 19:28:00.459 I  PeachCommander[14895:c1ba] [com.apple.AppKit:Image] ISImage reported a placeholder, image rep is providing a placeholder image for <private>
2026-09-09 19:28:00.460 I  PeachCommander[14895:c1ba] [com.apple.AppKit:Image] ISImage reported a placeholder, image rep is providing a placeholder image for <private>
2026-09-09 19:28:00.460 I  PeachCommander[14895:c1ba] [com.apple.AppKit:Image] ISImage reported a placeholder, image rep is providing a placeholder image for <private>
2026-09-09 19:28:00.461 I  PeachCommander[14895:c1ba] [com.apple.AppKit:Image] ISImage reported a placeholder, image rep is providing a placeholder image for <private>
2026-09-09 19:28:00.461 I  PeachCommander[14895:c1ba] [com.apple.AppKit:Image] ISImage reported a placeholder, image rep is providing a placeholder image for <private>
2026-09-09 19:28:00.462 I  PeachCommander[14895:c1ba] [com.apple.AppKit:Image] ISImage reported a placeholder, image rep is providing a placeholder image for <private>
2026-09-09 19:28:00.462 I  PeachCommander[14895:c1ba] [com.apple.AppKit:Image] ISImage reported a placeholder, image rep is providing a placeholder image for <private>
2026-09-09 19:28:00.464 I  PeachCommander[14895:c1ba] [com.apple.AppKit:Image] ISImage reported a placeholder, image rep is providing a placeholder image for <private>
2026-09-09 19:28:00.464 I  PeachCommander[14895:c1ba] [com.apple.AppKit:Image] ISImage reported a placeholder, image rep is providing a placeholder image for <private>
2026-09-09 19:28:00.465 I  PeachCommander[14895:c1ba] [com.apple.AppKit:Image] ISImage reported a placeholder, image rep is providing a placeholder image for <private>
2026-09-09 19:28:00.465 I  PeachCommander[14895:c1ba] [com.apple.AppKit:Image] ISImage reported a placeholder, image rep is providing a placeholder image for <private>
2026-09-09 19:28:00.466 I  PeachCommander[14895:c1ba] [com.apple.AppKit:Image] ISImage reported a placeholder, image rep is providing a placeholder image for <private>
2026-09-09 19:28:00.466 I  PeachCommander[14895:c1ba] [com.apple.AppKit:Image] ISImage reported a placeholder, image rep is providing a placeholder image for <private>
2026-09-09 19:28:00.467 I  PeachCommander[14895:c1ba] [com.apple.AppKit:Image] ISImage reported a placeholder, image rep is providing a placeholder image for <private>
2026-09-09 19:28:00.467 I  PeachCommander[14895:c1ba] [com.apple.AppKit:Image] ISImage reported a placeholder, image rep is providing a placeholder image for <private>
2026-09-09 19:28:00.468 I  PeachCommander[14895:c1ba] [com.apple.AppKit:Image] ISImage reported a placeholder, image rep is providing a placeholder image for <private>
2026-09-09 19:28:00.468 I  PeachCommander[14895:c1ba] [com.apple.AppKit:Image] ISImage reported a placeholder, image rep is providing a placeholder image for <private>
2026-09-09 19:28:00.469 I  PeachCommander[14895:c1ba] [com.apple.AppKit:Image] ISImage reported a placeholder, image rep is providing a placeholder image for <private>
2026-09-09 19:28:00.469 I  PeachCommander[14895:c1ba] [com.apple.AppKit:Image] ISImage reported a placeholder, image rep is providing a placeholder image for <private>
2026-09-09 19:28:00.470 I  PeachCommander[14895:c1ba] [com.apple.AppKit:Image] ISImage reported a placeholder, image rep is providing a placeholder image for <private>
2026-09-09 19:28:00.470 I  PeachCommander[14895:c1ba] [com.apple.AppKit:Image] ISImage reported a placeholder, image rep is providing a placeholder image for <private>
2026-09-09 19:28:00.471 I  PeachCommander[14895:c1ba] [com.apple.AppKit:Image] ISImage reported a placeholder, image rep is providing a placeholder image for <private>
2026-09-09 19:28:00.471 I  PeachCommander[14895:c1ba] [com.apple.AppKit:Image] ISImage reported a placeholder, image rep is providing a placeholder image for <private>
2026-09-09 19:28:00.472 I  PeachCommander[14895:c1ba] [com.apple.AppKit:Image] ISImage reported a placeholder, image rep is providing a placeholder image for <private>
2026-09-09 19:28:00.472 I  PeachCommander[14895:c1ba] [com.apple.AppKit:Image] ISImage reported a placeholder, image rep is providing a placeholder image for <private>
2026-09-09 19:28:00.522 I  PeachCommander[14895:c1ba] [com.apple.AppKit:Image] ISImage reported a placeholder, image rep is providing a placeholder image for <private>
2026-09-09 19:28:00.523 I  PeachCommander[14895:c1ba] [com.apple.AppKit:Image] ISImage reported a placeholder, image rep is providing a placeholder image for <private>
2026-09-09 19:28:00.524 I  PeachCommander[14895:c1ba] [com.apple.AppKit:Image] ISImage reported a placeholder, image rep is providing a placeholder image for <private>
2026-09-09 19:28:00.524 I  PeachCommander[14895:c1ba] [com.apple.AppKit:Image] ISImage reported a placeholder, image rep is providing a placeholder image for <private>
2026-09-09 19:28:00.525 I  PeachCommander[14895:c1ba] [com.apple.AppKit:Image] ISImage reported a placeholder, image rep is providing a placeholder image for <private>
2026-09-09 19:28:00.526 I  PeachCommander[14895:c1ba] [com.apple.AppKit:Image] ISImage reported a placeholder, image rep is providing a placeholder image for <private>
2026-09-09 19:28:00.526 I  PeachCommander[14895:c1ba] [com.apple.AppKit:Image] ISImage reported a placeholder, image rep is providing a placeholder image for <private>
2026-09-09 19:28:00.527 I  PeachCommander[14895:c1ba] [com.apple.AppKit:Image] ISImage reported a placeholder, image rep is providing a placeholder image for <private>
2026-09-09 19:28:00.527 I  PeachCommander[14895:c1ba] [com.apple.AppKit:Image] ISImage reported a placeholder, image rep is providing a placeholder image for <private>
2026-09-09 19:28:00.528 I  PeachCommander[14895:c1ba] [com.apple.AppKit:Image] ISImage reported a placeholder, image rep is providing a placeholder image for <private>
2026-09-09 19:28:00.529 I  PeachCommander[14895:c1ba] [com.apple.AppKit:Image] ISImage reported a placeholder, image rep is providing a placeholder image for <private>
2026-09-09 19:28:00.529 I  PeachCommander[14895:c1ba] [com.apple.AppKit:Image] ISImage reported a placeholder, image rep is providing a placeholder image for <private>
2026-09-09 19:28:00.530 I  PeachCommander[14895:c1ba] [com.apple.AppKit:Image] ISImage reported a placeholder, image rep is providing a placeholder image for <private>
2026-09-09 19:28:00.530 I  PeachCommander[14895:c1ba] [com.apple.AppKit:Image] ISImage reported a placeholder, image rep is providing a placeholder image for <private>
2026-09-09 19:28:00.531 I  PeachCommander[14895:c1ba] [com.apple.AppKit:Image] ISImage reported a placeholder, image rep is providing a placeholder image for <private>
2026-09-09 19:28:00.531 I  PeachCommander[14895:c1ba] [com.apple.AppKit:Image] ISImage reported a placeholder, image rep is providing a placeholder image for <private>
2026-09-09 19:28:00.531 I  PeachCommander[14895:c1ba] [com.apple.AppKit:Image] ISImage reported a placeholder, image rep is providing a placeholder image for <private>
2026-09-09 19:28:00.533 I  PeachCommander[14895:c1ba] [com.apple.AppKit:Image] ISImage reported a placeholder, image rep is providing a placeholder image for <private>
2026-09-09 19:28:00.533 I  PeachCommander[14895:c1ba] [com.apple.AppKit:Image] ISImage reported a placeholder, image rep is providing a placeholder image for <private>
2026-09-09 19:28:00.534 I  PeachCommander[14895:c1ba] [com.apple.AppKit:Image] ISImage reported a placeholder, image rep is providing a placeholder image for <private>
2026-09-09 19:28:00.534 I  PeachCommander[14895:c1ba] [com.apple.AppKit:Image] ISImage reported a placeholder, image rep is providing a placeholder image for <private>
2026-09-09 19:28:00.535 I  PeachCommander[14895:c1ba] [com.apple.AppKit:Image] ISImage reported a placeholder, image rep is providing a placeholder image for <private>
2026-09-09 19:28:00.535 I  PeachCommander[14895:c1ba] [com.apple.AppKit:Image] ISImage reported a placeholder, image rep is providing a placeholder image for <private>
2026-09-09 19:28:00.536 I  PeachCommander[14895:c1ba] [com.apple.AppKit:Image] ISImage reported a placeholder, image rep is providing a placeholder image for <private>
2026-09-09 19:28:00.536 I  PeachCommander[14895:c1ba] [com.apple.AppKit:Image] ISImage reported a placeholder, image rep is providing a placeholder image for <private>
2026-09-09 19:28:00.537 I  PeachCommander[14895:c1ba] [com.apple.AppKit:Image] ISImage reported a placeholder, image rep is providing a placeholder image for <private>
2026-09-09 19:28:00.537 I  PeachCommander[14895:c1ba] [com.apple.AppKit:Image] ISImage reported a placeholder, image rep is providing a placeholder image for <private>
2026-09-09 19:28:00.538 I  PeachCommander[14895:c1ba] [com.apple.AppKit:Image] ISImage reported a placeholder, image rep is providing a placeholder image for <private>
2026-09-09 19:28:00.538 I  PeachCommander[14895:c1ba] [com.apple.AppKit:Image] ISImage reported a placeholder, image rep is providing a placeholder image for <private>
2026-09-09 19:28:00.539 I  PeachCommander[14895:c1ba] [com.apple.AppKit:Image] ISImage reported a placeholder, image rep is providing a placeholder image for <private>
2026-09-09 19:28:00.539 I  PeachCommander[14895:c1ba] [com.apple.AppKit:Image] ISImage reported a placeholder, image rep is providing a placeholder image for <private>
2026-09-09 19:28:00.540 I  PeachCommander[14895:c1ba] [com.apple.AppKit:Image] ISImage reported a placeholder, image rep is providing a placeholder image for <private>
2026-09-09 19:28:00.540 I  PeachCommander[14895:c1ba] [com.apple.AppKit:Image] ISImage reported a placeholder, image rep is providing a placeholder image for <private>
2026-09-09 19:28:00.541 I  PeachCommander[14895:c1ba] [com.apple.AppKit:Image] ISImage reported a placeholder, image rep is providing a placeholder image for <private>
2026-09-09 19:28:00.541 I  PeachCommander[14895:c1ba] [com.apple.AppKit:Image] ISImage reported a placeholder, image rep is providing a placeholder image for <private>
2026-09-09 19:28:00.542 I  PeachCommander[14895:c1ba] [com.apple.AppKit:Image] ISImage reported a placeholder, image rep is providing a placeholder image for <private>
2026-09-09 19:28:00.542 I  PeachCommander[14895:c1ba] [com.apple.AppKit:Image] ISImage reported a placeholder, image rep is providing a placeholder image for <private>
2026-09-09 19:28:00.543 I  PeachCommander[14895:c1ba] [com.apple.AppKit:Image] ISImage reported a placeholder, image rep is providing a placeholder image for <private>
2026-09-09 19:28:00.543 I  PeachCommander[14895:c1ba] [com.apple.AppKit:Image] ISImage reported a placeholder, image rep is providing a placeholder image for <private>
2026-09-09 19:28:00.544 I  PeachCommander[14895:c1ba] [com.apple.AppKit:Image] ISImage reported a placeholder, image rep is providing a placeholder image for <private>
2026-09-09 19:28:00.544 I  PeachCommander[14895:c1ba] [com.apple.AppKit:Image] ISImage reported a placeholder, image rep is providing a placeholder image for <private>
2026-09-09 19:28:00.546 I  PeachCommander[14895:c1ba] [com.apple.AppKit:Image] ISImage reported a placeholder, image rep is providing a placeholder image for <private>
2026-09-09 19:28:00.546 I  PeachCommander[14895:c1ba] [com.apple.AppKit:Image] ISImage reported a placeholder, image rep is providing a placeholder image for <private>
2026-09-09 19:28:00.547 I  PeachCommander[14895:c1ba] [com.apple.AppKit:Image] ISImage reported a placeholder, image rep is providing a placeholder image for <private>
2026-09-09 19:28:00.547 I  PeachCommander[14895:c1ba] [com.apple.AppKit:Image] ISImage reported a placeholder, image rep is providing a placeholder image for <private>
2026-09-09 19:28:00.579 I  PeachCommander[14895:c1ba] [com.apple.SafariPlatformSupport:SafariPlatformSupport] -[SFSafariPlatformSupport credentialSelected:] with nil credential
2026-09-09 19:28:00.579 I  PeachCommander[14895:c1ba] [com.apple.SafariPlatformSupport:SafariPlatformSupport] -[SFSafariPlatformSupport oneTimeCodeSelected:] with nil code
2026-09-09 19:28:01.252 Df PeachCommander[14895:c1ba] (Foundation) <private>
2026-09-09 19:28:01.252 I  PeachCommander[14895:c1ba] [com.peachcommander:PCFoundation] [automation] > keyequivmenu W+f|/Users/admin/find-panel.txt
2026-09-09 19:28:01.253 I  PeachCommander[14895:c1ba] [com.apple.CoreAnalytics:client] Dropping "com.apple.keyboard.shortcut" as it isn't used in any transform (not in the config or budgeted?)
2026-09-09 19:28:01.253 A  PeachCommander[14895:c1ba] (AppKit) performKeyEquivalent:
2026-09-09 19:28:01.253 I  PeachCommander[14895:c1ba] [com.apple.AppKit:Menu] Donating invocation type KeyboardShortcut for menu item <NSMenuItem: 0xa6bb6ebc0, ke='Command-F', action: performFindPanelAction:>
2026-09-09 19:28:01.253 I  PeachCommander[14895:c1ba] [com.apple.CFPasteboard:entry] GetItemCount('Apple CFPasteboard general' (<CFUUID 0xa6b014fe0> A54B279D-108A-4982-B13F-BD2D4207D111) gen: -1)
2026-09-09 19:28:01.253 I  PeachCommander[14895:c1ba] [com.apple.CFPasteboard:exit] result: 0 gen: 5 count: 1
2026-09-09 19:28:01.253 Df PeachCommander[14895:c1ba] [com.apple.AppKit:Pasteboard] NSPasteboard (name: Apple CFPasteboard general): data requested for type public.utf8-plain-text at index 0
2026-09-09 19:28:01.254 I  PeachCommander[14895:c1ba] [com.apple.CFPasteboard:entry] GetItemCount('Apple CFPasteboard general' (<CFUUID 0xa6b014fe0> A54B279D-108A-4982-B13F-BD2D4207D111) gen: -1)
2026-09-09 19:28:01.254 I  PeachCommander[14895:c1ba] [com.apple.CFPasteboard:exit] result: 0 gen: 5 count: 1
2026-09-09 19:28:01.254 I  PeachCommander[14895:c1ba] [com.apple.CFPasteboard:entry] CopyItemsAndFlavors('Apple CFPasteboard general (<CFUUID 0xa6b014fe0> A54B279D-108A-4982-B13F-BD2D4207D111)' gen: -1)
2026-09-09 19:28:01.254 I  PeachCommander[14895:c1ba] [com.apple.CFPasteboard:exit] result: 0, gen: -1 item-count: 1 flavor-count: 1 (-1 means nil)
2026-09-09 19:28:01.254 I  PeachCommander[14895:c1ba] [com.apple.CFPasteboard:entry] CopyData('Apple CFPasteboard general' (<CFUUID 0xa6b014fe0> A54B279D-108A-4982-B13F-BD2D4207D111) gen: 5 item: 789514 flavor: 'public.utf8-plain-text')
2026-09-09 19:28:01.254 I  PeachCommander[14895:c1ba] [com.apple.CFPasteboard:exit] (cache) - result: 0 generation: 5 data (7 bytes) flags: 20000000
2026-09-09 19:28:01.255 Df PeachCommander[14895:c1ba] (Foundation) <private>
2026-09-09 19:28:01.255 I  PeachCommander[14895:c1ba] [com.peachcommander:PCFoundation] [automation] > wait 1000
2026-09-09 19:28:01.277 I  PeachCommander[14895:c1ba] [com.apple.AppKit:Image] ISImage reported a placeholder, image rep is providing a placeholder image for <private>
2026-09-09 19:28:01.277 I  PeachCommander[14895:c1ba] [com.apple.AppKit:Image] ISImage reported a placeholder, image rep is providing a placeholder image for <private>
2026-09-09 19:28:01.278 I  PeachCommander[14895:c1ba] [com.apple.AppKit:Image] ISImage reported a placeholder, image rep is providing a placeholder image for <private>
2026-09-09 19:28:01.279 I  PeachCommander[14895:c1ba] [com.apple.AppKit:Image] ISImage reported a placeholder, image rep is providing a placeholder image for <private>
2026-09-09 19:28:01.279 I  PeachCommander[14895:c1ba] [com.apple.AppKit:Image] ISImage reported a placeholder, image rep is providing a placeholder image for <private>
2026-09-09 19:28:01.280 I  PeachCommander[14895:c1ba] [com.apple.AppKit:Image] ISImage reported a placeholder, image rep is providing a placeholder image for <private>
2026-09-09 19:28:01.281 I  PeachCommander[14895:c1ba] [com.apple.AppKit:Image] ISImage reported a placeholder, image rep is providing a placeholder image for <private>
2026-09-09 19:28:01.281 I  PeachCommander[14895:c1ba] [com.apple.AppKit:Image] ISImage reported a placeholder, image rep is providing a placeholder image for <private>
2026-09-09 19:28:01.282 I  PeachCommander[14895:c1ba] [com.apple.AppKit:Image] ISImage reported a placeholder, image rep is providing a placeholder image for <private>
2026-09-09 19:28:01.282 I  PeachCommander[14895:c1ba] [com.apple.AppKit:Image] ISImage reported a placeholder, image rep is providing a placeholder image for <private>
2026-09-09 19:28:01.283 I  PeachCommander[14895:c1ba] [com.apple.AppKit:Image] ISImage reported a placeholder, image rep is providing a placeholder image for <private>
2026-09-09 19:28:01.284 I  PeachCommander[14895:c1ba] [com.apple.AppKit:Image] ISImage reported a placeholder, image rep is providing a placeholder image for <private>
2026-09-09 19:28:01.284 I  PeachCommander[14895:c1ba] [com.apple.AppKit:Image] ISImage reported a placeholder, image rep is providing a placeholder image for <private>
2026-09-09 19:28:01.285 I  PeachCommander[14895:c1ba] [com.apple.AppKit:Image] ISImage reported a placeholder, image rep is providing a placeholder image for <private>
2026-09-09 19:28:01.285 I  PeachCommander[14895:c1ba] [com.apple.AppKit:Image] ISImage reported a placeholder, image rep is providing a placeholder image for <private>
2026-09-09 19:28:01.287 I  PeachCommander[14895:c1ba] [com.apple.AppKit:Image] ISImage reported a placeholder, image rep is providing a placeholder image for <private>
2026-09-09 19:28:01.287 I  PeachCommander[14895:c1ba] [com.apple.AppKit:Image] ISImage reported a placeholder, image rep is providing a placeholder image for <private>
2026-09-09 19:28:01.288 I  PeachCommander[14895:c1ba] [com.apple.AppKit:Image] ISImage reported a placeholder, image rep is providing a placeholder image for <private>
2026-09-09 19:28:01.288 I  PeachCommander[14895:c1ba] [com.apple.AppKit:Image] ISImage reported a placeholder, image rep is providing a placeholder image for <private>
2026-09-09 19:28:01.289 I  PeachCommander[14895:c1ba] [com.apple.AppKit:Image] ISImage reported a placeholder, image rep is providing a placeholder image for <private>
2026-09-09 19:28:01.289 I  PeachCommander[14895:c1ba] [com.apple.AppKit:Image] ISImage reported a placeholder, image rep is providing a placeholder image for <private>
2026-09-09 19:28:01.290 I  PeachCommander[14895:c1ba] [com.apple.AppKit:Image] ISImage reported a placeholder, image rep is providing a placeholder image for <private>
2026-09-09 19:28:01.291 I  PeachCommander[14895:c1ba] [com.apple.AppKit:Image] ISImage reported a placeholder, image rep is providing a placeholder image for <private>
2026-09-09 19:28:01.292 I  PeachCommander[14895:c1ba] [com.apple.AppKit:Image] ISImage reported a placeholder, image rep is providing a placeholder image for <private>
2026-09-09 19:28:01.292 I  PeachCommander[14895:c1ba] [com.apple.AppKit:Image] ISImage reported a placeholder, image rep is providing a placeholder image for <private>
2026-09-09 19:28:01.293 I  PeachCommander[14895:c1ba] [com.apple.AppKit:Image] ISImage reported a placeholder, image rep is providing a placeholder image for <private>
2026-09-09 19:28:01.293 I  PeachCommander[14895:c1ba] [com.apple.AppKit:Image] ISImage reported a placeholder, image rep is providing a placeholder image for <private>
2026-09-09 19:28:01.294 I  PeachCommander[14895:c1ba] [com.apple.AppKit:Image] ISImage reported a placeholder, image rep is providing a placeholder image for <private>
2026-09-09 19:28:01.294 I  PeachCommander[14895:c1ba] [com.apple.AppKit:Image] ISImage reported a placeholder, image rep is providing a placeholder image for <private>
2026-09-09 19:28:01.295 I  PeachCommander[14895:c1ba] [com.apple.AppKit:Image] ISImage reported a placeholder, image rep is providing a placeholder image for <private>
2026-09-09 19:28:01.295 I  PeachCommander[14895:c1ba] [com.apple.AppKit:Image] ISImage reported a placeholder, image rep is providing a placeholder image for <private>
2026-09-09 19:28:01.296 I  PeachCommander[14895:c1ba] [com.apple.AppKit:Image] ISImage reported a placeholder, image rep is providing a placeholder image for <private>
2026-09-09 19:28:01.296 I  PeachCommander[14895:c1ba] [com.apple.AppKit:Image] ISImage reported a placeholder, image rep is providing a placeholder image for <private>
2026-09-09 19:28:01.297 I  PeachCommander[14895:c1ba] [com.apple.AppKit:Image] ISImage reported a placeholder, image rep is providing a placeholder image for <private>
2026-09-09 19:28:01.297 I  PeachCommander[14895:c1ba] [com.apple.AppKit:Image] ISImage reported a placeholder, image rep is providing a placeholder image for <private>
2026-09-09 19:28:01.298 I  PeachCommander[14895:c1ba] [com.apple.AppKit:Image] ISImage reported a placeholder, image rep is providing a placeholder image for <private>
2026-09-09 19:28:01.298 I  PeachCommander[14895:c1ba] [com.apple.AppKit:Image] ISImage reported a placeholder, image rep is providing a placeholder image for <private>
2026-09-09 19:28:01.299 I  PeachCommander[14895:c1ba] [com.apple.AppKit:Image] ISImage reported a placeholder, image rep is providing a placeholder image for <private>
2026-09-09 19:28:01.299 I  PeachCommander[14895:c1ba] [com.apple.AppKit:Image] ISImage reported a placeholder, image rep is providing a placeholder image for <private>
2026-09-09 19:28:01.300 I  PeachCommander[14895:c1ba] [com.apple.AppKit:Image] ISImage reported a placeholder, image rep is providing a placeholder image for <private>
2026-09-09 19:28:01.300 I  PeachCommander[14895:c1ba] [com.apple.AppKit:Image] ISImage reported a placeholder, image rep is providing a placeholder image for <private>
2026-09-09 19:28:01.301 I  PeachCommander[14895:c1ba] [com.apple.AppKit:Image] ISImage reported a placeholder, image rep is providing a placeholder image for <private>
2026-09-09 19:28:01.301 I  PeachCommander[14895:c1ba] [com.apple.AppKit:Image] ISImage reported a placeholder, image rep is providing a placeholder image for <private>
2026-09-09 19:28:01.302 I  PeachCommander[14895:c1ba] [com.apple.AppKit:Image] ISImage reported a placeholder, image rep is providing a placeholder image for <private>
2026-09-09 19:28:01.303 I  PeachCommander[14895:c1ba] [com.apple.AppKit:Image] ISImage reported a placeholder, image rep is providing a placeholder image for <private>
2026-09-09 19:28:02.318 Df PeachCommander[14895:c1ba] (Foundation) <private>
2026-09-09 19:28:02.318 I  PeachCommander[14895:c1ba] [com.peachcommander:PCFoundation] [automation] done
