Timestamp               Ty Process[PID:TID]
2026-09-14 11:54:19.532 A  PeachCommander[14937:c270] (libsystem_info.dylib) Retrieve User by ID
2026-09-14 11:54:19.533 Df PeachCommander[14937:c270] [com.apple.xpc:connection] [0x103a51d90] activating connection: mach=true listener=false peer=false name=com.apple.cfprefsd.daemon
2026-09-14 11:54:19.533 Df PeachCommander[14937:c274] [com.apple.xpc:connection] [0x103a52490] activating connection: mach=true listener=false peer=false name=com.apple.cfprefsd.agent
2026-09-14 11:54:19.534 Df PeachCommander[14937:c270] [com.apple.xpc:connection] [0x103a574b0] activating connection: mach=true listener=false peer=false name=com.apple.coreservices.launchservicesd
2026-09-14 11:54:19.534 I  PeachCommander[14937:c270] [com.apple.launchservices:cas] Registering for notification <private> on default queue, to re-boostrap client connection.
2026-09-14 11:54:19.534 Df PeachCommander[14937:c270] [com.apple.xpc:connection] [0x9d4cb4000] activating connection: mach=true listener=false peer=false name=com.apple.pasteboard.1
2026-09-14 11:54:19.534 Df PeachCommander[14937:c270] [com.apple.xpc:connection] [0x9d4cb4140] activating connection: mach=true listener=false peer=false name=com.apple.distributed_notifications@Uv3
2026-09-14 11:54:19.536 Df PeachCommander[14937:c270] [com.apple.AppKit:AutomaticTermination] void _NSDisableAutomaticTerminationAndLog(NSString *) No windows open yet
2026-09-14 11:54:19.536 A  PeachCommander[14937:c270] (TCC) TCCAccessRequest() IPC
2026-09-14 11:54:19.536 Df PeachCommander[14937:c270] [com.apple.xpc:connection] [0x9d4cb4280] activating connection: mach=true listener=false peer=false name=com.apple.tccd.system
2026-09-14 11:54:19.536 I  PeachCommander[14937:c270] [com.apple.TCC:access] SEND: 0/7 synchronous to com.apple.tccd.system: request: msgID=14937.1, function=TCCAccessRequest, service=kTCCServiceListenEvent,
2026-09-14 11:54:19.537 I  PeachCommander[14937:c270] [com.apple.TCC:access] RECV: synchronous reply <dictionary: 0x9d4c78000> { count = 5, transaction: 0, voucher = 0x0, contents =
	"prompt_type" => <uint64: 0xa60d2dce4640fea7>: 1
	"auth_value" => <uint64: 0xa60d2dce4640fea7>: 1
	"preflight_unknown" => <bool: 0x1f7121190>: true
	"auth_version" => <uint64: 0xa60d2dce4640fea7>: 1
	"auth_reason" => <uint64: 0xa60d2dce4640fe87>: 5
}
2026-09-14 11:54:19.537 Df PeachCommander[14937:c270] [com.apple.xpc:connection] [0x9d4cb4280] invalidated after the last release of the connection object
2026-09-14 11:54:19.537 Df PeachCommander[14937:c270] [com.apple.SkyLight:default] server port 0x00003907, session port 0x00003907
2026-09-14 11:54:19.539 I  PeachCommander[14937:c275] [com.apple.SkyLight:processes] 0[outside of RPC]: First connection id 269015 mapped to ctx = 0x9d501d000
2026-09-14 11:54:19.539 Df PeachCommander[14937:c270] [com.apple.SkyLight:default] New connection 0x41ad7 main
2026-09-14 11:54:19.539 I  PeachCommander[14937:c270] [com.apple.hiservices:processmgr] Checking in with CAS, pid=14937
2026-09-14 11:54:19.539 I  PeachCommander[14937:c270] [com.apple.launchservices:cas] LSApplicationCheckIn(), app being registered is:"/Users/admin/pc-test/PeachCommander.app/Contents/MacOS/PeachCommander"
2026-09-14 11:54:19.540 I  PeachCommander[14937:c270] [com.apple.launchservices:cas]  { "ApplicationType"="Foreground", "BuildMachineOSBuild"="25E246", "CFBundleDevelopmentRegion"="en", "CFBundleDocumentTypes"=( { "CFBundleTypeName"="Peach Commander Plugin Package", "CFBundleTypeRole"="Viewer", "LSHandlerRank"="Owner", "LSItemContentTypes"=( "com.peachcommander.plugin-package") }), "CFBundleExecutable"="PeachCommander", "CFBundleExecutablePath"="/Users/admin/pc-test/PeachCommander.app/Contents/MacOS/PeachCommander", "CFBundleHelpBookFolder"="PeachCommander.help", "CFBundleHelpBookName"="Peach Commander Help", "CFBundleIconFile"="AppIcon", "CFBundleIconName"="AppIcon", "CFBundleIdentifier"="com.peachcommander.app", "CFBundleInfoDictionaryVersion"="6.0", "CFBundleName"="PeachCommander", "CFBundleNumericVersion"=402685952, "CFBundlePackageType"="APPL", "CFBundleShortVersionString"="0.9.0", "CFBundleSignature"="?????", "CFBundleSupportedPlatforms"=( "MacOSX"), "CFBundleVersion"="18", "DTCompiler"="com.apple.compilers.llvm.clang.1_0", "DTPlatformBuild"="25F70", "DTPlatformName"="macosx", "<…>
2026-09-14 11:54:19.540 Df PeachCommander[14937:c270] [com.apple.processmanager:front-35286506] CHECKIN: pid=14937
2026-09-14 11:54:19.541 Df PeachCommander[14937:c270] [com.apple.processmanager:front-35286506] CHECKEDIN: pid=14937 asn=0x0-0xb90b9 foreground=1
2026-09-14 11:54:19.541 I  PeachCommander[14937:c270] [com.apple.launchservices:cas] Setting processControlState to default PROC_SETPC_SUSPEND because application does not have LSProcessControlValue key
2026-09-14 11:54:19.541 Df PeachCommander[14937:c270] [com.apple.xpc:connection] [0x9d4cb4280] activating connection: mach=false listener=true peer=false name=(anonymous)
2026-09-14 11:54:19.541 Df PeachCommander[14937:c270] [com.apple.xpc:connection] [0x9d4cb4280] Connection returned listener port: 0x4103
2026-09-14 11:54:19.541 Df PeachCommander[14937:c274] [com.apple.xpc:connection] [0x9d50b8300] activating connection: mach=false listener=false peer=true name=com.apple.xpc.anonymous.0x9d4cb4280.peer[131].0x9d50b8300
2026-09-14 11:54:19.541 Df PeachCommander[14937:c270] [com.apple.processmanager:front-35286506] FRONTLOGGING: version 1
2026-09-14 11:54:19.541 Df PeachCommander[14937:c270] [com.apple.processmanager:front-35286506] Registered, pid=14937 ASN=0x0,0xb90b9
2026-09-14 11:54:19.541 Df PeachCommander[14937:c270] [com.apple.xpc:connection] [0x9d4cb43c0] activating connection: mach=true listener=false peer=false name=com.apple.analyticsd
2026-09-14 11:54:19.542 I  PeachCommander[14937:c270] [com.apple.CoreAnalytics:client] Daemon status changed from 0 to 1
2026-09-14 11:54:19.542 I  PeachCommander[14937:c274] [com.apple.CarbonCore:coreservicesdaemon] SCSession():SCSession( id=100, this=0x0x103a60ce0 option=65538) created, forUID=501 mach_port_t=0x4403.
2026-09-14 11:54:19.542 I  PeachCommander[14937:c274] [com.apple.CarbonCore:coreservicesdaemon] SCSession():SCSession( id=101, this=0x0x103a55c30 option=65538) created, forUID=501 mach_port_t=0x5103.
2026-09-14 11:54:19.542 I  PeachCommander[14937:c274] [com.apple.CarbonCore:coreservicesdaemon] connectToCoreServicesD():Instantiating server (coreservicesd based) SCSession, port=0x4403 serverOptions=0x10002.
2026-09-14 11:54:19.542 I  PeachCommander[14937:c270] [com.apple.hiservices:processmgr] _RegisterApplication( pid 14937 => 0x0,0xb90b9) type=foreground
2026-09-14 11:54:19.542 Df PeachCommander[14937:c270] [com.apple.xpc:connection] [0x9d4cb4280] Connection returned listener port: 0x4103
2026-09-14 11:54:19.542 Df PeachCommander[14937:c27a] [com.apple.CoreAnalytics:client] Received configuration update from daemon (initial)
2026-09-14 11:54:19.542 I  PeachCommander[14937:c270] [com.apple.launchservices:cas] CFArrayRef _LSCopyLaunchModifiers(LSSessionID, LSASNRef _Nonnull), result for psn [ kLSCurrentApp ASN, 0x0,0x2]  is 1 items.
2026-09-14 11:54:19.542 Df PeachCommander[14937:c270] [com.apple.processmanager:front-35286506] BringForward: pid=14937 asn=0x0-0xb90b9 bringForward=1 foreground=1 uiElement=0 launchedByLS=1 modifiersCount=1 allDisabled=1
2026-09-14 11:54:19.542 Df PeachCommander[14937:c270] [com.apple.processmanager:front-35286506] BringFrontModifier: pid=14937 asn=0x0-0xb90b9 Modifier 0 hideAfter=0 hideOthers=0 dontMakeFrontmost=0 mouseDown=0/0 seed=0/0
2026-09-14 11:54:19.542 Df PeachCommander[14937:c270] [com.apple.processmanager:front-35286506] BringForward: pid=14937 asn=0x0-0xb90b9
2026-09-14 11:54:19.542 Df PeachCommander[14937:c270] [com.apple.processmanager:front-35286506] SetFrontProcess: asn=0x0-0xb90b9 options=0
2026-09-14 11:54:19.542 I  PeachCommander[14937:c270] [com.apple.SkyLight:processes] 0[outside of RPC]: SLPSetFrontProcess(0x0-0xb90b9 window=0 options=0x0
2026-09-14 11:54:19.542 Df PeachCommander[14937:c274] [com.apple.xpc:connection] [0x9d4cb4500] activating connection: mach=true listener=false peer=false name=com.apple.lsd.mapdb
2026-09-14 11:54:19.543 Df PeachCommander[14937:c270] [com.apple.AppKit:Appearance] Current system appearance, (HLTB: 1), (SLS: 0)
2026-09-14 11:54:19.544 Df PeachCommander[14937:c270] (libMobileGestalt.dylib) No persisted cache on this platform.
2026-09-14 11:54:19.544 Df PeachCommander[14937:c270] (libMobileGestalt.dylib) Could not get size of EAN data (IOConnectCallScalarMethod kAppleNVMeEANGetSize returned 0xE00002E2)
2026-09-14 11:54:19.544 Df PeachCommander[14937:c270] (libMobileGestalt.dylib) Failed to copy 'aptk' from EAN
2026-09-14 11:54:19.544 Df PeachCommander[14937:c270] (libMobileGestalt.dylib) Failed to copy APTicket properties. Falling back to default policy.
2026-09-14 11:54:19.544 Df PeachCommander[14937:c270] (libMobileGestalt.dylib) Creating default MGSysConfigPolicy
2026-09-14 11:54:19.544 I  PeachCommander[14937:c275] [com.apple.launchservices:cas] information in shared memory for 0x0-0xb90b9 with seed 533 was still valid, so using cached info { "ApplicationType"="Foreground", "BuildMachineOSBuild"="25E246", "BundleIdentifierLowerCase"="com.peachcommander.app", "CFBundleDevelopmentRegion"="en", "CFBundleDocumentTypes"=( { "CFBundleTypeName"="Peach Commander Plugin Package", "CFBundleTypeRole"="Viewer", "LSHandlerRank"="Owner", "LSItemContentTypes"=( "com.peachcommander.plugin-package") }), "CFBundleExecutable"="PeachCommander", "CFBundleExecutablePath"="/Users/admin/pc-test/PeachCommander.app/Contents/MacOS/PeachCommander", "CFBundleExecutablePathDeviceID"=16777228, "CFBundleExecutablePathINode"=487690, "CFBundleHelpBookFolder"="PeachCommander.help", "CFBundleHelpBookName"="Peach Commander Help", "CFBundleIconFile"="AppIcon", "CFBundleIconName"="AppIcon", "CFBundleIdentifier"="com.peachcommander.app", "CFBundleInfoDictionaryVersion"="6.0", "CFBundleName"="PeachCommander", "CFBundleNameLowerCase"="peachcommander", "CFBundleNumericVersion"=402685952, "CFBundlePackageType"="APPL", "CFBundleShortVersionString"="0.9.0", "CFBun<…>
2026-09-14 11:54:19.544 Df PeachCommander[14937:c270] (libMobileGestalt.dylib) CFDictionaryRef copySyscfgDictionary(void) enumeration of <private> failed.
2026-09-14 11:54:19.544 Df PeachCommander[14937:c270] (libMobileGestalt.dylib) Failed to find key <private>
2026-09-14 11:54:19.545 I  PeachCommander[14937:c274] [com.apple.launchservices:db] LaunchServices database schema version: 20971544
2026-09-14 11:54:19.545 Df PeachCommander[14937:c270] [com.apple.AppKit:Appearance] Current system appearance, (HLTB: 1), (SLS: 0)
2026-09-14 11:54:19.545 Df PeachCommander[14937:c270] [com.apple.AppKit:Appearance] Post-registration system appearance: (HLTB: 1)
2026-09-14 11:54:19.546 I  PeachCommander[14937:c274] [com.apple.launchservices:default] Unable to load Info.plist exceptions (eGPUOverrides)
2026-09-14 11:54:19.546 I  PeachCommander[14937:c274] [com.apple.launchservices:default] Unable to load Info.plist exceptions (gameModeOverrides)
2026-09-14 11:54:19.546 I  PeachCommander[14937:c274] [com.apple.launchservices:default] Unable to load Info.plist exceptions (identifiedGameOverrides)
2026-09-14 11:54:19.546 I  PeachCommander[14937:c274] [com.apple.launchservices:default] Unable to load Info.plist exceptions (SystemHiddenPreferred)
2026-09-14 11:54:19.547 Df PeachCommander[14937:c270] [com.apple.FrontBoard:Common] FBSWorkspace: endpoint monitoring is disabled.
2026-09-14 11:54:19.547 Df PeachCommander[14937:c270] [com.apple.FrontBoard:Common] FBSWorkspace: default shell endpoint is disabled.
2026-09-14 11:54:19.547 Df PeachCommander[14937:c270] [com.apple.runningboard:connection] Initializing connection
2026-09-14 11:54:19.547 Df PeachCommander[14937:c270] [com.apple.runningboard:process] Removing all cached process handles
2026-09-14 11:54:19.547 Df PeachCommander[14937:c274] [com.apple.runningboard:connection] Sending handshake request attempt #1 to server
2026-09-14 11:54:19.547 Df PeachCommander[14937:c274] [com.apple.runningboard:connection] Creating connection to com.apple.runningboard
2026-09-14 11:54:19.547 Df PeachCommander[14937:c274] [com.apple.xpc:connection] [0x9d4cb4640] activating connection: mach=true listener=false peer=false name=com.apple.runningboard
2026-09-14 11:54:19.547 A  PeachCommander[14937:c279] (RunningBoardServices) didChangeInheritances
2026-09-14 11:54:19.547 Df PeachCommander[14937:c270] [com.apple.xpc:connection] [0x9d4cb4280] Connection returned listener port: 0x4103
2026-09-14 11:54:19.548 Df PeachCommander[14937:c274] [com.apple.runningboard:connection] Handshake succeeded
2026-09-14 11:54:19.548 Df PeachCommander[14937:c274] [com.apple.runningboard:connection] Identity resolved as app<application.com.peachcommander.app.486404.487690(501)>
2026-09-14 11:54:19.548 I  PeachCommander[14937:c270] [com.apple.launchservices:cas] information in shared memory for 0x0-0xb90b9 with seed 533 was still valid, so using cached info { "ApplicationType"="Foreground", "BuildMachineOSBuild"="25E246", "BundleIdentifierLowerCase"="com.peachcommander.app", "CFBundleDevelopmentRegion"="en", "CFBundleDocumentTypes"=( { "CFBundleTypeName"="Peach Commander Plugin Package", "CFBundleTypeRole"="Viewer", "LSHandlerRank"="Owner", "LSItemContentTypes"=( "com.peachcommander.plugin-package") }), "CFBundleExecutable"="PeachCommander", "CFBundleExecutablePath"="/Users/admin/pc-test/PeachCommander.app/Contents/MacOS/PeachCommander", "CFBundleExecutablePathDeviceID"=16777228, "CFBundleExecutablePathINode"=487690, "CFBundleHelpBookFolder"="PeachCommander.help", "CFBundleHelpBookName"="Peach Commander Help", "CFBundleIconFile"="AppIcon", "CFBundleIconName"="AppIcon", "CFBundleIdentifier"="com.peachcommander.app", "CFBundleInfoDictionaryVersion"="6.0", "CFBundleName"="PeachCommander", "CFBundleNameLowerCase"="peachcommander", "CFBundleNumericVersion"=402685952, "CFBundlePackageType"="APPL", "CFBundleShortVersionString"="0.9.0", "CFBun<…>
2026-09-14 11:54:19.549 Df PeachCommander[14937:c270] [com.apple.xpc:connection] [0x9d4cb4280] Connection returned listener port: 0x4103
2026-09-14 11:54:19.550 A  PeachCommander[14937:c275] (AppIntents) appintents:register process
2026-09-14 11:54:19.550 Df PeachCommander[14937:c275] [com.apple.appintents:Connection] Created a new Process Instance Registry XPC connection (inactive)
2026-09-14 11:54:19.550 Df PeachCommander[14937:c275] [com.apple.xpc:connection] [0x9d4cb48c0] activating connection: mach=true listener=false peer=false name=com.apple.linkd.autoShortcut
2026-09-14 11:54:19.550 Df PeachCommander[14937:c275] [com.apple.appintents:Connection] Activated connection to linkd (ApplicationService)
2026-09-14 11:54:19.550 Df PeachCommander[14937:c275] [com.apple.xpc:connection] [0x9d4cb4a00] activating connection: mach=false listener=true peer=false name=(anonymous)
2026-09-14 11:54:19.550 I  PeachCommander[14937:c270] [com.apple.launchservices:cas] information in shared memory for 0x0-0xb90b9 with seed 533 was still valid, so using cached info { "ApplicationType"="Foreground", "BuildMachineOSBuild"="25E246", "BundleIdentifierLowerCase"="com.peachcommander.app", "CFBundleDevelopmentRegion"="en", "CFBundleDocumentTypes"=( { "CFBundleTypeName"="Peach Commander Plugin Package", "CFBundleTypeRole"="Viewer", "LSHandlerRank"="Owner", "LSItemContentTypes"=( "com.peachcommander.plugin-package") }), "CFBundleExecutable"="PeachCommander", "CFBundleExecutablePath"="/Users/admin/pc-test/PeachCommander.app/Contents/MacOS/PeachCommander", "CFBundleExecutablePathDeviceID"=16777228, "CFBundleExecutablePathINode"=487690, "CFBundleHelpBookFolder"="PeachCommander.help", "CFBundleHelpBookName"="Peach Commander Help", "CFBundleIconFile"="AppIcon", "CFBundleIconName"="AppIcon", "CFBundleIdentifier"="com.peachcommander.app", "CFBundleInfoDictionaryVersion"="6.0", "CFBundleName"="PeachCommander", "CFBundleNameLowerCase"="peachcommander", "CFBundleNumericVersion"=402685952, "CFBundlePackageType"="APPL", "CFBundleShortVersionString"="0.9.0", "CFBun<…>
2026-09-14 11:54:19.550 I  PeachCommander[14937:c270] [com.apple.hiservices:processmgr] TransformProcessType(0x0,0x2 => 1 wasFront=1 pickNew=0)
2026-09-14 11:54:19.550 I  PeachCommander[14937:c270] [com.apple.CoreAnalytics:client] Dropping "com.apple.appkit.app_config" as it isn't used in any transform (not in the config or budgeted?)
2026-09-14 11:54:19.551 I  PeachCommander[14937:c275] [com.apple.appintents:Execution] LNAppConnectionListener instantiated
2026-09-14 11:54:19.551 Df PeachCommander[14937:c275] [com.apple.xpc:connection] [0x9d4cb4a00] Connection returned listener port: 0x6a03
2026-09-14 11:54:19.551 Df PeachCommander[14937:c274] [com.apple.xpc:connection] [0x9d4cb48c0] Re-initialization successful; calling out to event handler with XPC_ERROR_CONNECTION_INTERRUPTED
2026-09-14 11:54:19.551 Df PeachCommander[14937:c274] [com.apple.appintents:Connection] Process Instance Registry XPC connection has been interrupted
2026-09-14 11:54:19.551 Df PeachCommander[14937:c270] [com.apple.dt.xctest:Default] Registering for test daemon availability notify post.
2026-09-14 11:54:19.551 E  PeachCommander[14937:c275] [com.apple.appintents:Connection] Unable to get synchronousRemoteObjectProxy, error: Error Domain=NSCocoaErrorDomain Code=4097 "connection to service named com.apple.linkd.autoShortcut" UserInfo={NSDebugDescription=connection to service named com.apple.linkd.autoShortcut}
2026-09-14 11:54:19.551 Df PeachCommander[14937:c270] [com.apple.dt.xctest:Default] notify_get_state check indicated test daemon not ready.
2026-09-14 11:54:19.551 E  PeachCommander[14937:c275] [com.apple.AppKit:Application] Error registering app with intents framework: Error Domain=NSCocoaErrorDomain Code=4097 UserInfo={NSDebugDescription=<private>}
2026-09-14 11:54:19.551 Df PeachCommander[14937:c279] [com.apple.appintents:Connection] Created a new Process Instance Registry XPC connection (inactive)
2026-09-14 11:54:19.551 A  PeachCommander[14937:c279] (AppIntents) appintents:register process
2026-09-14 11:54:19.551 Df PeachCommander[14937:c279] [com.apple.appintents:Connection] Created a new Process Instance Registry XPC connection (inactive)
2026-09-14 11:54:19.551 Df PeachCommander[14937:c279] [com.apple.xpc:connection] [0x9d4cb4c80] activating connection: mach=true listener=false peer=false name=com.apple.linkd.autoShortcut
2026-09-14 11:54:19.551 Df PeachCommander[14937:c270] [com.apple.dt.xctest:Default] notify_get_state check indicated test daemon not ready.
2026-09-14 11:54:19.551 Df PeachCommander[14937:c279] [com.apple.appintents:Connection] Activated connection to linkd (ApplicationService)
2026-09-14 11:54:19.551 Df PeachCommander[14937:c279] [com.apple.xpc:connection] [0x9d4cb4a00] Connection returned listener port: 0x6a03
2026-09-14 11:54:19.551 Df PeachCommander[14937:c270] [com.apple.dt.xctest:Default] notify_get_state check indicated test daemon not ready.
2026-09-14 11:54:19.551 Df PeachCommander[14937:c274] [com.apple.xpc:connection] [0x9d4cb4c80] Re-initialization successful; calling out to event handler with XPC_ERROR_CONNECTION_INTERRUPTED
2026-09-14 11:54:19.551 Df PeachCommander[14937:c274] [com.apple.appintents:Connection] Process Instance Registry XPC connection has been interrupted
2026-09-14 11:54:19.551 Df PeachCommander[14937:c274] [com.apple.appintents:Connection] Created a new Process Instance Registry XPC connection (inactive)
2026-09-14 11:54:19.551 A  PeachCommander[14937:c274] (AppIntents) appintents:register process
2026-09-14 11:54:19.551 Df PeachCommander[14937:c274] [com.apple.appintents:Connection] Created a new Process Instance Registry XPC connection (inactive)
2026-09-14 11:54:19.551 Df PeachCommander[14937:c274] [com.apple.xpc:connection] [0x9d4cb52c0] activating connection: mach=true listener=false peer=false name=com.apple.linkd.autoShortcut
2026-09-14 11:54:19.551 E  PeachCommander[14937:c279] [com.apple.appintents:Connection] Unable to get synchronousRemoteObjectProxy, error: Error Domain=NSCocoaErrorDomain Code=4097 "connection to service named com.apple.linkd.autoShortcut" UserInfo={NSDebugDescription=connection to service named com.apple.linkd.autoShortcut}
2026-09-14 11:54:19.551 E  PeachCommander[14937:c279] [com.apple.appintents:Connection] Unable to re-register with Process Instance Registry, error: Error Domain=NSCocoaErrorDomain Code=4097 "connection to service named com.apple.linkd.autoShortcut" UserInfo={NSDebugDescription=connection to service named com.apple.linkd.autoShortcut}
2026-09-14 11:54:19.551 Df PeachCommander[14937:c274] [com.apple.appintents:Connection] Activated connection to linkd (ApplicationService)
2026-09-14 11:54:19.551 Df PeachCommander[14937:c274] [com.apple.xpc:connection] [0x9d4cb4a00] Connection returned listener port: 0x6a03
2026-09-14 11:54:19.552 Df PeachCommander[14937:c279] [com.apple.xpc:connection] [0x9d4cb52c0] Re-initialization successful; calling out to event handler with XPC_ERROR_CONNECTION_INTERRUPTED
2026-09-14 11:54:19.552 Df PeachCommander[14937:c279] [com.apple.appintents:Connection] Process Instance Registry XPC connection has been interrupted
2026-09-14 11:54:19.552 E  PeachCommander[14937:c274] [com.apple.appintents:Connection] Unable to get synchronousRemoteObjectProxy, error: Error Domain=NSCocoaErrorDomain Code=4097 "connection to service named com.apple.linkd.autoShortcut" UserInfo={NSDebugDescription=connection to service named com.apple.linkd.autoShortcut}
2026-09-14 11:54:19.552 E  PeachCommander[14937:c274] [com.apple.appintents:Connection] Unable to re-register with Process Instance Registry, error: Error Domain=NSCocoaErrorDomain Code=4097 "connection to service named com.apple.linkd.autoShortcut" UserInfo={NSDebugDescription=connection to service named com.apple.linkd.autoShortcut}
2026-09-14 11:54:19.552 Df PeachCommander[14937:c279] [com.apple.appintents:Connection] Created a new Process Instance Registry XPC connection (inactive)
2026-09-14 11:54:19.552 A  PeachCommander[14937:c279] (AppIntents) appintents:register process
2026-09-14 11:54:19.552 Df PeachCommander[14937:c279] [com.apple.appintents:Connection] Created a new Process Instance Registry XPC connection (inactive)
2026-09-14 11:54:19.552 Df PeachCommander[14937:c279] [com.apple.xpc:connection] [0x9d4cb5540] activating connection: mach=true listener=false peer=false name=com.apple.linkd.autoShortcut
2026-09-14 11:54:19.552 Df PeachCommander[14937:c279] [com.apple.appintents:Connection] Activated connection to linkd (ApplicationService)
2026-09-14 11:54:19.552 Df PeachCommander[14937:c279] [com.apple.xpc:connection] [0x9d4cb4a00] Connection returned listener port: 0x6a03
2026-09-14 11:54:19.552 Df PeachCommander[14937:c274] [com.apple.xpc:connection] [0x9d4cb5540] Re-initialization successful; calling out to event handler with XPC_ERROR_CONNECTION_INTERRUPTED
2026-09-14 11:54:19.552 Df PeachCommander[14937:c274] [com.apple.appintents:Connection] Process Instance Registry XPC connection has been interrupted
2026-09-14 11:54:19.552 E  PeachCommander[14937:c274] [com.apple.appintents:Connection] Will NOT re-try to establish the connection
2026-09-14 11:54:19.552 E  PeachCommander[14937:c279] [com.apple.appintents:Connection] Unable to get synchronousRemoteObjectProxy, error: Error Domain=NSCocoaErrorDomain Code=4097 "connection to service named com.apple.linkd.autoShortcut" UserInfo={NSDebugDescription=connection to service named com.apple.linkd.autoShortcut}
2026-09-14 11:54:19.552 E  PeachCommander[14937:c279] [com.apple.appintents:Connection] Unable to re-register with Process Instance Registry, error: Error Domain=NSCocoaErrorDomain Code=4097 "connection to service named com.apple.linkd.autoShortcut" UserInfo={NSDebugDescription=connection to service named com.apple.linkd.autoShortcut}
2026-09-14 11:54:19.554 A  PeachCommander[14937:c270] (CoreFoundation) Loading Preferences From System CFPrefsD
2026-09-14 11:54:19.555 Df PeachCommander[14937:c270] (libMobileGestalt.dylib) couldn't load support library
2026-09-14 11:54:19.555 Df PeachCommander[14937:c270] (libMobileGestalt.dylib) called dummy function!
2026-09-14 11:54:19.555 I  PeachCommander[14937:c270] [com.apple.GenerativeModels:availability] Current availability state: unavailable, use cases: com.apple.WritingTools, language: <any>, api: <private>
2026-09-14 11:54:19.555 Df PeachCommander[14937:c270] [com.apple.GenerativeModels:availability] registering darwin observer for name: com.apple.gms.availability.notification
2026-09-14 11:54:19.555 Df PeachCommander[14937:c270] [com.apple.GenerativeModels:availability] registering darwin observer for name: com.apple.os-eligibility-domain.change.greymatter
2026-09-14 11:54:19.555 Df PeachCommander[14937:c270] [com.apple.GenerativeModels:availability] registering darwin observer for name: com.apple.language.changed
2026-09-14 11:54:19.555 Df PeachCommander[14937:c270] [com.apple.WritingTools:Default] isAvailable value changed: isMDMAllowed = true, gmAvailable (current) = false
2026-09-14 11:54:19.559 I  PeachCommander[14937:c270] [com.apple.CoreAnalytics:client] Dropping "com.apple.appkit.app_config" as it isn't used in any transform (not in the config or budgeted?)
2026-09-14 11:54:19.562 Df PeachCommander[14937:c270] [com.apple.AppKit:Appearance] NSApp cache appearance:
-NSRequiresAquaSystemAppearance: 0
-appearance: (null)
-effectiveAppearance: <NSCompositeAppearance: 0x9d4c7c460
 (
    "<NSAquaAppearance: 0x9d4c7c500>",
    "<NSSystemAppearance: 0x9d4c7c5a0>"
)>
2026-09-14 11:54:19.564 A  PeachCommander[14937:c270] (CoreFoundation) Loading Preferences From User CFPrefsD
2026-09-14 11:54:19.565 A  PeachCommander[14937:c270] (CoreFoundation) Loading Preferences From User CFPrefsD
2026-09-14 11:54:19.567 A  PeachCommander[14937:c275] (libsystem_info.dylib) Membership API: translate identifier
2026-09-14 11:54:19.569 I  PeachCommander[14937:c270] [com.apple.CoreAnalytics:client] Dropping "com.apple.appkit.app_config" as it isn't used in any transform (not in the config or budgeted?)
2026-09-14 11:54:19.569 I  PeachCommander[14937:c270] [com.apple.CoreAnalytics:client] Dropping "com.apple.appkit.app_config" as it isn't used in any transform (not in the config or budgeted?)
2026-09-14 11:54:19.571 Df PeachCommander[14937:c279] [com.apple.xpc:connection] [0x9d4cb5a40] activating connection: mach=true listener=false peer=false name=com.apple.dock.fullscreen
2026-09-14 11:54:19.572 Df PeachCommander[14937:c270] [com.apple.xpc:connection] [0x9d4cb5b80] activating connection: mach=true listener=false peer=false name=com.apple.fonts
2026-09-14 11:54:19.574 I  PeachCommander[14937:c270] [com.apple.launchservices:cas] information in shared memory for 0x0-0xb90b9 with seed 533 was still valid, so using cached info { "ApplicationType"="Foreground", "BuildMachineOSBuild"="25E246", "BundleIdentifierLowerCase"="com.peachcommander.app", "CFBundleDevelopmentRegion"="en", "CFBundleDocumentTypes"=( { "CFBundleTypeName"="Peach Commander Plugin Package", "CFBundleTypeRole"="Viewer", "LSHandlerRank"="Owner", "LSItemContentTypes"=( "com.peachcommander.plugin-package") }), "CFBundleExecutable"="PeachCommander", "CFBundleExecutablePath"="/Users/admin/pc-test/PeachCommander.app/Contents/MacOS/PeachCommander", "CFBundleExecutablePathDeviceID"=16777228, "CFBundleExecutablePathINode"=487690, "CFBundleHelpBookFolder"="PeachCommander.help", "CFBundleHelpBookName"="Peach Commander Help", "CFBundleIconFile"="AppIcon", "CFBundleIconName"="AppIcon", "CFBundleIdentifier"="com.peachcommander.app", "CFBundleInfoDictionaryVersion"="6.0", "CFBundleName"="PeachCommander", "CFBundleNameLowerCase"="peachcommander", "CFBundleNumericVersion"=402685952, "CFBundlePackageType"="APPL", "CFBundleShortVersionString"="0.9.0", "CFBun<…>
2026-09-14 11:54:19.574 I  PeachCommander[14937:c270] [com.apple.CoreAnalytics:client] Dropping "com.apple.appkit.app_config" as it isn't used in any transform (not in the config or budgeted?)
2026-09-14 11:54:19.574 Df PeachCommander[14937:c270] [com.apple.AppKit:AutomaticTermination] -[NSApplication(NSAppssassination) _checkForAutomaticTerminationSupportPossiblyEnablingIt]_block_invoke Enabling automatic termination support.
2026-09-14 11:54:19.574 Df PeachCommander[14937:c270] [com.apple.xpc:connection] [0x9d4cb4dc0] activating connection: mach=true listener=false peer=false name=com.apple.appkit.restoration_storage
2026-09-14 11:54:19.575 I  PeachCommander[14937:c270] [com.apple.launchservices:cas] information in shared memory for 0x0-0xb90b9 with seed 533 was still valid, so using cached info { "ApplicationType"="Foreground", "BuildMachineOSBuild"="25E246", "BundleIdentifierLowerCase"="com.peachcommander.app", "CFBundleDevelopmentRegion"="en", "CFBundleDocumentTypes"=( { "CFBundleTypeName"="Peach Commander Plugin Package", "CFBundleTypeRole"="Viewer", "LSHandlerRank"="Owner", "LSItemContentTypes"=( "com.peachcommander.plugin-package") }), "CFBundleExecutable"="PeachCommander", "CFBundleExecutablePath"="/Users/admin/pc-test/PeachCommander.app/Contents/MacOS/PeachCommander", "CFBundleExecutablePathDeviceID"=16777228, "CFBundleExecutablePathINode"=487690, "CFBundleHelpBookFolder"="PeachCommander.help", "CFBundleHelpBookName"="Peach Commander Help", "CFBundleIconFile"="AppIcon", "CFBundleIconName"="AppIcon", "CFBundleIdentifier"="com.peachcommander.app", "CFBundleInfoDictionaryVersion"="6.0", "CFBundleName"="PeachCommander", "CFBundleNameLowerCase"="peachcommander", "CFBundleNumericVersion"=402685952, "CFBundlePackageType"="APPL", "CFBundleShortVersionString"="0.9.0", "CFBun<…>
2026-09-14 11:54:19.575 Df PeachCommander[14937:c270] [com.apple.xpc:connection] [0x9d4cb4f00] activating connection: mach=true listener=false peer=false name=com.apple.coreservices.appleevents
2026-09-14 11:54:19.575 I  PeachCommander[14937:c270] [com.apple.appleevents:main] _AEGetRegisteredMachPort() created default port (port:63747/0xf903 rcv:1 send:1 limit:5) and registered it with server
2026-09-14 11:54:19.575 Df PeachCommander[14937:c270] [com.apple.xpc:connection] [0x9d4cb4280] Connection returned listener port: 0x4103
2026-09-14 11:54:19.575 I  PeachCommander[14937:c270] [com.apple.launchservices:cas] information in shared memory for 0x0-0xb90b9 with seed 533 was still valid, so using cached info { "ApplicationType"="Foreground", "BuildMachineOSBuild"="25E246", "BundleIdentifierLowerCase"="com.peachcommander.app", "CFBundleDevelopmentRegion"="en", "CFBundleDocumentTypes"=( { "CFBundleTypeName"="Peach Commander Plugin Package", "CFBundleTypeRole"="Viewer", "LSHandlerRank"="Owner", "LSItemContentTypes"=( "com.peachcommander.plugin-package") }), "CFBundleExecutable"="PeachCommander", "CFBundleExecutablePath"="/Users/admin/pc-test/PeachCommander.app/Contents/MacOS/PeachCommander", "CFBundleExecutablePathDeviceID"=16777228, "CFBundleExecutablePathINode"=487690, "CFBundleHelpBookFolder"="PeachCommander.help", "CFBundleHelpBookName"="Peach Commander Help", "CFBundleIconFile"="AppIcon", "CFBundleIconName"="AppIcon", "CFBundleIdentifier"="com.peachcommander.app", "CFBundleInfoDictionaryVersion"="6.0", "CFBundleName"="PeachCommander", "CFBundleNameLowerCase"="peachcommander", "CFBundleNumericVersion"=402685952, "CFBundlePackageType"="APPL", "CFBundleShortVersionString"="0.9.0", "CFBun<…>
2026-09-14 11:54:19.575 Df PeachCommander[14937:c270] [com.apple.processmanager:front-35286506] SignalReady: pid=14937 asn=0x0-0xb90b9
2026-09-14 11:54:19.575 Df PeachCommander[14937:c270] [com.apple.processmanager:front-35286506] SIGNAL: pid=14937 asn=0x0x-0xb90b9
2026-09-14 11:54:19.575 I  PeachCommander[14937:c270] [com.apple.appleevents:main] aeGenerateFakeFirstOAPPEventIfNecessary()
2026-09-14 11:54:19.575 I  PeachCommander[14937:c270] [com.apple.appleevents:main] aeGenerateFakeFirstOAPPEventIfNecessary(), needToCreateFakeOAPPEventIfFirstEvent == true
2026-09-14 11:54:19.575 I  PeachCommander[14937:c270] [com.apple.launchservices:cas] Removing cached information for app [ 0x0-0xb90b9]  "PeachCommander", as its seed is different from that in shared memory ( 533 vs 535)
2026-09-14 11:54:19.576 I  PeachCommander[14937:c270] [com.apple.CFPasteboard:entry] CopyData('DefaultAsciiKeyboardLayoutPasteboard' (<CFUUID 0x9d50b1420> 8F437548-A7E2-40AD-AFD6-40E01512C14D) gen: -1 item: 1264739405 flavor: 'DefaultAsciiKeyboardLayoutFlavor')
2026-09-14 11:54:19.576 I  PeachCommander[14937:c270] [com.apple.CFPasteboard:cache] Rebuilding cache for 'DefaultAsciiKeyboardLayoutPasteboard' (<CFUUID 0x9d50b1420> 8F437548-A7E2-40AD-AFD6-40E01512C14D)
2026-09-14 11:54:19.576 I  PeachCommander[14937:c270] [com.apple.CFPasteboard:exit] (not-in-cache) - result: -8 generation: 0 null data flags: 0
2026-09-14 11:54:19.576 A  PeachCommander[14937:c270] (CoreFoundation) Loading Preferences From User CFPrefsD
2026-09-14 11:54:19.576 A  PeachCommander[14937:c270] (CoreFoundation) Loading Preferences From System CFPrefsD
2026-09-14 11:54:19.577 I  PeachCommander[14937:c270] [com.apple.CFPasteboard:entry] CopyData('AppleIntlFileCacheModificationDatePasteboard' (<CFUUID 0x9d50b13c0> 65ADB8C9-497B-4F49-8624-7409C27E659C) gen: -1 item: 1 flavor: '-32766 1768845414')
2026-09-14 11:54:19.577 I  PeachCommander[14937:c270] [com.apple.CFPasteboard:cache] Rebuilding cache for 'AppleIntlFileCacheModificationDatePasteboard' (<CFUUID 0x9d50b13c0> 65ADB8C9-497B-4F49-8624-7409C27E659C)
2026-09-14 11:54:19.577 I  PeachCommander[14937:c270] [com.apple.CFPasteboard:general] Will request data from daemon
2026-09-14 11:54:19.577 I  PeachCommander[14937:c270] [com.apple.CFPasteboard:exit] (not-in-cache) - result: 0 generation: 5 data (310 bytes) flags: 0
2026-09-14 11:54:19.577 I  PeachCommander[14937:c270] [com.apple.CFPasteboard:entry] CopyData('AppleIntlFileCacheModificationDatePasteboard' (<CFUUID 0x9d50b13c0> 65ADB8C9-497B-4F49-8624-7409C27E659C) gen: -1 item: 1 flavor: '-32765 1802264953')
2026-09-14 11:54:19.577 I  PeachCommander[14937:c270] [com.apple.CFPasteboard:general] Will request data from daemon
2026-09-14 11:54:19.577 I  PeachCommander[14937:c270] [com.apple.CFPasteboard:exit] (not-in-cache) - result: 0 generation: 5 data (306 bytes) flags: 0
2026-09-14 11:54:19.577 I  PeachCommander[14937:c270] [com.apple.CFPasteboard:entry] CopyData('AppleIntlFileCacheModificationDatePasteboard' (<CFUUID 0x9d50b13c0> 65ADB8C9-497B-4F49-8624-7409C27E659C) gen: -1 item: 1 flavor: '-32764 1802264953')
2026-09-14 11:54:19.577 I  PeachCommander[14937:c270] [com.apple.CFPasteboard:general] Will request data from daemon
2026-09-14 11:54:19.577 I  PeachCommander[14937:c270] [com.apple.CFPasteboard:exit] (not-in-cache) - result: 0 generation: 5 data (281 bytes) flags: 0
2026-09-14 11:54:19.577 I  PeachCommander[14937:c270] [com.apple.CFPasteboard:entry] CopyData('AppleIntlFileCacheModificationDatePasteboard' (<CFUUID 0x9d50b13c0> 65ADB8C9-497B-4F49-8624-7409C27E659C) gen: -1 item: 1 flavor: '-32763 1802264953')
2026-09-14 11:54:19.577 I  PeachCommander[14937:c270] [com.apple.CFPasteboard:general] Will request data from daemon
2026-09-14 11:54:19.577 I  PeachCommander[14937:c270] [com.apple.CFPasteboard:exit] (not-in-cache) - result: 0 generation: 5 data (318 bytes) flags: 0
2026-09-14 11:54:19.577 I  PeachCommander[14937:c270] [com.apple.CFPasteboard:entry] CopyData('AppleIntlFileCacheModificationDatePasteboard' (<CFUUID 0x9d50b13c0> 65ADB8C9-497B-4F49-8624-7409C27E659C) gen: -1 item: 1 flavor: '-32765 1768845414')
2026-09-14 11:54:19.577 I  PeachCommander[14937:c270] [com.apple.CFPasteboard:general] Will request data from daemon
2026-09-14 11:54:19.577 I  PeachCommander[14937:c270] [com.apple.CFPasteboard:exit] (not-in-cache) - result: 0 generation: 5 data (303 bytes) flags: 0
2026-09-14 11:54:19.577 I  PeachCommander[14937:c270] [com.apple.CFPasteboard:entry] CopyData('AppleIntlFileCacheModificationDatePasteboard' (<CFUUID 0x9d50b13c0> 65ADB8C9-497B-4F49-8624-7409C27E659C) gen: -1 item: 1 flavor: '-32763 1768845414')
2026-09-14 11:54:19.577 I  PeachCommander[14937:c270] [com.apple.CFPasteboard:general] Will request data from daemon
2026-09-14 11:54:19.577 I  PeachCommander[14937:c270] [com.apple.CFPasteboard:exit] (not-in-cache) - result: 0 generation: 5 data (315 bytes) flags: 0
2026-09-14 11:54:19.578 I  PeachCommander[14937:c270] [com.apple.launchservices:cas] information in shared memory for 0x0-0xb90b9 with seed 535 was still valid, so using cached info { "ApplicationType"="Foreground", "BuildMachineOSBuild"="25E246", "BundleIdentifierLowerCase"="com.peachcommander.app", "CFBundleDevelopmentRegion"="en", "CFBundleDocumentTypes"=( { "CFBundleTypeName"="Peach Commander Plugin Package", "CFBundleTypeRole"="Viewer", "LSHandlerRank"="Owner", "LSItemContentTypes"=( "com.peachcommander.plugin-package") }), "CFBundleExecutable"="PeachCommander", "CFBundleExecutablePath"="/Users/admin/pc-test/PeachCommander.app/Contents/MacOS/PeachCommander", "CFBundleExecutablePathDeviceID"=16777228, "CFBundleExecutablePathINode"=487690, "CFBundleHelpBookFolder"="PeachCommander.help", "CFBundleHelpBookName"="Peach Commander Help", "CFBundleIconFile"="AppIcon", "CFBundleIconName"="AppIcon", "CFBundleIdentifier"="com.peachcommander.app", "CFBundleInfoDictionaryVersion"="6.0", "CFBundleName"="PeachCommander", "CFBundleNameLowerCase"="peachcommander", "CFBundleNumericVersion"=402685952, "CFBundlePackageType"="APPL", "CFBundleShortVersionString"="0.9.0", "CFBun<…>
2026-09-14 11:54:19.579 Df PeachCommander[14937:c270] [com.apple.xpc:connection] [0x9d4cb5e00] activating connection: mach=false listener=false peer=false name=com.apple.ViewBridgeAuxiliary
2026-09-14 11:54:19.585 Df PeachCommander[14937:c270] [com.apple.xpc:connection] [0x9d4cb5cc0] activating connection: mach=false listener=false peer=false name=(anonymous)
2026-09-14 11:54:19.585 Df PeachCommander[14937:c270] [com.apple.xpc:connection] [0x9d4cb5f40] activating connection: mach=false listener=true peer=false name=(anonymous)
2026-09-14 11:54:19.585 Df PeachCommander[14937:c270] [com.apple.xpc:connection] [0x9d4cb5f40] Connection returned listener port: 0xf403
2026-09-14 11:54:19.585 Df PeachCommander[14937:c270] [com.apple.xpc:connection] [0x9d4cb5e00] invalidated after the last release of the connection object
2026-09-14 11:54:19.585 I  PeachCommander[14937:c270] [com.apple.showhide:pr-59900543] SHOWHIDE: SHOW id=316 0x0-0xB90B9, err=0 eventTime=975387503250 windowID=0
2026-09-14 11:54:19.586 I  PeachCommander[14937:c270] [com.apple.CarbonCore:coreservicesdaemon] findOrCreateCacheable():findOrCreateCacheable(), factoryName=3 cacheableName=<private> fCacheables.size()=0
2026-09-14 11:54:19.586 I  PeachCommander[14937:c270] [com.apple.CarbonCore:coreservicesdaemon] findOrCreateCacheable():findOrCreateCacheable(), result = 0x9d4dcae00 (should be non-NULL)
2026-09-14 11:54:19.586 Df PeachCommander[14937:c270] [com.apple.AppKit:AutomaticTermination] void _NSDisableAutomaticTerminationAndLog(NSString *) Restoring windows
2026-09-14 11:54:19.586 Df PeachCommander[14937:c270] [com.apple.AppKit:StateRestoration] -[NSApplication _reopenWindowsAsNecessaryIncludingRestorableState:withFullFidelity:completionHandler:] shouldRestoreState=1 hasPersistentStateToRestore=0 shouldStillRestoreStateAfterPrompting=0
2026-09-14 11:54:19.586 Df PeachCommander[14937:c270] [com.apple.xpc:connection] [0x9d4cb5e00] activating connection: mach=true listener=false peer=false name=com.apple.window_proxies
2026-09-14 11:54:19.586 Df PeachCommander[14937:c270] [com.apple.xpc:connection] [0x9d4cb5e00] invalidated because the current process cancelled the connection by calling xpc_connection_cancel()
2026-09-14 11:54:19.586 I  PeachCommander[14937:c270] [com.apple.SkyLight:processes] 0[outside of RPC]: SLSSetFrontProcessWithInfo(0x0-0x2 window=0 options=0x1
2026-09-14 11:54:19.586 I  PeachCommander[14937:c270] [com.apple.CoreAnalytics:client] Dropping "com.apple.appkit.app_config" as it isn't used in any transform (not in the config or budgeted?)
2026-09-14 11:54:19.586 Df PeachCommander[14937:c270] [com.apple.AppKit:AutomaticTermination] void _NSEnableAutomaticTerminationAndLog(NSString *) Restoring windows
2026-09-14 11:54:19.589 I  PeachCommander[14937:c270] [com.apple.CoreAnalytics:client] Dropping "com.apple.appkit.app_config" as it isn't used in any transform (not in the config or budgeted?)
2026-09-14 11:54:19.590 I  PeachCommander[14937:c270] [com.apple.CoreAnalytics:client] Dropping "com.apple.appkit.app_config" as it isn't used in any transform (not in the config or budgeted?)
2026-09-14 11:54:19.599 A  PeachCommander[14937:c270] (CoreFoundation) Loading Preferences From User CFPrefsD
2026-09-14 11:54:19.605 I  PeachCommander[14937:c270] [com.peachcommander:PCFoundation] VolumeManager initialized
2026-09-14 11:54:19.622 Df PeachCommander[14937:c270] [com.apple.BoardServices:XPCErrors] [C:1] Alloc <private>
2026-09-14 11:54:19.622 Df PeachCommander[14937:c270] [com.apple.xpc:connection] [0x9d4f55180] activating connection: mach=false listener=false peer=false name=(anonymous)
2026-09-14 11:54:19.624 I  PeachCommander[14937:c270] [com.apple.AppKit:Window] context (0 -> 70eddf48) for window 2eb
2026-09-14 11:54:19.625 Df PeachCommander[14937:c279] [com.apple.corespotlight:index] (<private>) deleteSearchableItemsWithDomainIdentifiers, protectionClass:(null), domainIdentifiers number:1
2026-09-14 11:54:19.625 A  PeachCommander[14937:c279] (CoreSpotlight) delete-domains
2026-09-14 11:54:19.626 Df PeachCommander[14937:c274] [com.apple.corespotlight:index] CSInlineDonation:<private>: Skipping donation (feature flag disabled)
2026-09-14 11:54:19.626 Df PeachCommander[14937:c274] (CoreSpotlight) sConnectionName: com.apple.spotlight.IndexAgent
2026-09-14 11:54:19.626 Df PeachCommander[14937:c274] (CoreSpotlight) Start service name com.apple.spotlight.IndexAgent
2026-09-14 11:54:19.626 Df PeachCommander[14937:c274] [com.apple.xpc:connection] [0x9d4f55400] activating connection: mach=true listener=false peer=false name=com.apple.spotlight.IndexAgent
2026-09-14 11:54:19.626 I  PeachCommander[14937:c270] [com.peachcommander:PCFoundation] MainWindowController initialized (config: <private>)
2026-09-14 11:54:19.626 I  PeachCommander[14937:c270] [com.peachcommander:PCFoundation] SelectionState initialized
2026-09-14 11:54:19.626 I  PeachCommander[14937:c270] [com.peachcommander:PCFoundation] DirectoryModel initialized
2026-09-14 11:54:19.626 I  PeachCommander[14937:c270] [com.peachcommander:PCFoundation] VolumeManager initialized
2026-09-14 11:54:19.626 I  PeachCommander[14937:c270] [com.peachcommander:PCFoundation] PanelController initialized for <private> panel
2026-09-14 11:54:19.627 I  PeachCommander[14937:c270] [com.peachcommander:PCFoundation] SelectionState initialized
2026-09-14 11:54:19.627 I  PeachCommander[14937:c270] [com.peachcommander:PCFoundation] DirectoryModel initialized
2026-09-14 11:54:19.627 I  PeachCommander[14937:c270] [com.peachcommander:PCFoundation] VolumeManager initialized
2026-09-14 11:54:19.627 I  PeachCommander[14937:c270] [com.peachcommander:PCFoundation] PanelController initialized for <private> panel
2026-09-14 11:54:19.630 I  PeachCommander[14937:c270] [com.apple.AppKit:Animation] Running new animation: <private>
2026-09-14 11:54:19.630 I  PeachCommander[14937:c270] [com.apple.AppKit:Animation] Running new animation: <private>
2026-09-14 11:54:19.630 I  PeachCommander[14937:c270] [com.apple.AppKit:Animation] Running new animation: <private>
2026-09-14 11:54:19.631 I  PeachCommander[14937:c270] [com.apple.AppKit:Animation] Running new animation: <private>
2026-09-14 11:54:19.631 I  PeachCommander[14937:c270] [com.apple.AppKit:Animation] Running new animation: <private>
2026-09-14 11:54:19.632 A  PeachCommander[14937:c274] (RunningBoardServices) didChangeInheritances
2026-09-14 11:54:19.632 I  PeachCommander[14937:c270] [com.apple.AppKit:Animation] Running new animation: <private>
2026-09-14 11:54:19.632 I  PeachCommander[14937:c270] [com.apple.AppKit:Animation] Running new animation: <private>
2026-09-14 11:54:19.632 I  PeachCommander[14937:c270] [com.apple.AppKit:Animation] Running new animation: <private>
2026-09-14 11:54:19.632 I  PeachCommander[14937:c270] [com.apple.AppKit:Animation] Running new animation: <private>
2026-09-14 11:54:19.632 I  PeachCommander[14937:c270] [com.apple.AppKit:Animation] Running new animation: <private>
2026-09-14 11:54:19.638 I  PeachCommander[14937:c270] [com.apple.CoreAnalytics:client] Dropping "com.apple.appkit.app_config" as it isn't used in any transform (not in the config or budgeted?)
2026-09-14 11:54:19.640 I  PeachCommander[14937:c270] [com.apple.CoreAnalytics:client] Dropping "com.apple.appkit.app_config" as it isn't used in any transform (not in the config or budgeted?)
2026-09-14 11:54:19.645 I  PeachCommander[14937:c270] [com.apple.launchservices:datasep] application record search init. Node: <FSNode 0x9d4966b60> { isDir = ?, path = <private> } bundleID: (null) itemID: 0
2026-09-14 11:54:19.646 I  PeachCommander[14937:c270] [com.apple.GenerativeModels:availability] Current availability state: unavailable, use cases: com.apple.Settings.AppleIntelligence,com.apple.Siri.NLRouter, language: en, api: <private>
2026-09-14 11:54:19.646 Df PeachCommander[14937:c270] [com.apple.GenerativeModels:availability] isOkayToHaveAsset: False
2026-09-14 11:54:19.646 E  PeachCommander[14937:c270] [com.apple.siri:Utility] AFIsDeviceGreymatterEligible Missing entitlements for os_eligibility lookup
2026-09-14 11:54:19.646 I  PeachCommander[14937:c270] [com.apple.GenerativeModels:availability] Current availability state: unavailable, use cases: com.apple.Settings.AppleIntelligence, language: en, api: <private>
2026-09-14 11:54:19.646 Df PeachCommander[14937:c270] [com.apple.GenerativeModels:availability] isOkayToHaveAsset: False
2026-09-14 11:54:19.646 Df PeachCommander[14937:c270] [com.apple.siri:Utility] -[AFSystemAssistantExperienceStatusManager fetchGenerativeModelsAvailability] #SAEStatus #cacheUpdate Updating cache:
deviceSupportsSAE: 0 (0)
       saeEnabled: 0 (0)
     saeAvailable: 0 (0)
      swaiEnabled: 0 (0)
        viEnabled: 0 (0)
        siriAvailability:
        <private>
        ((null))
2026-09-14 11:54:19.646 Df PeachCommander[14937:c270] [com.apple.xpc:connection] [0x9d49c0140] activating connection: mach=true listener=false peer=false name=com.apple.iconservices
2026-09-14 11:54:19.647 Df PeachCommander[14937:c270] [com.apple.xpc:connection] [0x9d49c0280] activating connection: mach=true listener=false peer=false name=com.apple.iconservices.store
2026-09-14 11:54:19.651 I  PeachCommander[14937:c270] [com.peachcommander:Theme] no user themes in /Users/admin/pc-cfg/themes
2026-09-14 11:54:19.651 Df PeachCommander[14937:c270] [com.apple.AppKit:Appearance] Invalidate NSApp effectiveAppearance
2026-09-14 11:54:19.651 Df PeachCommander[14937:c270] [com.apple.AppKit:Appearance] NSApp cache appearance:
-NSRequiresAquaSystemAppearance: 0
-appearance: <NSCompositeAppearance: 0x9d4c7d9a0
 (
    "<NSDarkAquaAppearance: 0x9d4c7da40>",
    "<NSSystemAppearance: 0x9d4c7c5a0>"
)>
-effectiveAppearance: <NSCompositeAppearance: 0x9d4c7d9a0
 (
    "<NSDarkAquaAppearance: 0x9d4c7da40>",
    "<NSSystemAppearance: 0x9d4c7c5a0>"
)>
2026-09-14 11:54:19.653 I  PeachCommander[14937:c270] [com.peachcommander:PCFoundation] Theme applied: id=system, appearance=dark, dark=true, background=#333333
2026-09-14 11:54:19.682 I  PeachCommander[14937:c270] [com.apple.AppKit:Image] ISImage reported a placeholder, image rep is providing a placeholder image for <private>
2026-09-14 11:54:19.682 I  PeachCommander[14937:c270] [com.apple.AppKit:Image] ISImage reported a placeholder, image rep is providing a placeholder image for <private>
2026-09-14 11:54:19.683 I  PeachCommander[14937:c270] [com.apple.CoreAnalytics:client] Dropping "com.apple.appkit.app_config" as it isn't used in any transform (not in the config or budgeted?)
2026-09-14 11:54:19.683 I  PeachCommander[14937:c279] [com.apple.iconservices:foundation] layer data size zero
2026-09-14 11:54:19.684 I  PeachCommander[14937:c275] [com.apple.iconservices:foundation] layer data size zero
2026-09-14 11:54:19.687 I  PeachCommander[14937:c270] [com.peachcommander:PCFoundation] Keymap loaded: scheme=<private>, 82 effective bindings
2026-09-14 11:54:19.689 I  PeachCommander[14937:c270] [com.apple.AppKit:Animation] Running new animation: <private>
2026-09-14 11:54:19.689 I  PeachCommander[14937:c270] [com.apple.AppKit:Animation] Running new animation: <private>
2026-09-14 11:54:19.689 I  PeachCommander[14937:c270] [com.apple.AppKit:Animation] Running new animation: <private>
2026-09-14 11:54:19.689 I  PeachCommander[14937:c270] [com.apple.AppKit:Animation] Running new animation: <private>
2026-09-14 11:54:19.689 I  PeachCommander[14937:c270] [com.apple.AppKit:Animation] Running new animation: <private>
2026-09-14 11:54:19.689 I  PeachCommander[14937:c270] [com.apple.AppKit:Animation] Running new animation: <private>
2026-09-14 11:54:19.689 I  PeachCommander[14937:c270] [com.apple.AppKit:Animation] Running new animation: <private>
2026-09-14 11:54:19.689 I  PeachCommander[14937:c270] [com.apple.AppKit:Animation] Running new animation: <private>
2026-09-14 11:54:19.689 I  PeachCommander[14937:c270] [com.apple.AppKit:Animation] Running new animation: <private>
2026-09-14 11:54:19.689 I  PeachCommander[14937:c270] [com.apple.AppKit:Animation] Running new animation: <private>
2026-09-14 11:54:19.694 I  PeachCommander[14937:c270] [com.apple.CoreAnalytics:client] Dropping "<private>" as it isn't used in any transform (not in the config or budgeted?)
2026-09-14 11:54:19.694 I  PeachCommander[14937:c270] [com.apple.CoreAnalytics:client] Dropping "<private>" as it isn't used in any transform (not in the config or budgeted?)
2026-09-14 11:54:19.694 I  PeachCommander[14937:c270] [com.apple.CoreAnalytics:client] Dropping "<private>" as it isn't used in any transform (not in the config or budgeted?)
2026-09-14 11:54:19.695 I  PeachCommander[14937:c270] [com.peachcommander:PCFoundation] MainWindowController window loaded
2026-09-14 11:54:19.695 I  PeachCommander[14937:c270] [com.apple.launchservices:cas] information in shared memory for 0x0-0xb90b9 with seed 535 was still valid, so using cached info { "ApplicationType"="Foreground", "BuildMachineOSBuild"="25E246", "BundleIdentifierLowerCase"="com.peachcommander.app", "CFBundleDevelopmentRegion"="en", "CFBundleDocumentTypes"=( { "CFBundleTypeName"="Peach Commander Plugin Package", "CFBundleTypeRole"="Viewer", "LSHandlerRank"="Owner", "LSItemContentTypes"=( "com.peachcommander.plugin-package") }), "CFBundleExecutable"="PeachCommander", "CFBundleExecutablePath"="/Users/admin/pc-test/PeachCommander.app/Contents/MacOS/PeachCommander", "CFBundleExecutablePathDeviceID"=16777228, "CFBundleExecutablePathINode"=487690, "CFBundleHelpBookFolder"="PeachCommander.help", "CFBundleHelpBookName"="Peach Commander Help", "CFBundleIconFile"="AppIcon", "CFBundleIconName"="AppIcon", "CFBundleIdentifier"="com.peachcommander.app", "CFBundleInfoDictionaryVersion"="6.0", "CFBundleName"="PeachCommander", "CFBundleNameLowerCase"="peachcommander", "CFBundleNumericVersion"=402685952, "CFBundlePackageType"="APPL", "CFBundleShortVersionString"="0.9.0", "CFBun<…>
2026-09-14 11:54:19.695 I  PeachCommander[14937:c270] [com.apple.launchservices:cas] information in shared memory for 0x0-0xb90b9 with seed 535 was still valid, so using cached info { "ApplicationType"="Foreground", "BuildMachineOSBuild"="25E246", "BundleIdentifierLowerCase"="com.peachcommander.app", "CFBundleDevelopmentRegion"="en", "CFBundleDocumentTypes"=( { "CFBundleTypeName"="Peach Commander Plugin Package", "CFBundleTypeRole"="Viewer", "LSHandlerRank"="Owner", "LSItemContentTypes"=( "com.peachcommander.plugin-package") }), "CFBundleExecutable"="PeachCommander", "CFBundleExecutablePath"="/Users/admin/pc-test/PeachCommander.app/Contents/MacOS/PeachCommander", "CFBundleExecutablePathDeviceID"=16777228, "CFBundleExecutablePathINode"=487690, "CFBundleHelpBookFolder"="PeachCommander.help", "CFBundleHelpBookName"="Peach Commander Help", "CFBundleIconFile"="AppIcon", "CFBundleIconName"="AppIcon", "CFBundleIdentifier"="com.peachcommander.app", "CFBundleInfoDictionaryVersion"="6.0", "CFBundleName"="PeachCommander", "CFBundleNameLowerCase"="peachcommander", "CFBundleNumericVersion"=402685952, "CFBundlePackageType"="APPL", "CFBundleShortVersionString"="0.9.0", "CFBun<…>
2026-09-14 11:54:19.696 I  PeachCommander[14937:c270] [com.apple.AppKit:Image] ISImage reported a placeholder, image rep is providing a placeholder image for <private>
2026-09-14 11:54:19.696 I  PeachCommander[14937:c270] [com.apple.AppKit:Image] ISImage reported a placeholder, image rep is providing a placeholder image for <private>
2026-09-14 11:54:19.704 I  PeachCommander[14937:c270] [com.apple.AppKit:Window] order window front conditionally: 2eb related: 0
2026-09-14 11:54:19.704 Df PeachCommander[14937:c270] [com.apple.AppKit:AutomaticTermination] void _NSEnableAutomaticTerminationAndLog(NSString *) No windows open yet
2026-09-14 11:54:19.704 I  PeachCommander[14937:c270] [com.apple.AppKit:Intelligence] starting collection observation
2026-09-14 11:54:19.705 Df PeachCommander[14937:c274] [com.apple.UIIntelligenceSupport:xpc] establishing connection to agent
2026-09-14 11:54:19.705 Df PeachCommander[14937:c274] [com.apple.xpc:session] [0x9d5d1b430] Session created.
2026-09-14 11:54:19.705 Df PeachCommander[14937:c274] [com.apple.xpc:session] [0x9d5d1b430] Session created from connection [0x9d49c2800]
2026-09-14 11:54:19.705 Df PeachCommander[14937:c274] [com.apple.xpc:connection] [0x9d49c2800] activating connection: mach=true listener=false peer=false name=com.apple.uiintelligencesupport.agent
2026-09-14 11:54:19.705 Df PeachCommander[14937:c274] [com.apple.xpc:session] [0x9d5d1b430] Session activated
2026-09-14 11:54:19.705 I  PeachCommander[14937:c270] [com.apple.SkyLight:processes] 0[outside of RPC]: SLSSetFrontProcessWithInfo(0x0-0x2 window=0 options=0x1
2026-09-14 11:54:19.705 Df PeachCommander[14937:c279] [com.apple.UIIntelligenceSupport:xpc] Connection established with agent PID: 1210
2026-09-14 11:54:19.705 I  PeachCommander[14937:c270] [com.apple.launchservices:cas] information in shared memory for 0x0-0xb90b9 with seed 535 was still valid, so using cached info { "ApplicationType"="Foreground", "BuildMachineOSBuild"="25E246", "BundleIdentifierLowerCase"="com.peachcommander.app", "CFBundleDevelopmentRegion"="en", "CFBundleDocumentTypes"=( { "CFBundleTypeName"="Peach Commander Plugin Package", "CFBundleTypeRole"="Viewer", "LSHandlerRank"="Owner", "LSItemContentTypes"=( "com.peachcommander.plugin-package") }), "CFBundleExecutable"="PeachCommander", "CFBundleExecutablePath"="/Users/admin/pc-test/PeachCommander.app/Contents/MacOS/PeachCommander", "CFBundleExecutablePathDeviceID"=16777228, "CFBundleExecutablePathINode"=487690, "CFBundleHelpBookFolder"="PeachCommander.help", "CFBundleHelpBookName"="Peach Commander Help", "CFBundleIconFile"="AppIcon", "CFBundleIconName"="AppIcon", "CFBundleIdentifier"="com.peachcommander.app", "CFBundleInfoDictionaryVersion"="6.0", "CFBundleName"="PeachCommander", "CFBundleNameLowerCase"="peachcommander", "CFBundleNumericVersion"=402685952, "CFBundlePackageType"="APPL", "CFBundleShortVersionString"="0.9.0", "CFBun<…>
2026-09-14 11:54:19.706 Df PeachCommander[14937:c270] [com.apple.xpc:connection] [0x9d49c2940] activating connection: mach=true listener=false peer=false name=com.apple.FileCoordination
2026-09-14 11:54:19.706 Df PeachCommander[14937:c279] [com.apple.foundation.filecoordination:presenter] Adding presenter 9EBE586D-55E3-4C68-8FA6-3E569D5A4AD9 for URL: <private>
2026-09-14 11:54:19.706 I  PeachCommander[14937:c270] [com.apple.launchservices:cas] information in shared memory for 0x0-0xb90b9 with seed 535 was still valid, so using cached info { "ApplicationType"="Foreground", "BuildMachineOSBuild"="25E246", "BundleIdentifierLowerCase"="com.peachcommander.app", "CFBundleDevelopmentRegion"="en", "CFBundleDocumentTypes"=( { "CFBundleTypeName"="Peach Commander Plugin Package", "CFBundleTypeRole"="Viewer", "LSHandlerRank"="Owner", "LSItemContentTypes"=( "com.peachcommander.plugin-package") }), "CFBundleExecutable"="PeachCommander", "CFBundleExecutablePath"="/Users/admin/pc-test/PeachCommander.app/Contents/MacOS/PeachCommander", "CFBundleExecutablePathDeviceID"=16777228, "CFBundleExecutablePathINode"=487690, "CFBundleHelpBookFolder"="PeachCommander.help", "CFBundleHelpBookName"="Peach Commander Help", "CFBundleIconFile"="AppIcon", "CFBundleIconName"="AppIcon", "CFBundleIdentifier"="com.peachcommander.app", "CFBundleInfoDictionaryVersion"="6.0", "CFBundleName"="PeachCommander", "CFBundleNameLowerCase"="peachcommander", "CFBundleNumericVersion"=402685952, "CFBundlePackageType"="APPL", "CFBundleShortVersionString"="0.9.0", "CFBun<…>
2026-09-14 11:54:19.710 I  PeachCommander[14937:c270] [com.apple.AppKit:Window] order all windows front 975387503250
2026-09-14 11:54:19.710 I  PeachCommander[14937:c270] [com.apple.launchservices:cas] information in shared memory for 0x0-0xb90b9 with seed 535 was still valid, so using cached info { "ApplicationType"="Foreground", "BuildMachineOSBuild"="25E246", "BundleIdentifierLowerCase"="com.peachcommander.app", "CFBundleDevelopmentRegion"="en", "CFBundleDocumentTypes"=( { "CFBundleTypeName"="Peach Commander Plugin Package", "CFBundleTypeRole"="Viewer", "LSHandlerRank"="Owner", "LSItemContentTypes"=( "com.peachcommander.plugin-package") }), "CFBundleExecutable"="PeachCommander", "CFBundleExecutablePath"="/Users/admin/pc-test/PeachCommander.app/Contents/MacOS/PeachCommander", "CFBundleExecutablePathDeviceID"=16777228, "CFBundleExecutablePathINode"=487690, "CFBundleHelpBookFolder"="PeachCommander.help", "CFBundleHelpBookName"="Peach Commander Help", "CFBundleIconFile"="AppIcon", "CFBundleIconName"="AppIcon", "CFBundleIdentifier"="com.peachcommander.app", "CFBundleInfoDictionaryVersion"="6.0", "CFBundleName"="PeachCommander", "CFBundleNameLowerCase"="peachcommander", "CFBundleNumericVersion"=402685952, "CFBundlePackageType"="APPL", "CFBundleShortVersionString"="0.9.0", "CFBun<…>
2026-09-14 11:54:19.710 I  PeachCommander[14937:c270] [com.apple.showhide:pr-59900543] SHOWHIDE: CONFIRM, id=316, err=0
2026-09-14 11:54:19.710 I  PeachCommander[14937:c270] [com.apple.AppKit:Window] context (0 -> 18635180) for window 2ea
2026-09-14 11:54:19.710 I  PeachCommander[14937:c270] [com.apple.AppKit:Window] context (0 -> 9aa0c8ff) for window 2e9
2026-09-14 11:54:19.710 I  PeachCommander[14937:c270] [com.apple.AppKit:Window] context (0 -> 4ef97ae0) for window 2e8
2026-09-14 11:54:19.710 I  PeachCommander[14937:c270] [com.apple.AppKit:Window] context (0 -> 8c6ada35) for window 2e7
2026-09-14 11:54:19.737 Df PeachCommander[14937:c270] [com.apple.AppKit:AutomaticTermination] void _updateToReflectAutomaticTerminationState(void) Setting _kLSApplicationWouldBeTerminatedByTALKey=0
2026-09-14 11:54:19.738 I  PeachCommander[14937:c270] [com.apple.runningboard:assertion] Acquiring assertion: <RBSAssertionDescriptor| "AppNap adapter assertion" ID:(null) target:14937>
2026-09-14 11:54:19.739 I  PeachCommander[14937:c270] [com.apple.AppKit:Image] ISImage reported a placeholder, image rep is providing a placeholder image for <private>
2026-09-14 11:54:19.740 I  PeachCommander[14937:c270] [com.apple.AppKit:Image] ISImage reported a placeholder, image rep is providing a placeholder image for <private>
2026-09-14 11:54:19.740 I  PeachCommander[14937:c270] [com.apple.AppKit:Image] ISImage reported a placeholder, image rep is providing a placeholder image for <private>
2026-09-14 11:54:19.740 I  PeachCommander[14937:c270] [com.apple.AppKit:Image] ISImage reported a placeholder, image rep is providing a placeholder image for <private>
2026-09-14 11:54:19.740 I  PeachCommander[14937:c270] [com.apple.AppKit:Image] ISImage reported a placeholder, image rep is providing a placeholder image for <private>
2026-09-14 11:54:19.740 I  PeachCommander[14937:c270] [com.apple.AppKit:Image] ISImage reported a placeholder, image rep is providing a placeholder image for <private>
2026-09-14 11:54:19.772 A  PeachCommander[14937:c27a] (RunningBoardServices) didChangeInheritances
2026-09-14 11:54:19.804 Df PeachCommander[14937:c270] [com.apple.libsystem.libdispatch:] DEPRECATED USE in libdispatch client: dispatch source activated with no event handler set; set a breakpoint on _dispatch_bug_deprecated to debug
2026-09-14 11:54:19.880 I  PeachCommander[14937:c270] [com.apple.AppKit:Image] ISImage reported a placeholder, image rep is providing a placeholder image for <private>
2026-09-14 11:54:19.880 I  PeachCommander[14937:c270] [com.apple.AppKit:Image] ISImage reported a placeholder, image rep is providing a placeholder image for <private>
2026-09-14 11:54:19.880 I  PeachCommander[14937:c270] [com.apple.AppKit:Image] ISImage reported a placeholder, image rep is providing a placeholder image for <private>
2026-09-14 11:54:19.886 I  PeachCommander[14937:c270] [com.apple.AppKit:Image] ISImage reported a placeholder, image rep is providing a placeholder image for <private>
2026-09-14 11:54:19.887 I  PeachCommander[14937:c270] [com.apple.AppKit:Image] ISImage reported a placeholder, image rep is providing a placeholder image for <private>
2026-09-14 11:54:19.892 I  PeachCommander[14937:c270] [com.apple.AppKit:Image] ISImage reported a placeholder, image rep is providing a placeholder image for <private>
2026-09-14 11:54:19.892 I  PeachCommander[14937:c270] [com.apple.AppKit:Image] ISImage reported a placeholder, image rep is providing a placeholder image for <private>
2026-09-14 11:54:19.895 I  PeachCommander[14937:c270] [com.apple.AppKit:Image] ISImage reported a placeholder, image rep is providing a placeholder image for <private>
2026-09-14 11:54:19.895 I  PeachCommander[14937:c270] [com.apple.AppKit:Image] ISImage reported a placeholder, image rep is providing a placeholder image for <private>
2026-09-14 11:54:19.907 I  PeachCommander[14937:c270] [com.apple.coreanimation:Utilities] IOSurface Compression Enabled: NO
2026-09-14 11:54:19.908 Df PeachCommander[14937:c275] [com.apple.coreanimation:Metal] Precompiled pipelines disabled on unsupported hardware.
2026-09-14 11:54:19.920 I  PeachCommander[14937:c270] [com.apple.CarbonCore:gestalt] SetGestaltValuesBulk SetGestaltValuesBulk( count=22 tuples=0x18da12650
2026-09-14 11:54:19.920 I  PeachCommander[14937:c270] [com.apple.CarbonCore:gestalt] SetGestaltValue SetGestaltValue(alis 1C9) => 0
2026-09-14 11:54:19.920 I  PeachCommander[14937:c270] [com.apple.CarbonCore:gestalt] SetGestaltValue SetGestaltValue(os   FE) => 0
2026-09-14 11:54:19.920 I  PeachCommander[14937:c270] [com.apple.CarbonCore:gestalt] SetGestaltValue SetGestaltValue(addr 7) => 0
2026-09-14 11:54:19.920 I  PeachCommander[14937:c270] [com.apple.CarbonCore:gestalt] SetGestaltValue SetGestaltValue(fs   3D332) => 0
2026-09-14 11:54:19.920 I  PeachCommander[14937:c270] [com.apple.CarbonCore:gestalt] SetGestaltValue SetGestaltValue(fold 11) => 0
2026-09-14 11:54:19.920 I  PeachCommander[14937:c270] [com.apple.CarbonCore:gestalt] SetGestaltValue SetGestaltValue(lram 7FFFF000) => 0
2026-09-14 11:54:19.920 I  PeachCommander[14937:c270] [com.apple.CarbonCore:gestalt] SetGestaltValue SetGestaltValue(mmap 1) => 0
2026-09-14 11:54:19.920 I  PeachCommander[14937:c270] [com.apple.CarbonCore:gestalt] SetGestaltValue SetGestaltValue(cfrg 1) => 0
2026-09-14 11:54:19.920 I  PeachCommander[14937:c270] [com.apple.CarbonCore:gestalt] SetGestaltValue SetGestaltValue(thds 7) => 0
2026-09-14 11:54:19.920 I  PeachCommander[14937:c270] [com.apple.CarbonCore:gestalt] SetGestaltValue SetGestaltValue(tmgr E) => 0
2026-09-14 11:54:19.920 I  PeachCommander[14937:c270] [com.apple.CarbonCore:gestalt] SetGestaltValue SetGestaltValue(vers 7) => 0
2026-09-14 11:54:19.920 I  PeachCommander[14937:c270] [com.apple.CarbonCore:gestalt] SetGestaltValue SetGestaltValue(cbon 160) => 0
2026-09-14 11:54:19.920 I  PeachCommander[14937:c270] [com.apple.CarbonCore:gestalt] SetGestaltValue SetGestaltValue(cltn 1108000) => 0
2026-09-14 11:54:19.920 I  PeachCommander[14937:c270] [com.apple.CarbonCore:gestalt] SetGestaltValue SetGestaltValue(cpnt 8) => 0
2026-09-14 11:54:19.920 I  PeachCommander[14937:c270] [com.apple.CarbonCore:gestalt] SetGestaltValue SetGestaltValue(rsrc 3) => 0
2026-09-14 11:54:19.920 I  PeachCommander[14937:c270] [com.apple.CarbonCore:gestalt] SetGestaltValue SetGestaltValue(rmbg 11F) => 0
2026-09-14 11:54:19.920 I  PeachCommander[14937:c270] [com.apple.CarbonCore:gestalt] SetGestaltValue SetGestaltValue(vm   11) => 0
2026-09-14 11:54:19.920 I  PeachCommander[14937:c270] [com.apple.CarbonCore:gestalt] SetGestaltValue SetGestaltValue(srad 4170706C) => 0
2026-09-14 11:54:19.920 I  PeachCommander[14937:c270] [com.apple.CarbonCore:gestalt] SetGestaltValue SetGestaltValue(sysa 14) => 0
2026-09-14 11:54:19.920 I  PeachCommander[14937:c270] [com.apple.CarbonCore:gestalt] SetGestaltValue SetGestaltValue(copl 9) => 0
2026-09-14 11:54:19.920 I  PeachCommander[14937:c270] [com.apple.CarbonCore:gestalt] SetGestaltValue SetGestaltValue(xlat 0) => 0
2026-09-14 11:54:19.920 I  PeachCommander[14937:c270] [com.apple.CarbonCore:gestalt] SetGestaltValue SetGestaltValue(stdf 0) => 0
2026-09-14 11:54:19.920 I  PeachCommander[14937:c270] [com.apple.CarbonCore:gestalt] _NewGestalt _NewGestalt(ram  0x18d98b644) => 0
2026-09-14 11:54:19.920 I  PeachCommander[14937:c270] [com.apple.CarbonCore:gestalt] _NewGestalt _NewGestalt(ramm 0x18d98b644) => 0
2026-09-14 11:54:19.920 I  PeachCommander[14937:c270] [com.apple.CarbonCore:gestalt] _NewGestalt _NewGestalt(cput 0x18d98b734) => 0
2026-09-14 11:54:19.920 I  PeachCommander[14937:c270] [com.apple.CarbonCore:gestalt] _NewGestalt _NewGestalt(cpuf 0x18d98b764) => 0
2026-09-14 11:54:19.920 I  PeachCommander[14937:c270] [com.apple.CarbonCore:gestalt] _NewGestalt _NewGestalt(bclk 0x18d98b794) => 0
2026-09-14 11:54:19.920 I  PeachCommander[14937:c270] [com.apple.CarbonCore:gestalt] _NewGestalt _NewGestalt(bclm 0x18d98b794) => 0
2026-09-14 11:54:19.920 I  PeachCommander[14937:c270] [com.apple.CarbonCore:gestalt] _NewGestalt _NewGestalt(pclk 0x18d98b834) => 0
2026-09-14 11:54:19.920 I  PeachCommander[14937:c270] [com.apple.CarbonCore:gestalt] _NewGestalt _NewGestalt(mclk 0x18d98b834) => 0
2026-09-14 11:54:19.920 I  PeachCommander[14937:c270] [com.apple.CarbonCore:gestalt] _NewGestalt _NewGestalt(a/ux 0x18d98b94c) => 0
2026-09-14 11:54:19.920 I  PeachCommander[14937:c270] [com.apple.CarbonCore:gestalt] _NewGestalt _NewGestalt(pgsz 0x18d98b954) => 0
2026-09-14 11:54:19.920 I  PeachCommander[14937:c270] [com.apple.CarbonCore:gestalt] _NewGestalt _NewGestalt(csiz 0x18d98b994) => 0
2026-09-14 11:54:19.920 I  PeachCommander[14937:c270] [com.apple.CarbonCore:gestalt] _NewGestalt _NewGestalt(sysv 0x18d936dfc) => 0
2026-09-14 11:54:19.920 I  PeachCommander[14937:c270] [com.apple.CarbonCore:gestalt] _NewGestalt _NewGestalt(sys1 0x18d936dfc) => 0
2026-09-14 11:54:19.920 I  PeachCommander[14937:c270] [com.apple.CarbonCore:gestalt] _NewGestalt _NewGestalt(sys2 0x18d936dfc) => 0
2026-09-14 11:54:19.920 I  PeachCommander[14937:c270] [com.apple.CarbonCore:gestalt] _NewGestalt _NewGestalt(sys3 0x18d936dfc) => 0
2026-09-14 11:54:19.920 I  PeachCommander[14937:c270] [com.apple.CarbonCore:gestalt] _NewGestalt _NewGestalt(cdfl 0x18d98b9d4) => 0
2026-09-14 11:54:19.920 I  PeachCommander[14937:c270] [com.apple.CarbonCore:gestalt] _NewGestalt _NewGestalt(cdrm 0x18d98bc30) => 0
2026-09-14 11:54:19.920 I  PeachCommander[14937:c270] [com.apple.CarbonCore:gestalt] _NewGestalt _NewGestalt(cpus 0x18d98bc78) => 0
2026-09-14 11:54:19.920 I  PeachCommander[14937:c270] [com.apple.CarbonCore:gestalt] SetGestaltValue SetGestaltValue(swex 1) => 0
2026-09-14 11:54:19.920 Df PeachCommander[14937:c270] [com.apple.xpc:connection] [0x9d4788280] activating connection: mach=false listener=false peer=false name=com.apple.hiservices-xpcservice
2026-09-14 11:54:19.921 I  PeachCommander[14937:c270] [com.apple.CFPasteboard:entry] CopyData('ApplePerContextInputPasteboard' (<CFUUID 0x9d5b06f40> BB4EC3BE-F41E-4FE8-94C0-E411A90FAB7D) gen: -1 item: 1264739405 flavor: 'ApplePerContextInputFlavor')
2026-09-14 11:54:19.921 I  PeachCommander[14937:c270] [com.apple.CFPasteboard:cache] Rebuilding cache for 'ApplePerContextInputPasteboard' (<CFUUID 0x9d5b06f40> BB4EC3BE-F41E-4FE8-94C0-E411A90FAB7D)
2026-09-14 11:54:19.921 I  PeachCommander[14937:c270] [com.apple.CFPasteboard:general] Will request data from daemon
2026-09-14 11:54:19.921 I  PeachCommander[14937:c270] [com.apple.CFPasteboard:exit] (not-in-cache) - result: 0 generation: 1 data (182 bytes) flags: 0
2026-09-14 11:54:19.921 I  PeachCommander[14937:c270] [com.apple.CFPasteboard:entry] CopyData('DefaultAsciiKeyboardLayoutPasteboard' (<CFUUID 0x9d50b1420> 8F437548-A7E2-40AD-AFD6-40E01512C14D) gen: -1 item: 1264739405 flavor: 'DefaultAsciiKeyboardLayoutFlavor')
2026-09-14 11:54:19.921 I  PeachCommander[14937:c270] [com.apple.CFPasteboard:exit] (not-in-cache) - result: -8 generation: 0 null data flags: 0
2026-09-14 11:54:19.923 I  PeachCommander[14937:c270] [com.apple.AppKit:Window] context (0 -> 72813ba6) for window 2ec
2026-09-14 11:54:19.923 Df PeachCommander[14937:c270] [com.apple.inputmethodkitClient:Client] +[IMKClient subclass]: chose IMKClient_Modern
2026-09-14 11:54:19.923 Df PeachCommander[14937:c270] [com.apple.BoardServices:XPCErrors] [C:2] Alloc com.apple.backboard.hid-services.xpc
2026-09-14 11:54:19.923 Df PeachCommander[14937:c270] [com.apple.xpc:connection] [0x9d47883c0] activating connection: mach=false listener=false peer=false name=(anonymous)
2026-09-14 11:54:19.924 Df PeachCommander[14937:c274] [com.apple.xpc:connection] [0x9d47888c0] activating connection: mach=false listener=false peer=false name=com.apple.TextInputUI.xpc.CursorUIViewService
2026-09-14 11:54:19.924 E  PeachCommander[14937:c27f] [com.apple.BaseBoard:Common] Unable to obtain a task name port right for pid 169: (os/kern) failure (0x5)
2026-09-14 11:54:19.924 Df PeachCommander[14937:c27f] [com.apple.xpc:connection] [0x9d47888c0] invalidated after the last release of the connection object
2026-09-14 11:54:19.924 I  PeachCommander[14937:c270] [com.apple.CFPasteboard:entry] CopyData('DefaultAsciiKeyboardLayoutPasteboard' (<CFUUID 0x9d50b1420> 8F437548-A7E2-40AD-AFD6-40E01512C14D) gen: -1 item: 1264739405 flavor: 'DefaultAsciiKeyboardLayoutFlavor')
2026-09-14 11:54:19.924 I  PeachCommander[14937:c270] [com.apple.CFPasteboard:exit] (not-in-cache) - result: -8 generation: 0 null data flags: 0
2026-09-14 11:54:19.925 Df PeachCommander[14937:c270] [com.apple.xpc:connection] [0x9d4788a00] activating connection: mach=false listener=false peer=false name=(anonymous)
2026-09-14 11:54:19.925 Df PeachCommander[14937:c270] [com.apple.xpc:connection] [0x9d47888c0] activating connection: mach=false listener=false peer=false name=com.apple.ViewBridgeAuxiliary
2026-09-14 11:54:19.925 Df PeachCommander[14937:c270] [com.apple.xpc:connection] [0x9d4788b40] activating connection: mach=false listener=false peer=false name=(anonymous)
2026-09-14 11:54:19.925 Df PeachCommander[14937:c270] [com.apple.xpc:connection] [0x9d47888c0] invalidated after the last release of the connection object
2026-09-14 11:54:19.941 Df PeachCommander[14937:c270] [com.apple.TextInputUI:CursorUI] -[TUINSCursorUIController activate:]_block_invoke: Create CursorUIViewService: TUINSRemoteViewController
2026-09-14 11:54:19.942 I  PeachCommander[14937:c270] [com.apple.AppKit:Window] window <TUINSWindow: 0x9d6430500> windowNumber=2ec finishing close
2026-09-14 11:54:19.942 I  PeachCommander[14937:c270] [com.apple.AppKit:Window] order window: 2ec op: 0 relative: 0 related: 0
2026-09-14 11:54:19.944 A  PeachCommander[14937:c27f] (CoreFoundation) Loading Preferences From System CFPrefsD
2026-09-14 11:54:19.948 I  PeachCommander[14937:c270] [com.apple.AppKit:Image] ISImage reported a placeholder, image rep is providing a placeholder image for <private>
2026-09-14 11:54:19.952 I  PeachCommander[14937:c270] [com.apple.AppKit:Image] ISImage reported a placeholder, image rep is providing a placeholder image for <private>
2026-09-14 11:54:19.954 I  PeachCommander[14937:c270] [com.apple.AppKit:Image] ISImage reported a placeholder, image rep is providing a placeholder image for <private>
2026-09-14 11:54:19.954 I  PeachCommander[14937:c270] [com.apple.AppKit:Image] ISImage reported a placeholder, image rep is providing a placeholder image for <private>
2026-09-14 11:54:19.955 I  PeachCommander[14937:c270] [com.apple.AppKit:Image] ISImage reported a placeholder, image rep is providing a placeholder image for <private>
2026-09-14 11:54:19.955 I  PeachCommander[14937:c270] [com.apple.AppKit:Image] ISImage reported a placeholder, image rep is providing a placeholder image for <private>
2026-09-14 11:54:19.957 I  PeachCommander[14937:c270] [com.apple.AppKit:Image] ISImage reported a placeholder, image rep is providing a placeholder image for <private>
2026-09-14 11:54:19.957 I  PeachCommander[14937:c270] [com.apple.AppKit:Image] ISImage reported a placeholder, image rep is providing a placeholder image for <private>
2026-09-14 11:54:19.958 I  PeachCommander[14937:c270] [com.apple.AppKit:Image] ISImage reported a placeholder, image rep is providing a placeholder image for <private>
2026-09-14 11:54:19.958 I  PeachCommander[14937:c270] [com.apple.AppKit:Image] ISImage reported a placeholder, image rep is providing a placeholder image for <private>
2026-09-14 11:54:19.959 I  PeachCommander[14937:c270] [com.apple.AppKit:Image] ISImage reported a placeholder, image rep is providing a placeholder image for <private>
2026-09-14 11:54:19.959 I  PeachCommander[14937:c270] [com.apple.AppKit:Image] ISImage reported a placeholder, image rep is providing a placeholder image for <private>
2026-09-14 11:54:19.961 I  PeachCommander[14937:c270] [com.apple.AppKit:Image] ISImage reported a placeholder, image rep is providing a placeholder image for <private>
2026-09-14 11:54:19.961 I  PeachCommander[14937:c270] [com.apple.AppKit:Image] ISImage reported a placeholder, image rep is providing a placeholder image for <private>
2026-09-14 11:54:19.962 I  PeachCommander[14937:c270] [com.apple.AppKit:Image] ISImage reported a placeholder, image rep is providing a placeholder image for <private>
2026-09-14 11:54:19.962 I  PeachCommander[14937:c270] [com.apple.AppKit:Image] ISImage reported a placeholder, image rep is providing a placeholder image for <private>
2026-09-14 11:54:19.963 I  PeachCommander[14937:c270] [com.apple.AppKit:Image] ISImage reported a placeholder, image rep is providing a placeholder image for <private>
2026-09-14 11:54:19.963 I  PeachCommander[14937:c270] [com.apple.AppKit:Image] ISImage reported a placeholder, image rep is providing a placeholder image for <private>
2026-09-14 11:54:19.964 I  PeachCommander[14937:c270] [com.apple.AppKit:Image] ISImage reported a placeholder, image rep is providing a placeholder image for <private>
2026-09-14 11:54:19.964 I  PeachCommander[14937:c270] [com.apple.AppKit:Image] ISImage reported a placeholder, image rep is providing a placeholder image for <private>
2026-09-14 11:54:19.965 I  PeachCommander[14937:c270] [com.apple.AppKit:Image] ISImage reported a placeholder, image rep is providing a placeholder image for <private>
2026-09-14 11:54:19.965 I  PeachCommander[14937:c270] [com.apple.AppKit:Image] ISImage reported a placeholder, image rep is providing a placeholder image for <private>
2026-09-14 11:54:19.967 I  PeachCommander[14937:c270] [com.apple.AppKit:Image] ISImage reported a placeholder, image rep is providing a placeholder image for <private>
2026-09-14 11:54:19.967 I  PeachCommander[14937:c270] [com.apple.AppKit:Image] ISImage reported a placeholder, image rep is providing a placeholder image for <private>
2026-09-14 11:54:19.968 I  PeachCommander[14937:c270] [com.apple.AppKit:Image] ISImage reported a placeholder, image rep is providing a placeholder image for <private>
2026-09-14 11:54:19.968 I  PeachCommander[14937:c270] [com.apple.AppKit:Image] ISImage reported a placeholder, image rep is providing a placeholder image for <private>
2026-09-14 11:54:19.970 I  PeachCommander[14937:c270] [com.apple.AppKit:Image] ISImage reported a placeholder, image rep is providing a placeholder image for <private>
2026-09-14 11:54:19.970 I  PeachCommander[14937:c270] [com.apple.AppKit:Image] ISImage reported a placeholder, image rep is providing a placeholder image for <private>
2026-09-14 11:54:19.971 I  PeachCommander[14937:c270] [com.apple.AppKit:Image] ISImage reported a placeholder, image rep is providing a placeholder image for <private>
2026-09-14 11:54:19.971 I  PeachCommander[14937:c270] [com.apple.AppKit:Image] ISImage reported a placeholder, image rep is providing a placeholder image for <private>
2026-09-14 11:54:19.973 I  PeachCommander[14937:c270] [com.apple.AppKit:Image] ISImage reported a placeholder, image rep is providing a placeholder image for <private>
2026-09-14 11:54:19.973 I  PeachCommander[14937:c270] [com.apple.AppKit:Image] ISImage reported a placeholder, image rep is providing a placeholder image for <private>
2026-09-14 11:54:19.981 I  PeachCommander[14937:c270] [com.apple.AppKit:Image] ISImage reported a placeholder, image rep is providing a placeholder image for <private>
2026-09-14 11:54:19.981 I  PeachCommander[14937:c270] [com.apple.AppKit:Image] ISImage reported a placeholder, image rep is providing a placeholder image for <private>
2026-09-14 11:54:19.982 I  PeachCommander[14937:c270] [com.apple.AppKit:Image] ISImage reported a placeholder, image rep is providing a placeholder image for <private>
2026-09-14 11:54:19.982 I  PeachCommander[14937:c270] [com.apple.AppKit:Image] ISImage reported a placeholder, image rep is providing a placeholder image for <private>
2026-09-14 11:54:19.983 I  PeachCommander[14937:c270] [com.apple.AppKit:Image] ISImage reported a placeholder, image rep is providing a placeholder image for <private>
2026-09-14 11:54:19.983 I  PeachCommander[14937:c270] [com.apple.AppKit:Image] ISImage reported a placeholder, image rep is providing a placeholder image for <private>
2026-09-14 11:54:19.984 I  PeachCommander[14937:c270] [com.apple.AppKit:Image] ISImage reported a placeholder, image rep is providing a placeholder image for <private>
2026-09-14 11:54:19.985 I  PeachCommander[14937:c270] [com.apple.AppKit:Image] ISImage reported a placeholder, image rep is providing a placeholder image for <private>
2026-09-14 11:54:19.986 I  PeachCommander[14937:c270] [com.apple.AppKit:Image] ISImage reported a placeholder, image rep is providing a placeholder image for <private>
2026-09-14 11:54:19.986 I  PeachCommander[14937:c270] [com.apple.AppKit:Image] ISImage reported a placeholder, image rep is providing a placeholder image for <private>
2026-09-14 11:54:19.987 I  PeachCommander[14937:c270] [com.apple.AppKit:Image] ISImage reported a placeholder, image rep is providing a placeholder image for <private>
2026-09-14 11:54:19.987 I  PeachCommander[14937:c270] [com.apple.AppKit:Image] ISImage reported a placeholder, image rep is providing a placeholder image for <private>
2026-09-14 11:54:19.988 I  PeachCommander[14937:c270] [com.apple.AppKit:Image] ISImage reported a placeholder, image rep is providing a placeholder image for <private>
2026-09-14 11:54:19.988 I  PeachCommander[14937:c270] [com.apple.AppKit:Image] ISImage reported a placeholder, image rep is providing a placeholder image for <private>
2026-09-14 11:54:19.989 I  PeachCommander[14937:c270] [com.apple.AppKit:Image] ISImage reported a placeholder, image rep is providing a placeholder image for <private>
2026-09-14 11:54:19.989 I  PeachCommander[14937:c270] [com.apple.AppKit:Image] ISImage reported a placeholder, image rep is providing a placeholder image for <private>
2026-09-14 11:54:19.990 I  PeachCommander[14937:c270] [com.apple.AppKit:Image] ISImage reported a placeholder, image rep is providing a placeholder image for <private>
2026-09-14 11:54:19.990 I  PeachCommander[14937:c270] [com.apple.AppKit:Image] ISImage reported a placeholder, image rep is providing a placeholder image for <private>
2026-09-14 11:54:19.991 I  PeachCommander[14937:c270] [com.apple.AppKit:Image] ISImage reported a placeholder, image rep is providing a placeholder image for <private>
2026-09-14 11:54:19.991 I  PeachCommander[14937:c270] [com.apple.AppKit:Image] ISImage reported a placeholder, image rep is providing a placeholder image for <private>
2026-09-14 11:54:19.993 I  PeachCommander[14937:c270] [com.apple.AppKit:Image] ISImage reported a placeholder, image rep is providing a placeholder image for <private>
2026-09-14 11:54:19.993 I  PeachCommander[14937:c270] [com.apple.AppKit:Image] ISImage reported a placeholder, image rep is providing a placeholder image for <private>
2026-09-14 11:54:19.994 I  PeachCommander[14937:c270] [com.apple.AppKit:Image] ISImage reported a placeholder, image rep is providing a placeholder image for <private>
2026-09-14 11:54:19.994 I  PeachCommander[14937:c270] [com.apple.AppKit:Image] ISImage reported a placeholder, image rep is providing a placeholder image for <private>
2026-09-14 11:54:19.995 I  PeachCommander[14937:c270] [com.apple.AppKit:Image] ISImage reported a placeholder, image rep is providing a placeholder image for <private>
2026-09-14 11:54:19.995 I  PeachCommander[14937:c270] [com.apple.AppKit:Image] ISImage reported a placeholder, image rep is providing a placeholder image for <private>
2026-09-14 11:54:19.996 I  PeachCommander[14937:c270] [com.apple.AppKit:Image] ISImage reported a placeholder, image rep is providing a placeholder image for <private>
2026-09-14 11:54:19.996 I  PeachCommander[14937:c270] [com.apple.AppKit:Image] ISImage reported a placeholder, image rep is providing a placeholder image for <private>
2026-09-14 11:54:19.997 I  PeachCommander[14937:c270] [com.apple.AppKit:Image] ISImage reported a placeholder, image rep is providing a placeholder image for <private>
2026-09-14 11:54:19.997 I  PeachCommander[14937:c270] [com.apple.AppKit:Image] ISImage reported a placeholder, image rep is providing a placeholder image for <private>
2026-09-14 11:54:20.033 Df PeachCommander[14937:c270] [com.apple.BoardServices:XPCErrors] [C:3] Alloc com.apple.backboard.hid-services.xpc
2026-09-14 11:54:20.033 Df PeachCommander[14937:c270] [com.apple.xpc:connection] [0x9d4788dc0] activating connection: mach=false listener=false peer=false name=(anonymous)
2026-09-14 11:54:20.034 Df PeachCommander[14937:c275] [com.apple.BackBoard:EventDelivery] BKSHIDEventDeliveryManager - connection activation
2026-09-14 11:54:20.049 I  PeachCommander[14937:c270] [com.apple.iconservices:foundation] layer data size zero
2026-09-14 11:54:20.050 A  PeachCommander[14937:c270] (CoreFoundation) Loading Preferences From User CFPrefsD
2026-09-14 11:54:20.050 I  PeachCommander[14937:c270] [com.apple.CoreAnalytics:client] Dropping "com.apple.ImageIO.readerSelection" as it isn't used in any transform (not in the config or budgeted?)
2026-09-14 11:54:20.068 A  PeachCommander[14937:c275] (libsystem_info.dylib) Retrieve Group by ID
2026-09-14 11:54:20.068 I  PeachCommander[14937:c270] [com.peachcommander:PCFoundation] Session restored
2026-09-14 11:54:20.068 Df PeachCommander[14937:c270] (Foundation) <private>
2026-09-14 11:54:20.068 I  PeachCommander[14937:c270] [com.peachcommander:PCFoundation] [automation] running /Users/admin/auto.txt
2026-09-14 11:54:20.068 Df PeachCommander[14937:c270] (Foundation) <private>
2026-09-14 11:54:20.068 I  PeachCommander[14937:c270] [com.peachcommander:PCFoundation] [automation] > active left
2026-09-14 11:54:20.068 Df PeachCommander[14937:c270] (Foundation) <private>
2026-09-14 11:54:20.068 I  PeachCommander[14937:c270] [com.peachcommander:PCFoundation] [automation] > left /Users/admin/pc-demo
2026-09-14 11:54:20.075 I  PeachCommander[14937:c270] [com.apple.AppKit:Image] ISImage reported a placeholder, image rep is providing a placeholder image for <private>
2026-09-14 11:54:20.076 I  PeachCommander[14937:c270] [com.apple.AppKit:Image] ISImage reported a placeholder, image rep is providing a placeholder image for <private>
2026-09-14 11:54:20.076 I  PeachCommander[14937:c270] [com.apple.AppKit:Image] ISImage reported a placeholder, image rep is providing a placeholder image for <private>
2026-09-14 11:54:20.077 I  PeachCommander[14937:c270] [com.apple.AppKit:Image] ISImage reported a placeholder, image rep is providing a placeholder image for <private>
2026-09-14 11:54:20.078 I  PeachCommander[14937:c270] [com.apple.AppKit:Image] ISImage reported a placeholder, image rep is providing a placeholder image for <private>
2026-09-14 11:54:20.079 I  PeachCommander[14937:c270] [com.apple.AppKit:Image] ISImage reported a placeholder, image rep is providing a placeholder image for <private>
2026-09-14 11:54:20.079 I  PeachCommander[14937:c270] [com.apple.AppKit:Image] ISImage reported a placeholder, image rep is providing a placeholder image for <private>
2026-09-14 11:54:20.080 I  PeachCommander[14937:c270] [com.apple.AppKit:Image] ISImage reported a placeholder, image rep is providing a placeholder image for <private>
2026-09-14 11:54:20.081 I  PeachCommander[14937:c270] [com.apple.AppKit:Image] ISImage reported a placeholder, image rep is providing a placeholder image for <private>
2026-09-14 11:54:20.081 I  PeachCommander[14937:c270] [com.apple.AppKit:Image] ISImage reported a placeholder, image rep is providing a placeholder image for <private>
2026-09-14 11:54:20.082 I  PeachCommander[14937:c270] [com.apple.AppKit:Image] ISImage reported a placeholder, image rep is providing a placeholder image for <private>
2026-09-14 11:54:20.082 I  PeachCommander[14937:c270] [com.apple.AppKit:Image] ISImage reported a placeholder, image rep is providing a placeholder image for <private>
2026-09-14 11:54:20.083 I  PeachCommander[14937:c270] [com.apple.AppKit:Image] ISImage reported a placeholder, image rep is providing a placeholder image for <private>
2026-09-14 11:54:20.084 I  PeachCommander[14937:c270] [com.apple.AppKit:Image] ISImage reported a placeholder, image rep is providing a placeholder image for <private>
2026-09-14 11:54:20.084 I  PeachCommander[14937:c270] [com.apple.AppKit:Image] ISImage reported a placeholder, image rep is providing a placeholder image for <private>
2026-09-14 11:54:20.086 I  PeachCommander[14937:c270] [com.apple.AppKit:Image] ISImage reported a placeholder, image rep is providing a placeholder image for <private>
2026-09-14 11:54:20.086 I  PeachCommander[14937:c270] [com.apple.AppKit:Image] ISImage reported a placeholder, image rep is providing a placeholder image for <private>
2026-09-14 11:54:20.087 I  PeachCommander[14937:c270] [com.apple.AppKit:Image] ISImage reported a placeholder, image rep is providing a placeholder image for <private>
2026-09-14 11:54:20.087 I  PeachCommander[14937:c270] [com.apple.AppKit:Image] ISImage reported a placeholder, image rep is providing a placeholder image for <private>
2026-09-14 11:54:20.088 I  PeachCommander[14937:c270] [com.apple.AppKit:Image] ISImage reported a placeholder, image rep is providing a placeholder image for <private>
2026-09-14 11:54:20.088 I  PeachCommander[14937:c270] [com.apple.AppKit:Image] ISImage reported a placeholder, image rep is providing a placeholder image for <private>
2026-09-14 11:54:20.089 I  PeachCommander[14937:c270] [com.apple.AppKit:Image] ISImage reported a placeholder, image rep is providing a placeholder image for <private>
2026-09-14 11:54:20.089 I  PeachCommander[14937:c270] [com.apple.AppKit:Image] ISImage reported a placeholder, image rep is providing a placeholder image for <private>
2026-09-14 11:54:20.091 I  PeachCommander[14937:c270] [com.apple.AppKit:Image] ISImage reported a placeholder, image rep is providing a placeholder image for <private>
2026-09-14 11:54:20.091 I  PeachCommander[14937:c270] [com.apple.AppKit:Image] ISImage reported a placeholder, image rep is providing a placeholder image for <private>
2026-09-14 11:54:20.092 I  PeachCommander[14937:c270] [com.apple.AppKit:Image] ISImage reported a placeholder, image rep is providing a placeholder image for <private>
2026-09-14 11:54:20.092 I  PeachCommander[14937:c270] [com.apple.AppKit:Image] ISImage reported a placeholder, image rep is providing a placeholder image for <private>
2026-09-14 11:54:20.093 I  PeachCommander[14937:c270] [com.apple.AppKit:Image] ISImage reported a placeholder, image rep is providing a placeholder image for <private>
2026-09-14 11:54:20.093 I  PeachCommander[14937:c270] [com.apple.AppKit:Image] ISImage reported a placeholder, image rep is providing a placeholder image for <private>
2026-09-14 11:54:20.094 I  PeachCommander[14937:c270] [com.apple.AppKit:Image] ISImage reported a placeholder, image rep is providing a placeholder image for <private>
2026-09-14 11:54:20.094 I  PeachCommander[14937:c270] [com.apple.AppKit:Image] ISImage reported a placeholder, image rep is providing a placeholder image for <private>
2026-09-14 11:54:20.095 I  PeachCommander[14937:c270] [com.apple.AppKit:Image] ISImage reported a placeholder, image rep is providing a placeholder image for <private>
2026-09-14 11:54:20.095 I  PeachCommander[14937:c270] [com.apple.AppKit:Image] ISImage reported a placeholder, image rep is providing a placeholder image for <private>
2026-09-14 11:54:20.096 I  PeachCommander[14937:c270] [com.apple.AppKit:Image] ISImage reported a placeholder, image rep is providing a placeholder image for <private>
2026-09-14 11:54:20.096 I  PeachCommander[14937:c270] [com.apple.AppKit:Image] ISImage reported a placeholder, image rep is providing a placeholder image for <private>
2026-09-14 11:54:20.097 I  PeachCommander[14937:c270] [com.apple.AppKit:Image] ISImage reported a placeholder, image rep is providing a placeholder image for <private>
2026-09-14 11:54:20.097 I  PeachCommander[14937:c270] [com.apple.AppKit:Image] ISImage reported a placeholder, image rep is providing a placeholder image for <private>
2026-09-14 11:54:20.098 I  PeachCommander[14937:c270] [com.apple.AppKit:Image] ISImage reported a placeholder, image rep is providing a placeholder image for <private>
2026-09-14 11:54:20.098 I  PeachCommander[14937:c270] [com.apple.AppKit:Image] ISImage reported a placeholder, image rep is providing a placeholder image for <private>
2026-09-14 11:54:20.099 I  PeachCommander[14937:c270] [com.apple.AppKit:Image] ISImage reported a placeholder, image rep is providing a placeholder image for <private>
2026-09-14 11:54:20.099 I  PeachCommander[14937:c270] [com.apple.AppKit:Image] ISImage reported a placeholder, image rep is providing a placeholder image for <private>
2026-09-14 11:54:20.100 I  PeachCommander[14937:c270] [com.apple.AppKit:Image] ISImage reported a placeholder, image rep is providing a placeholder image for <private>
2026-09-14 11:54:20.100 I  PeachCommander[14937:c270] [com.apple.AppKit:Image] ISImage reported a placeholder, image rep is providing a placeholder image for <private>
2026-09-14 11:54:20.101 I  PeachCommander[14937:c270] [com.apple.AppKit:Image] ISImage reported a placeholder, image rep is providing a placeholder image for <private>
2026-09-14 11:54:20.101 I  PeachCommander[14937:c270] [com.apple.AppKit:Image] ISImage reported a placeholder, image rep is providing a placeholder image for <private>
2026-09-14 11:54:20.135 I  PeachCommander[14937:c30c] [com.apple.AppKit:WindowTab] Indexing 1 items
2026-09-14 11:54:20.135 A  PeachCommander[14937:c30c] (CoreSpotlight) end-index-batch
2026-09-14 11:54:20.135 Df PeachCommander[14937:c30c] [com.apple.corespotlight:index] *warn* MailCS ======%%% _setMailMessageAttributes skip:1
2026-09-14 11:54:20.135 A  PeachCommander[14937:c30c] (CoreSpotlight) index-items
2026-09-14 11:54:20.135 Df PeachCommander[14937:c30c] [com.apple.corespotlight:index] CSInlineDonation:<private>: Skipping donation (feature flag disabled)
2026-09-14 11:54:20.135 Df PeachCommander[14937:c30e] [com.apple.corespotlight:index] CSInlineDonation:<private>: Skipping donation (feature flag disabled)
2026-09-14 11:54:20.135 I  PeachCommander[14937:c270] [com.apple.CoreAnalytics:client] Dropping "com.apple.appkit.app_config" as it isn't used in any transform (not in the config or budgeted?)
2026-09-14 11:54:20.137 I  PeachCommander[14937:c270] [com.apple.launchservices:datasep] application record search init. Node: <FSNode 0x9d3a250e0> { isDir = y, path = <private> } bundleID: (null) itemID: 0
2026-09-14 11:54:20.137 I  PeachCommander[14937:c270] [com.apple.launchservices:datasep] application record search init. Node: <FSNode 0x9d3a250e0> { isDir = y, path = <private> } bundleID: (null) itemID: 0
2026-09-14 11:54:20.137 I  PeachCommander[14937:c270] [com.apple.SafariPlatformSupport:SafariPlatformSupport] -[SFSafariPlatformSupport credentialSelected:] with nil credential
2026-09-14 11:54:20.137 I  PeachCommander[14937:c270] [com.apple.SafariPlatformSupport:SafariPlatformSupport] -[SFSafariPlatformSupport oneTimeCodeSelected:] with nil code
2026-09-14 11:54:20.237 I  PeachCommander[14937:c270] [com.apple.HIToolbox:MBDisplays] <private>
2026-09-14 11:54:20.237 I  PeachCommander[14937:c270] [com.apple.HIToolbox:MBDisplays] <private>
2026-09-14 11:54:20.416 Df PeachCommander[14937:c27a] [com.apple.xpc:connection] [0x9d4788f00] activating connection: mach=false listener=false peer=false name=com.apple.SafariPlatformSupport.Helper
2026-09-14 11:54:20.429 Df PeachCommander[14937:c270] (Foundation) <private>
2026-09-14 11:54:20.429 I  PeachCommander[14937:c270] [com.peachcommander:PCFoundation] [automation] > wait 1200
2026-09-14 11:54:20.430 I  PeachCommander[14937:c270] [com.apple.AppKit:Image] ISImage reported a placeholder, image rep is providing a placeholder image for <private>
2026-09-14 11:54:20.430 I  PeachCommander[14937:c270] [com.apple.AppKit:Image] ISImage reported a placeholder, image rep is providing a placeholder image for <private>
2026-09-14 11:54:20.431 I  PeachCommander[14937:c270] [com.apple.AppKit:Image] ISImage reported a placeholder, image rep is providing a placeholder image for <private>
2026-09-14 11:54:20.432 I  PeachCommander[14937:c270] [com.apple.AppKit:Image] ISImage reported a placeholder, image rep is providing a placeholder image for <private>
2026-09-14 11:54:20.432 I  PeachCommander[14937:c270] [com.apple.AppKit:Image] ISImage reported a placeholder, image rep is providing a placeholder image for <private>
2026-09-14 11:54:20.433 I  PeachCommander[14937:c270] [com.apple.AppKit:Image] ISImage reported a placeholder, image rep is providing a placeholder image for <private>
2026-09-14 11:54:20.434 I  PeachCommander[14937:c270] [com.apple.AppKit:Image] ISImage reported a placeholder, image rep is providing a placeholder image for <private>
2026-09-14 11:54:20.434 I  PeachCommander[14937:c270] [com.apple.AppKit:Image] ISImage reported a placeholder, image rep is providing a placeholder image for <private>
2026-09-14 11:54:20.435 I  PeachCommander[14937:c270] [com.apple.AppKit:Image] ISImage reported a placeholder, image rep is providing a placeholder image for <private>
2026-09-14 11:54:20.436 I  PeachCommander[14937:c270] [com.apple.AppKit:Image] ISImage reported a placeholder, image rep is providing a placeholder image for <private>
2026-09-14 11:54:20.436 I  PeachCommander[14937:c270] [com.apple.AppKit:Image] ISImage reported a placeholder, image rep is providing a placeholder image for <private>
2026-09-14 11:54:20.437 I  PeachCommander[14937:c270] [com.apple.AppKit:Image] ISImage reported a placeholder, image rep is providing a placeholder image for <private>
2026-09-14 11:54:20.438 I  PeachCommander[14937:c270] [com.apple.AppKit:Image] ISImage reported a placeholder, image rep is providing a placeholder image for <private>
2026-09-14 11:54:20.439 I  PeachCommander[14937:c270] [com.apple.AppKit:Image] ISImage reported a placeholder, image rep is providing a placeholder image for <private>
2026-09-14 11:54:20.439 I  PeachCommander[14937:c270] [com.apple.AppKit:Image] ISImage reported a placeholder, image rep is providing a placeholder image for <private>
2026-09-14 11:54:20.440 I  PeachCommander[14937:c270] [com.apple.AppKit:Image] ISImage reported a placeholder, image rep is providing a placeholder image for <private>
2026-09-14 11:54:20.440 I  PeachCommander[14937:c270] [com.apple.AppKit:Image] ISImage reported a placeholder, image rep is providing a placeholder image for <private>
2026-09-14 11:54:20.441 I  PeachCommander[14937:c270] [com.apple.AppKit:Image] ISImage reported a placeholder, image rep is providing a placeholder image for <private>
2026-09-14 11:54:20.441 I  PeachCommander[14937:c270] [com.apple.AppKit:Image] ISImage reported a placeholder, image rep is providing a placeholder image for <private>
2026-09-14 11:54:20.442 I  PeachCommander[14937:c270] [com.apple.AppKit:Image] ISImage reported a placeholder, image rep is providing a placeholder image for <private>
2026-09-14 11:54:20.442 I  PeachCommander[14937:c270] [com.apple.AppKit:Image] ISImage reported a placeholder, image rep is providing a placeholder image for <private>
2026-09-14 11:54:20.443 I  PeachCommander[14937:c270] [com.apple.AppKit:Image] ISImage reported a placeholder, image rep is providing a placeholder image for <private>
2026-09-14 11:54:20.443 I  PeachCommander[14937:c270] [com.apple.AppKit:Image] ISImage reported a placeholder, image rep is providing a placeholder image for <private>
2026-09-14 11:54:20.445 I  PeachCommander[14937:c270] [com.apple.AppKit:Image] ISImage reported a placeholder, image rep is providing a placeholder image for <private>
2026-09-14 11:54:20.445 I  PeachCommander[14937:c270] [com.apple.AppKit:Image] ISImage reported a placeholder, image rep is providing a placeholder image for <private>
2026-09-14 11:54:20.446 I  PeachCommander[14937:c270] [com.apple.AppKit:Image] ISImage reported a placeholder, image rep is providing a placeholder image for <private>
2026-09-14 11:54:20.446 I  PeachCommander[14937:c270] [com.apple.AppKit:Image] ISImage reported a placeholder, image rep is providing a placeholder image for <private>
2026-09-14 11:54:20.447 I  PeachCommander[14937:c270] [com.apple.AppKit:Image] ISImage reported a placeholder, image rep is providing a placeholder image for <private>
2026-09-14 11:54:20.447 I  PeachCommander[14937:c270] [com.apple.AppKit:Image] ISImage reported a placeholder, image rep is providing a placeholder image for <private>
2026-09-14 11:54:20.448 I  PeachCommander[14937:c270] [com.apple.AppKit:Image] ISImage reported a placeholder, image rep is providing a placeholder image for <private>
2026-09-14 11:54:20.448 I  PeachCommander[14937:c270] [com.apple.AppKit:Image] ISImage reported a placeholder, image rep is providing a placeholder image for <private>
2026-09-14 11:54:20.449 I  PeachCommander[14937:c270] [com.apple.AppKit:Image] ISImage reported a placeholder, image rep is providing a placeholder image for <private>
2026-09-14 11:54:20.449 I  PeachCommander[14937:c270] [com.apple.AppKit:Image] ISImage reported a placeholder, image rep is providing a placeholder image for <private>
2026-09-14 11:54:20.451 I  PeachCommander[14937:c270] [com.apple.AppKit:Image] ISImage reported a placeholder, image rep is providing a placeholder image for <private>
2026-09-14 11:54:20.451 I  PeachCommander[14937:c270] [com.apple.AppKit:Image] ISImage reported a placeholder, image rep is providing a placeholder image for <private>
2026-09-14 11:54:20.451 I  PeachCommander[14937:c27a] [com.apple.iconservices:foundation] layer data size zero
2026-09-14 11:54:20.452 I  PeachCommander[14937:c270] [com.apple.AppKit:Image] ISImage reported a placeholder, image rep is providing a placeholder image for <private>
2026-09-14 11:54:20.452 I  PeachCommander[14937:c270] [com.apple.AppKit:Image] ISImage reported a placeholder, image rep is providing a placeholder image for <private>
2026-09-14 11:54:20.454 I  PeachCommander[14937:c270] [com.apple.AppKit:Image] ISImage reported a placeholder, image rep is providing a placeholder image for <private>
2026-09-14 11:54:20.454 I  PeachCommander[14937:c270] [com.apple.AppKit:Image] ISImage reported a placeholder, image rep is providing a placeholder image for <private>
2026-09-14 11:54:20.455 I  PeachCommander[14937:c270] [com.apple.AppKit:Image] ISImage reported a placeholder, image rep is providing a placeholder image for <private>
2026-09-14 11:54:20.455 I  PeachCommander[14937:c270] [com.apple.AppKit:Image] ISImage reported a placeholder, image rep is providing a placeholder image for <private>
2026-09-14 11:54:20.456 I  PeachCommander[14937:c270] [com.apple.AppKit:Image] ISImage reported a placeholder, image rep is providing a placeholder image for <private>
2026-09-14 11:54:20.456 I  PeachCommander[14937:c270] [com.apple.AppKit:Image] ISImage reported a placeholder, image rep is providing a placeholder image for <private>
2026-09-14 11:54:20.458 I  PeachCommander[14937:c270] [com.apple.AppKit:Image] ISImage reported a placeholder, image rep is providing a placeholder image for <private>
2026-09-14 11:54:20.458 I  PeachCommander[14937:c270] [com.apple.AppKit:Image] ISImage reported a placeholder, image rep is providing a placeholder image for <private>
2026-09-14 11:54:20.463 I  PeachCommander[14937:c30c] [com.apple.iconservices:foundation] layer data size zero
2026-09-14 11:54:20.473 Df PeachCommander[14937:c30c] [com.apple.xpc:connection] [0x9d4788f00] invalidated after the last release of the connection object
2026-09-14 11:54:20.496 I  PeachCommander[14937:c270] [com.apple.launchservices:cas] Removing cached information for app [ 0x0-0xb90b9]  "PeachCommander", as its seed is different from that in shared memory ( 535 vs 537)
2026-09-14 11:54:20.496 Df PeachCommander[14937:c270] [com.apple.xpc:connection] [0x9d4789180] activating connection: mach=false listener=false peer=false name=(anonymous)
2026-09-14 11:54:20.496 Df PeachCommander[14937:c270] [com.apple.xpc:connection] [0x9d4788f00] activating connection: mach=false listener=false peer=false name=(anonymous)
2026-09-14 11:54:20.499 I  PeachCommander[14937:c270] [com.apple.AppKit:Image] ISImage reported a placeholder, image rep is providing a placeholder image for <private>
2026-09-14 11:54:20.499 I  PeachCommander[14937:c270] [com.apple.AppKit:Image] ISImage reported a placeholder, image rep is providing a placeholder image for <private>
2026-09-14 11:54:20.499 I  PeachCommander[14937:c270] [com.apple.AppKit:Image] ISImage reported a placeholder, image rep is providing a placeholder image for <private>
2026-09-14 11:54:20.499 I  PeachCommander[14937:c270] [com.apple.AppKit:Image] ISImage reported a placeholder, image rep is providing a placeholder image for <private>
2026-09-14 11:54:20.499 I  PeachCommander[14937:c270] [com.apple.AppKit:Image] ISImage reported a placeholder, image rep is providing a placeholder image for <private>
2026-09-14 11:54:20.499 I  PeachCommander[14937:c270] [com.apple.AppKit:Image] ISImage reported a placeholder, image rep is providing a placeholder image for <private>
2026-09-14 11:54:20.499 I  PeachCommander[14937:c270] [com.apple.AppKit:Image] ISImage reported a placeholder, image rep is providing a placeholder image for <private>
2026-09-14 11:54:20.499 I  PeachCommander[14937:c270] [com.apple.AppKit:Image] ISImage reported a placeholder, image rep is providing a placeholder image for <private>
2026-09-14 11:54:20.499 I  PeachCommander[14937:c270] [com.apple.AppKit:Image] ISImage reported a placeholder, image rep is providing a placeholder image for <private>
2026-09-14 11:54:20.499 I  PeachCommander[14937:c270] [com.apple.AppKit:Image] ISImage reported a placeholder, image rep is providing a placeholder image for <private>
2026-09-14 11:54:20.500 I  PeachCommander[14937:c270] [com.apple.AppKit:Image] ISImage reported a placeholder, image rep is providing a placeholder image for <private>
2026-09-14 11:54:20.500 I  PeachCommander[14937:c270] [com.apple.AppKit:Image] ISImage reported a placeholder, image rep is providing a placeholder image for <private>
2026-09-14 11:54:20.500 I  PeachCommander[14937:c270] [com.apple.AppKit:Image] ISImage reported a placeholder, image rep is providing a placeholder image for <private>
2026-09-14 11:54:20.500 I  PeachCommander[14937:c270] [com.apple.AppKit:Image] ISImage reported a placeholder, image rep is providing a placeholder image for <private>
2026-09-14 11:54:20.500 I  PeachCommander[14937:c270] [com.apple.AppKit:Image] ISImage reported a placeholder, image rep is providing a placeholder image for <private>
2026-09-14 11:54:20.500 I  PeachCommander[14937:c270] [com.apple.AppKit:Image] ISImage reported a placeholder, image rep is providing a placeholder image for <private>
2026-09-14 11:54:20.500 I  PeachCommander[14937:c270] [com.apple.AppKit:Image] ISImage reported a placeholder, image rep is providing a placeholder image for <private>
2026-09-14 11:54:20.500 I  PeachCommander[14937:c270] [com.apple.AppKit:Image] ISImage reported a placeholder, image rep is providing a placeholder image for <private>
2026-09-14 11:54:20.509 I  PeachCommander[14937:c270] [com.apple.iconservices:foundation] layer data size zero
2026-09-14 11:54:20.509 I  PeachCommander[14937:c270] [com.apple.iconservices:foundation] layer data size zero
2026-09-14 11:54:20.509 I  PeachCommander[14937:c270] [com.apple.iconservices:foundation] layer data size zero
2026-09-14 11:54:20.509 I  PeachCommander[14937:c270] [com.apple.iconservices:foundation] layer data size zero
2026-09-14 11:54:20.647 I  PeachCommander[14937:c270] [com.apple.AppKit:Image] ISImage reported a placeholder, image rep is providing a placeholder image for <private>
2026-09-14 11:54:20.647 I  PeachCommander[14937:c270] [com.apple.AppKit:Image] ISImage reported a placeholder, image rep is providing a placeholder image for <private>
2026-09-14 11:54:20.647 I  PeachCommander[14937:c270] [com.apple.AppKit:Image] ISImage reported a placeholder, image rep is providing a placeholder image for <private>
2026-09-14 11:54:20.714 I  PeachCommander[14937:c270] [com.apple.AppKit:Image] ISImage reported a placeholder, image rep is providing a placeholder image for <private>
2026-09-14 11:54:20.714 I  PeachCommander[14937:c270] [com.apple.AppKit:Image] ISImage reported a placeholder, image rep is providing a placeholder image for <private>
2026-09-14 11:54:20.714 I  PeachCommander[14937:c270] [com.apple.AppKit:Image] ISImage reported a placeholder, image rep is providing a placeholder image for <private>
2026-09-14 11:54:20.724 I  PeachCommander[14937:c270] [com.apple.AppKit:Image] ISImage reported a placeholder, image rep is providing a placeholder image for <private>
2026-09-14 11:54:20.725 I  PeachCommander[14937:c270] [com.apple.AppKit:Image] ISImage reported a placeholder, image rep is providing a placeholder image for <private>
2026-09-14 11:54:20.726 I  PeachCommander[14937:c270] [com.apple.AppKit:Image] ISImage reported a placeholder, image rep is providing a placeholder image for <private>
2026-09-14 11:54:20.726 I  PeachCommander[14937:c270] [com.apple.AppKit:Image] ISImage reported a placeholder, image rep is providing a placeholder image for <private>
2026-09-14 11:54:20.727 I  PeachCommander[14937:c270] [com.apple.AppKit:Image] ISImage reported a placeholder, image rep is providing a placeholder image for <private>
2026-09-14 11:54:20.728 I  PeachCommander[14937:c270] [com.apple.AppKit:Image] ISImage reported a placeholder, image rep is providing a placeholder image for <private>
2026-09-14 11:54:20.728 I  PeachCommander[14937:c270] [com.apple.AppKit:Image] ISImage reported a placeholder, image rep is providing a placeholder image for <private>
2026-09-14 11:54:20.729 I  PeachCommander[14937:c270] [com.apple.AppKit:Image] ISImage reported a placeholder, image rep is providing a placeholder image for <private>
2026-09-14 11:54:20.730 I  PeachCommander[14937:c270] [com.apple.AppKit:Image] ISImage reported a placeholder, image rep is providing a placeholder image for <private>
2026-09-14 11:54:20.731 I  PeachCommander[14937:c270] [com.apple.AppKit:Image] ISImage reported a placeholder, image rep is providing a placeholder image for <private>
2026-09-14 11:54:20.731 I  PeachCommander[14937:c270] [com.apple.AppKit:Image] ISImage reported a placeholder, image rep is providing a placeholder image for <private>
2026-09-14 11:54:20.732 I  PeachCommander[14937:c270] [com.apple.AppKit:Image] ISImage reported a placeholder, image rep is providing a placeholder image for <private>
2026-09-14 11:54:20.733 I  PeachCommander[14937:c270] [com.apple.AppKit:Image] ISImage reported a placeholder, image rep is providing a placeholder image for <private>
2026-09-14 11:54:20.733 I  PeachCommander[14937:c270] [com.apple.AppKit:Image] ISImage reported a placeholder, image rep is providing a placeholder image for <private>
2026-09-14 11:54:20.734 I  PeachCommander[14937:c270] [com.apple.AppKit:Image] ISImage reported a placeholder, image rep is providing a placeholder image for <private>
2026-09-14 11:54:20.735 I  PeachCommander[14937:c270] [com.apple.AppKit:Image] ISImage reported a placeholder, image rep is providing a placeholder image for <private>
2026-09-14 11:54:20.735 I  PeachCommander[14937:c270] [com.apple.AppKit:Image] ISImage reported a placeholder, image rep is providing a placeholder image for <private>
2026-09-14 11:54:20.737 I  PeachCommander[14937:c270] [com.apple.AppKit:Image] ISImage reported a placeholder, image rep is providing a placeholder image for <private>
2026-09-14 11:54:20.737 I  PeachCommander[14937:c270] [com.apple.AppKit:Image] ISImage reported a placeholder, image rep is providing a placeholder image for <private>
2026-09-14 11:54:20.738 I  PeachCommander[14937:c270] [com.apple.AppKit:Image] ISImage reported a placeholder, image rep is providing a placeholder image for <private>
2026-09-14 11:54:20.738 I  PeachCommander[14937:c270] [com.apple.AppKit:Image] ISImage reported a placeholder, image rep is providing a placeholder image for <private>
2026-09-14 11:54:20.739 I  PeachCommander[14937:c270] [com.apple.AppKit:Image] ISImage reported a placeholder, image rep is providing a placeholder image for <private>
2026-09-14 11:54:20.739 I  PeachCommander[14937:c270] [com.apple.AppKit:Image] ISImage reported a placeholder, image rep is providing a placeholder image for <private>
2026-09-14 11:54:20.740 I  PeachCommander[14937:c270] [com.apple.AppKit:Image] ISImage reported a placeholder, image rep is providing a placeholder image for <private>
2026-09-14 11:54:20.740 I  PeachCommander[14937:c270] [com.apple.AppKit:Image] ISImage reported a placeholder, image rep is providing a placeholder image for <private>
2026-09-14 11:54:20.741 I  PeachCommander[14937:c270] [com.apple.AppKit:Image] ISImage reported a placeholder, image rep is providing a placeholder image for <private>
2026-09-14 11:54:20.741 I  PeachCommander[14937:c270] [com.apple.AppKit:Image] ISImage reported a placeholder, image rep is providing a placeholder image for <private>
2026-09-14 11:54:20.742 I  PeachCommander[14937:c270] [com.apple.AppKit:Image] ISImage reported a placeholder, image rep is providing a placeholder image for <private>
2026-09-14 11:54:20.742 I  PeachCommander[14937:c270] [com.apple.AppKit:Image] ISImage reported a placeholder, image rep is providing a placeholder image for <private>
2026-09-14 11:54:20.743 I  PeachCommander[14937:c270] [com.apple.AppKit:Image] ISImage reported a placeholder, image rep is providing a placeholder image for <private>
2026-09-14 11:54:20.744 I  PeachCommander[14937:c270] [com.apple.AppKit:Image] ISImage reported a placeholder, image rep is providing a placeholder image for <private>
2026-09-14 11:54:20.745 I  PeachCommander[14937:c270] [com.apple.AppKit:Image] ISImage reported a placeholder, image rep is providing a placeholder image for <private>
2026-09-14 11:54:20.745 I  PeachCommander[14937:c270] [com.apple.AppKit:Image] ISImage reported a placeholder, image rep is providing a placeholder image for <private>
2026-09-14 11:54:20.746 I  PeachCommander[14937:c270] [com.apple.AppKit:Image] ISImage reported a placeholder, image rep is providing a placeholder image for <private>
2026-09-14 11:54:20.746 I  PeachCommander[14937:c270] [com.apple.AppKit:Image] ISImage reported a placeholder, image rep is providing a placeholder image for <private>
2026-09-14 11:54:20.746 I  PeachCommander[14937:c30e] [com.apple.iconservices:foundation] layer data size zero
2026-09-14 11:54:20.747 I  PeachCommander[14937:c270] [com.apple.AppKit:Image] ISImage reported a placeholder, image rep is providing a placeholder image for <private>
2026-09-14 11:54:20.747 I  PeachCommander[14937:c270] [com.apple.AppKit:Image] ISImage reported a placeholder, image rep is providing a placeholder image for <private>
2026-09-14 11:54:20.747 I  PeachCommander[14937:c30e] [com.apple.iconservices:foundation] layer data size zero
2026-09-14 11:54:20.748 I  PeachCommander[14937:c270] [com.apple.AppKit:Image] ISImage reported a placeholder, image rep is providing a placeholder image for <private>
2026-09-14 11:54:20.748 I  PeachCommander[14937:c270] [com.apple.AppKit:Image] ISImage reported a placeholder, image rep is providing a placeholder image for <private>
2026-09-14 11:54:20.748 I  PeachCommander[14937:c30e] [com.apple.iconservices:foundation] layer data size zero
2026-09-14 11:54:20.750 I  PeachCommander[14937:c270] [com.apple.AppKit:Image] ISImage reported a placeholder, image rep is providing a placeholder image for <private>
2026-09-14 11:54:20.750 I  PeachCommander[14937:c270] [com.apple.AppKit:Image] ISImage reported a placeholder, image rep is providing a placeholder image for <private>
2026-09-14 11:54:20.751 I  PeachCommander[14937:c270] [com.apple.AppKit:Image] ISImage reported a placeholder, image rep is providing a placeholder image for <private>
2026-09-14 11:54:20.751 I  PeachCommander[14937:c270] [com.apple.AppKit:Image] ISImage reported a placeholder, image rep is providing a placeholder image for <private>
2026-09-14 11:54:20.752 I  PeachCommander[14937:c270] [com.apple.AppKit:Image] ISImage reported a placeholder, image rep is providing a placeholder image for <private>
2026-09-14 11:54:20.752 I  PeachCommander[14937:c270] [com.apple.AppKit:Image] ISImage reported a placeholder, image rep is providing a placeholder image for <private>
2026-09-14 11:54:20.752 I  PeachCommander[14937:c30e] [com.apple.iconservices:foundation] layer data size zero
2026-09-14 11:54:20.797 I  PeachCommander[14937:c270] [com.apple.SafariPlatformSupport:SafariPlatformSupport] -[SPSafariPlatformSupport completionListPreferredContentSizeDidUpdate] with size {0, 0}, in window that is visible
2026-09-14 11:54:20.864 I  PeachCommander[14937:c27a] [com.apple.AppKit:WindowTab] Indexing 1 items
2026-09-14 11:54:20.864 A  PeachCommander[14937:c27a] (CoreSpotlight) end-index-batch
2026-09-14 11:54:20.864 A  PeachCommander[14937:c27a] (CoreSpotlight) index-items
2026-09-14 11:54:20.864 Df PeachCommander[14937:c27a] [com.apple.corespotlight:index] CSInlineDonation:<private>: Skipping donation (feature flag disabled)
2026-09-14 11:54:20.865 Df PeachCommander[14937:c27a] [com.apple.corespotlight:index] CSInlineDonation:<private>: Skipping donation (feature flag disabled)
2026-09-14 11:54:21.690 Df PeachCommander[14937:c270] (Foundation) <private>
2026-09-14 11:54:21.690 I  PeachCommander[14937:c270] [com.peachcommander:PCFoundation] [automation] > placeview plugin.terminal.view|default
2026-09-14 11:54:21.690 Df PeachCommander[14937:c270] (Foundation) <private>
2026-09-14 11:54:21.690 Df PeachCommander[14937:c270] (Foundation) <private>
2026-09-14 11:54:21.690 I  PeachCommander[14937:c270] [com.peachcommander:PCFoundation] [automation] > wait 800
2026-09-14 11:54:22.534 Df PeachCommander[14937:c270] (Foundation) <private>
2026-09-14 11:54:22.535 I  PeachCommander[14937:c270] [com.peachcommander:PCFoundation] [automation] > probe /Users/admin/set.txt|mkdir -p ~/pc-cfg/terminal && printf '{\134042panelFollowsTerminal\134042:true}' > ~/pc-cfg/terminal/config.json && cat ~/pc-cfg/terminal/config.json
2026-09-14 11:54:22.610 Df PeachCommander[14937:c270] (Foundation) <private>
2026-09-14 11:54:22.610 I  PeachCommander[14937:c270] [com.peachcommander:PCFoundation] [automation] > wait 800
2026-09-14 11:54:22.925 I  PeachCommander[14937:c270] [com.apple.AppKit:Image] ISImage reported a placeholder, image rep is providing a placeholder image for <private>
2026-09-14 11:54:22.927 I  PeachCommander[14937:c270] [com.apple.AppKit:Image] ISImage reported a placeholder, image rep is providing a placeholder image for <private>
2026-09-14 11:54:22.928 I  PeachCommander[14937:c270] [com.apple.AppKit:Image] ISImage reported a placeholder, image rep is providing a placeholder image for <private>
2026-09-14 11:54:22.929 I  PeachCommander[14937:c270] [com.apple.AppKit:Image] ISImage reported a placeholder, image rep is providing a placeholder image for <private>
2026-09-14 11:54:22.930 I  PeachCommander[14937:c270] [com.apple.AppKit:Image] ISImage reported a placeholder, image rep is providing a placeholder image for <private>
2026-09-14 11:54:22.931 I  PeachCommander[14937:c270] [com.apple.AppKit:Image] ISImage reported a placeholder, image rep is providing a placeholder image for <private>
2026-09-14 11:54:22.932 I  PeachCommander[14937:c270] [com.apple.AppKit:Image] ISImage reported a placeholder, image rep is providing a placeholder image for <private>
2026-09-14 11:54:22.933 I  PeachCommander[14937:c270] [com.apple.AppKit:Image] ISImage reported a placeholder, image rep is providing a placeholder image for <private>
2026-09-14 11:54:22.934 I  PeachCommander[14937:c270] [com.apple.AppKit:Image] ISImage reported a placeholder, image rep is providing a placeholder image for <private>
2026-09-14 11:54:22.935 I  PeachCommander[14937:c270] [com.apple.AppKit:Image] ISImage reported a placeholder, image rep is providing a placeholder image for <private>
2026-09-14 11:54:22.936 I  PeachCommander[14937:c270] [com.apple.AppKit:Image] ISImage reported a placeholder, image rep is providing a placeholder image for <private>
2026-09-14 11:54:22.937 I  PeachCommander[14937:c270] [com.apple.AppKit:Image] ISImage reported a placeholder, image rep is providing a placeholder image for <private>
2026-09-14 11:54:22.938 I  PeachCommander[14937:c270] [com.apple.AppKit:Image] ISImage reported a placeholder, image rep is providing a placeholder image for <private>
2026-09-14 11:54:22.939 I  PeachCommander[14937:c270] [com.apple.AppKit:Image] ISImage reported a placeholder, image rep is providing a placeholder image for <private>
2026-09-14 11:54:22.940 I  PeachCommander[14937:c270] [com.apple.AppKit:Image] ISImage reported a placeholder, image rep is providing a placeholder image for <private>
2026-09-14 11:54:22.941 I  PeachCommander[14937:c270] [com.apple.AppKit:Image] ISImage reported a placeholder, image rep is providing a placeholder image for <private>
2026-09-14 11:54:22.941 I  PeachCommander[14937:c270] [com.apple.AppKit:Image] ISImage reported a placeholder, image rep is providing a placeholder image for <private>
2026-09-14 11:54:22.943 I  PeachCommander[14937:c270] [com.apple.AppKit:Image] ISImage reported a placeholder, image rep is providing a placeholder image for <private>
2026-09-14 11:54:22.943 I  PeachCommander[14937:c270] [com.apple.AppKit:Image] ISImage reported a placeholder, image rep is providing a placeholder image for <private>
2026-09-14 11:54:22.945 I  PeachCommander[14937:c270] [com.apple.AppKit:Image] ISImage reported a placeholder, image rep is providing a placeholder image for <private>
2026-09-14 11:54:22.945 I  PeachCommander[14937:c270] [com.apple.AppKit:Image] ISImage reported a placeholder, image rep is providing a placeholder image for <private>
2026-09-14 11:54:22.947 I  PeachCommander[14937:c270] [com.apple.AppKit:Image] ISImage reported a placeholder, image rep is providing a placeholder image for <private>
2026-09-14 11:54:22.947 I  PeachCommander[14937:c270] [com.apple.AppKit:Image] ISImage reported a placeholder, image rep is providing a placeholder image for <private>
2026-09-14 11:54:22.948 I  PeachCommander[14937:c270] [com.apple.AppKit:Image] ISImage reported a placeholder, image rep is providing a placeholder image for <private>
2026-09-14 11:54:22.948 I  PeachCommander[14937:c270] [com.apple.AppKit:Image] ISImage reported a placeholder, image rep is providing a placeholder image for <private>
2026-09-14 11:54:22.950 I  PeachCommander[14937:c270] [com.apple.AppKit:Image] ISImage reported a placeholder, image rep is providing a placeholder image for <private>
2026-09-14 11:54:22.950 I  PeachCommander[14937:c270] [com.apple.AppKit:Image] ISImage reported a placeholder, image rep is providing a placeholder image for <private>
2026-09-14 11:54:22.951 I  PeachCommander[14937:c270] [com.apple.AppKit:Image] ISImage reported a placeholder, image rep is providing a placeholder image for <private>
2026-09-14 11:54:22.951 I  PeachCommander[14937:c270] [com.apple.AppKit:Image] ISImage reported a placeholder, image rep is providing a placeholder image for <private>
2026-09-14 11:54:22.953 I  PeachCommander[14937:c270] [com.apple.AppKit:Image] ISImage reported a placeholder, image rep is providing a placeholder image for <private>
2026-09-14 11:54:22.953 I  PeachCommander[14937:c270] [com.apple.AppKit:Image] ISImage reported a placeholder, image rep is providing a placeholder image for <private>
2026-09-14 11:54:22.954 I  PeachCommander[14937:c270] [com.apple.AppKit:Image] ISImage reported a placeholder, image rep is providing a placeholder image for <private>
2026-09-14 11:54:22.954 I  PeachCommander[14937:c270] [com.apple.AppKit:Image] ISImage reported a placeholder, image rep is providing a placeholder image for <private>
2026-09-14 11:54:22.955 I  PeachCommander[14937:c270] [com.apple.AppKit:Image] ISImage reported a placeholder, image rep is providing a placeholder image for <private>
2026-09-14 11:54:22.955 I  PeachCommander[14937:c270] [com.apple.AppKit:Image] ISImage reported a placeholder, image rep is providing a placeholder image for <private>
2026-09-14 11:54:22.957 I  PeachCommander[14937:c270] [com.apple.AppKit:Image] ISImage reported a placeholder, image rep is providing a placeholder image for <private>
2026-09-14 11:54:22.957 I  PeachCommander[14937:c270] [com.apple.AppKit:Image] ISImage reported a placeholder, image rep is providing a placeholder image for <private>
2026-09-14 11:54:22.958 I  PeachCommander[14937:c270] [com.apple.AppKit:Image] ISImage reported a placeholder, image rep is providing a placeholder image for <private>
2026-09-14 11:54:22.958 I  PeachCommander[14937:c270] [com.apple.AppKit:Image] ISImage reported a placeholder, image rep is providing a placeholder image for <private>
2026-09-14 11:54:22.959 I  PeachCommander[14937:c270] [com.apple.AppKit:Image] ISImage reported a placeholder, image rep is providing a placeholder image for <private>
2026-09-14 11:54:22.959 I  PeachCommander[14937:c270] [com.apple.AppKit:Image] ISImage reported a placeholder, image rep is providing a placeholder image for <private>
2026-09-14 11:54:22.961 I  PeachCommander[14937:c270] [com.apple.AppKit:Image] ISImage reported a placeholder, image rep is providing a placeholder image for <private>
2026-09-14 11:54:22.961 I  PeachCommander[14937:c270] [com.apple.AppKit:Image] ISImage reported a placeholder, image rep is providing a placeholder image for <private>
2026-09-14 11:54:22.962 I  PeachCommander[14937:c270] [com.apple.AppKit:Image] ISImage reported a placeholder, image rep is providing a placeholder image for <private>
2026-09-14 11:54:22.962 I  PeachCommander[14937:c270] [com.apple.AppKit:Image] ISImage reported a placeholder, image rep is providing a placeholder image for <private>
2026-09-14 11:54:23.015 I  PeachCommander[14937:c270] [com.apple.AppKit:Image] ISImage reported a placeholder, image rep is providing a placeholder image for <private>
2026-09-14 11:54:23.016 I  PeachCommander[14937:c270] [com.apple.AppKit:Image] ISImage reported a placeholder, image rep is providing a placeholder image for <private>
2026-09-14 11:54:23.017 I  PeachCommander[14937:c270] [com.apple.AppKit:Image] ISImage reported a placeholder, image rep is providing a placeholder image for <private>
2026-09-14 11:54:23.017 I  PeachCommander[14937:c270] [com.apple.AppKit:Image] ISImage reported a placeholder, image rep is providing a placeholder image for <private>
2026-09-14 11:54:23.018 I  PeachCommander[14937:c270] [com.apple.AppKit:Image] ISImage reported a placeholder, image rep is providing a placeholder image for <private>
2026-09-14 11:54:23.019 I  PeachCommander[14937:c270] [com.apple.AppKit:Image] ISImage reported a placeholder, image rep is providing a placeholder image for <private>
2026-09-14 11:54:23.019 I  PeachCommander[14937:c270] [com.apple.AppKit:Image] ISImage reported a placeholder, image rep is providing a placeholder image for <private>
2026-09-14 11:54:23.020 I  PeachCommander[14937:c270] [com.apple.AppKit:Image] ISImage reported a placeholder, image rep is providing a placeholder image for <private>
2026-09-14 11:54:23.020 I  PeachCommander[14937:c270] [com.apple.AppKit:Image] ISImage reported a placeholder, image rep is providing a placeholder image for <private>
2026-09-14 11:54:23.021 I  PeachCommander[14937:c270] [com.apple.AppKit:Image] ISImage reported a placeholder, image rep is providing a placeholder image for <private>
2026-09-14 11:54:23.022 I  PeachCommander[14937:c270] [com.apple.AppKit:Image] ISImage reported a placeholder, image rep is providing a placeholder image for <private>
2026-09-14 11:54:23.022 I  PeachCommander[14937:c270] [com.apple.AppKit:Image] ISImage reported a placeholder, image rep is providing a placeholder image for <private>
2026-09-14 11:54:23.023 I  PeachCommander[14937:c270] [com.apple.AppKit:Image] ISImage reported a placeholder, image rep is providing a placeholder image for <private>
2026-09-14 11:54:23.023 I  PeachCommander[14937:c270] [com.apple.AppKit:Image] ISImage reported a placeholder, image rep is providing a placeholder image for <private>
2026-09-14 11:54:23.024 I  PeachCommander[14937:c270] [com.apple.AppKit:Image] ISImage reported a placeholder, image rep is providing a placeholder image for <private>
2026-09-14 11:54:23.024 I  PeachCommander[14937:c270] [com.apple.AppKit:Image] ISImage reported a placeholder, image rep is providing a placeholder image for <private>
2026-09-14 11:54:23.024 I  PeachCommander[14937:c270] [com.apple.AppKit:Image] ISImage reported a placeholder, image rep is providing a placeholder image for <private>
2026-09-14 11:54:23.026 I  PeachCommander[14937:c270] [com.apple.AppKit:Image] ISImage reported a placeholder, image rep is providing a placeholder image for <private>
2026-09-14 11:54:23.026 I  PeachCommander[14937:c270] [com.apple.AppKit:Image] ISImage reported a placeholder, image rep is providing a placeholder image for <private>
2026-09-14 11:54:23.027 I  PeachCommander[14937:c270] [com.apple.AppKit:Image] ISImage reported a placeholder, image rep is providing a placeholder image for <private>
2026-09-14 11:54:23.027 I  PeachCommander[14937:c270] [com.apple.AppKit:Image] ISImage reported a placeholder, image rep is providing a placeholder image for <private>
2026-09-14 11:54:23.028 I  PeachCommander[14937:c270] [com.apple.AppKit:Image] ISImage reported a placeholder, image rep is providing a placeholder image for <private>
2026-09-14 11:54:23.028 I  PeachCommander[14937:c270] [com.apple.AppKit:Image] ISImage reported a placeholder, image rep is providing a placeholder image for <private>
2026-09-14 11:54:23.029 I  PeachCommander[14937:c270] [com.apple.AppKit:Image] ISImage reported a placeholder, image rep is providing a placeholder image for <private>
2026-09-14 11:54:23.029 I  PeachCommander[14937:c270] [com.apple.AppKit:Image] ISImage reported a placeholder, image rep is providing a placeholder image for <private>
2026-09-14 11:54:23.030 I  PeachCommander[14937:c270] [com.apple.AppKit:Image] ISImage reported a placeholder, image rep is providing a placeholder image for <private>
2026-09-14 11:54:23.030 I  PeachCommander[14937:c270] [com.apple.AppKit:Image] ISImage reported a placeholder, image rep is providing a placeholder image for <private>
2026-09-14 11:54:23.031 I  PeachCommander[14937:c270] [com.apple.AppKit:Image] ISImage reported a placeholder, image rep is providing a placeholder image for <private>
2026-09-14 11:54:23.031 I  PeachCommander[14937:c270] [com.apple.AppKit:Image] ISImage reported a placeholder, image rep is providing a placeholder image for <private>
2026-09-14 11:54:23.032 I  PeachCommander[14937:c270] [com.apple.AppKit:Image] ISImage reported a placeholder, image rep is providing a placeholder image for <private>
2026-09-14 11:54:23.032 I  PeachCommander[14937:c270] [com.apple.AppKit:Image] ISImage reported a placeholder, image rep is providing a placeholder image for <private>
2026-09-14 11:54:23.033 I  PeachCommander[14937:c270] [com.apple.AppKit:Image] ISImage reported a placeholder, image rep is providing a placeholder image for <private>
2026-09-14 11:54:23.033 I  PeachCommander[14937:c270] [com.apple.AppKit:Image] ISImage reported a placeholder, image rep is providing a placeholder image for <private>
2026-09-14 11:54:23.034 I  PeachCommander[14937:c270] [com.apple.AppKit:Image] ISImage reported a placeholder, image rep is providing a placeholder image for <private>
2026-09-14 11:54:23.034 I  PeachCommander[14937:c270] [com.apple.AppKit:Image] ISImage reported a placeholder, image rep is providing a placeholder image for <private>
2026-09-14 11:54:23.035 I  PeachCommander[14937:c270] [com.apple.AppKit:Image] ISImage reported a placeholder, image rep is providing a placeholder image for <private>
2026-09-14 11:54:23.035 I  PeachCommander[14937:c270] [com.apple.AppKit:Image] ISImage reported a placeholder, image rep is providing a placeholder image for <private>
2026-09-14 11:54:23.036 I  PeachCommander[14937:c270] [com.apple.AppKit:Image] ISImage reported a placeholder, image rep is providing a placeholder image for <private>
2026-09-14 11:54:23.036 I  PeachCommander[14937:c270] [com.apple.AppKit:Image] ISImage reported a placeholder, image rep is providing a placeholder image for <private>
2026-09-14 11:54:23.037 I  PeachCommander[14937:c270] [com.apple.AppKit:Image] ISImage reported a placeholder, image rep is providing a placeholder image for <private>
2026-09-14 11:54:23.037 I  PeachCommander[14937:c270] [com.apple.AppKit:Image] ISImage reported a placeholder, image rep is providing a placeholder image for <private>
2026-09-14 11:54:23.038 I  PeachCommander[14937:c270] [com.apple.AppKit:Image] ISImage reported a placeholder, image rep is providing a placeholder image for <private>
2026-09-14 11:54:23.038 I  PeachCommander[14937:c270] [com.apple.AppKit:Image] ISImage reported a placeholder, image rep is providing a placeholder image for <private>
2026-09-14 11:54:23.039 I  PeachCommander[14937:c270] [com.apple.AppKit:Image] ISImage reported a placeholder, image rep is providing a placeholder image for <private>
2026-09-14 11:54:23.039 I  PeachCommander[14937:c270] [com.apple.AppKit:Image] ISImage reported a placeholder, image rep is providing a placeholder image for <private>
2026-09-14 11:54:23.465 Df PeachCommander[14937:c270] (Foundation) <private>
2026-09-14 11:54:23.465 I  PeachCommander[14937:c270] [com.peachcommander:PCFoundation] [automation] > dock on
2026-09-14 11:54:23.466 Df PeachCommander[14937:c270] (Foundation) <private>
2026-09-14 11:54:23.466 I  PeachCommander[14937:c270] [com.peachcommander:PCFoundation] [automation] > wait 3500
2026-09-14 11:54:23.467 Df PeachCommander[14937:c279] [com.apple.xpc:connection] [0x9d4789400] activating connection: mach=false listener=false peer=false name=com.apple.TextInputUI.xpc.CursorUIViewService
2026-09-14 11:54:23.467 Df PeachCommander[14937:c27a] [com.apple.xpc:connection] [0x9d4789400] invalidated after the last release of the connection object
2026-09-14 11:54:23.467 Df PeachCommander[14937:c270] [com.apple.xpc:connection] [0x9d4789540] activating connection: mach=false listener=false peer=false name=(anonymous)
2026-09-14 11:54:23.467 Df PeachCommander[14937:c270] [com.apple.xpc:connection] [0x9d4789400] activating connection: mach=false listener=false peer=false name=(anonymous)
2026-09-14 11:54:23.477 Df PeachCommander[14937:c270] [com.apple.TextInputUI:CursorUI] -[TUINSCursorUIController activate:]_block_invoke: Create CursorUIViewService: TUINSRemoteViewController
2026-09-14 11:54:23.477 Df PeachCommander[14937:c270] [com.apple.xpc:connection] [0x9d4788b40] invalidated because the current process cancelled the connection by calling xpc_connection_cancel()
2026-09-14 11:54:23.477 Df PeachCommander[14937:c270] [com.apple.xpc:connection] [0x9d4788a00] invalidated because the current process cancelled the connection by calling xpc_connection_cancel()
2026-09-14 11:54:23.477 E  PeachCommander[14937:c270] [com.apple.TextInputUI:CursorUI] ViewBridge to RemoteViewService Terminated: Error Domain=com.apple.ViewBridge Code=18 UserInfo={com.apple.ViewBridge.error.hint=this process disconnected remote view controller -- benign unless unexpected, com.apple.ViewBridge.error.description=NSViewBridgeErrorCanceled}
2026-09-14 11:54:23.570 I  PeachCommander[14937:c270] [com.apple.SafariPlatformSupport:SafariPlatformSupport] -[SFSafariPlatformSupport credentialSelected:] with nil credential
2026-09-14 11:54:23.570 I  PeachCommander[14937:c270] [com.apple.SafariPlatformSupport:SafariPlatformSupport] -[SFSafariPlatformSupport oneTimeCodeSelected:] with nil code
2026-09-14 11:54:27.200 Df PeachCommander[14937:c270] (Foundation) <private>
2026-09-14 11:54:27.200 I  PeachCommander[14937:c270] [com.peachcommander:PCFoundation] [automation] > panelsdump /Users/admin/follow-before.txt
2026-09-14 11:54:27.201 Df PeachCommander[14937:c270] (Foundation) <private>
2026-09-14 11:54:27.201 I  PeachCommander[14937:c270] [com.peachcommander:PCFoundation] [automation] > wait 300
2026-09-14 11:54:27.229 I  PeachCommander[14937:c270] [com.apple.AppKit:Image] ISImage reported a placeholder, image rep is providing a placeholder image for <private>
2026-09-14 11:54:27.230 I  PeachCommander[14937:c270] [com.apple.AppKit:Image] ISImage reported a placeholder, image rep is providing a placeholder image for <private>
2026-09-14 11:54:27.230 I  PeachCommander[14937:c270] [com.apple.AppKit:Image] ISImage reported a placeholder, image rep is providing a placeholder image for <private>
2026-09-14 11:54:27.231 I  PeachCommander[14937:c270] [com.apple.AppKit:Image] ISImage reported a placeholder, image rep is providing a placeholder image for <private>
2026-09-14 11:54:27.232 I  PeachCommander[14937:c270] [com.apple.AppKit:Image] ISImage reported a placeholder, image rep is providing a placeholder image for <private>
2026-09-14 11:54:27.233 I  PeachCommander[14937:c270] [com.apple.AppKit:Image] ISImage reported a placeholder, image rep is providing a placeholder image for <private>
2026-09-14 11:54:27.234 I  PeachCommander[14937:c270] [com.apple.AppKit:Image] ISImage reported a placeholder, image rep is providing a placeholder image for <private>
2026-09-14 11:54:27.235 I  PeachCommander[14937:c270] [com.apple.AppKit:Image] ISImage reported a placeholder, image rep is providing a placeholder image for <private>
2026-09-14 11:54:27.235 I  PeachCommander[14937:c270] [com.apple.AppKit:Image] ISImage reported a placeholder, image rep is providing a placeholder image for <private>
2026-09-14 11:54:27.236 I  PeachCommander[14937:c270] [com.apple.AppKit:Image] ISImage reported a placeholder, image rep is providing a placeholder image for <private>
2026-09-14 11:54:27.237 I  PeachCommander[14937:c270] [com.apple.AppKit:Image] ISImage reported a placeholder, image rep is providing a placeholder image for <private>
2026-09-14 11:54:27.238 I  PeachCommander[14937:c270] [com.apple.AppKit:Image] ISImage reported a placeholder, image rep is providing a placeholder image for <private>
2026-09-14 11:54:27.239 I  PeachCommander[14937:c270] [com.apple.AppKit:Image] ISImage reported a placeholder, image rep is providing a placeholder image for <private>
2026-09-14 11:54:27.240 I  PeachCommander[14937:c270] [com.apple.AppKit:Image] ISImage reported a placeholder, image rep is providing a placeholder image for <private>
2026-09-14 11:54:27.240 I  PeachCommander[14937:c270] [com.apple.AppKit:Image] ISImage reported a placeholder, image rep is providing a placeholder image for <private>
2026-09-14 11:54:27.241 I  PeachCommander[14937:c270] [com.apple.AppKit:Image] ISImage reported a placeholder, image rep is providing a placeholder image for <private>
2026-09-14 11:54:27.241 I  PeachCommander[14937:c270] [com.apple.AppKit:Image] ISImage reported a placeholder, image rep is providing a placeholder image for <private>
2026-09-14 11:54:27.243 I  PeachCommander[14937:c270] [com.apple.AppKit:Image] ISImage reported a placeholder, image rep is providing a placeholder image for <private>
2026-09-14 11:54:27.243 I  PeachCommander[14937:c270] [com.apple.AppKit:Image] ISImage reported a placeholder, image rep is providing a placeholder image for <private>
2026-09-14 11:54:27.244 I  PeachCommander[14937:c270] [com.apple.AppKit:Image] ISImage reported a placeholder, image rep is providing a placeholder image for <private>
2026-09-14 11:54:27.244 I  PeachCommander[14937:c270] [com.apple.AppKit:Image] ISImage reported a placeholder, image rep is providing a placeholder image for <private>
2026-09-14 11:54:27.246 I  PeachCommander[14937:c270] [com.apple.AppKit:Image] ISImage reported a placeholder, image rep is providing a placeholder image for <private>
2026-09-14 11:54:27.246 I  PeachCommander[14937:c270] [com.apple.AppKit:Image] ISImage reported a placeholder, image rep is providing a placeholder image for <private>
2026-09-14 11:54:27.247 I  PeachCommander[14937:c270] [com.apple.AppKit:Image] ISImage reported a placeholder, image rep is providing a placeholder image for <private>
2026-09-14 11:54:27.247 I  PeachCommander[14937:c270] [com.apple.AppKit:Image] ISImage reported a placeholder, image rep is providing a placeholder image for <private>
2026-09-14 11:54:27.249 I  PeachCommander[14937:c270] [com.apple.AppKit:Image] ISImage reported a placeholder, image rep is providing a placeholder image for <private>
2026-09-14 11:54:27.249 I  PeachCommander[14937:c270] [com.apple.AppKit:Image] ISImage reported a placeholder, image rep is providing a placeholder image for <private>
2026-09-14 11:54:27.250 I  PeachCommander[14937:c270] [com.apple.AppKit:Image] ISImage reported a placeholder, image rep is providing a placeholder image for <private>
2026-09-14 11:54:27.250 I  PeachCommander[14937:c270] [com.apple.AppKit:Image] ISImage reported a placeholder, image rep is providing a placeholder image for <private>
2026-09-14 11:54:27.251 I  PeachCommander[14937:c270] [com.apple.AppKit:Image] ISImage reported a placeholder, image rep is providing a placeholder image for <private>
2026-09-14 11:54:27.251 I  PeachCommander[14937:c270] [com.apple.AppKit:Image] ISImage reported a placeholder, image rep is providing a placeholder image for <private>
2026-09-14 11:54:27.253 I  PeachCommander[14937:c270] [com.apple.AppKit:Image] ISImage reported a placeholder, image rep is providing a placeholder image for <private>
2026-09-14 11:54:27.253 I  PeachCommander[14937:c270] [com.apple.AppKit:Image] ISImage reported a placeholder, image rep is providing a placeholder image for <private>
2026-09-14 11:54:27.254 I  PeachCommander[14937:c270] [com.apple.AppKit:Image] ISImage reported a placeholder, image rep is providing a placeholder image for <private>
2026-09-14 11:54:27.254 I  PeachCommander[14937:c270] [com.apple.AppKit:Image] ISImage reported a placeholder, image rep is providing a placeholder image for <private>
2026-09-14 11:54:27.255 I  PeachCommander[14937:c270] [com.apple.AppKit:Image] ISImage reported a placeholder, image rep is providing a placeholder image for <private>
2026-09-14 11:54:27.255 I  PeachCommander[14937:c270] [com.apple.AppKit:Image] ISImage reported a placeholder, image rep is providing a placeholder image for <private>
2026-09-14 11:54:27.257 I  PeachCommander[14937:c270] [com.apple.AppKit:Image] ISImage reported a placeholder, image rep is providing a placeholder image for <private>
2026-09-14 11:54:27.257 I  PeachCommander[14937:c270] [com.apple.AppKit:Image] ISImage reported a placeholder, image rep is providing a placeholder image for <private>
2026-09-14 11:54:27.258 I  PeachCommander[14937:c270] [com.apple.AppKit:Image] ISImage reported a placeholder, image rep is providing a placeholder image for <private>
2026-09-14 11:54:27.258 I  PeachCommander[14937:c270] [com.apple.AppKit:Image] ISImage reported a placeholder, image rep is providing a placeholder image for <private>
2026-09-14 11:54:27.260 I  PeachCommander[14937:c270] [com.apple.AppKit:Image] ISImage reported a placeholder, image rep is providing a placeholder image for <private>
2026-09-14 11:54:27.260 I  PeachCommander[14937:c270] [com.apple.AppKit:Image] ISImage reported a placeholder, image rep is providing a placeholder image for <private>
2026-09-14 11:54:27.261 I  PeachCommander[14937:c270] [com.apple.AppKit:Image] ISImage reported a placeholder, image rep is providing a placeholder image for <private>
2026-09-14 11:54:27.261 I  PeachCommander[14937:c270] [com.apple.AppKit:Image] ISImage reported a placeholder, image rep is providing a placeholder image for <private>
2026-09-14 11:54:27.318 I  PeachCommander[14937:c270] [com.apple.AppKit:Image] ISImage reported a placeholder, image rep is providing a placeholder image for <private>
2026-09-14 11:54:27.319 I  PeachCommander[14937:c270] [com.apple.AppKit:Image] ISImage reported a placeholder, image rep is providing a placeholder image for <private>
2026-09-14 11:54:27.319 I  PeachCommander[14937:c270] [com.apple.AppKit:Image] ISImage reported a placeholder, image rep is providing a placeholder image for <private>
2026-09-14 11:54:27.320 I  PeachCommander[14937:c270] [com.apple.AppKit:Image] ISImage reported a placeholder, image rep is providing a placeholder image for <private>
2026-09-14 11:54:27.321 I  PeachCommander[14937:c270] [com.apple.AppKit:Image] ISImage reported a placeholder, image rep is providing a placeholder image for <private>
2026-09-14 11:54:27.321 I  PeachCommander[14937:c270] [com.apple.AppKit:Image] ISImage reported a placeholder, image rep is providing a placeholder image for <private>
2026-09-14 11:54:27.322 I  PeachCommander[14937:c270] [com.apple.AppKit:Image] ISImage reported a placeholder, image rep is providing a placeholder image for <private>
2026-09-14 11:54:27.322 I  PeachCommander[14937:c270] [com.apple.AppKit:Image] ISImage reported a placeholder, image rep is providing a placeholder image for <private>
2026-09-14 11:54:27.323 I  PeachCommander[14937:c270] [com.apple.AppKit:Image] ISImage reported a placeholder, image rep is providing a placeholder image for <private>
2026-09-14 11:54:27.324 I  PeachCommander[14937:c270] [com.apple.AppKit:Image] ISImage reported a placeholder, image rep is providing a placeholder image for <private>
2026-09-14 11:54:27.324 I  PeachCommander[14937:c270] [com.apple.AppKit:Image] ISImage reported a placeholder, image rep is providing a placeholder image for <private>
2026-09-14 11:54:27.325 I  PeachCommander[14937:c270] [com.apple.AppKit:Image] ISImage reported a placeholder, image rep is providing a placeholder image for <private>
2026-09-14 11:54:27.326 I  PeachCommander[14937:c270] [com.apple.AppKit:Image] ISImage reported a placeholder, image rep is providing a placeholder image for <private>
2026-09-14 11:54:27.327 I  PeachCommander[14937:c270] [com.apple.AppKit:Image] ISImage reported a placeholder, image rep is providing a placeholder image for <private>
2026-09-14 11:54:27.328 I  PeachCommander[14937:c270] [com.apple.AppKit:Image] ISImage reported a placeholder, image rep is providing a placeholder image for <private>
2026-09-14 11:54:27.328 I  PeachCommander[14937:c270] [com.apple.AppKit:Image] ISImage reported a placeholder, image rep is providing a placeholder image for <private>
2026-09-14 11:54:27.328 I  PeachCommander[14937:c270] [com.apple.AppKit:Image] ISImage reported a placeholder, image rep is providing a placeholder image for <private>
2026-09-14 11:54:27.329 I  PeachCommander[14937:c270] [com.apple.AppKit:Image] ISImage reported a placeholder, image rep is providing a placeholder image for <private>
2026-09-14 11:54:27.329 I  PeachCommander[14937:c270] [com.apple.AppKit:Image] ISImage reported a placeholder, image rep is providing a placeholder image for <private>
2026-09-14 11:54:27.330 I  PeachCommander[14937:c270] [com.apple.AppKit:Image] ISImage reported a placeholder, image rep is providing a placeholder image for <private>
2026-09-14 11:54:27.330 I  PeachCommander[14937:c270] [com.apple.AppKit:Image] ISImage reported a placeholder, image rep is providing a placeholder image for <private>
2026-09-14 11:54:27.331 I  PeachCommander[14937:c270] [com.apple.AppKit:Image] ISImage reported a placeholder, image rep is providing a placeholder image for <private>
2026-09-14 11:54:27.331 I  PeachCommander[14937:c270] [com.apple.AppKit:Image] ISImage reported a placeholder, image rep is providing a placeholder image for <private>
2026-09-14 11:54:27.332 I  PeachCommander[14937:c270] [com.apple.AppKit:Image] ISImage reported a placeholder, image rep is providing a placeholder image for <private>
2026-09-14 11:54:27.332 I  PeachCommander[14937:c270] [com.apple.AppKit:Image] ISImage reported a placeholder, image rep is providing a placeholder image for <private>
2026-09-14 11:54:27.334 I  PeachCommander[14937:c270] [com.apple.AppKit:Image] ISImage reported a placeholder, image rep is providing a placeholder image for <private>
2026-09-14 11:54:27.334 I  PeachCommander[14937:c270] [com.apple.AppKit:Image] ISImage reported a placeholder, image rep is providing a placeholder image for <private>
2026-09-14 11:54:27.335 I  PeachCommander[14937:c270] [com.apple.AppKit:Image] ISImage reported a placeholder, image rep is providing a placeholder image for <private>
2026-09-14 11:54:27.335 I  PeachCommander[14937:c270] [com.apple.AppKit:Image] ISImage reported a placeholder, image rep is providing a placeholder image for <private>
2026-09-14 11:54:27.336 I  PeachCommander[14937:c270] [com.apple.AppKit:Image] ISImage reported a placeholder, image rep is providing a placeholder image for <private>
2026-09-14 11:54:27.336 I  PeachCommander[14937:c270] [com.apple.AppKit:Image] ISImage reported a placeholder, image rep is providing a placeholder image for <private>
2026-09-14 11:54:27.337 I  PeachCommander[14937:c270] [com.apple.AppKit:Image] ISImage reported a placeholder, image rep is providing a placeholder image for <private>
2026-09-14 11:54:27.337 I  PeachCommander[14937:c270] [com.apple.AppKit:Image] ISImage reported a placeholder, image rep is providing a placeholder image for <private>
2026-09-14 11:54:27.338 I  PeachCommander[14937:c270] [com.apple.AppKit:Image] ISImage reported a placeholder, image rep is providing a placeholder image for <private>
2026-09-14 11:54:27.338 I  PeachCommander[14937:c270] [com.apple.AppKit:Image] ISImage reported a placeholder, image rep is providing a placeholder image for <private>
2026-09-14 11:54:27.339 I  PeachCommander[14937:c270] [com.apple.AppKit:Image] ISImage reported a placeholder, image rep is providing a placeholder image for <private>
2026-09-14 11:54:27.339 I  PeachCommander[14937:c270] [com.apple.AppKit:Image] ISImage reported a placeholder, image rep is providing a placeholder image for <private>
2026-09-14 11:54:27.340 I  PeachCommander[14937:c270] [com.apple.AppKit:Image] ISImage reported a placeholder, image rep is providing a placeholder image for <private>
2026-09-14 11:54:27.340 I  PeachCommander[14937:c270] [com.apple.AppKit:Image] ISImage reported a placeholder, image rep is providing a placeholder image for <private>
2026-09-14 11:54:27.341 I  PeachCommander[14937:c270] [com.apple.AppKit:Image] ISImage reported a placeholder, image rep is providing a placeholder image for <private>
2026-09-14 11:54:27.341 I  PeachCommander[14937:c270] [com.apple.AppKit:Image] ISImage reported a placeholder, image rep is providing a placeholder image for <private>
2026-09-14 11:54:27.343 I  PeachCommander[14937:c270] [com.apple.AppKit:Image] ISImage reported a placeholder, image rep is providing a placeholder image for <private>
2026-09-14 11:54:27.343 I  PeachCommander[14937:c270] [com.apple.AppKit:Image] ISImage reported a placeholder, image rep is providing a placeholder image for <private>
2026-09-14 11:54:27.344 I  PeachCommander[14937:c270] [com.apple.AppKit:Image] ISImage reported a placeholder, image rep is providing a placeholder image for <private>
2026-09-14 11:54:27.344 I  PeachCommander[14937:c270] [com.apple.AppKit:Image] ISImage reported a placeholder, image rep is providing a placeholder image for <private>
2026-09-14 11:54:27.523 Df PeachCommander[14937:c270] (Foundation) <private>
2026-09-14 11:54:27.523 I  PeachCommander[14937:c270] [com.peachcommander:PCFoundation] [automation] > termsend plugin.terminal.view|cd /usr/lib\134n
2026-09-14 11:54:27.523 Df PeachCommander[14937:c270] (Foundation) <private>
2026-09-14 11:54:27.523 Df PeachCommander[14937:c270] (Foundation) <private>
2026-09-14 11:54:27.523 I  PeachCommander[14937:c270] [com.peachcommander:PCFoundation] [automation] > wait 2500
2026-09-14 11:54:27.535 Df PeachCommander[14937:c30d] (CoreVideo) Pixel format registry initialized. Constant classes enabled.
2026-09-14 11:54:27.550 I  PeachCommander[14937:c270] [com.apple.AppKit:Image] ISImage reported a placeholder, image rep is providing a placeholder image for <private>
2026-09-14 11:54:27.551 I  PeachCommander[14937:c270] [com.apple.AppKit:Image] ISImage reported a placeholder, image rep is providing a placeholder image for <private>
2026-09-14 11:54:27.552 I  PeachCommander[14937:c270] [com.apple.AppKit:Image] ISImage reported a placeholder, image rep is providing a placeholder image for <private>
2026-09-14 11:54:27.553 I  PeachCommander[14937:c270] [com.apple.AppKit:Image] ISImage reported a placeholder, image rep is providing a placeholder image for <private>
2026-09-14 11:54:27.553 I  PeachCommander[14937:c270] [com.apple.AppKit:Image] ISImage reported a placeholder, image rep is providing a placeholder image for <private>
2026-09-14 11:54:27.554 I  PeachCommander[14937:c270] [com.apple.AppKit:Image] ISImage reported a placeholder, image rep is providing a placeholder image for <private>
2026-09-14 11:54:27.555 I  PeachCommander[14937:c270] [com.apple.AppKit:Image] ISImage reported a placeholder, image rep is providing a placeholder image for <private>
2026-09-14 11:54:27.556 I  PeachCommander[14937:c270] [com.apple.AppKit:Image] ISImage reported a placeholder, image rep is providing a placeholder image for <private>
2026-09-14 11:54:27.556 I  PeachCommander[14937:c270] [com.apple.AppKit:Image] ISImage reported a placeholder, image rep is providing a placeholder image for <private>
2026-09-14 11:54:27.557 I  PeachCommander[14937:c270] [com.apple.AppKit:Image] ISImage reported a placeholder, image rep is providing a placeholder image for <private>
2026-09-14 11:54:27.558 I  PeachCommander[14937:c270] [com.apple.AppKit:Image] ISImage reported a placeholder, image rep is providing a placeholder image for <private>
2026-09-14 11:54:27.558 I  PeachCommander[14937:c270] [com.apple.AppKit:Image] ISImage reported a placeholder, image rep is providing a placeholder image for <private>
2026-09-14 11:54:27.559 I  PeachCommander[14937:c270] [com.apple.AppKit:Image] ISImage reported a placeholder, image rep is providing a placeholder image for <private>
2026-09-14 11:54:27.560 I  PeachCommander[14937:c270] [com.apple.AppKit:Image] ISImage reported a placeholder, image rep is providing a placeholder image for <private>
2026-09-14 11:54:27.561 I  PeachCommander[14937:c270] [com.apple.AppKit:Image] ISImage reported a placeholder, image rep is providing a placeholder image for <private>
2026-09-14 11:54:27.561 I  PeachCommander[14937:c270] [com.apple.AppKit:Image] ISImage reported a placeholder, image rep is providing a placeholder image for <private>
2026-09-14 11:54:27.561 I  PeachCommander[14937:c270] [com.apple.AppKit:Image] ISImage reported a placeholder, image rep is providing a placeholder image for <private>
2026-09-14 11:54:27.563 I  PeachCommander[14937:c270] [com.apple.AppKit:Image] ISImage reported a placeholder, image rep is providing a placeholder image for <private>
2026-09-14 11:54:27.563 I  PeachCommander[14937:c270] [com.apple.AppKit:Image] ISImage reported a placeholder, image rep is providing a placeholder image for <private>
2026-09-14 11:54:27.564 I  PeachCommander[14937:c270] [com.apple.AppKit:Image] ISImage reported a placeholder, image rep is providing a placeholder image for <private>
2026-09-14 11:54:27.564 I  PeachCommander[14937:c270] [com.apple.AppKit:Image] ISImage reported a placeholder, image rep is providing a placeholder image for <private>
2026-09-14 11:54:27.565 I  PeachCommander[14937:c270] [com.apple.AppKit:Image] ISImage reported a placeholder, image rep is providing a placeholder image for <private>
2026-09-14 11:54:27.565 I  PeachCommander[14937:c270] [com.apple.AppKit:Image] ISImage reported a placeholder, image rep is providing a placeholder image for <private>
2026-09-14 11:54:27.566 I  PeachCommander[14937:c270] [com.apple.AppKit:Image] ISImage reported a placeholder, image rep is providing a placeholder image for <private>
2026-09-14 11:54:27.566 I  PeachCommander[14937:c270] [com.apple.AppKit:Image] ISImage reported a placeholder, image rep is providing a placeholder image for <private>
2026-09-14 11:54:27.568 I  PeachCommander[14937:c270] [com.apple.AppKit:Image] ISImage reported a placeholder, image rep is providing a placeholder image for <private>
2026-09-14 11:54:27.568 I  PeachCommander[14937:c270] [com.apple.AppKit:Image] ISImage reported a placeholder, image rep is providing a placeholder image for <private>
2026-09-14 11:54:27.569 I  PeachCommander[14937:c270] [com.apple.AppKit:Image] ISImage reported a placeholder, image rep is providing a placeholder image for <private>
2026-09-14 11:54:27.569 I  PeachCommander[14937:c270] [com.apple.AppKit:Image] ISImage reported a placeholder, image rep is providing a placeholder image for <private>
2026-09-14 11:54:27.570 I  PeachCommander[14937:c270] [com.apple.AppKit:Image] ISImage reported a placeholder, image rep is providing a placeholder image for <private>
2026-09-14 11:54:27.570 I  PeachCommander[14937:c270] [com.apple.AppKit:Image] ISImage reported a placeholder, image rep is providing a placeholder image for <private>
2026-09-14 11:54:27.571 I  PeachCommander[14937:c270] [com.apple.AppKit:Image] ISImage reported a placeholder, image rep is providing a placeholder image for <private>
2026-09-14 11:54:27.571 I  PeachCommander[14937:c270] [com.apple.AppKit:Image] ISImage reported a placeholder, image rep is providing a placeholder image for <private>
2026-09-14 11:54:27.572 I  PeachCommander[14937:c270] [com.apple.AppKit:Image] ISImage reported a placeholder, image rep is providing a placeholder image for <private>
2026-09-14 11:54:27.572 I  PeachCommander[14937:c270] [com.apple.AppKit:Image] ISImage reported a placeholder, image rep is providing a placeholder image for <private>
2026-09-14 11:54:27.573 I  PeachCommander[14937:c270] [com.apple.AppKit:Image] ISImage reported a placeholder, image rep is providing a placeholder image for <private>
2026-09-14 11:54:27.573 I  PeachCommander[14937:c270] [com.apple.AppKit:Image] ISImage reported a placeholder, image rep is providing a placeholder image for <private>
2026-09-14 11:54:27.575 I  PeachCommander[14937:c270] [com.apple.AppKit:Image] ISImage reported a placeholder, image rep is providing a placeholder image for <private>
2026-09-14 11:54:27.575 I  PeachCommander[14937:c270] [com.apple.AppKit:Image] ISImage reported a placeholder, image rep is providing a placeholder image for <private>
2026-09-14 11:54:27.576 I  PeachCommander[14937:c270] [com.apple.AppKit:Image] ISImage reported a placeholder, image rep is providing a placeholder image for <private>
2026-09-14 11:54:27.576 I  PeachCommander[14937:c270] [com.apple.AppKit:Image] ISImage reported a placeholder, image rep is providing a placeholder image for <private>
2026-09-14 11:54:27.577 I  PeachCommander[14937:c270] [com.apple.AppKit:Image] ISImage reported a placeholder, image rep is providing a placeholder image for <private>
2026-09-14 11:54:27.577 I  PeachCommander[14937:c270] [com.apple.AppKit:Image] ISImage reported a placeholder, image rep is providing a placeholder image for <private>
2026-09-14 11:54:27.578 I  PeachCommander[14937:c270] [com.apple.AppKit:Image] ISImage reported a placeholder, image rep is providing a placeholder image for <private>
2026-09-14 11:54:27.578 I  PeachCommander[14937:c270] [com.apple.AppKit:Image] ISImage reported a placeholder, image rep is providing a placeholder image for <private>
2026-09-14 11:54:28.067 I  PeachCommander[14937:c270] [com.apple.AppKit:Image] ISImage reported a placeholder, image rep is providing a placeholder image for <private>
2026-09-14 11:54:28.068 I  PeachCommander[14937:c270] [com.apple.AppKit:Image] ISImage reported a placeholder, image rep is providing a placeholder image for <private>
2026-09-14 11:54:28.069 I  PeachCommander[14937:c270] [com.apple.AppKit:Image] ISImage reported a placeholder, image rep is providing a placeholder image for <private>
2026-09-14 11:54:28.070 I  PeachCommander[14937:c270] [com.apple.AppKit:Image] ISImage reported a placeholder, image rep is providing a placeholder image for <private>
2026-09-14 11:54:28.071 I  PeachCommander[14937:c270] [com.apple.AppKit:Image] ISImage reported a placeholder, image rep is providing a placeholder image for <private>
2026-09-14 11:54:28.072 I  PeachCommander[14937:c270] [com.apple.AppKit:Image] ISImage reported a placeholder, image rep is providing a placeholder image for <private>
2026-09-14 11:54:28.073 I  PeachCommander[14937:c270] [com.apple.AppKit:Image] ISImage reported a placeholder, image rep is providing a placeholder image for <private>
2026-09-14 11:54:28.075 I  PeachCommander[14937:c270] [com.apple.AppKit:Image] ISImage reported a placeholder, image rep is providing a placeholder image for <private>
2026-09-14 11:54:28.076 I  PeachCommander[14937:c270] [com.apple.AppKit:Image] ISImage reported a placeholder, image rep is providing a placeholder image for <private>
2026-09-14 11:54:28.077 I  PeachCommander[14937:c270] [com.apple.AppKit:Image] ISImage reported a placeholder, image rep is providing a placeholder image for <private>
2026-09-14 11:54:28.078 I  PeachCommander[14937:c270] [com.apple.AppKit:Image] ISImage reported a placeholder, image rep is providing a placeholder image for <private>
2026-09-14 11:54:28.079 I  PeachCommander[14937:c270] [com.apple.AppKit:Image] ISImage reported a placeholder, image rep is providing a placeholder image for <private>
2026-09-14 11:54:28.080 I  PeachCommander[14937:c270] [com.apple.AppKit:Image] ISImage reported a placeholder, image rep is providing a placeholder image for <private>
2026-09-14 11:54:28.081 I  PeachCommander[14937:c270] [com.apple.AppKit:Image] ISImage reported a placeholder, image rep is providing a placeholder image for <private>
2026-09-14 11:54:28.082 I  PeachCommander[14937:c270] [com.apple.AppKit:Image] ISImage reported a placeholder, image rep is providing a placeholder image for <private>
2026-09-14 11:54:28.083 I  PeachCommander[14937:c270] [com.apple.AppKit:Image] ISImage reported a placeholder, image rep is providing a placeholder image for <private>
2026-09-14 11:54:28.083 I  PeachCommander[14937:c270] [com.apple.AppKit:Image] ISImage reported a placeholder, image rep is providing a placeholder image for <private>
2026-09-14 11:54:28.084 I  PeachCommander[14937:c270] [com.apple.AppKit:Image] ISImage reported a placeholder, image rep is providing a placeholder image for <private>
2026-09-14 11:54:28.084 I  PeachCommander[14937:c270] [com.apple.AppKit:Image] ISImage reported a placeholder, image rep is providing a placeholder image for <private>
2026-09-14 11:54:28.086 I  PeachCommander[14937:c270] [com.apple.AppKit:Image] ISImage reported a placeholder, image rep is providing a placeholder image for <private>
2026-09-14 11:54:28.086 I  PeachCommander[14937:c270] [com.apple.AppKit:Image] ISImage reported a placeholder, image rep is providing a placeholder image for <private>
2026-09-14 11:54:28.087 I  PeachCommander[14937:c270] [com.apple.AppKit:Image] ISImage reported a placeholder, image rep is providing a placeholder image for <private>
2026-09-14 11:54:28.087 I  PeachCommander[14937:c270] [com.apple.AppKit:Image] ISImage reported a placeholder, image rep is providing a placeholder image for <private>
2026-09-14 11:54:28.088 I  PeachCommander[14937:c270] [com.apple.AppKit:Image] ISImage reported a placeholder, image rep is providing a placeholder image for <private>
2026-09-14 11:54:28.088 I  PeachCommander[14937:c270] [com.apple.AppKit:Image] ISImage reported a placeholder, image rep is providing a placeholder image for <private>
2026-09-14 11:54:28.090 I  PeachCommander[14937:c270] [com.apple.AppKit:Image] ISImage reported a placeholder, image rep is providing a placeholder image for <private>
2026-09-14 11:54:28.090 I  PeachCommander[14937:c270] [com.apple.AppKit:Image] ISImage reported a placeholder, image rep is providing a placeholder image for <private>
2026-09-14 11:54:28.091 I  PeachCommander[14937:c270] [com.apple.AppKit:Image] ISImage reported a placeholder, image rep is providing a placeholder image for <private>
2026-09-14 11:54:28.091 I  PeachCommander[14937:c270] [com.apple.AppKit:Image] ISImage reported a placeholder, image rep is providing a placeholder image for <private>
2026-09-14 11:54:28.093 I  PeachCommander[14937:c270] [com.apple.AppKit:Image] ISImage reported a placeholder, image rep is providing a placeholder image for <private>
2026-09-14 11:54:28.093 I  PeachCommander[14937:c270] [com.apple.AppKit:Image] ISImage reported a placeholder, image rep is providing a placeholder image for <private>
2026-09-14 11:54:28.094 I  PeachCommander[14937:c270] [com.apple.AppKit:Image] ISImage reported a placeholder, image rep is providing a placeholder image for <private>
2026-09-14 11:54:28.094 I  PeachCommander[14937:c270] [com.apple.AppKit:Image] ISImage reported a placeholder, image rep is providing a placeholder image for <private>
2026-09-14 11:54:28.096 I  PeachCommander[14937:c270] [com.apple.AppKit:Image] ISImage reported a placeholder, image rep is providing a placeholder image for <private>
2026-09-14 11:54:28.096 I  PeachCommander[14937:c270] [com.apple.AppKit:Image] ISImage reported a placeholder, image rep is providing a placeholder image for <private>
2026-09-14 11:54:28.097 I  PeachCommander[14937:c270] [com.apple.AppKit:Image] ISImage reported a placeholder, image rep is providing a placeholder image for <private>
2026-09-14 11:54:28.097 I  PeachCommander[14937:c270] [com.apple.AppKit:Image] ISImage reported a placeholder, image rep is providing a placeholder image for <private>
2026-09-14 11:54:28.098 I  PeachCommander[14937:c270] [com.apple.AppKit:Image] ISImage reported a placeholder, image rep is providing a placeholder image for <private>
2026-09-14 11:54:28.098 I  PeachCommander[14937:c270] [com.apple.AppKit:Image] ISImage reported a placeholder, image rep is providing a placeholder image for <private>
2026-09-14 11:54:28.100 I  PeachCommander[14937:c270] [com.apple.AppKit:Image] ISImage reported a placeholder, image rep is providing a placeholder image for <private>
2026-09-14 11:54:28.100 I  PeachCommander[14937:c270] [com.apple.AppKit:Image] ISImage reported a placeholder, image rep is providing a placeholder image for <private>
2026-09-14 11:54:28.101 I  PeachCommander[14937:c270] [com.apple.AppKit:Image] ISImage reported a placeholder, image rep is providing a placeholder image for <private>
2026-09-14 11:54:28.101 I  PeachCommander[14937:c270] [com.apple.AppKit:Image] ISImage reported a placeholder, image rep is providing a placeholder image for <private>
2026-09-14 11:54:28.102 I  PeachCommander[14937:c270] [com.apple.AppKit:Image] ISImage reported a placeholder, image rep is providing a placeholder image for <private>
2026-09-14 11:54:28.102 I  PeachCommander[14937:c270] [com.apple.AppKit:Image] ISImage reported a placeholder, image rep is providing a placeholder image for <private>
2026-09-14 11:54:28.196 I  PeachCommander[14937:c30d] [com.apple.AppKit:WindowTab] Indexing 1 items
2026-09-14 11:54:28.196 A  PeachCommander[14937:c30d] (CoreSpotlight) end-index-batch
2026-09-14 11:54:28.196 A  PeachCommander[14937:c30d] (CoreSpotlight) index-items
2026-09-14 11:54:28.196 Df PeachCommander[14937:c30d] [com.apple.corespotlight:index] CSInlineDonation:<private>: Skipping donation (feature flag disabled)
2026-09-14 11:54:28.197 Df PeachCommander[14937:c30d] [com.apple.corespotlight:index] CSInlineDonation:<private>: Skipping donation (feature flag disabled)
2026-09-14 11:54:29.648 Df PeachCommander[14937:c30c] [com.apple.launchservices:default] LSExceptions shared instance invalidated for timeout.
2026-09-14 11:54:30.188 Df PeachCommander[14937:c270] (Foundation) <private>
2026-09-14 11:54:30.188 I  PeachCommander[14937:c270] [com.peachcommander:PCFoundation] [automation] > panelsdump /Users/admin/follow-after.txt
2026-09-14 11:54:30.189 Df PeachCommander[14937:c270] (Foundation) <private>
2026-09-14 11:54:30.189 I  PeachCommander[14937:c270] [com.peachcommander:PCFoundation] [automation] > wait 400
2026-09-14 11:54:30.215 I  PeachCommander[14937:c270] [com.apple.AppKit:Image] ISImage reported a placeholder, image rep is providing a placeholder image for <private>
2026-09-14 11:54:30.216 I  PeachCommander[14937:c270] [com.apple.AppKit:Image] ISImage reported a placeholder, image rep is providing a placeholder image for <private>
2026-09-14 11:54:30.217 I  PeachCommander[14937:c270] [com.apple.AppKit:Image] ISImage reported a placeholder, image rep is providing a placeholder image for <private>
2026-09-14 11:54:30.218 I  PeachCommander[14937:c270] [com.apple.AppKit:Image] ISImage reported a placeholder, image rep is providing a placeholder image for <private>
2026-09-14 11:54:30.219 I  PeachCommander[14937:c270] [com.apple.AppKit:Image] ISImage reported a placeholder, image rep is providing a placeholder image for <private>
2026-09-14 11:54:30.220 I  PeachCommander[14937:c270] [com.apple.AppKit:Image] ISImage reported a placeholder, image rep is providing a placeholder image for <private>
2026-09-14 11:54:30.221 I  PeachCommander[14937:c270] [com.apple.AppKit:Image] ISImage reported a placeholder, image rep is providing a placeholder image for <private>
2026-09-14 11:54:30.222 I  PeachCommander[14937:c270] [com.apple.AppKit:Image] ISImage reported a placeholder, image rep is providing a placeholder image for <private>
2026-09-14 11:54:30.223 I  PeachCommander[14937:c270] [com.apple.AppKit:Image] ISImage reported a placeholder, image rep is providing a placeholder image for <private>
2026-09-14 11:54:30.225 I  PeachCommander[14937:c270] [com.apple.AppKit:Image] ISImage reported a placeholder, image rep is providing a placeholder image for <private>
2026-09-14 11:54:30.226 I  PeachCommander[14937:c270] [com.apple.AppKit:Image] ISImage reported a placeholder, image rep is providing a placeholder image for <private>
2026-09-14 11:54:30.227 I  PeachCommander[14937:c270] [com.apple.AppKit:Image] ISImage reported a placeholder, image rep is providing a placeholder image for <private>
2026-09-14 11:54:30.228 I  PeachCommander[14937:c270] [com.apple.AppKit:Image] ISImage reported a placeholder, image rep is providing a placeholder image for <private>
2026-09-14 11:54:30.229 I  PeachCommander[14937:c270] [com.apple.AppKit:Image] ISImage reported a placeholder, image rep is providing a placeholder image for <private>
2026-09-14 11:54:30.230 I  PeachCommander[14937:c270] [com.apple.AppKit:Image] ISImage reported a placeholder, image rep is providing a placeholder image for <private>
2026-09-14 11:54:30.231 I  PeachCommander[14937:c270] [com.apple.AppKit:Image] ISImage reported a placeholder, image rep is providing a placeholder image for <private>
2026-09-14 11:54:30.231 I  PeachCommander[14937:c270] [com.apple.AppKit:Image] ISImage reported a placeholder, image rep is providing a placeholder image for <private>
2026-09-14 11:54:30.232 I  PeachCommander[14937:c270] [com.apple.AppKit:Image] ISImage reported a placeholder, image rep is providing a placeholder image for <private>
2026-09-14 11:54:30.232 I  PeachCommander[14937:c270] [com.apple.AppKit:Image] ISImage reported a placeholder, image rep is providing a placeholder image for <private>
2026-09-14 11:54:30.234 I  PeachCommander[14937:c270] [com.apple.AppKit:Image] ISImage reported a placeholder, image rep is providing a placeholder image for <private>
2026-09-14 11:54:30.234 I  PeachCommander[14937:c270] [com.apple.AppKit:Image] ISImage reported a placeholder, image rep is providing a placeholder image for <private>
2026-09-14 11:54:30.235 I  PeachCommander[14937:c270] [com.apple.AppKit:Image] ISImage reported a placeholder, image rep is providing a placeholder image for <private>
2026-09-14 11:54:30.235 I  PeachCommander[14937:c270] [com.apple.AppKit:Image] ISImage reported a placeholder, image rep is providing a placeholder image for <private>
2026-09-14 11:54:30.237 I  PeachCommander[14937:c270] [com.apple.AppKit:Image] ISImage reported a placeholder, image rep is providing a placeholder image for <private>
2026-09-14 11:54:30.237 I  PeachCommander[14937:c270] [com.apple.AppKit:Image] ISImage reported a placeholder, image rep is providing a placeholder image for <private>
2026-09-14 11:54:30.238 I  PeachCommander[14937:c270] [com.apple.AppKit:Image] ISImage reported a placeholder, image rep is providing a placeholder image for <private>
2026-09-14 11:54:30.238 I  PeachCommander[14937:c270] [com.apple.AppKit:Image] ISImage reported a placeholder, image rep is providing a placeholder image for <private>
2026-09-14 11:54:30.240 I  PeachCommander[14937:c270] [com.apple.AppKit:Image] ISImage reported a placeholder, image rep is providing a placeholder image for <private>
2026-09-14 11:54:30.240 I  PeachCommander[14937:c270] [com.apple.AppKit:Image] ISImage reported a placeholder, image rep is providing a placeholder image for <private>
2026-09-14 11:54:30.242 I  PeachCommander[14937:c270] [com.apple.AppKit:Image] ISImage reported a placeholder, image rep is providing a placeholder image for <private>
2026-09-14 11:54:30.242 I  PeachCommander[14937:c270] [com.apple.AppKit:Image] ISImage reported a placeholder, image rep is providing a placeholder image for <private>
2026-09-14 11:54:30.243 I  PeachCommander[14937:c270] [com.apple.AppKit:Image] ISImage reported a placeholder, image rep is providing a placeholder image for <private>
2026-09-14 11:54:30.243 I  PeachCommander[14937:c270] [com.apple.AppKit:Image] ISImage reported a placeholder, image rep is providing a placeholder image for <private>
2026-09-14 11:54:30.245 I  PeachCommander[14937:c270] [com.apple.AppKit:Image] ISImage reported a placeholder, image rep is providing a placeholder image for <private>
2026-09-14 11:54:30.245 I  PeachCommander[14937:c270] [com.apple.AppKit:Image] ISImage reported a placeholder, image rep is providing a placeholder image for <private>
2026-09-14 11:54:30.246 I  PeachCommander[14937:c270] [com.apple.AppKit:Image] ISImage reported a placeholder, image rep is providing a placeholder image for <private>
2026-09-14 11:54:30.246 I  PeachCommander[14937:c270] [com.apple.AppKit:Image] ISImage reported a placeholder, image rep is providing a placeholder image for <private>
2026-09-14 11:54:30.247 I  PeachCommander[14937:c270] [com.apple.AppKit:Image] ISImage reported a placeholder, image rep is providing a placeholder image for <private>
2026-09-14 11:54:30.247 I  PeachCommander[14937:c270] [com.apple.AppKit:Image] ISImage reported a placeholder, image rep is providing a placeholder image for <private>
2026-09-14 11:54:30.249 I  PeachCommander[14937:c270] [com.apple.AppKit:Image] ISImage reported a placeholder, image rep is providing a placeholder image for <private>
2026-09-14 11:54:30.249 I  PeachCommander[14937:c270] [com.apple.AppKit:Image] ISImage reported a placeholder, image rep is providing a placeholder image for <private>
2026-09-14 11:54:30.250 I  PeachCommander[14937:c270] [com.apple.AppKit:Image] ISImage reported a placeholder, image rep is providing a placeholder image for <private>
2026-09-14 11:54:30.250 I  PeachCommander[14937:c270] [com.apple.AppKit:Image] ISImage reported a placeholder, image rep is providing a placeholder image for <private>
2026-09-14 11:54:30.251 I  PeachCommander[14937:c270] [com.apple.AppKit:Image] ISImage reported a placeholder, image rep is providing a placeholder image for <private>
2026-09-14 11:54:30.251 I  PeachCommander[14937:c270] [com.apple.AppKit:Image] ISImage reported a placeholder, image rep is providing a placeholder image for <private>
2026-09-14 11:54:30.313 I  PeachCommander[14937:c270] [com.apple.AppKit:Image] ISImage reported a placeholder, image rep is providing a placeholder image for <private>
2026-09-14 11:54:30.314 I  PeachCommander[14937:c270] [com.apple.AppKit:Image] ISImage reported a placeholder, image rep is providing a placeholder image for <private>
2026-09-14 11:54:30.315 I  PeachCommander[14937:c270] [com.apple.AppKit:Image] ISImage reported a placeholder, image rep is providing a placeholder image for <private>
2026-09-14 11:54:30.315 I  PeachCommander[14937:c270] [com.apple.AppKit:Image] ISImage reported a placeholder, image rep is providing a placeholder image for <private>
2026-09-14 11:54:30.316 I  PeachCommander[14937:c270] [com.apple.AppKit:Image] ISImage reported a placeholder, image rep is providing a placeholder image for <private>
2026-09-14 11:54:30.316 I  PeachCommander[14937:c270] [com.apple.AppKit:Image] ISImage reported a placeholder, image rep is providing a placeholder image for <private>
2026-09-14 11:54:30.317 I  PeachCommander[14937:c270] [com.apple.AppKit:Image] ISImage reported a placeholder, image rep is providing a placeholder image for <private>
2026-09-14 11:54:30.318 I  PeachCommander[14937:c270] [com.apple.AppKit:Image] ISImage reported a placeholder, image rep is providing a placeholder image for <private>
2026-09-14 11:54:30.318 I  PeachCommander[14937:c270] [com.apple.AppKit:Image] ISImage reported a placeholder, image rep is providing a placeholder image for <private>
2026-09-14 11:54:30.320 I  PeachCommander[14937:c270] [com.apple.AppKit:Image] ISImage reported a placeholder, image rep is providing a placeholder image for <private>
2026-09-14 11:54:30.320 I  PeachCommander[14937:c270] [com.apple.AppKit:Image] ISImage reported a placeholder, image rep is providing a placeholder image for <private>
2026-09-14 11:54:30.321 I  PeachCommander[14937:c270] [com.apple.AppKit:Image] ISImage reported a placeholder, image rep is providing a placeholder image for <private>
2026-09-14 11:54:30.322 I  PeachCommander[14937:c270] [com.apple.AppKit:Image] ISImage reported a placeholder, image rep is providing a placeholder image for <private>
2026-09-14 11:54:30.323 I  PeachCommander[14937:c270] [com.apple.AppKit:Image] ISImage reported a placeholder, image rep is providing a placeholder image for <private>
2026-09-14 11:54:30.324 I  PeachCommander[14937:c270] [com.apple.AppKit:Image] ISImage reported a placeholder, image rep is providing a placeholder image for <private>
2026-09-14 11:54:30.324 I  PeachCommander[14937:c270] [com.apple.AppKit:Image] ISImage reported a placeholder, image rep is providing a placeholder image for <private>
2026-09-14 11:54:30.324 I  PeachCommander[14937:c270] [com.apple.AppKit:Image] ISImage reported a placeholder, image rep is providing a placeholder image for <private>
2026-09-14 11:54:30.326 I  PeachCommander[14937:c270] [com.apple.AppKit:Image] ISImage reported a placeholder, image rep is providing a placeholder image for <private>
2026-09-14 11:54:30.326 I  PeachCommander[14937:c270] [com.apple.AppKit:Image] ISImage reported a placeholder, image rep is providing a placeholder image for <private>
2026-09-14 11:54:30.327 I  PeachCommander[14937:c270] [com.apple.AppKit:Image] ISImage reported a placeholder, image rep is providing a placeholder image for <private>
2026-09-14 11:54:30.327 I  PeachCommander[14937:c270] [com.apple.AppKit:Image] ISImage reported a placeholder, image rep is providing a placeholder image for <private>
2026-09-14 11:54:30.328 I  PeachCommander[14937:c270] [com.apple.AppKit:Image] ISImage reported a placeholder, image rep is providing a placeholder image for <private>
2026-09-14 11:54:30.328 I  PeachCommander[14937:c270] [com.apple.AppKit:Image] ISImage reported a placeholder, image rep is providing a placeholder image for <private>
2026-09-14 11:54:30.330 I  PeachCommander[14937:c270] [com.apple.AppKit:Image] ISImage reported a placeholder, image rep is providing a placeholder image for <private>
2026-09-14 11:54:30.330 I  PeachCommander[14937:c270] [com.apple.AppKit:Image] ISImage reported a placeholder, image rep is providing a placeholder image for <private>
2026-09-14 11:54:30.331 I  PeachCommander[14937:c270] [com.apple.AppKit:Image] ISImage reported a placeholder, image rep is providing a placeholder image for <private>
2026-09-14 11:54:30.331 I  PeachCommander[14937:c270] [com.apple.AppKit:Image] ISImage reported a placeholder, image rep is providing a placeholder image for <private>
2026-09-14 11:54:30.332 I  PeachCommander[14937:c270] [com.apple.AppKit:Image] ISImage reported a placeholder, image rep is providing a placeholder image for <private>
2026-09-14 11:54:30.332 I  PeachCommander[14937:c270] [com.apple.AppKit:Image] ISImage reported a placeholder, image rep is providing a placeholder image for <private>
2026-09-14 11:54:30.333 I  PeachCommander[14937:c270] [com.apple.AppKit:Image] ISImage reported a placeholder, image rep is providing a placeholder image for <private>
2026-09-14 11:54:30.333 I  PeachCommander[14937:c270] [com.apple.AppKit:Image] ISImage reported a placeholder, image rep is providing a placeholder image for <private>
2026-09-14 11:54:30.335 I  PeachCommander[14937:c270] [com.apple.AppKit:Image] ISImage reported a placeholder, image rep is providing a placeholder image for <private>
2026-09-14 11:54:30.335 I  PeachCommander[14937:c270] [com.apple.AppKit:Image] ISImage reported a placeholder, image rep is providing a placeholder image for <private>
2026-09-14 11:54:30.336 I  PeachCommander[14937:c270] [com.apple.AppKit:Image] ISImage reported a placeholder, image rep is providing a placeholder image for <private>
2026-09-14 11:54:30.336 I  PeachCommander[14937:c270] [com.apple.AppKit:Image] ISImage reported a placeholder, image rep is providing a placeholder image for <private>
2026-09-14 11:54:30.337 I  PeachCommander[14937:c270] [com.apple.AppKit:Image] ISImage reported a placeholder, image rep is providing a placeholder image for <private>
2026-09-14 11:54:30.337 I  PeachCommander[14937:c270] [com.apple.AppKit:Image] ISImage reported a placeholder, image rep is providing a placeholder image for <private>
2026-09-14 11:54:30.338 I  PeachCommander[14937:c270] [com.apple.AppKit:Image] ISImage reported a placeholder, image rep is providing a placeholder image for <private>
2026-09-14 11:54:30.338 I  PeachCommander[14937:c270] [com.apple.AppKit:Image] ISImage reported a placeholder, image rep is providing a placeholder image for <private>
2026-09-14 11:54:30.339 I  PeachCommander[14937:c270] [com.apple.AppKit:Image] ISImage reported a placeholder, image rep is providing a placeholder image for <private>
2026-09-14 11:54:30.339 I  PeachCommander[14937:c270] [com.apple.AppKit:Image] ISImage reported a placeholder, image rep is providing a placeholder image for <private>
2026-09-14 11:54:30.340 I  PeachCommander[14937:c270] [com.apple.AppKit:Image] ISImage reported a placeholder, image rep is providing a placeholder image for <private>
2026-09-14 11:54:30.340 I  PeachCommander[14937:c270] [com.apple.AppKit:Image] ISImage reported a placeholder, image rep is providing a placeholder image for <private>
2026-09-14 11:54:30.342 I  PeachCommander[14937:c270] [com.apple.AppKit:Image] ISImage reported a placeholder, image rep is providing a placeholder image for <private>
2026-09-14 11:54:30.342 I  PeachCommander[14937:c270] [com.apple.AppKit:Image] ISImage reported a placeholder, image rep is providing a placeholder image for <private>
2026-09-14 11:54:30.615 Df PeachCommander[14937:c270] (Foundation) <private>
2026-09-14 11:54:30.615 I  PeachCommander[14937:c270] [com.peachcommander:PCFoundation] [automation] > dockdump /Users/admin/follow-dock.txt
2026-09-14 11:54:30.616 Df PeachCommander[14937:c270] (Foundation) <private>
2026-09-14 11:54:30.616 I  PeachCommander[14937:c270] [com.peachcommander:PCFoundation] [automation] > wait 300
2026-09-14 11:54:30.643 I  PeachCommander[14937:c270] [com.apple.AppKit:Image] ISImage reported a placeholder, image rep is providing a placeholder image for <private>
2026-09-14 11:54:30.644 I  PeachCommander[14937:c270] [com.apple.AppKit:Image] ISImage reported a placeholder, image rep is providing a placeholder image for <private>
2026-09-14 11:54:30.645 I  PeachCommander[14937:c270] [com.apple.AppKit:Image] ISImage reported a placeholder, image rep is providing a placeholder image for <private>
2026-09-14 11:54:30.646 I  PeachCommander[14937:c270] [com.apple.AppKit:Image] ISImage reported a placeholder, image rep is providing a placeholder image for <private>
2026-09-14 11:54:30.647 I  PeachCommander[14937:c270] [com.apple.AppKit:Image] ISImage reported a placeholder, image rep is providing a placeholder image for <private>
2026-09-14 11:54:30.648 I  PeachCommander[14937:c270] [com.apple.AppKit:Image] ISImage reported a placeholder, image rep is providing a placeholder image for <private>
2026-09-14 11:54:30.649 I  PeachCommander[14937:c270] [com.apple.AppKit:Image] ISImage reported a placeholder, image rep is providing a placeholder image for <private>
2026-09-14 11:54:30.650 I  PeachCommander[14937:c270] [com.apple.AppKit:Image] ISImage reported a placeholder, image rep is providing a placeholder image for <private>
2026-09-14 11:54:30.651 I  PeachCommander[14937:c270] [com.apple.AppKit:Image] ISImage reported a placeholder, image rep is providing a placeholder image for <private>
2026-09-14 11:54:30.652 I  PeachCommander[14937:c270] [com.apple.AppKit:Image] ISImage reported a placeholder, image rep is providing a placeholder image for <private>
2026-09-14 11:54:30.653 I  PeachCommander[14937:c270] [com.apple.AppKit:Image] ISImage reported a placeholder, image rep is providing a placeholder image for <private>
2026-09-14 11:54:30.654 I  PeachCommander[14937:c270] [com.apple.AppKit:Image] ISImage reported a placeholder, image rep is providing a placeholder image for <private>
2026-09-14 11:54:30.654 I  PeachCommander[14937:c270] [com.apple.AppKit:Image] ISImage reported a placeholder, image rep is providing a placeholder image for <private>
2026-09-14 11:54:30.655 I  PeachCommander[14937:c270] [com.apple.AppKit:Image] ISImage reported a placeholder, image rep is providing a placeholder image for <private>
2026-09-14 11:54:30.656 I  PeachCommander[14937:c270] [com.apple.AppKit:Image] ISImage reported a placeholder, image rep is providing a placeholder image for <private>
2026-09-14 11:54:30.657 I  PeachCommander[14937:c270] [com.apple.AppKit:Image] ISImage reported a placeholder, image rep is providing a placeholder image for <private>
2026-09-14 11:54:30.657 I  PeachCommander[14937:c270] [com.apple.AppKit:Image] ISImage reported a placeholder, image rep is providing a placeholder image for <private>
2026-09-14 11:54:30.659 I  PeachCommander[14937:c270] [com.apple.AppKit:Image] ISImage reported a placeholder, image rep is providing a placeholder image for <private>
2026-09-14 11:54:30.660 I  PeachCommander[14937:c270] [com.apple.AppKit:Image] ISImage reported a placeholder, image rep is providing a placeholder image for <private>
2026-09-14 11:54:30.661 I  PeachCommander[14937:c270] [com.apple.AppKit:Image] ISImage reported a placeholder, image rep is providing a placeholder image for <private>
2026-09-14 11:54:30.661 I  PeachCommander[14937:c270] [com.apple.AppKit:Image] ISImage reported a placeholder, image rep is providing a placeholder image for <private>
2026-09-14 11:54:30.662 I  PeachCommander[14937:c270] [com.apple.AppKit:Image] ISImage reported a placeholder, image rep is providing a placeholder image for <private>
2026-09-14 11:54:30.663 I  PeachCommander[14937:c270] [com.apple.AppKit:Image] ISImage reported a placeholder, image rep is providing a placeholder image for <private>
2026-09-14 11:54:30.664 I  PeachCommander[14937:c270] [com.apple.AppKit:Image] ISImage reported a placeholder, image rep is providing a placeholder image for <private>
2026-09-14 11:54:30.664 I  PeachCommander[14937:c270] [com.apple.AppKit:Image] ISImage reported a placeholder, image rep is providing a placeholder image for <private>
2026-09-14 11:54:30.666 I  PeachCommander[14937:c270] [com.apple.AppKit:Image] ISImage reported a placeholder, image rep is providing a placeholder image for <private>
2026-09-14 11:54:30.666 I  PeachCommander[14937:c270] [com.apple.AppKit:Image] ISImage reported a placeholder, image rep is providing a placeholder image for <private>
2026-09-14 11:54:30.667 I  PeachCommander[14937:c270] [com.apple.AppKit:Image] ISImage reported a placeholder, image rep is providing a placeholder image for <private>
2026-09-14 11:54:30.667 I  PeachCommander[14937:c270] [com.apple.AppKit:Image] ISImage reported a placeholder, image rep is providing a placeholder image for <private>
2026-09-14 11:54:30.668 I  PeachCommander[14937:c270] [com.apple.AppKit:Image] ISImage reported a placeholder, image rep is providing a placeholder image for <private>
2026-09-14 11:54:30.668 I  PeachCommander[14937:c270] [com.apple.AppKit:Image] ISImage reported a placeholder, image rep is providing a placeholder image for <private>
2026-09-14 11:54:30.670 I  PeachCommander[14937:c270] [com.apple.AppKit:Image] ISImage reported a placeholder, image rep is providing a placeholder image for <private>
2026-09-14 11:54:30.670 I  PeachCommander[14937:c270] [com.apple.AppKit:Image] ISImage reported a placeholder, image rep is providing a placeholder image for <private>
2026-09-14 11:54:30.671 I  PeachCommander[14937:c270] [com.apple.AppKit:Image] ISImage reported a placeholder, image rep is providing a placeholder image for <private>
2026-09-14 11:54:30.671 I  PeachCommander[14937:c270] [com.apple.AppKit:Image] ISImage reported a placeholder, image rep is providing a placeholder image for <private>
2026-09-14 11:54:30.672 I  PeachCommander[14937:c270] [com.apple.AppKit:Image] ISImage reported a placeholder, image rep is providing a placeholder image for <private>
2026-09-14 11:54:30.672 I  PeachCommander[14937:c270] [com.apple.AppKit:Image] ISImage reported a placeholder, image rep is providing a placeholder image for <private>
2026-09-14 11:54:30.673 I  PeachCommander[14937:c270] [com.apple.AppKit:Image] ISImage reported a placeholder, image rep is providing a placeholder image for <private>
2026-09-14 11:54:30.673 I  PeachCommander[14937:c270] [com.apple.AppKit:Image] ISImage reported a placeholder, image rep is providing a placeholder image for <private>
2026-09-14 11:54:30.675 I  PeachCommander[14937:c270] [com.apple.AppKit:Image] ISImage reported a placeholder, image rep is providing a placeholder image for <private>
2026-09-14 11:54:30.675 I  PeachCommander[14937:c270] [com.apple.AppKit:Image] ISImage reported a placeholder, image rep is providing a placeholder image for <private>
2026-09-14 11:54:30.676 I  PeachCommander[14937:c270] [com.apple.AppKit:Image] ISImage reported a placeholder, image rep is providing a placeholder image for <private>
2026-09-14 11:54:30.676 I  PeachCommander[14937:c270] [com.apple.AppKit:Image] ISImage reported a placeholder, image rep is providing a placeholder image for <private>
2026-09-14 11:54:30.678 I  PeachCommander[14937:c270] [com.apple.AppKit:Image] ISImage reported a placeholder, image rep is providing a placeholder image for <private>
2026-09-14 11:54:30.678 I  PeachCommander[14937:c270] [com.apple.AppKit:Image] ISImage reported a placeholder, image rep is providing a placeholder image for <private>
2026-09-14 11:54:30.734 I  PeachCommander[14937:c270] [com.apple.AppKit:Image] ISImage reported a placeholder, image rep is providing a placeholder image for <private>
2026-09-14 11:54:30.735 I  PeachCommander[14937:c270] [com.apple.AppKit:Image] ISImage reported a placeholder, image rep is providing a placeholder image for <private>
2026-09-14 11:54:30.736 I  PeachCommander[14937:c270] [com.apple.AppKit:Image] ISImage reported a placeholder, image rep is providing a placeholder image for <private>
2026-09-14 11:54:30.736 I  PeachCommander[14937:c270] [com.apple.AppKit:Image] ISImage reported a placeholder, image rep is providing a placeholder image for <private>
2026-09-14 11:54:30.737 I  PeachCommander[14937:c270] [com.apple.AppKit:Image] ISImage reported a placeholder, image rep is providing a placeholder image for <private>
2026-09-14 11:54:30.738 I  PeachCommander[14937:c270] [com.apple.AppKit:Image] ISImage reported a placeholder, image rep is providing a placeholder image for <private>
2026-09-14 11:54:30.738 I  PeachCommander[14937:c270] [com.apple.AppKit:Image] ISImage reported a placeholder, image rep is providing a placeholder image for <private>
2026-09-14 11:54:30.739 I  PeachCommander[14937:c270] [com.apple.AppKit:Image] ISImage reported a placeholder, image rep is providing a placeholder image for <private>
2026-09-14 11:54:30.739 I  PeachCommander[14937:c270] [com.apple.AppKit:Image] ISImage reported a placeholder, image rep is providing a placeholder image for <private>
2026-09-14 11:54:30.740 I  PeachCommander[14937:c270] [com.apple.AppKit:Image] ISImage reported a placeholder, image rep is providing a placeholder image for <private>
2026-09-14 11:54:30.741 I  PeachCommander[14937:c270] [com.apple.AppKit:Image] ISImage reported a placeholder, image rep is providing a placeholder image for <private>
2026-09-14 11:54:30.742 I  PeachCommander[14937:c270] [com.apple.AppKit:Image] ISImage reported a placeholder, image rep is providing a placeholder image for <private>
2026-09-14 11:54:30.743 I  PeachCommander[14937:c270] [com.apple.AppKit:Image] ISImage reported a placeholder, image rep is providing a placeholder image for <private>
2026-09-14 11:54:30.743 I  PeachCommander[14937:c270] [com.apple.AppKit:Image] ISImage reported a placeholder, image rep is providing a placeholder image for <private>
2026-09-14 11:54:30.744 I  PeachCommander[14937:c270] [com.apple.AppKit:Image] ISImage reported a placeholder, image rep is providing a placeholder image for <private>
2026-09-14 11:54:30.744 I  PeachCommander[14937:c270] [com.apple.AppKit:Image] ISImage reported a placeholder, image rep is providing a placeholder image for <private>
2026-09-14 11:54:30.744 I  PeachCommander[14937:c270] [com.apple.AppKit:Image] ISImage reported a placeholder, image rep is providing a placeholder image for <private>
2026-09-14 11:54:30.746 I  PeachCommander[14937:c270] [com.apple.AppKit:Image] ISImage reported a placeholder, image rep is providing a placeholder image for <private>
2026-09-14 11:54:30.746 I  PeachCommander[14937:c270] [com.apple.AppKit:Image] ISImage reported a placeholder, image rep is providing a placeholder image for <private>
2026-09-14 11:54:30.747 I  PeachCommander[14937:c270] [com.apple.AppKit:Image] ISImage reported a placeholder, image rep is providing a placeholder image for <private>
2026-09-14 11:54:30.747 I  PeachCommander[14937:c270] [com.apple.AppKit:Image] ISImage reported a placeholder, image rep is providing a placeholder image for <private>
2026-09-14 11:54:30.748 I  PeachCommander[14937:c270] [com.apple.AppKit:Image] ISImage reported a placeholder, image rep is providing a placeholder image for <private>
2026-09-14 11:54:30.748 I  PeachCommander[14937:c270] [com.apple.AppKit:Image] ISImage reported a placeholder, image rep is providing a placeholder image for <private>
2026-09-14 11:54:30.749 I  PeachCommander[14937:c270] [com.apple.AppKit:Image] ISImage reported a placeholder, image rep is providing a placeholder image for <private>
2026-09-14 11:54:30.749 I  PeachCommander[14937:c270] [com.apple.AppKit:Image] ISImage reported a placeholder, image rep is providing a placeholder image for <private>
2026-09-14 11:54:30.750 I  PeachCommander[14937:c270] [com.apple.AppKit:Image] ISImage reported a placeholder, image rep is providing a placeholder image for <private>
2026-09-14 11:54:30.750 I  PeachCommander[14937:c270] [com.apple.AppKit:Image] ISImage reported a placeholder, image rep is providing a placeholder image for <private>
2026-09-14 11:54:30.751 I  PeachCommander[14937:c270] [com.apple.AppKit:Image] ISImage reported a placeholder, image rep is providing a placeholder image for <private>
2026-09-14 11:54:30.751 I  PeachCommander[14937:c270] [com.apple.AppKit:Image] ISImage reported a placeholder, image rep is providing a placeholder image for <private>
2026-09-14 11:54:30.752 I  PeachCommander[14937:c270] [com.apple.AppKit:Image] ISImage reported a placeholder, image rep is providing a placeholder image for <private>
2026-09-14 11:54:30.752 I  PeachCommander[14937:c270] [com.apple.AppKit:Image] ISImage reported a placeholder, image rep is providing a placeholder image for <private>
2026-09-14 11:54:30.754 I  PeachCommander[14937:c270] [com.apple.AppKit:Image] ISImage reported a placeholder, image rep is providing a placeholder image for <private>
2026-09-14 11:54:30.754 I  PeachCommander[14937:c270] [com.apple.AppKit:Image] ISImage reported a placeholder, image rep is providing a placeholder image for <private>
2026-09-14 11:54:30.755 I  PeachCommander[14937:c270] [com.apple.AppKit:Image] ISImage reported a placeholder, image rep is providing a placeholder image for <private>
2026-09-14 11:54:30.755 I  PeachCommander[14937:c270] [com.apple.AppKit:Image] ISImage reported a placeholder, image rep is providing a placeholder image for <private>
2026-09-14 11:54:30.756 I  PeachCommander[14937:c270] [com.apple.AppKit:Image] ISImage reported a placeholder, image rep is providing a placeholder image for <private>
2026-09-14 11:54:30.756 I  PeachCommander[14937:c270] [com.apple.AppKit:Image] ISImage reported a placeholder, image rep is providing a placeholder image for <private>
2026-09-14 11:54:30.757 I  PeachCommander[14937:c270] [com.apple.AppKit:Image] ISImage reported a placeholder, image rep is providing a placeholder image for <private>
2026-09-14 11:54:30.757 I  PeachCommander[14937:c270] [com.apple.AppKit:Image] ISImage reported a placeholder, image rep is providing a placeholder image for <private>
2026-09-14 11:54:30.758 I  PeachCommander[14937:c270] [com.apple.AppKit:Image] ISImage reported a placeholder, image rep is providing a placeholder image for <private>
2026-09-14 11:54:30.758 I  PeachCommander[14937:c270] [com.apple.AppKit:Image] ISImage reported a placeholder, image rep is providing a placeholder image for <private>
2026-09-14 11:54:30.759 I  PeachCommander[14937:c270] [com.apple.AppKit:Image] ISImage reported a placeholder, image rep is providing a placeholder image for <private>
2026-09-14 11:54:30.759 I  PeachCommander[14937:c270] [com.apple.AppKit:Image] ISImage reported a placeholder, image rep is providing a placeholder image for <private>
2026-09-14 11:54:30.761 I  PeachCommander[14937:c270] [com.apple.AppKit:Image] ISImage reported a placeholder, image rep is providing a placeholder image for <private>
2026-09-14 11:54:30.761 I  PeachCommander[14937:c270] [com.apple.AppKit:Image] ISImage reported a placeholder, image rep is providing a placeholder image for <private>
2026-09-14 11:54:30.936 Df PeachCommander[14937:c270] (Foundation) <private>
2026-09-14 11:54:30.936 I  PeachCommander[14937:c270] [com.peachcommander:PCFoundation] [automation] > probe /Users/admin/unset.txt|printf '{\134042panelFollowsTerminal\134042:false}' > ~/pc-cfg/terminal/config.json && echo unset
2026-09-14 11:54:31.008 Df PeachCommander[14937:c270] (Foundation) <private>
2026-09-14 11:54:31.008 I  PeachCommander[14937:c270] [com.peachcommander:PCFoundation] [automation] > wait 500
2026-09-14 11:54:31.321 I  PeachCommander[14937:c270] [com.apple.AppKit:Image] ISImage reported a placeholder, image rep is providing a placeholder image for <private>
2026-09-14 11:54:31.322 I  PeachCommander[14937:c270] [com.apple.AppKit:Image] ISImage reported a placeholder, image rep is providing a placeholder image for <private>
2026-09-14 11:54:31.322 I  PeachCommander[14937:c270] [com.apple.AppKit:Image] ISImage reported a placeholder, image rep is providing a placeholder image for <private>
2026-09-14 11:54:31.323 I  PeachCommander[14937:c270] [com.apple.AppKit:Image] ISImage reported a placeholder, image rep is providing a placeholder image for <private>
2026-09-14 11:54:31.324 I  PeachCommander[14937:c270] [com.apple.AppKit:Image] ISImage reported a placeholder, image rep is providing a placeholder image for <private>
2026-09-14 11:54:31.325 I  PeachCommander[14937:c270] [com.apple.AppKit:Image] ISImage reported a placeholder, image rep is providing a placeholder image for <private>
2026-09-14 11:54:31.326 I  PeachCommander[14937:c270] [com.apple.AppKit:Image] ISImage reported a placeholder, image rep is providing a placeholder image for <private>
2026-09-14 11:54:31.327 I  PeachCommander[14937:c270] [com.apple.AppKit:Image] ISImage reported a placeholder, image rep is providing a placeholder image for <private>
2026-09-14 11:54:31.328 I  PeachCommander[14937:c270] [com.apple.AppKit:Image] ISImage reported a placeholder, image rep is providing a placeholder image for <private>
2026-09-14 11:54:31.329 I  PeachCommander[14937:c270] [com.apple.AppKit:Image] ISImage reported a placeholder, image rep is providing a placeholder image for <private>
2026-09-14 11:54:31.329 I  PeachCommander[14937:c270] [com.apple.AppKit:Image] ISImage reported a placeholder, image rep is providing a placeholder image for <private>
2026-09-14 11:54:31.330 I  PeachCommander[14937:c270] [com.apple.AppKit:Image] ISImage reported a placeholder, image rep is providing a placeholder image for <private>
2026-09-14 11:54:31.331 I  PeachCommander[14937:c270] [com.apple.AppKit:Image] ISImage reported a placeholder, image rep is providing a placeholder image for <private>
2026-09-14 11:54:31.332 I  PeachCommander[14937:c270] [com.apple.AppKit:Image] ISImage reported a placeholder, image rep is providing a placeholder image for <private>
2026-09-14 11:54:31.333 I  PeachCommander[14937:c270] [com.apple.AppKit:Image] ISImage reported a placeholder, image rep is providing a placeholder image for <private>
2026-09-14 11:54:31.333 I  PeachCommander[14937:c270] [com.apple.AppKit:Image] ISImage reported a placeholder, image rep is providing a placeholder image for <private>
2026-09-14 11:54:31.333 I  PeachCommander[14937:c270] [com.apple.AppKit:Image] ISImage reported a placeholder, image rep is providing a placeholder image for <private>
2026-09-14 11:54:31.335 I  PeachCommander[14937:c270] [com.apple.AppKit:Image] ISImage reported a placeholder, image rep is providing a placeholder image for <private>
2026-09-14 11:54:31.335 I  PeachCommander[14937:c270] [com.apple.AppKit:Image] ISImage reported a placeholder, image rep is providing a placeholder image for <private>
2026-09-14 11:54:31.336 I  PeachCommander[14937:c270] [com.apple.AppKit:Image] ISImage reported a placeholder, image rep is providing a placeholder image for <private>
2026-09-14 11:54:31.336 I  PeachCommander[14937:c270] [com.apple.AppKit:Image] ISImage reported a placeholder, image rep is providing a placeholder image for <private>
2026-09-14 11:54:31.338 I  PeachCommander[14937:c270] [com.apple.AppKit:Image] ISImage reported a placeholder, image rep is providing a placeholder image for <private>
2026-09-14 11:54:31.338 I  PeachCommander[14937:c270] [com.apple.AppKit:Image] ISImage reported a placeholder, image rep is providing a placeholder image for <private>
2026-09-14 11:54:31.339 I  PeachCommander[14937:c270] [com.apple.AppKit:Image] ISImage reported a placeholder, image rep is providing a placeholder image for <private>
2026-09-14 11:54:31.339 I  PeachCommander[14937:c270] [com.apple.AppKit:Image] ISImage reported a placeholder, image rep is providing a placeholder image for <private>
2026-09-14 11:54:31.340 I  PeachCommander[14937:c270] [com.apple.AppKit:Image] ISImage reported a placeholder, image rep is providing a placeholder image for <private>
2026-09-14 11:54:31.340 I  PeachCommander[14937:c270] [com.apple.AppKit:Image] ISImage reported a placeholder, image rep is providing a placeholder image for <private>
2026-09-14 11:54:31.342 I  PeachCommander[14937:c270] [com.apple.AppKit:Image] ISImage reported a placeholder, image rep is providing a placeholder image for <private>
2026-09-14 11:54:31.342 I  PeachCommander[14937:c270] [com.apple.AppKit:Image] ISImage reported a placeholder, image rep is providing a placeholder image for <private>
2026-09-14 11:54:31.344 I  PeachCommander[14937:c270] [com.apple.AppKit:Image] ISImage reported a placeholder, image rep is providing a placeholder image for <private>
2026-09-14 11:54:31.344 I  PeachCommander[14937:c270] [com.apple.AppKit:Image] ISImage reported a placeholder, image rep is providing a placeholder image for <private>
2026-09-14 11:54:31.345 I  PeachCommander[14937:c270] [com.apple.AppKit:Image] ISImage reported a placeholder, image rep is providing a placeholder image for <private>
2026-09-14 11:54:31.345 I  PeachCommander[14937:c270] [com.apple.AppKit:Image] ISImage reported a placeholder, image rep is providing a placeholder image for <private>
2026-09-14 11:54:31.346 I  PeachCommander[14937:c270] [com.apple.AppKit:Image] ISImage reported a placeholder, image rep is providing a placeholder image for <private>
2026-09-14 11:54:31.346 I  PeachCommander[14937:c270] [com.apple.AppKit:Image] ISImage reported a placeholder, image rep is providing a placeholder image for <private>
2026-09-14 11:54:31.348 I  PeachCommander[14937:c270] [com.apple.AppKit:Image] ISImage reported a placeholder, image rep is providing a placeholder image for <private>
2026-09-14 11:54:31.348 I  PeachCommander[14937:c270] [com.apple.AppKit:Image] ISImage reported a placeholder, image rep is providing a placeholder image for <private>
2026-09-14 11:54:31.349 I  PeachCommander[14937:c270] [com.apple.AppKit:Image] ISImage reported a placeholder, image rep is providing a placeholder image for <private>
2026-09-14 11:54:31.349 I  PeachCommander[14937:c270] [com.apple.AppKit:Image] ISImage reported a placeholder, image rep is providing a placeholder image for <private>
2026-09-14 11:54:31.350 I  PeachCommander[14937:c270] [com.apple.AppKit:Image] ISImage reported a placeholder, image rep is providing a placeholder image for <private>
2026-09-14 11:54:31.350 I  PeachCommander[14937:c270] [com.apple.AppKit:Image] ISImage reported a placeholder, image rep is providing a placeholder image for <private>
2026-09-14 11:54:31.351 I  PeachCommander[14937:c270] [com.apple.AppKit:Image] ISImage reported a placeholder, image rep is providing a placeholder image for <private>
2026-09-14 11:54:31.351 I  PeachCommander[14937:c270] [com.apple.AppKit:Image] ISImage reported a placeholder, image rep is providing a placeholder image for <private>
2026-09-14 11:54:31.352 I  PeachCommander[14937:c270] [com.apple.AppKit:Image] ISImage reported a placeholder, image rep is providing a placeholder image for <private>
2026-09-14 11:54:31.353 I  PeachCommander[14937:c270] [com.apple.AppKit:Image] ISImage reported a placeholder, image rep is providing a placeholder image for <private>
2026-09-14 11:54:31.410 I  PeachCommander[14937:c270] [com.apple.AppKit:Image] ISImage reported a placeholder, image rep is providing a placeholder image for <private>
2026-09-14 11:54:31.411 I  PeachCommander[14937:c270] [com.apple.AppKit:Image] ISImage reported a placeholder, image rep is providing a placeholder image for <private>
2026-09-14 11:54:31.411 I  PeachCommander[14937:c270] [com.apple.AppKit:Image] ISImage reported a placeholder, image rep is providing a placeholder image for <private>
2026-09-14 11:54:31.412 I  PeachCommander[14937:c270] [com.apple.AppKit:Image] ISImage reported a placeholder, image rep is providing a placeholder image for <private>
2026-09-14 11:54:31.413 I  PeachCommander[14937:c270] [com.apple.AppKit:Image] ISImage reported a placeholder, image rep is providing a placeholder image for <private>
2026-09-14 11:54:31.414 I  PeachCommander[14937:c270] [com.apple.AppKit:Image] ISImage reported a placeholder, image rep is providing a placeholder image for <private>
2026-09-14 11:54:31.414 I  PeachCommander[14937:c270] [com.apple.AppKit:Image] ISImage reported a placeholder, image rep is providing a placeholder image for <private>
2026-09-14 11:54:31.415 I  PeachCommander[14937:c270] [com.apple.AppKit:Image] ISImage reported a placeholder, image rep is providing a placeholder image for <private>
2026-09-14 11:54:31.416 I  PeachCommander[14937:c270] [com.apple.AppKit:Image] ISImage reported a placeholder, image rep is providing a placeholder image for <private>
2026-09-14 11:54:31.416 I  PeachCommander[14937:c270] [com.apple.AppKit:Image] ISImage reported a placeholder, image rep is providing a placeholder image for <private>
2026-09-14 11:54:31.417 I  PeachCommander[14937:c270] [com.apple.AppKit:Image] ISImage reported a placeholder, image rep is providing a placeholder image for <private>
2026-09-14 11:54:31.418 I  PeachCommander[14937:c270] [com.apple.AppKit:Image] ISImage reported a placeholder, image rep is providing a placeholder image for <private>
2026-09-14 11:54:31.418 I  PeachCommander[14937:c270] [com.apple.AppKit:Image] ISImage reported a placeholder, image rep is providing a placeholder image for <private>
2026-09-14 11:54:31.419 I  PeachCommander[14937:c270] [com.apple.AppKit:Image] ISImage reported a placeholder, image rep is providing a placeholder image for <private>
2026-09-14 11:54:31.419 I  PeachCommander[14937:c270] [com.apple.AppKit:Image] ISImage reported a placeholder, image rep is providing a placeholder image for <private>
2026-09-14 11:54:31.420 I  PeachCommander[14937:c270] [com.apple.AppKit:Image] ISImage reported a placeholder, image rep is providing a placeholder image for <private>
2026-09-14 11:54:31.420 I  PeachCommander[14937:c270] [com.apple.AppKit:Image] ISImage reported a placeholder, image rep is providing a placeholder image for <private>
2026-09-14 11:54:31.421 I  PeachCommander[14937:c270] [com.apple.AppKit:Image] ISImage reported a placeholder, image rep is providing a placeholder image for <private>
2026-09-14 11:54:31.421 I  PeachCommander[14937:c270] [com.apple.AppKit:Image] ISImage reported a placeholder, image rep is providing a placeholder image for <private>
2026-09-14 11:54:31.422 I  PeachCommander[14937:c270] [com.apple.AppKit:Image] ISImage reported a placeholder, image rep is providing a placeholder image for <private>
2026-09-14 11:54:31.422 I  PeachCommander[14937:c270] [com.apple.AppKit:Image] ISImage reported a placeholder, image rep is providing a placeholder image for <private>
2026-09-14 11:54:31.424 I  PeachCommander[14937:c270] [com.apple.AppKit:Image] ISImage reported a placeholder, image rep is providing a placeholder image for <private>
2026-09-14 11:54:31.424 I  PeachCommander[14937:c270] [com.apple.AppKit:Image] ISImage reported a placeholder, image rep is providing a placeholder image for <private>
2026-09-14 11:54:31.425 I  PeachCommander[14937:c270] [com.apple.AppKit:Image] ISImage reported a placeholder, image rep is providing a placeholder image for <private>
2026-09-14 11:54:31.425 I  PeachCommander[14937:c270] [com.apple.AppKit:Image] ISImage reported a placeholder, image rep is providing a placeholder image for <private>
2026-09-14 11:54:31.426 I  PeachCommander[14937:c270] [com.apple.AppKit:Image] ISImage reported a placeholder, image rep is providing a placeholder image for <private>
2026-09-14 11:54:31.426 I  PeachCommander[14937:c270] [com.apple.AppKit:Image] ISImage reported a placeholder, image rep is providing a placeholder image for <private>
2026-09-14 11:54:31.427 I  PeachCommander[14937:c270] [com.apple.AppKit:Image] ISImage reported a placeholder, image rep is providing a placeholder image for <private>
2026-09-14 11:54:31.427 I  PeachCommander[14937:c270] [com.apple.AppKit:Image] ISImage reported a placeholder, image rep is providing a placeholder image for <private>
2026-09-14 11:54:31.428 I  PeachCommander[14937:c270] [com.apple.AppKit:Image] ISImage reported a placeholder, image rep is providing a placeholder image for <private>
2026-09-14 11:54:31.429 I  PeachCommander[14937:c270] [com.apple.AppKit:Image] ISImage reported a placeholder, image rep is providing a placeholder image for <private>
2026-09-14 11:54:31.430 I  PeachCommander[14937:c270] [com.apple.AppKit:Image] ISImage reported a placeholder, image rep is providing a placeholder image for <private>
2026-09-14 11:54:31.430 I  PeachCommander[14937:c270] [com.apple.AppKit:Image] ISImage reported a placeholder, image rep is providing a placeholder image for <private>
2026-09-14 11:54:31.431 I  PeachCommander[14937:c270] [com.apple.AppKit:Image] ISImage reported a placeholder, image rep is providing a placeholder image for <private>
2026-09-14 11:54:31.431 I  PeachCommander[14937:c270] [com.apple.AppKit:Image] ISImage reported a placeholder, image rep is providing a placeholder image for <private>
2026-09-14 11:54:31.432 I  PeachCommander[14937:c270] [com.apple.AppKit:Image] ISImage reported a placeholder, image rep is providing a placeholder image for <private>
2026-09-14 11:54:31.432 I  PeachCommander[14937:c270] [com.apple.AppKit:Image] ISImage reported a placeholder, image rep is providing a placeholder image for <private>
2026-09-14 11:54:31.433 I  PeachCommander[14937:c270] [com.apple.AppKit:Image] ISImage reported a placeholder, image rep is providing a placeholder image for <private>
2026-09-14 11:54:31.433 I  PeachCommander[14937:c270] [com.apple.AppKit:Image] ISImage reported a placeholder, image rep is providing a placeholder image for <private>
2026-09-14 11:54:31.434 I  PeachCommander[14937:c270] [com.apple.AppKit:Image] ISImage reported a placeholder, image rep is providing a placeholder image for <private>
2026-09-14 11:54:31.434 I  PeachCommander[14937:c270] [com.apple.AppKit:Image] ISImage reported a placeholder, image rep is providing a placeholder image for <private>
2026-09-14 11:54:31.435 I  PeachCommander[14937:c270] [com.apple.AppKit:Image] ISImage reported a placeholder, image rep is providing a placeholder image for <private>
2026-09-14 11:54:31.435 I  PeachCommander[14937:c270] [com.apple.AppKit:Image] ISImage reported a placeholder, image rep is providing a placeholder image for <private>
2026-09-14 11:54:31.436 I  PeachCommander[14937:c270] [com.apple.AppKit:Image] ISImage reported a placeholder, image rep is providing a placeholder image for <private>
2026-09-14 11:54:31.436 I  PeachCommander[14937:c270] [com.apple.AppKit:Image] ISImage reported a placeholder, image rep is providing a placeholder image for <private>
2026-09-14 11:54:31.515 Df PeachCommander[14937:c270] (Foundation) <private>
2026-09-14 11:54:31.515 I  PeachCommander[14937:c270] [com.peachcommander:PCFoundation] [automation] done
