Timestamp               Ty Process[PID:TID]
2026-08-09 17:47:25.242 A  PeachCommander[1171:21c0] (libsystem_info.dylib) Retrieve User by ID
2026-08-09 17:47:25.242 Df PeachCommander[1171:21c0] [com.apple.xpc:connection] [0x1061dd970] activating connection: mach=true listener=false peer=false name=com.apple.cfprefsd.daemon
2026-08-09 17:47:25.242 Df PeachCommander[1171:21c7] [com.apple.xpc:connection] [0x1061dea30] activating connection: mach=true listener=false peer=false name=com.apple.cfprefsd.agent
2026-08-09 17:47:25.243 Df PeachCommander[1171:21c0] [com.apple.xpc:connection] [0x1061e4520] activating connection: mach=true listener=false peer=false name=com.apple.coreservices.launchservicesd
2026-08-09 17:47:25.243 I  PeachCommander[1171:21c0] [com.apple.launchservices:cas] Registering for notification <private> on default queue, to re-boostrap client connection.
2026-08-09 17:47:25.243 Df PeachCommander[1171:21c0] [com.apple.xpc:connection] [0x8eb088000] activating connection: mach=true listener=false peer=false name=com.apple.pasteboard.1
2026-08-09 17:47:25.244 Df PeachCommander[1171:21c0] [com.apple.xpc:connection] [0x8eb088140] activating connection: mach=true listener=false peer=false name=com.apple.distributed_notifications@Uv3
2026-08-09 17:47:25.245 Df PeachCommander[1171:21c0] [com.apple.AppKit:AutomaticTermination] void _NSDisableAutomaticTerminationAndLog(NSString *) No windows open yet
2026-08-09 17:47:25.245 A  PeachCommander[1171:21c0] (TCC) TCCAccessRequest() IPC
2026-08-09 17:47:25.245 Df PeachCommander[1171:21c0] [com.apple.xpc:connection] [0x8eb088280] activating connection: mach=true listener=false peer=false name=com.apple.tccd.system
2026-08-09 17:47:25.245 I  PeachCommander[1171:21c0] [com.apple.TCC:access] SEND: 0/7 synchronous to com.apple.tccd.system: request: msgID=1171.1, function=TCCAccessRequest, service=kTCCServiceListenEvent,
2026-08-09 17:47:25.246 I  PeachCommander[1171:21c0] [com.apple.TCC:access] RECV: synchronous reply <dictionary: 0x8eac64000> { count = 5, transaction: 0, voucher = 0x0, contents =
	"prompt_type" => <uint64: 0x9568c427f53950bf>: 1
	"auth_value" => <uint64: 0x9568c427f53950bf>: 1
	"preflight_unknown" => <bool: 0x1f9c79190>: true
	"auth_version" => <uint64: 0x9568c427f53950bf>: 1
	"auth_reason" => <uint64: 0x9568c427f539509f>: 5
}
2026-08-09 17:47:25.246 Df PeachCommander[1171:21c0] [com.apple.xpc:connection] [0x8eb088280] invalidated after the last release of the connection object
2026-08-09 17:47:25.246 Df PeachCommander[1171:21c0] [com.apple.SkyLight:default] server port 0x0000380f, session port 0x0000380f
2026-08-09 17:47:25.248 Df PeachCommander[1171:21c0] [com.apple.SkyLight:default] New connection 0x4fbbb main
2026-08-09 17:47:25.248 I  PeachCommander[1171:21c7] [com.apple.SkyLight:processes] 0[outside of RPC]: First connection id 326587 mapped to ctx = 0x1061d2690
2026-08-09 17:47:25.249 I  PeachCommander[1171:21c0] [com.apple.hiservices:processmgr] Checking in with CAS, pid=1171
2026-08-09 17:47:25.249 I  PeachCommander[1171:21c0] [com.apple.launchservices:cas] LSApplicationCheckIn(), app being registered is:"/Users/admin/pc-test/PeachCommander.app/Contents/MacOS/PeachCommander"
2026-08-09 17:47:25.249 I  PeachCommander[1171:21c0] [com.apple.launchservices:cas]  { "ApplicationType"="Foreground", "BuildMachineOSBuild"="25E246", "CFBundleDevelopmentRegion"="en", "CFBundleExecutable"="PeachCommander", "CFBundleExecutablePath"="/Users/admin/pc-test/PeachCommander.app/Contents/MacOS/PeachCommander", "CFBundleHelpBookFolder"="PeachCommander.help", "CFBundleHelpBookName"="Peach Commander Help", "CFBundleIconFile"="AppIcon", "CFBundleIconName"="AppIcon", "CFBundleIdentifier"="com.peachcommander.app", "CFBundleInfoDictionaryVersion"="6.0", "CFBundleName"="PeachCommander", "CFBundleNumericVersion"=67141632, "CFBundlePackageType"="APPL", "CFBundleShortVersionString"="0.4.0", "CFBundleSignature"="?????", "CFBundleSupportedPlatforms"=( "MacOSX"), "CFBundleVersion"="4", "DTCompiler"="com.apple.compilers.llvm.clang.1_0", "DTPlatformBuild"="25F70", "DTPlatformName"="macosx", "DTPlatformVersion"="26.5", "DTSDKBuild"="25F70", "DTSDKName"="macosx26.5", "DTXcode"="2660", "DTXcodeBuild"="17F113", "Flavor"=3, "LSArchitecture"="arm64", "LSBundlePath"="/Users/admin/pc-test/PeachCom<…>
2026-08-09 17:47:25.249 Df PeachCommander[1171:21c0] [com.apple.processmanager:front-35286506] CHECKIN: pid=1171
2026-08-09 17:47:25.250 Df PeachCommander[1171:21c0] [com.apple.processmanager:front-35286506] CHECKEDIN: pid=1171 asn=0x0-0x38038 foreground=1
2026-08-09 17:47:25.250 I  PeachCommander[1171:21c0] [com.apple.launchservices:cas] Setting processControlState to default PROC_SETPC_SUSPEND because application does not have LSProcessControlValue key
2026-08-09 17:47:25.250 Df PeachCommander[1171:21c0] [com.apple.xpc:connection] [0x8eb088280] activating connection: mach=false listener=true peer=false name=(anonymous)
2026-08-09 17:47:25.250 Df PeachCommander[1171:21c0] [com.apple.xpc:connection] [0x8eb088280] Connection returned listener port: 0x5303
2026-08-09 17:47:25.250 Df PeachCommander[1171:21c8] [com.apple.xpc:connection] [0x8eacac300] activating connection: mach=false listener=false peer=true name=com.apple.xpc.anonymous.0x8eb088280.peer[131].0x8eacac300
2026-08-09 17:47:25.251 Df PeachCommander[1171:21c0] [com.apple.processmanager:front-35286506] FRONTLOGGING: version 1
2026-08-09 17:47:25.251 Df PeachCommander[1171:21c0] [com.apple.processmanager:front-35286506] Registered, pid=1171 ASN=0x0,0x38038
2026-08-09 17:47:25.251 Df PeachCommander[1171:21c0] [com.apple.xpc:connection] [0x8eb0883c0] activating connection: mach=true listener=false peer=false name=com.apple.analyticsd
2026-08-09 17:47:25.251 I  PeachCommander[1171:21c0] [com.apple.CoreAnalytics:client] Daemon status changed from 0 to 1
2026-08-09 17:47:25.251 I  PeachCommander[1171:21c8] [com.apple.CarbonCore:coreservicesdaemon] SCSession():SCSession( id=100, this=0x0x1061e2f00 option=65538) created, forUID=501 mach_port_t=0x4f03.
2026-08-09 17:47:25.251 I  PeachCommander[1171:21c8] [com.apple.CarbonCore:coreservicesdaemon] SCSession():SCSession( id=101, this=0x0x1061e3040 option=65538) created, forUID=501 mach_port_t=0x4303.
2026-08-09 17:47:25.251 I  PeachCommander[1171:21c8] [com.apple.CarbonCore:coreservicesdaemon] connectToCoreServicesD():Instantiating server (coreservicesd based) SCSession, port=0x4f03 serverOptions=0x10002.
2026-08-09 17:47:25.251 I  PeachCommander[1171:21c0] [com.apple.hiservices:processmgr] _RegisterApplication( pid 1171 => 0x0,0x38038) type=foreground
2026-08-09 17:47:25.251 Df PeachCommander[1171:21c0] [com.apple.xpc:connection] [0x8eb088280] Connection returned listener port: 0x5303
2026-08-09 17:47:25.251 Df PeachCommander[1171:21c8] [com.apple.xpc:connection] [0x8eb088500] activating connection: mach=true listener=false peer=false name=com.apple.lsd.mapdb
2026-08-09 17:47:25.251 Df PeachCommander[1171:21cc] [com.apple.CoreAnalytics:client] Received configuration update from daemon (initial)
2026-08-09 17:47:25.251 I  PeachCommander[1171:21c0] [com.apple.launchservices:cas] CFArrayRef _LSCopyLaunchModifiers(LSSessionID, LSASNRef _Nonnull), result for psn [ kLSCurrentApp ASN, 0x0,0x2]  is 1 items.
2026-08-09 17:47:25.251 Df PeachCommander[1171:21c0] [com.apple.processmanager:front-35286506] BringForward: pid=1171 asn=0x0-0x38038 bringForward=1 foreground=1 uiElement=0 launchedByLS=1 modifiersCount=1 allDisabled=1
2026-08-09 17:47:25.251 Df PeachCommander[1171:21c0] [com.apple.processmanager:front-35286506] BringFrontModifier: pid=1171 asn=0x0-0x38038 Modifier 0 hideAfter=0 hideOthers=0 dontMakeFrontmost=0 mouseDown=0/0 seed=0/0
2026-08-09 17:47:25.251 Df PeachCommander[1171:21c0] [com.apple.processmanager:front-35286506] BringForward: pid=1171 asn=0x0-0x38038
2026-08-09 17:47:25.251 Df PeachCommander[1171:21c0] [com.apple.processmanager:front-35286506] SetFrontProcess: asn=0x0-0x38038 options=0
2026-08-09 17:47:25.251 I  PeachCommander[1171:21c0] [com.apple.SkyLight:processes] 0[outside of RPC]: SLPSetFrontProcess(0x0-0x38038 window=0 options=0x0
2026-08-09 17:47:25.253 Df PeachCommander[1171:21c0] [com.apple.AppKit:Appearance] Current system appearance, (HLTB: 1), (SLS: 0)
2026-08-09 17:47:25.253 I  PeachCommander[1171:21c7] [com.apple.launchservices:cas] information in shared memory for 0x0-0x38038 with seed 533 was still valid, so using cached info { "ApplicationType"="Foreground", "BuildMachineOSBuild"="25E246", "BundleIdentifierLowerCase"="com.peachcommander.app", "CFBundleDevelopmentRegion"="en", "CFBundleExecutable"="PeachCommander", "CFBundleExecutablePath"="/Users/admin/pc-test/PeachCommander.app/Contents/MacOS/PeachCommander", "CFBundleExecutablePathDeviceID"=16777226, "CFBundleExecutablePathINode"=489854, "CFBundleHelpBookFolder"="PeachCommander.help", "CFBundleHelpBookName"="Peach Commander Help", "CFBundleIconFile"="AppIcon", "CFBundleIconName"="AppIcon", "CFBundleIdentifier"="com.peachcommander.app", "CFBundleInfoDictionaryVersion"="6.0", "CFBundleName"="PeachCommander", "CFBundleNameLowerCase"="peachcommander", "CFBundleNumericVersion"=67141632, "CFBundlePackageType"="APPL", "CFBundleShortVersionString"="0.4.0", "CFBundleSignature"="?????", "CFBundleSupportedPlatforms"=( "MacOSX"), "CFBundleVersion"="4", "CanBecomeFrontmost"=true, "ChangeCount"=533, "DTCompiler"="com.apple.compilers.llvm.clang.1_0", "DTPlatformBuil<…>
2026-08-09 17:47:25.253 Df PeachCommander[1171:21c0] (libMobileGestalt.dylib) No persisted cache on this platform.
2026-08-09 17:47:25.255 Df PeachCommander[1171:21c0] (libMobileGestalt.dylib) Could not get size of EAN data (IOConnectCallScalarMethod kAppleNVMeEANGetSize returned 0xE00002E2)
2026-08-09 17:47:25.255 Df PeachCommander[1171:21c0] (libMobileGestalt.dylib) Failed to copy 'aptk' from EAN
2026-08-09 17:47:25.255 Df PeachCommander[1171:21c0] (libMobileGestalt.dylib) Failed to copy APTicket properties. Falling back to default policy.
2026-08-09 17:47:25.255 Df PeachCommander[1171:21c0] (libMobileGestalt.dylib) Creating default MGSysConfigPolicy
2026-08-09 17:47:25.255 Df PeachCommander[1171:21c0] (libMobileGestalt.dylib) CFDictionaryRef copySyscfgDictionary(void) enumeration of <private> failed.
2026-08-09 17:47:25.255 Df PeachCommander[1171:21c0] (libMobileGestalt.dylib) Failed to find key <private>
2026-08-09 17:47:25.256 Df PeachCommander[1171:21c0] [com.apple.AppKit:Appearance] Current system appearance, (HLTB: 1), (SLS: 0)
2026-08-09 17:47:25.256 I  PeachCommander[1171:21c8] [com.apple.launchservices:db] LaunchServices database schema version: 20971544
2026-08-09 17:47:25.256 Df PeachCommander[1171:21c0] [com.apple.AppKit:Appearance] Post-registration system appearance: (HLTB: 1)
2026-08-09 17:47:25.257 I  PeachCommander[1171:21c8] [com.apple.launchservices:default] Unable to load Info.plist exceptions (eGPUOverrides)
2026-08-09 17:47:25.257 I  PeachCommander[1171:21c8] [com.apple.launchservices:default] Unable to load Info.plist exceptions (gameModeOverrides)
2026-08-09 17:47:25.257 I  PeachCommander[1171:21c8] [com.apple.launchservices:default] Unable to load Info.plist exceptions (identifiedGameOverrides)
2026-08-09 17:47:25.257 I  PeachCommander[1171:21c8] [com.apple.launchservices:default] Unable to load Info.plist exceptions (SystemHiddenPreferred)
2026-08-09 17:47:25.258 Df PeachCommander[1171:21c0] [com.apple.FrontBoard:Common] FBSWorkspace: endpoint monitoring is disabled.
2026-08-09 17:47:25.258 Df PeachCommander[1171:21c0] [com.apple.FrontBoard:Common] FBSWorkspace: default shell endpoint is disabled.
2026-08-09 17:47:25.258 Df PeachCommander[1171:21c0] [com.apple.runningboard:connection] Initializing connection
2026-08-09 17:47:25.258 Df PeachCommander[1171:21c0] [com.apple.runningboard:process] Removing all cached process handles
2026-08-09 17:47:25.258 Df PeachCommander[1171:21cc] [com.apple.runningboard:connection] Sending handshake request attempt #1 to server
2026-08-09 17:47:25.258 Df PeachCommander[1171:21cc] [com.apple.runningboard:connection] Creating connection to com.apple.runningboard
2026-08-09 17:47:25.258 Df PeachCommander[1171:21cc] [com.apple.xpc:connection] [0x8eb088640] activating connection: mach=true listener=false peer=false name=com.apple.runningboard
2026-08-09 17:47:25.258 Df PeachCommander[1171:21c0] [com.apple.xpc:connection] [0x8eb088280] Connection returned listener port: 0x5303
2026-08-09 17:47:25.258 A  PeachCommander[1171:21c7] (RunningBoardServices) didChangeInheritances
2026-08-09 17:47:25.258 I  PeachCommander[1171:21c0] [com.apple.launchservices:cas] information in shared memory for 0x0-0x38038 with seed 533 was still valid, so using cached info { "ApplicationType"="Foreground", "BuildMachineOSBuild"="25E246", "BundleIdentifierLowerCase"="com.peachcommander.app", "CFBundleDevelopmentRegion"="en", "CFBundleExecutable"="PeachCommander", "CFBundleExecutablePath"="/Users/admin/pc-test/PeachCommander.app/Contents/MacOS/PeachCommander", "CFBundleExecutablePathDeviceID"=16777226, "CFBundleExecutablePathINode"=489854, "CFBundleHelpBookFolder"="PeachCommander.help", "CFBundleHelpBookName"="Peach Commander Help", "CFBundleIconFile"="AppIcon", "CFBundleIconName"="AppIcon", "CFBundleIdentifier"="com.peachcommander.app", "CFBundleInfoDictionaryVersion"="6.0", "CFBundleName"="PeachCommander", "CFBundleNameLowerCase"="peachcommander", "CFBundleNumericVersion"=67141632, "CFBundlePackageType"="APPL", "CFBundleShortVersionString"="0.4.0", "CFBundleSignature"="?????", "CFBundleSupportedPlatforms"=( "MacOSX"), "CFBundleVersion"="4", "CanBecomeFrontmost"=true, "ChangeCount"=533, "DTCompiler"="com.apple.compilers.llvm.clang.1_0", "DTPlatformBuil<…>
2026-08-09 17:47:25.258 Df PeachCommander[1171:21cc] [com.apple.runningboard:connection] Handshake succeeded
2026-08-09 17:47:25.258 Df PeachCommander[1171:21cc] [com.apple.runningboard:connection] Identity resolved as app<application.com.peachcommander.app.489636.489854(501)>
2026-08-09 17:47:25.260 Df PeachCommander[1171:21c0] [com.apple.xpc:connection] [0x8eb088280] Connection returned listener port: 0x5303
2026-08-09 17:47:25.260 A  PeachCommander[1171:21c8] (AppIntents) appintents:register process
2026-08-09 17:47:25.261 I  PeachCommander[1171:21c0] [com.apple.launchservices:cas] information in shared memory for 0x0-0x38038 with seed 533 was still valid, so using cached info { "ApplicationType"="Foreground", "BuildMachineOSBuild"="25E246", "BundleIdentifierLowerCase"="com.peachcommander.app", "CFBundleDevelopmentRegion"="en", "CFBundleExecutable"="PeachCommander", "CFBundleExecutablePath"="/Users/admin/pc-test/PeachCommander.app/Contents/MacOS/PeachCommander", "CFBundleExecutablePathDeviceID"=16777226, "CFBundleExecutablePathINode"=489854, "CFBundleHelpBookFolder"="PeachCommander.help", "CFBundleHelpBookName"="Peach Commander Help", "CFBundleIconFile"="AppIcon", "CFBundleIconName"="AppIcon", "CFBundleIdentifier"="com.peachcommander.app", "CFBundleInfoDictionaryVersion"="6.0", "CFBundleName"="PeachCommander", "CFBundleNameLowerCase"="peachcommander", "CFBundleNumericVersion"=67141632, "CFBundlePackageType"="APPL", "CFBundleShortVersionString"="0.4.0", "CFBundleSignature"="?????", "CFBundleSupportedPlatforms"=( "MacOSX"), "CFBundleVersion"="4", "CanBecomeFrontmost"=true, "ChangeCount"=533, "DTCompiler"="com.apple.compilers.llvm.clang.1_0", "DTPlatformBuil<…>
2026-08-09 17:47:25.261 I  PeachCommander[1171:21c0] [com.apple.hiservices:processmgr] TransformProcessType(0x0,0x2 => 1 wasFront=1 pickNew=0)
2026-08-09 17:47:25.261 I  PeachCommander[1171:21c0] [com.apple.CoreAnalytics:client] Dropping "com.apple.appkit.app_config" as it isn't used in any transform (not in the config or budgeted?)
2026-08-09 17:47:25.261 Df PeachCommander[1171:21c8] [com.apple.appintents:Connection] Created a new Process Instance Registry XPC connection (inactive)
2026-08-09 17:47:25.261 Df PeachCommander[1171:21c8] [com.apple.xpc:connection] [0x8eb088780] activating connection: mach=true listener=false peer=false name=com.apple.linkd.autoShortcut
2026-08-09 17:47:25.261 Df PeachCommander[1171:21c8] [com.apple.appintents:Connection] Activated connection to linkd (ApplicationService)
2026-08-09 17:47:25.261 Df PeachCommander[1171:21c8] [com.apple.xpc:connection] [0x8eb088a00] activating connection: mach=false listener=true peer=false name=(anonymous)
2026-08-09 17:47:25.261 Df PeachCommander[1171:21c0] [com.apple.dt.xctest:Default] Registering for test daemon availability notify post.
2026-08-09 17:47:25.261 Df PeachCommander[1171:21c0] [com.apple.dt.xctest:Default] notify_get_state check indicated test daemon not ready.
2026-08-09 17:47:25.261 Df PeachCommander[1171:21c0] [com.apple.dt.xctest:Default] notify_get_state check indicated test daemon not ready.
2026-08-09 17:47:25.262 Df PeachCommander[1171:21c0] [com.apple.dt.xctest:Default] notify_get_state check indicated test daemon not ready.
2026-08-09 17:47:25.262 I  PeachCommander[1171:21c8] [com.apple.appintents:Execution] LNAppConnectionListener instantiated
2026-08-09 17:47:25.262 Df PeachCommander[1171:21c8] [com.apple.xpc:connection] [0x8eb088a00] Connection returned listener port: 0x6b03
2026-08-09 17:47:25.262 Df PeachCommander[1171:21cd] [com.apple.xpc:connection] [0x8eb088780] Re-initialization successful; calling out to event handler with XPC_ERROR_CONNECTION_INTERRUPTED
2026-08-09 17:47:25.262 Df PeachCommander[1171:21cd] [com.apple.appintents:Connection] Process Instance Registry XPC connection has been interrupted
2026-08-09 17:47:25.262 E  PeachCommander[1171:21c8] [com.apple.appintents:Connection] Unable to get synchronousRemoteObjectProxy, error: Error Domain=NSCocoaErrorDomain Code=4097 "connection to service named com.apple.linkd.autoShortcut" UserInfo={NSDebugDescription=connection to service named com.apple.linkd.autoShortcut}
2026-08-09 17:47:25.262 E  PeachCommander[1171:21c8] [com.apple.AppKit:Application] Error registering app with intents framework: Error Domain=NSCocoaErrorDomain Code=4097 UserInfo={NSDebugDescription=<private>}
2026-08-09 17:47:25.262 Df PeachCommander[1171:21cd] [com.apple.appintents:Connection] Created a new Process Instance Registry XPC connection (inactive)
2026-08-09 17:47:25.262 A  PeachCommander[1171:21cd] (AppIntents) appintents:register process
2026-08-09 17:47:25.262 Df PeachCommander[1171:21cd] [com.apple.appintents:Connection] Created a new Process Instance Registry XPC connection (inactive)
2026-08-09 17:47:25.262 Df PeachCommander[1171:21cd] [com.apple.xpc:connection] [0x8eb089040] activating connection: mach=true listener=false peer=false name=com.apple.linkd.autoShortcut
2026-08-09 17:47:25.262 Df PeachCommander[1171:21cd] [com.apple.appintents:Connection] Activated connection to linkd (ApplicationService)
2026-08-09 17:47:25.262 Df PeachCommander[1171:21cd] [com.apple.xpc:connection] [0x8eb088a00] Connection returned listener port: 0x6b03
2026-08-09 17:47:25.262 Df PeachCommander[1171:21c8] [com.apple.xpc:connection] [0x8eb089040] Re-initialization successful; calling out to event handler with XPC_ERROR_CONNECTION_INTERRUPTED
2026-08-09 17:47:25.262 Df PeachCommander[1171:21c8] [com.apple.appintents:Connection] Process Instance Registry XPC connection has been interrupted
2026-08-09 17:47:25.262 Df PeachCommander[1171:21c8] [com.apple.appintents:Connection] Created a new Process Instance Registry XPC connection (inactive)
2026-08-09 17:47:25.262 A  PeachCommander[1171:21c8] (AppIntents) appintents:register process
2026-08-09 17:47:25.262 Df PeachCommander[1171:21c8] [com.apple.appintents:Connection] Created a new Process Instance Registry XPC connection (inactive)
2026-08-09 17:47:25.262 Df PeachCommander[1171:21c8] [com.apple.xpc:connection] [0x8eb0892c0] activating connection: mach=true listener=false peer=false name=com.apple.linkd.autoShortcut
2026-08-09 17:47:25.262 E  PeachCommander[1171:21cd] [com.apple.appintents:Connection] Unable to get synchronousRemoteObjectProxy, error: Error Domain=NSCocoaErrorDomain Code=4097 "connection to service named com.apple.linkd.autoShortcut" UserInfo={NSDebugDescription=connection to service named com.apple.linkd.autoShortcut}
2026-08-09 17:47:25.262 E  PeachCommander[1171:21cd] [com.apple.appintents:Connection] Unable to re-register with Process Instance Registry, error: Error Domain=NSCocoaErrorDomain Code=4097 "connection to service named com.apple.linkd.autoShortcut" UserInfo={NSDebugDescription=connection to service named com.apple.linkd.autoShortcut}
2026-08-09 17:47:25.262 Df PeachCommander[1171:21c8] [com.apple.appintents:Connection] Activated connection to linkd (ApplicationService)
2026-08-09 17:47:25.262 Df PeachCommander[1171:21c8] [com.apple.xpc:connection] [0x8eb088a00] Connection returned listener port: 0x6b03
2026-08-09 17:47:25.263 Df PeachCommander[1171:21c7] [com.apple.xpc:connection] [0x8eb0892c0] Re-initialization successful; calling out to event handler with XPC_ERROR_CONNECTION_INTERRUPTED
2026-08-09 17:47:25.263 Df PeachCommander[1171:21c7] [com.apple.appintents:Connection] Process Instance Registry XPC connection has been interrupted
2026-08-09 17:47:25.263 E  PeachCommander[1171:21c8] [com.apple.appintents:Connection] Unable to get synchronousRemoteObjectProxy, error: Error Domain=NSCocoaErrorDomain Code=4097 "connection to service named com.apple.linkd.autoShortcut" UserInfo={NSDebugDescription=connection to service named com.apple.linkd.autoShortcut}
2026-08-09 17:47:25.263 E  PeachCommander[1171:21c8] [com.apple.appintents:Connection] Unable to re-register with Process Instance Registry, error: Error Domain=NSCocoaErrorDomain Code=4097 "connection to service named com.apple.linkd.autoShortcut" UserInfo={NSDebugDescription=connection to service named com.apple.linkd.autoShortcut}
2026-08-09 17:47:25.263 Df PeachCommander[1171:21c7] [com.apple.appintents:Connection] Created a new Process Instance Registry XPC connection (inactive)
2026-08-09 17:47:25.263 A  PeachCommander[1171:21c7] (AppIntents) appintents:register process
2026-08-09 17:47:25.263 Df PeachCommander[1171:21c7] [com.apple.appintents:Connection] Created a new Process Instance Registry XPC connection (inactive)
2026-08-09 17:47:25.263 Df PeachCommander[1171:21c7] [com.apple.xpc:connection] [0x8eb089540] activating connection: mach=true listener=false peer=false name=com.apple.linkd.autoShortcut
2026-08-09 17:47:25.263 Df PeachCommander[1171:21c7] [com.apple.appintents:Connection] Activated connection to linkd (ApplicationService)
2026-08-09 17:47:25.263 Df PeachCommander[1171:21c7] [com.apple.xpc:connection] [0x8eb088a00] Connection returned listener port: 0x6b03
2026-08-09 17:47:25.263 Df PeachCommander[1171:21c8] [com.apple.xpc:connection] [0x8eb089540] Re-initialization successful; calling out to event handler with XPC_ERROR_CONNECTION_INTERRUPTED
2026-08-09 17:47:25.263 Df PeachCommander[1171:21c8] [com.apple.appintents:Connection] Process Instance Registry XPC connection has been interrupted
2026-08-09 17:47:25.263 E  PeachCommander[1171:21c8] [com.apple.appintents:Connection] Will NOT re-try to establish the connection
2026-08-09 17:47:25.263 E  PeachCommander[1171:21c7] [com.apple.appintents:Connection] Unable to get synchronousRemoteObjectProxy, error: Error Domain=NSCocoaErrorDomain Code=4097 "connection to service named com.apple.linkd.autoShortcut" UserInfo={NSDebugDescription=connection to service named com.apple.linkd.autoShortcut}
2026-08-09 17:47:25.263 E  PeachCommander[1171:21c7] [com.apple.appintents:Connection] Unable to re-register with Process Instance Registry, error: Error Domain=NSCocoaErrorDomain Code=4097 "connection to service named com.apple.linkd.autoShortcut" UserInfo={NSDebugDescription=connection to service named com.apple.linkd.autoShortcut}
2026-08-09 17:47:25.265 A  PeachCommander[1171:21c0] (CoreFoundation) Loading Preferences From System CFPrefsD
2026-08-09 17:47:25.265 Df PeachCommander[1171:21c0] (libMobileGestalt.dylib) couldn't load support library
2026-08-09 17:47:25.265 Df PeachCommander[1171:21c0] (libMobileGestalt.dylib) called dummy function!
2026-08-09 17:47:25.266 I  PeachCommander[1171:21c0] [com.apple.GenerativeModels:availability] Current availability state: unavailable, use cases: com.apple.WritingTools, language: <any>, api: <private>
2026-08-09 17:47:25.266 Df PeachCommander[1171:21c0] [com.apple.GenerativeModels:availability] registering darwin observer for name: com.apple.gms.availability.notification
2026-08-09 17:47:25.266 Df PeachCommander[1171:21c0] [com.apple.GenerativeModels:availability] registering darwin observer for name: com.apple.os-eligibility-domain.change.greymatter
2026-08-09 17:47:25.266 Df PeachCommander[1171:21c0] [com.apple.GenerativeModels:availability] registering darwin observer for name: com.apple.language.changed
2026-08-09 17:47:25.266 Df PeachCommander[1171:21c0] [com.apple.WritingTools:Default] isAvailable value changed: isMDMAllowed = true, gmAvailable (current) = false
2026-08-09 17:47:25.268 I  PeachCommander[1171:21c0] [com.apple.CoreAnalytics:client] Dropping "com.apple.appkit.app_config" as it isn't used in any transform (not in the config or budgeted?)
2026-08-09 17:47:25.271 Df PeachCommander[1171:21c0] [com.apple.AppKit:Appearance] NSApp cache appearance:
-NSRequiresAquaSystemAppearance: 0
-appearance: (null)
-effectiveAppearance: <NSCompositeAppearance: 0x8eac685a0
 (
    "<NSAquaAppearance: 0x8eac68460>",
    "<NSSystemAppearance: 0x8eac68780>"
)>
2026-08-09 17:47:25.273 A  PeachCommander[1171:21c0] (CoreFoundation) Loading Preferences From User CFPrefsD
2026-08-09 17:47:25.273 A  PeachCommander[1171:21c0] (CoreFoundation) Loading Preferences From User CFPrefsD
2026-08-09 17:47:25.276 A  PeachCommander[1171:21c8] (libsystem_info.dylib) Membership API: translate identifier
2026-08-09 17:47:25.278 I  PeachCommander[1171:21c0] [com.apple.CoreAnalytics:client] Dropping "com.apple.appkit.app_config" as it isn't used in any transform (not in the config or budgeted?)
2026-08-09 17:47:25.278 I  PeachCommander[1171:21c0] [com.apple.CoreAnalytics:client] Dropping "com.apple.appkit.app_config" as it isn't used in any transform (not in the config or budgeted?)
2026-08-09 17:47:25.279 Df PeachCommander[1171:21c7] [com.apple.xpc:connection] [0x8eb089a40] activating connection: mach=true listener=false peer=false name=com.apple.dock.fullscreen
2026-08-09 17:47:25.280 Df PeachCommander[1171:21c0] [com.apple.xpc:connection] [0x8eb089b80] activating connection: mach=true listener=false peer=false name=com.apple.fonts
2026-08-09 17:47:25.282 I  PeachCommander[1171:21c0] [com.apple.launchservices:cas] information in shared memory for 0x0-0x38038 with seed 533 was still valid, so using cached info { "ApplicationType"="Foreground", "BuildMachineOSBuild"="25E246", "BundleIdentifierLowerCase"="com.peachcommander.app", "CFBundleDevelopmentRegion"="en", "CFBundleExecutable"="PeachCommander", "CFBundleExecutablePath"="/Users/admin/pc-test/PeachCommander.app/Contents/MacOS/PeachCommander", "CFBundleExecutablePathDeviceID"=16777226, "CFBundleExecutablePathINode"=489854, "CFBundleHelpBookFolder"="PeachCommander.help", "CFBundleHelpBookName"="Peach Commander Help", "CFBundleIconFile"="AppIcon", "CFBundleIconName"="AppIcon", "CFBundleIdentifier"="com.peachcommander.app", "CFBundleInfoDictionaryVersion"="6.0", "CFBundleName"="PeachCommander", "CFBundleNameLowerCase"="peachcommander", "CFBundleNumericVersion"=67141632, "CFBundlePackageType"="APPL", "CFBundleShortVersionString"="0.4.0", "CFBundleSignature"="?????", "CFBundleSupportedPlatforms"=( "MacOSX"), "CFBundleVersion"="4", "CanBecomeFrontmost"=true, "ChangeCount"=533, "DTCompiler"="com.apple.compilers.llvm.clang.1_0", "DTPlatformBuil<…>
2026-08-09 17:47:25.282 I  PeachCommander[1171:21c0] [com.apple.CoreAnalytics:client] Dropping "com.apple.appkit.app_config" as it isn't used in any transform (not in the config or budgeted?)
2026-08-09 17:47:25.282 Df PeachCommander[1171:21c0] [com.apple.AppKit:AutomaticTermination] -[NSApplication(NSAppssassination) _checkForAutomaticTerminationSupportPossiblyEnablingIt]_block_invoke Enabling automatic termination support.
2026-08-09 17:47:25.283 Df PeachCommander[1171:21c0] [com.apple.xpc:connection] [0x8eb088b40] activating connection: mach=true listener=false peer=false name=com.apple.appkit.restoration_storage
2026-08-09 17:47:25.283 I  PeachCommander[1171:21c0] [com.apple.launchservices:cas] information in shared memory for 0x0-0x38038 with seed 533 was still valid, so using cached info { "ApplicationType"="Foreground", "BuildMachineOSBuild"="25E246", "BundleIdentifierLowerCase"="com.peachcommander.app", "CFBundleDevelopmentRegion"="en", "CFBundleExecutable"="PeachCommander", "CFBundleExecutablePath"="/Users/admin/pc-test/PeachCommander.app/Contents/MacOS/PeachCommander", "CFBundleExecutablePathDeviceID"=16777226, "CFBundleExecutablePathINode"=489854, "CFBundleHelpBookFolder"="PeachCommander.help", "CFBundleHelpBookName"="Peach Commander Help", "CFBundleIconFile"="AppIcon", "CFBundleIconName"="AppIcon", "CFBundleIdentifier"="com.peachcommander.app", "CFBundleInfoDictionaryVersion"="6.0", "CFBundleName"="PeachCommander", "CFBundleNameLowerCase"="peachcommander", "CFBundleNumericVersion"=67141632, "CFBundlePackageType"="APPL", "CFBundleShortVersionString"="0.4.0", "CFBundleSignature"="?????", "CFBundleSupportedPlatforms"=( "MacOSX"), "CFBundleVersion"="4", "CanBecomeFrontmost"=true, "ChangeCount"=533, "DTCompiler"="com.apple.compilers.llvm.clang.1_0", "DTPlatformBuil<…>
2026-08-09 17:47:25.283 Df PeachCommander[1171:21c0] [com.apple.xpc:connection] [0x8eb088c80] activating connection: mach=true listener=false peer=false name=com.apple.coreservices.appleevents
2026-08-09 17:47:25.283 I  PeachCommander[1171:21c0] [com.apple.appleevents:main] _AEGetRegisteredMachPort() created default port (port:44291/0xad03 rcv:1 send:1 limit:5) and registered it with server
2026-08-09 17:47:25.283 Df PeachCommander[1171:21c0] [com.apple.xpc:connection] [0x8eb088280] Connection returned listener port: 0x5303
2026-08-09 17:47:25.283 I  PeachCommander[1171:21c0] [com.apple.launchservices:cas] information in shared memory for 0x0-0x38038 with seed 533 was still valid, so using cached info { "ApplicationType"="Foreground", "BuildMachineOSBuild"="25E246", "BundleIdentifierLowerCase"="com.peachcommander.app", "CFBundleDevelopmentRegion"="en", "CFBundleExecutable"="PeachCommander", "CFBundleExecutablePath"="/Users/admin/pc-test/PeachCommander.app/Contents/MacOS/PeachCommander", "CFBundleExecutablePathDeviceID"=16777226, "CFBundleExecutablePathINode"=489854, "CFBundleHelpBookFolder"="PeachCommander.help", "CFBundleHelpBookName"="Peach Commander Help", "CFBundleIconFile"="AppIcon", "CFBundleIconName"="AppIcon", "CFBundleIdentifier"="com.peachcommander.app", "CFBundleInfoDictionaryVersion"="6.0", "CFBundleName"="PeachCommander", "CFBundleNameLowerCase"="peachcommander", "CFBundleNumericVersion"=67141632, "CFBundlePackageType"="APPL", "CFBundleShortVersionString"="0.4.0", "CFBundleSignature"="?????", "CFBundleSupportedPlatforms"=( "MacOSX"), "CFBundleVersion"="4", "CanBecomeFrontmost"=true, "ChangeCount"=533, "DTCompiler"="com.apple.compilers.llvm.clang.1_0", "DTPlatformBuil<…>
2026-08-09 17:47:25.283 Df PeachCommander[1171:21c0] [com.apple.processmanager:front-35286506] SignalReady: pid=1171 asn=0x0-0x38038
2026-08-09 17:47:25.283 Df PeachCommander[1171:21c0] [com.apple.processmanager:front-35286506] SIGNAL: pid=1171 asn=0x0x-0x38038
2026-08-09 17:47:25.283 I  PeachCommander[1171:21c0] [com.apple.appleevents:main] aeGenerateFakeFirstOAPPEventIfNecessary()
2026-08-09 17:47:25.283 I  PeachCommander[1171:21c0] [com.apple.appleevents:main] aeGenerateFakeFirstOAPPEventIfNecessary(), needToCreateFakeOAPPEventIfFirstEvent == true
2026-08-09 17:47:25.283 I  PeachCommander[1171:21c0] [com.apple.launchservices:cas] Removing cached information for app [ 0x0-0x38038]  "PeachCommander", as its seed is different from that in shared memory ( 533 vs 535)
2026-08-09 17:47:25.284 I  PeachCommander[1171:21c0] [com.apple.CFPasteboard:entry] CopyData('DefaultAsciiKeyboardLayoutPasteboard' (<CFUUID 0x8eac1e460> B02220F2-8344-451F-93F7-B940B130463D) gen: -1 item: 1264739405 flavor: 'DefaultAsciiKeyboardLayoutFlavor')
2026-08-09 17:47:25.284 I  PeachCommander[1171:21c0] [com.apple.CFPasteboard:cache] Rebuilding cache for 'DefaultAsciiKeyboardLayoutPasteboard' (<CFUUID 0x8eac1e460> B02220F2-8344-451F-93F7-B940B130463D)
2026-08-09 17:47:25.284 I  PeachCommander[1171:21c0] [com.apple.CFPasteboard:exit] (not-in-cache) - result: -8 generation: 0 null data flags: 0
2026-08-09 17:47:25.284 A  PeachCommander[1171:21c0] (CoreFoundation) Loading Preferences From User CFPrefsD
2026-08-09 17:47:25.284 A  PeachCommander[1171:21c0] (CoreFoundation) Loading Preferences From System CFPrefsD
2026-08-09 17:47:25.285 I  PeachCommander[1171:21c0] [com.apple.CFPasteboard:entry] CopyData('AppleIntlFileCacheModificationDatePasteboard' (<CFUUID 0x8eac1e6c0> DA8A0AA1-471A-4FC6-9930-BD1E706AD441) gen: -1 item: 1 flavor: '-32766 1768845414')
2026-08-09 17:47:25.285 I  PeachCommander[1171:21c0] [com.apple.CFPasteboard:cache] Rebuilding cache for 'AppleIntlFileCacheModificationDatePasteboard' (<CFUUID 0x8eac1e6c0> DA8A0AA1-471A-4FC6-9930-BD1E706AD441)
2026-08-09 17:47:25.285 I  PeachCommander[1171:21c0] [com.apple.CFPasteboard:general] Will request data from daemon
2026-08-09 17:47:25.285 I  PeachCommander[1171:21c0] [com.apple.CFPasteboard:exit] (not-in-cache) - result: 0 generation: 1 data (310 bytes) flags: 0
2026-08-09 17:47:25.285 I  PeachCommander[1171:21c0] [com.apple.CFPasteboard:entry] CopyData('AppleIntlFileCacheModificationDatePasteboard' (<CFUUID 0x8eac1e6c0> DA8A0AA1-471A-4FC6-9930-BD1E706AD441) gen: -1 item: 1 flavor: '-32765 1802264953')
2026-08-09 17:47:25.285 I  PeachCommander[1171:21c0] [com.apple.CFPasteboard:general] Will request data from daemon
2026-08-09 17:47:25.285 I  PeachCommander[1171:21c0] [com.apple.CFPasteboard:exit] (not-in-cache) - result: 0 generation: 1 data (306 bytes) flags: 0
2026-08-09 17:47:25.285 I  PeachCommander[1171:21c0] [com.apple.CFPasteboard:entry] CopyData('AppleIntlFileCacheModificationDatePasteboard' (<CFUUID 0x8eac1e6c0> DA8A0AA1-471A-4FC6-9930-BD1E706AD441) gen: -1 item: 1 flavor: '-32764 1802264953')
2026-08-09 17:47:25.285 I  PeachCommander[1171:21c0] [com.apple.CFPasteboard:general] Will request data from daemon
2026-08-09 17:47:25.285 I  PeachCommander[1171:21c0] [com.apple.CFPasteboard:exit] (not-in-cache) - result: 0 generation: 1 data (281 bytes) flags: 0
2026-08-09 17:47:25.285 I  PeachCommander[1171:21c0] [com.apple.CFPasteboard:entry] CopyData('AppleIntlFileCacheModificationDatePasteboard' (<CFUUID 0x8eac1e6c0> DA8A0AA1-471A-4FC6-9930-BD1E706AD441) gen: -1 item: 1 flavor: '-32763 1802264953')
2026-08-09 17:47:25.285 I  PeachCommander[1171:21c0] [com.apple.CFPasteboard:general] Will request data from daemon
2026-08-09 17:47:25.285 I  PeachCommander[1171:21c0] [com.apple.CFPasteboard:exit] (not-in-cache) - result: 0 generation: 1 data (318 bytes) flags: 0
2026-08-09 17:47:25.285 I  PeachCommander[1171:21c0] [com.apple.CFPasteboard:entry] CopyData('AppleIntlFileCacheModificationDatePasteboard' (<CFUUID 0x8eac1e6c0> DA8A0AA1-471A-4FC6-9930-BD1E706AD441) gen: -1 item: 1 flavor: '-32765 1768845414')
2026-08-09 17:47:25.285 I  PeachCommander[1171:21c0] [com.apple.CFPasteboard:general] Will request data from daemon
2026-08-09 17:47:25.285 I  PeachCommander[1171:21c0] [com.apple.CFPasteboard:exit] (not-in-cache) - result: 0 generation: 1 data (303 bytes) flags: 0
2026-08-09 17:47:25.285 I  PeachCommander[1171:21c0] [com.apple.CFPasteboard:entry] CopyData('AppleIntlFileCacheModificationDatePasteboard' (<CFUUID 0x8eac1e6c0> DA8A0AA1-471A-4FC6-9930-BD1E706AD441) gen: -1 item: 1 flavor: '-32763 1768845414')
2026-08-09 17:47:25.285 I  PeachCommander[1171:21c0] [com.apple.CFPasteboard:general] Will request data from daemon
2026-08-09 17:47:25.285 I  PeachCommander[1171:21c0] [com.apple.CFPasteboard:exit] (not-in-cache) - result: 0 generation: 1 data (315 bytes) flags: 0
2026-08-09 17:47:25.287 I  PeachCommander[1171:21c0] [com.apple.launchservices:cas] information in shared memory for 0x0-0x38038 with seed 535 was still valid, so using cached info { "ApplicationType"="Foreground", "BuildMachineOSBuild"="25E246", "BundleIdentifierLowerCase"="com.peachcommander.app", "CFBundleDevelopmentRegion"="en", "CFBundleExecutable"="PeachCommander", "CFBundleExecutablePath"="/Users/admin/pc-test/PeachCommander.app/Contents/MacOS/PeachCommander", "CFBundleExecutablePathDeviceID"=16777226, "CFBundleExecutablePathINode"=489854, "CFBundleHelpBookFolder"="PeachCommander.help", "CFBundleHelpBookName"="Peach Commander Help", "CFBundleIconFile"="AppIcon", "CFBundleIconName"="AppIcon", "CFBundleIdentifier"="com.peachcommander.app", "CFBundleInfoDictionaryVersion"="6.0", "CFBundleName"="PeachCommander", "CFBundleNameLowerCase"="peachcommander", "CFBundleNumericVersion"=67141632, "CFBundlePackageType"="APPL", "CFBundleShortVersionString"="0.4.0", "CFBundleSignature"="?????", "CFBundleSupportedPlatforms"=( "MacOSX"), "CFBundleVersion"="4", "CanBecomeFrontmost"=true, "ChangeCount"=535, "DTCompiler"="com.apple.compilers.llvm.clang.1_0", "DTPlatformBuil<…>
2026-08-09 17:47:25.287 Df PeachCommander[1171:21c0] [com.apple.xpc:connection] [0x8eb089e00] activating connection: mach=false listener=false peer=false name=com.apple.ViewBridgeAuxiliary
2026-08-09 17:47:25.293 Df PeachCommander[1171:21c0] [com.apple.xpc:connection] [0x8eb089cc0] activating connection: mach=false listener=false peer=false name=(anonymous)
2026-08-09 17:47:25.293 Df PeachCommander[1171:21c0] [com.apple.xpc:connection] [0x8eb089f40] activating connection: mach=false listener=true peer=false name=(anonymous)
2026-08-09 17:47:25.293 Df PeachCommander[1171:21c0] [com.apple.xpc:connection] [0x8eb089f40] Connection returned listener port: 0xb603
2026-08-09 17:47:25.293 Df PeachCommander[1171:21c0] [com.apple.xpc:connection] [0x8eb089e00] invalidated after the last release of the connection object
2026-08-09 17:47:25.294 I  PeachCommander[1171:21c0] [com.apple.showhide:pr-59900543] SHOWHIDE: SHOW id=24 0x0-0x38038, err=0 eventTime=134799292208 windowID=0
2026-08-09 17:47:25.294 I  PeachCommander[1171:21c0] [com.apple.CarbonCore:coreservicesdaemon] findOrCreateCacheable():findOrCreateCacheable(), factoryName=3 cacheableName=<private> fCacheables.size()=0
2026-08-09 17:47:25.294 I  PeachCommander[1171:21c0] [com.apple.CarbonCore:coreservicesdaemon] findOrCreateCacheable():findOrCreateCacheable(), result = 0x8eb2c5540 (should be non-NULL)
2026-08-09 17:47:25.294 Df PeachCommander[1171:21c0] [com.apple.AppKit:AutomaticTermination] void _NSDisableAutomaticTerminationAndLog(NSString *) Restoring windows
2026-08-09 17:47:25.294 Df PeachCommander[1171:21c0] [com.apple.AppKit:StateRestoration] -[NSApplication _reopenWindowsAsNecessaryIncludingRestorableState:withFullFidelity:completionHandler:] shouldRestoreState=1 hasPersistentStateToRestore=0 shouldStillRestoreStateAfterPrompting=0
2026-08-09 17:47:25.294 Df PeachCommander[1171:21c0] [com.apple.xpc:connection] [0x8eb089e00] activating connection: mach=true listener=false peer=false name=com.apple.window_proxies
2026-08-09 17:47:25.294 Df PeachCommander[1171:21c0] [com.apple.xpc:connection] [0x8eb089e00] invalidated because the current process cancelled the connection by calling xpc_connection_cancel()
2026-08-09 17:47:25.294 I  PeachCommander[1171:21c0] [com.apple.SkyLight:processes] 0[outside of RPC]: SLSSetFrontProcessWithInfo(0x0-0x2 window=0 options=0x1
2026-08-09 17:47:25.295 I  PeachCommander[1171:21c0] [com.apple.CoreAnalytics:client] Dropping "com.apple.appkit.app_config" as it isn't used in any transform (not in the config or budgeted?)
2026-08-09 17:47:25.295 Df PeachCommander[1171:21c0] [com.apple.AppKit:AutomaticTermination] void _NSEnableAutomaticTerminationAndLog(NSString *) Restoring windows
2026-08-09 17:47:25.297 I  PeachCommander[1171:21c0] [com.apple.CoreAnalytics:client] Dropping "com.apple.appkit.app_config" as it isn't used in any transform (not in the config or budgeted?)
2026-08-09 17:47:25.297 I  PeachCommander[1171:21c0] [com.apple.CoreAnalytics:client] Dropping "com.apple.appkit.app_config" as it isn't used in any transform (not in the config or budgeted?)
2026-08-09 17:47:25.298 A  PeachCommander[1171:21c0] (CoreFoundation) Loading Preferences From User CFPrefsD
2026-08-09 17:47:25.312 I  PeachCommander[1171:21c0] [com.peachcommander:PCFoundation] VolumeManager initialized
2026-08-09 17:47:25.327 Df PeachCommander[1171:21c0] [com.apple.BoardServices:XPCErrors] [C:1] Alloc <private>
2026-08-09 17:47:25.327 Df PeachCommander[1171:21c0] [com.apple.xpc:connection] [0x8eb400640] activating connection: mach=false listener=false peer=false name=(anonymous)
2026-08-09 17:47:25.328 I  PeachCommander[1171:21c0] [com.apple.AppKit:Window] context (0 -> cf851d31) for window 4c
2026-08-09 17:47:25.329 A  PeachCommander[1171:21c8] (RunningBoardServices) didChangeInheritances
2026-08-09 17:47:25.329 Df PeachCommander[1171:21c8] [com.apple.corespotlight:index] (<private>) deleteSearchableItemsWithDomainIdentifiers, protectionClass:(null), domainIdentifiers number:1
2026-08-09 17:47:25.329 A  PeachCommander[1171:21c8] (CoreSpotlight) delete-domains
2026-08-09 17:47:25.329 Df PeachCommander[1171:21c7] [com.apple.corespotlight:index] CSInlineDonation:<private>: Skipping donation (feature flag disabled)
2026-08-09 17:47:25.329 I  PeachCommander[1171:21c0] [com.peachcommander:PCFoundation] MainWindowController initialized (config: <private>)
2026-08-09 17:47:25.329 Df PeachCommander[1171:21c7] (CoreSpotlight) sConnectionName: com.apple.spotlight.IndexAgent
2026-08-09 17:47:25.329 Df PeachCommander[1171:21c7] (CoreSpotlight) Start service name com.apple.spotlight.IndexAgent
2026-08-09 17:47:25.329 Df PeachCommander[1171:21c7] [com.apple.xpc:connection] [0x8eb4008c0] activating connection: mach=true listener=false peer=false name=com.apple.spotlight.IndexAgent
2026-08-09 17:47:25.329 I  PeachCommander[1171:21c0] [com.peachcommander:PCFoundation] SelectionState initialized
2026-08-09 17:47:25.329 I  PeachCommander[1171:21c0] [com.peachcommander:PCFoundation] DirectoryModel initialized
2026-08-09 17:47:25.329 I  PeachCommander[1171:21c0] [com.peachcommander:PCFoundation] VolumeManager initialized
2026-08-09 17:47:25.329 I  PeachCommander[1171:21c0] [com.peachcommander:PCFoundation] PanelController initialized for <private> panel
2026-08-09 17:47:25.329 I  PeachCommander[1171:21c0] [com.peachcommander:PCFoundation] SelectionState initialized
2026-08-09 17:47:25.329 I  PeachCommander[1171:21c0] [com.peachcommander:PCFoundation] DirectoryModel initialized
2026-08-09 17:47:25.329 I  PeachCommander[1171:21c0] [com.peachcommander:PCFoundation] VolumeManager initialized
2026-08-09 17:47:25.329 I  PeachCommander[1171:21c0] [com.peachcommander:PCFoundation] PanelController initialized for <private> panel
2026-08-09 17:47:25.332 I  PeachCommander[1171:21c0] [com.apple.AppKit:Animation] Running new animation: <private>
2026-08-09 17:47:25.332 I  PeachCommander[1171:21c0] [com.apple.AppKit:Animation] Running new animation: <private>
2026-08-09 17:47:25.332 I  PeachCommander[1171:21c0] [com.apple.AppKit:Animation] Running new animation: <private>
2026-08-09 17:47:25.332 I  PeachCommander[1171:21c0] [com.apple.AppKit:Animation] Running new animation: <private>
2026-08-09 17:47:25.332 I  PeachCommander[1171:21c0] [com.apple.AppKit:Animation] Running new animation: <private>
2026-08-09 17:47:25.334 I  PeachCommander[1171:21c0] [com.apple.AppKit:Animation] Running new animation: <private>
2026-08-09 17:47:25.334 I  PeachCommander[1171:21c0] [com.apple.AppKit:Animation] Running new animation: <private>
2026-08-09 17:47:25.334 I  PeachCommander[1171:21c0] [com.apple.AppKit:Animation] Running new animation: <private>
2026-08-09 17:47:25.334 I  PeachCommander[1171:21c0] [com.apple.AppKit:Animation] Running new animation: <private>
2026-08-09 17:47:25.334 I  PeachCommander[1171:21c0] [com.apple.AppKit:Animation] Running new animation: <private>
2026-08-09 17:47:25.338 I  PeachCommander[1171:21c0] [com.apple.CoreAnalytics:client] Dropping "com.apple.appkit.app_config" as it isn't used in any transform (not in the config or budgeted?)
2026-08-09 17:47:25.340 I  PeachCommander[1171:21c0] [com.apple.CoreAnalytics:client] Dropping "com.apple.appkit.app_config" as it isn't used in any transform (not in the config or budgeted?)
2026-08-09 17:47:25.346 Df PeachCommander[1171:21c0] [com.apple.xpc:connection] [0x8eb568640] activating connection: mach=true listener=false peer=false name=com.apple.iconservices
2026-08-09 17:47:25.346 Df PeachCommander[1171:21c0] [com.apple.xpc:connection] [0x8eb568780] activating connection: mach=true listener=false peer=false name=com.apple.iconservices.store
2026-08-09 17:47:25.346 I  PeachCommander[1171:21c0] [com.peachcommander:Theme] no user themes in /Users/admin/pc-cfg/themes
2026-08-09 17:47:25.346 Df PeachCommander[1171:21c0] [com.apple.AppKit:Appearance] Invalidate NSApp effectiveAppearance
2026-08-09 17:47:25.346 Df PeachCommander[1171:21c0] [com.apple.AppKit:Appearance] NSApp cache appearance:
-NSRequiresAquaSystemAppearance: 0
-appearance: <NSCompositeAppearance: 0x8eac699a0
 (
    "<NSDarkAquaAppearance: 0x8eac69a40>",
    "<NSSystemAppearance: 0x8eac68780>"
)>
-effectiveAppearance: <NSCompositeAppearance: 0x8eac699a0
 (
    "<NSDarkAquaAppearance: 0x8eac69a40>",
    "<NSSystemAppearance: 0x8eac68780>"
)>
2026-08-09 17:47:25.348 I  PeachCommander[1171:21c0] [com.peachcommander:PCFoundation] Theme applied: id=system, appearance=dark, dark=true, background=#333333
2026-08-09 17:47:25.349 I  PeachCommander[1171:21c0] [com.peachcommander:PCFoundation] Keymap loaded: scheme=<private>, 81 effective bindings
2026-08-09 17:47:25.369 I  PeachCommander[1171:21c0] [com.apple.CoreAnalytics:client] Dropping "<private>" as it isn't used in any transform (not in the config or budgeted?)
2026-08-09 17:47:25.369 I  PeachCommander[1171:21c0] [com.apple.CoreAnalytics:client] Dropping "<private>" as it isn't used in any transform (not in the config or budgeted?)
2026-08-09 17:47:25.369 I  PeachCommander[1171:21c0] [com.apple.CoreAnalytics:client] Dropping "<private>" as it isn't used in any transform (not in the config or budgeted?)
2026-08-09 17:47:25.372 I  PeachCommander[1171:21c0] [com.apple.AppKit:Image] ISImage reported a placeholder, image rep is providing a placeholder image for <private>
2026-08-09 17:47:25.372 I  PeachCommander[1171:21c0] [com.apple.AppKit:Image] ISImage reported a placeholder, image rep is providing a placeholder image for <private>
2026-08-09 17:47:25.374 I  PeachCommander[1171:21c0] [com.apple.CoreAnalytics:client] Dropping "com.apple.appkit.app_config" as it isn't used in any transform (not in the config or budgeted?)
2026-08-09 17:47:25.374 I  PeachCommander[1171:21c8] [com.apple.iconservices:foundation] layer data size zero
2026-08-09 17:47:25.375 I  PeachCommander[1171:21c7] [com.apple.iconservices:foundation] layer data size zero
2026-08-09 17:47:25.377 I  PeachCommander[1171:21c0] [com.peachcommander:PCFoundation] MainWindowController window loaded
2026-08-09 17:47:25.377 I  PeachCommander[1171:21c0] [com.apple.launchservices:cas] information in shared memory for 0x0-0x38038 with seed 535 was still valid, so using cached info { "ApplicationType"="Foreground", "BuildMachineOSBuild"="25E246", "BundleIdentifierLowerCase"="com.peachcommander.app", "CFBundleDevelopmentRegion"="en", "CFBundleExecutable"="PeachCommander", "CFBundleExecutablePath"="/Users/admin/pc-test/PeachCommander.app/Contents/MacOS/PeachCommander", "CFBundleExecutablePathDeviceID"=16777226, "CFBundleExecutablePathINode"=489854, "CFBundleHelpBookFolder"="PeachCommander.help", "CFBundleHelpBookName"="Peach Commander Help", "CFBundleIconFile"="AppIcon", "CFBundleIconName"="AppIcon", "CFBundleIdentifier"="com.peachcommander.app", "CFBundleInfoDictionaryVersion"="6.0", "CFBundleName"="PeachCommander", "CFBundleNameLowerCase"="peachcommander", "CFBundleNumericVersion"=67141632, "CFBundlePackageType"="APPL", "CFBundleShortVersionString"="0.4.0", "CFBundleSignature"="?????", "CFBundleSupportedPlatforms"=( "MacOSX"), "CFBundleVersion"="4", "CanBecomeFrontmost"=true, "ChangeCount"=535, "DTCompiler"="com.apple.compilers.llvm.clang.1_0", "DTPlatformBuil<…>
2026-08-09 17:47:25.377 I  PeachCommander[1171:21c0] [com.apple.launchservices:cas] information in shared memory for 0x0-0x38038 with seed 535 was still valid, so using cached info { "ApplicationType"="Foreground", "BuildMachineOSBuild"="25E246", "BundleIdentifierLowerCase"="com.peachcommander.app", "CFBundleDevelopmentRegion"="en", "CFBundleExecutable"="PeachCommander", "CFBundleExecutablePath"="/Users/admin/pc-test/PeachCommander.app/Contents/MacOS/PeachCommander", "CFBundleExecutablePathDeviceID"=16777226, "CFBundleExecutablePathINode"=489854, "CFBundleHelpBookFolder"="PeachCommander.help", "CFBundleHelpBookName"="Peach Commander Help", "CFBundleIconFile"="AppIcon", "CFBundleIconName"="AppIcon", "CFBundleIdentifier"="com.peachcommander.app", "CFBundleInfoDictionaryVersion"="6.0", "CFBundleName"="PeachCommander", "CFBundleNameLowerCase"="peachcommander", "CFBundleNumericVersion"=67141632, "CFBundlePackageType"="APPL", "CFBundleShortVersionString"="0.4.0", "CFBundleSignature"="?????", "CFBundleSupportedPlatforms"=( "MacOSX"), "CFBundleVersion"="4", "CanBecomeFrontmost"=true, "ChangeCount"=535, "DTCompiler"="com.apple.compilers.llvm.clang.1_0", "DTPlatformBuil<…>
2026-08-09 17:47:25.377 I  PeachCommander[1171:21c0] [com.apple.AppKit:Animation] Running new animation: <private>
2026-08-09 17:47:25.377 I  PeachCommander[1171:21c0] [com.apple.AppKit:Animation] Running new animation: <private>
2026-08-09 17:47:25.377 I  PeachCommander[1171:21c0] [com.apple.AppKit:Animation] Running new animation: <private>
2026-08-09 17:47:25.377 I  PeachCommander[1171:21c0] [com.apple.AppKit:Animation] Running new animation: <private>
2026-08-09 17:47:25.377 I  PeachCommander[1171:21c0] [com.apple.AppKit:Animation] Running new animation: <private>
2026-08-09 17:47:25.378 I  PeachCommander[1171:21c0] [com.apple.AppKit:Image] ISImage reported a placeholder, image rep is providing a placeholder image for <private>
2026-08-09 17:47:25.378 I  PeachCommander[1171:21c0] [com.apple.AppKit:Image] ISImage reported a placeholder, image rep is providing a placeholder image for <private>
2026-08-09 17:47:25.379 I  PeachCommander[1171:21c0] [com.apple.AppKit:Animation] Running new animation: <private>
2026-08-09 17:47:25.379 I  PeachCommander[1171:21c0] [com.apple.AppKit:Animation] Running new animation: <private>
2026-08-09 17:47:25.379 I  PeachCommander[1171:21c0] [com.apple.AppKit:Animation] Running new animation: <private>
2026-08-09 17:47:25.379 I  PeachCommander[1171:21c0] [com.apple.AppKit:Animation] Running new animation: <private>
2026-08-09 17:47:25.379 I  PeachCommander[1171:21c0] [com.apple.AppKit:Animation] Running new animation: <private>
2026-08-09 17:47:25.385 I  PeachCommander[1171:21c0] [com.apple.AppKit:Window] order window front conditionally: 4c related: 0
2026-08-09 17:47:25.385 Df PeachCommander[1171:21c0] [com.apple.AppKit:AutomaticTermination] void _NSEnableAutomaticTerminationAndLog(NSString *) No windows open yet
2026-08-09 17:47:25.385 I  PeachCommander[1171:21c0] [com.apple.AppKit:Intelligence] starting collection observation
2026-08-09 17:47:25.385 Df PeachCommander[1171:21c8] [com.apple.UIIntelligenceSupport:xpc] establishing connection to agent
2026-08-09 17:47:25.385 Df PeachCommander[1171:21c8] [com.apple.xpc:session] [0x8eb73c230] Session created.
2026-08-09 17:47:25.385 Df PeachCommander[1171:21c8] [com.apple.xpc:session] [0x8eb73c230] Session created from connection [0x8eb569400]
2026-08-09 17:47:25.385 Df PeachCommander[1171:21c8] [com.apple.xpc:connection] [0x8eb569400] activating connection: mach=true listener=false peer=false name=com.apple.uiintelligencesupport.agent
2026-08-09 17:47:25.385 Df PeachCommander[1171:21c8] [com.apple.xpc:session] [0x8eb73c230] Session activated
2026-08-09 17:47:25.386 I  PeachCommander[1171:21c0] [com.apple.SkyLight:processes] 0[outside of RPC]: SLSSetFrontProcessWithInfo(0x0-0x2 window=0 options=0x1
2026-08-09 17:47:25.386 Df PeachCommander[1171:21c7] [com.apple.UIIntelligenceSupport:xpc] Connection established with agent PID: 952
2026-08-09 17:47:25.386 I  PeachCommander[1171:21c0] [com.apple.launchservices:cas] information in shared memory for 0x0-0x38038 with seed 535 was still valid, so using cached info { "ApplicationType"="Foreground", "BuildMachineOSBuild"="25E246", "BundleIdentifierLowerCase"="com.peachcommander.app", "CFBundleDevelopmentRegion"="en", "CFBundleExecutable"="PeachCommander", "CFBundleExecutablePath"="/Users/admin/pc-test/PeachCommander.app/Contents/MacOS/PeachCommander", "CFBundleExecutablePathDeviceID"=16777226, "CFBundleExecutablePathINode"=489854, "CFBundleHelpBookFolder"="PeachCommander.help", "CFBundleHelpBookName"="Peach Commander Help", "CFBundleIconFile"="AppIcon", "CFBundleIconName"="AppIcon", "CFBundleIdentifier"="com.peachcommander.app", "CFBundleInfoDictionaryVersion"="6.0", "CFBundleName"="PeachCommander", "CFBundleNameLowerCase"="peachcommander", "CFBundleNumericVersion"=67141632, "CFBundlePackageType"="APPL", "CFBundleShortVersionString"="0.4.0", "CFBundleSignature"="?????", "CFBundleSupportedPlatforms"=( "MacOSX"), "CFBundleVersion"="4", "CanBecomeFrontmost"=true, "ChangeCount"=535, "DTCompiler"="com.apple.compilers.llvm.clang.1_0", "DTPlatformBuil<…>
2026-08-09 17:47:25.387 Df PeachCommander[1171:21c0] [com.apple.xpc:connection] [0x8eb569540] activating connection: mach=true listener=false peer=false name=com.apple.FileCoordination
2026-08-09 17:47:25.387 Df PeachCommander[1171:21c7] [com.apple.foundation.filecoordination:presenter] Adding presenter 0C020DA7-4048-4A12-A40C-B4663B5E0C0F for URL: <private>
2026-08-09 17:47:25.387 I  PeachCommander[1171:21c0] [com.apple.launchservices:cas] information in shared memory for 0x0-0x38038 with seed 535 was still valid, so using cached info { "ApplicationType"="Foreground", "BuildMachineOSBuild"="25E246", "BundleIdentifierLowerCase"="com.peachcommander.app", "CFBundleDevelopmentRegion"="en", "CFBundleExecutable"="PeachCommander", "CFBundleExecutablePath"="/Users/admin/pc-test/PeachCommander.app/Contents/MacOS/PeachCommander", "CFBundleExecutablePathDeviceID"=16777226, "CFBundleExecutablePathINode"=489854, "CFBundleHelpBookFolder"="PeachCommander.help", "CFBundleHelpBookName"="Peach Commander Help", "CFBundleIconFile"="AppIcon", "CFBundleIconName"="AppIcon", "CFBundleIdentifier"="com.peachcommander.app", "CFBundleInfoDictionaryVersion"="6.0", "CFBundleName"="PeachCommander", "CFBundleNameLowerCase"="peachcommander", "CFBundleNumericVersion"=67141632, "CFBundlePackageType"="APPL", "CFBundleShortVersionString"="0.4.0", "CFBundleSignature"="?????", "CFBundleSupportedPlatforms"=( "MacOSX"), "CFBundleVersion"="4", "CanBecomeFrontmost"=true, "ChangeCount"=535, "DTCompiler"="com.apple.compilers.llvm.clang.1_0", "DTPlatformBuil<…>
2026-08-09 17:47:25.389 I  PeachCommander[1171:21c0] [com.apple.AppKit:Window] order all windows front 134799292208
2026-08-09 17:47:25.389 I  PeachCommander[1171:21c0] [com.apple.launchservices:cas] information in shared memory for 0x0-0x38038 with seed 535 was still valid, so using cached info { "ApplicationType"="Foreground", "BuildMachineOSBuild"="25E246", "BundleIdentifierLowerCase"="com.peachcommander.app", "CFBundleDevelopmentRegion"="en", "CFBundleExecutable"="PeachCommander", "CFBundleExecutablePath"="/Users/admin/pc-test/PeachCommander.app/Contents/MacOS/PeachCommander", "CFBundleExecutablePathDeviceID"=16777226, "CFBundleExecutablePathINode"=489854, "CFBundleHelpBookFolder"="PeachCommander.help", "CFBundleHelpBookName"="Peach Commander Help", "CFBundleIconFile"="AppIcon", "CFBundleIconName"="AppIcon", "CFBundleIdentifier"="com.peachcommander.app", "CFBundleInfoDictionaryVersion"="6.0", "CFBundleName"="PeachCommander", "CFBundleNameLowerCase"="peachcommander", "CFBundleNumericVersion"=67141632, "CFBundlePackageType"="APPL", "CFBundleShortVersionString"="0.4.0", "CFBundleSignature"="?????", "CFBundleSupportedPlatforms"=( "MacOSX"), "CFBundleVersion"="4", "CanBecomeFrontmost"=true, "ChangeCount"=535, "DTCompiler"="com.apple.compilers.llvm.clang.1_0", "DTPlatformBuil<…>
2026-08-09 17:47:25.389 I  PeachCommander[1171:21c0] [com.apple.showhide:pr-59900543] SHOWHIDE: CONFIRM, id=24, err=0
2026-08-09 17:47:25.389 I  PeachCommander[1171:21c0] [com.apple.AppKit:Window] context (0 -> 9d4e4797) for window 4b
2026-08-09 17:47:25.389 I  PeachCommander[1171:21c0] [com.apple.AppKit:Window] context (0 -> 31e3350c) for window 4a
2026-08-09 17:47:25.389 I  PeachCommander[1171:21c0] [com.apple.AppKit:Window] context (0 -> 5e505578) for window 49
2026-08-09 17:47:25.389 I  PeachCommander[1171:21c0] [com.apple.AppKit:Window] context (0 -> e8bcfaba) for window 48
2026-08-09 17:47:25.411 Df PeachCommander[1171:21c0] [com.apple.AppKit:AutomaticTermination] void _updateToReflectAutomaticTerminationState(void) Setting _kLSApplicationWouldBeTerminatedByTALKey=0
2026-08-09 17:47:25.412 I  PeachCommander[1171:21c0] [com.apple.runningboard:assertion] Acquiring assertion: <RBSAssertionDescriptor| "AppNap adapter assertion" ID:(null) target:1171>
2026-08-09 17:47:25.414 I  PeachCommander[1171:21c0] [com.apple.AppKit:Image] ISImage reported a placeholder, image rep is providing a placeholder image for <private>
2026-08-09 17:47:25.414 I  PeachCommander[1171:21c0] [com.apple.AppKit:Image] ISImage reported a placeholder, image rep is providing a placeholder image for <private>
2026-08-09 17:47:25.414 I  PeachCommander[1171:21c0] [com.apple.AppKit:Image] ISImage reported a placeholder, image rep is providing a placeholder image for <private>
2026-08-09 17:47:25.414 I  PeachCommander[1171:21c0] [com.apple.AppKit:Image] ISImage reported a placeholder, image rep is providing a placeholder image for <private>
2026-08-09 17:47:25.414 I  PeachCommander[1171:21c0] [com.apple.AppKit:Image] ISImage reported a placeholder, image rep is providing a placeholder image for <private>
2026-08-09 17:47:25.414 I  PeachCommander[1171:21c0] [com.apple.AppKit:Image] ISImage reported a placeholder, image rep is providing a placeholder image for <private>
2026-08-09 17:47:25.445 A  PeachCommander[1171:21cc] (RunningBoardServices) didChangeInheritances
2026-08-09 17:47:25.482 I  PeachCommander[1171:21c0] [com.apple.AppKit:Image] ISImage reported a placeholder, image rep is providing a placeholder image for <private>
2026-08-09 17:47:25.482 I  PeachCommander[1171:21c0] [com.apple.AppKit:Image] ISImage reported a placeholder, image rep is providing a placeholder image for <private>
2026-08-09 17:47:25.482 I  PeachCommander[1171:21c0] [com.apple.AppKit:Image] ISImage reported a placeholder, image rep is providing a placeholder image for <private>
2026-08-09 17:47:25.486 I  PeachCommander[1171:21c0] [com.apple.AppKit:Image] ISImage reported a placeholder, image rep is providing a placeholder image for <private>
2026-08-09 17:47:25.486 I  PeachCommander[1171:21c0] [com.apple.AppKit:Image] ISImage reported a placeholder, image rep is providing a placeholder image for <private>
2026-08-09 17:47:25.491 I  PeachCommander[1171:21c0] [com.apple.AppKit:Image] ISImage reported a placeholder, image rep is providing a placeholder image for <private>
2026-08-09 17:47:25.491 I  PeachCommander[1171:21c0] [com.apple.AppKit:Image] ISImage reported a placeholder, image rep is providing a placeholder image for <private>
2026-08-09 17:47:25.493 I  PeachCommander[1171:21c0] [com.apple.AppKit:Image] ISImage reported a placeholder, image rep is providing a placeholder image for <private>
2026-08-09 17:47:25.493 I  PeachCommander[1171:21c0] [com.apple.AppKit:Image] ISImage reported a placeholder, image rep is providing a placeholder image for <private>
2026-08-09 17:47:25.520 I  PeachCommander[1171:21c0] [com.apple.AppKit:Image] ISImage reported a placeholder, image rep is providing a placeholder image for <private>
2026-08-09 17:47:25.523 I  PeachCommander[1171:21c0] [com.apple.AppKit:Image] ISImage reported a placeholder, image rep is providing a placeholder image for <private>
2026-08-09 17:47:25.523 I  PeachCommander[1171:21c0] [com.apple.AppKit:Image] ISImage reported a placeholder, image rep is providing a placeholder image for <private>
2026-08-09 17:47:25.524 I  PeachCommander[1171:21c0] [com.apple.AppKit:Image] ISImage reported a placeholder, image rep is providing a placeholder image for <private>
2026-08-09 17:47:25.524 I  PeachCommander[1171:21c0] [com.apple.AppKit:Image] ISImage reported a placeholder, image rep is providing a placeholder image for <private>
2026-08-09 17:47:25.526 I  PeachCommander[1171:21c0] [com.apple.AppKit:Image] ISImage reported a placeholder, image rep is providing a placeholder image for <private>
2026-08-09 17:47:25.526 I  PeachCommander[1171:21c0] [com.apple.AppKit:Image] ISImage reported a placeholder, image rep is providing a placeholder image for <private>
2026-08-09 17:47:25.527 I  PeachCommander[1171:21c0] [com.apple.AppKit:Image] ISImage reported a placeholder, image rep is providing a placeholder image for <private>
2026-08-09 17:47:25.527 I  PeachCommander[1171:21c0] [com.apple.AppKit:Image] ISImage reported a placeholder, image rep is providing a placeholder image for <private>
2026-08-09 17:47:25.528 I  PeachCommander[1171:21c0] [com.apple.AppKit:Image] ISImage reported a placeholder, image rep is providing a placeholder image for <private>
2026-08-09 17:47:25.528 I  PeachCommander[1171:21c0] [com.apple.AppKit:Image] ISImage reported a placeholder, image rep is providing a placeholder image for <private>
2026-08-09 17:47:25.529 I  PeachCommander[1171:21c0] [com.apple.AppKit:Image] ISImage reported a placeholder, image rep is providing a placeholder image for <private>
2026-08-09 17:47:25.529 I  PeachCommander[1171:21c0] [com.apple.AppKit:Image] ISImage reported a placeholder, image rep is providing a placeholder image for <private>
2026-08-09 17:47:25.530 I  PeachCommander[1171:21c0] [com.apple.AppKit:Image] ISImage reported a placeholder, image rep is providing a placeholder image for <private>
2026-08-09 17:47:25.530 I  PeachCommander[1171:21c0] [com.apple.AppKit:Image] ISImage reported a placeholder, image rep is providing a placeholder image for <private>
2026-08-09 17:47:25.530 I  PeachCommander[1171:21c0] [com.apple.AppKit:Image] ISImage reported a placeholder, image rep is providing a placeholder image for <private>
2026-08-09 17:47:25.530 I  PeachCommander[1171:21c0] [com.apple.AppKit:Image] ISImage reported a placeholder, image rep is providing a placeholder image for <private>
2026-08-09 17:47:25.531 I  PeachCommander[1171:21c0] [com.apple.AppKit:Image] ISImage reported a placeholder, image rep is providing a placeholder image for <private>
2026-08-09 17:47:25.531 I  PeachCommander[1171:21c0] [com.apple.AppKit:Image] ISImage reported a placeholder, image rep is providing a placeholder image for <private>
2026-08-09 17:47:25.532 I  PeachCommander[1171:21c0] [com.apple.AppKit:Image] ISImage reported a placeholder, image rep is providing a placeholder image for <private>
2026-08-09 17:47:25.532 I  PeachCommander[1171:21c0] [com.apple.AppKit:Image] ISImage reported a placeholder, image rep is providing a placeholder image for <private>
2026-08-09 17:47:25.533 I  PeachCommander[1171:21c0] [com.apple.AppKit:Image] ISImage reported a placeholder, image rep is providing a placeholder image for <private>
2026-08-09 17:47:25.533 I  PeachCommander[1171:21c0] [com.apple.AppKit:Image] ISImage reported a placeholder, image rep is providing a placeholder image for <private>
2026-08-09 17:47:25.534 I  PeachCommander[1171:21c0] [com.apple.AppKit:Image] ISImage reported a placeholder, image rep is providing a placeholder image for <private>
2026-08-09 17:47:25.534 I  PeachCommander[1171:21c0] [com.apple.AppKit:Image] ISImage reported a placeholder, image rep is providing a placeholder image for <private>
2026-08-09 17:47:25.535 I  PeachCommander[1171:21c0] [com.apple.AppKit:Image] ISImage reported a placeholder, image rep is providing a placeholder image for <private>
2026-08-09 17:47:25.535 I  PeachCommander[1171:21c0] [com.apple.AppKit:Image] ISImage reported a placeholder, image rep is providing a placeholder image for <private>
2026-08-09 17:47:25.536 I  PeachCommander[1171:21c0] [com.apple.AppKit:Image] ISImage reported a placeholder, image rep is providing a placeholder image for <private>
2026-08-09 17:47:25.536 I  PeachCommander[1171:21c0] [com.apple.AppKit:Image] ISImage reported a placeholder, image rep is providing a placeholder image for <private>
2026-08-09 17:47:25.537 I  PeachCommander[1171:21c0] [com.apple.AppKit:Image] ISImage reported a placeholder, image rep is providing a placeholder image for <private>
2026-08-09 17:47:25.537 I  PeachCommander[1171:21c0] [com.apple.AppKit:Image] ISImage reported a placeholder, image rep is providing a placeholder image for <private>
2026-08-09 17:47:25.538 I  PeachCommander[1171:21c0] [com.apple.AppKit:Image] ISImage reported a placeholder, image rep is providing a placeholder image for <private>
2026-08-09 17:47:25.538 I  PeachCommander[1171:21c0] [com.apple.AppKit:Image] ISImage reported a placeholder, image rep is providing a placeholder image for <private>
2026-08-09 17:47:25.539 I  PeachCommander[1171:21c0] [com.apple.AppKit:Image] ISImage reported a placeholder, image rep is providing a placeholder image for <private>
2026-08-09 17:47:25.539 I  PeachCommander[1171:21c0] [com.apple.AppKit:Image] ISImage reported a placeholder, image rep is providing a placeholder image for <private>
2026-08-09 17:47:25.540 I  PeachCommander[1171:21c0] [com.apple.AppKit:Image] ISImage reported a placeholder, image rep is providing a placeholder image for <private>
2026-08-09 17:47:25.541 I  PeachCommander[1171:21c0] [com.apple.AppKit:Image] ISImage reported a placeholder, image rep is providing a placeholder image for <private>
2026-08-09 17:47:25.542 I  PeachCommander[1171:21c0] [com.apple.AppKit:Image] ISImage reported a placeholder, image rep is providing a placeholder image for <private>
2026-08-09 17:47:25.542 I  PeachCommander[1171:21c0] [com.apple.AppKit:Image] ISImage reported a placeholder, image rep is providing a placeholder image for <private>
2026-08-09 17:47:25.543 I  PeachCommander[1171:21c0] [com.apple.AppKit:Image] ISImage reported a placeholder, image rep is providing a placeholder image for <private>
2026-08-09 17:47:25.543 I  PeachCommander[1171:21c0] [com.apple.AppKit:Image] ISImage reported a placeholder, image rep is providing a placeholder image for <private>
2026-08-09 17:47:25.544 I  PeachCommander[1171:21c0] [com.apple.AppKit:Image] ISImage reported a placeholder, image rep is providing a placeholder image for <private>
2026-08-09 17:47:25.544 I  PeachCommander[1171:21c0] [com.apple.AppKit:Image] ISImage reported a placeholder, image rep is providing a placeholder image for <private>
2026-08-09 17:47:25.544 I  PeachCommander[1171:21cc] [com.apple.iconservices:foundation] layer data size zero
2026-08-09 17:47:25.545 I  PeachCommander[1171:21c0] [com.apple.AppKit:Image] ISImage reported a placeholder, image rep is providing a placeholder image for <private>
2026-08-09 17:47:25.545 I  PeachCommander[1171:21c0] [com.apple.AppKit:Image] ISImage reported a placeholder, image rep is providing a placeholder image for <private>
2026-08-09 17:47:25.546 I  PeachCommander[1171:21c0] [com.apple.AppKit:Image] ISImage reported a placeholder, image rep is providing a placeholder image for <private>
2026-08-09 17:47:25.546 I  PeachCommander[1171:21c0] [com.apple.AppKit:Image] ISImage reported a placeholder, image rep is providing a placeholder image for <private>
2026-08-09 17:47:25.547 I  PeachCommander[1171:21c0] [com.apple.AppKit:Image] ISImage reported a placeholder, image rep is providing a placeholder image for <private>
2026-08-09 17:47:25.547 I  PeachCommander[1171:21c0] [com.apple.AppKit:Image] ISImage reported a placeholder, image rep is providing a placeholder image for <private>
2026-08-09 17:47:25.548 I  PeachCommander[1171:21c0] [com.apple.AppKit:Image] ISImage reported a placeholder, image rep is providing a placeholder image for <private>
2026-08-09 17:47:25.548 I  PeachCommander[1171:21c0] [com.apple.AppKit:Image] ISImage reported a placeholder, image rep is providing a placeholder image for <private>
2026-08-09 17:47:25.549 I  PeachCommander[1171:21c0] [com.apple.AppKit:Image] ISImage reported a placeholder, image rep is providing a placeholder image for <private>
2026-08-09 17:47:25.549 I  PeachCommander[1171:21c0] [com.apple.AppKit:Image] ISImage reported a placeholder, image rep is providing a placeholder image for <private>
2026-08-09 17:47:25.550 I  PeachCommander[1171:21c0] [com.apple.AppKit:Image] ISImage reported a placeholder, image rep is providing a placeholder image for <private>
2026-08-09 17:47:25.550 I  PeachCommander[1171:21c0] [com.apple.AppKit:Image] ISImage reported a placeholder, image rep is providing a placeholder image for <private>
2026-08-09 17:47:25.558 I  PeachCommander[1171:21c7] [com.apple.iconservices:foundation] layer data size zero
2026-08-09 17:47:25.593 I  PeachCommander[1171:21c0] [com.apple.coreanimation:Utilities] IOSurface Compression Enabled: NO
2026-08-09 17:47:25.597 Df PeachCommander[1171:21c7] [com.apple.coreanimation:Metal] Precompiled pipelines disabled on unsupported hardware.
2026-08-09 17:47:25.602 A  PeachCommander[1171:21c8] (libsystem_info.dylib) Retrieve Group by ID
2026-08-09 17:47:25.602 I  PeachCommander[1171:21c0] [com.apple.AppKit:Image] ISImage reported a placeholder, image rep is providing a placeholder image for <private>
2026-08-09 17:47:25.602 I  PeachCommander[1171:21c0] [com.apple.AppKit:Image] ISImage reported a placeholder, image rep is providing a placeholder image for <private>
2026-08-09 17:47:25.602 I  PeachCommander[1171:21c0] [com.apple.AppKit:Image] ISImage reported a placeholder, image rep is providing a placeholder image for <private>
2026-08-09 17:47:25.603 I  PeachCommander[1171:21c0] [com.apple.AppKit:Image] ISImage reported a placeholder, image rep is providing a placeholder image for <private>
2026-08-09 17:47:25.603 I  PeachCommander[1171:21c0] [com.apple.AppKit:Image] ISImage reported a placeholder, image rep is providing a placeholder image for <private>
2026-08-09 17:47:25.603 I  PeachCommander[1171:21c0] [com.apple.AppKit:Image] ISImage reported a placeholder, image rep is providing a placeholder image for <private>
2026-08-09 17:47:25.603 I  PeachCommander[1171:21c0] [com.apple.AppKit:Image] ISImage reported a placeholder, image rep is providing a placeholder image for <private>
2026-08-09 17:47:25.603 I  PeachCommander[1171:21c0] [com.apple.AppKit:Image] ISImage reported a placeholder, image rep is providing a placeholder image for <private>
2026-08-09 17:47:25.603 I  PeachCommander[1171:21c0] [com.apple.AppKit:Image] ISImage reported a placeholder, image rep is providing a placeholder image for <private>
2026-08-09 17:47:25.603 I  PeachCommander[1171:21c0] [com.apple.AppKit:Image] ISImage reported a placeholder, image rep is providing a placeholder image for <private>
2026-08-09 17:47:25.603 I  PeachCommander[1171:21c0] [com.apple.AppKit:Image] ISImage reported a placeholder, image rep is providing a placeholder image for <private>
2026-08-09 17:47:25.603 I  PeachCommander[1171:21c0] [com.apple.AppKit:Image] ISImage reported a placeholder, image rep is providing a placeholder image for <private>
2026-08-09 17:47:25.603 I  PeachCommander[1171:21c0] [com.apple.AppKit:Image] ISImage reported a placeholder, image rep is providing a placeholder image for <private>
2026-08-09 17:47:25.603 I  PeachCommander[1171:21c0] [com.apple.AppKit:Image] ISImage reported a placeholder, image rep is providing a placeholder image for <private>
2026-08-09 17:47:25.603 I  PeachCommander[1171:21c0] [com.apple.AppKit:Image] ISImage reported a placeholder, image rep is providing a placeholder image for <private>
2026-08-09 17:47:25.603 I  PeachCommander[1171:21c0] [com.apple.AppKit:Image] ISImage reported a placeholder, image rep is providing a placeholder image for <private>
2026-08-09 17:47:25.603 I  PeachCommander[1171:21c0] [com.apple.AppKit:Image] ISImage reported a placeholder, image rep is providing a placeholder image for <private>
2026-08-09 17:47:25.603 I  PeachCommander[1171:21c0] [com.apple.AppKit:Image] ISImage reported a placeholder, image rep is providing a placeholder image for <private>
2026-08-09 17:47:25.603 I  PeachCommander[1171:21c0] [com.apple.AppKit:Image] ISImage reported a placeholder, image rep is providing a placeholder image for <private>
2026-08-09 17:47:25.603 I  PeachCommander[1171:21c0] [com.apple.AppKit:Image] ISImage reported a placeholder, image rep is providing a placeholder image for <private>
2026-08-09 17:47:25.604 I  PeachCommander[1171:21c0] [com.apple.AppKit:Image] ISImage reported a placeholder, image rep is providing a placeholder image for <private>
2026-08-09 17:47:25.605 I  PeachCommander[1171:21c0] [com.apple.iconservices:foundation] layer data size zero
2026-08-09 17:47:25.606 I  PeachCommander[1171:21c0] [com.apple.iconservices:foundation] layer data size zero
2026-08-09 17:47:25.606 I  PeachCommander[1171:21c0] [com.apple.iconservices:foundation] layer data size zero
2026-08-09 17:47:25.614 I  PeachCommander[1171:21c7] [com.apple.espresso:espresso] Creating context 38311242944 eng=0 dev=-1
2026-08-09 17:47:25.614 I  PeachCommander[1171:21c7] [com.apple.espresso:espresso] Creating plan 38289050112
2026-08-09 17:47:25.614 I  PeachCommander[1171:21c7] [com.apple.espresso:espresso] Creating plan 38289050112
2026-08-09 17:47:25.614 I  PeachCommander[1171:21c7] [com.apple.espresso:espresso] espresso_plan_add_network plan=38289050112 path=<private> cp=65568
2026-08-09 17:47:25.614 I  PeachCommander[1171:21c7] [com.apple.espresso:espresso] Loaded network: '<private>' pf=100 cp=0
2026-08-09 17:47:25.614 I  PeachCommander[1171:21c7] [com.apple.CoreAnalytics:client] Dropping "com.apple.Espresso.SegmentationAnalytics" as it isn't used in any transform (not in the config or budgeted?)
2026-08-09 17:47:25.614 I  PeachCommander[1171:21c7] [com.apple.espresso:espresso] espresso_plan_add_network plan=38289050112 path=<private> cp=65568 Completed
2026-08-09 17:47:25.614 I  PeachCommander[1171:21c7] [com.apple.espresso:espresso] [change_input_shapes] index=0/3 name=<private> w=1 h=1 k=1 n=1 seq=89
2026-08-09 17:47:25.614 I  PeachCommander[1171:21c7] [com.apple.espresso:espresso] [change_input_shapes] index=1/3 name=<private> w=1 h=1 k=256 n=1 seq=1
2026-08-09 17:47:25.614 I  PeachCommander[1171:21c7] [com.apple.espresso:espresso] [change_input_shapes] index=2/3 name=<private> w=1 h=1 k=256 n=1 seq=1
2026-08-09 17:47:25.615 I  PeachCommander[1171:21c7] [com.apple.espresso:espresso] Destroying plan 38289050112
2026-08-09 17:47:25.615 I  PeachCommander[1171:21c7] [com.apple.espresso:espresso] Destroying context 38311242944
2026-08-09 17:47:25.615 I  PeachCommander[1171:21c7] [com.apple.espresso:espresso] Creating context 38317244416 eng=0 dev=-1
2026-08-09 17:47:25.615 I  PeachCommander[1171:21c7] [com.apple.espresso:espresso] Creating plan 38289050112
2026-08-09 17:47:25.615 I  PeachCommander[1171:21c7] [com.apple.espresso:espresso] Creating plan 38289050112
2026-08-09 17:47:25.615 I  PeachCommander[1171:21c7] [com.apple.espresso:espresso] espresso_plan_add_network plan=38289050112 path=<private> cp=65568
2026-08-09 17:47:25.615 I  PeachCommander[1171:21c7] [com.apple.espresso:espresso] Loaded network: '<private>' pf=100 cp=0
2026-08-09 17:47:25.615 I  PeachCommander[1171:21c7] [com.apple.CoreAnalytics:client] Dropping "com.apple.Espresso.SegmentationAnalytics" as it isn't used in any transform (not in the config or budgeted?)
2026-08-09 17:47:25.615 I  PeachCommander[1171:21c7] [com.apple.espresso:espresso] espresso_plan_add_network plan=38289050112 path=<private> cp=65568 Completed
2026-08-09 17:47:25.615 I  PeachCommander[1171:21c7] [com.apple.espresso:espresso] [change_input_shapes] index=0/3 name=<private> w=1 h=1 k=1 n=1 seq=13
2026-08-09 17:47:25.615 I  PeachCommander[1171:21c7] [com.apple.espresso:espresso] [change_input_shapes] index=1/3 name=<private> w=1 h=1 k=256 n=1 seq=1
2026-08-09 17:47:25.615 I  PeachCommander[1171:21c7] [com.apple.espresso:espresso] [change_input_shapes] index=2/3 name=<private> w=1 h=1 k=256 n=1 seq=1
2026-08-09 17:47:25.615 I  PeachCommander[1171:21c7] [com.apple.espresso:espresso] Destroying plan 38289050112
2026-08-09 17:47:25.615 I  PeachCommander[1171:21c7] [com.apple.espresso:espresso] Destroying context 38317244416
2026-08-09 17:47:25.616 I  PeachCommander[1171:21c7] [com.apple.espresso:espresso] Creating context 38317244416 eng=0 dev=-1
2026-08-09 17:47:25.616 I  PeachCommander[1171:21c7] [com.apple.espresso:espresso] Creating plan 38289050112
2026-08-09 17:47:25.616 I  PeachCommander[1171:21c7] [com.apple.espresso:espresso] Creating plan 38289050112
2026-08-09 17:47:25.616 I  PeachCommander[1171:21c7] [com.apple.espresso:espresso] espresso_plan_add_network plan=38289050112 path=<private> cp=65568
2026-08-09 17:47:25.616 I  PeachCommander[1171:21c7] [com.apple.espresso:espresso] Loaded network: '<private>' pf=100 cp=0
2026-08-09 17:47:25.616 I  PeachCommander[1171:21c7] [com.apple.CoreAnalytics:client] Dropping "com.apple.Espresso.SegmentationAnalytics" as it isn't used in any transform (not in the config or budgeted?)
2026-08-09 17:47:25.616 I  PeachCommander[1171:21c7] [com.apple.espresso:espresso] espresso_plan_add_network plan=38289050112 path=<private> cp=65568 Completed
2026-08-09 17:47:25.616 I  PeachCommander[1171:21c7] [com.apple.espresso:espresso] [change_input_shapes] index=0/3 name=<private> w=1 h=1 k=1 n=1 seq=88
2026-08-09 17:47:25.616 I  PeachCommander[1171:21c7] [com.apple.espresso:espresso] [change_input_shapes] index=1/3 name=<private> w=1 h=1 k=256 n=1 seq=1
2026-08-09 17:47:25.616 I  PeachCommander[1171:21c7] [com.apple.espresso:espresso] [change_input_shapes] index=2/3 name=<private> w=1 h=1 k=256 n=1 seq=1
2026-08-09 17:47:25.616 I  PeachCommander[1171:21c7] [com.apple.espresso:espresso] Destroying plan 38289050112
2026-08-09 17:47:25.616 I  PeachCommander[1171:21c7] [com.apple.espresso:espresso] Destroying context 38317244416
2026-08-09 17:47:25.617 I  PeachCommander[1171:21c7] [com.apple.espresso:espresso] Creating context 38317244416 eng=0 dev=-1
2026-08-09 17:47:25.617 I  PeachCommander[1171:21c7] [com.apple.espresso:espresso] Creating plan 38289050112
2026-08-09 17:47:25.617 I  PeachCommander[1171:21c7] [com.apple.espresso:espresso] Creating plan 38289050112
2026-08-09 17:47:25.617 I  PeachCommander[1171:21c7] [com.apple.espresso:espresso] espresso_plan_add_network plan=38289050112 path=<private> cp=65568
2026-08-09 17:47:25.617 I  PeachCommander[1171:21c7] [com.apple.espresso:espresso] Loaded network: '<private>' pf=100 cp=0
2026-08-09 17:47:25.617 I  PeachCommander[1171:21c7] [com.apple.CoreAnalytics:client] Dropping "com.apple.Espresso.SegmentationAnalytics" as it isn't used in any transform (not in the config or budgeted?)
2026-08-09 17:47:25.617 I  PeachCommander[1171:21c7] [com.apple.espresso:espresso] espresso_plan_add_network plan=38289050112 path=<private> cp=65568 Completed
2026-08-09 17:47:25.617 I  PeachCommander[1171:21c7] [com.apple.espresso:espresso] [change_input_shapes] index=0/3 name=<private> w=1 h=1 k=1 n=1 seq=90
2026-08-09 17:47:25.617 I  PeachCommander[1171:21c7] [com.apple.espresso:espresso] [change_input_shapes] index=1/3 name=<private> w=1 h=1 k=256 n=1 seq=1
2026-08-09 17:47:25.617 I  PeachCommander[1171:21c7] [com.apple.espresso:espresso] [change_input_shapes] index=2/3 name=<private> w=1 h=1 k=256 n=1 seq=1
2026-08-09 17:47:25.617 I  PeachCommander[1171:21c7] [com.apple.espresso:espresso] Destroying plan 38289050112
2026-08-09 17:47:25.617 I  PeachCommander[1171:21c7] [com.apple.espresso:espresso] Destroying context 38317244416
2026-08-09 17:47:25.618 I  PeachCommander[1171:21c7] [com.apple.espresso:espresso] Creating context 38317244416 eng=0 dev=-1
2026-08-09 17:47:25.618 I  PeachCommander[1171:21c7] [com.apple.espresso:espresso] Creating plan 38289050112
2026-08-09 17:47:25.618 I  PeachCommander[1171:21c7] [com.apple.espresso:espresso] Creating plan 38289050112
2026-08-09 17:47:25.618 I  PeachCommander[1171:21c7] [com.apple.espresso:espresso] espresso_plan_add_network plan=38289050112 path=<private> cp=65568
2026-08-09 17:47:25.618 I  PeachCommander[1171:21c7] [com.apple.espresso:espresso] Loaded network: '<private>' pf=100 cp=0
2026-08-09 17:47:25.618 I  PeachCommander[1171:21c7] [com.apple.CoreAnalytics:client] Dropping "com.apple.Espresso.SegmentationAnalytics" as it isn't used in any transform (not in the config or budgeted?)
2026-08-09 17:47:25.618 I  PeachCommander[1171:21c7] [com.apple.espresso:espresso] espresso_plan_add_network plan=38289050112 path=<private> cp=65568 Completed
2026-08-09 17:47:25.618 I  PeachCommander[1171:21c7] [com.apple.espresso:espresso] [change_input_shapes] index=0/3 name=<private> w=1 h=1 k=1 n=1 seq=92
2026-08-09 17:47:25.618 I  PeachCommander[1171:21c7] [com.apple.espresso:espresso] [change_input_shapes] index=1/3 name=<private> w=1 h=1 k=256 n=1 seq=1
2026-08-09 17:47:25.618 I  PeachCommander[1171:21c7] [com.apple.espresso:espresso] [change_input_shapes] index=2/3 name=<private> w=1 h=1 k=256 n=1 seq=1
2026-08-09 17:47:25.618 I  PeachCommander[1171:21c7] [com.apple.espresso:espresso] Destroying plan 38289050112
2026-08-09 17:47:25.618 I  PeachCommander[1171:21c7] [com.apple.espresso:espresso] Destroying context 38317244416
2026-08-09 17:47:25.618 I  PeachCommander[1171:21c7] [com.apple.espresso:espresso] Creating context 38317244416 eng=0 dev=-1
2026-08-09 17:47:25.618 I  PeachCommander[1171:21c7] [com.apple.espresso:espresso] Creating plan 38289050112
2026-08-09 17:47:25.618 I  PeachCommander[1171:21c7] [com.apple.espresso:espresso] Creating plan 38289050112
2026-08-09 17:47:25.618 I  PeachCommander[1171:21c7] [com.apple.espresso:espresso] espresso_plan_add_network plan=38289050112 path=<private> cp=65568
2026-08-09 17:47:25.619 I  PeachCommander[1171:21c7] [com.apple.espresso:espresso] Loaded network: '<private>' pf=100 cp=0
2026-08-09 17:47:25.619 I  PeachCommander[1171:21c7] [com.apple.CoreAnalytics:client] Dropping "com.apple.Espresso.SegmentationAnalytics" as it isn't used in any transform (not in the config or budgeted?)
2026-08-09 17:47:25.619 I  PeachCommander[1171:21c7] [com.apple.espresso:espresso] espresso_plan_add_network plan=38289050112 path=<private> cp=65568 Completed
2026-08-09 17:47:25.619 I  PeachCommander[1171:21c7] [com.apple.espresso:espresso] [change_input_shapes] index=0/3 name=<private> w=1 h=1 k=1 n=1 seq=55
2026-08-09 17:47:25.619 I  PeachCommander[1171:21c7] [com.apple.espresso:espresso] [change_input_shapes] index=1/3 name=<private> w=1 h=1 k=256 n=1 seq=1
2026-08-09 17:47:25.619 I  PeachCommander[1171:21c7] [com.apple.espresso:espresso] [change_input_shapes] index=2/3 name=<private> w=1 h=1 k=256 n=1 seq=1
2026-08-09 17:47:25.619 I  PeachCommander[1171:21c7] [com.apple.espresso:espresso] Destroying plan 38289050112
2026-08-09 17:47:25.619 I  PeachCommander[1171:21c7] [com.apple.espresso:espresso] Destroying context 38317244416
2026-08-09 17:47:25.619 I  PeachCommander[1171:21c7] [com.apple.espresso:espresso] Creating context 38317244416 eng=0 dev=-1
2026-08-09 17:47:25.619 I  PeachCommander[1171:21c7] [com.apple.espresso:espresso] Creating plan 38289050112
2026-08-09 17:47:25.619 I  PeachCommander[1171:21c7] [com.apple.espresso:espresso] Creating plan 38289050112
2026-08-09 17:47:25.619 I  PeachCommander[1171:21c7] [com.apple.espresso:espresso] espresso_plan_add_network plan=38289050112 path=<private> cp=65568
2026-08-09 17:47:25.619 I  PeachCommander[1171:21c7] [com.apple.espresso:espresso] Loaded network: '<private>' pf=100 cp=0
2026-08-09 17:47:25.619 I  PeachCommander[1171:21c7] [com.apple.CoreAnalytics:client] Dropping "com.apple.Espresso.SegmentationAnalytics" as it isn't used in any transform (not in the config or budgeted?)
2026-08-09 17:47:25.619 I  PeachCommander[1171:21c7] [com.apple.espresso:espresso] espresso_plan_add_network plan=38289050112 path=<private> cp=65568 Completed
2026-08-09 17:47:25.619 I  PeachCommander[1171:21c7] [com.apple.espresso:espresso] [change_input_shapes] index=0/3 name=<private> w=1 h=1 k=1 n=1 seq=60
2026-08-09 17:47:25.619 I  PeachCommander[1171:21c7] [com.apple.espresso:espresso] [change_input_shapes] index=1/3 name=<private> w=1 h=1 k=256 n=1 seq=1
2026-08-09 17:47:25.619 I  PeachCommander[1171:21c7] [com.apple.espresso:espresso] [change_input_shapes] index=2/3 name=<private> w=1 h=1 k=256 n=1 seq=1
2026-08-09 17:47:25.620 I  PeachCommander[1171:21c7] [com.apple.espresso:espresso] Destroying plan 38289050112
2026-08-09 17:47:25.620 I  PeachCommander[1171:21c7] [com.apple.espresso:espresso] Destroying context 38317244416
2026-08-09 17:47:25.634 I  PeachCommander[1171:21c0] [com.apple.AppKit:Image] ISImage reported a placeholder, image rep is providing a placeholder image for <private>
2026-08-09 17:47:25.634 I  PeachCommander[1171:21c0] [com.apple.AppKit:Image] ISImage reported a placeholder, image rep is providing a placeholder image for <private>
2026-08-09 17:47:25.634 I  PeachCommander[1171:21c0] [com.apple.AppKit:Image] ISImage reported a placeholder, image rep is providing a placeholder image for <private>
2026-08-09 17:47:25.641 I  PeachCommander[1171:21c0] [com.apple.AppKit:Image] ISImage reported a placeholder, image rep is providing a placeholder image for <private>
2026-08-09 17:47:25.641 I  PeachCommander[1171:21c0] [com.apple.AppKit:Image] ISImage reported a placeholder, image rep is providing a placeholder image for <private>
2026-08-09 17:47:25.641 I  PeachCommander[1171:21c0] [com.apple.AppKit:Image] ISImage reported a placeholder, image rep is providing a placeholder image for <private>
2026-08-09 17:47:25.643 I  PeachCommander[1171:21c0] [com.apple.AppKit:Image] ISImage reported a placeholder, image rep is providing a placeholder image for <private>
2026-08-09 17:47:25.643 I  PeachCommander[1171:21c0] [com.apple.AppKit:Image] ISImage reported a placeholder, image rep is providing a placeholder image for <private>
2026-08-09 17:47:25.643 I  PeachCommander[1171:21c0] [com.apple.AppKit:Image] ISImage reported a placeholder, image rep is providing a placeholder image for <private>
2026-08-09 17:47:25.645 I  PeachCommander[1171:21c0] [com.apple.AppKit:Image] ISImage reported a placeholder, image rep is providing a placeholder image for <private>
2026-08-09 17:47:25.645 I  PeachCommander[1171:21c0] [com.apple.AppKit:Image] ISImage reported a placeholder, image rep is providing a placeholder image for <private>
2026-08-09 17:47:25.645 I  PeachCommander[1171:21c0] [com.apple.AppKit:Image] ISImage reported a placeholder, image rep is providing a placeholder image for <private>
2026-08-09 17:47:25.649 I  PeachCommander[1171:21c0] [com.apple.CarbonCore:gestalt] SetGestaltValuesBulk SetGestaltValuesBulk( count=22 tuples=0x19056a650
2026-08-09 17:47:25.649 I  PeachCommander[1171:21c0] [com.apple.CarbonCore:gestalt] SetGestaltValue SetGestaltValue(alis 1C9) => 0
2026-08-09 17:47:25.649 I  PeachCommander[1171:21c0] [com.apple.CarbonCore:gestalt] SetGestaltValue SetGestaltValue(os   FE) => 0
2026-08-09 17:47:25.649 I  PeachCommander[1171:21c0] [com.apple.CarbonCore:gestalt] SetGestaltValue SetGestaltValue(addr 7) => 0
2026-08-09 17:47:25.649 I  PeachCommander[1171:21c0] [com.apple.CarbonCore:gestalt] SetGestaltValue SetGestaltValue(fs   3D332) => 0
2026-08-09 17:47:25.649 I  PeachCommander[1171:21c0] [com.apple.CarbonCore:gestalt] SetGestaltValue SetGestaltValue(fold 11) => 0
2026-08-09 17:47:25.649 I  PeachCommander[1171:21c0] [com.apple.CarbonCore:gestalt] SetGestaltValue SetGestaltValue(lram 7FFFF000) => 0
2026-08-09 17:47:25.649 I  PeachCommander[1171:21c0] [com.apple.CarbonCore:gestalt] SetGestaltValue SetGestaltValue(mmap 1) => 0
2026-08-09 17:47:25.649 I  PeachCommander[1171:21c0] [com.apple.CarbonCore:gestalt] SetGestaltValue SetGestaltValue(cfrg 1) => 0
2026-08-09 17:47:25.649 I  PeachCommander[1171:21c0] [com.apple.CarbonCore:gestalt] SetGestaltValue SetGestaltValue(thds 7) => 0
2026-08-09 17:47:25.649 I  PeachCommander[1171:21c0] [com.apple.CarbonCore:gestalt] SetGestaltValue SetGestaltValue(tmgr E) => 0
2026-08-09 17:47:25.649 I  PeachCommander[1171:21c0] [com.apple.CarbonCore:gestalt] SetGestaltValue SetGestaltValue(vers 7) => 0
2026-08-09 17:47:25.649 I  PeachCommander[1171:21c0] [com.apple.CarbonCore:gestalt] SetGestaltValue SetGestaltValue(cbon 160) => 0
2026-08-09 17:47:25.649 I  PeachCommander[1171:21c0] [com.apple.CarbonCore:gestalt] SetGestaltValue SetGestaltValue(cltn 1108000) => 0
2026-08-09 17:47:25.649 I  PeachCommander[1171:21c0] [com.apple.CarbonCore:gestalt] SetGestaltValue SetGestaltValue(cpnt 8) => 0
2026-08-09 17:47:25.649 I  PeachCommander[1171:21c0] [com.apple.CarbonCore:gestalt] SetGestaltValue SetGestaltValue(rsrc 3) => 0
2026-08-09 17:47:25.649 I  PeachCommander[1171:21c0] [com.apple.CarbonCore:gestalt] SetGestaltValue SetGestaltValue(rmbg 11F) => 0
2026-08-09 17:47:25.649 I  PeachCommander[1171:21c0] [com.apple.CarbonCore:gestalt] SetGestaltValue SetGestaltValue(vm   11) => 0
2026-08-09 17:47:25.649 I  PeachCommander[1171:21c0] [com.apple.CarbonCore:gestalt] SetGestaltValue SetGestaltValue(srad 4170706C) => 0
2026-08-09 17:47:25.649 I  PeachCommander[1171:21c0] [com.apple.CarbonCore:gestalt] SetGestaltValue SetGestaltValue(sysa 14) => 0
2026-08-09 17:47:25.649 I  PeachCommander[1171:21c0] [com.apple.CarbonCore:gestalt] SetGestaltValue SetGestaltValue(copl 9) => 0
2026-08-09 17:47:25.649 I  PeachCommander[1171:21c0] [com.apple.CarbonCore:gestalt] SetGestaltValue SetGestaltValue(xlat 0) => 0
2026-08-09 17:47:25.649 I  PeachCommander[1171:21c0] [com.apple.CarbonCore:gestalt] SetGestaltValue SetGestaltValue(stdf 0) => 0
2026-08-09 17:47:25.649 I  PeachCommander[1171:21c0] [com.apple.CarbonCore:gestalt] _NewGestalt _NewGestalt(ram  0x1904e3644) => 0
2026-08-09 17:47:25.649 I  PeachCommander[1171:21c0] [com.apple.CarbonCore:gestalt] _NewGestalt _NewGestalt(ramm 0x1904e3644) => 0
2026-08-09 17:47:25.649 I  PeachCommander[1171:21c0] [com.apple.CarbonCore:gestalt] _NewGestalt _NewGestalt(cput 0x1904e3734) => 0
2026-08-09 17:47:25.649 I  PeachCommander[1171:21c0] [com.apple.CarbonCore:gestalt] _NewGestalt _NewGestalt(cpuf 0x1904e3764) => 0
2026-08-09 17:47:25.649 I  PeachCommander[1171:21c0] [com.apple.CarbonCore:gestalt] _NewGestalt _NewGestalt(bclk 0x1904e3794) => 0
2026-08-09 17:47:25.649 I  PeachCommander[1171:21c0] [com.apple.CarbonCore:gestalt] _NewGestalt _NewGestalt(bclm 0x1904e3794) => 0
2026-08-09 17:47:25.649 I  PeachCommander[1171:21c0] [com.apple.CarbonCore:gestalt] _NewGestalt _NewGestalt(pclk 0x1904e3834) => 0
2026-08-09 17:47:25.649 I  PeachCommander[1171:21c0] [com.apple.CarbonCore:gestalt] _NewGestalt _NewGestalt(mclk 0x1904e3834) => 0
2026-08-09 17:47:25.649 I  PeachCommander[1171:21c0] [com.apple.CarbonCore:gestalt] _NewGestalt _NewGestalt(a/ux 0x1904e394c) => 0
2026-08-09 17:47:25.649 I  PeachCommander[1171:21c0] [com.apple.CarbonCore:gestalt] _NewGestalt _NewGestalt(pgsz 0x1904e3954) => 0
2026-08-09 17:47:25.649 I  PeachCommander[1171:21c0] [com.apple.CarbonCore:gestalt] _NewGestalt _NewGestalt(csiz 0x1904e3994) => 0
2026-08-09 17:47:25.649 I  PeachCommander[1171:21c0] [com.apple.CarbonCore:gestalt] _NewGestalt _NewGestalt(sysv 0x19048edfc) => 0
2026-08-09 17:47:25.649 I  PeachCommander[1171:21c0] [com.apple.CarbonCore:gestalt] _NewGestalt _NewGestalt(sys1 0x19048edfc) => 0
2026-08-09 17:47:25.649 I  PeachCommander[1171:21c0] [com.apple.CarbonCore:gestalt] _NewGestalt _NewGestalt(sys2 0x19048edfc) => 0
2026-08-09 17:47:25.649 I  PeachCommander[1171:21c0] [com.apple.CarbonCore:gestalt] _NewGestalt _NewGestalt(sys3 0x19048edfc) => 0
2026-08-09 17:47:25.649 I  PeachCommander[1171:21c0] [com.apple.CarbonCore:gestalt] _NewGestalt _NewGestalt(cdfl 0x1904e39d4) => 0
2026-08-09 17:47:25.649 I  PeachCommander[1171:21c0] [com.apple.CarbonCore:gestalt] _NewGestalt _NewGestalt(cdrm 0x1904e3c30) => 0
2026-08-09 17:47:25.649 I  PeachCommander[1171:21c0] [com.apple.CarbonCore:gestalt] _NewGestalt _NewGestalt(cpus 0x1904e3c78) => 0
2026-08-09 17:47:25.649 I  PeachCommander[1171:21c0] [com.apple.CarbonCore:gestalt] SetGestaltValue SetGestaltValue(swex 1) => 0
2026-08-09 17:47:25.649 Df PeachCommander[1171:21c0] [com.apple.xpc:connection] [0x8eb569900] activating connection: mach=false listener=false peer=false name=com.apple.hiservices-xpcservice
2026-08-09 17:47:25.650 I  PeachCommander[1171:21c0] [com.apple.CFPasteboard:entry] CopyData('ApplePerContextInputPasteboard' (<CFUUID 0x8ea22a1e0> ADD00260-7BC5-471C-A419-BA153F3D7E4D) gen: -1 item: 1264739405 flavor: 'ApplePerContextInputFlavor')
2026-08-09 17:47:25.650 I  PeachCommander[1171:21c0] [com.apple.CFPasteboard:cache] Rebuilding cache for 'ApplePerContextInputPasteboard' (<CFUUID 0x8ea22a1e0> ADD00260-7BC5-471C-A419-BA153F3D7E4D)
2026-08-09 17:47:25.650 I  PeachCommander[1171:21c0] [com.apple.CFPasteboard:general] Will request data from daemon
2026-08-09 17:47:25.650 I  PeachCommander[1171:21c0] [com.apple.CFPasteboard:exit] (not-in-cache) - result: 0 generation: 1 data (182 bytes) flags: 0
2026-08-09 17:47:25.650 I  PeachCommander[1171:21c0] [com.apple.CFPasteboard:entry] CopyData('DefaultAsciiKeyboardLayoutPasteboard' (<CFUUID 0x8eac1e460> B02220F2-8344-451F-93F7-B940B130463D) gen: -1 item: 1264739405 flavor: 'DefaultAsciiKeyboardLayoutFlavor')
2026-08-09 17:47:25.650 I  PeachCommander[1171:21c0] [com.apple.CFPasteboard:exit] (not-in-cache) - result: -8 generation: 0 null data flags: 0
2026-08-09 17:47:25.653 I  PeachCommander[1171:21c0] [com.apple.AppKit:Image] ISImage reported a placeholder, image rep is providing a placeholder image for <private>
2026-08-09 17:47:25.654 I  PeachCommander[1171:21c0] [com.apple.AppKit:Image] ISImage reported a placeholder, image rep is providing a placeholder image for <private>
2026-08-09 17:47:25.654 I  PeachCommander[1171:21c0] [com.apple.AppKit:Image] ISImage reported a placeholder, image rep is providing a placeholder image for <private>
2026-08-09 17:47:25.655 I  PeachCommander[1171:21c0] [com.apple.AppKit:Image] ISImage reported a placeholder, image rep is providing a placeholder image for <private>
2026-08-09 17:47:25.655 I  PeachCommander[1171:21c0] [com.apple.AppKit:Image] ISImage reported a placeholder, image rep is providing a placeholder image for <private>
2026-08-09 17:47:25.656 I  PeachCommander[1171:21c0] [com.apple.AppKit:Image] ISImage reported a placeholder, image rep is providing a placeholder image for <private>
2026-08-09 17:47:25.656 I  PeachCommander[1171:21c0] [com.apple.AppKit:Image] ISImage reported a placeholder, image rep is providing a placeholder image for <private>
2026-08-09 17:47:25.657 I  PeachCommander[1171:21c0] [com.apple.AppKit:Image] ISImage reported a placeholder, image rep is providing a placeholder image for <private>
2026-08-09 17:47:25.657 I  PeachCommander[1171:21c0] [com.apple.AppKit:Image] ISImage reported a placeholder, image rep is providing a placeholder image for <private>
2026-08-09 17:47:25.658 I  PeachCommander[1171:21c0] [com.apple.AppKit:Image] ISImage reported a placeholder, image rep is providing a placeholder image for <private>
2026-08-09 17:47:25.658 I  PeachCommander[1171:21c0] [com.apple.AppKit:Image] ISImage reported a placeholder, image rep is providing a placeholder image for <private>
2026-08-09 17:47:25.659 I  PeachCommander[1171:21c0] [com.apple.AppKit:Image] ISImage reported a placeholder, image rep is providing a placeholder image for <private>
2026-08-09 17:47:25.659 I  PeachCommander[1171:21c0] [com.apple.AppKit:Image] ISImage reported a placeholder, image rep is providing a placeholder image for <private>
2026-08-09 17:47:25.660 I  PeachCommander[1171:21c0] [com.apple.AppKit:Image] ISImage reported a placeholder, image rep is providing a placeholder image for <private>
2026-08-09 17:47:25.660 I  PeachCommander[1171:21c0] [com.apple.AppKit:Image] ISImage reported a placeholder, image rep is providing a placeholder image for <private>
2026-08-09 17:47:25.661 I  PeachCommander[1171:21c0] [com.apple.AppKit:Image] ISImage reported a placeholder, image rep is providing a placeholder image for <private>
2026-08-09 17:47:25.661 I  PeachCommander[1171:21c0] [com.apple.AppKit:Image] ISImage reported a placeholder, image rep is providing a placeholder image for <private>
2026-08-09 17:47:25.663 I  PeachCommander[1171:21c0] [com.apple.AppKit:Image] ISImage reported a placeholder, image rep is providing a placeholder image for <private>
2026-08-09 17:47:25.663 I  PeachCommander[1171:21c0] [com.apple.AppKit:Image] ISImage reported a placeholder, image rep is providing a placeholder image for <private>
2026-08-09 17:47:25.664 I  PeachCommander[1171:21c0] [com.apple.AppKit:Image] ISImage reported a placeholder, image rep is providing a placeholder image for <private>
2026-08-09 17:47:25.664 I  PeachCommander[1171:21c0] [com.apple.AppKit:Image] ISImage reported a placeholder, image rep is providing a placeholder image for <private>
2026-08-09 17:47:25.665 I  PeachCommander[1171:21c0] [com.apple.AppKit:Image] ISImage reported a placeholder, image rep is providing a placeholder image for <private>
2026-08-09 17:47:25.665 I  PeachCommander[1171:21c0] [com.apple.AppKit:Image] ISImage reported a placeholder, image rep is providing a placeholder image for <private>
2026-08-09 17:47:25.666 I  PeachCommander[1171:21c0] [com.apple.AppKit:Image] ISImage reported a placeholder, image rep is providing a placeholder image for <private>
2026-08-09 17:47:25.666 I  PeachCommander[1171:21c0] [com.apple.AppKit:Image] ISImage reported a placeholder, image rep is providing a placeholder image for <private>
2026-08-09 17:47:25.667 I  PeachCommander[1171:21c0] [com.apple.AppKit:Image] ISImage reported a placeholder, image rep is providing a placeholder image for <private>
2026-08-09 17:47:25.667 I  PeachCommander[1171:21c0] [com.apple.AppKit:Image] ISImage reported a placeholder, image rep is providing a placeholder image for <private>
2026-08-09 17:47:25.668 I  PeachCommander[1171:21c0] [com.apple.AppKit:Image] ISImage reported a placeholder, image rep is providing a placeholder image for <private>
2026-08-09 17:47:25.668 I  PeachCommander[1171:21c0] [com.apple.AppKit:Image] ISImage reported a placeholder, image rep is providing a placeholder image for <private>
2026-08-09 17:47:25.668 I  PeachCommander[1171:21c0] [com.apple.AppKit:Image] ISImage reported a placeholder, image rep is providing a placeholder image for <private>
2026-08-09 17:47:25.668 I  PeachCommander[1171:21c0] [com.apple.AppKit:Image] ISImage reported a placeholder, image rep is providing a placeholder image for <private>
2026-08-09 17:47:25.669 I  PeachCommander[1171:21c0] [com.apple.AppKit:Image] ISImage reported a placeholder, image rep is providing a placeholder image for <private>
2026-08-09 17:47:25.669 I  PeachCommander[1171:21c0] [com.apple.AppKit:Image] ISImage reported a placeholder, image rep is providing a placeholder image for <private>
2026-08-09 17:47:25.670 I  PeachCommander[1171:21c0] [com.apple.AppKit:Image] ISImage reported a placeholder, image rep is providing a placeholder image for <private>
2026-08-09 17:47:25.670 I  PeachCommander[1171:21c0] [com.apple.AppKit:Image] ISImage reported a placeholder, image rep is providing a placeholder image for <private>
2026-08-09 17:47:25.671 I  PeachCommander[1171:21c0] [com.apple.AppKit:Image] ISImage reported a placeholder, image rep is providing a placeholder image for <private>
2026-08-09 17:47:25.671 I  PeachCommander[1171:21c0] [com.apple.AppKit:Image] ISImage reported a placeholder, image rep is providing a placeholder image for <private>
2026-08-09 17:47:25.672 I  PeachCommander[1171:21c0] [com.apple.AppKit:Image] ISImage reported a placeholder, image rep is providing a placeholder image for <private>
2026-08-09 17:47:25.672 I  PeachCommander[1171:21c0] [com.apple.AppKit:Image] ISImage reported a placeholder, image rep is providing a placeholder image for <private>
2026-08-09 17:47:25.673 I  PeachCommander[1171:21c0] [com.apple.AppKit:Image] ISImage reported a placeholder, image rep is providing a placeholder image for <private>
2026-08-09 17:47:25.673 I  PeachCommander[1171:21c0] [com.apple.AppKit:Image] ISImage reported a placeholder, image rep is providing a placeholder image for <private>
2026-08-09 17:47:25.674 I  PeachCommander[1171:21c0] [com.apple.AppKit:Image] ISImage reported a placeholder, image rep is providing a placeholder image for <private>
2026-08-09 17:47:25.674 I  PeachCommander[1171:21c0] [com.apple.AppKit:Image] ISImage reported a placeholder, image rep is providing a placeholder image for <private>
2026-08-09 17:47:25.674 I  PeachCommander[1171:21c7] [com.apple.iconservices:foundation] layer data size zero
2026-08-09 17:47:25.675 I  PeachCommander[1171:21c0] [com.apple.AppKit:Image] ISImage reported a placeholder, image rep is providing a placeholder image for <private>
2026-08-09 17:47:25.675 I  PeachCommander[1171:21c0] [com.apple.AppKit:Image] ISImage reported a placeholder, image rep is providing a placeholder image for <private>
2026-08-09 17:47:25.676 I  PeachCommander[1171:21c7] [com.apple.iconservices:foundation] layer data size zero
2026-08-09 17:47:25.676 I  PeachCommander[1171:21c0] [com.apple.AppKit:Image] ISImage reported a placeholder, image rep is providing a placeholder image for <private>
2026-08-09 17:47:25.676 I  PeachCommander[1171:21c0] [com.apple.AppKit:Image] ISImage reported a placeholder, image rep is providing a placeholder image for <private>
2026-08-09 17:47:25.677 I  PeachCommander[1171:21c7] [com.apple.iconservices:foundation] layer data size zero
2026-08-09 17:47:25.677 I  PeachCommander[1171:21c0] [com.apple.AppKit:Image] ISImage reported a placeholder, image rep is providing a placeholder image for <private>
2026-08-09 17:47:25.677 I  PeachCommander[1171:21c0] [com.apple.AppKit:Image] ISImage reported a placeholder, image rep is providing a placeholder image for <private>
2026-08-09 17:47:25.678 I  PeachCommander[1171:21c0] [com.apple.AppKit:Image] ISImage reported a placeholder, image rep is providing a placeholder image for <private>
2026-08-09 17:47:25.678 I  PeachCommander[1171:21c0] [com.apple.AppKit:Image] ISImage reported a placeholder, image rep is providing a placeholder image for <private>
2026-08-09 17:47:25.679 I  PeachCommander[1171:21c0] [com.apple.AppKit:Image] ISImage reported a placeholder, image rep is providing a placeholder image for <private>
2026-08-09 17:47:25.679 I  PeachCommander[1171:21c0] [com.apple.AppKit:Image] ISImage reported a placeholder, image rep is providing a placeholder image for <private>
2026-08-09 17:47:25.680 I  PeachCommander[1171:21c0] [com.apple.AppKit:Image] ISImage reported a placeholder, image rep is providing a placeholder image for <private>
2026-08-09 17:47:25.680 I  PeachCommander[1171:21c0] [com.apple.AppKit:Image] ISImage reported a placeholder, image rep is providing a placeholder image for <private>
2026-08-09 17:47:25.729 I  PeachCommander[1171:21c0] [com.peachcommander:PCFoundation] Session restored
2026-08-09 17:47:25.729 Df PeachCommander[1171:21c0] (Foundation) <private>
2026-08-09 17:47:25.730 Df PeachCommander[1171:21c0] (Foundation) <private>
2026-08-09 17:47:25.730 Df PeachCommander[1171:21c0] (Foundation) <private>
2026-08-09 17:47:25.731 I  PeachCommander[1171:21cc] [com.apple.espresso:espresso] Creating context 38317244672 eng=0 dev=-1
2026-08-09 17:47:25.731 I  PeachCommander[1171:21cc] [com.apple.espresso:espresso] Creating plan 38289051392
2026-08-09 17:47:25.731 I  PeachCommander[1171:21cc] [com.apple.espresso:espresso] Creating plan 38289051392
2026-08-09 17:47:25.731 I  PeachCommander[1171:21cc] [com.apple.espresso:espresso] espresso_plan_add_network plan=38289051392 path=<private> cp=65568
2026-08-09 17:47:25.731 I  PeachCommander[1171:21dd] [com.apple.espresso:espresso] Creating context 38317244736 eng=0 dev=-1
2026-08-09 17:47:25.731 I  PeachCommander[1171:21dd] [com.apple.espresso:espresso] Creating plan 38289052672
2026-08-09 17:47:25.731 I  PeachCommander[1171:21dd] [com.apple.espresso:espresso] Creating plan 38289052672
2026-08-09 17:47:25.731 I  PeachCommander[1171:21dd] [com.apple.espresso:espresso] espresso_plan_add_network plan=38289052672 path=<private> cp=65568
2026-08-09 17:47:25.731 I  PeachCommander[1171:21c7] [com.apple.espresso:espresso] Creating context 38317244832 eng=0 dev=-1
2026-08-09 17:47:25.731 I  PeachCommander[1171:21c7] [com.apple.espresso:espresso] Creating plan 38289053952
2026-08-09 17:47:25.731 I  PeachCommander[1171:21c7] [com.apple.espresso:espresso] Creating plan 38289053952
2026-08-09 17:47:25.731 I  PeachCommander[1171:21c7] [com.apple.espresso:espresso] espresso_plan_add_network plan=38289053952 path=<private> cp=65568
2026-08-09 17:47:25.731 I  PeachCommander[1171:21d3] [com.apple.espresso:espresso] Creating context 38317244896 eng=0 dev=-1
2026-08-09 17:47:25.731 I  PeachCommander[1171:21d3] [com.apple.espresso:espresso] Creating plan 38289055232
2026-08-09 17:47:25.731 I  PeachCommander[1171:21d3] [com.apple.espresso:espresso] Creating plan 38289055232
2026-08-09 17:47:25.731 I  PeachCommander[1171:21d3] [com.apple.espresso:espresso] espresso_plan_add_network plan=38289055232 path=<private> cp=65568
2026-08-09 17:47:25.731 I  PeachCommander[1171:21c7] [com.apple.espresso:espresso] Loaded network: '<private>' pf=100 cp=0
2026-08-09 17:47:25.731 I  PeachCommander[1171:21d3] [com.apple.espresso:espresso] Loaded network: '<private>' pf=100 cp=0
2026-08-09 17:47:25.731 I  PeachCommander[1171:21c7] [com.apple.CoreAnalytics:client] Dropping "com.apple.Espresso.SegmentationAnalytics" as it isn't used in any transform (not in the config or budgeted?)
2026-08-09 17:47:25.731 I  PeachCommander[1171:21c7] [com.apple.espresso:espresso] espresso_plan_add_network plan=38289053952 path=<private> cp=65568 Completed
2026-08-09 17:47:25.731 I  PeachCommander[1171:21d3] [com.apple.CoreAnalytics:client] Dropping "com.apple.Espresso.SegmentationAnalytics" as it isn't used in any transform (not in the config or budgeted?)
2026-08-09 17:47:25.731 I  PeachCommander[1171:21d3] [com.apple.espresso:espresso] espresso_plan_add_network plan=38289055232 path=<private> cp=65568 Completed
2026-08-09 17:47:25.731 I  PeachCommander[1171:21d3] [com.apple.espresso:espresso] [change_input_shapes] index=0/3 name=<private> w=1 h=1 k=1 n=1 seq=90
2026-08-09 17:47:25.731 I  PeachCommander[1171:21c7] [com.apple.espresso:espresso] [change_input_shapes] index=0/3 name=<private> w=1 h=1 k=1 n=1 seq=88
2026-08-09 17:47:25.731 I  PeachCommander[1171:21d3] [com.apple.espresso:espresso] [change_input_shapes] index=1/3 name=<private> w=1 h=1 k=256 n=1 seq=1
2026-08-09 17:47:25.731 I  PeachCommander[1171:21c7] [com.apple.espresso:espresso] [change_input_shapes] index=1/3 name=<private> w=1 h=1 k=256 n=1 seq=1
2026-08-09 17:47:25.731 I  PeachCommander[1171:21d3] [com.apple.espresso:espresso] [change_input_shapes] index=2/3 name=<private> w=1 h=1 k=256 n=1 seq=1
2026-08-09 17:47:25.731 I  PeachCommander[1171:21c7] [com.apple.espresso:espresso] [change_input_shapes] index=2/3 name=<private> w=1 h=1 k=256 n=1 seq=1
2026-08-09 17:47:25.731 I  PeachCommander[1171:21dd] [com.apple.espresso:espresso] Loaded network: '<private>' pf=100 cp=0
2026-08-09 17:47:25.731 I  PeachCommander[1171:21dd] [com.apple.CoreAnalytics:client] Dropping "com.apple.Espresso.SegmentationAnalytics" as it isn't used in any transform (not in the config or budgeted?)
2026-08-09 17:47:25.731 I  PeachCommander[1171:21dd] [com.apple.espresso:espresso] espresso_plan_add_network plan=38289052672 path=<private> cp=65568 Completed
2026-08-09 17:47:25.731 I  PeachCommander[1171:21dd] [com.apple.espresso:espresso] [change_input_shapes] index=0/3 name=<private> w=1 h=1 k=1 n=1 seq=13
2026-08-09 17:47:25.731 I  PeachCommander[1171:21dd] [com.apple.espresso:espresso] [change_input_shapes] index=1/3 name=<private> w=1 h=1 k=256 n=1 seq=1
2026-08-09 17:47:25.731 I  PeachCommander[1171:21dd] [com.apple.espresso:espresso] [change_input_shapes] index=2/3 name=<private> w=1 h=1 k=256 n=1 seq=1
2026-08-09 17:47:25.731 I  PeachCommander[1171:21dd] [com.apple.espresso:espresso] Destroying plan 38289052672
2026-08-09 17:47:25.732 I  PeachCommander[1171:21dd] [com.apple.espresso:espresso] Destroying context 38317244736
2026-08-09 17:47:25.732 I  PeachCommander[1171:21dd] [com.apple.espresso:espresso] Creating context 38317244736 eng=0 dev=-1
2026-08-09 17:47:25.732 I  PeachCommander[1171:21dd] [com.apple.espresso:espresso] Creating plan 38289052672
2026-08-09 17:47:25.732 I  PeachCommander[1171:21dd] [com.apple.espresso:espresso] Creating plan 38289052672
2026-08-09 17:47:25.732 I  PeachCommander[1171:21dd] [com.apple.espresso:espresso] espresso_plan_add_network plan=38289052672 path=<private> cp=65568
2026-08-09 17:47:25.732 I  PeachCommander[1171:21dd] [com.apple.espresso:espresso] Loaded network: '<private>' pf=100 cp=0
2026-08-09 17:47:25.732 I  PeachCommander[1171:21dd] [com.apple.CoreAnalytics:client] Dropping "com.apple.Espresso.SegmentationAnalytics" as it isn't used in any transform (not in the config or budgeted?)
2026-08-09 17:47:25.732 I  PeachCommander[1171:21dd] [com.apple.espresso:espresso] espresso_plan_add_network plan=38289052672 path=<private> cp=65568 Completed
2026-08-09 17:47:25.732 I  PeachCommander[1171:21dd] [com.apple.espresso:espresso] [change_input_shapes] index=0/3 name=<private> w=1 h=1 k=1 n=1 seq=92
2026-08-09 17:47:25.732 I  PeachCommander[1171:21dd] [com.apple.espresso:espresso] [change_input_shapes] index=1/3 name=<private> w=1 h=1 k=256 n=1 seq=1
2026-08-09 17:47:25.732 I  PeachCommander[1171:21dd] [com.apple.espresso:espresso] [change_input_shapes] index=2/3 name=<private> w=1 h=1 k=256 n=1 seq=1
2026-08-09 17:47:25.732 I  PeachCommander[1171:21c7] [com.apple.espresso:espresso] Destroying plan 38289053952
2026-08-09 17:47:25.732 I  PeachCommander[1171:21c7] [com.apple.espresso:espresso] Destroying context 38317244832
2026-08-09 17:47:25.732 I  PeachCommander[1171:21d3] [com.apple.espresso:espresso] Destroying plan 38289055232
2026-08-09 17:47:25.732 I  PeachCommander[1171:21d3] [com.apple.espresso:espresso] Destroying context 38317244896
2026-08-09 17:47:25.732 I  PeachCommander[1171:21d3] [com.apple.espresso:espresso] Creating context 38317244896 eng=0 dev=-1
2026-08-09 17:47:25.732 I  PeachCommander[1171:21d3] [com.apple.espresso:espresso] Creating plan 38289055232
2026-08-09 17:47:25.732 I  PeachCommander[1171:21d3] [com.apple.espresso:espresso] Creating plan 38289055232
2026-08-09 17:47:25.732 I  PeachCommander[1171:21d3] [com.apple.espresso:espresso] espresso_plan_add_network plan=38289055232 path=<private> cp=65568
2026-08-09 17:47:25.732 I  PeachCommander[1171:21c7] [com.apple.espresso:espresso] Creating context 38317244832 eng=0 dev=-1
2026-08-09 17:47:25.732 I  PeachCommander[1171:21c7] [com.apple.espresso:espresso] Creating plan 38289053952
2026-08-09 17:47:25.732 I  PeachCommander[1171:21c7] [com.apple.espresso:espresso] Creating plan 38289053952
2026-08-09 17:47:25.732 I  PeachCommander[1171:21c7] [com.apple.espresso:espresso] espresso_plan_add_network plan=38289053952 path=<private> cp=65568
2026-08-09 17:47:25.732 I  PeachCommander[1171:21d3] [com.apple.espresso:espresso] Loaded network: '<private>' pf=100 cp=0
2026-08-09 17:47:25.732 I  PeachCommander[1171:21d3] [com.apple.CoreAnalytics:client] Dropping "com.apple.Espresso.SegmentationAnalytics" as it isn't used in any transform (not in the config or budgeted?)
2026-08-09 17:47:25.732 I  PeachCommander[1171:21d3] [com.apple.espresso:espresso] espresso_plan_add_network plan=38289055232 path=<private> cp=65568 Completed
2026-08-09 17:47:25.732 I  PeachCommander[1171:21d3] [com.apple.espresso:espresso] [change_input_shapes] index=0/3 name=<private> w=1 h=1 k=1 n=1 seq=55
2026-08-09 17:47:25.732 I  PeachCommander[1171:21d3] [com.apple.espresso:espresso] [change_input_shapes] index=1/3 name=<private> w=1 h=1 k=256 n=1 seq=1
2026-08-09 17:47:25.732 I  PeachCommander[1171:21d3] [com.apple.espresso:espresso] [change_input_shapes] index=2/3 name=<private> w=1 h=1 k=256 n=1 seq=1
2026-08-09 17:47:25.732 I  PeachCommander[1171:21c7] [com.apple.espresso:espresso] Loaded network: '<private>' pf=100 cp=0
2026-08-09 17:47:25.732 I  PeachCommander[1171:21c7] [com.apple.CoreAnalytics:client] Dropping "com.apple.Espresso.SegmentationAnalytics" as it isn't used in any transform (not in the config or budgeted?)
2026-08-09 17:47:25.732 I  PeachCommander[1171:21c7] [com.apple.espresso:espresso] espresso_plan_add_network plan=38289053952 path=<private> cp=65568 Completed
2026-08-09 17:47:25.732 I  PeachCommander[1171:21c7] [com.apple.espresso:espresso] [change_input_shapes] index=0/3 name=<private> w=1 h=1 k=1 n=1 seq=60
2026-08-09 17:47:25.732 I  PeachCommander[1171:21c7] [com.apple.espresso:espresso] [change_input_shapes] index=1/3 name=<private> w=1 h=1 k=256 n=1 seq=1
2026-08-09 17:47:25.732 I  PeachCommander[1171:21c7] [com.apple.espresso:espresso] [change_input_shapes] index=2/3 name=<private> w=1 h=1 k=256 n=1 seq=1
2026-08-09 17:47:25.733 I  PeachCommander[1171:21dd] [com.apple.espresso:espresso] Destroying plan 38289052672
2026-08-09 17:47:25.733 I  PeachCommander[1171:21dd] [com.apple.espresso:espresso] Destroying context 38317244736
2026-08-09 17:47:25.733 I  PeachCommander[1171:21cc] [com.apple.espresso:espresso] Loaded network: '<private>' pf=100 cp=0
2026-08-09 17:47:25.733 I  PeachCommander[1171:21cc] [com.apple.CoreAnalytics:client] Dropping "com.apple.Espresso.SegmentationAnalytics" as it isn't used in any transform (not in the config or budgeted?)
2026-08-09 17:47:25.733 I  PeachCommander[1171:21cc] [com.apple.espresso:espresso] espresso_plan_add_network plan=38289051392 path=<private> cp=65568 Completed
2026-08-09 17:47:25.733 I  PeachCommander[1171:21cc] [com.apple.espresso:espresso] [change_input_shapes] index=0/3 name=<private> w=1 h=1 k=1 n=1 seq=89
2026-08-09 17:47:25.733 I  PeachCommander[1171:21cc] [com.apple.espresso:espresso] [change_input_shapes] index=1/3 name=<private> w=1 h=1 k=256 n=1 seq=1
2026-08-09 17:47:25.733 I  PeachCommander[1171:21cc] [com.apple.espresso:espresso] [change_input_shapes] index=2/3 name=<private> w=1 h=1 k=256 n=1 seq=1
2026-08-09 17:47:25.733 I  PeachCommander[1171:21d3] [com.apple.espresso:espresso] Destroying plan 38289055232
2026-08-09 17:47:25.733 I  PeachCommander[1171:21d3] [com.apple.espresso:espresso] Destroying context 38317244896
2026-08-09 17:47:25.733 I  PeachCommander[1171:21c7] [com.apple.espresso:espresso] Destroying plan 38289053952
2026-08-09 17:47:25.733 I  PeachCommander[1171:21c7] [com.apple.espresso:espresso] Destroying context 38317244832
2026-08-09 17:47:25.734 I  PeachCommander[1171:21cc] [com.apple.espresso:espresso] Destroying plan 38289051392
2026-08-09 17:47:25.734 I  PeachCommander[1171:21cc] [com.apple.espresso:espresso] Destroying context 38317244672
2026-08-09 17:47:25.738 I  PeachCommander[1171:21c0] [com.apple.AppKit:Image] ISImage reported a placeholder, image rep is providing a placeholder image for <private>
2026-08-09 17:47:25.739 I  PeachCommander[1171:21c0] [com.apple.AppKit:Image] ISImage reported a placeholder, image rep is providing a placeholder image for <private>
2026-08-09 17:47:25.739 I  PeachCommander[1171:21c0] [com.apple.AppKit:Image] ISImage reported a placeholder, image rep is providing a placeholder image for <private>
2026-08-09 17:47:25.739 I  PeachCommander[1171:21c0] [com.apple.AppKit:Image] ISImage reported a placeholder, image rep is providing a placeholder image for <private>
2026-08-09 17:47:25.740 I  PeachCommander[1171:21c0] [com.apple.AppKit:Image] ISImage reported a placeholder, image rep is providing a placeholder image for <private>
2026-08-09 17:47:25.740 I  PeachCommander[1171:21c0] [com.apple.AppKit:Image] ISImage reported a placeholder, image rep is providing a placeholder image for <private>
2026-08-09 17:47:25.741 I  PeachCommander[1171:21c0] [com.apple.AppKit:Image] ISImage reported a placeholder, image rep is providing a placeholder image for <private>
2026-08-09 17:47:25.741 I  PeachCommander[1171:21c0] [com.apple.AppKit:Image] ISImage reported a placeholder, image rep is providing a placeholder image for <private>
2026-08-09 17:47:25.742 I  PeachCommander[1171:21c0] [com.apple.AppKit:Image] ISImage reported a placeholder, image rep is providing a placeholder image for <private>
2026-08-09 17:47:25.742 I  PeachCommander[1171:21c0] [com.apple.AppKit:Image] ISImage reported a placeholder, image rep is providing a placeholder image for <private>
2026-08-09 17:47:25.742 I  PeachCommander[1171:21c0] [com.apple.AppKit:Image] ISImage reported a placeholder, image rep is providing a placeholder image for <private>
2026-08-09 17:47:25.743 I  PeachCommander[1171:21c0] [com.apple.AppKit:Image] ISImage reported a placeholder, image rep is providing a placeholder image for <private>
2026-08-09 17:47:25.743 I  PeachCommander[1171:21c0] [com.apple.AppKit:Image] ISImage reported a placeholder, image rep is providing a placeholder image for <private>
2026-08-09 17:47:25.744 I  PeachCommander[1171:21c0] [com.apple.AppKit:Image] ISImage reported a placeholder, image rep is providing a placeholder image for <private>
2026-08-09 17:47:25.744 I  PeachCommander[1171:21c0] [com.apple.AppKit:Image] ISImage reported a placeholder, image rep is providing a placeholder image for <private>
2026-08-09 17:47:25.745 I  PeachCommander[1171:21c0] [com.apple.AppKit:Image] ISImage reported a placeholder, image rep is providing a placeholder image for <private>
2026-08-09 17:47:25.745 I  PeachCommander[1171:21c0] [com.apple.AppKit:Image] ISImage reported a placeholder, image rep is providing a placeholder image for <private>
2026-08-09 17:47:25.745 I  PeachCommander[1171:21c0] [com.apple.AppKit:Image] ISImage reported a placeholder, image rep is providing a placeholder image for <private>
2026-08-09 17:47:25.746 I  PeachCommander[1171:21c0] [com.apple.AppKit:Image] ISImage reported a placeholder, image rep is providing a placeholder image for <private>
2026-08-09 17:47:25.746 I  PeachCommander[1171:21c0] [com.apple.AppKit:Image] ISImage reported a placeholder, image rep is providing a placeholder image for <private>
2026-08-09 17:47:25.747 I  PeachCommander[1171:21c0] [com.apple.AppKit:Image] ISImage reported a placeholder, image rep is providing a placeholder image for <private>
2026-08-09 17:47:25.747 I  PeachCommander[1171:21c0] [com.apple.AppKit:Image] ISImage reported a placeholder, image rep is providing a placeholder image for <private>
2026-08-09 17:47:25.748 I  PeachCommander[1171:21c0] [com.apple.AppKit:Image] ISImage reported a placeholder, image rep is providing a placeholder image for <private>
2026-08-09 17:47:25.748 I  PeachCommander[1171:21c0] [com.apple.AppKit:Image] ISImage reported a placeholder, image rep is providing a placeholder image for <private>
2026-08-09 17:47:25.748 I  PeachCommander[1171:21c0] [com.apple.AppKit:Image] ISImage reported a placeholder, image rep is providing a placeholder image for <private>
2026-08-09 17:47:25.749 I  PeachCommander[1171:21c0] [com.apple.AppKit:Image] ISImage reported a placeholder, image rep is providing a placeholder image for <private>
2026-08-09 17:47:25.749 I  PeachCommander[1171:21c0] [com.apple.AppKit:Image] ISImage reported a placeholder, image rep is providing a placeholder image for <private>
2026-08-09 17:47:25.754 I  PeachCommander[1171:21c0] [com.apple.AppKit:Image] ISImage reported a placeholder, image rep is providing a placeholder image for <private>
2026-08-09 17:47:25.754 I  PeachCommander[1171:21c0] [com.apple.AppKit:Image] ISImage reported a placeholder, image rep is providing a placeholder image for <private>
2026-08-09 17:47:25.755 I  PeachCommander[1171:21c0] [com.apple.AppKit:Image] ISImage reported a placeholder, image rep is providing a placeholder image for <private>
2026-08-09 17:47:25.755 I  PeachCommander[1171:21c0] [com.apple.AppKit:Image] ISImage reported a placeholder, image rep is providing a placeholder image for <private>
2026-08-09 17:47:25.756 I  PeachCommander[1171:21c0] [com.apple.AppKit:Image] ISImage reported a placeholder, image rep is providing a placeholder image for <private>
2026-08-09 17:47:25.756 I  PeachCommander[1171:21c0] [com.apple.AppKit:Image] ISImage reported a placeholder, image rep is providing a placeholder image for <private>
2026-08-09 17:47:25.756 I  PeachCommander[1171:21c0] [com.apple.AppKit:Image] ISImage reported a placeholder, image rep is providing a placeholder image for <private>
2026-08-09 17:47:25.756 I  PeachCommander[1171:21c0] [com.apple.AppKit:Image] ISImage reported a placeholder, image rep is providing a placeholder image for <private>
2026-08-09 17:47:25.758 I  PeachCommander[1171:21c0] [com.apple.AppKit:Image] ISImage reported a placeholder, image rep is providing a placeholder image for <private>
2026-08-09 17:47:25.758 I  PeachCommander[1171:21c0] [com.apple.AppKit:Image] ISImage reported a placeholder, image rep is providing a placeholder image for <private>
2026-08-09 17:47:25.758 I  PeachCommander[1171:21c0] [com.apple.AppKit:Image] ISImage reported a placeholder, image rep is providing a placeholder image for <private>
2026-08-09 17:47:25.758 I  PeachCommander[1171:21c0] [com.apple.AppKit:Image] ISImage reported a placeholder, image rep is providing a placeholder image for <private>
2026-08-09 17:47:25.759 I  PeachCommander[1171:21c0] [com.apple.AppKit:Image] ISImage reported a placeholder, image rep is providing a placeholder image for <private>
2026-08-09 17:47:25.759 I  PeachCommander[1171:21c0] [com.apple.AppKit:Image] ISImage reported a placeholder, image rep is providing a placeholder image for <private>
2026-08-09 17:47:25.760 I  PeachCommander[1171:21c0] [com.apple.AppKit:Image] ISImage reported a placeholder, image rep is providing a placeholder image for <private>
2026-08-09 17:47:25.760 I  PeachCommander[1171:21c0] [com.apple.AppKit:Image] ISImage reported a placeholder, image rep is providing a placeholder image for <private>
2026-08-09 17:47:25.761 I  PeachCommander[1171:21c0] [com.apple.AppKit:Image] ISImage reported a placeholder, image rep is providing a placeholder image for <private>
2026-08-09 17:47:25.761 I  PeachCommander[1171:21c0] [com.apple.AppKit:Image] ISImage reported a placeholder, image rep is providing a placeholder image for <private>
2026-08-09 17:47:25.762 I  PeachCommander[1171:21c0] [com.apple.AppKit:Image] ISImage reported a placeholder, image rep is providing a placeholder image for <private>
2026-08-09 17:47:25.762 I  PeachCommander[1171:21c0] [com.apple.AppKit:Image] ISImage reported a placeholder, image rep is providing a placeholder image for <private>
2026-08-09 17:47:25.763 I  PeachCommander[1171:21c0] [com.apple.AppKit:Image] ISImage reported a placeholder, image rep is providing a placeholder image for <private>
2026-08-09 17:47:25.763 I  PeachCommander[1171:21c0] [com.apple.AppKit:Image] ISImage reported a placeholder, image rep is providing a placeholder image for <private>
2026-08-09 17:47:25.764 I  PeachCommander[1171:21c0] [com.apple.AppKit:Image] ISImage reported a placeholder, image rep is providing a placeholder image for <private>
2026-08-09 17:47:25.764 I  PeachCommander[1171:21c0] [com.apple.AppKit:Image] ISImage reported a placeholder, image rep is providing a placeholder image for <private>
2026-08-09 17:47:25.765 I  PeachCommander[1171:21c0] [com.apple.AppKit:Image] ISImage reported a placeholder, image rep is providing a placeholder image for <private>
2026-08-09 17:47:25.765 I  PeachCommander[1171:21c0] [com.apple.AppKit:Image] ISImage reported a placeholder, image rep is providing a placeholder image for <private>
2026-08-09 17:47:25.766 I  PeachCommander[1171:21c0] [com.apple.AppKit:Image] ISImage reported a placeholder, image rep is providing a placeholder image for <private>
2026-08-09 17:47:25.766 I  PeachCommander[1171:21c0] [com.apple.AppKit:Image] ISImage reported a placeholder, image rep is providing a placeholder image for <private>
2026-08-09 17:47:25.767 I  PeachCommander[1171:21c0] [com.apple.AppKit:Image] ISImage reported a placeholder, image rep is providing a placeholder image for <private>
2026-08-09 17:47:25.767 I  PeachCommander[1171:21c0] [com.apple.AppKit:Image] ISImage reported a placeholder, image rep is providing a placeholder image for <private>
2026-08-09 17:47:25.768 I  PeachCommander[1171:21c0] [com.apple.AppKit:Image] ISImage reported a placeholder, image rep is providing a placeholder image for <private>
2026-08-09 17:47:25.768 I  PeachCommander[1171:21c0] [com.apple.AppKit:Image] ISImage reported a placeholder, image rep is providing a placeholder image for <private>
2026-08-09 17:47:25.769 I  PeachCommander[1171:21c0] [com.apple.AppKit:Image] ISImage reported a placeholder, image rep is providing a placeholder image for <private>
2026-08-09 17:47:25.769 I  PeachCommander[1171:21c0] [com.apple.AppKit:Image] ISImage reported a placeholder, image rep is providing a placeholder image for <private>
2026-08-09 17:47:25.770 I  PeachCommander[1171:21c0] [com.apple.AppKit:Image] ISImage reported a placeholder, image rep is providing a placeholder image for <private>
2026-08-09 17:47:25.770 I  PeachCommander[1171:21c0] [com.apple.AppKit:Image] ISImage reported a placeholder, image rep is providing a placeholder image for <private>
2026-08-09 17:47:25.771 I  PeachCommander[1171:21c0] [com.apple.AppKit:Image] ISImage reported a placeholder, image rep is providing a placeholder image for <private>
2026-08-09 17:47:25.771 I  PeachCommander[1171:21c0] [com.apple.AppKit:Image] ISImage reported a placeholder, image rep is providing a placeholder image for <private>
2026-08-09 17:47:25.771 I  PeachCommander[1171:21c0] [com.apple.AppKit:Image] ISImage reported a placeholder, image rep is providing a placeholder image for <private>
2026-08-09 17:47:25.771 I  PeachCommander[1171:21c0] [com.apple.AppKit:Image] ISImage reported a placeholder, image rep is providing a placeholder image for <private>
2026-08-09 17:47:25.772 I  PeachCommander[1171:21c0] [com.apple.AppKit:Image] ISImage reported a placeholder, image rep is providing a placeholder image for <private>
2026-08-09 17:47:25.772 I  PeachCommander[1171:21c0] [com.apple.AppKit:Image] ISImage reported a placeholder, image rep is providing a placeholder image for <private>
2026-08-09 17:47:25.773 I  PeachCommander[1171:21c0] [com.apple.AppKit:Image] ISImage reported a placeholder, image rep is providing a placeholder image for <private>
2026-08-09 17:47:25.773 I  PeachCommander[1171:21c0] [com.apple.AppKit:Image] ISImage reported a placeholder, image rep is providing a placeholder image for <private>
2026-08-09 17:47:25.774 I  PeachCommander[1171:21c0] [com.apple.AppKit:Image] ISImage reported a placeholder, image rep is providing a placeholder image for <private>
2026-08-09 17:47:25.774 I  PeachCommander[1171:21c0] [com.apple.AppKit:Image] ISImage reported a placeholder, image rep is providing a placeholder image for <private>
2026-08-09 17:47:25.775 I  PeachCommander[1171:21c0] [com.apple.AppKit:Image] ISImage reported a placeholder, image rep is providing a placeholder image for <private>
2026-08-09 17:47:25.775 I  PeachCommander[1171:21c0] [com.apple.AppKit:Image] ISImage reported a placeholder, image rep is providing a placeholder image for <private>
2026-08-09 17:47:25.776 I  PeachCommander[1171:21c0] [com.apple.AppKit:Image] ISImage reported a placeholder, image rep is providing a placeholder image for <private>
2026-08-09 17:47:25.776 I  PeachCommander[1171:21c0] [com.apple.AppKit:Image] ISImage reported a placeholder, image rep is providing a placeholder image for <private>
2026-08-09 17:47:25.777 I  PeachCommander[1171:21c0] [com.apple.AppKit:Image] ISImage reported a placeholder, image rep is providing a placeholder image for <private>
2026-08-09 17:47:25.777 I  PeachCommander[1171:21c0] [com.apple.AppKit:Image] ISImage reported a placeholder, image rep is providing a placeholder image for <private>
2026-08-09 17:47:25.778 I  PeachCommander[1171:21c0] [com.apple.AppKit:Image] ISImage reported a placeholder, image rep is providing a placeholder image for <private>
2026-08-09 17:47:25.778 I  PeachCommander[1171:21c0] [com.apple.AppKit:Image] ISImage reported a placeholder, image rep is providing a placeholder image for <private>
2026-08-09 17:47:25.814 A  PeachCommander[1171:21c0] (CoreFoundation) Loading Preferences From User CFPrefsD
2026-08-09 17:47:25.814 I  PeachCommander[1171:21c0] [com.apple.CoreAnalytics:client] Dropping "com.apple.ImageIO.readerSelection" as it isn't used in any transform (not in the config or budgeted?)
2026-08-09 17:47:25.847 Df PeachCommander[1171:21c0] (Foundation) <private>
2026-08-09 17:47:25.848 I  PeachCommander[1171:21c0] [com.apple.AppKit:Image] ISImage reported a placeholder, image rep is providing a placeholder image for <private>
2026-08-09 17:47:25.848 I  PeachCommander[1171:21c0] [com.apple.AppKit:Image] ISImage reported a placeholder, image rep is providing a placeholder image for <private>
2026-08-09 17:47:25.849 I  PeachCommander[1171:21c0] [com.apple.AppKit:Image] ISImage reported a placeholder, image rep is providing a placeholder image for <private>
2026-08-09 17:47:25.849 I  PeachCommander[1171:21c0] [com.apple.AppKit:Image] ISImage reported a placeholder, image rep is providing a placeholder image for <private>
2026-08-09 17:47:25.849 I  PeachCommander[1171:21c0] [com.apple.AppKit:Image] ISImage reported a placeholder, image rep is providing a placeholder image for <private>
2026-08-09 17:47:25.850 I  PeachCommander[1171:21c0] [com.apple.AppKit:Image] ISImage reported a placeholder, image rep is providing a placeholder image for <private>
2026-08-09 17:47:25.850 I  PeachCommander[1171:21c0] [com.apple.AppKit:Image] ISImage reported a placeholder, image rep is providing a placeholder image for <private>
2026-08-09 17:47:25.851 I  PeachCommander[1171:21c0] [com.apple.AppKit:Image] ISImage reported a placeholder, image rep is providing a placeholder image for <private>
2026-08-09 17:47:25.851 I  PeachCommander[1171:21c0] [com.apple.AppKit:Image] ISImage reported a placeholder, image rep is providing a placeholder image for <private>
2026-08-09 17:47:25.852 I  PeachCommander[1171:21c0] [com.apple.AppKit:Image] ISImage reported a placeholder, image rep is providing a placeholder image for <private>
2026-08-09 17:47:25.852 I  PeachCommander[1171:21c0] [com.apple.AppKit:Image] ISImage reported a placeholder, image rep is providing a placeholder image for <private>
2026-08-09 17:47:25.853 I  PeachCommander[1171:21c0] [com.apple.AppKit:Image] ISImage reported a placeholder, image rep is providing a placeholder image for <private>
2026-08-09 17:47:25.853 I  PeachCommander[1171:21c0] [com.apple.AppKit:Image] ISImage reported a placeholder, image rep is providing a placeholder image for <private>
2026-08-09 17:47:25.853 I  PeachCommander[1171:21c0] [com.apple.AppKit:Image] ISImage reported a placeholder, image rep is providing a placeholder image for <private>
2026-08-09 17:47:25.854 I  PeachCommander[1171:21c0] [com.apple.AppKit:Image] ISImage reported a placeholder, image rep is providing a placeholder image for <private>
2026-08-09 17:47:25.854 I  PeachCommander[1171:21c0] [com.apple.AppKit:Image] ISImage reported a placeholder, image rep is providing a placeholder image for <private>
2026-08-09 17:47:25.855 I  PeachCommander[1171:21c0] [com.apple.AppKit:Image] ISImage reported a placeholder, image rep is providing a placeholder image for <private>
2026-08-09 17:47:25.855 I  PeachCommander[1171:21c0] [com.apple.AppKit:Image] ISImage reported a placeholder, image rep is providing a placeholder image for <private>
2026-08-09 17:47:25.856 I  PeachCommander[1171:21c0] [com.apple.AppKit:Image] ISImage reported a placeholder, image rep is providing a placeholder image for <private>
2026-08-09 17:47:25.856 I  PeachCommander[1171:21c0] [com.apple.AppKit:Image] ISImage reported a placeholder, image rep is providing a placeholder image for <private>
2026-08-09 17:47:25.857 I  PeachCommander[1171:21c0] [com.apple.AppKit:Image] ISImage reported a placeholder, image rep is providing a placeholder image for <private>
2026-08-09 17:47:25.857 I  PeachCommander[1171:21c0] [com.apple.AppKit:Image] ISImage reported a placeholder, image rep is providing a placeholder image for <private>
2026-08-09 17:47:25.858 I  PeachCommander[1171:21c0] [com.apple.AppKit:Image] ISImage reported a placeholder, image rep is providing a placeholder image for <private>
2026-08-09 17:47:25.858 I  PeachCommander[1171:21c0] [com.apple.AppKit:Image] ISImage reported a placeholder, image rep is providing a placeholder image for <private>
2026-08-09 17:47:25.858 I  PeachCommander[1171:21c0] [com.apple.AppKit:Image] ISImage reported a placeholder, image rep is providing a placeholder image for <private>
2026-08-09 17:47:25.859 I  PeachCommander[1171:21c0] [com.apple.AppKit:Image] ISImage reported a placeholder, image rep is providing a placeholder image for <private>
2026-08-09 17:47:25.859 I  PeachCommander[1171:21c0] [com.apple.AppKit:Image] ISImage reported a placeholder, image rep is providing a placeholder image for <private>
2026-08-09 17:47:25.860 I  PeachCommander[1171:21c0] [com.apple.AppKit:Image] ISImage reported a placeholder, image rep is providing a placeholder image for <private>
2026-08-09 17:47:25.860 I  PeachCommander[1171:21c0] [com.apple.AppKit:Image] ISImage reported a placeholder, image rep is providing a placeholder image for <private>
2026-08-09 17:47:25.861 I  PeachCommander[1171:21c0] [com.apple.AppKit:Image] ISImage reported a placeholder, image rep is providing a placeholder image for <private>
2026-08-09 17:47:25.861 I  PeachCommander[1171:21c0] [com.apple.AppKit:Image] ISImage reported a placeholder, image rep is providing a placeholder image for <private>
2026-08-09 17:47:25.862 I  PeachCommander[1171:21c0] [com.apple.AppKit:Image] ISImage reported a placeholder, image rep is providing a placeholder image for <private>
2026-08-09 17:47:25.862 I  PeachCommander[1171:21c0] [com.apple.AppKit:Image] ISImage reported a placeholder, image rep is providing a placeholder image for <private>
2026-08-09 17:47:25.863 I  PeachCommander[1171:21c0] [com.apple.AppKit:Image] ISImage reported a placeholder, image rep is providing a placeholder image for <private>
2026-08-09 17:47:25.863 I  PeachCommander[1171:21c0] [com.apple.AppKit:Image] ISImage reported a placeholder, image rep is providing a placeholder image for <private>
2026-08-09 17:47:25.864 I  PeachCommander[1171:21c0] [com.apple.AppKit:Image] ISImage reported a placeholder, image rep is providing a placeholder image for <private>
2026-08-09 17:47:25.864 I  PeachCommander[1171:21c0] [com.apple.AppKit:Image] ISImage reported a placeholder, image rep is providing a placeholder image for <private>
2026-08-09 17:47:25.865 I  PeachCommander[1171:21c0] [com.apple.AppKit:Image] ISImage reported a placeholder, image rep is providing a placeholder image for <private>
2026-08-09 17:47:25.865 I  PeachCommander[1171:21c0] [com.apple.AppKit:Image] ISImage reported a placeholder, image rep is providing a placeholder image for <private>
2026-08-09 17:47:25.866 I  PeachCommander[1171:21c0] [com.apple.AppKit:Image] ISImage reported a placeholder, image rep is providing a placeholder image for <private>
2026-08-09 17:47:25.866 I  PeachCommander[1171:21c0] [com.apple.AppKit:Image] ISImage reported a placeholder, image rep is providing a placeholder image for <private>
2026-08-09 17:47:25.867 I  PeachCommander[1171:21c0] [com.apple.AppKit:Image] ISImage reported a placeholder, image rep is providing a placeholder image for <private>
2026-08-09 17:47:25.867 I  PeachCommander[1171:21c0] [com.apple.AppKit:Image] ISImage reported a placeholder, image rep is providing a placeholder image for <private>
2026-08-09 17:47:25.868 I  PeachCommander[1171:21c0] [com.apple.AppKit:Image] ISImage reported a placeholder, image rep is providing a placeholder image for <private>
2026-08-09 17:47:25.868 I  PeachCommander[1171:21c0] [com.apple.AppKit:Image] ISImage reported a placeholder, image rep is providing a placeholder image for <private>
2026-08-09 17:47:25.869 I  PeachCommander[1171:21c0] [com.apple.AppKit:Image] ISImage reported a placeholder, image rep is providing a placeholder image for <private>
2026-08-09 17:47:25.869 I  PeachCommander[1171:21c0] [com.apple.AppKit:Image] ISImage reported a placeholder, image rep is providing a placeholder image for <private>
2026-08-09 17:47:25.870 I  PeachCommander[1171:21c0] [com.apple.AppKit:Image] ISImage reported a placeholder, image rep is providing a placeholder image for <private>
2026-08-09 17:47:25.870 I  PeachCommander[1171:21c0] [com.apple.AppKit:Image] ISImage reported a placeholder, image rep is providing a placeholder image for <private>
2026-08-09 17:47:25.894 I  PeachCommander[1171:21cc] [com.apple.AppKit:WindowTab] Indexing 1 items
2026-08-09 17:47:25.894 A  PeachCommander[1171:21cc] (CoreSpotlight) end-index-batch
2026-08-09 17:47:25.894 Df PeachCommander[1171:21cc] [com.apple.corespotlight:index] *warn* MailCS ======%%% _setMailMessageAttributes skip:1
2026-08-09 17:47:25.894 A  PeachCommander[1171:21cc] (CoreSpotlight) index-items
2026-08-09 17:47:25.894 Df PeachCommander[1171:21cc] [com.apple.corespotlight:index] CSInlineDonation:<private>: Skipping donation (feature flag disabled)
2026-08-09 17:47:25.894 Df PeachCommander[1171:21cc] [com.apple.corespotlight:index] CSInlineDonation:<private>: Skipping donation (feature flag disabled)
2026-08-09 17:47:25.895 I  PeachCommander[1171:21c0] [com.apple.AppKit:Image] ISImage reported a placeholder, image rep is providing a placeholder image for <private>
2026-08-09 17:47:25.895 I  PeachCommander[1171:21d3] [com.apple.espresso:espresso] Creating context 38317251872 eng=0 dev=-1
2026-08-09 17:47:25.895 I  PeachCommander[1171:21d3] [com.apple.espresso:espresso] Creating plan 38289047552
2026-08-09 17:47:25.895 I  PeachCommander[1171:21d3] [com.apple.espresso:espresso] Creating plan 38289047552
2026-08-09 17:47:25.895 I  PeachCommander[1171:21d3] [com.apple.espresso:espresso] espresso_plan_add_network plan=38289047552 path=<private> cp=65568
2026-08-09 17:47:25.895 I  PeachCommander[1171:21c0] [com.apple.AppKit:Image] ISImage reported a placeholder, image rep is providing a placeholder image for <private>
2026-08-09 17:47:25.895 I  PeachCommander[1171:21c0] [com.apple.AppKit:Image] ISImage reported a placeholder, image rep is providing a placeholder image for <private>
2026-08-09 17:47:25.895 I  PeachCommander[1171:21c0] [com.apple.AppKit:Image] ISImage reported a placeholder, image rep is providing a placeholder image for <private>
2026-08-09 17:47:25.896 I  PeachCommander[1171:21c0] [com.apple.AppKit:Image] ISImage reported a placeholder, image rep is providing a placeholder image for <private>
2026-08-09 17:47:25.896 I  PeachCommander[1171:21c0] [com.apple.AppKit:Image] ISImage reported a placeholder, image rep is providing a placeholder image for <private>
2026-08-09 17:47:25.896 I  PeachCommander[1171:21c0] [com.apple.AppKit:Image] ISImage reported a placeholder, image rep is providing a placeholder image for <private>
2026-08-09 17:47:25.896 I  PeachCommander[1171:21c0] [com.apple.AppKit:Image] ISImage reported a placeholder, image rep is providing a placeholder image for <private>
2026-08-09 17:47:25.896 I  PeachCommander[1171:21d3] [com.apple.espresso:espresso] Loaded network: '<private>' pf=100 cp=0
2026-08-09 17:47:25.896 I  PeachCommander[1171:21c0] [com.apple.AppKit:Image] ISImage reported a placeholder, image rep is providing a placeholder image for <private>
2026-08-09 17:47:25.896 I  PeachCommander[1171:21d3] [com.apple.CoreAnalytics:client] Dropping "com.apple.Espresso.SegmentationAnalytics" as it isn't used in any transform (not in the config or budgeted?)
2026-08-09 17:47:25.896 I  PeachCommander[1171:21d3] [com.apple.espresso:espresso] espresso_plan_add_network plan=38289047552 path=<private> cp=65568 Completed
2026-08-09 17:47:25.896 I  PeachCommander[1171:21d3] [com.apple.espresso:espresso] [change_input_shapes] index=0/3 name=<private> w=1 h=1 k=1 n=1 seq=54
2026-08-09 17:47:25.896 I  PeachCommander[1171:21d3] [com.apple.espresso:espresso] [change_input_shapes] index=1/3 name=<private> w=1 h=1 k=256 n=1 seq=1
2026-08-09 17:47:25.896 I  PeachCommander[1171:21d3] [com.apple.espresso:espresso] [change_input_shapes] index=2/3 name=<private> w=1 h=1 k=256 n=1 seq=1
2026-08-09 17:47:25.896 I  PeachCommander[1171:21c0] [com.apple.AppKit:Image] ISImage reported a placeholder, image rep is providing a placeholder image for <private>
2026-08-09 17:47:25.896 I  PeachCommander[1171:21c0] [com.apple.AppKit:Image] ISImage reported a placeholder, image rep is providing a placeholder image for <private>
2026-08-09 17:47:25.896 I  PeachCommander[1171:21c0] [com.apple.AppKit:Image] ISImage reported a placeholder, image rep is providing a placeholder image for <private>
2026-08-09 17:47:25.896 I  PeachCommander[1171:21c0] [com.apple.AppKit:Image] ISImage reported a placeholder, image rep is providing a placeholder image for <private>
2026-08-09 17:47:25.896 I  PeachCommander[1171:21c0] [com.apple.AppKit:Image] ISImage reported a placeholder, image rep is providing a placeholder image for <private>
2026-08-09 17:47:25.896 I  PeachCommander[1171:21c0] [com.apple.AppKit:Image] ISImage reported a placeholder, image rep is providing a placeholder image for <private>
2026-08-09 17:47:25.896 I  PeachCommander[1171:21d3] [com.apple.espresso:espresso] Destroying plan 38289047552
2026-08-09 17:47:25.896 I  PeachCommander[1171:21d3] [com.apple.espresso:espresso] Destroying context 38317251872
2026-08-09 17:47:25.903 I  PeachCommander[1171:21c7] [com.apple.espresso:espresso] Creating context 38317250720 eng=0 dev=-1
2026-08-09 17:47:25.903 I  PeachCommander[1171:21c7] [com.apple.espresso:espresso] Creating plan 38289047552
2026-08-09 17:47:25.903 I  PeachCommander[1171:21c7] [com.apple.espresso:espresso] Creating plan 38289047552
2026-08-09 17:47:25.903 I  PeachCommander[1171:21c7] [com.apple.espresso:espresso] espresso_plan_add_network plan=38289047552 path=<private> cp=65568
2026-08-09 17:47:25.903 I  PeachCommander[1171:21dd] [com.apple.espresso:espresso] Creating context 38317252192 eng=0 dev=-1
2026-08-09 17:47:25.903 I  PeachCommander[1171:21dd] [com.apple.espresso:espresso] Creating plan 38289053952
2026-08-09 17:47:25.903 I  PeachCommander[1171:21dd] [com.apple.espresso:espresso] Creating plan 38289053952
2026-08-09 17:47:25.903 I  PeachCommander[1171:21dd] [com.apple.espresso:espresso] espresso_plan_add_network plan=38289053952 path=<private> cp=65568
2026-08-09 17:47:25.903 I  PeachCommander[1171:21c7] [com.apple.espresso:espresso] Loaded network: '<private>' pf=100 cp=0
2026-08-09 17:47:25.903 I  PeachCommander[1171:21c7] [com.apple.CoreAnalytics:client] Dropping "com.apple.Espresso.SegmentationAnalytics" as it isn't used in any transform (not in the config or budgeted?)
2026-08-09 17:47:25.903 I  PeachCommander[1171:21c7] [com.apple.espresso:espresso] espresso_plan_add_network plan=38289047552 path=<private> cp=65568 Completed
2026-08-09 17:47:25.903 I  PeachCommander[1171:21c7] [com.apple.espresso:espresso] [change_input_shapes] index=0/3 name=<private> w=1 h=1 k=1 n=1 seq=44
2026-08-09 17:47:25.903 I  PeachCommander[1171:21c7] [com.apple.espresso:espresso] [change_input_shapes] index=1/3 name=<private> w=1 h=1 k=256 n=1 seq=1
2026-08-09 17:47:25.903 I  PeachCommander[1171:21c7] [com.apple.espresso:espresso] [change_input_shapes] index=2/3 name=<private> w=1 h=1 k=256 n=1 seq=1
2026-08-09 17:47:25.903 I  PeachCommander[1171:21dd] [com.apple.espresso:espresso] Loaded network: '<private>' pf=100 cp=0
2026-08-09 17:47:25.903 I  PeachCommander[1171:21dd] [com.apple.CoreAnalytics:client] Dropping "com.apple.Espresso.SegmentationAnalytics" as it isn't used in any transform (not in the config or budgeted?)
2026-08-09 17:47:25.903 I  PeachCommander[1171:21dd] [com.apple.espresso:espresso] espresso_plan_add_network plan=38289053952 path=<private> cp=65568 Completed
2026-08-09 17:47:25.903 I  PeachCommander[1171:21dd] [com.apple.espresso:espresso] [change_input_shapes] index=0/3 name=<private> w=1 h=1 k=1 n=1 seq=16
2026-08-09 17:47:25.903 I  PeachCommander[1171:21dd] [com.apple.espresso:espresso] [change_input_shapes] index=1/3 name=<private> w=1 h=1 k=256 n=1 seq=1
2026-08-09 17:47:25.903 I  PeachCommander[1171:21dd] [com.apple.espresso:espresso] [change_input_shapes] index=2/3 name=<private> w=1 h=1 k=256 n=1 seq=1
2026-08-09 17:47:25.904 I  PeachCommander[1171:21dd] [com.apple.espresso:espresso] Destroying plan 38289053952
2026-08-09 17:47:25.904 I  PeachCommander[1171:21dd] [com.apple.espresso:espresso] Destroying context 38317252192
2026-08-09 17:47:25.904 I  PeachCommander[1171:21c7] [com.apple.espresso:espresso] Destroying plan 38289047552
2026-08-09 17:47:25.904 I  PeachCommander[1171:21c7] [com.apple.espresso:espresso] Destroying context 38317250720
2026-08-09 17:47:25.904 I  PeachCommander[1171:21c7] [com.apple.espresso:espresso] Creating context 38317252192 eng=0 dev=-1
2026-08-09 17:47:25.904 I  PeachCommander[1171:21c7] [com.apple.espresso:espresso] Creating plan 38289047552
2026-08-09 17:47:25.904 I  PeachCommander[1171:21c7] [com.apple.espresso:espresso] Creating plan 38289047552
2026-08-09 17:47:25.904 I  PeachCommander[1171:21c7] [com.apple.espresso:espresso] espresso_plan_add_network plan=38289047552 path=<private> cp=65568
2026-08-09 17:47:25.904 I  PeachCommander[1171:21dd] [com.apple.espresso:espresso] Creating context 38317251552 eng=0 dev=-1
2026-08-09 17:47:25.904 I  PeachCommander[1171:21dd] [com.apple.espresso:espresso] Creating plan 38289053952
2026-08-09 17:47:25.904 I  PeachCommander[1171:21dd] [com.apple.espresso:espresso] Creating plan 38289053952
2026-08-09 17:47:25.904 I  PeachCommander[1171:21dd] [com.apple.espresso:espresso] espresso_plan_add_network plan=38289053952 path=<private> cp=65568
2026-08-09 17:47:25.904 I  PeachCommander[1171:21c0] [com.apple.AppKit:Image] ISImage reported a placeholder, image rep is providing a placeholder image for <private>
2026-08-09 17:47:25.904 I  PeachCommander[1171:21c7] [com.apple.espresso:espresso] Loaded network: '<private>' pf=100 cp=0
2026-08-09 17:47:25.904 I  PeachCommander[1171:21c0] [com.apple.AppKit:Image] ISImage reported a placeholder, image rep is providing a placeholder image for <private>
2026-08-09 17:47:25.904 I  PeachCommander[1171:21c7] [com.apple.CoreAnalytics:client] Dropping "com.apple.Espresso.SegmentationAnalytics" as it isn't used in any transform (not in the config or budgeted?)
2026-08-09 17:47:25.904 I  PeachCommander[1171:21c7] [com.apple.espresso:espresso] espresso_plan_add_network plan=38289047552 path=<private> cp=65568 Completed
2026-08-09 17:47:25.904 I  PeachCommander[1171:21c7] [com.apple.espresso:espresso] [change_input_shapes] index=0/3 name=<private> w=1 h=1 k=1 n=1 seq=40
2026-08-09 17:47:25.904 I  PeachCommander[1171:21c7] [com.apple.espresso:espresso] [change_input_shapes] index=1/3 name=<private> w=1 h=1 k=256 n=1 seq=1
2026-08-09 17:47:25.904 I  PeachCommander[1171:21c7] [com.apple.espresso:espresso] [change_input_shapes] index=2/3 name=<private> w=1 h=1 k=256 n=1 seq=1
2026-08-09 17:47:25.904 I  PeachCommander[1171:21c0] [com.apple.AppKit:Image] ISImage reported a placeholder, image rep is providing a placeholder image for <private>
2026-08-09 17:47:25.904 I  PeachCommander[1171:21dd] [com.apple.espresso:espresso] Loaded network: '<private>' pf=100 cp=0
2026-08-09 17:47:25.904 I  PeachCommander[1171:21dd] [com.apple.CoreAnalytics:client] Dropping "com.apple.Espresso.SegmentationAnalytics" as it isn't used in any transform (not in the config or budgeted?)
2026-08-09 17:47:25.904 I  PeachCommander[1171:21dd] [com.apple.espresso:espresso] espresso_plan_add_network plan=38289053952 path=<private> cp=65568 Completed
2026-08-09 17:47:25.904 I  PeachCommander[1171:21dd] [com.apple.espresso:espresso] [change_input_shapes] index=0/3 name=<private> w=1 h=1 k=1 n=1 seq=62
2026-08-09 17:47:25.904 I  PeachCommander[1171:21dd] [com.apple.espresso:espresso] [change_input_shapes] index=1/3 name=<private> w=1 h=1 k=256 n=1 seq=1
2026-08-09 17:47:25.904 I  PeachCommander[1171:21dd] [com.apple.espresso:espresso] [change_input_shapes] index=2/3 name=<private> w=1 h=1 k=256 n=1 seq=1
2026-08-09 17:47:25.904 I  PeachCommander[1171:21cc] [com.apple.espresso:espresso] Creating context 38317251232 eng=0 dev=-1
2026-08-09 17:47:25.904 I  PeachCommander[1171:21cc] [com.apple.espresso:espresso] Creating plan 38289055232
2026-08-09 17:47:25.904 I  PeachCommander[1171:21cc] [com.apple.espresso:espresso] Creating plan 38289055232
2026-08-09 17:47:25.904 I  PeachCommander[1171:21cc] [com.apple.espresso:espresso] espresso_plan_add_network plan=38289055232 path=<private> cp=65568
2026-08-09 17:47:25.904 I  PeachCommander[1171:21c7] [com.apple.espresso:espresso] Destroying plan 38289047552
2026-08-09 17:47:25.904 I  PeachCommander[1171:21c7] [com.apple.espresso:espresso] Destroying context 38317252192
2026-08-09 17:47:25.904 I  PeachCommander[1171:21cc] [com.apple.espresso:espresso] Loaded network: '<private>' pf=100 cp=0
2026-08-09 17:47:25.904 I  PeachCommander[1171:21cc] [com.apple.CoreAnalytics:client] Dropping "com.apple.Espresso.SegmentationAnalytics" as it isn't used in any transform (not in the config or budgeted?)
2026-08-09 17:47:25.904 I  PeachCommander[1171:21cc] [com.apple.espresso:espresso] espresso_plan_add_network plan=38289055232 path=<private> cp=65568 Completed
2026-08-09 17:47:25.904 I  PeachCommander[1171:21cc] [com.apple.espresso:espresso] [change_input_shapes] index=0/3 name=<private> w=1 h=1 k=1 n=1 seq=26
2026-08-09 17:47:25.904 I  PeachCommander[1171:21cc] [com.apple.espresso:espresso] [change_input_shapes] index=1/3 name=<private> w=1 h=1 k=256 n=1 seq=1
2026-08-09 17:47:25.904 I  PeachCommander[1171:21cc] [com.apple.espresso:espresso] [change_input_shapes] index=2/3 name=<private> w=1 h=1 k=256 n=1 seq=1
2026-08-09 17:47:25.904 I  PeachCommander[1171:21c7] [com.apple.espresso:espresso] Creating context 38317252192 eng=0 dev=-1
2026-08-09 17:47:25.904 I  PeachCommander[1171:21c7] [com.apple.espresso:espresso] Creating plan 38289047552
2026-08-09 17:47:25.904 I  PeachCommander[1171:21c7] [com.apple.espresso:espresso] Creating plan 38289047552
2026-08-09 17:47:25.904 I  PeachCommander[1171:21c7] [com.apple.espresso:espresso] espresso_plan_add_network plan=38289047552 path=<private> cp=65568
2026-08-09 17:47:25.905 I  PeachCommander[1171:21dd] [com.apple.espresso:espresso] Destroying plan 38289053952
2026-08-09 17:47:25.905 I  PeachCommander[1171:21dd] [com.apple.espresso:espresso] Destroying context 38317251552
2026-08-09 17:47:25.905 I  PeachCommander[1171:21dd] [com.apple.espresso:espresso] Creating context 38317251552 eng=0 dev=-1
2026-08-09 17:47:25.905 I  PeachCommander[1171:21dd] [com.apple.espresso:espresso] Creating plan 38289053952
2026-08-09 17:47:25.905 I  PeachCommander[1171:21dd] [com.apple.espresso:espresso] Creating plan 38289053952
2026-08-09 17:47:25.905 I  PeachCommander[1171:21dd] [com.apple.espresso:espresso] espresso_plan_add_network plan=38289053952 path=<private> cp=65568
2026-08-09 17:47:25.905 I  PeachCommander[1171:21cc] [com.apple.espresso:espresso] Destroying plan 38289055232
2026-08-09 17:47:25.905 I  PeachCommander[1171:21cc] [com.apple.espresso:espresso] Destroying context 38317251232
2026-08-09 17:47:25.905 I  PeachCommander[1171:21c7] [com.apple.espresso:espresso] Loaded network: '<private>' pf=100 cp=0
2026-08-09 17:47:25.905 I  PeachCommander[1171:21c7] [com.apple.CoreAnalytics:client] Dropping "com.apple.Espresso.SegmentationAnalytics" as it isn't used in any transform (not in the config or budgeted?)
2026-08-09 17:47:25.905 I  PeachCommander[1171:21c7] [com.apple.espresso:espresso] espresso_plan_add_network plan=38289047552 path=<private> cp=65568 Completed
2026-08-09 17:47:25.905 I  PeachCommander[1171:21c7] [com.apple.espresso:espresso] [change_input_shapes] index=0/3 name=<private> w=1 h=1 k=1 n=1 seq=30
2026-08-09 17:47:25.905 I  PeachCommander[1171:21c7] [com.apple.espresso:espresso] [change_input_shapes] index=1/3 name=<private> w=1 h=1 k=256 n=1 seq=1
2026-08-09 17:47:25.905 I  PeachCommander[1171:21c7] [com.apple.espresso:espresso] [change_input_shapes] index=2/3 name=<private> w=1 h=1 k=256 n=1 seq=1
2026-08-09 17:47:25.905 I  PeachCommander[1171:21cc] [com.apple.espresso:espresso] Creating context 38317251232 eng=0 dev=-1
2026-08-09 17:47:25.905 I  PeachCommander[1171:21cc] [com.apple.espresso:espresso] Creating plan 38289055232
2026-08-09 17:47:25.905 I  PeachCommander[1171:21cc] [com.apple.espresso:espresso] Creating plan 38289055232
2026-08-09 17:47:25.905 I  PeachCommander[1171:21cc] [com.apple.espresso:espresso] espresso_plan_add_network plan=38289055232 path=<private> cp=65568
2026-08-09 17:47:25.905 I  PeachCommander[1171:21dd] [com.apple.espresso:espresso] Loaded network: '<private>' pf=100 cp=0
2026-08-09 17:47:25.905 I  PeachCommander[1171:21dd] [com.apple.CoreAnalytics:client] Dropping "com.apple.Espresso.SegmentationAnalytics" as it isn't used in any transform (not in the config or budgeted?)
2026-08-09 17:47:25.905 I  PeachCommander[1171:21dd] [com.apple.espresso:espresso] espresso_plan_add_network plan=38289053952 path=<private> cp=65568 Completed
2026-08-09 17:47:25.905 I  PeachCommander[1171:21dd] [com.apple.espresso:espresso] [change_input_shapes] index=0/3 name=<private> w=1 h=1 k=1 n=1 seq=59
2026-08-09 17:47:25.905 I  PeachCommander[1171:21dd] [com.apple.espresso:espresso] [change_input_shapes] index=1/3 name=<private> w=1 h=1 k=256 n=1 seq=1
2026-08-09 17:47:25.905 I  PeachCommander[1171:21dd] [com.apple.espresso:espresso] [change_input_shapes] index=2/3 name=<private> w=1 h=1 k=256 n=1 seq=1
2026-08-09 17:47:25.905 I  PeachCommander[1171:21c7] [com.apple.espresso:espresso] Destroying plan 38289047552
2026-08-09 17:47:25.905 I  PeachCommander[1171:21c7] [com.apple.espresso:espresso] Destroying context 38317252192
2026-08-09 17:47:25.905 I  PeachCommander[1171:21cc] [com.apple.espresso:espresso] Loaded network: '<private>' pf=100 cp=0
2026-08-09 17:47:25.905 I  PeachCommander[1171:21cc] [com.apple.CoreAnalytics:client] Dropping "com.apple.Espresso.SegmentationAnalytics" as it isn't used in any transform (not in the config or budgeted?)
2026-08-09 17:47:25.905 I  PeachCommander[1171:21cc] [com.apple.espresso:espresso] espresso_plan_add_network plan=38289055232 path=<private> cp=65568 Completed
2026-08-09 17:47:25.905 I  PeachCommander[1171:21cc] [com.apple.espresso:espresso] [change_input_shapes] index=0/3 name=<private> w=1 h=1 k=1 n=1 seq=4
2026-08-09 17:47:25.905 I  PeachCommander[1171:21cc] [com.apple.espresso:espresso] [change_input_shapes] index=1/3 name=<private> w=1 h=1 k=256 n=1 seq=1
2026-08-09 17:47:25.905 I  PeachCommander[1171:21cc] [com.apple.espresso:espresso] [change_input_shapes] index=2/3 name=<private> w=1 h=1 k=256 n=1 seq=1
2026-08-09 17:47:25.905 I  PeachCommander[1171:21cc] [com.apple.espresso:espresso] Destroying plan 38289055232
2026-08-09 17:47:25.905 I  PeachCommander[1171:21cc] [com.apple.espresso:espresso] Destroying context 38317251232
2026-08-09 17:47:25.905 I  PeachCommander[1171:21cc] [com.apple.iconservices:foundation] layer data size zero
2026-08-09 17:47:25.905 I  PeachCommander[1171:21c7] [com.apple.iconservices:foundation] layer data size zero
2026-08-09 17:47:25.905 I  PeachCommander[1171:21dd] [com.apple.espresso:espresso] Destroying plan 38289053952
2026-08-09 17:47:25.905 I  PeachCommander[1171:21dd] [com.apple.espresso:espresso] Destroying context 38317251552
2026-08-09 17:47:25.905 I  PeachCommander[1171:21cc] [com.apple.iconservices:foundation] layer data size zero
2026-08-09 17:47:25.905 I  PeachCommander[1171:21dd] [com.apple.iconservices:foundation] layer data size zero
2026-08-09 17:47:25.920 I  PeachCommander[1171:21c0] [com.apple.AppKit:Image] ISImage reported a placeholder, image rep is providing a placeholder image for <private>
2026-08-09 17:47:25.920 I  PeachCommander[1171:21c0] [com.apple.AppKit:Image] ISImage reported a placeholder, image rep is providing a placeholder image for <private>
2026-08-09 17:47:25.921 I  PeachCommander[1171:21c0] [com.apple.AppKit:Image] ISImage reported a placeholder, image rep is providing a placeholder image for <private>
2026-08-09 17:47:25.921 I  PeachCommander[1171:21c0] [com.apple.AppKit:Image] ISImage reported a placeholder, image rep is providing a placeholder image for <private>
2026-08-09 17:47:25.922 I  PeachCommander[1171:21c0] [com.apple.AppKit:Image] ISImage reported a placeholder, image rep is providing a placeholder image for <private>
2026-08-09 17:47:25.922 I  PeachCommander[1171:21c0] [com.apple.AppKit:Image] ISImage reported a placeholder, image rep is providing a placeholder image for <private>
2026-08-09 17:47:25.923 I  PeachCommander[1171:21c0] [com.apple.AppKit:Image] ISImage reported a placeholder, image rep is providing a placeholder image for <private>
2026-08-09 17:47:25.923 I  PeachCommander[1171:21c0] [com.apple.AppKit:Image] ISImage reported a placeholder, image rep is providing a placeholder image for <private>
2026-08-09 17:47:25.924 I  PeachCommander[1171:21c0] [com.apple.AppKit:Image] ISImage reported a placeholder, image rep is providing a placeholder image for <private>
2026-08-09 17:47:25.924 I  PeachCommander[1171:21c0] [com.apple.AppKit:Image] ISImage reported a placeholder, image rep is providing a placeholder image for <private>
2026-08-09 17:47:25.925 I  PeachCommander[1171:21c0] [com.apple.AppKit:Image] ISImage reported a placeholder, image rep is providing a placeholder image for <private>
2026-08-09 17:47:25.925 I  PeachCommander[1171:21c0] [com.apple.AppKit:Image] ISImage reported a placeholder, image rep is providing a placeholder image for <private>
2026-08-09 17:47:25.925 I  PeachCommander[1171:21c0] [com.apple.AppKit:Image] ISImage reported a placeholder, image rep is providing a placeholder image for <private>
2026-08-09 17:47:25.926 I  PeachCommander[1171:21c0] [com.apple.AppKit:Image] ISImage reported a placeholder, image rep is providing a placeholder image for <private>
2026-08-09 17:47:25.926 I  PeachCommander[1171:21c0] [com.apple.AppKit:Image] ISImage reported a placeholder, image rep is providing a placeholder image for <private>
2026-08-09 17:47:25.927 I  PeachCommander[1171:21c0] [com.apple.AppKit:Image] ISImage reported a placeholder, image rep is providing a placeholder image for <private>
2026-08-09 17:47:25.927 I  PeachCommander[1171:21c0] [com.apple.AppKit:Image] ISImage reported a placeholder, image rep is providing a placeholder image for <private>
2026-08-09 17:47:25.928 I  PeachCommander[1171:21c0] [com.apple.AppKit:Image] ISImage reported a placeholder, image rep is providing a placeholder image for <private>
2026-08-09 17:47:25.928 I  PeachCommander[1171:21c0] [com.apple.AppKit:Image] ISImage reported a placeholder, image rep is providing a placeholder image for <private>
2026-08-09 17:47:25.928 I  PeachCommander[1171:21cc] [com.apple.iconservices:foundation] layer data size zero
2026-08-09 17:47:25.929 I  PeachCommander[1171:21c0] [com.apple.AppKit:Image] ISImage reported a placeholder, image rep is providing a placeholder image for <private>
2026-08-09 17:47:25.929 I  PeachCommander[1171:21c0] [com.apple.AppKit:Image] ISImage reported a placeholder, image rep is providing a placeholder image for <private>
2026-08-09 17:47:25.930 I  PeachCommander[1171:21c0] [com.apple.AppKit:Image] ISImage reported a placeholder, image rep is providing a placeholder image for <private>
2026-08-09 17:47:25.930 I  PeachCommander[1171:21c0] [com.apple.AppKit:Image] ISImage reported a placeholder, image rep is providing a placeholder image for <private>
2026-08-09 17:47:25.931 I  PeachCommander[1171:21c0] [com.apple.AppKit:Image] ISImage reported a placeholder, image rep is providing a placeholder image for <private>
2026-08-09 17:47:25.931 I  PeachCommander[1171:21c0] [com.apple.AppKit:Image] ISImage reported a placeholder, image rep is providing a placeholder image for <private>
2026-08-09 17:47:25.931 I  PeachCommander[1171:21cc] [com.apple.iconservices:foundation] layer data size zero
2026-08-09 17:47:25.932 I  PeachCommander[1171:21c0] [com.apple.AppKit:Image] ISImage reported a placeholder, image rep is providing a placeholder image for <private>
2026-08-09 17:47:25.932 I  PeachCommander[1171:21c0] [com.apple.AppKit:Image] ISImage reported a placeholder, image rep is providing a placeholder image for <private>
2026-08-09 17:47:25.933 I  PeachCommander[1171:21c0] [com.apple.AppKit:Image] ISImage reported a placeholder, image rep is providing a placeholder image for <private>
2026-08-09 17:47:25.933 I  PeachCommander[1171:21c0] [com.apple.AppKit:Image] ISImage reported a placeholder, image rep is providing a placeholder image for <private>
2026-08-09 17:47:25.934 I  PeachCommander[1171:21c0] [com.apple.AppKit:Image] ISImage reported a placeholder, image rep is providing a placeholder image for <private>
2026-08-09 17:47:25.934 I  PeachCommander[1171:21c0] [com.apple.AppKit:Image] ISImage reported a placeholder, image rep is providing a placeholder image for <private>
2026-08-09 17:47:25.934 I  PeachCommander[1171:21cc] [com.apple.iconservices:foundation] layer data size zero
2026-08-09 17:47:25.935 I  PeachCommander[1171:21c0] [com.apple.AppKit:Image] ISImage reported a placeholder, image rep is providing a placeholder image for <private>
2026-08-09 17:47:25.935 I  PeachCommander[1171:21c0] [com.apple.AppKit:Image] ISImage reported a placeholder, image rep is providing a placeholder image for <private>
2026-08-09 17:47:25.935 I  PeachCommander[1171:21cc] [com.apple.iconservices:foundation] layer data size zero
2026-08-09 17:47:25.955 I  PeachCommander[1171:21c0] [com.apple.HIToolbox:MBDisplays] <private>
2026-08-09 17:47:25.955 I  PeachCommander[1171:21c0] [com.apple.HIToolbox:MBDisplays] <private>
2026-08-09 17:47:26.064 I  PeachCommander[1171:21dd] [com.apple.AppKit:WindowTab] Indexing 1 items
2026-08-09 17:47:26.064 A  PeachCommander[1171:21dd] (CoreSpotlight) end-index-batch
2026-08-09 17:47:26.064 A  PeachCommander[1171:21dd] (CoreSpotlight) index-items
2026-08-09 17:47:26.065 Df PeachCommander[1171:21dd] [com.apple.corespotlight:index] CSInlineDonation:<private>: Skipping donation (feature flag disabled)
2026-08-09 17:47:26.065 Df PeachCommander[1171:21dd] [com.apple.corespotlight:index] CSInlineDonation:<private>: Skipping donation (feature flag disabled)
2026-08-09 17:47:27.077 Df PeachCommander[1171:21c0] (Foundation) <private>
2026-08-09 17:47:27.078 Df PeachCommander[1171:21c0] (Foundation) <private>
2026-08-09 17:47:28.360 Df PeachCommander[1171:21c0] (Foundation) <private>
2026-08-09 17:47:28.363 Df PeachCommander[1171:21c0] (Foundation) <private>
2026-08-09 17:47:28.504 I  PeachCommander[1171:21c0] [com.apple.AppKit:Image] ISImage reported a placeholder, image rep is providing a placeholder image for <private>
2026-08-09 17:47:28.505 I  PeachCommander[1171:21c0] [com.apple.AppKit:Image] ISImage reported a placeholder, image rep is providing a placeholder image for <private>
2026-08-09 17:47:28.506 I  PeachCommander[1171:21c0] [com.apple.AppKit:Image] ISImage reported a placeholder, image rep is providing a placeholder image for <private>
2026-08-09 17:47:28.507 I  PeachCommander[1171:21c0] [com.apple.AppKit:Image] ISImage reported a placeholder, image rep is providing a placeholder image for <private>
2026-08-09 17:47:28.508 I  PeachCommander[1171:21c0] [com.apple.AppKit:Image] ISImage reported a placeholder, image rep is providing a placeholder image for <private>
2026-08-09 17:47:28.509 I  PeachCommander[1171:21c0] [com.apple.AppKit:Image] ISImage reported a placeholder, image rep is providing a placeholder image for <private>
2026-08-09 17:47:28.510 I  PeachCommander[1171:21c0] [com.apple.AppKit:Image] ISImage reported a placeholder, image rep is providing a placeholder image for <private>
2026-08-09 17:47:28.511 I  PeachCommander[1171:21c0] [com.apple.AppKit:Image] ISImage reported a placeholder, image rep is providing a placeholder image for <private>
2026-08-09 17:47:28.511 I  PeachCommander[1171:21c0] [com.apple.AppKit:Image] ISImage reported a placeholder, image rep is providing a placeholder image for <private>
2026-08-09 17:47:28.512 I  PeachCommander[1171:21c0] [com.apple.AppKit:Image] ISImage reported a placeholder, image rep is providing a placeholder image for <private>
2026-08-09 17:47:28.512 I  PeachCommander[1171:21c0] [com.apple.AppKit:Image] ISImage reported a placeholder, image rep is providing a placeholder image for <private>
2026-08-09 17:47:28.513 I  PeachCommander[1171:21c0] [com.apple.AppKit:Image] ISImage reported a placeholder, image rep is providing a placeholder image for <private>
2026-08-09 17:47:28.514 I  PeachCommander[1171:21c0] [com.apple.AppKit:Image] ISImage reported a placeholder, image rep is providing a placeholder image for <private>
2026-08-09 17:47:28.514 I  PeachCommander[1171:21c0] [com.apple.AppKit:Image] ISImage reported a placeholder, image rep is providing a placeholder image for <private>
2026-08-09 17:47:28.515 I  PeachCommander[1171:21c0] [com.apple.AppKit:Image] ISImage reported a placeholder, image rep is providing a placeholder image for <private>
2026-08-09 17:47:28.515 I  PeachCommander[1171:21c0] [com.apple.AppKit:Image] ISImage reported a placeholder, image rep is providing a placeholder image for <private>
2026-08-09 17:47:28.516 I  PeachCommander[1171:21c0] [com.apple.AppKit:Image] ISImage reported a placeholder, image rep is providing a placeholder image for <private>
2026-08-09 17:47:28.517 I  PeachCommander[1171:21c0] [com.apple.AppKit:Image] ISImage reported a placeholder, image rep is providing a placeholder image for <private>
2026-08-09 17:47:28.517 I  PeachCommander[1171:21c0] [com.apple.AppKit:Image] ISImage reported a placeholder, image rep is providing a placeholder image for <private>
2026-08-09 17:47:28.518 I  PeachCommander[1171:21c0] [com.apple.AppKit:Image] ISImage reported a placeholder, image rep is providing a placeholder image for <private>
2026-08-09 17:47:28.518 I  PeachCommander[1171:21c0] [com.apple.AppKit:Image] ISImage reported a placeholder, image rep is providing a placeholder image for <private>
2026-08-09 17:47:28.519 I  PeachCommander[1171:21c0] [com.apple.AppKit:Image] ISImage reported a placeholder, image rep is providing a placeholder image for <private>
2026-08-09 17:47:28.520 I  PeachCommander[1171:21c0] [com.apple.AppKit:Image] ISImage reported a placeholder, image rep is providing a placeholder image for <private>
2026-08-09 17:47:28.520 I  PeachCommander[1171:21c0] [com.apple.AppKit:Image] ISImage reported a placeholder, image rep is providing a placeholder image for <private>
2026-08-09 17:47:28.521 I  PeachCommander[1171:21c0] [com.apple.AppKit:Image] ISImage reported a placeholder, image rep is providing a placeholder image for <private>
2026-08-09 17:47:28.521 I  PeachCommander[1171:21c0] [com.apple.AppKit:Image] ISImage reported a placeholder, image rep is providing a placeholder image for <private>
2026-08-09 17:47:28.522 I  PeachCommander[1171:21c0] [com.apple.AppKit:Image] ISImage reported a placeholder, image rep is providing a placeholder image for <private>
2026-08-09 17:47:28.522 I  PeachCommander[1171:21c0] [com.apple.AppKit:Image] ISImage reported a placeholder, image rep is providing a placeholder image for <private>
2026-08-09 17:47:28.522 I  PeachCommander[1171:21c0] [com.apple.AppKit:Image] ISImage reported a placeholder, image rep is providing a placeholder image for <private>
2026-08-09 17:47:28.524 I  PeachCommander[1171:21c0] [com.apple.AppKit:Image] ISImage reported a placeholder, image rep is providing a placeholder image for <private>
2026-08-09 17:47:28.524 I  PeachCommander[1171:21c0] [com.apple.AppKit:Image] ISImage reported a placeholder, image rep is providing a placeholder image for <private>
2026-08-09 17:47:28.525 I  PeachCommander[1171:21c0] [com.apple.AppKit:Image] ISImage reported a placeholder, image rep is providing a placeholder image for <private>
2026-08-09 17:47:28.525 I  PeachCommander[1171:21c0] [com.apple.AppKit:Image] ISImage reported a placeholder, image rep is providing a placeholder image for <private>
2026-08-09 17:47:28.526 I  PeachCommander[1171:21c0] [com.apple.AppKit:Image] ISImage reported a placeholder, image rep is providing a placeholder image for <private>
2026-08-09 17:47:28.526 I  PeachCommander[1171:21c0] [com.apple.AppKit:Image] ISImage reported a placeholder, image rep is providing a placeholder image for <private>
2026-08-09 17:47:28.528 I  PeachCommander[1171:21c0] [com.apple.AppKit:Image] ISImage reported a placeholder, image rep is providing a placeholder image for <private>
2026-08-09 17:47:28.528 I  PeachCommander[1171:21c0] [com.apple.AppKit:Image] ISImage reported a placeholder, image rep is providing a placeholder image for <private>
2026-08-09 17:47:28.529 I  PeachCommander[1171:21c0] [com.apple.AppKit:Image] ISImage reported a placeholder, image rep is providing a placeholder image for <private>
2026-08-09 17:47:28.529 I  PeachCommander[1171:21c0] [com.apple.AppKit:Image] ISImage reported a placeholder, image rep is providing a placeholder image for <private>
2026-08-09 17:47:28.530 I  PeachCommander[1171:21c0] [com.apple.AppKit:Image] ISImage reported a placeholder, image rep is providing a placeholder image for <private>
2026-08-09 17:47:28.530 I  PeachCommander[1171:21c0] [com.apple.AppKit:Image] ISImage reported a placeholder, image rep is providing a placeholder image for <private>
2026-08-09 17:47:28.532 I  PeachCommander[1171:21c0] [com.apple.AppKit:Image] ISImage reported a placeholder, image rep is providing a placeholder image for <private>
2026-08-09 17:47:28.532 I  PeachCommander[1171:21c0] [com.apple.AppKit:Image] ISImage reported a placeholder, image rep is providing a placeholder image for <private>
2026-08-09 17:47:28.533 I  PeachCommander[1171:21c0] [com.apple.AppKit:Image] ISImage reported a placeholder, image rep is providing a placeholder image for <private>
2026-08-09 17:47:28.533 I  PeachCommander[1171:21c0] [com.apple.AppKit:Image] ISImage reported a placeholder, image rep is providing a placeholder image for <private>
2026-08-09 17:47:28.534 I  PeachCommander[1171:21c0] [com.apple.AppKit:Image] ISImage reported a placeholder, image rep is providing a placeholder image for <private>
2026-08-09 17:47:28.534 I  PeachCommander[1171:21c0] [com.apple.AppKit:Image] ISImage reported a placeholder, image rep is providing a placeholder image for <private>
2026-08-09 17:47:28.535 I  PeachCommander[1171:21c0] [com.apple.AppKit:Image] ISImage reported a placeholder, image rep is providing a placeholder image for <private>
2026-08-09 17:47:28.535 I  PeachCommander[1171:21c0] [com.apple.AppKit:Image] ISImage reported a placeholder, image rep is providing a placeholder image for <private>
2026-08-09 17:47:28.536 I  PeachCommander[1171:21c0] [com.apple.AppKit:Image] ISImage reported a placeholder, image rep is providing a placeholder image for <private>
2026-08-09 17:47:28.536 I  PeachCommander[1171:21c0] [com.apple.AppKit:Image] ISImage reported a placeholder, image rep is providing a placeholder image for <private>
2026-08-09 17:47:28.538 I  PeachCommander[1171:21c0] [com.apple.AppKit:Image] ISImage reported a placeholder, image rep is providing a placeholder image for <private>
2026-08-09 17:47:28.538 I  PeachCommander[1171:21c0] [com.apple.AppKit:Image] ISImage reported a placeholder, image rep is providing a placeholder image for <private>
2026-08-09 17:47:28.539 I  PeachCommander[1171:21c0] [com.apple.AppKit:Image] ISImage reported a placeholder, image rep is providing a placeholder image for <private>
2026-08-09 17:47:28.539 I  PeachCommander[1171:21c0] [com.apple.AppKit:Image] ISImage reported a placeholder, image rep is providing a placeholder image for <private>
2026-08-09 17:47:28.540 I  PeachCommander[1171:21c0] [com.apple.AppKit:Image] ISImage reported a placeholder, image rep is providing a placeholder image for <private>
2026-08-09 17:47:28.540 I  PeachCommander[1171:21c0] [com.apple.AppKit:Image] ISImage reported a placeholder, image rep is providing a placeholder image for <private>
2026-08-09 17:47:28.594 I  PeachCommander[1171:21c0] [com.apple.AppKit:Image] ISImage reported a placeholder, image rep is providing a placeholder image for <private>
2026-08-09 17:47:28.595 I  PeachCommander[1171:21c0] [com.apple.AppKit:Image] ISImage reported a placeholder, image rep is providing a placeholder image for <private>
2026-08-09 17:47:28.595 I  PeachCommander[1171:21c0] [com.apple.AppKit:Image] ISImage reported a placeholder, image rep is providing a placeholder image for <private>
2026-08-09 17:47:28.596 I  PeachCommander[1171:21c0] [com.apple.AppKit:Image] ISImage reported a placeholder, image rep is providing a placeholder image for <private>
2026-08-09 17:47:28.596 I  PeachCommander[1171:21c0] [com.apple.AppKit:Image] ISImage reported a placeholder, image rep is providing a placeholder image for <private>
2026-08-09 17:47:28.597 I  PeachCommander[1171:21c0] [com.apple.AppKit:Image] ISImage reported a placeholder, image rep is providing a placeholder image for <private>
2026-08-09 17:47:28.597 I  PeachCommander[1171:21c0] [com.apple.AppKit:Image] ISImage reported a placeholder, image rep is providing a placeholder image for <private>
2026-08-09 17:47:28.597 I  PeachCommander[1171:21c0] [com.apple.AppKit:Image] ISImage reported a placeholder, image rep is providing a placeholder image for <private>
2026-08-09 17:47:28.598 I  PeachCommander[1171:21c0] [com.apple.AppKit:Image] ISImage reported a placeholder, image rep is providing a placeholder image for <private>
2026-08-09 17:47:28.598 I  PeachCommander[1171:21c0] [com.apple.AppKit:Image] ISImage reported a placeholder, image rep is providing a placeholder image for <private>
2026-08-09 17:47:28.599 I  PeachCommander[1171:21c0] [com.apple.AppKit:Image] ISImage reported a placeholder, image rep is providing a placeholder image for <private>
2026-08-09 17:47:28.599 I  PeachCommander[1171:21c0] [com.apple.AppKit:Image] ISImage reported a placeholder, image rep is providing a placeholder image for <private>
2026-08-09 17:47:28.600 I  PeachCommander[1171:21c0] [com.apple.AppKit:Image] ISImage reported a placeholder, image rep is providing a placeholder image for <private>
2026-08-09 17:47:28.600 I  PeachCommander[1171:21c0] [com.apple.AppKit:Image] ISImage reported a placeholder, image rep is providing a placeholder image for <private>
2026-08-09 17:47:28.601 I  PeachCommander[1171:21c0] [com.apple.AppKit:Image] ISImage reported a placeholder, image rep is providing a placeholder image for <private>
2026-08-09 17:47:28.604 I  PeachCommander[1171:21c0] [com.apple.AppKit:Image] ISImage reported a placeholder, image rep is providing a placeholder image for <private>
2026-08-09 17:47:28.604 I  PeachCommander[1171:21c0] [com.apple.AppKit:Image] ISImage reported a placeholder, image rep is providing a placeholder image for <private>
2026-08-09 17:47:28.605 I  PeachCommander[1171:21c0] [com.apple.AppKit:Image] ISImage reported a placeholder, image rep is providing a placeholder image for <private>
2026-08-09 17:47:28.606 I  PeachCommander[1171:21c0] [com.apple.AppKit:Image] ISImage reported a placeholder, image rep is providing a placeholder image for <private>
2026-08-09 17:47:28.607 I  PeachCommander[1171:21c0] [com.apple.AppKit:Image] ISImage reported a placeholder, image rep is providing a placeholder image for <private>
2026-08-09 17:47:28.607 I  PeachCommander[1171:21c0] [com.apple.AppKit:Image] ISImage reported a placeholder, image rep is providing a placeholder image for <private>
2026-08-09 17:47:28.608 I  PeachCommander[1171:21c0] [com.apple.AppKit:Image] ISImage reported a placeholder, image rep is providing a placeholder image for <private>
2026-08-09 17:47:28.608 I  PeachCommander[1171:21c0] [com.apple.AppKit:Image] ISImage reported a placeholder, image rep is providing a placeholder image for <private>
2026-08-09 17:47:28.609 I  PeachCommander[1171:21c0] [com.apple.AppKit:Image] ISImage reported a placeholder, image rep is providing a placeholder image for <private>
2026-08-09 17:47:28.609 I  PeachCommander[1171:21c0] [com.apple.AppKit:Image] ISImage reported a placeholder, image rep is providing a placeholder image for <private>
2026-08-09 17:47:28.610 I  PeachCommander[1171:21c0] [com.apple.AppKit:Image] ISImage reported a placeholder, image rep is providing a placeholder image for <private>
2026-08-09 17:47:28.610 I  PeachCommander[1171:21c0] [com.apple.AppKit:Image] ISImage reported a placeholder, image rep is providing a placeholder image for <private>
2026-08-09 17:47:28.610 I  PeachCommander[1171:21c0] [com.apple.AppKit:Image] ISImage reported a placeholder, image rep is providing a placeholder image for <private>
2026-08-09 17:47:28.610 I  PeachCommander[1171:21c0] [com.apple.AppKit:Image] ISImage reported a placeholder, image rep is providing a placeholder image for <private>
2026-08-09 17:47:28.611 I  PeachCommander[1171:21c0] [com.apple.AppKit:Image] ISImage reported a placeholder, image rep is providing a placeholder image for <private>
2026-08-09 17:47:28.611 I  PeachCommander[1171:21c0] [com.apple.AppKit:Image] ISImage reported a placeholder, image rep is providing a placeholder image for <private>
2026-08-09 17:47:28.612 I  PeachCommander[1171:21c0] [com.apple.AppKit:Image] ISImage reported a placeholder, image rep is providing a placeholder image for <private>
2026-08-09 17:47:28.612 I  PeachCommander[1171:21c0] [com.apple.AppKit:Image] ISImage reported a placeholder, image rep is providing a placeholder image for <private>
2026-08-09 17:47:28.613 I  PeachCommander[1171:21c0] [com.apple.AppKit:Image] ISImage reported a placeholder, image rep is providing a placeholder image for <private>
2026-08-09 17:47:28.613 I  PeachCommander[1171:21c0] [com.apple.AppKit:Image] ISImage reported a placeholder, image rep is providing a placeholder image for <private>
2026-08-09 17:47:28.614 I  PeachCommander[1171:21c0] [com.apple.AppKit:Image] ISImage reported a placeholder, image rep is providing a placeholder image for <private>
2026-08-09 17:47:28.614 I  PeachCommander[1171:21c0] [com.apple.AppKit:Image] ISImage reported a placeholder, image rep is providing a placeholder image for <private>
2026-08-09 17:47:28.615 I  PeachCommander[1171:21c0] [com.apple.AppKit:Image] ISImage reported a placeholder, image rep is providing a placeholder image for <private>
2026-08-09 17:47:28.615 I  PeachCommander[1171:21c0] [com.apple.AppKit:Image] ISImage reported a placeholder, image rep is providing a placeholder image for <private>
2026-08-09 17:47:28.616 I  PeachCommander[1171:21c0] [com.apple.AppKit:Image] ISImage reported a placeholder, image rep is providing a placeholder image for <private>
2026-08-09 17:47:28.616 I  PeachCommander[1171:21c0] [com.apple.AppKit:Image] ISImage reported a placeholder, image rep is providing a placeholder image for <private>
2026-08-09 17:47:28.617 I  PeachCommander[1171:21c0] [com.apple.AppKit:Image] ISImage reported a placeholder, image rep is providing a placeholder image for <private>
2026-08-09 17:47:28.617 I  PeachCommander[1171:21c0] [com.apple.AppKit:Image] ISImage reported a placeholder, image rep is providing a placeholder image for <private>
2026-08-09 17:47:28.618 I  PeachCommander[1171:21c0] [com.apple.AppKit:Image] ISImage reported a placeholder, image rep is providing a placeholder image for <private>
2026-08-09 17:47:28.618 I  PeachCommander[1171:21c0] [com.apple.AppKit:Image] ISImage reported a placeholder, image rep is providing a placeholder image for <private>
2026-08-09 17:47:28.686 Df PeachCommander[1171:21c0] (Foundation) <private>
2026-08-09 17:47:28.687 Df PeachCommander[1171:21c0] (Foundation) <private>
2026-08-09 17:47:28.687 Df PeachCommander[1171:21c0] (Foundation) <private>
2026-08-09 17:47:28.690 I  PeachCommander[1171:21c0] [com.apple.AppKit:Image] ISImage reported a placeholder, image rep is providing a placeholder image for <private>
2026-08-09 17:47:28.690 I  PeachCommander[1171:21c0] [com.apple.AppKit:Image] ISImage reported a placeholder, image rep is providing a placeholder image for <private>
2026-08-09 17:47:28.691 I  PeachCommander[1171:21c0] [com.apple.AppKit:Image] ISImage reported a placeholder, image rep is providing a placeholder image for <private>
2026-08-09 17:47:28.691 I  PeachCommander[1171:21c0] [com.apple.AppKit:Image] ISImage reported a placeholder, image rep is providing a placeholder image for <private>
2026-08-09 17:47:28.692 I  PeachCommander[1171:21c0] [com.apple.AppKit:Image] ISImage reported a placeholder, image rep is providing a placeholder image for <private>
2026-08-09 17:47:28.692 I  PeachCommander[1171:21c0] [com.apple.AppKit:Image] ISImage reported a placeholder, image rep is providing a placeholder image for <private>
2026-08-09 17:47:28.693 I  PeachCommander[1171:21c0] [com.apple.AppKit:Image] ISImage reported a placeholder, image rep is providing a placeholder image for <private>
2026-08-09 17:47:28.693 I  PeachCommander[1171:21c0] [com.apple.AppKit:Image] ISImage reported a placeholder, image rep is providing a placeholder image for <private>
2026-08-09 17:47:28.694 I  PeachCommander[1171:21c0] [com.apple.AppKit:Image] ISImage reported a placeholder, image rep is providing a placeholder image for <private>
2026-08-09 17:47:28.694 I  PeachCommander[1171:21c0] [com.apple.AppKit:Image] ISImage reported a placeholder, image rep is providing a placeholder image for <private>
2026-08-09 17:47:28.695 I  PeachCommander[1171:21c0] [com.apple.AppKit:Image] ISImage reported a placeholder, image rep is providing a placeholder image for <private>
2026-08-09 17:47:28.695 I  PeachCommander[1171:21c0] [com.apple.AppKit:Image] ISImage reported a placeholder, image rep is providing a placeholder image for <private>
2026-08-09 17:47:28.697 I  PeachCommander[1171:21c0] [com.apple.AppKit:Image] ISImage reported a placeholder, image rep is providing a placeholder image for <private>
2026-08-09 17:47:28.697 I  PeachCommander[1171:21c0] [com.apple.AppKit:Image] ISImage reported a placeholder, image rep is providing a placeholder image for <private>
2026-08-09 17:47:28.698 I  PeachCommander[1171:21c0] [com.apple.AppKit:Image] ISImage reported a placeholder, image rep is providing a placeholder image for <private>
2026-08-09 17:47:28.698 I  PeachCommander[1171:21c0] [com.apple.AppKit:Image] ISImage reported a placeholder, image rep is providing a placeholder image for <private>
2026-08-09 17:47:28.699 I  PeachCommander[1171:21c0] [com.apple.AppKit:Image] ISImage reported a placeholder, image rep is providing a placeholder image for <private>
2026-08-09 17:47:28.699 I  PeachCommander[1171:21c0] [com.apple.AppKit:Image] ISImage reported a placeholder, image rep is providing a placeholder image for <private>
2026-08-09 17:47:28.700 I  PeachCommander[1171:21c0] [com.apple.AppKit:Image] ISImage reported a placeholder, image rep is providing a placeholder image for <private>
2026-08-09 17:47:28.700 I  PeachCommander[1171:21c0] [com.apple.AppKit:Image] ISImage reported a placeholder, image rep is providing a placeholder image for <private>
2026-08-09 17:47:28.701 I  PeachCommander[1171:21c0] [com.apple.AppKit:Image] ISImage reported a placeholder, image rep is providing a placeholder image for <private>
2026-08-09 17:47:28.701 I  PeachCommander[1171:21c0] [com.apple.AppKit:Image] ISImage reported a placeholder, image rep is providing a placeholder image for <private>
2026-08-09 17:47:28.701 I  PeachCommander[1171:21c0] [com.apple.AppKit:Image] ISImage reported a placeholder, image rep is providing a placeholder image for <private>
2026-08-09 17:47:28.701 I  PeachCommander[1171:21c0] [com.apple.AppKit:Image] ISImage reported a placeholder, image rep is providing a placeholder image for <private>
2026-08-09 17:47:28.727 I  PeachCommander[1171:21cd] [com.apple.espresso:espresso] Creating context 38317251872 eng=0 dev=-1
2026-08-09 17:47:28.727 I  PeachCommander[1171:21cd] [com.apple.espresso:espresso] Creating plan 38289050112
2026-08-09 17:47:28.727 I  PeachCommander[1171:21cd] [com.apple.espresso:espresso] Creating plan 38289050112
2026-08-09 17:47:28.727 I  PeachCommander[1171:21cd] [com.apple.espresso:espresso] espresso_plan_add_network plan=38289050112 path=<private> cp=65568
2026-08-09 17:47:28.727 I  PeachCommander[1171:21c8] [com.apple.espresso:espresso] Creating context 38317251840 eng=0 dev=-1
2026-08-09 17:47:28.727 I  PeachCommander[1171:21c8] [com.apple.espresso:espresso] Creating plan 38289053952
2026-08-09 17:47:28.727 I  PeachCommander[1171:21c8] [com.apple.espresso:espresso] Creating plan 38289053952
2026-08-09 17:47:28.727 I  PeachCommander[1171:21c8] [com.apple.espresso:espresso] espresso_plan_add_network plan=38289053952 path=<private> cp=65568
2026-08-09 17:47:28.727 I  PeachCommander[1171:21cc] [com.apple.espresso:espresso] Creating context 38317251040 eng=0 dev=-1
2026-08-09 17:47:28.727 I  PeachCommander[1171:21cc] [com.apple.espresso:espresso] Creating plan 38289055232
2026-08-09 17:47:28.727 I  PeachCommander[1171:21cc] [com.apple.espresso:espresso] Creating plan 38289055232
2026-08-09 17:47:28.727 I  PeachCommander[1171:21cc] [com.apple.espresso:espresso] espresso_plan_add_network plan=38289055232 path=<private> cp=65568
2026-08-09 17:47:28.728 I  PeachCommander[1171:21dd] [com.apple.espresso:espresso] Creating context 38317252800 eng=0 dev=-1
2026-08-09 17:47:28.728 I  PeachCommander[1171:21dd] [com.apple.espresso:espresso] Creating plan 38289047552
2026-08-09 17:47:28.728 I  PeachCommander[1171:21dd] [com.apple.espresso:espresso] Creating plan 38289047552
2026-08-09 17:47:28.728 I  PeachCommander[1171:21dd] [com.apple.espresso:espresso] espresso_plan_add_network plan=38289047552 path=<private> cp=65568
2026-08-09 17:47:28.728 I  PeachCommander[1171:21c8] [com.apple.espresso:espresso] Loaded network: '<private>' pf=100 cp=0
2026-08-09 17:47:28.728 I  PeachCommander[1171:21cc] [com.apple.espresso:espresso] Loaded network: '<private>' pf=100 cp=0
2026-08-09 17:47:28.728 I  PeachCommander[1171:21cc] [com.apple.CoreAnalytics:client] Dropping "com.apple.Espresso.SegmentationAnalytics" as it isn't used in any transform (not in the config or budgeted?)
2026-08-09 17:47:28.728 I  PeachCommander[1171:21cc] [com.apple.espresso:espresso] espresso_plan_add_network plan=38289055232 path=<private> cp=65568 Completed
2026-08-09 17:47:28.728 I  PeachCommander[1171:21cd] [com.apple.espresso:espresso] Loaded network: '<private>' pf=100 cp=0
2026-08-09 17:47:28.728 I  PeachCommander[1171:21cc] [com.apple.espresso:espresso] [change_input_shapes] index=0/3 name=<private> w=1 h=1 k=1 n=1 seq=88
2026-08-09 17:47:28.728 I  PeachCommander[1171:21cc] [com.apple.espresso:espresso] [change_input_shapes] index=1/3 name=<private> w=1 h=1 k=256 n=1 seq=1
2026-08-09 17:47:28.728 I  PeachCommander[1171:21cc] [com.apple.espresso:espresso] [change_input_shapes] index=2/3 name=<private> w=1 h=1 k=256 n=1 seq=1
2026-08-09 17:47:28.728 I  PeachCommander[1171:21cd] [com.apple.CoreAnalytics:client] Dropping "com.apple.Espresso.SegmentationAnalytics" as it isn't used in any transform (not in the config or budgeted?)
2026-08-09 17:47:28.728 I  PeachCommander[1171:21cd] [com.apple.espresso:espresso] espresso_plan_add_network plan=38289050112 path=<private> cp=65568 Completed
2026-08-09 17:47:28.728 I  PeachCommander[1171:21cd] [com.apple.espresso:espresso] [change_input_shapes] index=0/3 name=<private> w=1 h=1 k=1 n=1 seq=89
2026-08-09 17:47:28.728 I  PeachCommander[1171:21cd] [com.apple.espresso:espresso] [change_input_shapes] index=1/3 name=<private> w=1 h=1 k=256 n=1 seq=1
2026-08-09 17:47:28.728 I  PeachCommander[1171:21cd] [com.apple.espresso:espresso] [change_input_shapes] index=2/3 name=<private> w=1 h=1 k=256 n=1 seq=1
2026-08-09 17:47:28.728 I  PeachCommander[1171:21dd] [com.apple.espresso:espresso] Loaded network: '<private>' pf=100 cp=0
2026-08-09 17:47:28.728 I  PeachCommander[1171:21dd] [com.apple.CoreAnalytics:client] Dropping "com.apple.Espresso.SegmentationAnalytics" as it isn't used in any transform (not in the config or budgeted?)
2026-08-09 17:47:28.728 I  PeachCommander[1171:21dd] [com.apple.espresso:espresso] espresso_plan_add_network plan=38289047552 path=<private> cp=65568 Completed
2026-08-09 17:47:28.728 I  PeachCommander[1171:21dd] [com.apple.espresso:espresso] [change_input_shapes] index=0/3 name=<private> w=1 h=1 k=1 n=1 seq=90
2026-08-09 17:47:28.728 I  PeachCommander[1171:21dd] [com.apple.espresso:espresso] [change_input_shapes] index=1/3 name=<private> w=1 h=1 k=256 n=1 seq=1
2026-08-09 17:47:28.728 I  PeachCommander[1171:21dd] [com.apple.espresso:espresso] [change_input_shapes] index=2/3 name=<private> w=1 h=1 k=256 n=1 seq=1
2026-08-09 17:47:28.728 I  PeachCommander[1171:21c8] [com.apple.CoreAnalytics:client] Dropping "com.apple.Espresso.SegmentationAnalytics" as it isn't used in any transform (not in the config or budgeted?)
2026-08-09 17:47:28.728 I  PeachCommander[1171:21c8] [com.apple.espresso:espresso] espresso_plan_add_network plan=38289053952 path=<private> cp=65568 Completed
2026-08-09 17:47:28.728 I  PeachCommander[1171:21c8] [com.apple.espresso:espresso] [change_input_shapes] index=0/3 name=<private> w=1 h=1 k=1 n=1 seq=13
2026-08-09 17:47:28.728 I  PeachCommander[1171:21c8] [com.apple.espresso:espresso] [change_input_shapes] index=1/3 name=<private> w=1 h=1 k=256 n=1 seq=1
2026-08-09 17:47:28.728 I  PeachCommander[1171:21c8] [com.apple.espresso:espresso] [change_input_shapes] index=2/3 name=<private> w=1 h=1 k=256 n=1 seq=1
2026-08-09 17:47:28.728 I  PeachCommander[1171:21c8] [com.apple.espresso:espresso] Destroying plan 38289053952
2026-08-09 17:47:28.728 I  PeachCommander[1171:21c8] [com.apple.espresso:espresso] Destroying context 38317251840
2026-08-09 17:47:28.729 I  PeachCommander[1171:21c8] [com.apple.espresso:espresso] Creating context 38317251840 eng=0 dev=-1
2026-08-09 17:47:28.729 I  PeachCommander[1171:21c8] [com.apple.espresso:espresso] Creating plan 38289053952
2026-08-09 17:47:28.729 I  PeachCommander[1171:21c8] [com.apple.espresso:espresso] Creating plan 38289053952
2026-08-09 17:47:28.729 I  PeachCommander[1171:21c8] [com.apple.espresso:espresso] espresso_plan_add_network plan=38289053952 path=<private> cp=65568
2026-08-09 17:47:28.729 I  PeachCommander[1171:21cc] [com.apple.espresso:espresso] Destroying plan 38289055232
2026-08-09 17:47:28.729 I  PeachCommander[1171:21cc] [com.apple.espresso:espresso] Destroying context 38317251040
2026-08-09 17:47:28.729 I  PeachCommander[1171:21c8] [com.apple.espresso:espresso] Loaded network: '<private>' pf=100 cp=0
2026-08-09 17:47:28.729 I  PeachCommander[1171:21c8] [com.apple.CoreAnalytics:client] Dropping "com.apple.Espresso.SegmentationAnalytics" as it isn't used in any transform (not in the config or budgeted?)
2026-08-09 17:47:28.729 I  PeachCommander[1171:21c8] [com.apple.espresso:espresso] espresso_plan_add_network plan=38289053952 path=<private> cp=65568 Completed
2026-08-09 17:47:28.729 I  PeachCommander[1171:21c8] [com.apple.espresso:espresso] [change_input_shapes] index=0/3 name=<private> w=1 h=1 k=1 n=1 seq=92
2026-08-09 17:47:28.729 I  PeachCommander[1171:21c8] [com.apple.espresso:espresso] [change_input_shapes] index=1/3 name=<private> w=1 h=1 k=256 n=1 seq=1
2026-08-09 17:47:28.729 I  PeachCommander[1171:21c8] [com.apple.espresso:espresso] [change_input_shapes] index=2/3 name=<private> w=1 h=1 k=256 n=1 seq=1
2026-08-09 17:47:28.729 I  PeachCommander[1171:21cc] [com.apple.espresso:espresso] Creating context 38317251040 eng=0 dev=-1
2026-08-09 17:47:28.729 I  PeachCommander[1171:21cc] [com.apple.espresso:espresso] Creating plan 38289055232
2026-08-09 17:47:28.729 I  PeachCommander[1171:21cc] [com.apple.espresso:espresso] Creating plan 38289055232
2026-08-09 17:47:28.729 I  PeachCommander[1171:21cc] [com.apple.espresso:espresso] espresso_plan_add_network plan=38289055232 path=<private> cp=65568
2026-08-09 17:47:28.729 I  PeachCommander[1171:21dd] [com.apple.espresso:espresso] Destroying plan 38289047552
2026-08-09 17:47:28.729 I  PeachCommander[1171:21dd] [com.apple.espresso:espresso] Destroying context 38317252800
2026-08-09 17:47:28.729 I  PeachCommander[1171:21dd] [com.apple.espresso:espresso] Creating context 38317252800 eng=0 dev=-1
2026-08-09 17:47:28.729 I  PeachCommander[1171:21dd] [com.apple.espresso:espresso] Creating plan 38289047552
2026-08-09 17:47:28.729 I  PeachCommander[1171:21dd] [com.apple.espresso:espresso] Creating plan 38289047552
2026-08-09 17:47:28.729 I  PeachCommander[1171:21dd] [com.apple.espresso:espresso] espresso_plan_add_network plan=38289047552 path=<private> cp=65568
2026-08-09 17:47:28.729 I  PeachCommander[1171:21cc] [com.apple.espresso:espresso] Loaded network: '<private>' pf=100 cp=0
2026-08-09 17:47:28.729 I  PeachCommander[1171:21cc] [com.apple.CoreAnalytics:client] Dropping "com.apple.Espresso.SegmentationAnalytics" as it isn't used in any transform (not in the config or budgeted?)
2026-08-09 17:47:28.729 I  PeachCommander[1171:21cc] [com.apple.espresso:espresso] espresso_plan_add_network plan=38289055232 path=<private> cp=65568 Completed
2026-08-09 17:47:28.729 I  PeachCommander[1171:21cc] [com.apple.espresso:espresso] [change_input_shapes] index=0/3 name=<private> w=1 h=1 k=1 n=1 seq=55
2026-08-09 17:47:28.729 I  PeachCommander[1171:21cc] [com.apple.espresso:espresso] [change_input_shapes] index=1/3 name=<private> w=1 h=1 k=256 n=1 seq=1
2026-08-09 17:47:28.729 I  PeachCommander[1171:21cc] [com.apple.espresso:espresso] [change_input_shapes] index=2/3 name=<private> w=1 h=1 k=256 n=1 seq=1
2026-08-09 17:47:28.729 I  PeachCommander[1171:21dd] [com.apple.espresso:espresso] Loaded network: '<private>' pf=100 cp=0
2026-08-09 17:47:28.729 I  PeachCommander[1171:21dd] [com.apple.CoreAnalytics:client] Dropping "com.apple.Espresso.SegmentationAnalytics" as it isn't used in any transform (not in the config or budgeted?)
2026-08-09 17:47:28.729 I  PeachCommander[1171:21dd] [com.apple.espresso:espresso] espresso_plan_add_network plan=38289047552 path=<private> cp=65568 Completed
2026-08-09 17:47:28.729 I  PeachCommander[1171:21dd] [com.apple.espresso:espresso] [change_input_shapes] index=0/3 name=<private> w=1 h=1 k=1 n=1 seq=60
2026-08-09 17:47:28.729 I  PeachCommander[1171:21dd] [com.apple.espresso:espresso] [change_input_shapes] index=1/3 name=<private> w=1 h=1 k=256 n=1 seq=1
2026-08-09 17:47:28.729 I  PeachCommander[1171:21dd] [com.apple.espresso:espresso] [change_input_shapes] index=2/3 name=<private> w=1 h=1 k=256 n=1 seq=1
2026-08-09 17:47:28.729 I  PeachCommander[1171:21c8] [com.apple.espresso:espresso] Destroying plan 38289053952
2026-08-09 17:47:28.729 I  PeachCommander[1171:21c8] [com.apple.espresso:espresso] Destroying context 38317251840
2026-08-09 17:47:28.730 I  PeachCommander[1171:21cc] [com.apple.espresso:espresso] Destroying plan 38289055232
2026-08-09 17:47:28.730 I  PeachCommander[1171:21cc] [com.apple.espresso:espresso] Destroying context 38317251040
2026-08-09 17:47:28.730 I  PeachCommander[1171:21dd] [com.apple.espresso:espresso] Destroying plan 38289047552
2026-08-09 17:47:28.730 I  PeachCommander[1171:21dd] [com.apple.espresso:espresso] Destroying context 38317252800
2026-08-09 17:47:28.731 I  PeachCommander[1171:21cd] [com.apple.espresso:espresso] Destroying plan 38289050112
2026-08-09 17:47:28.731 I  PeachCommander[1171:21cd] [com.apple.espresso:espresso] Destroying context 38317251872
2026-08-09 17:47:29.966 Df PeachCommander[1171:21c0] (Foundation) <private>
2026-08-09 17:47:29.966 Df PeachCommander[1171:21c0] (Foundation) <private>
2026-08-09 17:47:31.198 Df PeachCommander[1171:21c0] (Foundation) <private>
2026-08-09 17:47:31.199 Df PeachCommander[1171:21c0] (Foundation) <private>
2026-08-09 17:47:31.199 Df PeachCommander[1171:21c0] (Foundation) <private>
2026-08-09 17:47:32.254 Df PeachCommander[1171:21c0] (Foundation) <private>
2026-08-09 17:47:32.256 Df PeachCommander[1171:21c0] (Foundation) <private>
2026-08-09 17:47:32.257 Df PeachCommander[1171:21c0] (Foundation) <private>
2026-08-09 17:47:32.289 I  PeachCommander[1171:21c0] [com.apple.AppKit:Image] ISImage reported a placeholder, image rep is providing a placeholder image for <private>
2026-08-09 17:47:32.290 I  PeachCommander[1171:21c0] [com.apple.AppKit:Image] ISImage reported a placeholder, image rep is providing a placeholder image for <private>
2026-08-09 17:47:32.291 I  PeachCommander[1171:21c0] [com.apple.AppKit:Image] ISImage reported a placeholder, image rep is providing a placeholder image for <private>
2026-08-09 17:47:32.292 I  PeachCommander[1171:21c0] [com.apple.AppKit:Image] ISImage reported a placeholder, image rep is providing a placeholder image for <private>
2026-08-09 17:47:32.292 I  PeachCommander[1171:21c0] [com.apple.AppKit:Image] ISImage reported a placeholder, image rep is providing a placeholder image for <private>
2026-08-09 17:47:32.293 I  PeachCommander[1171:21c0] [com.apple.AppKit:Image] ISImage reported a placeholder, image rep is providing a placeholder image for <private>
2026-08-09 17:47:32.294 I  PeachCommander[1171:21c0] [com.apple.AppKit:Image] ISImage reported a placeholder, image rep is providing a placeholder image for <private>
2026-08-09 17:47:32.294 I  PeachCommander[1171:21c0] [com.apple.AppKit:Image] ISImage reported a placeholder, image rep is providing a placeholder image for <private>
2026-08-09 17:47:32.295 I  PeachCommander[1171:21c0] [com.apple.AppKit:Image] ISImage reported a placeholder, image rep is providing a placeholder image for <private>
2026-08-09 17:47:32.296 I  PeachCommander[1171:21c0] [com.apple.AppKit:Image] ISImage reported a placeholder, image rep is providing a placeholder image for <private>
2026-08-09 17:47:32.296 I  PeachCommander[1171:21c0] [com.apple.AppKit:Image] ISImage reported a placeholder, image rep is providing a placeholder image for <private>
2026-08-09 17:47:32.297 I  PeachCommander[1171:21c0] [com.apple.AppKit:Image] ISImage reported a placeholder, image rep is providing a placeholder image for <private>
2026-08-09 17:47:32.298 I  PeachCommander[1171:21c0] [com.apple.AppKit:Image] ISImage reported a placeholder, image rep is providing a placeholder image for <private>
2026-08-09 17:47:32.298 I  PeachCommander[1171:21c0] [com.apple.AppKit:Image] ISImage reported a placeholder, image rep is providing a placeholder image for <private>
2026-08-09 17:47:32.299 I  PeachCommander[1171:21c0] [com.apple.AppKit:Image] ISImage reported a placeholder, image rep is providing a placeholder image for <private>
2026-08-09 17:47:32.299 I  PeachCommander[1171:21c0] [com.apple.AppKit:Image] ISImage reported a placeholder, image rep is providing a placeholder image for <private>
2026-08-09 17:47:32.300 I  PeachCommander[1171:21c0] [com.apple.AppKit:Image] ISImage reported a placeholder, image rep is providing a placeholder image for <private>
2026-08-09 17:47:32.300 I  PeachCommander[1171:21c0] [com.apple.AppKit:Image] ISImage reported a placeholder, image rep is providing a placeholder image for <private>
2026-08-09 17:47:32.301 I  PeachCommander[1171:21c0] [com.apple.AppKit:Image] ISImage reported a placeholder, image rep is providing a placeholder image for <private>
2026-08-09 17:47:32.302 I  PeachCommander[1171:21c0] [com.apple.AppKit:Image] ISImage reported a placeholder, image rep is providing a placeholder image for <private>
2026-08-09 17:47:32.302 I  PeachCommander[1171:21c0] [com.apple.AppKit:Image] ISImage reported a placeholder, image rep is providing a placeholder image for <private>
2026-08-09 17:47:32.303 I  PeachCommander[1171:21c0] [com.apple.AppKit:Image] ISImage reported a placeholder, image rep is providing a placeholder image for <private>
2026-08-09 17:47:32.303 I  PeachCommander[1171:21c0] [com.apple.AppKit:Image] ISImage reported a placeholder, image rep is providing a placeholder image for <private>
2026-08-09 17:47:32.304 I  PeachCommander[1171:21c0] [com.apple.AppKit:Image] ISImage reported a placeholder, image rep is providing a placeholder image for <private>
2026-08-09 17:47:32.304 I  PeachCommander[1171:21c0] [com.apple.AppKit:Image] ISImage reported a placeholder, image rep is providing a placeholder image for <private>
2026-08-09 17:47:32.305 I  PeachCommander[1171:21c0] [com.apple.AppKit:Image] ISImage reported a placeholder, image rep is providing a placeholder image for <private>
2026-08-09 17:47:32.306 I  PeachCommander[1171:21c0] [com.apple.AppKit:Image] ISImage reported a placeholder, image rep is providing a placeholder image for <private>
2026-08-09 17:47:32.306 I  PeachCommander[1171:21c0] [com.apple.AppKit:Image] ISImage reported a placeholder, image rep is providing a placeholder image for <private>
2026-08-09 17:47:32.306 I  PeachCommander[1171:21c0] [com.apple.AppKit:Image] ISImage reported a placeholder, image rep is providing a placeholder image for <private>
2026-08-09 17:47:32.307 I  PeachCommander[1171:21c0] [com.apple.AppKit:Image] ISImage reported a placeholder, image rep is providing a placeholder image for <private>
2026-08-09 17:47:32.307 I  PeachCommander[1171:21c0] [com.apple.AppKit:Image] ISImage reported a placeholder, image rep is providing a placeholder image for <private>
2026-08-09 17:47:32.309 I  PeachCommander[1171:21c0] [com.apple.AppKit:Image] ISImage reported a placeholder, image rep is providing a placeholder image for <private>
2026-08-09 17:47:32.309 I  PeachCommander[1171:21c0] [com.apple.AppKit:Image] ISImage reported a placeholder, image rep is providing a placeholder image for <private>
2026-08-09 17:47:32.310 I  PeachCommander[1171:21c0] [com.apple.AppKit:Image] ISImage reported a placeholder, image rep is providing a placeholder image for <private>
2026-08-09 17:47:32.310 I  PeachCommander[1171:21c0] [com.apple.AppKit:Image] ISImage reported a placeholder, image rep is providing a placeholder image for <private>
2026-08-09 17:47:32.311 I  PeachCommander[1171:21c0] [com.apple.AppKit:Image] ISImage reported a placeholder, image rep is providing a placeholder image for <private>
2026-08-09 17:47:32.311 I  PeachCommander[1171:21c0] [com.apple.AppKit:Image] ISImage reported a placeholder, image rep is providing a placeholder image for <private>
2026-08-09 17:47:32.312 I  PeachCommander[1171:21c0] [com.apple.AppKit:Image] ISImage reported a placeholder, image rep is providing a placeholder image for <private>
2026-08-09 17:47:32.313 I  PeachCommander[1171:21c0] [com.apple.AppKit:Image] ISImage reported a placeholder, image rep is providing a placeholder image for <private>
2026-08-09 17:47:32.314 I  PeachCommander[1171:21c0] [com.apple.AppKit:Image] ISImage reported a placeholder, image rep is providing a placeholder image for <private>
2026-08-09 17:47:32.314 I  PeachCommander[1171:21c0] [com.apple.AppKit:Image] ISImage reported a placeholder, image rep is providing a placeholder image for <private>
2026-08-09 17:47:32.315 I  PeachCommander[1171:21c0] [com.apple.AppKit:Image] ISImage reported a placeholder, image rep is providing a placeholder image for <private>
2026-08-09 17:47:32.315 I  PeachCommander[1171:21c0] [com.apple.AppKit:Image] ISImage reported a placeholder, image rep is providing a placeholder image for <private>
2026-08-09 17:47:32.316 I  PeachCommander[1171:21c0] [com.apple.AppKit:Image] ISImage reported a placeholder, image rep is providing a placeholder image for <private>
2026-08-09 17:47:32.316 I  PeachCommander[1171:21c0] [com.apple.AppKit:Image] ISImage reported a placeholder, image rep is providing a placeholder image for <private>
2026-08-09 17:47:32.317 I  PeachCommander[1171:21c0] [com.apple.AppKit:Image] ISImage reported a placeholder, image rep is providing a placeholder image for <private>
2026-08-09 17:47:32.317 I  PeachCommander[1171:21c0] [com.apple.AppKit:Image] ISImage reported a placeholder, image rep is providing a placeholder image for <private>
2026-08-09 17:47:32.318 I  PeachCommander[1171:21c0] [com.apple.AppKit:Image] ISImage reported a placeholder, image rep is providing a placeholder image for <private>
2026-08-09 17:47:32.318 I  PeachCommander[1171:21c0] [com.apple.AppKit:Image] ISImage reported a placeholder, image rep is providing a placeholder image for <private>
2026-08-09 17:47:32.319 I  PeachCommander[1171:21c0] [com.apple.AppKit:Image] ISImage reported a placeholder, image rep is providing a placeholder image for <private>
2026-08-09 17:47:32.319 I  PeachCommander[1171:21c0] [com.apple.AppKit:Image] ISImage reported a placeholder, image rep is providing a placeholder image for <private>
2026-08-09 17:47:32.321 I  PeachCommander[1171:21c0] [com.apple.AppKit:Image] ISImage reported a placeholder, image rep is providing a placeholder image for <private>
2026-08-09 17:47:32.321 I  PeachCommander[1171:21c0] [com.apple.AppKit:Image] ISImage reported a placeholder, image rep is providing a placeholder image for <private>
2026-08-09 17:47:32.322 I  PeachCommander[1171:21c0] [com.apple.AppKit:Image] ISImage reported a placeholder, image rep is providing a placeholder image for <private>
2026-08-09 17:47:32.322 I  PeachCommander[1171:21c0] [com.apple.AppKit:Image] ISImage reported a placeholder, image rep is providing a placeholder image for <private>
2026-08-09 17:47:32.323 I  PeachCommander[1171:21c0] [com.apple.AppKit:Image] ISImage reported a placeholder, image rep is providing a placeholder image for <private>
2026-08-09 17:47:32.323 I  PeachCommander[1171:21c0] [com.apple.AppKit:Image] ISImage reported a placeholder, image rep is providing a placeholder image for <private>
2026-08-09 17:47:32.324 I  PeachCommander[1171:21c0] [com.apple.AppKit:Image] ISImage reported a placeholder, image rep is providing a placeholder image for <private>
2026-08-09 17:47:32.324 I  PeachCommander[1171:21c0] [com.apple.AppKit:Image] ISImage reported a placeholder, image rep is providing a placeholder image for <private>
2026-08-09 17:47:32.325 I  PeachCommander[1171:21c0] [com.apple.AppKit:Image] ISImage reported a placeholder, image rep is providing a placeholder image for <private>
2026-08-09 17:47:32.325 I  PeachCommander[1171:21c0] [com.apple.AppKit:Image] ISImage reported a placeholder, image rep is providing a placeholder image for <private>
2026-08-09 17:47:32.326 I  PeachCommander[1171:21c0] [com.apple.AppKit:Image] ISImage reported a placeholder, image rep is providing a placeholder image for <private>
2026-08-09 17:47:32.326 I  PeachCommander[1171:21c0] [com.apple.AppKit:Image] ISImage reported a placeholder, image rep is providing a placeholder image for <private>
2026-08-09 17:47:32.327 I  PeachCommander[1171:21c0] [com.apple.AppKit:Image] ISImage reported a placeholder, image rep is providing a placeholder image for <private>
2026-08-09 17:47:32.327 I  PeachCommander[1171:21c0] [com.apple.AppKit:Image] ISImage reported a placeholder, image rep is providing a placeholder image for <private>
2026-08-09 17:47:32.328 I  PeachCommander[1171:21c0] [com.apple.AppKit:Image] ISImage reported a placeholder, image rep is providing a placeholder image for <private>
2026-08-09 17:47:32.328 I  PeachCommander[1171:21c0] [com.apple.AppKit:Image] ISImage reported a placeholder, image rep is providing a placeholder image for <private>
2026-08-09 17:47:32.329 I  PeachCommander[1171:21c0] [com.apple.AppKit:Image] ISImage reported a placeholder, image rep is providing a placeholder image for <private>
2026-08-09 17:47:32.329 I  PeachCommander[1171:21c0] [com.apple.AppKit:Image] ISImage reported a placeholder, image rep is providing a placeholder image for <private>
2026-08-09 17:47:32.330 I  PeachCommander[1171:21c0] [com.apple.AppKit:Image] ISImage reported a placeholder, image rep is providing a placeholder image for <private>
2026-08-09 17:47:32.331 I  PeachCommander[1171:21c0] [com.apple.AppKit:Image] ISImage reported a placeholder, image rep is providing a placeholder image for <private>
2026-08-09 17:47:32.332 I  PeachCommander[1171:21c0] [com.apple.AppKit:Image] ISImage reported a placeholder, image rep is providing a placeholder image for <private>
2026-08-09 17:47:32.332 I  PeachCommander[1171:21c0] [com.apple.AppKit:Image] ISImage reported a placeholder, image rep is providing a placeholder image for <private>
2026-08-09 17:47:32.333 I  PeachCommander[1171:21c0] [com.apple.AppKit:Image] ISImage reported a placeholder, image rep is providing a placeholder image for <private>
2026-08-09 17:47:32.333 I  PeachCommander[1171:21c0] [com.apple.AppKit:Image] ISImage reported a placeholder, image rep is providing a placeholder image for <private>
2026-08-09 17:47:32.334 I  PeachCommander[1171:21c0] [com.apple.AppKit:Image] ISImage reported a placeholder, image rep is providing a placeholder image for <private>
2026-08-09 17:47:32.334 I  PeachCommander[1171:21c0] [com.apple.AppKit:Image] ISImage reported a placeholder, image rep is providing a placeholder image for <private>
2026-08-09 17:47:32.335 I  PeachCommander[1171:21c0] [com.apple.AppKit:Image] ISImage reported a placeholder, image rep is providing a placeholder image for <private>
2026-08-09 17:47:32.335 I  PeachCommander[1171:21c0] [com.apple.AppKit:Image] ISImage reported a placeholder, image rep is providing a placeholder image for <private>
2026-08-09 17:47:32.336 I  PeachCommander[1171:21c0] [com.apple.AppKit:Image] ISImage reported a placeholder, image rep is providing a placeholder image for <private>
2026-08-09 17:47:32.336 I  PeachCommander[1171:21c0] [com.apple.AppKit:Image] ISImage reported a placeholder, image rep is providing a placeholder image for <private>
2026-08-09 17:47:32.384 I  PeachCommander[1171:21d6] [com.apple.espresso:espresso] Creating context 38317251840 eng=0 dev=-1
2026-08-09 17:47:32.384 I  PeachCommander[1171:21d6] [com.apple.espresso:espresso] Creating plan 38289051392
2026-08-09 17:47:32.384 I  PeachCommander[1171:21d6] [com.apple.espresso:espresso] Creating plan 38289051392
2026-08-09 17:47:32.384 I  PeachCommander[1171:21d6] [com.apple.espresso:espresso] espresso_plan_add_network plan=38289051392 path=<private> cp=65568
2026-08-09 17:47:32.385 I  PeachCommander[1171:21cd] [com.apple.espresso:espresso] Creating context 38317252800 eng=0 dev=-1
2026-08-09 17:47:32.385 I  PeachCommander[1171:21cd] [com.apple.espresso:espresso] Creating plan 38289047552
2026-08-09 17:47:32.385 I  PeachCommander[1171:21cd] [com.apple.espresso:espresso] Creating plan 38289047552
2026-08-09 17:47:32.385 I  PeachCommander[1171:21cd] [com.apple.espresso:espresso] espresso_plan_add_network plan=38289047552 path=<private> cp=65568
2026-08-09 17:47:32.385 I  PeachCommander[1171:21dd] [com.apple.espresso:espresso] Creating context 38317251040 eng=0 dev=-1
2026-08-09 17:47:32.385 I  PeachCommander[1171:21dd] [com.apple.espresso:espresso] Creating plan 38289055232
2026-08-09 17:47:32.385 I  PeachCommander[1171:21dd] [com.apple.espresso:espresso] Creating plan 38289055232
2026-08-09 17:47:32.385 I  PeachCommander[1171:21dd] [com.apple.espresso:espresso] espresso_plan_add_network plan=38289055232 path=<private> cp=65568
2026-08-09 17:47:32.385 I  PeachCommander[1171:21c8] [com.apple.espresso:espresso] Creating context 38317251200 eng=0 dev=-1
2026-08-09 17:47:32.385 I  PeachCommander[1171:21c8] [com.apple.espresso:espresso] Creating plan 38289053952
2026-08-09 17:47:32.385 I  PeachCommander[1171:21c8] [com.apple.espresso:espresso] Creating plan 38289053952
2026-08-09 17:47:32.385 I  PeachCommander[1171:21c8] [com.apple.espresso:espresso] espresso_plan_add_network plan=38289053952 path=<private> cp=65568
2026-08-09 17:47:32.385 I  PeachCommander[1171:21cd] [com.apple.espresso:espresso] Loaded network: '<private>' pf=100 cp=0
2026-08-09 17:47:32.385 I  PeachCommander[1171:21cd] [com.apple.CoreAnalytics:client] Dropping "com.apple.Espresso.SegmentationAnalytics" as it isn't used in any transform (not in the config or budgeted?)
2026-08-09 17:47:32.385 I  PeachCommander[1171:21cd] [com.apple.espresso:espresso] espresso_plan_add_network plan=38289047552 path=<private> cp=65568 Completed
2026-08-09 17:47:32.385 I  PeachCommander[1171:21dd] [com.apple.espresso:espresso] Loaded network: '<private>' pf=100 cp=0
2026-08-09 17:47:32.385 I  PeachCommander[1171:21cd] [com.apple.espresso:espresso] [change_input_shapes] index=0/3 name=<private> w=1 h=1 k=1 n=1 seq=13
2026-08-09 17:47:32.385 I  PeachCommander[1171:21cd] [com.apple.espresso:espresso] [change_input_shapes] index=1/3 name=<private> w=1 h=1 k=256 n=1 seq=1
2026-08-09 17:47:32.385 I  PeachCommander[1171:21cd] [com.apple.espresso:espresso] [change_input_shapes] index=2/3 name=<private> w=1 h=1 k=256 n=1 seq=1
2026-08-09 17:47:32.385 I  PeachCommander[1171:21dd] [com.apple.CoreAnalytics:client] Dropping "com.apple.Espresso.SegmentationAnalytics" as it isn't used in any transform (not in the config or budgeted?)
2026-08-09 17:47:32.385 I  PeachCommander[1171:21dd] [com.apple.espresso:espresso] espresso_plan_add_network plan=38289055232 path=<private> cp=65568 Completed
2026-08-09 17:47:32.385 I  PeachCommander[1171:21dd] [com.apple.espresso:espresso] [change_input_shapes] index=0/3 name=<private> w=1 h=1 k=1 n=1 seq=88
2026-08-09 17:47:32.385 I  PeachCommander[1171:21dd] [com.apple.espresso:espresso] [change_input_shapes] index=1/3 name=<private> w=1 h=1 k=256 n=1 seq=1
2026-08-09 17:47:32.385 I  PeachCommander[1171:21dd] [com.apple.espresso:espresso] [change_input_shapes] index=2/3 name=<private> w=1 h=1 k=256 n=1 seq=1
2026-08-09 17:47:32.385 I  PeachCommander[1171:21c8] [com.apple.espresso:espresso] Loaded network: '<private>' pf=100 cp=0
2026-08-09 17:47:32.385 I  PeachCommander[1171:21c8] [com.apple.CoreAnalytics:client] Dropping "com.apple.Espresso.SegmentationAnalytics" as it isn't used in any transform (not in the config or budgeted?)
2026-08-09 17:47:32.385 I  PeachCommander[1171:21c8] [com.apple.espresso:espresso] espresso_plan_add_network plan=38289053952 path=<private> cp=65568 Completed
2026-08-09 17:47:32.385 I  PeachCommander[1171:21c8] [com.apple.espresso:espresso] [change_input_shapes] index=0/3 name=<private> w=1 h=1 k=1 n=1 seq=90
2026-08-09 17:47:32.385 I  PeachCommander[1171:21c8] [com.apple.espresso:espresso] [change_input_shapes] index=1/3 name=<private> w=1 h=1 k=256 n=1 seq=1
2026-08-09 17:47:32.385 I  PeachCommander[1171:21c8] [com.apple.espresso:espresso] [change_input_shapes] index=2/3 name=<private> w=1 h=1 k=256 n=1 seq=1
2026-08-09 17:47:32.385 I  PeachCommander[1171:21cd] [com.apple.espresso:espresso] Destroying plan 38289047552
2026-08-09 17:47:32.385 I  PeachCommander[1171:21cd] [com.apple.espresso:espresso] Destroying context 38317252800
2026-08-09 17:47:32.385 I  PeachCommander[1171:21cd] [com.apple.espresso:espresso] Creating context 38317252800 eng=0 dev=-1
2026-08-09 17:47:32.385 I  PeachCommander[1171:21cd] [com.apple.espresso:espresso] Creating plan 38289047552
2026-08-09 17:47:32.385 I  PeachCommander[1171:21cd] [com.apple.espresso:espresso] Creating plan 38289047552
2026-08-09 17:47:32.385 I  PeachCommander[1171:21cd] [com.apple.espresso:espresso] espresso_plan_add_network plan=38289047552 path=<private> cp=65568
2026-08-09 17:47:32.386 I  PeachCommander[1171:21cd] [com.apple.espresso:espresso] Loaded network: '<private>' pf=100 cp=0
2026-08-09 17:47:32.386 I  PeachCommander[1171:21cd] [com.apple.CoreAnalytics:client] Dropping "com.apple.Espresso.SegmentationAnalytics" as it isn't used in any transform (not in the config or budgeted?)
2026-08-09 17:47:32.386 I  PeachCommander[1171:21cd] [com.apple.espresso:espresso] espresso_plan_add_network plan=38289047552 path=<private> cp=65568 Completed
2026-08-09 17:47:32.386 I  PeachCommander[1171:21cd] [com.apple.espresso:espresso] [change_input_shapes] index=0/3 name=<private> w=1 h=1 k=1 n=1 seq=92
2026-08-09 17:47:32.386 I  PeachCommander[1171:21cd] [com.apple.espresso:espresso] [change_input_shapes] index=1/3 name=<private> w=1 h=1 k=256 n=1 seq=1
2026-08-09 17:47:32.386 I  PeachCommander[1171:21cd] [com.apple.espresso:espresso] [change_input_shapes] index=2/3 name=<private> w=1 h=1 k=256 n=1 seq=1
2026-08-09 17:47:32.386 I  PeachCommander[1171:21dd] [com.apple.espresso:espresso] Destroying plan 38289055232
2026-08-09 17:47:32.386 I  PeachCommander[1171:21dd] [com.apple.espresso:espresso] Destroying context 38317251040
2026-08-09 17:47:32.386 I  PeachCommander[1171:21c8] [com.apple.espresso:espresso] Destroying plan 38289053952
2026-08-09 17:47:32.386 I  PeachCommander[1171:21c8] [com.apple.espresso:espresso] Destroying context 38317251200
2026-08-09 17:47:32.386 I  PeachCommander[1171:21c8] [com.apple.espresso:espresso] Creating context 38317251200 eng=0 dev=-1
2026-08-09 17:47:32.386 I  PeachCommander[1171:21c8] [com.apple.espresso:espresso] Creating plan 38289053952
2026-08-09 17:47:32.386 I  PeachCommander[1171:21c8] [com.apple.espresso:espresso] Creating plan 38289053952
2026-08-09 17:47:32.386 I  PeachCommander[1171:21c8] [com.apple.espresso:espresso] espresso_plan_add_network plan=38289053952 path=<private> cp=65568
2026-08-09 17:47:32.386 I  PeachCommander[1171:21dd] [com.apple.espresso:espresso] Creating context 38317251040 eng=0 dev=-1
2026-08-09 17:47:32.386 I  PeachCommander[1171:21dd] [com.apple.espresso:espresso] Creating plan 38289055232
2026-08-09 17:47:32.386 I  PeachCommander[1171:21dd] [com.apple.espresso:espresso] Creating plan 38289055232
2026-08-09 17:47:32.386 I  PeachCommander[1171:21dd] [com.apple.espresso:espresso] espresso_plan_add_network plan=38289055232 path=<private> cp=65568
2026-08-09 17:47:32.386 I  PeachCommander[1171:21c8] [com.apple.espresso:espresso] Loaded network: '<private>' pf=100 cp=0
2026-08-09 17:47:32.386 I  PeachCommander[1171:21c8] [com.apple.CoreAnalytics:client] Dropping "com.apple.Espresso.SegmentationAnalytics" as it isn't used in any transform (not in the config or budgeted?)
2026-08-09 17:47:32.386 I  PeachCommander[1171:21c8] [com.apple.espresso:espresso] espresso_plan_add_network plan=38289053952 path=<private> cp=65568 Completed
2026-08-09 17:47:32.386 I  PeachCommander[1171:21c8] [com.apple.espresso:espresso] [change_input_shapes] index=0/3 name=<private> w=1 h=1 k=1 n=1 seq=55
2026-08-09 17:47:32.386 I  PeachCommander[1171:21c8] [com.apple.espresso:espresso] [change_input_shapes] index=1/3 name=<private> w=1 h=1 k=256 n=1 seq=1
2026-08-09 17:47:32.386 I  PeachCommander[1171:21c8] [com.apple.espresso:espresso] [change_input_shapes] index=2/3 name=<private> w=1 h=1 k=256 n=1 seq=1
2026-08-09 17:47:32.387 I  PeachCommander[1171:21cd] [com.apple.espresso:espresso] Destroying plan 38289047552
2026-08-09 17:47:32.387 I  PeachCommander[1171:21cd] [com.apple.espresso:espresso] Destroying context 38317252800
2026-08-09 17:47:32.387 I  PeachCommander[1171:21dd] [com.apple.espresso:espresso] Loaded network: '<private>' pf=100 cp=0
2026-08-09 17:47:32.387 I  PeachCommander[1171:21dd] [com.apple.CoreAnalytics:client] Dropping "com.apple.Espresso.SegmentationAnalytics" as it isn't used in any transform (not in the config or budgeted?)
2026-08-09 17:47:32.387 I  PeachCommander[1171:21dd] [com.apple.espresso:espresso] espresso_plan_add_network plan=38289055232 path=<private> cp=65568 Completed
2026-08-09 17:47:32.387 I  PeachCommander[1171:21dd] [com.apple.espresso:espresso] [change_input_shapes] index=0/3 name=<private> w=1 h=1 k=1 n=1 seq=60
2026-08-09 17:47:32.387 I  PeachCommander[1171:21dd] [com.apple.espresso:espresso] [change_input_shapes] index=1/3 name=<private> w=1 h=1 k=256 n=1 seq=1
2026-08-09 17:47:32.387 I  PeachCommander[1171:21dd] [com.apple.espresso:espresso] [change_input_shapes] index=2/3 name=<private> w=1 h=1 k=256 n=1 seq=1
2026-08-09 17:47:32.387 I  PeachCommander[1171:21d6] [com.apple.espresso:espresso] Loaded network: '<private>' pf=100 cp=0
2026-08-09 17:47:32.387 I  PeachCommander[1171:21d6] [com.apple.CoreAnalytics:client] Dropping "com.apple.Espresso.SegmentationAnalytics" as it isn't used in any transform (not in the config or budgeted?)
2026-08-09 17:47:32.387 I  PeachCommander[1171:21d6] [com.apple.espresso:espresso] espresso_plan_add_network plan=38289051392 path=<private> cp=65568 Completed
2026-08-09 17:47:32.387 I  PeachCommander[1171:21d6] [com.apple.espresso:espresso] [change_input_shapes] index=0/3 name=<private> w=1 h=1 k=1 n=1 seq=89
2026-08-09 17:47:32.387 I  PeachCommander[1171:21d6] [com.apple.espresso:espresso] [change_input_shapes] index=1/3 name=<private> w=1 h=1 k=256 n=1 seq=1
2026-08-09 17:47:32.387 I  PeachCommander[1171:21d6] [com.apple.espresso:espresso] [change_input_shapes] index=2/3 name=<private> w=1 h=1 k=256 n=1 seq=1
2026-08-09 17:47:32.387 I  PeachCommander[1171:21c8] [com.apple.espresso:espresso] Destroying plan 38289053952
2026-08-09 17:47:32.387 I  PeachCommander[1171:21c8] [com.apple.espresso:espresso] Destroying context 38317251200
2026-08-09 17:47:32.387 I  PeachCommander[1171:21dd] [com.apple.espresso:espresso] Destroying plan 38289055232
2026-08-09 17:47:32.387 I  PeachCommander[1171:21dd] [com.apple.espresso:espresso] Destroying context 38317251040
2026-08-09 17:47:32.388 I  PeachCommander[1171:21d6] [com.apple.espresso:espresso] Destroying plan 38289051392
2026-08-09 17:47:32.388 I  PeachCommander[1171:21d6] [com.apple.espresso:espresso] Destroying context 38317251840
2026-08-09 17:47:32.423 I  PeachCommander[1171:21c0] [com.apple.AppKit:Image] ISImage reported a placeholder, image rep is providing a placeholder image for <private>
2026-08-09 17:47:32.423 I  PeachCommander[1171:21c0] [com.apple.AppKit:Image] ISImage reported a placeholder, image rep is providing a placeholder image for <private>
2026-08-09 17:47:32.424 I  PeachCommander[1171:21c0] [com.apple.AppKit:Image] ISImage reported a placeholder, image rep is providing a placeholder image for <private>
2026-08-09 17:47:32.424 I  PeachCommander[1171:21c0] [com.apple.AppKit:Image] ISImage reported a placeholder, image rep is providing a placeholder image for <private>
2026-08-09 17:47:32.425 I  PeachCommander[1171:21c0] [com.apple.AppKit:Image] ISImage reported a placeholder, image rep is providing a placeholder image for <private>
2026-08-09 17:47:32.425 I  PeachCommander[1171:21c0] [com.apple.AppKit:Image] ISImage reported a placeholder, image rep is providing a placeholder image for <private>
2026-08-09 17:47:32.426 I  PeachCommander[1171:21c0] [com.apple.AppKit:Image] ISImage reported a placeholder, image rep is providing a placeholder image for <private>
2026-08-09 17:47:32.426 I  PeachCommander[1171:21c0] [com.apple.AppKit:Image] ISImage reported a placeholder, image rep is providing a placeholder image for <private>
2026-08-09 17:47:32.427 I  PeachCommander[1171:21c0] [com.apple.AppKit:Image] ISImage reported a placeholder, image rep is providing a placeholder image for <private>
2026-08-09 17:47:32.427 I  PeachCommander[1171:21c0] [com.apple.AppKit:Image] ISImage reported a placeholder, image rep is providing a placeholder image for <private>
2026-08-09 17:47:32.428 I  PeachCommander[1171:21c0] [com.apple.AppKit:Image] ISImage reported a placeholder, image rep is providing a placeholder image for <private>
2026-08-09 17:47:32.428 I  PeachCommander[1171:21c0] [com.apple.AppKit:Image] ISImage reported a placeholder, image rep is providing a placeholder image for <private>
2026-08-09 17:47:32.428 I  PeachCommander[1171:21c0] [com.apple.AppKit:Image] ISImage reported a placeholder, image rep is providing a placeholder image for <private>
2026-08-09 17:47:32.429 I  PeachCommander[1171:21c0] [com.apple.AppKit:Image] ISImage reported a placeholder, image rep is providing a placeholder image for <private>
2026-08-09 17:47:32.429 I  PeachCommander[1171:21c0] [com.apple.AppKit:Image] ISImage reported a placeholder, image rep is providing a placeholder image for <private>
2026-08-09 17:47:32.430 I  PeachCommander[1171:21c0] [com.apple.AppKit:Image] ISImage reported a placeholder, image rep is providing a placeholder image for <private>
2026-08-09 17:47:32.430 I  PeachCommander[1171:21c0] [com.apple.AppKit:Image] ISImage reported a placeholder, image rep is providing a placeholder image for <private>
2026-08-09 17:47:32.430 I  PeachCommander[1171:21c0] [com.apple.AppKit:Image] ISImage reported a placeholder, image rep is providing a placeholder image for <private>
2026-08-09 17:47:32.431 I  PeachCommander[1171:21c0] [com.apple.AppKit:Image] ISImage reported a placeholder, image rep is providing a placeholder image for <private>
2026-08-09 17:47:32.431 I  PeachCommander[1171:21c0] [com.apple.AppKit:Image] ISImage reported a placeholder, image rep is providing a placeholder image for <private>
2026-08-09 17:47:32.432 I  PeachCommander[1171:21c0] [com.apple.AppKit:Image] ISImage reported a placeholder, image rep is providing a placeholder image for <private>
2026-08-09 17:47:32.432 I  PeachCommander[1171:21c0] [com.apple.AppKit:Image] ISImage reported a placeholder, image rep is providing a placeholder image for <private>
2026-08-09 17:47:32.432 I  PeachCommander[1171:21c0] [com.apple.AppKit:Image] ISImage reported a placeholder, image rep is providing a placeholder image for <private>
2026-08-09 17:47:32.433 I  PeachCommander[1171:21c0] [com.apple.AppKit:Image] ISImage reported a placeholder, image rep is providing a placeholder image for <private>
2026-08-09 17:47:32.433 I  PeachCommander[1171:21c0] [com.apple.AppKit:Image] ISImage reported a placeholder, image rep is providing a placeholder image for <private>
2026-08-09 17:47:32.434 I  PeachCommander[1171:21c0] [com.apple.AppKit:Image] ISImage reported a placeholder, image rep is providing a placeholder image for <private>
2026-08-09 17:47:32.434 I  PeachCommander[1171:21c0] [com.apple.AppKit:Image] ISImage reported a placeholder, image rep is providing a placeholder image for <private>
2026-08-09 17:47:32.435 I  PeachCommander[1171:21c0] [com.apple.AppKit:Image] ISImage reported a placeholder, image rep is providing a placeholder image for <private>
2026-08-09 17:47:32.435 I  PeachCommander[1171:21c0] [com.apple.AppKit:Image] ISImage reported a placeholder, image rep is providing a placeholder image for <private>
2026-08-09 17:47:32.436 I  PeachCommander[1171:21c0] [com.apple.AppKit:Image] ISImage reported a placeholder, image rep is providing a placeholder image for <private>
2026-08-09 17:47:32.436 I  PeachCommander[1171:21c0] [com.apple.AppKit:Image] ISImage reported a placeholder, image rep is providing a placeholder image for <private>
2026-08-09 17:47:32.437 I  PeachCommander[1171:21c0] [com.apple.AppKit:Image] ISImage reported a placeholder, image rep is providing a placeholder image for <private>
2026-08-09 17:47:32.437 I  PeachCommander[1171:21c0] [com.apple.AppKit:Image] ISImage reported a placeholder, image rep is providing a placeholder image for <private>
2026-08-09 17:47:32.438 I  PeachCommander[1171:21c0] [com.apple.AppKit:Image] ISImage reported a placeholder, image rep is providing a placeholder image for <private>
2026-08-09 17:47:32.438 I  PeachCommander[1171:21c0] [com.apple.AppKit:Image] ISImage reported a placeholder, image rep is providing a placeholder image for <private>
2026-08-09 17:47:32.438 I  PeachCommander[1171:21c0] [com.apple.AppKit:Image] ISImage reported a placeholder, image rep is providing a placeholder image for <private>
2026-08-09 17:47:32.439 I  PeachCommander[1171:21c0] [com.apple.AppKit:Image] ISImage reported a placeholder, image rep is providing a placeholder image for <private>
2026-08-09 17:47:32.439 I  PeachCommander[1171:21c0] [com.apple.AppKit:Image] ISImage reported a placeholder, image rep is providing a placeholder image for <private>
2026-08-09 17:47:32.439 I  PeachCommander[1171:21c0] [com.apple.AppKit:Image] ISImage reported a placeholder, image rep is providing a placeholder image for <private>
2026-08-09 17:47:32.440 I  PeachCommander[1171:21c0] [com.apple.AppKit:Image] ISImage reported a placeholder, image rep is providing a placeholder image for <private>
2026-08-09 17:47:32.440 I  PeachCommander[1171:21c0] [com.apple.AppKit:Image] ISImage reported a placeholder, image rep is providing a placeholder image for <private>
2026-08-09 17:47:32.441 I  PeachCommander[1171:21c0] [com.apple.AppKit:Image] ISImage reported a placeholder, image rep is providing a placeholder image for <private>
2026-08-09 17:47:32.441 I  PeachCommander[1171:21c0] [com.apple.AppKit:Image] ISImage reported a placeholder, image rep is providing a placeholder image for <private>
2026-08-09 17:47:32.442 I  PeachCommander[1171:21c0] [com.apple.AppKit:Image] ISImage reported a placeholder, image rep is providing a placeholder image for <private>
2026-08-09 17:47:32.442 I  PeachCommander[1171:21c0] [com.apple.AppKit:Image] ISImage reported a placeholder, image rep is providing a placeholder image for <private>
2026-08-09 17:47:32.443 I  PeachCommander[1171:21c0] [com.apple.AppKit:Image] ISImage reported a placeholder, image rep is providing a placeholder image for <private>
2026-08-09 17:47:32.443 I  PeachCommander[1171:21c0] [com.apple.AppKit:Image] ISImage reported a placeholder, image rep is providing a placeholder image for <private>
2026-08-09 17:47:32.444 I  PeachCommander[1171:21c0] [com.apple.AppKit:Image] ISImage reported a placeholder, image rep is providing a placeholder image for <private>
2026-08-09 17:47:32.444 I  PeachCommander[1171:21c0] [com.apple.AppKit:Image] ISImage reported a placeholder, image rep is providing a placeholder image for <private>
2026-08-09 17:47:32.445 I  PeachCommander[1171:21c0] [com.apple.AppKit:Image] ISImage reported a placeholder, image rep is providing a placeholder image for <private>
2026-08-09 17:47:32.445 I  PeachCommander[1171:21c0] [com.apple.AppKit:Image] ISImage reported a placeholder, image rep is providing a placeholder image for <private>
2026-08-09 17:47:32.446 I  PeachCommander[1171:21c0] [com.apple.AppKit:Image] ISImage reported a placeholder, image rep is providing a placeholder image for <private>
2026-08-09 17:47:32.446 I  PeachCommander[1171:21c0] [com.apple.AppKit:Image] ISImage reported a placeholder, image rep is providing a placeholder image for <private>
2026-08-09 17:47:32.446 I  PeachCommander[1171:21c0] [com.apple.AppKit:Image] ISImage reported a placeholder, image rep is providing a placeholder image for <private>
2026-08-09 17:47:32.447 I  PeachCommander[1171:21c0] [com.apple.AppKit:Image] ISImage reported a placeholder, image rep is providing a placeholder image for <private>
2026-08-09 17:47:32.447 I  PeachCommander[1171:21c0] [com.apple.AppKit:Image] ISImage reported a placeholder, image rep is providing a placeholder image for <private>
2026-08-09 17:47:32.447 I  PeachCommander[1171:21c0] [com.apple.AppKit:Image] ISImage reported a placeholder, image rep is providing a placeholder image for <private>
2026-08-09 17:47:32.448 I  PeachCommander[1171:21c0] [com.apple.AppKit:Image] ISImage reported a placeholder, image rep is providing a placeholder image for <private>
2026-08-09 17:47:32.448 I  PeachCommander[1171:21c0] [com.apple.AppKit:Image] ISImage reported a placeholder, image rep is providing a placeholder image for <private>
2026-08-09 17:47:32.449 I  PeachCommander[1171:21c0] [com.apple.AppKit:Image] ISImage reported a placeholder, image rep is providing a placeholder image for <private>
2026-08-09 17:47:32.449 I  PeachCommander[1171:21c0] [com.apple.AppKit:Image] ISImage reported a placeholder, image rep is providing a placeholder image for <private>
2026-08-09 17:47:32.450 I  PeachCommander[1171:21c0] [com.apple.AppKit:Image] ISImage reported a placeholder, image rep is providing a placeholder image for <private>
2026-08-09 17:47:32.450 I  PeachCommander[1171:21c0] [com.apple.AppKit:Image] ISImage reported a placeholder, image rep is providing a placeholder image for <private>
2026-08-09 17:47:32.451 I  PeachCommander[1171:21c0] [com.apple.AppKit:Image] ISImage reported a placeholder, image rep is providing a placeholder image for <private>
2026-08-09 17:47:32.451 I  PeachCommander[1171:21c0] [com.apple.AppKit:Image] ISImage reported a placeholder, image rep is providing a placeholder image for <private>
2026-08-09 17:47:32.452 I  PeachCommander[1171:21c0] [com.apple.AppKit:Image] ISImage reported a placeholder, image rep is providing a placeholder image for <private>
2026-08-09 17:47:32.452 I  PeachCommander[1171:21c0] [com.apple.AppKit:Image] ISImage reported a placeholder, image rep is providing a placeholder image for <private>
2026-08-09 17:47:32.452 I  PeachCommander[1171:21c0] [com.apple.AppKit:Image] ISImage reported a placeholder, image rep is providing a placeholder image for <private>
2026-08-09 17:47:32.452 I  PeachCommander[1171:21c0] [com.apple.AppKit:Image] ISImage reported a placeholder, image rep is providing a placeholder image for <private>
2026-08-09 17:47:32.453 I  PeachCommander[1171:21c0] [com.apple.AppKit:Image] ISImage reported a placeholder, image rep is providing a placeholder image for <private>
2026-08-09 17:47:32.453 I  PeachCommander[1171:21c0] [com.apple.AppKit:Image] ISImage reported a placeholder, image rep is providing a placeholder image for <private>
2026-08-09 17:47:32.454 I  PeachCommander[1171:21c0] [com.apple.AppKit:Image] ISImage reported a placeholder, image rep is providing a placeholder image for <private>
2026-08-09 17:47:32.454 I  PeachCommander[1171:21c0] [com.apple.AppKit:Image] ISImage reported a placeholder, image rep is providing a placeholder image for <private>
2026-08-09 17:47:32.455 I  PeachCommander[1171:21c0] [com.apple.AppKit:Image] ISImage reported a placeholder, image rep is providing a placeholder image for <private>
2026-08-09 17:47:32.455 I  PeachCommander[1171:21c0] [com.apple.AppKit:Image] ISImage reported a placeholder, image rep is providing a placeholder image for <private>
2026-08-09 17:47:32.456 I  PeachCommander[1171:21c0] [com.apple.AppKit:Image] ISImage reported a placeholder, image rep is providing a placeholder image for <private>
2026-08-09 17:47:32.456 I  PeachCommander[1171:21c0] [com.apple.AppKit:Image] ISImage reported a placeholder, image rep is providing a placeholder image for <private>
2026-08-09 17:47:32.457 I  PeachCommander[1171:21c0] [com.apple.AppKit:Image] ISImage reported a placeholder, image rep is providing a placeholder image for <private>
2026-08-09 17:47:32.457 I  PeachCommander[1171:21c0] [com.apple.AppKit:Image] ISImage reported a placeholder, image rep is providing a placeholder image for <private>
2026-08-09 17:47:32.458 I  PeachCommander[1171:21c0] [com.apple.AppKit:Image] ISImage reported a placeholder, image rep is providing a placeholder image for <private>
2026-08-09 17:47:32.458 I  PeachCommander[1171:21c0] [com.apple.AppKit:Image] ISImage reported a placeholder, image rep is providing a placeholder image for <private>
2026-08-09 17:47:32.575 Df PeachCommander[1171:21c0] (Foundation) <private>
2026-08-09 17:47:32.576 Df PeachCommander[1171:21c0] (Foundation) <private>
2026-08-09 17:47:32.599 I  PeachCommander[1171:21c0] [com.apple.AppKit:Image] ISImage reported a placeholder, image rep is providing a placeholder image for <private>
2026-08-09 17:47:32.599 I  PeachCommander[1171:21c0] [com.apple.AppKit:Image] ISImage reported a placeholder, image rep is providing a placeholder image for <private>
2026-08-09 17:47:32.600 I  PeachCommander[1171:21c0] [com.apple.AppKit:Image] ISImage reported a placeholder, image rep is providing a placeholder image for <private>
2026-08-09 17:47:32.600 I  PeachCommander[1171:21c0] [com.apple.AppKit:Image] ISImage reported a placeholder, image rep is providing a placeholder image for <private>
2026-08-09 17:47:32.601 I  PeachCommander[1171:21c0] [com.apple.AppKit:Image] ISImage reported a placeholder, image rep is providing a placeholder image for <private>
2026-08-09 17:47:32.601 I  PeachCommander[1171:21c0] [com.apple.AppKit:Image] ISImage reported a placeholder, image rep is providing a placeholder image for <private>
2026-08-09 17:47:32.602 I  PeachCommander[1171:21c0] [com.apple.AppKit:Image] ISImage reported a placeholder, image rep is providing a placeholder image for <private>
2026-08-09 17:47:32.602 I  PeachCommander[1171:21c0] [com.apple.AppKit:Image] ISImage reported a placeholder, image rep is providing a placeholder image for <private>
2026-08-09 17:47:32.603 I  PeachCommander[1171:21c0] [com.apple.AppKit:Image] ISImage reported a placeholder, image rep is providing a placeholder image for <private>
2026-08-09 17:47:32.603 I  PeachCommander[1171:21c0] [com.apple.AppKit:Image] ISImage reported a placeholder, image rep is providing a placeholder image for <private>
2026-08-09 17:47:32.604 I  PeachCommander[1171:21c0] [com.apple.AppKit:Image] ISImage reported a placeholder, image rep is providing a placeholder image for <private>
2026-08-09 17:47:32.604 I  PeachCommander[1171:21c0] [com.apple.AppKit:Image] ISImage reported a placeholder, image rep is providing a placeholder image for <private>
2026-08-09 17:47:32.605 I  PeachCommander[1171:21c0] [com.apple.AppKit:Image] ISImage reported a placeholder, image rep is providing a placeholder image for <private>
2026-08-09 17:47:32.605 I  PeachCommander[1171:21c0] [com.apple.AppKit:Image] ISImage reported a placeholder, image rep is providing a placeholder image for <private>
2026-08-09 17:47:32.606 I  PeachCommander[1171:21c0] [com.apple.AppKit:Image] ISImage reported a placeholder, image rep is providing a placeholder image for <private>
2026-08-09 17:47:32.606 I  PeachCommander[1171:21c0] [com.apple.AppKit:Image] ISImage reported a placeholder, image rep is providing a placeholder image for <private>
2026-08-09 17:47:32.606 I  PeachCommander[1171:21c0] [com.apple.AppKit:Image] ISImage reported a placeholder, image rep is providing a placeholder image for <private>
2026-08-09 17:47:32.607 I  PeachCommander[1171:21c0] [com.apple.AppKit:Image] ISImage reported a placeholder, image rep is providing a placeholder image for <private>
2026-08-09 17:47:32.607 I  PeachCommander[1171:21c0] [com.apple.AppKit:Image] ISImage reported a placeholder, image rep is providing a placeholder image for <private>
2026-08-09 17:47:32.608 I  PeachCommander[1171:21c0] [com.apple.AppKit:Image] ISImage reported a placeholder, image rep is providing a placeholder image for <private>
2026-08-09 17:47:32.608 I  PeachCommander[1171:21c0] [com.apple.AppKit:Image] ISImage reported a placeholder, image rep is providing a placeholder image for <private>
2026-08-09 17:47:32.609 I  PeachCommander[1171:21c0] [com.apple.AppKit:Image] ISImage reported a placeholder, image rep is providing a placeholder image for <private>
2026-08-09 17:47:32.609 I  PeachCommander[1171:21c0] [com.apple.AppKit:Image] ISImage reported a placeholder, image rep is providing a placeholder image for <private>
2026-08-09 17:47:32.610 I  PeachCommander[1171:21c0] [com.apple.AppKit:Image] ISImage reported a placeholder, image rep is providing a placeholder image for <private>
2026-08-09 17:47:32.610 I  PeachCommander[1171:21c0] [com.apple.AppKit:Image] ISImage reported a placeholder, image rep is providing a placeholder image for <private>
2026-08-09 17:47:32.611 I  PeachCommander[1171:21c0] [com.apple.AppKit:Image] ISImage reported a placeholder, image rep is providing a placeholder image for <private>
2026-08-09 17:47:32.611 I  PeachCommander[1171:21c0] [com.apple.AppKit:Image] ISImage reported a placeholder, image rep is providing a placeholder image for <private>
2026-08-09 17:47:32.611 I  PeachCommander[1171:21c0] [com.apple.AppKit:Image] ISImage reported a placeholder, image rep is providing a placeholder image for <private>
2026-08-09 17:47:32.611 I  PeachCommander[1171:21c0] [com.apple.AppKit:Image] ISImage reported a placeholder, image rep is providing a placeholder image for <private>
2026-08-09 17:47:32.612 I  PeachCommander[1171:21c0] [com.apple.AppKit:Image] ISImage reported a placeholder, image rep is providing a placeholder image for <private>
2026-08-09 17:47:32.612 I  PeachCommander[1171:21c0] [com.apple.AppKit:Image] ISImage reported a placeholder, image rep is providing a placeholder image for <private>
2026-08-09 17:47:32.613 I  PeachCommander[1171:21c0] [com.apple.AppKit:Image] ISImage reported a placeholder, image rep is providing a placeholder image for <private>
2026-08-09 17:47:32.614 I  PeachCommander[1171:21c0] [com.apple.AppKit:Image] ISImage reported a placeholder, image rep is providing a placeholder image for <private>
2026-08-09 17:47:32.615 I  PeachCommander[1171:21c0] [com.apple.AppKit:Image] ISImage reported a placeholder, image rep is providing a placeholder image for <private>
2026-08-09 17:47:32.615 I  PeachCommander[1171:21c0] [com.apple.AppKit:Image] ISImage reported a placeholder, image rep is providing a placeholder image for <private>
2026-08-09 17:47:32.616 I  PeachCommander[1171:21c0] [com.apple.AppKit:Image] ISImage reported a placeholder, image rep is providing a placeholder image for <private>
2026-08-09 17:47:32.616 I  PeachCommander[1171:21c0] [com.apple.AppKit:Image] ISImage reported a placeholder, image rep is providing a placeholder image for <private>
2026-08-09 17:47:32.617 I  PeachCommander[1171:21c0] [com.apple.AppKit:Image] ISImage reported a placeholder, image rep is providing a placeholder image for <private>
2026-08-09 17:47:32.617 I  PeachCommander[1171:21c0] [com.apple.AppKit:Image] ISImage reported a placeholder, image rep is providing a placeholder image for <private>
2026-08-09 17:47:32.617 I  PeachCommander[1171:21c0] [com.apple.AppKit:Image] ISImage reported a placeholder, image rep is providing a placeholder image for <private>
2026-08-09 17:47:32.618 I  PeachCommander[1171:21c0] [com.apple.AppKit:Image] ISImage reported a placeholder, image rep is providing a placeholder image for <private>
2026-08-09 17:47:32.618 I  PeachCommander[1171:21c0] [com.apple.AppKit:Image] ISImage reported a placeholder, image rep is providing a placeholder image for <private>
2026-08-09 17:47:32.619 I  PeachCommander[1171:21c0] [com.apple.AppKit:Image] ISImage reported a placeholder, image rep is providing a placeholder image for <private>
2026-08-09 17:47:32.619 I  PeachCommander[1171:21c0] [com.apple.AppKit:Image] ISImage reported a placeholder, image rep is providing a placeholder image for <private>
2026-08-09 17:47:32.619 I  PeachCommander[1171:21c0] [com.apple.AppKit:Image] ISImage reported a placeholder, image rep is providing a placeholder image for <private>
2026-08-09 17:47:32.620 I  PeachCommander[1171:21c0] [com.apple.AppKit:Image] ISImage reported a placeholder, image rep is providing a placeholder image for <private>
2026-08-09 17:47:32.620 I  PeachCommander[1171:21c0] [com.apple.AppKit:Image] ISImage reported a placeholder, image rep is providing a placeholder image for <private>
2026-08-09 17:47:32.621 I  PeachCommander[1171:21c0] [com.apple.AppKit:Image] ISImage reported a placeholder, image rep is providing a placeholder image for <private>
2026-08-09 17:47:32.621 I  PeachCommander[1171:21c0] [com.apple.AppKit:Image] ISImage reported a placeholder, image rep is providing a placeholder image for <private>
2026-08-09 17:47:32.622 I  PeachCommander[1171:21c0] [com.apple.AppKit:Image] ISImage reported a placeholder, image rep is providing a placeholder image for <private>
2026-08-09 17:47:32.622 I  PeachCommander[1171:21c0] [com.apple.AppKit:Image] ISImage reported a placeholder, image rep is providing a placeholder image for <private>
2026-08-09 17:47:32.623 I  PeachCommander[1171:21c0] [com.apple.AppKit:Image] ISImage reported a placeholder, image rep is providing a placeholder image for <private>
2026-08-09 17:47:32.623 I  PeachCommander[1171:21c0] [com.apple.AppKit:Image] ISImage reported a placeholder, image rep is providing a placeholder image for <private>
2026-08-09 17:47:32.624 I  PeachCommander[1171:21c0] [com.apple.AppKit:Image] ISImage reported a placeholder, image rep is providing a placeholder image for <private>
2026-08-09 17:47:32.624 I  PeachCommander[1171:21c0] [com.apple.AppKit:Image] ISImage reported a placeholder, image rep is providing a placeholder image for <private>
2026-08-09 17:47:32.625 I  PeachCommander[1171:21c0] [com.apple.AppKit:Image] ISImage reported a placeholder, image rep is providing a placeholder image for <private>
2026-08-09 17:47:32.625 I  PeachCommander[1171:21c0] [com.apple.AppKit:Image] ISImage reported a placeholder, image rep is providing a placeholder image for <private>
2026-08-09 17:47:32.626 I  PeachCommander[1171:21c0] [com.apple.AppKit:Image] ISImage reported a placeholder, image rep is providing a placeholder image for <private>
2026-08-09 17:47:32.626 I  PeachCommander[1171:21c0] [com.apple.AppKit:Image] ISImage reported a placeholder, image rep is providing a placeholder image for <private>
2026-08-09 17:47:32.627 I  PeachCommander[1171:21c0] [com.apple.AppKit:Image] ISImage reported a placeholder, image rep is providing a placeholder image for <private>
2026-08-09 17:47:32.627 I  PeachCommander[1171:21c0] [com.apple.AppKit:Image] ISImage reported a placeholder, image rep is providing a placeholder image for <private>
2026-08-09 17:47:32.628 I  PeachCommander[1171:21c0] [com.apple.AppKit:Image] ISImage reported a placeholder, image rep is providing a placeholder image for <private>
2026-08-09 17:47:32.628 I  PeachCommander[1171:21c0] [com.apple.AppKit:Image] ISImage reported a placeholder, image rep is providing a placeholder image for <private>
2026-08-09 17:47:32.629 I  PeachCommander[1171:21c0] [com.apple.AppKit:Image] ISImage reported a placeholder, image rep is providing a placeholder image for <private>
2026-08-09 17:47:32.629 I  PeachCommander[1171:21c0] [com.apple.AppKit:Image] ISImage reported a placeholder, image rep is providing a placeholder image for <private>
2026-08-09 17:47:32.630 I  PeachCommander[1171:21c0] [com.apple.AppKit:Image] ISImage reported a placeholder, image rep is providing a placeholder image for <private>
2026-08-09 17:47:32.630 I  PeachCommander[1171:21c0] [com.apple.AppKit:Image] ISImage reported a placeholder, image rep is providing a placeholder image for <private>
2026-08-09 17:47:32.631 I  PeachCommander[1171:21c0] [com.apple.AppKit:Image] ISImage reported a placeholder, image rep is providing a placeholder image for <private>
2026-08-09 17:47:32.631 I  PeachCommander[1171:21c0] [com.apple.AppKit:Image] ISImage reported a placeholder, image rep is providing a placeholder image for <private>
2026-08-09 17:47:32.632 I  PeachCommander[1171:21c0] [com.apple.AppKit:Image] ISImage reported a placeholder, image rep is providing a placeholder image for <private>
2026-08-09 17:47:32.632 I  PeachCommander[1171:21c0] [com.apple.AppKit:Image] ISImage reported a placeholder, image rep is providing a placeholder image for <private>
2026-08-09 17:47:32.633 I  PeachCommander[1171:21c0] [com.apple.AppKit:Image] ISImage reported a placeholder, image rep is providing a placeholder image for <private>
2026-08-09 17:47:32.633 I  PeachCommander[1171:21c0] [com.apple.AppKit:Image] ISImage reported a placeholder, image rep is providing a placeholder image for <private>
2026-08-09 17:47:32.634 I  PeachCommander[1171:21c0] [com.apple.AppKit:Image] ISImage reported a placeholder, image rep is providing a placeholder image for <private>
2026-08-09 17:47:32.634 I  PeachCommander[1171:21c0] [com.apple.AppKit:Image] ISImage reported a placeholder, image rep is providing a placeholder image for <private>
2026-08-09 17:47:32.634 I  PeachCommander[1171:21c0] [com.apple.AppKit:Image] ISImage reported a placeholder, image rep is providing a placeholder image for <private>
2026-08-09 17:47:32.635 I  PeachCommander[1171:21c0] [com.apple.AppKit:Image] ISImage reported a placeholder, image rep is providing a placeholder image for <private>
2026-08-09 17:47:32.635 I  PeachCommander[1171:21c0] [com.apple.AppKit:Image] ISImage reported a placeholder, image rep is providing a placeholder image for <private>
2026-08-09 17:47:32.636 I  PeachCommander[1171:21c0] [com.apple.AppKit:Image] ISImage reported a placeholder, image rep is providing a placeholder image for <private>
2026-08-09 17:47:32.636 I  PeachCommander[1171:21c0] [com.apple.AppKit:Image] ISImage reported a placeholder, image rep is providing a placeholder image for <private>
2026-08-09 17:47:32.636 I  PeachCommander[1171:21c0] [com.apple.AppKit:Image] ISImage reported a placeholder, image rep is providing a placeholder image for <private>
2026-08-09 17:47:32.684 I  PeachCommander[1171:21c8] [com.apple.espresso:espresso] Creating context 38317250688 eng=0 dev=-1
2026-08-09 17:47:32.684 I  PeachCommander[1171:21c8] [com.apple.espresso:espresso] Creating plan 38289050112
2026-08-09 17:47:32.684 I  PeachCommander[1171:21dd] [com.apple.espresso:espresso] Creating context 38317251200 eng=0 dev=-1
2026-08-09 17:47:32.684 I  PeachCommander[1171:21c8] [com.apple.espresso:espresso] Creating plan 38289050112
2026-08-09 17:47:32.684 I  PeachCommander[1171:21dd] [com.apple.espresso:espresso] Creating plan 38289055232
2026-08-09 17:47:32.684 I  PeachCommander[1171:21dd] [com.apple.espresso:espresso] Creating plan 38289055232
2026-08-09 17:47:32.684 I  PeachCommander[1171:21c8] [com.apple.espresso:espresso] espresso_plan_add_network plan=38289050112 path=<private> cp=65568
2026-08-09 17:47:32.684 I  PeachCommander[1171:21dd] [com.apple.espresso:espresso] espresso_plan_add_network plan=38289055232 path=<private> cp=65568
2026-08-09 17:47:32.684 I  PeachCommander[1171:21d3] [com.apple.espresso:espresso] Creating context 38317255712 eng=0 dev=-1
2026-08-09 17:47:32.684 I  PeachCommander[1171:21d3] [com.apple.espresso:espresso] Creating plan 38289053952
2026-08-09 17:47:32.684 I  PeachCommander[1171:21d3] [com.apple.espresso:espresso] Creating plan 38289053952
2026-08-09 17:47:32.684 I  PeachCommander[1171:21d3] [com.apple.espresso:espresso] espresso_plan_add_network plan=38289053952 path=<private> cp=65568
2026-08-09 17:47:32.684 I  PeachCommander[1171:21d6] [com.apple.espresso:espresso] Creating context 38317252800 eng=0 dev=-1
2026-08-09 17:47:32.684 I  PeachCommander[1171:21d6] [com.apple.espresso:espresso] Creating plan 38289047552
2026-08-09 17:47:32.684 I  PeachCommander[1171:21d6] [com.apple.espresso:espresso] Creating plan 38289047552
2026-08-09 17:47:32.684 I  PeachCommander[1171:21d6] [com.apple.espresso:espresso] espresso_plan_add_network plan=38289047552 path=<private> cp=65568
2026-08-09 17:47:32.684 I  PeachCommander[1171:21dd] [com.apple.espresso:espresso] Loaded network: '<private>' pf=100 cp=0
2026-08-09 17:47:32.684 I  PeachCommander[1171:21dd] [com.apple.CoreAnalytics:client] Dropping "com.apple.Espresso.SegmentationAnalytics" as it isn't used in any transform (not in the config or budgeted?)
2026-08-09 17:47:32.684 I  PeachCommander[1171:21dd] [com.apple.espresso:espresso] espresso_plan_add_network plan=38289055232 path=<private> cp=65568 Completed
2026-08-09 17:47:32.684 I  PeachCommander[1171:21dd] [com.apple.espresso:espresso] [change_input_shapes] index=0/3 name=<private> w=1 h=1 k=1 n=1 seq=13
2026-08-09 17:47:32.684 I  PeachCommander[1171:21dd] [com.apple.espresso:espresso] [change_input_shapes] index=1/3 name=<private> w=1 h=1 k=256 n=1 seq=1
2026-08-09 17:47:32.684 I  PeachCommander[1171:21dd] [com.apple.espresso:espresso] [change_input_shapes] index=2/3 name=<private> w=1 h=1 k=256 n=1 seq=1
2026-08-09 17:47:32.684 I  PeachCommander[1171:21d6] [com.apple.espresso:espresso] Loaded network: '<private>' pf=100 cp=0
2026-08-09 17:47:32.684 I  PeachCommander[1171:21d6] [com.apple.CoreAnalytics:client] Dropping "com.apple.Espresso.SegmentationAnalytics" as it isn't used in any transform (not in the config or budgeted?)
2026-08-09 17:47:32.684 I  PeachCommander[1171:21d6] [com.apple.espresso:espresso] espresso_plan_add_network plan=38289047552 path=<private> cp=65568 Completed
2026-08-09 17:47:32.684 I  PeachCommander[1171:21d6] [com.apple.espresso:espresso] [change_input_shapes] index=0/3 name=<private> w=1 h=1 k=1 n=1 seq=90
2026-08-09 17:47:32.684 I  PeachCommander[1171:21d6] [com.apple.espresso:espresso] [change_input_shapes] index=1/3 name=<private> w=1 h=1 k=256 n=1 seq=1
2026-08-09 17:47:32.684 I  PeachCommander[1171:21d6] [com.apple.espresso:espresso] [change_input_shapes] index=2/3 name=<private> w=1 h=1 k=256 n=1 seq=1
2026-08-09 17:47:32.684 I  PeachCommander[1171:21dd] [com.apple.espresso:espresso] Destroying plan 38289055232
2026-08-09 17:47:32.684 I  PeachCommander[1171:21dd] [com.apple.espresso:espresso] Destroying context 38317251200
2026-08-09 17:47:32.684 I  PeachCommander[1171:21c8] [com.apple.espresso:espresso] Loaded network: '<private>' pf=100 cp=0
2026-08-09 17:47:32.685 I  PeachCommander[1171:21c8] [com.apple.CoreAnalytics:client] Dropping "com.apple.Espresso.SegmentationAnalytics" as it isn't used in any transform (not in the config or budgeted?)
2026-08-09 17:47:32.685 I  PeachCommander[1171:21c8] [com.apple.espresso:espresso] espresso_plan_add_network plan=38289050112 path=<private> cp=65568 Completed
2026-08-09 17:47:32.685 I  PeachCommander[1171:21c8] [com.apple.espresso:espresso] [change_input_shapes] index=0/3 name=<private> w=1 h=1 k=1 n=1 seq=89
2026-08-09 17:47:32.685 I  PeachCommander[1171:21c8] [com.apple.espresso:espresso] [change_input_shapes] index=1/3 name=<private> w=1 h=1 k=256 n=1 seq=1
2026-08-09 17:47:32.685 I  PeachCommander[1171:21c8] [com.apple.espresso:espresso] [change_input_shapes] index=2/3 name=<private> w=1 h=1 k=256 n=1 seq=1
2026-08-09 17:47:32.685 I  PeachCommander[1171:21dd] [com.apple.espresso:espresso] Creating context 38317251200 eng=0 dev=-1
2026-08-09 17:47:32.685 I  PeachCommander[1171:21dd] [com.apple.espresso:espresso] Creating plan 38289055232
2026-08-09 17:47:32.685 I  PeachCommander[1171:21dd] [com.apple.espresso:espresso] Creating plan 38289055232
2026-08-09 17:47:32.685 I  PeachCommander[1171:21dd] [com.apple.espresso:espresso] espresso_plan_add_network plan=38289055232 path=<private> cp=65568
2026-08-09 17:47:32.685 I  PeachCommander[1171:21dd] [com.apple.espresso:espresso] Loaded network: '<private>' pf=100 cp=0
2026-08-09 17:47:32.685 I  PeachCommander[1171:21dd] [com.apple.CoreAnalytics:client] Dropping "com.apple.Espresso.SegmentationAnalytics" as it isn't used in any transform (not in the config or budgeted?)
2026-08-09 17:47:32.685 I  PeachCommander[1171:21dd] [com.apple.espresso:espresso] espresso_plan_add_network plan=38289055232 path=<private> cp=65568 Completed
2026-08-09 17:47:32.685 I  PeachCommander[1171:21dd] [com.apple.espresso:espresso] [change_input_shapes] index=0/3 name=<private> w=1 h=1 k=1 n=1 seq=92
2026-08-09 17:47:32.685 I  PeachCommander[1171:21dd] [com.apple.espresso:espresso] [change_input_shapes] index=1/3 name=<private> w=1 h=1 k=256 n=1 seq=1
2026-08-09 17:47:32.685 I  PeachCommander[1171:21dd] [com.apple.espresso:espresso] [change_input_shapes] index=2/3 name=<private> w=1 h=1 k=256 n=1 seq=1
2026-08-09 17:47:32.685 I  PeachCommander[1171:21d6] [com.apple.espresso:espresso] Destroying plan 38289047552
2026-08-09 17:47:32.685 I  PeachCommander[1171:21d6] [com.apple.espresso:espresso] Destroying context 38317252800
2026-08-09 17:47:32.685 I  PeachCommander[1171:21d6] [com.apple.espresso:espresso] Creating context 38317252800 eng=0 dev=-1
2026-08-09 17:47:32.685 I  PeachCommander[1171:21d6] [com.apple.espresso:espresso] Creating plan 38289047552
2026-08-09 17:47:32.685 I  PeachCommander[1171:21d6] [com.apple.espresso:espresso] Creating plan 38289047552
2026-08-09 17:47:32.685 I  PeachCommander[1171:21d6] [com.apple.espresso:espresso] espresso_plan_add_network plan=38289047552 path=<private> cp=65568
2026-08-09 17:47:32.685 I  PeachCommander[1171:21c8] [com.apple.espresso:espresso] Destroying plan 38289050112
2026-08-09 17:47:32.685 I  PeachCommander[1171:21c8] [com.apple.espresso:espresso] Destroying context 38317250688
2026-08-09 17:47:32.685 I  PeachCommander[1171:21c8] [com.apple.espresso:espresso] Creating context 38317250688 eng=0 dev=-1
2026-08-09 17:47:32.685 I  PeachCommander[1171:21c8] [com.apple.espresso:espresso] Creating plan 38289050112
2026-08-09 17:47:32.685 I  PeachCommander[1171:21c8] [com.apple.espresso:espresso] Creating plan 38289050112
2026-08-09 17:47:32.685 I  PeachCommander[1171:21c8] [com.apple.espresso:espresso] espresso_plan_add_network plan=38289050112 path=<private> cp=65568
2026-08-09 17:47:32.685 I  PeachCommander[1171:21d6] [com.apple.espresso:espresso] Loaded network: '<private>' pf=100 cp=0
2026-08-09 17:47:32.685 I  PeachCommander[1171:21d6] [com.apple.CoreAnalytics:client] Dropping "com.apple.Espresso.SegmentationAnalytics" as it isn't used in any transform (not in the config or budgeted?)
2026-08-09 17:47:32.685 I  PeachCommander[1171:21d6] [com.apple.espresso:espresso] espresso_plan_add_network plan=38289047552 path=<private> cp=65568 Completed
2026-08-09 17:47:32.685 I  PeachCommander[1171:21d6] [com.apple.espresso:espresso] [change_input_shapes] index=0/3 name=<private> w=1 h=1 k=1 n=1 seq=55
2026-08-09 17:47:32.685 I  PeachCommander[1171:21d6] [com.apple.espresso:espresso] [change_input_shapes] index=1/3 name=<private> w=1 h=1 k=256 n=1 seq=1
2026-08-09 17:47:32.685 I  PeachCommander[1171:21d6] [com.apple.espresso:espresso] [change_input_shapes] index=2/3 name=<private> w=1 h=1 k=256 n=1 seq=1
2026-08-09 17:47:32.686 I  PeachCommander[1171:21dd] [com.apple.espresso:espresso] Destroying plan 38289055232
2026-08-09 17:47:32.686 I  PeachCommander[1171:21dd] [com.apple.espresso:espresso] Destroying context 38317251200
2026-08-09 17:47:32.686 I  PeachCommander[1171:21c8] [com.apple.espresso:espresso] Loaded network: '<private>' pf=100 cp=0
2026-08-09 17:47:32.686 I  PeachCommander[1171:21c8] [com.apple.CoreAnalytics:client] Dropping "com.apple.Espresso.SegmentationAnalytics" as it isn't used in any transform (not in the config or budgeted?)
2026-08-09 17:47:32.686 I  PeachCommander[1171:21c8] [com.apple.espresso:espresso] espresso_plan_add_network plan=38289050112 path=<private> cp=65568 Completed
2026-08-09 17:47:32.686 I  PeachCommander[1171:21c8] [com.apple.espresso:espresso] [change_input_shapes] index=0/3 name=<private> w=1 h=1 k=1 n=1 seq=60
2026-08-09 17:47:32.686 I  PeachCommander[1171:21c8] [com.apple.espresso:espresso] [change_input_shapes] index=1/3 name=<private> w=1 h=1 k=256 n=1 seq=1
2026-08-09 17:47:32.686 I  PeachCommander[1171:21c8] [com.apple.espresso:espresso] [change_input_shapes] index=2/3 name=<private> w=1 h=1 k=256 n=1 seq=1
2026-08-09 17:47:32.686 I  PeachCommander[1171:21d3] [com.apple.espresso:espresso] Loaded network: '<private>' pf=100 cp=0
2026-08-09 17:47:32.686 I  PeachCommander[1171:21d3] [com.apple.CoreAnalytics:client] Dropping "com.apple.Espresso.SegmentationAnalytics" as it isn't used in any transform (not in the config or budgeted?)
2026-08-09 17:47:32.686 I  PeachCommander[1171:21d3] [com.apple.espresso:espresso] espresso_plan_add_network plan=38289053952 path=<private> cp=65568 Completed
2026-08-09 17:47:32.686 I  PeachCommander[1171:21d3] [com.apple.espresso:espresso] [change_input_shapes] index=0/3 name=<private> w=1 h=1 k=1 n=1 seq=88
2026-08-09 17:47:32.686 I  PeachCommander[1171:21d3] [com.apple.espresso:espresso] [change_input_shapes] index=1/3 name=<private> w=1 h=1 k=256 n=1 seq=1
2026-08-09 17:47:32.686 I  PeachCommander[1171:21d3] [com.apple.espresso:espresso] [change_input_shapes] index=2/3 name=<private> w=1 h=1 k=256 n=1 seq=1
2026-08-09 17:47:32.686 I  PeachCommander[1171:21d6] [com.apple.espresso:espresso] Destroying plan 38289047552
2026-08-09 17:47:32.686 I  PeachCommander[1171:21d6] [com.apple.espresso:espresso] Destroying context 38317252800
2026-08-09 17:47:32.686 I  PeachCommander[1171:21c8] [com.apple.espresso:espresso] Destroying plan 38289050112
2026-08-09 17:47:32.686 I  PeachCommander[1171:21c8] [com.apple.espresso:espresso] Destroying context 38317250688
2026-08-09 17:47:32.687 I  PeachCommander[1171:21d3] [com.apple.espresso:espresso] Destroying plan 38289053952
2026-08-09 17:47:32.687 I  PeachCommander[1171:21d3] [com.apple.espresso:espresso] Destroying context 38317255712
2026-08-09 17:47:32.723 I  PeachCommander[1171:21c0] [com.apple.AppKit:Image] ISImage reported a placeholder, image rep is providing a placeholder image for <private>
2026-08-09 17:47:32.724 I  PeachCommander[1171:21c0] [com.apple.AppKit:Image] ISImage reported a placeholder, image rep is providing a placeholder image for <private>
2026-08-09 17:47:32.724 I  PeachCommander[1171:21c0] [com.apple.AppKit:Image] ISImage reported a placeholder, image rep is providing a placeholder image for <private>
2026-08-09 17:47:32.724 I  PeachCommander[1171:21c0] [com.apple.AppKit:Image] ISImage reported a placeholder, image rep is providing a placeholder image for <private>
2026-08-09 17:47:32.725 I  PeachCommander[1171:21c0] [com.apple.AppKit:Image] ISImage reported a placeholder, image rep is providing a placeholder image for <private>
2026-08-09 17:47:32.725 I  PeachCommander[1171:21c0] [com.apple.AppKit:Image] ISImage reported a placeholder, image rep is providing a placeholder image for <private>
2026-08-09 17:47:32.726 I  PeachCommander[1171:21c0] [com.apple.AppKit:Image] ISImage reported a placeholder, image rep is providing a placeholder image for <private>
2026-08-09 17:47:32.726 I  PeachCommander[1171:21c0] [com.apple.AppKit:Image] ISImage reported a placeholder, image rep is providing a placeholder image for <private>
2026-08-09 17:47:32.727 I  PeachCommander[1171:21c0] [com.apple.AppKit:Image] ISImage reported a placeholder, image rep is providing a placeholder image for <private>
2026-08-09 17:47:32.727 I  PeachCommander[1171:21c0] [com.apple.AppKit:Image] ISImage reported a placeholder, image rep is providing a placeholder image for <private>
2026-08-09 17:47:32.728 I  PeachCommander[1171:21c0] [com.apple.AppKit:Image] ISImage reported a placeholder, image rep is providing a placeholder image for <private>
2026-08-09 17:47:32.728 I  PeachCommander[1171:21c0] [com.apple.AppKit:Image] ISImage reported a placeholder, image rep is providing a placeholder image for <private>
2026-08-09 17:47:32.728 I  PeachCommander[1171:21c0] [com.apple.AppKit:Image] ISImage reported a placeholder, image rep is providing a placeholder image for <private>
2026-08-09 17:47:32.729 I  PeachCommander[1171:21c0] [com.apple.AppKit:Image] ISImage reported a placeholder, image rep is providing a placeholder image for <private>
2026-08-09 17:47:32.729 I  PeachCommander[1171:21c0] [com.apple.AppKit:Image] ISImage reported a placeholder, image rep is providing a placeholder image for <private>
2026-08-09 17:47:32.730 I  PeachCommander[1171:21c0] [com.apple.AppKit:Image] ISImage reported a placeholder, image rep is providing a placeholder image for <private>
2026-08-09 17:47:32.730 I  PeachCommander[1171:21c0] [com.apple.AppKit:Image] ISImage reported a placeholder, image rep is providing a placeholder image for <private>
2026-08-09 17:47:32.730 I  PeachCommander[1171:21c0] [com.apple.AppKit:Image] ISImage reported a placeholder, image rep is providing a placeholder image for <private>
2026-08-09 17:47:32.731 I  PeachCommander[1171:21c0] [com.apple.AppKit:Image] ISImage reported a placeholder, image rep is providing a placeholder image for <private>
2026-08-09 17:47:32.731 I  PeachCommander[1171:21c0] [com.apple.AppKit:Image] ISImage reported a placeholder, image rep is providing a placeholder image for <private>
2026-08-09 17:47:32.732 I  PeachCommander[1171:21c0] [com.apple.AppKit:Image] ISImage reported a placeholder, image rep is providing a placeholder image for <private>
2026-08-09 17:47:32.732 I  PeachCommander[1171:21c0] [com.apple.AppKit:Image] ISImage reported a placeholder, image rep is providing a placeholder image for <private>
2026-08-09 17:47:32.733 I  PeachCommander[1171:21c0] [com.apple.AppKit:Image] ISImage reported a placeholder, image rep is providing a placeholder image for <private>
2026-08-09 17:47:32.733 I  PeachCommander[1171:21c0] [com.apple.AppKit:Image] ISImage reported a placeholder, image rep is providing a placeholder image for <private>
2026-08-09 17:47:32.733 I  PeachCommander[1171:21c0] [com.apple.AppKit:Image] ISImage reported a placeholder, image rep is providing a placeholder image for <private>
2026-08-09 17:47:32.734 I  PeachCommander[1171:21c0] [com.apple.AppKit:Image] ISImage reported a placeholder, image rep is providing a placeholder image for <private>
2026-08-09 17:47:32.734 I  PeachCommander[1171:21c0] [com.apple.AppKit:Image] ISImage reported a placeholder, image rep is providing a placeholder image for <private>
2026-08-09 17:47:32.735 I  PeachCommander[1171:21c0] [com.apple.AppKit:Image] ISImage reported a placeholder, image rep is providing a placeholder image for <private>
2026-08-09 17:47:32.735 I  PeachCommander[1171:21c0] [com.apple.AppKit:Image] ISImage reported a placeholder, image rep is providing a placeholder image for <private>
2026-08-09 17:47:32.736 I  PeachCommander[1171:21c0] [com.apple.AppKit:Image] ISImage reported a placeholder, image rep is providing a placeholder image for <private>
2026-08-09 17:47:32.736 I  PeachCommander[1171:21c0] [com.apple.AppKit:Image] ISImage reported a placeholder, image rep is providing a placeholder image for <private>
2026-08-09 17:47:32.737 I  PeachCommander[1171:21c0] [com.apple.AppKit:Image] ISImage reported a placeholder, image rep is providing a placeholder image for <private>
2026-08-09 17:47:32.737 I  PeachCommander[1171:21c0] [com.apple.AppKit:Image] ISImage reported a placeholder, image rep is providing a placeholder image for <private>
2026-08-09 17:47:32.738 I  PeachCommander[1171:21c0] [com.apple.AppKit:Image] ISImage reported a placeholder, image rep is providing a placeholder image for <private>
2026-08-09 17:47:32.738 I  PeachCommander[1171:21c0] [com.apple.AppKit:Image] ISImage reported a placeholder, image rep is providing a placeholder image for <private>
2026-08-09 17:47:32.739 I  PeachCommander[1171:21c0] [com.apple.AppKit:Image] ISImage reported a placeholder, image rep is providing a placeholder image for <private>
2026-08-09 17:47:32.739 I  PeachCommander[1171:21c0] [com.apple.AppKit:Image] ISImage reported a placeholder, image rep is providing a placeholder image for <private>
2026-08-09 17:47:32.739 I  PeachCommander[1171:21c0] [com.apple.AppKit:Image] ISImage reported a placeholder, image rep is providing a placeholder image for <private>
2026-08-09 17:47:32.740 I  PeachCommander[1171:21c0] [com.apple.AppKit:Image] ISImage reported a placeholder, image rep is providing a placeholder image for <private>
2026-08-09 17:47:32.740 I  PeachCommander[1171:21c0] [com.apple.AppKit:Image] ISImage reported a placeholder, image rep is providing a placeholder image for <private>
2026-08-09 17:47:32.740 I  PeachCommander[1171:21c0] [com.apple.AppKit:Image] ISImage reported a placeholder, image rep is providing a placeholder image for <private>
2026-08-09 17:47:32.741 I  PeachCommander[1171:21c0] [com.apple.AppKit:Image] ISImage reported a placeholder, image rep is providing a placeholder image for <private>
2026-08-09 17:47:32.741 I  PeachCommander[1171:21c0] [com.apple.AppKit:Image] ISImage reported a placeholder, image rep is providing a placeholder image for <private>
2026-08-09 17:47:32.742 I  PeachCommander[1171:21c0] [com.apple.AppKit:Image] ISImage reported a placeholder, image rep is providing a placeholder image for <private>
2026-08-09 17:47:32.742 I  PeachCommander[1171:21c0] [com.apple.AppKit:Image] ISImage reported a placeholder, image rep is providing a placeholder image for <private>
2026-08-09 17:47:32.743 I  PeachCommander[1171:21c0] [com.apple.AppKit:Image] ISImage reported a placeholder, image rep is providing a placeholder image for <private>
2026-08-09 17:47:32.743 I  PeachCommander[1171:21c0] [com.apple.AppKit:Image] ISImage reported a placeholder, image rep is providing a placeholder image for <private>
2026-08-09 17:47:32.744 I  PeachCommander[1171:21c0] [com.apple.AppKit:Image] ISImage reported a placeholder, image rep is providing a placeholder image for <private>
2026-08-09 17:47:32.744 I  PeachCommander[1171:21c0] [com.apple.AppKit:Image] ISImage reported a placeholder, image rep is providing a placeholder image for <private>
2026-08-09 17:47:32.745 I  PeachCommander[1171:21c0] [com.apple.AppKit:Image] ISImage reported a placeholder, image rep is providing a placeholder image for <private>
2026-08-09 17:47:32.745 I  PeachCommander[1171:21c0] [com.apple.AppKit:Image] ISImage reported a placeholder, image rep is providing a placeholder image for <private>
2026-08-09 17:47:32.746 I  PeachCommander[1171:21c0] [com.apple.AppKit:Image] ISImage reported a placeholder, image rep is providing a placeholder image for <private>
2026-08-09 17:47:32.746 I  PeachCommander[1171:21c0] [com.apple.AppKit:Image] ISImage reported a placeholder, image rep is providing a placeholder image for <private>
2026-08-09 17:47:32.747 I  PeachCommander[1171:21c0] [com.apple.AppKit:Image] ISImage reported a placeholder, image rep is providing a placeholder image for <private>
2026-08-09 17:47:32.747 I  PeachCommander[1171:21c0] [com.apple.AppKit:Image] ISImage reported a placeholder, image rep is providing a placeholder image for <private>
2026-08-09 17:47:32.748 I  PeachCommander[1171:21c0] [com.apple.AppKit:Image] ISImage reported a placeholder, image rep is providing a placeholder image for <private>
2026-08-09 17:47:32.748 I  PeachCommander[1171:21c0] [com.apple.AppKit:Image] ISImage reported a placeholder, image rep is providing a placeholder image for <private>
2026-08-09 17:47:32.749 I  PeachCommander[1171:21c0] [com.apple.AppKit:Image] ISImage reported a placeholder, image rep is providing a placeholder image for <private>
2026-08-09 17:47:32.749 I  PeachCommander[1171:21c0] [com.apple.AppKit:Image] ISImage reported a placeholder, image rep is providing a placeholder image for <private>
2026-08-09 17:47:32.749 I  PeachCommander[1171:21c0] [com.apple.AppKit:Image] ISImage reported a placeholder, image rep is providing a placeholder image for <private>
2026-08-09 17:47:32.749 I  PeachCommander[1171:21c0] [com.apple.AppKit:Image] ISImage reported a placeholder, image rep is providing a placeholder image for <private>
2026-08-09 17:47:32.750 I  PeachCommander[1171:21c0] [com.apple.AppKit:Image] ISImage reported a placeholder, image rep is providing a placeholder image for <private>
2026-08-09 17:47:32.750 I  PeachCommander[1171:21c0] [com.apple.AppKit:Image] ISImage reported a placeholder, image rep is providing a placeholder image for <private>
2026-08-09 17:47:32.751 I  PeachCommander[1171:21c0] [com.apple.AppKit:Image] ISImage reported a placeholder, image rep is providing a placeholder image for <private>
2026-08-09 17:47:32.751 I  PeachCommander[1171:21c0] [com.apple.AppKit:Image] ISImage reported a placeholder, image rep is providing a placeholder image for <private>
2026-08-09 17:47:32.752 I  PeachCommander[1171:21c0] [com.apple.AppKit:Image] ISImage reported a placeholder, image rep is providing a placeholder image for <private>
2026-08-09 17:47:32.752 I  PeachCommander[1171:21c0] [com.apple.AppKit:Image] ISImage reported a placeholder, image rep is providing a placeholder image for <private>
2026-08-09 17:47:32.753 I  PeachCommander[1171:21c0] [com.apple.AppKit:Image] ISImage reported a placeholder, image rep is providing a placeholder image for <private>
2026-08-09 17:47:32.753 I  PeachCommander[1171:21c0] [com.apple.AppKit:Image] ISImage reported a placeholder, image rep is providing a placeholder image for <private>
2026-08-09 17:47:32.754 I  PeachCommander[1171:21c0] [com.apple.AppKit:Image] ISImage reported a placeholder, image rep is providing a placeholder image for <private>
2026-08-09 17:47:32.754 I  PeachCommander[1171:21c0] [com.apple.AppKit:Image] ISImage reported a placeholder, image rep is providing a placeholder image for <private>
2026-08-09 17:47:32.755 I  PeachCommander[1171:21c0] [com.apple.AppKit:Image] ISImage reported a placeholder, image rep is providing a placeholder image for <private>
2026-08-09 17:47:32.755 I  PeachCommander[1171:21c0] [com.apple.AppKit:Image] ISImage reported a placeholder, image rep is providing a placeholder image for <private>
2026-08-09 17:47:32.756 I  PeachCommander[1171:21c0] [com.apple.AppKit:Image] ISImage reported a placeholder, image rep is providing a placeholder image for <private>
2026-08-09 17:47:32.756 I  PeachCommander[1171:21c0] [com.apple.AppKit:Image] ISImage reported a placeholder, image rep is providing a placeholder image for <private>
2026-08-09 17:47:32.757 I  PeachCommander[1171:21c0] [com.apple.AppKit:Image] ISImage reported a placeholder, image rep is providing a placeholder image for <private>
2026-08-09 17:47:32.757 I  PeachCommander[1171:21c0] [com.apple.AppKit:Image] ISImage reported a placeholder, image rep is providing a placeholder image for <private>
2026-08-09 17:47:32.758 I  PeachCommander[1171:21c0] [com.apple.AppKit:Image] ISImage reported a placeholder, image rep is providing a placeholder image for <private>
2026-08-09 17:47:32.758 I  PeachCommander[1171:21c0] [com.apple.AppKit:Image] ISImage reported a placeholder, image rep is providing a placeholder image for <private>
2026-08-09 17:47:32.759 I  PeachCommander[1171:21c0] [com.apple.AppKit:Image] ISImage reported a placeholder, image rep is providing a placeholder image for <private>
2026-08-09 17:47:32.759 I  PeachCommander[1171:21c0] [com.apple.AppKit:Image] ISImage reported a placeholder, image rep is providing a placeholder image for <private>
2026-08-09 17:47:32.897 Df PeachCommander[1171:21c0] (Foundation) <private>
2026-08-09 17:47:32.898 Df PeachCommander[1171:21c0] (Foundation) <private>
2026-08-09 17:47:32.926 I  PeachCommander[1171:21c0] [com.apple.AppKit:Image] ISImage reported a placeholder, image rep is providing a placeholder image for <private>
2026-08-09 17:47:32.926 I  PeachCommander[1171:21c0] [com.apple.AppKit:Image] ISImage reported a placeholder, image rep is providing a placeholder image for <private>
2026-08-09 17:47:32.927 I  PeachCommander[1171:21c0] [com.apple.AppKit:Image] ISImage reported a placeholder, image rep is providing a placeholder image for <private>
2026-08-09 17:47:32.927 I  PeachCommander[1171:21c0] [com.apple.AppKit:Image] ISImage reported a placeholder, image rep is providing a placeholder image for <private>
2026-08-09 17:47:32.928 I  PeachCommander[1171:21c0] [com.apple.AppKit:Image] ISImage reported a placeholder, image rep is providing a placeholder image for <private>
2026-08-09 17:47:32.929 I  PeachCommander[1171:21c0] [com.apple.AppKit:Image] ISImage reported a placeholder, image rep is providing a placeholder image for <private>
2026-08-09 17:47:32.929 I  PeachCommander[1171:21c0] [com.apple.AppKit:Image] ISImage reported a placeholder, image rep is providing a placeholder image for <private>
2026-08-09 17:47:32.930 I  PeachCommander[1171:21c0] [com.apple.AppKit:Image] ISImage reported a placeholder, image rep is providing a placeholder image for <private>
2026-08-09 17:47:32.930 I  PeachCommander[1171:21c0] [com.apple.AppKit:Image] ISImage reported a placeholder, image rep is providing a placeholder image for <private>
2026-08-09 17:47:32.931 I  PeachCommander[1171:21c0] [com.apple.AppKit:Image] ISImage reported a placeholder, image rep is providing a placeholder image for <private>
2026-08-09 17:47:32.931 I  PeachCommander[1171:21c0] [com.apple.AppKit:Image] ISImage reported a placeholder, image rep is providing a placeholder image for <private>
2026-08-09 17:47:32.932 I  PeachCommander[1171:21c0] [com.apple.AppKit:Image] ISImage reported a placeholder, image rep is providing a placeholder image for <private>
2026-08-09 17:47:32.932 I  PeachCommander[1171:21c0] [com.apple.AppKit:Image] ISImage reported a placeholder, image rep is providing a placeholder image for <private>
2026-08-09 17:47:32.933 I  PeachCommander[1171:21c0] [com.apple.AppKit:Image] ISImage reported a placeholder, image rep is providing a placeholder image for <private>
2026-08-09 17:47:32.933 I  PeachCommander[1171:21c0] [com.apple.AppKit:Image] ISImage reported a placeholder, image rep is providing a placeholder image for <private>
2026-08-09 17:47:32.934 I  PeachCommander[1171:21c0] [com.apple.AppKit:Image] ISImage reported a placeholder, image rep is providing a placeholder image for <private>
2026-08-09 17:47:32.934 I  PeachCommander[1171:21c0] [com.apple.AppKit:Image] ISImage reported a placeholder, image rep is providing a placeholder image for <private>
2026-08-09 17:47:32.935 I  PeachCommander[1171:21c0] [com.apple.AppKit:Image] ISImage reported a placeholder, image rep is providing a placeholder image for <private>
2026-08-09 17:47:32.935 I  PeachCommander[1171:21c0] [com.apple.AppKit:Image] ISImage reported a placeholder, image rep is providing a placeholder image for <private>
2026-08-09 17:47:32.936 I  PeachCommander[1171:21c0] [com.apple.AppKit:Image] ISImage reported a placeholder, image rep is providing a placeholder image for <private>
2026-08-09 17:47:32.937 I  PeachCommander[1171:21c0] [com.apple.AppKit:Image] ISImage reported a placeholder, image rep is providing a placeholder image for <private>
2026-08-09 17:47:32.937 I  PeachCommander[1171:21c0] [com.apple.AppKit:Image] ISImage reported a placeholder, image rep is providing a placeholder image for <private>
2026-08-09 17:47:32.938 I  PeachCommander[1171:21c0] [com.apple.AppKit:Image] ISImage reported a placeholder, image rep is providing a placeholder image for <private>
2026-08-09 17:47:32.938 I  PeachCommander[1171:21c0] [com.apple.AppKit:Image] ISImage reported a placeholder, image rep is providing a placeholder image for <private>
2026-08-09 17:47:32.939 I  PeachCommander[1171:21c0] [com.apple.AppKit:Image] ISImage reported a placeholder, image rep is providing a placeholder image for <private>
2026-08-09 17:47:32.939 I  PeachCommander[1171:21c0] [com.apple.AppKit:Image] ISImage reported a placeholder, image rep is providing a placeholder image for <private>
2026-08-09 17:47:32.940 I  PeachCommander[1171:21c0] [com.apple.AppKit:Image] ISImage reported a placeholder, image rep is providing a placeholder image for <private>
2026-08-09 17:47:32.940 I  PeachCommander[1171:21c0] [com.apple.AppKit:Image] ISImage reported a placeholder, image rep is providing a placeholder image for <private>
2026-08-09 17:47:32.940 I  PeachCommander[1171:21c0] [com.apple.AppKit:Image] ISImage reported a placeholder, image rep is providing a placeholder image for <private>
2026-08-09 17:47:32.941 I  PeachCommander[1171:21c0] [com.apple.AppKit:Image] ISImage reported a placeholder, image rep is providing a placeholder image for <private>
2026-08-09 17:47:32.941 I  PeachCommander[1171:21c0] [com.apple.AppKit:Image] ISImage reported a placeholder, image rep is providing a placeholder image for <private>
2026-08-09 17:47:32.942 I  PeachCommander[1171:21c0] [com.apple.AppKit:Image] ISImage reported a placeholder, image rep is providing a placeholder image for <private>
2026-08-09 17:47:32.942 I  PeachCommander[1171:21c0] [com.apple.AppKit:Image] ISImage reported a placeholder, image rep is providing a placeholder image for <private>
2026-08-09 17:47:32.943 I  PeachCommander[1171:21c0] [com.apple.AppKit:Image] ISImage reported a placeholder, image rep is providing a placeholder image for <private>
2026-08-09 17:47:32.943 I  PeachCommander[1171:21c0] [com.apple.AppKit:Image] ISImage reported a placeholder, image rep is providing a placeholder image for <private>
2026-08-09 17:47:32.944 I  PeachCommander[1171:21c0] [com.apple.AppKit:Image] ISImage reported a placeholder, image rep is providing a placeholder image for <private>
2026-08-09 17:47:32.944 I  PeachCommander[1171:21c0] [com.apple.AppKit:Image] ISImage reported a placeholder, image rep is providing a placeholder image for <private>
2026-08-09 17:47:32.946 I  PeachCommander[1171:21c0] [com.apple.AppKit:Image] ISImage reported a placeholder, image rep is providing a placeholder image for <private>
2026-08-09 17:47:32.946 I  PeachCommander[1171:21c0] [com.apple.AppKit:Image] ISImage reported a placeholder, image rep is providing a placeholder image for <private>
2026-08-09 17:47:32.947 I  PeachCommander[1171:21c0] [com.apple.AppKit:Image] ISImage reported a placeholder, image rep is providing a placeholder image for <private>
2026-08-09 17:47:32.947 I  PeachCommander[1171:21c0] [com.apple.AppKit:Image] ISImage reported a placeholder, image rep is providing a placeholder image for <private>
2026-08-09 17:47:32.948 I  PeachCommander[1171:21c0] [com.apple.AppKit:Image] ISImage reported a placeholder, image rep is providing a placeholder image for <private>
2026-08-09 17:47:32.948 I  PeachCommander[1171:21c0] [com.apple.AppKit:Image] ISImage reported a placeholder, image rep is providing a placeholder image for <private>
2026-08-09 17:47:32.949 I  PeachCommander[1171:21c0] [com.apple.AppKit:Image] ISImage reported a placeholder, image rep is providing a placeholder image for <private>
2026-08-09 17:47:32.949 I  PeachCommander[1171:21c0] [com.apple.AppKit:Image] ISImage reported a placeholder, image rep is providing a placeholder image for <private>
2026-08-09 17:47:32.950 I  PeachCommander[1171:21c0] [com.apple.AppKit:Image] ISImage reported a placeholder, image rep is providing a placeholder image for <private>
2026-08-09 17:47:32.950 I  PeachCommander[1171:21c0] [com.apple.AppKit:Image] ISImage reported a placeholder, image rep is providing a placeholder image for <private>
2026-08-09 17:47:32.951 I  PeachCommander[1171:21c0] [com.apple.AppKit:Image] ISImage reported a placeholder, image rep is providing a placeholder image for <private>
2026-08-09 17:47:32.951 I  PeachCommander[1171:21c0] [com.apple.AppKit:Image] ISImage reported a placeholder, image rep is providing a placeholder image for <private>
2026-08-09 17:47:32.952 I  PeachCommander[1171:21c0] [com.apple.AppKit:Image] ISImage reported a placeholder, image rep is providing a placeholder image for <private>
2026-08-09 17:47:32.952 I  PeachCommander[1171:21c0] [com.apple.AppKit:Image] ISImage reported a placeholder, image rep is providing a placeholder image for <private>
2026-08-09 17:47:32.953 I  PeachCommander[1171:21c0] [com.apple.AppKit:Image] ISImage reported a placeholder, image rep is providing a placeholder image for <private>
2026-08-09 17:47:32.953 I  PeachCommander[1171:21c0] [com.apple.AppKit:Image] ISImage reported a placeholder, image rep is providing a placeholder image for <private>
2026-08-09 17:47:32.954 I  PeachCommander[1171:21c0] [com.apple.AppKit:Image] ISImage reported a placeholder, image rep is providing a placeholder image for <private>
2026-08-09 17:47:32.954 I  PeachCommander[1171:21c0] [com.apple.AppKit:Image] ISImage reported a placeholder, image rep is providing a placeholder image for <private>
2026-08-09 17:47:32.955 I  PeachCommander[1171:21c0] [com.apple.AppKit:Image] ISImage reported a placeholder, image rep is providing a placeholder image for <private>
2026-08-09 17:47:32.955 I  PeachCommander[1171:21c0] [com.apple.AppKit:Image] ISImage reported a placeholder, image rep is providing a placeholder image for <private>
2026-08-09 17:47:32.956 I  PeachCommander[1171:21c0] [com.apple.AppKit:Image] ISImage reported a placeholder, image rep is providing a placeholder image for <private>
2026-08-09 17:47:32.956 I  PeachCommander[1171:21c0] [com.apple.AppKit:Image] ISImage reported a placeholder, image rep is providing a placeholder image for <private>
2026-08-09 17:47:32.957 I  PeachCommander[1171:21c0] [com.apple.AppKit:Image] ISImage reported a placeholder, image rep is providing a placeholder image for <private>
2026-08-09 17:47:32.957 I  PeachCommander[1171:21c0] [com.apple.AppKit:Image] ISImage reported a placeholder, image rep is providing a placeholder image for <private>
2026-08-09 17:47:32.958 I  PeachCommander[1171:21c0] [com.apple.AppKit:Image] ISImage reported a placeholder, image rep is providing a placeholder image for <private>
2026-08-09 17:47:32.958 I  PeachCommander[1171:21c0] [com.apple.AppKit:Image] ISImage reported a placeholder, image rep is providing a placeholder image for <private>
2026-08-09 17:47:32.959 I  PeachCommander[1171:21c0] [com.apple.AppKit:Image] ISImage reported a placeholder, image rep is providing a placeholder image for <private>
2026-08-09 17:47:32.959 I  PeachCommander[1171:21c0] [com.apple.AppKit:Image] ISImage reported a placeholder, image rep is providing a placeholder image for <private>
2026-08-09 17:47:32.960 I  PeachCommander[1171:21c0] [com.apple.AppKit:Image] ISImage reported a placeholder, image rep is providing a placeholder image for <private>
2026-08-09 17:47:32.960 I  PeachCommander[1171:21c0] [com.apple.AppKit:Image] ISImage reported a placeholder, image rep is providing a placeholder image for <private>
2026-08-09 17:47:32.961 I  PeachCommander[1171:21c0] [com.apple.AppKit:Image] ISImage reported a placeholder, image rep is providing a placeholder image for <private>
2026-08-09 17:47:32.961 I  PeachCommander[1171:21c0] [com.apple.AppKit:Image] ISImage reported a placeholder, image rep is providing a placeholder image for <private>
2026-08-09 17:47:32.962 I  PeachCommander[1171:21c0] [com.apple.AppKit:Image] ISImage reported a placeholder, image rep is providing a placeholder image for <private>
2026-08-09 17:47:32.962 I  PeachCommander[1171:21c0] [com.apple.AppKit:Image] ISImage reported a placeholder, image rep is providing a placeholder image for <private>
2026-08-09 17:47:32.963 I  PeachCommander[1171:21c0] [com.apple.AppKit:Image] ISImage reported a placeholder, image rep is providing a placeholder image for <private>
2026-08-09 17:47:32.963 I  PeachCommander[1171:21c0] [com.apple.AppKit:Image] ISImage reported a placeholder, image rep is providing a placeholder image for <private>
2026-08-09 17:47:32.964 I  PeachCommander[1171:21c0] [com.apple.AppKit:Image] ISImage reported a placeholder, image rep is providing a placeholder image for <private>
2026-08-09 17:47:32.964 I  PeachCommander[1171:21c0] [com.apple.AppKit:Image] ISImage reported a placeholder, image rep is providing a placeholder image for <private>
2026-08-09 17:47:32.965 I  PeachCommander[1171:21c0] [com.apple.AppKit:Image] ISImage reported a placeholder, image rep is providing a placeholder image for <private>
2026-08-09 17:47:32.965 I  PeachCommander[1171:21c0] [com.apple.AppKit:Image] ISImage reported a placeholder, image rep is providing a placeholder image for <private>
2026-08-09 17:47:32.966 I  PeachCommander[1171:21c0] [com.apple.AppKit:Image] ISImage reported a placeholder, image rep is providing a placeholder image for <private>
2026-08-09 17:47:32.966 I  PeachCommander[1171:21c0] [com.apple.AppKit:Image] ISImage reported a placeholder, image rep is providing a placeholder image for <private>
2026-08-09 17:47:32.967 I  PeachCommander[1171:21c0] [com.apple.AppKit:Image] ISImage reported a placeholder, image rep is providing a placeholder image for <private>
2026-08-09 17:47:32.967 I  PeachCommander[1171:21c0] [com.apple.AppKit:Image] ISImage reported a placeholder, image rep is providing a placeholder image for <private>
2026-08-09 17:47:33.013 I  PeachCommander[1171:21cd] [com.apple.espresso:espresso] Creating context 38317250688 eng=0 dev=-1
2026-08-09 17:47:33.013 I  PeachCommander[1171:21cd] [com.apple.espresso:espresso] Creating plan 38289051392
2026-08-09 17:47:33.013 I  PeachCommander[1171:21cd] [com.apple.espresso:espresso] Creating plan 38289051392
2026-08-09 17:47:33.013 I  PeachCommander[1171:21cd] [com.apple.espresso:espresso] espresso_plan_add_network plan=38289051392 path=<private> cp=65568
2026-08-09 17:47:33.013 I  PeachCommander[1171:21c8] [com.apple.espresso:espresso] Creating context 38317255712 eng=0 dev=-1
2026-08-09 17:47:33.013 I  PeachCommander[1171:21c8] [com.apple.espresso:espresso] Creating plan 38289050112
2026-08-09 17:47:33.013 I  PeachCommander[1171:21c8] [com.apple.espresso:espresso] Creating plan 38289050112
2026-08-09 17:47:33.013 I  PeachCommander[1171:21c8] [com.apple.espresso:espresso] espresso_plan_add_network plan=38289050112 path=<private> cp=65568
2026-08-09 17:47:33.013 I  PeachCommander[1171:21d3] [com.apple.espresso:espresso] Creating context 38317252800 eng=0 dev=-1
2026-08-09 17:47:33.013 I  PeachCommander[1171:21d3] [com.apple.espresso:espresso] Creating plan 38289047552
2026-08-09 17:47:33.013 I  PeachCommander[1171:21d3] [com.apple.espresso:espresso] Creating plan 38289047552
2026-08-09 17:47:33.013 I  PeachCommander[1171:21d3] [com.apple.espresso:espresso] espresso_plan_add_network plan=38289047552 path=<private> cp=65568
2026-08-09 17:47:33.013 I  PeachCommander[1171:21cc] [com.apple.espresso:espresso] Creating context 38317251200 eng=0 dev=-1
2026-08-09 17:47:33.013 I  PeachCommander[1171:21cc] [com.apple.espresso:espresso] Creating plan 38289055232
2026-08-09 17:47:33.013 I  PeachCommander[1171:21cc] [com.apple.espresso:espresso] Creating plan 38289055232
2026-08-09 17:47:33.013 I  PeachCommander[1171:21cc] [com.apple.espresso:espresso] espresso_plan_add_network plan=38289055232 path=<private> cp=65568
2026-08-09 17:47:33.014 I  PeachCommander[1171:21c8] [com.apple.espresso:espresso] Loaded network: '<private>' pf=100 cp=0
2026-08-09 17:47:33.014 I  PeachCommander[1171:21cd] [com.apple.espresso:espresso] Loaded network: '<private>' pf=100 cp=0
2026-08-09 17:47:33.014 I  PeachCommander[1171:21c8] [com.apple.CoreAnalytics:client] Dropping "com.apple.Espresso.SegmentationAnalytics" as it isn't used in any transform (not in the config or budgeted?)
2026-08-09 17:47:33.014 I  PeachCommander[1171:21c8] [com.apple.espresso:espresso] espresso_plan_add_network plan=38289050112 path=<private> cp=65568 Completed
2026-08-09 17:47:33.014 I  PeachCommander[1171:21cd] [com.apple.CoreAnalytics:client] Dropping "com.apple.Espresso.SegmentationAnalytics" as it isn't used in any transform (not in the config or budgeted?)
2026-08-09 17:47:33.014 I  PeachCommander[1171:21cd] [com.apple.espresso:espresso] espresso_plan_add_network plan=38289051392 path=<private> cp=65568 Completed
2026-08-09 17:47:33.014 I  PeachCommander[1171:21c8] [com.apple.espresso:espresso] [change_input_shapes] index=0/3 name=<private> w=1 h=1 k=1 n=1 seq=13
2026-08-09 17:47:33.014 I  PeachCommander[1171:21c8] [com.apple.espresso:espresso] [change_input_shapes] index=1/3 name=<private> w=1 h=1 k=256 n=1 seq=1
2026-08-09 17:47:33.014 I  PeachCommander[1171:21c8] [com.apple.espresso:espresso] [change_input_shapes] index=2/3 name=<private> w=1 h=1 k=256 n=1 seq=1
2026-08-09 17:47:33.014 I  PeachCommander[1171:21cd] [com.apple.espresso:espresso] [change_input_shapes] index=0/3 name=<private> w=1 h=1 k=1 n=1 seq=89
2026-08-09 17:47:33.014 I  PeachCommander[1171:21cd] [com.apple.espresso:espresso] [change_input_shapes] index=1/3 name=<private> w=1 h=1 k=256 n=1 seq=1
2026-08-09 17:47:33.014 I  PeachCommander[1171:21cd] [com.apple.espresso:espresso] [change_input_shapes] index=2/3 name=<private> w=1 h=1 k=256 n=1 seq=1
2026-08-09 17:47:33.014 I  PeachCommander[1171:21c8] [com.apple.espresso:espresso] Destroying plan 38289050112
2026-08-09 17:47:33.014 I  PeachCommander[1171:21cc] [com.apple.espresso:espresso] Loaded network: '<private>' pf=100 cp=0
2026-08-09 17:47:33.014 I  PeachCommander[1171:21c8] [com.apple.espresso:espresso] Destroying context 38317255712
2026-08-09 17:47:33.014 I  PeachCommander[1171:21cc] [com.apple.CoreAnalytics:client] Dropping "com.apple.Espresso.SegmentationAnalytics" as it isn't used in any transform (not in the config or budgeted?)
2026-08-09 17:47:33.014 I  PeachCommander[1171:21cc] [com.apple.espresso:espresso] espresso_plan_add_network plan=38289055232 path=<private> cp=65568 Completed
2026-08-09 17:47:33.014 I  PeachCommander[1171:21cc] [com.apple.espresso:espresso] [change_input_shapes] index=0/3 name=<private> w=1 h=1 k=1 n=1 seq=90
2026-08-09 17:47:33.014 I  PeachCommander[1171:21cc] [com.apple.espresso:espresso] [change_input_shapes] index=1/3 name=<private> w=1 h=1 k=256 n=1 seq=1
2026-08-09 17:47:33.014 I  PeachCommander[1171:21cc] [com.apple.espresso:espresso] [change_input_shapes] index=2/3 name=<private> w=1 h=1 k=256 n=1 seq=1
2026-08-09 17:47:33.014 I  PeachCommander[1171:21c8] [com.apple.espresso:espresso] Creating context 38317255712 eng=0 dev=-1
2026-08-09 17:47:33.014 I  PeachCommander[1171:21c8] [com.apple.espresso:espresso] Creating plan 38289050112
2026-08-09 17:47:33.014 I  PeachCommander[1171:21c8] [com.apple.espresso:espresso] Creating plan 38289050112
2026-08-09 17:47:33.014 I  PeachCommander[1171:21c8] [com.apple.espresso:espresso] espresso_plan_add_network plan=38289050112 path=<private> cp=65568
2026-08-09 17:47:33.014 I  PeachCommander[1171:21c8] [com.apple.espresso:espresso] Loaded network: '<private>' pf=100 cp=0
2026-08-09 17:47:33.014 I  PeachCommander[1171:21c8] [com.apple.CoreAnalytics:client] Dropping "com.apple.Espresso.SegmentationAnalytics" as it isn't used in any transform (not in the config or budgeted?)
2026-08-09 17:47:33.014 I  PeachCommander[1171:21c8] [com.apple.espresso:espresso] espresso_plan_add_network plan=38289050112 path=<private> cp=65568 Completed
2026-08-09 17:47:33.014 I  PeachCommander[1171:21c8] [com.apple.espresso:espresso] [change_input_shapes] index=0/3 name=<private> w=1 h=1 k=1 n=1 seq=92
2026-08-09 17:47:33.014 I  PeachCommander[1171:21c8] [com.apple.espresso:espresso] [change_input_shapes] index=1/3 name=<private> w=1 h=1 k=256 n=1 seq=1
2026-08-09 17:47:33.014 I  PeachCommander[1171:21c8] [com.apple.espresso:espresso] [change_input_shapes] index=2/3 name=<private> w=1 h=1 k=256 n=1 seq=1
2026-08-09 17:47:33.014 I  PeachCommander[1171:21cd] [com.apple.espresso:espresso] Destroying plan 38289051392
2026-08-09 17:47:33.014 I  PeachCommander[1171:21cd] [com.apple.espresso:espresso] Destroying context 38317250688
2026-08-09 17:47:33.014 I  PeachCommander[1171:21cd] [com.apple.espresso:espresso] Creating context 38317250688 eng=0 dev=-1
2026-08-09 17:47:33.014 I  PeachCommander[1171:21cd] [com.apple.espresso:espresso] Creating plan 38289051392
2026-08-09 17:47:33.014 I  PeachCommander[1171:21cd] [com.apple.espresso:espresso] Creating plan 38289051392
2026-08-09 17:47:33.014 I  PeachCommander[1171:21cd] [com.apple.espresso:espresso] espresso_plan_add_network plan=38289051392 path=<private> cp=65568
2026-08-09 17:47:33.014 I  PeachCommander[1171:21cc] [com.apple.espresso:espresso] Destroying plan 38289055232
2026-08-09 17:47:33.015 I  PeachCommander[1171:21cc] [com.apple.espresso:espresso] Destroying context 38317251200
2026-08-09 17:47:33.015 I  PeachCommander[1171:21cc] [com.apple.espresso:espresso] Creating context 38317251200 eng=0 dev=-1
2026-08-09 17:47:33.015 I  PeachCommander[1171:21cc] [com.apple.espresso:espresso] Creating plan 38289055232
2026-08-09 17:47:33.015 I  PeachCommander[1171:21cc] [com.apple.espresso:espresso] Creating plan 38289055232
2026-08-09 17:47:33.015 I  PeachCommander[1171:21cc] [com.apple.espresso:espresso] espresso_plan_add_network plan=38289055232 path=<private> cp=65568
2026-08-09 17:47:33.015 I  PeachCommander[1171:21cd] [com.apple.espresso:espresso] Loaded network: '<private>' pf=100 cp=0
2026-08-09 17:47:33.015 I  PeachCommander[1171:21cd] [com.apple.CoreAnalytics:client] Dropping "com.apple.Espresso.SegmentationAnalytics" as it isn't used in any transform (not in the config or budgeted?)
2026-08-09 17:47:33.015 I  PeachCommander[1171:21cd] [com.apple.espresso:espresso] espresso_plan_add_network plan=38289051392 path=<private> cp=65568 Completed
2026-08-09 17:47:33.015 I  PeachCommander[1171:21cd] [com.apple.espresso:espresso] [change_input_shapes] index=0/3 name=<private> w=1 h=1 k=1 n=1 seq=55
2026-08-09 17:47:33.015 I  PeachCommander[1171:21cd] [com.apple.espresso:espresso] [change_input_shapes] index=1/3 name=<private> w=1 h=1 k=256 n=1 seq=1
2026-08-09 17:47:33.015 I  PeachCommander[1171:21cd] [com.apple.espresso:espresso] [change_input_shapes] index=2/3 name=<private> w=1 h=1 k=256 n=1 seq=1
2026-08-09 17:47:33.015 I  PeachCommander[1171:21c8] [com.apple.espresso:espresso] Destroying plan 38289050112
2026-08-09 17:47:33.015 I  PeachCommander[1171:21c8] [com.apple.espresso:espresso] Destroying context 38317255712
2026-08-09 17:47:33.015 I  PeachCommander[1171:21cc] [com.apple.espresso:espresso] Loaded network: '<private>' pf=100 cp=0
2026-08-09 17:47:33.015 I  PeachCommander[1171:21cc] [com.apple.CoreAnalytics:client] Dropping "com.apple.Espresso.SegmentationAnalytics" as it isn't used in any transform (not in the config or budgeted?)
2026-08-09 17:47:33.015 I  PeachCommander[1171:21cc] [com.apple.espresso:espresso] espresso_plan_add_network plan=38289055232 path=<private> cp=65568 Completed
2026-08-09 17:47:33.015 I  PeachCommander[1171:21cc] [com.apple.espresso:espresso] [change_input_shapes] index=0/3 name=<private> w=1 h=1 k=1 n=1 seq=60
2026-08-09 17:47:33.015 I  PeachCommander[1171:21cc] [com.apple.espresso:espresso] [change_input_shapes] index=1/3 name=<private> w=1 h=1 k=256 n=1 seq=1
2026-08-09 17:47:33.015 I  PeachCommander[1171:21cc] [com.apple.espresso:espresso] [change_input_shapes] index=2/3 name=<private> w=1 h=1 k=256 n=1 seq=1
2026-08-09 17:47:33.015 I  PeachCommander[1171:21d3] [com.apple.espresso:espresso] Loaded network: '<private>' pf=100 cp=0
2026-08-09 17:47:33.015 I  PeachCommander[1171:21d3] [com.apple.CoreAnalytics:client] Dropping "com.apple.Espresso.SegmentationAnalytics" as it isn't used in any transform (not in the config or budgeted?)
2026-08-09 17:47:33.015 I  PeachCommander[1171:21d3] [com.apple.espresso:espresso] espresso_plan_add_network plan=38289047552 path=<private> cp=65568 Completed
2026-08-09 17:47:33.015 I  PeachCommander[1171:21d3] [com.apple.espresso:espresso] [change_input_shapes] index=0/3 name=<private> w=1 h=1 k=1 n=1 seq=88
2026-08-09 17:47:33.015 I  PeachCommander[1171:21d3] [com.apple.espresso:espresso] [change_input_shapes] index=1/3 name=<private> w=1 h=1 k=256 n=1 seq=1
2026-08-09 17:47:33.015 I  PeachCommander[1171:21d3] [com.apple.espresso:espresso] [change_input_shapes] index=2/3 name=<private> w=1 h=1 k=256 n=1 seq=1
2026-08-09 17:47:33.015 I  PeachCommander[1171:21cd] [com.apple.espresso:espresso] Destroying plan 38289051392
2026-08-09 17:47:33.015 I  PeachCommander[1171:21cd] [com.apple.espresso:espresso] Destroying context 38317250688
2026-08-09 17:47:33.015 I  PeachCommander[1171:21cc] [com.apple.espresso:espresso] Destroying plan 38289055232
2026-08-09 17:47:33.015 I  PeachCommander[1171:21cc] [com.apple.espresso:espresso] Destroying context 38317251200
2026-08-09 17:47:33.016 I  PeachCommander[1171:21d3] [com.apple.espresso:espresso] Destroying plan 38289047552
2026-08-09 17:47:33.016 I  PeachCommander[1171:21d3] [com.apple.espresso:espresso] Destroying context 38317252800
2026-08-09 17:47:33.051 I  PeachCommander[1171:21c0] [com.apple.AppKit:Image] ISImage reported a placeholder, image rep is providing a placeholder image for <private>
2026-08-09 17:47:33.051 I  PeachCommander[1171:21c0] [com.apple.AppKit:Image] ISImage reported a placeholder, image rep is providing a placeholder image for <private>
2026-08-09 17:47:33.052 I  PeachCommander[1171:21c0] [com.apple.AppKit:Image] ISImage reported a placeholder, image rep is providing a placeholder image for <private>
2026-08-09 17:47:33.052 I  PeachCommander[1171:21c0] [com.apple.AppKit:Image] ISImage reported a placeholder, image rep is providing a placeholder image for <private>
2026-08-09 17:47:33.053 I  PeachCommander[1171:21c0] [com.apple.AppKit:Image] ISImage reported a placeholder, image rep is providing a placeholder image for <private>
2026-08-09 17:47:33.053 I  PeachCommander[1171:21c0] [com.apple.AppKit:Image] ISImage reported a placeholder, image rep is providing a placeholder image for <private>
2026-08-09 17:47:33.054 I  PeachCommander[1171:21c0] [com.apple.AppKit:Image] ISImage reported a placeholder, image rep is providing a placeholder image for <private>
2026-08-09 17:47:33.054 I  PeachCommander[1171:21c0] [com.apple.AppKit:Image] ISImage reported a placeholder, image rep is providing a placeholder image for <private>
2026-08-09 17:47:33.054 I  PeachCommander[1171:21c0] [com.apple.AppKit:Image] ISImage reported a placeholder, image rep is providing a placeholder image for <private>
2026-08-09 17:47:33.055 I  PeachCommander[1171:21c0] [com.apple.AppKit:Image] ISImage reported a placeholder, image rep is providing a placeholder image for <private>
2026-08-09 17:47:33.055 I  PeachCommander[1171:21c0] [com.apple.AppKit:Image] ISImage reported a placeholder, image rep is providing a placeholder image for <private>
2026-08-09 17:47:33.056 I  PeachCommander[1171:21c0] [com.apple.AppKit:Image] ISImage reported a placeholder, image rep is providing a placeholder image for <private>
2026-08-09 17:47:33.056 I  PeachCommander[1171:21c0] [com.apple.AppKit:Image] ISImage reported a placeholder, image rep is providing a placeholder image for <private>
2026-08-09 17:47:33.056 I  PeachCommander[1171:21c0] [com.apple.AppKit:Image] ISImage reported a placeholder, image rep is providing a placeholder image for <private>
2026-08-09 17:47:33.057 I  PeachCommander[1171:21c0] [com.apple.AppKit:Image] ISImage reported a placeholder, image rep is providing a placeholder image for <private>
2026-08-09 17:47:33.057 I  PeachCommander[1171:21c0] [com.apple.AppKit:Image] ISImage reported a placeholder, image rep is providing a placeholder image for <private>
2026-08-09 17:47:33.058 I  PeachCommander[1171:21c0] [com.apple.AppKit:Image] ISImage reported a placeholder, image rep is providing a placeholder image for <private>
2026-08-09 17:47:33.058 I  PeachCommander[1171:21c0] [com.apple.AppKit:Image] ISImage reported a placeholder, image rep is providing a placeholder image for <private>
2026-08-09 17:47:33.059 I  PeachCommander[1171:21c0] [com.apple.AppKit:Image] ISImage reported a placeholder, image rep is providing a placeholder image for <private>
2026-08-09 17:47:33.059 I  PeachCommander[1171:21c0] [com.apple.AppKit:Image] ISImage reported a placeholder, image rep is providing a placeholder image for <private>
2026-08-09 17:47:33.059 I  PeachCommander[1171:21c0] [com.apple.AppKit:Image] ISImage reported a placeholder, image rep is providing a placeholder image for <private>
2026-08-09 17:47:33.060 I  PeachCommander[1171:21c0] [com.apple.AppKit:Image] ISImage reported a placeholder, image rep is providing a placeholder image for <private>
2026-08-09 17:47:33.060 I  PeachCommander[1171:21c0] [com.apple.AppKit:Image] ISImage reported a placeholder, image rep is providing a placeholder image for <private>
2026-08-09 17:47:33.061 I  PeachCommander[1171:21c0] [com.apple.AppKit:Image] ISImage reported a placeholder, image rep is providing a placeholder image for <private>
2026-08-09 17:47:33.061 I  PeachCommander[1171:21c0] [com.apple.AppKit:Image] ISImage reported a placeholder, image rep is providing a placeholder image for <private>
2026-08-09 17:47:33.061 I  PeachCommander[1171:21c0] [com.apple.AppKit:Image] ISImage reported a placeholder, image rep is providing a placeholder image for <private>
2026-08-09 17:47:33.062 I  PeachCommander[1171:21c0] [com.apple.AppKit:Image] ISImage reported a placeholder, image rep is providing a placeholder image for <private>
2026-08-09 17:47:33.062 I  PeachCommander[1171:21c0] [com.apple.AppKit:Image] ISImage reported a placeholder, image rep is providing a placeholder image for <private>
2026-08-09 17:47:33.062 I  PeachCommander[1171:21c0] [com.apple.AppKit:Image] ISImage reported a placeholder, image rep is providing a placeholder image for <private>
2026-08-09 17:47:33.063 I  PeachCommander[1171:21c0] [com.apple.AppKit:Image] ISImage reported a placeholder, image rep is providing a placeholder image for <private>
2026-08-09 17:47:33.063 I  PeachCommander[1171:21c0] [com.apple.AppKit:Image] ISImage reported a placeholder, image rep is providing a placeholder image for <private>
2026-08-09 17:47:33.064 I  PeachCommander[1171:21c0] [com.apple.AppKit:Image] ISImage reported a placeholder, image rep is providing a placeholder image for <private>
2026-08-09 17:47:33.064 I  PeachCommander[1171:21c0] [com.apple.AppKit:Image] ISImage reported a placeholder, image rep is providing a placeholder image for <private>
2026-08-09 17:47:33.065 I  PeachCommander[1171:21c0] [com.apple.AppKit:Image] ISImage reported a placeholder, image rep is providing a placeholder image for <private>
2026-08-09 17:47:33.065 I  PeachCommander[1171:21c0] [com.apple.AppKit:Image] ISImage reported a placeholder, image rep is providing a placeholder image for <private>
2026-08-09 17:47:33.066 I  PeachCommander[1171:21c0] [com.apple.AppKit:Image] ISImage reported a placeholder, image rep is providing a placeholder image for <private>
2026-08-09 17:47:33.066 I  PeachCommander[1171:21c0] [com.apple.AppKit:Image] ISImage reported a placeholder, image rep is providing a placeholder image for <private>
2026-08-09 17:47:33.067 I  PeachCommander[1171:21c0] [com.apple.AppKit:Image] ISImage reported a placeholder, image rep is providing a placeholder image for <private>
2026-08-09 17:47:33.067 I  PeachCommander[1171:21c0] [com.apple.AppKit:Image] ISImage reported a placeholder, image rep is providing a placeholder image for <private>
2026-08-09 17:47:33.068 I  PeachCommander[1171:21c0] [com.apple.AppKit:Image] ISImage reported a placeholder, image rep is providing a placeholder image for <private>
2026-08-09 17:47:33.068 I  PeachCommander[1171:21c0] [com.apple.AppKit:Image] ISImage reported a placeholder, image rep is providing a placeholder image for <private>
2026-08-09 17:47:33.069 I  PeachCommander[1171:21c0] [com.apple.AppKit:Image] ISImage reported a placeholder, image rep is providing a placeholder image for <private>
2026-08-09 17:47:33.069 I  PeachCommander[1171:21c0] [com.apple.AppKit:Image] ISImage reported a placeholder, image rep is providing a placeholder image for <private>
2026-08-09 17:47:33.069 I  PeachCommander[1171:21c0] [com.apple.AppKit:Image] ISImage reported a placeholder, image rep is providing a placeholder image for <private>
2026-08-09 17:47:33.069 I  PeachCommander[1171:21c0] [com.apple.AppKit:Image] ISImage reported a placeholder, image rep is providing a placeholder image for <private>
2026-08-09 17:47:33.070 I  PeachCommander[1171:21c0] [com.apple.AppKit:Image] ISImage reported a placeholder, image rep is providing a placeholder image for <private>
2026-08-09 17:47:33.070 I  PeachCommander[1171:21c0] [com.apple.AppKit:Image] ISImage reported a placeholder, image rep is providing a placeholder image for <private>
2026-08-09 17:47:33.071 I  PeachCommander[1171:21c0] [com.apple.AppKit:Image] ISImage reported a placeholder, image rep is providing a placeholder image for <private>
2026-08-09 17:47:33.071 I  PeachCommander[1171:21c0] [com.apple.AppKit:Image] ISImage reported a placeholder, image rep is providing a placeholder image for <private>
2026-08-09 17:47:33.072 I  PeachCommander[1171:21c0] [com.apple.AppKit:Image] ISImage reported a placeholder, image rep is providing a placeholder image for <private>
2026-08-09 17:47:33.072 I  PeachCommander[1171:21c0] [com.apple.AppKit:Image] ISImage reported a placeholder, image rep is providing a placeholder image for <private>
2026-08-09 17:47:33.073 I  PeachCommander[1171:21c0] [com.apple.AppKit:Image] ISImage reported a placeholder, image rep is providing a placeholder image for <private>
2026-08-09 17:47:33.073 I  PeachCommander[1171:21c0] [com.apple.AppKit:Image] ISImage reported a placeholder, image rep is providing a placeholder image for <private>
2026-08-09 17:47:33.074 I  PeachCommander[1171:21c0] [com.apple.AppKit:Image] ISImage reported a placeholder, image rep is providing a placeholder image for <private>
2026-08-09 17:47:33.074 I  PeachCommander[1171:21c0] [com.apple.AppKit:Image] ISImage reported a placeholder, image rep is providing a placeholder image for <private>
2026-08-09 17:47:33.075 I  PeachCommander[1171:21c0] [com.apple.AppKit:Image] ISImage reported a placeholder, image rep is providing a placeholder image for <private>
2026-08-09 17:47:33.075 I  PeachCommander[1171:21c0] [com.apple.AppKit:Image] ISImage reported a placeholder, image rep is providing a placeholder image for <private>
2026-08-09 17:47:33.076 I  PeachCommander[1171:21c0] [com.apple.AppKit:Image] ISImage reported a placeholder, image rep is providing a placeholder image for <private>
2026-08-09 17:47:33.076 I  PeachCommander[1171:21c0] [com.apple.AppKit:Image] ISImage reported a placeholder, image rep is providing a placeholder image for <private>
2026-08-09 17:47:33.077 I  PeachCommander[1171:21c0] [com.apple.AppKit:Image] ISImage reported a placeholder, image rep is providing a placeholder image for <private>
2026-08-09 17:47:33.077 I  PeachCommander[1171:21c0] [com.apple.AppKit:Image] ISImage reported a placeholder, image rep is providing a placeholder image for <private>
2026-08-09 17:47:33.078 I  PeachCommander[1171:21c0] [com.apple.AppKit:Image] ISImage reported a placeholder, image rep is providing a placeholder image for <private>
2026-08-09 17:47:33.078 I  PeachCommander[1171:21c0] [com.apple.AppKit:Image] ISImage reported a placeholder, image rep is providing a placeholder image for <private>
2026-08-09 17:47:33.078 I  PeachCommander[1171:21c0] [com.apple.AppKit:Image] ISImage reported a placeholder, image rep is providing a placeholder image for <private>
2026-08-09 17:47:33.078 I  PeachCommander[1171:21c0] [com.apple.AppKit:Image] ISImage reported a placeholder, image rep is providing a placeholder image for <private>
2026-08-09 17:47:33.079 I  PeachCommander[1171:21c0] [com.apple.AppKit:Image] ISImage reported a placeholder, image rep is providing a placeholder image for <private>
2026-08-09 17:47:33.079 I  PeachCommander[1171:21c0] [com.apple.AppKit:Image] ISImage reported a placeholder, image rep is providing a placeholder image for <private>
2026-08-09 17:47:33.080 I  PeachCommander[1171:21c0] [com.apple.AppKit:Image] ISImage reported a placeholder, image rep is providing a placeholder image for <private>
2026-08-09 17:47:33.080 I  PeachCommander[1171:21c0] [com.apple.AppKit:Image] ISImage reported a placeholder, image rep is providing a placeholder image for <private>
2026-08-09 17:47:33.081 I  PeachCommander[1171:21c0] [com.apple.AppKit:Image] ISImage reported a placeholder, image rep is providing a placeholder image for <private>
2026-08-09 17:47:33.081 I  PeachCommander[1171:21c0] [com.apple.AppKit:Image] ISImage reported a placeholder, image rep is providing a placeholder image for <private>
2026-08-09 17:47:33.082 I  PeachCommander[1171:21c0] [com.apple.AppKit:Image] ISImage reported a placeholder, image rep is providing a placeholder image for <private>
2026-08-09 17:47:33.082 I  PeachCommander[1171:21c0] [com.apple.AppKit:Image] ISImage reported a placeholder, image rep is providing a placeholder image for <private>
2026-08-09 17:47:33.083 I  PeachCommander[1171:21c0] [com.apple.AppKit:Image] ISImage reported a placeholder, image rep is providing a placeholder image for <private>
2026-08-09 17:47:33.083 I  PeachCommander[1171:21c0] [com.apple.AppKit:Image] ISImage reported a placeholder, image rep is providing a placeholder image for <private>
2026-08-09 17:47:33.084 I  PeachCommander[1171:21c0] [com.apple.AppKit:Image] ISImage reported a placeholder, image rep is providing a placeholder image for <private>
2026-08-09 17:47:33.084 I  PeachCommander[1171:21c0] [com.apple.AppKit:Image] ISImage reported a placeholder, image rep is providing a placeholder image for <private>
2026-08-09 17:47:33.085 I  PeachCommander[1171:21c0] [com.apple.AppKit:Image] ISImage reported a placeholder, image rep is providing a placeholder image for <private>
2026-08-09 17:47:33.085 I  PeachCommander[1171:21c0] [com.apple.AppKit:Image] ISImage reported a placeholder, image rep is providing a placeholder image for <private>
2026-08-09 17:47:33.086 I  PeachCommander[1171:21c0] [com.apple.AppKit:Image] ISImage reported a placeholder, image rep is providing a placeholder image for <private>
2026-08-09 17:47:33.086 I  PeachCommander[1171:21c0] [com.apple.AppKit:Image] ISImage reported a placeholder, image rep is providing a placeholder image for <private>
2026-08-09 17:47:33.311 Df PeachCommander[1171:21c0] (Foundation) <private>
