Timestamp               Ty Process[PID:TID]
2026-09-09 19:15:01.605 A  PeachCommander[3894:3ca1] (libsystem_info.dylib) Retrieve User by ID
2026-09-09 19:15:01.606 Df PeachCommander[3894:3ca1] [com.apple.xpc:connection] [0x103e51b50] activating connection: mach=true listener=false peer=false name=com.apple.cfprefsd.daemon
2026-09-09 19:15:01.606 Df PeachCommander[3894:3ca4] [com.apple.xpc:connection] [0x103e52c00] activating connection: mach=true listener=false peer=false name=com.apple.cfprefsd.agent
2026-09-09 19:15:01.607 Df PeachCommander[3894:3ca1] [com.apple.xpc:connection] [0x103e53e70] activating connection: mach=true listener=false peer=false name=com.apple.coreservices.launchservicesd
2026-09-09 19:15:01.607 I  PeachCommander[3894:3ca1] [com.apple.launchservices:cas] Registering for notification <private> on default queue, to re-boostrap client connection.
2026-09-09 19:15:01.607 Df PeachCommander[3894:3ca1] [com.apple.xpc:connection] [0xcbacc0000] activating connection: mach=true listener=false peer=false name=com.apple.pasteboard.1
2026-09-09 19:15:01.607 Df PeachCommander[3894:3ca1] [com.apple.xpc:connection] [0xcbacc0140] activating connection: mach=true listener=false peer=false name=com.apple.distributed_notifications@Uv3
2026-09-09 19:15:01.609 Df PeachCommander[3894:3ca1] [com.apple.AppKit:AutomaticTermination] void _NSDisableAutomaticTerminationAndLog(NSString *) No windows open yet
2026-09-09 19:15:01.609 A  PeachCommander[3894:3ca1] (TCC) TCCAccessRequest() IPC
2026-09-09 19:15:01.609 Df PeachCommander[3894:3ca1] [com.apple.xpc:connection] [0xcbacc0280] activating connection: mach=true listener=false peer=false name=com.apple.tccd.system
2026-09-09 19:15:01.609 I  PeachCommander[3894:3ca1] [com.apple.TCC:access] SEND: 0/7 synchronous to com.apple.tccd.system: request: msgID=3894.1, function=TCCAccessRequest, service=kTCCServiceListenEvent,
2026-09-09 19:15:01.610 I  PeachCommander[3894:3ca1] [com.apple.TCC:access] RECV: synchronous reply <dictionary: 0xcbac84000> { count = 5, transaction: 0, voucher = 0x0, contents =
	"prompt_type" => <uint64: 0xaee7d1b3f85d6e2f>: 1
	"auth_value" => <uint64: 0xaee7d1b3f85d6e2f>: 1
	"preflight_unknown" => <bool: 0x1f1059190>: true
	"auth_version" => <uint64: 0xaee7d1b3f85d6e2f>: 1
	"auth_reason" => <uint64: 0xaee7d1b3f85d6e0f>: 5
}
2026-09-09 19:15:01.610 Df PeachCommander[3894:3ca1] [com.apple.xpc:connection] [0xcbacc0280] invalidated after the last release of the connection object
2026-09-09 19:15:01.610 Df PeachCommander[3894:3ca1] [com.apple.SkyLight:default] server port 0x0000380b, session port 0x0000380b
2026-09-09 19:15:01.612 Df PeachCommander[3894:3ca1] [com.apple.SkyLight:default] New connection 0x43317 main
2026-09-09 19:15:01.612 I  PeachCommander[3894:3ca4] [com.apple.SkyLight:processes] 0[outside of RPC]: First connection id 275223 mapped to ctx = 0xcbb020680
2026-09-09 19:15:01.613 I  PeachCommander[3894:3ca1] [com.apple.hiservices:processmgr] Checking in with CAS, pid=3894
2026-09-09 19:15:01.613 I  PeachCommander[3894:3ca1] [com.apple.launchservices:cas] LSApplicationCheckIn(), app being registered is:"/Users/admin/pc-test/PeachCommander.app/Contents/MacOS/PeachCommander"
2026-09-09 19:15:01.613 I  PeachCommander[3894:3ca1] [com.apple.launchservices:cas]  { "ApplicationType"="Foreground", "BuildMachineOSBuild"="25E246", "CFBundleDevelopmentRegion"="en", "CFBundleDocumentTypes"=( { "CFBundleTypeName"="Peach Commander Plugin Package", "CFBundleTypeRole"="Viewer", "LSHandlerRank"="Owner", "LSItemContentTypes"=( "com.peachcommander.plugin-package") }), "CFBundleExecutable"="PeachCommander", "CFBundleExecutablePath"="/Users/admin/pc-test/PeachCommander.app/Contents/MacOS/PeachCommander", "CFBundleHelpBookFolder"="PeachCommander.help", "CFBundleHelpBookName"="Peach Commander Help", "CFBundleIconFile"="AppIcon", "CFBundleIconName"="AppIcon", "CFBundleIdentifier"="com.peachcommander.app", "CFBundleInfoDictionaryVersion"="6.0", "CFBundleName"="PeachCommander", "CFBundleNumericVersion"=402685952, "CFBundlePackageType"="APPL", "CFBundleShortVersionString"="0.9.0", "CFBundleSignature"="?????", "CFBundleSupportedPlatforms"=( "MacOSX"), "CFBundleVersion"="18", "DTCompiler"="com.apple.compilers.llvm.clang.1_0", "DTPlatformBuild"="25F70", "DTPlatformName"="macosx", "<…>
2026-09-09 19:15:01.613 Df PeachCommander[3894:3ca1] [com.apple.processmanager:front-35286506] CHECKIN: pid=3894
2026-09-09 19:15:01.615 Df PeachCommander[3894:3ca1] [com.apple.processmanager:front-35286506] CHECKEDIN: pid=3894 asn=0x0-0x47047 foreground=1
2026-09-09 19:15:01.615 I  PeachCommander[3894:3ca1] [com.apple.launchservices:cas] Setting processControlState to default PROC_SETPC_SUSPEND because application does not have LSProcessControlValue key
2026-09-09 19:15:01.615 Df PeachCommander[3894:3ca1] [com.apple.xpc:connection] [0xcbacc0280] activating connection: mach=false listener=true peer=false name=(anonymous)
2026-09-09 19:15:01.615 Df PeachCommander[3894:3ca1] [com.apple.xpc:connection] [0xcbacc0280] Connection returned listener port: 0x4203
2026-09-09 19:15:01.615 Df PeachCommander[3894:3ca5] [com.apple.xpc:connection] [0xcbb08c300] activating connection: mach=false listener=false peer=true name=com.apple.xpc.anonymous.0xcbacc0280.peer[131].0xcbb08c300
2026-09-09 19:15:01.615 Df PeachCommander[3894:3ca1] [com.apple.processmanager:front-35286506] FRONTLOGGING: version 1
2026-09-09 19:15:01.615 Df PeachCommander[3894:3ca1] [com.apple.processmanager:front-35286506] Registered, pid=3894 ASN=0x0,0x47047
2026-09-09 19:15:01.615 Df PeachCommander[3894:3ca1] [com.apple.xpc:connection] [0xcbacc03c0] activating connection: mach=true listener=false peer=false name=com.apple.analyticsd
2026-09-09 19:15:01.615 I  PeachCommander[3894:3ca1] [com.apple.CoreAnalytics:client] Daemon status changed from 0 to 1
2026-09-09 19:15:01.616 I  PeachCommander[3894:3ca5] [com.apple.CarbonCore:coreservicesdaemon] SCSession():SCSession( id=100, this=0x0x103e557b0 option=65538) created, forUID=501 mach_port_t=0x5103.
2026-09-09 19:15:01.616 I  PeachCommander[3894:3ca5] [com.apple.CarbonCore:coreservicesdaemon] SCSession():SCSession( id=101, this=0x0x103e558f0 option=65538) created, forUID=501 mach_port_t=0x4503.
2026-09-09 19:15:01.616 I  PeachCommander[3894:3ca5] [com.apple.CarbonCore:coreservicesdaemon] connectToCoreServicesD():Instantiating server (coreservicesd based) SCSession, port=0x5103 serverOptions=0x10002.
2026-09-09 19:15:01.616 I  PeachCommander[3894:3ca1] [com.apple.hiservices:processmgr] _RegisterApplication( pid 3894 => 0x0,0x47047) type=foreground
2026-09-09 19:15:01.616 Df PeachCommander[3894:3ca1] [com.apple.xpc:connection] [0xcbacc0280] Connection returned listener port: 0x4203
2026-09-09 19:15:01.616 Df PeachCommander[3894:3ca5] [com.apple.xpc:connection] [0xcbacc0500] activating connection: mach=true listener=false peer=false name=com.apple.lsd.mapdb
2026-09-09 19:15:01.616 I  PeachCommander[3894:3ca1] [com.apple.launchservices:cas] CFArrayRef _LSCopyLaunchModifiers(LSSessionID, LSASNRef _Nonnull), result for psn [ kLSCurrentApp ASN, 0x0,0x2]  is 1 items.
2026-09-09 19:15:01.616 Df PeachCommander[3894:3ca1] [com.apple.processmanager:front-35286506] BringForward: pid=3894 asn=0x0-0x47047 bringForward=1 foreground=1 uiElement=0 launchedByLS=1 modifiersCount=1 allDisabled=1
2026-09-09 19:15:01.616 Df PeachCommander[3894:3ca1] [com.apple.processmanager:front-35286506] BringFrontModifier: pid=3894 asn=0x0-0x47047 Modifier 0 hideAfter=0 hideOthers=0 dontMakeFrontmost=0 mouseDown=0/0 seed=0/0
2026-09-09 19:15:01.616 Df PeachCommander[3894:3ca1] [com.apple.processmanager:front-35286506] BringForward: pid=3894 asn=0x0-0x47047
2026-09-09 19:15:01.616 Df PeachCommander[3894:3ca1] [com.apple.processmanager:front-35286506] SetFrontProcess: asn=0x0-0x47047 options=0
2026-09-09 19:15:01.616 I  PeachCommander[3894:3ca1] [com.apple.SkyLight:processes] 0[outside of RPC]: SLPSetFrontProcess(0x0-0x47047 window=0 options=0x0
2026-09-09 19:15:01.616 Df PeachCommander[3894:3ca7] [com.apple.CoreAnalytics:client] Received configuration update from daemon (initial)
2026-09-09 19:15:01.618 Df PeachCommander[3894:3ca1] [com.apple.AppKit:Appearance] Current system appearance, (HLTB: 1), (SLS: 0)
2026-09-09 19:15:01.618 Df PeachCommander[3894:3ca1] (libMobileGestalt.dylib) No persisted cache on this platform.
2026-09-09 19:15:01.619 Df PeachCommander[3894:3ca1] (libMobileGestalt.dylib) Could not get size of EAN data (IOConnectCallScalarMethod kAppleNVMeEANGetSize returned 0xE00002E2)
2026-09-09 19:15:01.619 Df PeachCommander[3894:3ca1] (libMobileGestalt.dylib) Failed to copy 'aptk' from EAN
2026-09-09 19:15:01.619 Df PeachCommander[3894:3ca1] (libMobileGestalt.dylib) Failed to copy APTicket properties. Falling back to default policy.
2026-09-09 19:15:01.619 Df PeachCommander[3894:3ca1] (libMobileGestalt.dylib) Creating default MGSysConfigPolicy
2026-09-09 19:15:01.619 Df PeachCommander[3894:3ca1] (libMobileGestalt.dylib) CFDictionaryRef copySyscfgDictionary(void) enumeration of <private> failed.
2026-09-09 19:15:01.619 Df PeachCommander[3894:3ca1] (libMobileGestalt.dylib) Failed to find key <private>
2026-09-09 19:15:01.619 I  PeachCommander[3894:3ca7] [com.apple.launchservices:cas] information in shared memory for 0x0-0x47047 with seed 533 was still valid, so using cached info { "ApplicationType"="Foreground", "BuildMachineOSBuild"="25E246", "BundleIdentifierLowerCase"="com.peachcommander.app", "CFBundleDevelopmentRegion"="en", "CFBundleDocumentTypes"=( { "CFBundleTypeName"="Peach Commander Plugin Package", "CFBundleTypeRole"="Viewer", "LSHandlerRank"="Owner", "LSItemContentTypes"=( "com.peachcommander.plugin-package") }), "CFBundleExecutable"="PeachCommander", "CFBundleExecutablePath"="/Users/admin/pc-test/PeachCommander.app/Contents/MacOS/PeachCommander", "CFBundleExecutablePathDeviceID"=16777229, "CFBundleExecutablePathINode"=487885, "CFBundleHelpBookFolder"="PeachCommander.help", "CFBundleHelpBookName"="Peach Commander Help", "CFBundleIconFile"="AppIcon", "CFBundleIconName"="AppIcon", "CFBundleIdentifier"="com.peachcommander.app", "CFBundleInfoDictionaryVersion"="6.0", "CFBundleName"="PeachCommander", "CFBundleNameLowerCase"="peachcommander", "CFBundleNumericVersion"=402685952, "CFBundlePackageType"="APPL", "CFBundleShortVersionString"="0.9.0", "CFBun<…>
2026-09-09 19:15:01.619 I  PeachCommander[3894:3ca5] [com.apple.launchservices:db] LaunchServices database schema version: 20971544
2026-09-09 19:15:01.620 Df PeachCommander[3894:3ca1] [com.apple.AppKit:Appearance] Current system appearance, (HLTB: 1), (SLS: 0)
2026-09-09 19:15:01.620 Df PeachCommander[3894:3ca1] [com.apple.AppKit:Appearance] Post-registration system appearance: (HLTB: 1)
2026-09-09 19:15:01.621 I  PeachCommander[3894:3ca5] [com.apple.launchservices:default] Unable to load Info.plist exceptions (eGPUOverrides)
2026-09-09 19:15:01.621 I  PeachCommander[3894:3ca5] [com.apple.launchservices:default] Unable to load Info.plist exceptions (gameModeOverrides)
2026-09-09 19:15:01.621 I  PeachCommander[3894:3ca5] [com.apple.launchservices:default] Unable to load Info.plist exceptions (identifiedGameOverrides)
2026-09-09 19:15:01.621 I  PeachCommander[3894:3ca5] [com.apple.launchservices:default] Unable to load Info.plist exceptions (SystemHiddenPreferred)
2026-09-09 19:15:01.622 Df PeachCommander[3894:3ca1] [com.apple.FrontBoard:Common] FBSWorkspace: endpoint monitoring is disabled.
2026-09-09 19:15:01.622 Df PeachCommander[3894:3ca1] [com.apple.FrontBoard:Common] FBSWorkspace: default shell endpoint is disabled.
2026-09-09 19:15:01.622 Df PeachCommander[3894:3ca1] [com.apple.runningboard:connection] Initializing connection
2026-09-09 19:15:01.622 Df PeachCommander[3894:3ca1] [com.apple.runningboard:process] Removing all cached process handles
2026-09-09 19:15:01.622 Df PeachCommander[3894:3ca4] [com.apple.runningboard:connection] Sending handshake request attempt #1 to server
2026-09-09 19:15:01.622 Df PeachCommander[3894:3ca4] [com.apple.runningboard:connection] Creating connection to com.apple.runningboard
2026-09-09 19:15:01.622 Df PeachCommander[3894:3ca4] [com.apple.xpc:connection] [0xcbacc0640] activating connection: mach=true listener=false peer=false name=com.apple.runningboard
2026-09-09 19:15:01.622 Df PeachCommander[3894:3ca1] [com.apple.xpc:connection] [0xcbacc0280] Connection returned listener port: 0x4203
2026-09-09 19:15:01.622 A  PeachCommander[3894:3ca7] (RunningBoardServices) didChangeInheritances
2026-09-09 19:15:01.622 I  PeachCommander[3894:3ca1] [com.apple.launchservices:cas] information in shared memory for 0x0-0x47047 with seed 533 was still valid, so using cached info { "ApplicationType"="Foreground", "BuildMachineOSBuild"="25E246", "BundleIdentifierLowerCase"="com.peachcommander.app", "CFBundleDevelopmentRegion"="en", "CFBundleDocumentTypes"=( { "CFBundleTypeName"="Peach Commander Plugin Package", "CFBundleTypeRole"="Viewer", "LSHandlerRank"="Owner", "LSItemContentTypes"=( "com.peachcommander.plugin-package") }), "CFBundleExecutable"="PeachCommander", "CFBundleExecutablePath"="/Users/admin/pc-test/PeachCommander.app/Contents/MacOS/PeachCommander", "CFBundleExecutablePathDeviceID"=16777229, "CFBundleExecutablePathINode"=487885, "CFBundleHelpBookFolder"="PeachCommander.help", "CFBundleHelpBookName"="Peach Commander Help", "CFBundleIconFile"="AppIcon", "CFBundleIconName"="AppIcon", "CFBundleIdentifier"="com.peachcommander.app", "CFBundleInfoDictionaryVersion"="6.0", "CFBundleName"="PeachCommander", "CFBundleNameLowerCase"="peachcommander", "CFBundleNumericVersion"=402685952, "CFBundlePackageType"="APPL", "CFBundleShortVersionString"="0.9.0", "CFBun<…>
2026-09-09 19:15:01.622 Df PeachCommander[3894:3ca4] [com.apple.runningboard:connection] Handshake succeeded
2026-09-09 19:15:01.622 Df PeachCommander[3894:3ca4] [com.apple.runningboard:connection] Identity resolved as app<application.com.peachcommander.app.486897.487885(501)>
2026-09-09 19:15:01.624 Df PeachCommander[3894:3ca1] [com.apple.xpc:connection] [0xcbacc0280] Connection returned listener port: 0x4203
2026-09-09 19:15:01.624 A  PeachCommander[3894:3ca5] (AppIntents) appintents:register process
2026-09-09 19:15:01.625 Df PeachCommander[3894:3ca5] [com.apple.appintents:Connection] Created a new Process Instance Registry XPC connection (inactive)
2026-09-09 19:15:01.625 Df PeachCommander[3894:3ca5] [com.apple.xpc:connection] [0xcbacc0780] activating connection: mach=true listener=false peer=false name=com.apple.linkd.autoShortcut
2026-09-09 19:15:01.625 Df PeachCommander[3894:3ca5] [com.apple.appintents:Connection] Activated connection to linkd (ApplicationService)
2026-09-09 19:15:01.625 I  PeachCommander[3894:3ca1] [com.apple.launchservices:cas] information in shared memory for 0x0-0x47047 with seed 533 was still valid, so using cached info { "ApplicationType"="Foreground", "BuildMachineOSBuild"="25E246", "BundleIdentifierLowerCase"="com.peachcommander.app", "CFBundleDevelopmentRegion"="en", "CFBundleDocumentTypes"=( { "CFBundleTypeName"="Peach Commander Plugin Package", "CFBundleTypeRole"="Viewer", "LSHandlerRank"="Owner", "LSItemContentTypes"=( "com.peachcommander.plugin-package") }), "CFBundleExecutable"="PeachCommander", "CFBundleExecutablePath"="/Users/admin/pc-test/PeachCommander.app/Contents/MacOS/PeachCommander", "CFBundleExecutablePathDeviceID"=16777229, "CFBundleExecutablePathINode"=487885, "CFBundleHelpBookFolder"="PeachCommander.help", "CFBundleHelpBookName"="Peach Commander Help", "CFBundleIconFile"="AppIcon", "CFBundleIconName"="AppIcon", "CFBundleIdentifier"="com.peachcommander.app", "CFBundleInfoDictionaryVersion"="6.0", "CFBundleName"="PeachCommander", "CFBundleNameLowerCase"="peachcommander", "CFBundleNumericVersion"=402685952, "CFBundlePackageType"="APPL", "CFBundleShortVersionString"="0.9.0", "CFBun<…>
2026-09-09 19:15:01.625 I  PeachCommander[3894:3ca1] [com.apple.hiservices:processmgr] TransformProcessType(0x0,0x2 => 1 wasFront=1 pickNew=0)
2026-09-09 19:15:01.625 Df PeachCommander[3894:3ca5] [com.apple.xpc:connection] [0xcbacc0a00] activating connection: mach=false listener=true peer=false name=(anonymous)
2026-09-09 19:15:01.625 I  PeachCommander[3894:3ca1] [com.apple.CoreAnalytics:client] Dropping "com.apple.appkit.app_config" as it isn't used in any transform (not in the config or budgeted?)
2026-09-09 19:15:01.625 I  PeachCommander[3894:3ca5] [com.apple.appintents:Execution] LNAppConnectionListener instantiated
2026-09-09 19:15:01.625 Df PeachCommander[3894:3ca5] [com.apple.xpc:connection] [0xcbacc0a00] Connection returned listener port: 0x6c03
2026-09-09 19:15:01.626 Df PeachCommander[3894:3ca4] [com.apple.xpc:connection] [0xcbacc0780] Re-initialization successful; calling out to event handler with XPC_ERROR_CONNECTION_INTERRUPTED
2026-09-09 19:15:01.626 Df PeachCommander[3894:3ca4] [com.apple.appintents:Connection] Process Instance Registry XPC connection has been interrupted
2026-09-09 19:15:01.626 Df PeachCommander[3894:3ca1] [com.apple.dt.xctest:Default] Registering for test daemon availability notify post.
2026-09-09 19:15:01.626 Df PeachCommander[3894:3ca1] [com.apple.dt.xctest:Default] notify_get_state check indicated test daemon not ready.
2026-09-09 19:15:01.626 Df PeachCommander[3894:3ca4] [com.apple.appintents:Connection] Created a new Process Instance Registry XPC connection (inactive)
2026-09-09 19:15:01.626 A  PeachCommander[3894:3ca4] (AppIntents) appintents:register process
2026-09-09 19:15:01.626 Df PeachCommander[3894:3ca1] [com.apple.dt.xctest:Default] notify_get_state check indicated test daemon not ready.
2026-09-09 19:15:01.626 Df PeachCommander[3894:3ca4] [com.apple.appintents:Connection] Created a new Process Instance Registry XPC connection (inactive)
2026-09-09 19:15:01.626 Df PeachCommander[3894:3ca4] [com.apple.xpc:connection] [0xcbacc0b40] activating connection: mach=true listener=false peer=false name=com.apple.linkd.autoShortcut
2026-09-09 19:15:01.626 Df PeachCommander[3894:3ca1] [com.apple.dt.xctest:Default] notify_get_state check indicated test daemon not ready.
2026-09-09 19:15:01.626 E  PeachCommander[3894:3ca5] [com.apple.appintents:Connection] Unable to get synchronousRemoteObjectProxy, error: Error Domain=NSCocoaErrorDomain Code=4097 "connection to service named com.apple.linkd.autoShortcut" UserInfo={NSDebugDescription=connection to service named com.apple.linkd.autoShortcut}
2026-09-09 19:15:01.626 E  PeachCommander[3894:3ca5] [com.apple.AppKit:Application] Error registering app with intents framework: Error Domain=NSCocoaErrorDomain Code=4097 UserInfo={NSDebugDescription=<private>}
2026-09-09 19:15:01.626 Df PeachCommander[3894:3ca4] [com.apple.appintents:Connection] Activated connection to linkd (ApplicationService)
2026-09-09 19:15:01.626 Df PeachCommander[3894:3ca4] [com.apple.xpc:connection] [0xcbacc0a00] Connection returned listener port: 0x6c03
2026-09-09 19:15:01.627 Df PeachCommander[3894:3ca7] [com.apple.xpc:connection] [0xcbacc0b40] Re-initialization successful; calling out to event handler with XPC_ERROR_CONNECTION_INTERRUPTED
2026-09-09 19:15:01.627 Df PeachCommander[3894:3ca7] [com.apple.appintents:Connection] Process Instance Registry XPC connection has been interrupted
2026-09-09 19:15:01.627 Df PeachCommander[3894:3ca7] [com.apple.appintents:Connection] Created a new Process Instance Registry XPC connection (inactive)
2026-09-09 19:15:01.627 A  PeachCommander[3894:3ca7] (AppIntents) appintents:register process
2026-09-09 19:15:01.627 Df PeachCommander[3894:3ca7] [com.apple.appintents:Connection] Created a new Process Instance Registry XPC connection (inactive)
2026-09-09 19:15:01.627 Df PeachCommander[3894:3ca7] [com.apple.xpc:connection] [0xcbacc12c0] activating connection: mach=true listener=false peer=false name=com.apple.linkd.autoShortcut
2026-09-09 19:15:01.627 E  PeachCommander[3894:3ca4] [com.apple.appintents:Connection] Unable to get synchronousRemoteObjectProxy, error: Error Domain=NSCocoaErrorDomain Code=4097 "connection to service named com.apple.linkd.autoShortcut" UserInfo={NSDebugDescription=connection to service named com.apple.linkd.autoShortcut}
2026-09-09 19:15:01.627 E  PeachCommander[3894:3ca4] [com.apple.appintents:Connection] Unable to re-register with Process Instance Registry, error: Error Domain=NSCocoaErrorDomain Code=4097 "connection to service named com.apple.linkd.autoShortcut" UserInfo={NSDebugDescription=connection to service named com.apple.linkd.autoShortcut}
2026-09-09 19:15:01.627 Df PeachCommander[3894:3ca7] [com.apple.appintents:Connection] Activated connection to linkd (ApplicationService)
2026-09-09 19:15:01.627 Df PeachCommander[3894:3ca7] [com.apple.xpc:connection] [0xcbacc0a00] Connection returned listener port: 0x6c03
2026-09-09 19:15:01.628 Df PeachCommander[3894:3ca5] [com.apple.xpc:connection] [0xcbacc12c0] Re-initialization successful; calling out to event handler with XPC_ERROR_CONNECTION_INTERRUPTED
2026-09-09 19:15:01.628 Df PeachCommander[3894:3ca5] [com.apple.appintents:Connection] Process Instance Registry XPC connection has been interrupted
2026-09-09 19:15:01.628 E  PeachCommander[3894:3ca7] [com.apple.appintents:Connection] Unable to get synchronousRemoteObjectProxy, error: Error Domain=NSCocoaErrorDomain Code=4097 "connection to service named com.apple.linkd.autoShortcut" UserInfo={NSDebugDescription=connection to service named com.apple.linkd.autoShortcut}
2026-09-09 19:15:01.628 E  PeachCommander[3894:3ca7] [com.apple.appintents:Connection] Unable to re-register with Process Instance Registry, error: Error Domain=NSCocoaErrorDomain Code=4097 "connection to service named com.apple.linkd.autoShortcut" UserInfo={NSDebugDescription=connection to service named com.apple.linkd.autoShortcut}
2026-09-09 19:15:01.629 Df PeachCommander[3894:3ca5] [com.apple.appintents:Connection] Created a new Process Instance Registry XPC connection (inactive)
2026-09-09 19:15:01.629 A  PeachCommander[3894:3ca5] (AppIntents) appintents:register process
2026-09-09 19:15:01.629 A  PeachCommander[3894:3ca1] (CoreFoundation) Loading Preferences From System CFPrefsD
2026-09-09 19:15:01.629 Df PeachCommander[3894:3ca5] [com.apple.appintents:Connection] Created a new Process Instance Registry XPC connection (inactive)
2026-09-09 19:15:01.629 Df PeachCommander[3894:3ca5] [com.apple.xpc:connection] [0xcbacc1540] activating connection: mach=true listener=false peer=false name=com.apple.linkd.autoShortcut
2026-09-09 19:15:01.629 Df PeachCommander[3894:3ca5] [com.apple.appintents:Connection] Activated connection to linkd (ApplicationService)
2026-09-09 19:15:01.629 Df PeachCommander[3894:3ca5] [com.apple.xpc:connection] [0xcbacc0a00] Connection returned listener port: 0x6c03
2026-09-09 19:15:01.630 Df PeachCommander[3894:3ca7] [com.apple.xpc:connection] [0xcbacc1540] Re-initialization successful; calling out to event handler with XPC_ERROR_CONNECTION_INTERRUPTED
2026-09-09 19:15:01.630 Df PeachCommander[3894:3ca7] [com.apple.appintents:Connection] Process Instance Registry XPC connection has been interrupted
2026-09-09 19:15:01.630 E  PeachCommander[3894:3ca7] [com.apple.appintents:Connection] Will NOT re-try to establish the connection
2026-09-09 19:15:01.630 E  PeachCommander[3894:3ca5] [com.apple.appintents:Connection] Unable to get synchronousRemoteObjectProxy, error: Error Domain=NSCocoaErrorDomain Code=4097 "connection to service named com.apple.linkd.autoShortcut" UserInfo={NSDebugDescription=connection to service named com.apple.linkd.autoShortcut}
2026-09-09 19:15:01.630 E  PeachCommander[3894:3ca5] [com.apple.appintents:Connection] Unable to re-register with Process Instance Registry, error: Error Domain=NSCocoaErrorDomain Code=4097 "connection to service named com.apple.linkd.autoShortcut" UserInfo={NSDebugDescription=connection to service named com.apple.linkd.autoShortcut}
2026-09-09 19:15:01.630 Df PeachCommander[3894:3ca1] (libMobileGestalt.dylib) couldn't load support library
2026-09-09 19:15:01.630 Df PeachCommander[3894:3ca1] (libMobileGestalt.dylib) called dummy function!
2026-09-09 19:15:01.630 I  PeachCommander[3894:3ca1] [com.apple.GenerativeModels:availability] Current availability state: unavailable, use cases: com.apple.WritingTools, language: <any>, api: <private>
2026-09-09 19:15:01.630 Df PeachCommander[3894:3ca1] [com.apple.GenerativeModels:availability] registering darwin observer for name: com.apple.gms.availability.notification
2026-09-09 19:15:01.630 Df PeachCommander[3894:3ca1] [com.apple.GenerativeModels:availability] registering darwin observer for name: com.apple.os-eligibility-domain.change.greymatter
2026-09-09 19:15:01.630 Df PeachCommander[3894:3ca1] [com.apple.GenerativeModels:availability] registering darwin observer for name: com.apple.language.changed
2026-09-09 19:15:01.630 Df PeachCommander[3894:3ca1] [com.apple.WritingTools:Default] isAvailable value changed: isMDMAllowed = true, gmAvailable (current) = false
2026-09-09 19:15:01.632 I  PeachCommander[3894:3ca1] [com.apple.CoreAnalytics:client] Dropping "com.apple.appkit.app_config" as it isn't used in any transform (not in the config or budgeted?)
2026-09-09 19:15:01.635 Df PeachCommander[3894:3ca1] [com.apple.AppKit:Appearance] NSApp cache appearance:
-NSRequiresAquaSystemAppearance: 0
-appearance: (null)
-effectiveAppearance: <NSCompositeAppearance: 0xcbb034500
 (
    "<NSAquaAppearance: 0xcbb0346e0>",
    "<NSSystemAppearance: 0xcbb0345a0>"
)>
2026-09-09 19:15:01.637 A  PeachCommander[3894:3ca1] (CoreFoundation) Loading Preferences From User CFPrefsD
2026-09-09 19:15:01.637 A  PeachCommander[3894:3ca1] (CoreFoundation) Loading Preferences From User CFPrefsD
2026-09-09 19:15:01.640 A  PeachCommander[3894:3ca4] (libsystem_info.dylib) Membership API: translate identifier
2026-09-09 19:15:01.643 I  PeachCommander[3894:3ca1] [com.apple.CoreAnalytics:client] Dropping "com.apple.appkit.app_config" as it isn't used in any transform (not in the config or budgeted?)
2026-09-09 19:15:01.643 I  PeachCommander[3894:3ca1] [com.apple.CoreAnalytics:client] Dropping "com.apple.appkit.app_config" as it isn't used in any transform (not in the config or budgeted?)
2026-09-09 19:15:01.645 Df PeachCommander[3894:3ca7] [com.apple.xpc:connection] [0xcbacc1a40] activating connection: mach=true listener=false peer=false name=com.apple.dock.fullscreen
2026-09-09 19:15:01.646 Df PeachCommander[3894:3ca1] [com.apple.xpc:connection] [0xcbacc1b80] activating connection: mach=true listener=false peer=false name=com.apple.fonts
2026-09-09 19:15:01.648 I  PeachCommander[3894:3ca1] [com.apple.launchservices:cas] information in shared memory for 0x0-0x47047 with seed 533 was still valid, so using cached info { "ApplicationType"="Foreground", "BuildMachineOSBuild"="25E246", "BundleIdentifierLowerCase"="com.peachcommander.app", "CFBundleDevelopmentRegion"="en", "CFBundleDocumentTypes"=( { "CFBundleTypeName"="Peach Commander Plugin Package", "CFBundleTypeRole"="Viewer", "LSHandlerRank"="Owner", "LSItemContentTypes"=( "com.peachcommander.plugin-package") }), "CFBundleExecutable"="PeachCommander", "CFBundleExecutablePath"="/Users/admin/pc-test/PeachCommander.app/Contents/MacOS/PeachCommander", "CFBundleExecutablePathDeviceID"=16777229, "CFBundleExecutablePathINode"=487885, "CFBundleHelpBookFolder"="PeachCommander.help", "CFBundleHelpBookName"="Peach Commander Help", "CFBundleIconFile"="AppIcon", "CFBundleIconName"="AppIcon", "CFBundleIdentifier"="com.peachcommander.app", "CFBundleInfoDictionaryVersion"="6.0", "CFBundleName"="PeachCommander", "CFBundleNameLowerCase"="peachcommander", "CFBundleNumericVersion"=402685952, "CFBundlePackageType"="APPL", "CFBundleShortVersionString"="0.9.0", "CFBun<…>
2026-09-09 19:15:01.648 I  PeachCommander[3894:3ca1] [com.apple.CoreAnalytics:client] Dropping "com.apple.appkit.app_config" as it isn't used in any transform (not in the config or budgeted?)
2026-09-09 19:15:01.648 Df PeachCommander[3894:3ca1] [com.apple.AppKit:AutomaticTermination] -[NSApplication(NSAppssassination) _checkForAutomaticTerminationSupportPossiblyEnablingIt]_block_invoke Enabling automatic termination support.
2026-09-09 19:15:01.648 Df PeachCommander[3894:3ca1] [com.apple.xpc:connection] [0xcbacc0f00] activating connection: mach=true listener=false peer=false name=com.apple.appkit.restoration_storage
2026-09-09 19:15:01.649 I  PeachCommander[3894:3ca1] [com.apple.launchservices:cas] information in shared memory for 0x0-0x47047 with seed 533 was still valid, so using cached info { "ApplicationType"="Foreground", "BuildMachineOSBuild"="25E246", "BundleIdentifierLowerCase"="com.peachcommander.app", "CFBundleDevelopmentRegion"="en", "CFBundleDocumentTypes"=( { "CFBundleTypeName"="Peach Commander Plugin Package", "CFBundleTypeRole"="Viewer", "LSHandlerRank"="Owner", "LSItemContentTypes"=( "com.peachcommander.plugin-package") }), "CFBundleExecutable"="PeachCommander", "CFBundleExecutablePath"="/Users/admin/pc-test/PeachCommander.app/Contents/MacOS/PeachCommander", "CFBundleExecutablePathDeviceID"=16777229, "CFBundleExecutablePathINode"=487885, "CFBundleHelpBookFolder"="PeachCommander.help", "CFBundleHelpBookName"="Peach Commander Help", "CFBundleIconFile"="AppIcon", "CFBundleIconName"="AppIcon", "CFBundleIdentifier"="com.peachcommander.app", "CFBundleInfoDictionaryVersion"="6.0", "CFBundleName"="PeachCommander", "CFBundleNameLowerCase"="peachcommander", "CFBundleNumericVersion"=402685952, "CFBundlePackageType"="APPL", "CFBundleShortVersionString"="0.9.0", "CFBun<…>
2026-09-09 19:15:01.649 Df PeachCommander[3894:3ca1] [com.apple.xpc:connection] [0xcbacc1040] activating connection: mach=true listener=false peer=false name=com.apple.coreservices.appleevents
2026-09-09 19:15:01.649 I  PeachCommander[3894:3ca1] [com.apple.appleevents:main] _AEGetRegisteredMachPort() created default port (port:64515/0xfc03 rcv:1 send:1 limit:5) and registered it with server
2026-09-09 19:15:01.649 Df PeachCommander[3894:3ca1] [com.apple.xpc:connection] [0xcbacc0280] Connection returned listener port: 0x4203
2026-09-09 19:15:01.649 I  PeachCommander[3894:3ca1] [com.apple.launchservices:cas] information in shared memory for 0x0-0x47047 with seed 533 was still valid, so using cached info { "ApplicationType"="Foreground", "BuildMachineOSBuild"="25E246", "BundleIdentifierLowerCase"="com.peachcommander.app", "CFBundleDevelopmentRegion"="en", "CFBundleDocumentTypes"=( { "CFBundleTypeName"="Peach Commander Plugin Package", "CFBundleTypeRole"="Viewer", "LSHandlerRank"="Owner", "LSItemContentTypes"=( "com.peachcommander.plugin-package") }), "CFBundleExecutable"="PeachCommander", "CFBundleExecutablePath"="/Users/admin/pc-test/PeachCommander.app/Contents/MacOS/PeachCommander", "CFBundleExecutablePathDeviceID"=16777229, "CFBundleExecutablePathINode"=487885, "CFBundleHelpBookFolder"="PeachCommander.help", "CFBundleHelpBookName"="Peach Commander Help", "CFBundleIconFile"="AppIcon", "CFBundleIconName"="AppIcon", "CFBundleIdentifier"="com.peachcommander.app", "CFBundleInfoDictionaryVersion"="6.0", "CFBundleName"="PeachCommander", "CFBundleNameLowerCase"="peachcommander", "CFBundleNumericVersion"=402685952, "CFBundlePackageType"="APPL", "CFBundleShortVersionString"="0.9.0", "CFBun<…>
2026-09-09 19:15:01.649 Df PeachCommander[3894:3ca1] [com.apple.processmanager:front-35286506] SignalReady: pid=3894 asn=0x0-0x47047
2026-09-09 19:15:01.649 Df PeachCommander[3894:3ca1] [com.apple.processmanager:front-35286506] SIGNAL: pid=3894 asn=0x0x-0x47047
2026-09-09 19:15:01.649 I  PeachCommander[3894:3ca1] [com.apple.appleevents:main] aeGenerateFakeFirstOAPPEventIfNecessary()
2026-09-09 19:15:01.649 I  PeachCommander[3894:3ca1] [com.apple.appleevents:main] aeGenerateFakeFirstOAPPEventIfNecessary(), needToCreateFakeOAPPEventIfFirstEvent == true
2026-09-09 19:15:01.649 I  PeachCommander[3894:3ca1] [com.apple.launchservices:cas] Removing cached information for app [ 0x0-0x47047]  "PeachCommander", as its seed is different from that in shared memory ( 533 vs 535)
2026-09-09 19:15:01.650 I  PeachCommander[3894:3ca1] [com.apple.CFPasteboard:entry] CopyData('DefaultAsciiKeyboardLayoutPasteboard' (<CFUUID 0xcbb1d42a0> F4846509-2C3B-4C7F-A606-179A87CCA1C4) gen: -1 item: 1264739405 flavor: 'DefaultAsciiKeyboardLayoutFlavor')
2026-09-09 19:15:01.650 I  PeachCommander[3894:3ca1] [com.apple.CFPasteboard:cache] Rebuilding cache for 'DefaultAsciiKeyboardLayoutPasteboard' (<CFUUID 0xcbb1d42a0> F4846509-2C3B-4C7F-A606-179A87CCA1C4)
2026-09-09 19:15:01.650 I  PeachCommander[3894:3ca1] [com.apple.CFPasteboard:exit] (not-in-cache) - result: -8 generation: 0 null data flags: 0
2026-09-09 19:15:01.650 A  PeachCommander[3894:3ca1] (CoreFoundation) Loading Preferences From User CFPrefsD
2026-09-09 19:15:01.650 A  PeachCommander[3894:3ca1] (CoreFoundation) Loading Preferences From System CFPrefsD
2026-09-09 19:15:01.651 I  PeachCommander[3894:3ca1] [com.apple.CFPasteboard:entry] CopyData('AppleIntlFileCacheModificationDatePasteboard' (<CFUUID 0xcbb1d52e0> E2BA1810-FD03-4061-BF44-9584DDBDD422) gen: -1 item: 1 flavor: '-32766 1768845414')
2026-09-09 19:15:01.651 I  PeachCommander[3894:3ca1] [com.apple.CFPasteboard:cache] Rebuilding cache for 'AppleIntlFileCacheModificationDatePasteboard' (<CFUUID 0xcbb1d52e0> E2BA1810-FD03-4061-BF44-9584DDBDD422)
2026-09-09 19:15:01.651 I  PeachCommander[3894:3ca1] [com.apple.CFPasteboard:general] Will request data from daemon
2026-09-09 19:15:01.651 I  PeachCommander[3894:3ca1] [com.apple.CFPasteboard:exit] (not-in-cache) - result: 0 generation: 1 data (310 bytes) flags: 0
2026-09-09 19:15:01.651 I  PeachCommander[3894:3ca1] [com.apple.CFPasteboard:entry] CopyData('AppleIntlFileCacheModificationDatePasteboard' (<CFUUID 0xcbb1d52e0> E2BA1810-FD03-4061-BF44-9584DDBDD422) gen: -1 item: 1 flavor: '-32765 1802264953')
2026-09-09 19:15:01.651 I  PeachCommander[3894:3ca1] [com.apple.CFPasteboard:general] Will request data from daemon
2026-09-09 19:15:01.651 I  PeachCommander[3894:3ca1] [com.apple.CFPasteboard:exit] (not-in-cache) - result: 0 generation: 1 data (306 bytes) flags: 0
2026-09-09 19:15:01.651 I  PeachCommander[3894:3ca1] [com.apple.CFPasteboard:entry] CopyData('AppleIntlFileCacheModificationDatePasteboard' (<CFUUID 0xcbb1d52e0> E2BA1810-FD03-4061-BF44-9584DDBDD422) gen: -1 item: 1 flavor: '-32764 1802264953')
2026-09-09 19:15:01.651 I  PeachCommander[3894:3ca1] [com.apple.CFPasteboard:general] Will request data from daemon
2026-09-09 19:15:01.651 I  PeachCommander[3894:3ca1] [com.apple.CFPasteboard:exit] (not-in-cache) - result: 0 generation: 1 data (281 bytes) flags: 0
2026-09-09 19:15:01.651 I  PeachCommander[3894:3ca1] [com.apple.CFPasteboard:entry] CopyData('AppleIntlFileCacheModificationDatePasteboard' (<CFUUID 0xcbb1d52e0> E2BA1810-FD03-4061-BF44-9584DDBDD422) gen: -1 item: 1 flavor: '-32763 1802264953')
2026-09-09 19:15:01.651 I  PeachCommander[3894:3ca1] [com.apple.CFPasteboard:general] Will request data from daemon
2026-09-09 19:15:01.651 I  PeachCommander[3894:3ca1] [com.apple.CFPasteboard:exit] (not-in-cache) - result: 0 generation: 1 data (318 bytes) flags: 0
2026-09-09 19:15:01.651 I  PeachCommander[3894:3ca1] [com.apple.CFPasteboard:entry] CopyData('AppleIntlFileCacheModificationDatePasteboard' (<CFUUID 0xcbb1d52e0> E2BA1810-FD03-4061-BF44-9584DDBDD422) gen: -1 item: 1 flavor: '-32765 1768845414')
2026-09-09 19:15:01.651 I  PeachCommander[3894:3ca1] [com.apple.CFPasteboard:general] Will request data from daemon
2026-09-09 19:15:01.651 I  PeachCommander[3894:3ca1] [com.apple.CFPasteboard:exit] (not-in-cache) - result: 0 generation: 1 data (303 bytes) flags: 0
2026-09-09 19:15:01.651 I  PeachCommander[3894:3ca1] [com.apple.CFPasteboard:entry] CopyData('AppleIntlFileCacheModificationDatePasteboard' (<CFUUID 0xcbb1d52e0> E2BA1810-FD03-4061-BF44-9584DDBDD422) gen: -1 item: 1 flavor: '-32763 1768845414')
2026-09-09 19:15:01.651 I  PeachCommander[3894:3ca1] [com.apple.CFPasteboard:general] Will request data from daemon
2026-09-09 19:15:01.651 I  PeachCommander[3894:3ca1] [com.apple.CFPasteboard:exit] (not-in-cache) - result: 0 generation: 1 data (315 bytes) flags: 0
2026-09-09 19:15:01.652 I  PeachCommander[3894:3ca1] [com.apple.launchservices:cas] information in shared memory for 0x0-0x47047 with seed 535 was still valid, so using cached info { "ApplicationType"="Foreground", "BuildMachineOSBuild"="25E246", "BundleIdentifierLowerCase"="com.peachcommander.app", "CFBundleDevelopmentRegion"="en", "CFBundleDocumentTypes"=( { "CFBundleTypeName"="Peach Commander Plugin Package", "CFBundleTypeRole"="Viewer", "LSHandlerRank"="Owner", "LSItemContentTypes"=( "com.peachcommander.plugin-package") }), "CFBundleExecutable"="PeachCommander", "CFBundleExecutablePath"="/Users/admin/pc-test/PeachCommander.app/Contents/MacOS/PeachCommander", "CFBundleExecutablePathDeviceID"=16777229, "CFBundleExecutablePathINode"=487885, "CFBundleHelpBookFolder"="PeachCommander.help", "CFBundleHelpBookName"="Peach Commander Help", "CFBundleIconFile"="AppIcon", "CFBundleIconName"="AppIcon", "CFBundleIdentifier"="com.peachcommander.app", "CFBundleInfoDictionaryVersion"="6.0", "CFBundleName"="PeachCommander", "CFBundleNameLowerCase"="peachcommander", "CFBundleNumericVersion"=402685952, "CFBundlePackageType"="APPL", "CFBundleShortVersionString"="0.9.0", "CFBun<…>
2026-09-09 19:15:01.652 Df PeachCommander[3894:3ca1] [com.apple.xpc:connection] [0xcbacc1e00] activating connection: mach=false listener=false peer=false name=com.apple.ViewBridgeAuxiliary
2026-09-09 19:15:01.657 Df PeachCommander[3894:3ca1] [com.apple.xpc:connection] [0xcbacc1cc0] activating connection: mach=false listener=false peer=false name=(anonymous)
2026-09-09 19:15:01.657 Df PeachCommander[3894:3ca1] [com.apple.xpc:connection] [0xcbacc1f40] activating connection: mach=false listener=true peer=false name=(anonymous)
2026-09-09 19:15:01.657 Df PeachCommander[3894:3ca1] [com.apple.xpc:connection] [0xcbacc1f40] Connection returned listener port: 0xb903
2026-09-09 19:15:01.657 Df PeachCommander[3894:3ca1] [com.apple.xpc:connection] [0xcbacc1e00] invalidated after the last release of the connection object
2026-09-09 19:15:01.657 I  PeachCommander[3894:3ca1] [com.apple.runningboard:assertion] Acquiring assertion: <RBSAssertionDescriptor| "AppNap adapter assertion" ID:(null) target:3894>
2026-09-09 19:15:01.660 I  PeachCommander[3894:3ca1] [com.apple.showhide:pr-59900543] SHOWHIDE: SHOW id=72 0x0-0x47047, err=0 eventTime=205426511833 windowID=0
2026-09-09 19:15:01.660 I  PeachCommander[3894:3ca1] [com.apple.CarbonCore:coreservicesdaemon] findOrCreateCacheable():findOrCreateCacheable(), factoryName=3 cacheableName=<private> fCacheables.size()=0
2026-09-09 19:15:01.660 I  PeachCommander[3894:3ca1] [com.apple.CarbonCore:coreservicesdaemon] findOrCreateCacheable():findOrCreateCacheable(), result = 0xcbaf16440 (should be non-NULL)
2026-09-09 19:15:01.660 Df PeachCommander[3894:3ca1] [com.apple.AppKit:AutomaticTermination] void _NSDisableAutomaticTerminationAndLog(NSString *) Restoring windows
2026-09-09 19:15:01.660 Df PeachCommander[3894:3ca1] [com.apple.AppKit:StateRestoration] -[NSApplication _reopenWindowsAsNecessaryIncludingRestorableState:withFullFidelity:completionHandler:] shouldRestoreState=1 hasPersistentStateToRestore=0 shouldStillRestoreStateAfterPrompting=0
2026-09-09 19:15:01.660 Df PeachCommander[3894:3ca1] [com.apple.xpc:connection] [0xcbacc1e00] activating connection: mach=true listener=false peer=false name=com.apple.window_proxies
2026-09-09 19:15:01.660 Df PeachCommander[3894:3ca1] [com.apple.xpc:connection] [0xcbacc1e00] invalidated because the current process cancelled the connection by calling xpc_connection_cancel()
2026-09-09 19:15:01.660 I  PeachCommander[3894:3ca1] [com.apple.SkyLight:processes] 0[outside of RPC]: SLSSetFrontProcessWithInfo(0x0-0x2 window=0 options=0x1
2026-09-09 19:15:01.660 I  PeachCommander[3894:3ca1] [com.apple.CoreAnalytics:client] Dropping "com.apple.appkit.app_config" as it isn't used in any transform (not in the config or budgeted?)
2026-09-09 19:15:01.660 Df PeachCommander[3894:3ca1] [com.apple.AppKit:AutomaticTermination] void _NSEnableAutomaticTerminationAndLog(NSString *) Restoring windows
2026-09-09 19:15:01.663 I  PeachCommander[3894:3ca1] [com.apple.CoreAnalytics:client] Dropping "com.apple.appkit.app_config" as it isn't used in any transform (not in the config or budgeted?)
2026-09-09 19:15:01.663 I  PeachCommander[3894:3ca1] [com.apple.CoreAnalytics:client] Dropping "com.apple.appkit.app_config" as it isn't used in any transform (not in the config or budgeted?)
2026-09-09 19:15:01.672 A  PeachCommander[3894:3ca1] (CoreFoundation) Loading Preferences From User CFPrefsD
2026-09-09 19:15:01.678 I  PeachCommander[3894:3ca1] [com.peachcommander:PCFoundation] VolumeManager initialized
2026-09-09 19:15:01.694 Df PeachCommander[3894:3ca1] [com.apple.BoardServices:XPCErrors] [C:1] Alloc <private>
2026-09-09 19:15:01.694 Df PeachCommander[3894:3ca1] [com.apple.xpc:connection] [0xcbafe9180] activating connection: mach=false listener=false peer=false name=(anonymous)
2026-09-09 19:15:01.695 A  PeachCommander[3894:3ca5] (RunningBoardServices) didChangeInheritances
2026-09-09 19:15:01.696 I  PeachCommander[3894:3ca1] [com.apple.AppKit:Window] context (0 -> 60ccb98d) for window 9f
2026-09-09 19:15:01.697 Df PeachCommander[3894:3ca7] [com.apple.corespotlight:index] (<private>) deleteSearchableItemsWithDomainIdentifiers, protectionClass:(null), domainIdentifiers number:1
2026-09-09 19:15:01.697 A  PeachCommander[3894:3ca7] (CoreSpotlight) delete-domains
2026-09-09 19:15:01.697 I  PeachCommander[3894:3ca1] [com.peachcommander:PCFoundation] MainWindowController initialized (config: <private>)
2026-09-09 19:15:01.697 Df PeachCommander[3894:3ca7] [com.apple.corespotlight:index] CSInlineDonation:<private>: Skipping donation (feature flag disabled)
2026-09-09 19:15:01.697 Df PeachCommander[3894:3ca7] (CoreSpotlight) sConnectionName: com.apple.spotlight.IndexAgent
2026-09-09 19:15:01.697 Df PeachCommander[3894:3ca7] (CoreSpotlight) Start service name com.apple.spotlight.IndexAgent
2026-09-09 19:15:01.697 Df PeachCommander[3894:3ca7] [com.apple.xpc:connection] [0xcbafe9400] activating connection: mach=true listener=false peer=false name=com.apple.spotlight.IndexAgent
2026-09-09 19:15:01.697 I  PeachCommander[3894:3ca1] [com.peachcommander:PCFoundation] SelectionState initialized
2026-09-09 19:15:01.697 I  PeachCommander[3894:3ca1] [com.peachcommander:PCFoundation] DirectoryModel initialized
2026-09-09 19:15:01.697 I  PeachCommander[3894:3ca1] [com.peachcommander:PCFoundation] VolumeManager initialized
2026-09-09 19:15:01.697 I  PeachCommander[3894:3ca1] [com.peachcommander:PCFoundation] PanelController initialized for <private> panel
2026-09-09 19:15:01.698 I  PeachCommander[3894:3ca1] [com.peachcommander:PCFoundation] SelectionState initialized
2026-09-09 19:15:01.698 I  PeachCommander[3894:3ca1] [com.peachcommander:PCFoundation] DirectoryModel initialized
2026-09-09 19:15:01.698 I  PeachCommander[3894:3ca1] [com.peachcommander:PCFoundation] VolumeManager initialized
2026-09-09 19:15:01.698 I  PeachCommander[3894:3ca1] [com.peachcommander:PCFoundation] PanelController initialized for <private> panel
2026-09-09 19:15:01.701 I  PeachCommander[3894:3ca1] [com.apple.AppKit:Animation] Running new animation: <private>
2026-09-09 19:15:01.701 I  PeachCommander[3894:3ca1] [com.apple.AppKit:Animation] Running new animation: <private>
2026-09-09 19:15:01.701 I  PeachCommander[3894:3ca1] [com.apple.AppKit:Animation] Running new animation: <private>
2026-09-09 19:15:01.701 I  PeachCommander[3894:3ca1] [com.apple.AppKit:Animation] Running new animation: <private>
2026-09-09 19:15:01.701 I  PeachCommander[3894:3ca1] [com.apple.AppKit:Animation] Running new animation: <private>
2026-09-09 19:15:01.703 I  PeachCommander[3894:3ca1] [com.apple.AppKit:Animation] Running new animation: <private>
2026-09-09 19:15:01.703 I  PeachCommander[3894:3ca1] [com.apple.AppKit:Animation] Running new animation: <private>
2026-09-09 19:15:01.703 I  PeachCommander[3894:3ca1] [com.apple.AppKit:Animation] Running new animation: <private>
2026-09-09 19:15:01.703 I  PeachCommander[3894:3ca1] [com.apple.AppKit:Animation] Running new animation: <private>
2026-09-09 19:15:01.703 I  PeachCommander[3894:3ca1] [com.apple.AppKit:Animation] Running new animation: <private>
2026-09-09 19:15:01.709 I  PeachCommander[3894:3ca1] [com.apple.CoreAnalytics:client] Dropping "com.apple.appkit.app_config" as it isn't used in any transform (not in the config or budgeted?)
2026-09-09 19:15:01.711 I  PeachCommander[3894:3ca1] [com.apple.CoreAnalytics:client] Dropping "com.apple.appkit.app_config" as it isn't used in any transform (not in the config or budgeted?)
2026-09-09 19:15:01.718 Df PeachCommander[3894:3ca1] [com.apple.xpc:connection] [0xcba5f1680] activating connection: mach=true listener=false peer=false name=com.apple.iconservices
2026-09-09 19:15:01.719 Df PeachCommander[3894:3ca1] [com.apple.xpc:connection] [0xcba5f17c0] activating connection: mach=true listener=false peer=false name=com.apple.iconservices.store
2026-09-09 19:15:01.719 I  PeachCommander[3894:3ca1] [com.peachcommander:Theme] no user themes in /Users/admin/pc-cfg/themes
2026-09-09 19:15:01.719 Df PeachCommander[3894:3ca1] [com.apple.AppKit:Appearance] Invalidate NSApp effectiveAppearance
2026-09-09 19:15:01.719 Df PeachCommander[3894:3ca1] [com.apple.AppKit:Appearance] NSApp cache appearance:
-NSRequiresAquaSystemAppearance: 0
-appearance: <NSCompositeAppearance: 0xcbb0359a0
 (
    "<NSDarkAquaAppearance: 0xcbb035a40>",
    "<NSSystemAppearance: 0xcbb0345a0>"
)>
-effectiveAppearance: <NSCompositeAppearance: 0xcbb0359a0
 (
    "<NSDarkAquaAppearance: 0xcbb035a40>",
    "<NSSystemAppearance: 0xcbb0345a0>"
)>
2026-09-09 19:15:01.721 I  PeachCommander[3894:3ca1] [com.peachcommander:PCFoundation] Theme applied: id=system, appearance=dark, dark=true, background=#333333
2026-09-09 19:15:01.748 I  PeachCommander[3894:3ca1] [com.apple.AppKit:Image] ISImage reported a placeholder, image rep is providing a placeholder image for <private>
2026-09-09 19:15:01.748 I  PeachCommander[3894:3ca1] [com.apple.AppKit:Image] ISImage reported a placeholder, image rep is providing a placeholder image for <private>
2026-09-09 19:15:01.748 I  PeachCommander[3894:3ca1] [com.apple.CoreAnalytics:client] Dropping "com.apple.appkit.app_config" as it isn't used in any transform (not in the config or budgeted?)
2026-09-09 19:15:01.748 I  PeachCommander[3894:3ca5] [com.apple.iconservices:foundation] layer data size zero
2026-09-09 19:15:01.749 I  PeachCommander[3894:3ca7] [com.apple.iconservices:foundation] layer data size zero
2026-09-09 19:15:01.752 I  PeachCommander[3894:3ca1] [com.peachcommander:PCFoundation] Keymap loaded: scheme=<private>, 82 effective bindings
2026-09-09 19:15:01.754 I  PeachCommander[3894:3ca1] [com.apple.AppKit:Animation] Running new animation: <private>
2026-09-09 19:15:01.754 I  PeachCommander[3894:3ca1] [com.apple.AppKit:Animation] Running new animation: <private>
2026-09-09 19:15:01.754 I  PeachCommander[3894:3ca1] [com.apple.AppKit:Animation] Running new animation: <private>
2026-09-09 19:15:01.754 I  PeachCommander[3894:3ca1] [com.apple.AppKit:Animation] Running new animation: <private>
2026-09-09 19:15:01.754 I  PeachCommander[3894:3ca1] [com.apple.AppKit:Animation] Running new animation: <private>
2026-09-09 19:15:01.754 I  PeachCommander[3894:3ca1] [com.apple.AppKit:Animation] Running new animation: <private>
2026-09-09 19:15:01.754 I  PeachCommander[3894:3ca1] [com.apple.AppKit:Animation] Running new animation: <private>
2026-09-09 19:15:01.754 I  PeachCommander[3894:3ca1] [com.apple.AppKit:Animation] Running new animation: <private>
2026-09-09 19:15:01.754 I  PeachCommander[3894:3ca1] [com.apple.AppKit:Animation] Running new animation: <private>
2026-09-09 19:15:01.754 I  PeachCommander[3894:3ca1] [com.apple.AppKit:Animation] Running new animation: <private>
2026-09-09 19:15:01.756 I  PeachCommander[3894:3ca1] [com.apple.CoreAnalytics:client] Dropping "<private>" as it isn't used in any transform (not in the config or budgeted?)
2026-09-09 19:15:01.757 I  PeachCommander[3894:3ca1] [com.apple.CoreAnalytics:client] Dropping "<private>" as it isn't used in any transform (not in the config or budgeted?)
2026-09-09 19:15:01.757 I  PeachCommander[3894:3ca1] [com.apple.CoreAnalytics:client] Dropping "<private>" as it isn't used in any transform (not in the config or budgeted?)
2026-09-09 19:15:01.757 I  PeachCommander[3894:3ca1] [com.peachcommander:PCFoundation] MainWindowController window loaded
2026-09-09 19:15:01.757 I  PeachCommander[3894:3ca1] [com.apple.launchservices:cas] information in shared memory for 0x0-0x47047 with seed 535 was still valid, so using cached info { "ApplicationType"="Foreground", "BuildMachineOSBuild"="25E246", "BundleIdentifierLowerCase"="com.peachcommander.app", "CFBundleDevelopmentRegion"="en", "CFBundleDocumentTypes"=( { "CFBundleTypeName"="Peach Commander Plugin Package", "CFBundleTypeRole"="Viewer", "LSHandlerRank"="Owner", "LSItemContentTypes"=( "com.peachcommander.plugin-package") }), "CFBundleExecutable"="PeachCommander", "CFBundleExecutablePath"="/Users/admin/pc-test/PeachCommander.app/Contents/MacOS/PeachCommander", "CFBundleExecutablePathDeviceID"=16777229, "CFBundleExecutablePathINode"=487885, "CFBundleHelpBookFolder"="PeachCommander.help", "CFBundleHelpBookName"="Peach Commander Help", "CFBundleIconFile"="AppIcon", "CFBundleIconName"="AppIcon", "CFBundleIdentifier"="com.peachcommander.app", "CFBundleInfoDictionaryVersion"="6.0", "CFBundleName"="PeachCommander", "CFBundleNameLowerCase"="peachcommander", "CFBundleNumericVersion"=402685952, "CFBundlePackageType"="APPL", "CFBundleShortVersionString"="0.9.0", "CFBun<…>
2026-09-09 19:15:01.758 I  PeachCommander[3894:3ca1] [com.apple.launchservices:cas] information in shared memory for 0x0-0x47047 with seed 535 was still valid, so using cached info { "ApplicationType"="Foreground", "BuildMachineOSBuild"="25E246", "BundleIdentifierLowerCase"="com.peachcommander.app", "CFBundleDevelopmentRegion"="en", "CFBundleDocumentTypes"=( { "CFBundleTypeName"="Peach Commander Plugin Package", "CFBundleTypeRole"="Viewer", "LSHandlerRank"="Owner", "LSItemContentTypes"=( "com.peachcommander.plugin-package") }), "CFBundleExecutable"="PeachCommander", "CFBundleExecutablePath"="/Users/admin/pc-test/PeachCommander.app/Contents/MacOS/PeachCommander", "CFBundleExecutablePathDeviceID"=16777229, "CFBundleExecutablePathINode"=487885, "CFBundleHelpBookFolder"="PeachCommander.help", "CFBundleHelpBookName"="Peach Commander Help", "CFBundleIconFile"="AppIcon", "CFBundleIconName"="AppIcon", "CFBundleIdentifier"="com.peachcommander.app", "CFBundleInfoDictionaryVersion"="6.0", "CFBundleName"="PeachCommander", "CFBundleNameLowerCase"="peachcommander", "CFBundleNumericVersion"=402685952, "CFBundlePackageType"="APPL", "CFBundleShortVersionString"="0.9.0", "CFBun<…>
2026-09-09 19:15:01.759 I  PeachCommander[3894:3ca1] [com.apple.AppKit:Image] ISImage reported a placeholder, image rep is providing a placeholder image for <private>
2026-09-09 19:15:01.759 I  PeachCommander[3894:3ca1] [com.apple.AppKit:Image] ISImage reported a placeholder, image rep is providing a placeholder image for <private>
2026-09-09 19:15:01.767 I  PeachCommander[3894:3ca1] [com.apple.AppKit:Window] order window front conditionally: 9f related: 0
2026-09-09 19:15:01.767 Df PeachCommander[3894:3ca1] [com.apple.AppKit:AutomaticTermination] void _NSEnableAutomaticTerminationAndLog(NSString *) No windows open yet
2026-09-09 19:15:01.768 I  PeachCommander[3894:3ca1] [com.apple.AppKit:Intelligence] starting collection observation
2026-09-09 19:15:01.768 Df PeachCommander[3894:3ca8] [com.apple.UIIntelligenceSupport:xpc] establishing connection to agent
2026-09-09 19:15:01.768 Df PeachCommander[3894:3ca8] [com.apple.xpc:session] [0xcb9c92580] Session created.
2026-09-09 19:15:01.768 Df PeachCommander[3894:3ca8] [com.apple.xpc:session] [0xcb9c92580] Session created from connection [0xcba5f2580]
2026-09-09 19:15:01.768 Df PeachCommander[3894:3ca8] [com.apple.xpc:connection] [0xcba5f2580] activating connection: mach=true listener=false peer=false name=com.apple.uiintelligencesupport.agent
2026-09-09 19:15:01.768 Df PeachCommander[3894:3ca8] [com.apple.xpc:session] [0xcb9c92580] Session activated
2026-09-09 19:15:01.768 I  PeachCommander[3894:3ca1] [com.apple.SkyLight:processes] 0[outside of RPC]: SLSSetFrontProcessWithInfo(0x0-0x2 window=0 options=0x1
2026-09-09 19:15:01.768 Df PeachCommander[3894:3ca5] [com.apple.UIIntelligenceSupport:xpc] Connection established with agent PID: 1128
2026-09-09 19:15:01.769 I  PeachCommander[3894:3ca1] [com.apple.launchservices:cas] information in shared memory for 0x0-0x47047 with seed 535 was still valid, so using cached info { "ApplicationType"="Foreground", "BuildMachineOSBuild"="25E246", "BundleIdentifierLowerCase"="com.peachcommander.app", "CFBundleDevelopmentRegion"="en", "CFBundleDocumentTypes"=( { "CFBundleTypeName"="Peach Commander Plugin Package", "CFBundleTypeRole"="Viewer", "LSHandlerRank"="Owner", "LSItemContentTypes"=( "com.peachcommander.plugin-package") }), "CFBundleExecutable"="PeachCommander", "CFBundleExecutablePath"="/Users/admin/pc-test/PeachCommander.app/Contents/MacOS/PeachCommander", "CFBundleExecutablePathDeviceID"=16777229, "CFBundleExecutablePathINode"=487885, "CFBundleHelpBookFolder"="PeachCommander.help", "CFBundleHelpBookName"="Peach Commander Help", "CFBundleIconFile"="AppIcon", "CFBundleIconName"="AppIcon", "CFBundleIdentifier"="com.peachcommander.app", "CFBundleInfoDictionaryVersion"="6.0", "CFBundleName"="PeachCommander", "CFBundleNameLowerCase"="peachcommander", "CFBundleNumericVersion"=402685952, "CFBundlePackageType"="APPL", "CFBundleShortVersionString"="0.9.0", "CFBun<…>
2026-09-09 19:15:01.769 Df PeachCommander[3894:3ca1] [com.apple.xpc:connection] [0xcba5f26c0] activating connection: mach=true listener=false peer=false name=com.apple.FileCoordination
2026-09-09 19:15:01.769 Df PeachCommander[3894:3ca5] [com.apple.foundation.filecoordination:presenter] Adding presenter EAA3DF24-FF00-4711-AC15-01397F4DDB09 for URL: <private>
2026-09-09 19:15:01.769 I  PeachCommander[3894:3ca1] [com.apple.launchservices:cas] information in shared memory for 0x0-0x47047 with seed 535 was still valid, so using cached info { "ApplicationType"="Foreground", "BuildMachineOSBuild"="25E246", "BundleIdentifierLowerCase"="com.peachcommander.app", "CFBundleDevelopmentRegion"="en", "CFBundleDocumentTypes"=( { "CFBundleTypeName"="Peach Commander Plugin Package", "CFBundleTypeRole"="Viewer", "LSHandlerRank"="Owner", "LSItemContentTypes"=( "com.peachcommander.plugin-package") }), "CFBundleExecutable"="PeachCommander", "CFBundleExecutablePath"="/Users/admin/pc-test/PeachCommander.app/Contents/MacOS/PeachCommander", "CFBundleExecutablePathDeviceID"=16777229, "CFBundleExecutablePathINode"=487885, "CFBundleHelpBookFolder"="PeachCommander.help", "CFBundleHelpBookName"="Peach Commander Help", "CFBundleIconFile"="AppIcon", "CFBundleIconName"="AppIcon", "CFBundleIdentifier"="com.peachcommander.app", "CFBundleInfoDictionaryVersion"="6.0", "CFBundleName"="PeachCommander", "CFBundleNameLowerCase"="peachcommander", "CFBundleNumericVersion"=402685952, "CFBundlePackageType"="APPL", "CFBundleShortVersionString"="0.9.0", "CFBun<…>
2026-09-09 19:15:01.772 I  PeachCommander[3894:3ca1] [com.apple.AppKit:Window] order all windows front 205426511833
2026-09-09 19:15:01.772 I  PeachCommander[3894:3ca1] [com.apple.launchservices:cas] information in shared memory for 0x0-0x47047 with seed 535 was still valid, so using cached info { "ApplicationType"="Foreground", "BuildMachineOSBuild"="25E246", "BundleIdentifierLowerCase"="com.peachcommander.app", "CFBundleDevelopmentRegion"="en", "CFBundleDocumentTypes"=( { "CFBundleTypeName"="Peach Commander Plugin Package", "CFBundleTypeRole"="Viewer", "LSHandlerRank"="Owner", "LSItemContentTypes"=( "com.peachcommander.plugin-package") }), "CFBundleExecutable"="PeachCommander", "CFBundleExecutablePath"="/Users/admin/pc-test/PeachCommander.app/Contents/MacOS/PeachCommander", "CFBundleExecutablePathDeviceID"=16777229, "CFBundleExecutablePathINode"=487885, "CFBundleHelpBookFolder"="PeachCommander.help", "CFBundleHelpBookName"="Peach Commander Help", "CFBundleIconFile"="AppIcon", "CFBundleIconName"="AppIcon", "CFBundleIdentifier"="com.peachcommander.app", "CFBundleInfoDictionaryVersion"="6.0", "CFBundleName"="PeachCommander", "CFBundleNameLowerCase"="peachcommander", "CFBundleNumericVersion"=402685952, "CFBundlePackageType"="APPL", "CFBundleShortVersionString"="0.9.0", "CFBun<…>
2026-09-09 19:15:01.772 I  PeachCommander[3894:3ca1] [com.apple.showhide:pr-59900543] SHOWHIDE: CONFIRM, id=72, err=0
2026-09-09 19:15:01.772 I  PeachCommander[3894:3ca1] [com.apple.AppKit:Window] context (0 -> 1e2340c3) for window 9e
2026-09-09 19:15:01.772 I  PeachCommander[3894:3ca1] [com.apple.AppKit:Window] context (0 -> 9670034b) for window 9d
2026-09-09 19:15:01.772 I  PeachCommander[3894:3ca1] [com.apple.AppKit:Window] context (0 -> f3f6b65a) for window 9c
2026-09-09 19:15:01.772 I  PeachCommander[3894:3ca1] [com.apple.AppKit:Window] context (0 -> 82a279e0) for window 9b
2026-09-09 19:15:01.798 Df PeachCommander[3894:3ca1] [com.apple.AppKit:AutomaticTermination] void _updateToReflectAutomaticTerminationState(void) Setting _kLSApplicationWouldBeTerminatedByTALKey=0
2026-09-09 19:15:01.800 I  PeachCommander[3894:3ca1] [com.apple.AppKit:Image] ISImage reported a placeholder, image rep is providing a placeholder image for <private>
2026-09-09 19:15:01.800 I  PeachCommander[3894:3ca1] [com.apple.AppKit:Image] ISImage reported a placeholder, image rep is providing a placeholder image for <private>
2026-09-09 19:15:01.800 I  PeachCommander[3894:3ca1] [com.apple.AppKit:Image] ISImage reported a placeholder, image rep is providing a placeholder image for <private>
2026-09-09 19:15:01.800 I  PeachCommander[3894:3ca1] [com.apple.AppKit:Image] ISImage reported a placeholder, image rep is providing a placeholder image for <private>
2026-09-09 19:15:01.800 I  PeachCommander[3894:3ca1] [com.apple.AppKit:Image] ISImage reported a placeholder, image rep is providing a placeholder image for <private>
2026-09-09 19:15:01.800 I  PeachCommander[3894:3ca1] [com.apple.AppKit:Image] ISImage reported a placeholder, image rep is providing a placeholder image for <private>
2026-09-09 19:15:01.833 A  PeachCommander[3894:3ca4] (RunningBoardServices) didChangeInheritances
2026-09-09 19:15:01.858 Df PeachCommander[3894:3ca1] [com.apple.libsystem.libdispatch:] DEPRECATED USE in libdispatch client: dispatch source activated with no event handler set; set a breakpoint on _dispatch_bug_deprecated to debug
2026-09-09 19:15:01.925 I  PeachCommander[3894:3ca1] [com.apple.AppKit:Image] ISImage reported a placeholder, image rep is providing a placeholder image for <private>
2026-09-09 19:15:01.925 I  PeachCommander[3894:3ca1] [com.apple.AppKit:Image] ISImage reported a placeholder, image rep is providing a placeholder image for <private>
2026-09-09 19:15:01.925 I  PeachCommander[3894:3ca1] [com.apple.AppKit:Image] ISImage reported a placeholder, image rep is providing a placeholder image for <private>
2026-09-09 19:15:01.932 I  PeachCommander[3894:3ca1] [com.apple.AppKit:Image] ISImage reported a placeholder, image rep is providing a placeholder image for <private>
2026-09-09 19:15:01.932 I  PeachCommander[3894:3ca1] [com.apple.AppKit:Image] ISImage reported a placeholder, image rep is providing a placeholder image for <private>
2026-09-09 19:15:01.936 I  PeachCommander[3894:3ca1] [com.apple.AppKit:Image] ISImage reported a placeholder, image rep is providing a placeholder image for <private>
2026-09-09 19:15:01.936 I  PeachCommander[3894:3ca1] [com.apple.AppKit:Image] ISImage reported a placeholder, image rep is providing a placeholder image for <private>
2026-09-09 19:15:01.938 I  PeachCommander[3894:3ca1] [com.apple.AppKit:Image] ISImage reported a placeholder, image rep is providing a placeholder image for <private>
2026-09-09 19:15:01.938 I  PeachCommander[3894:3ca1] [com.apple.AppKit:Image] ISImage reported a placeholder, image rep is providing a placeholder image for <private>
2026-09-09 19:15:01.984 I  PeachCommander[3894:3ca1] [com.apple.AppKit:Image] ISImage reported a placeholder, image rep is providing a placeholder image for <private>
2026-09-09 19:15:01.985 A  PeachCommander[3894:3ca8] (CoreFoundation) Loading Preferences From System CFPrefsD
2026-09-09 19:15:01.988 I  PeachCommander[3894:3ca1] [com.apple.AppKit:Image] ISImage reported a placeholder, image rep is providing a placeholder image for <private>
2026-09-09 19:15:01.989 I  PeachCommander[3894:3ca1] [com.apple.AppKit:Image] ISImage reported a placeholder, image rep is providing a placeholder image for <private>
2026-09-09 19:15:01.989 I  PeachCommander[3894:3ca1] [com.apple.AppKit:Image] ISImage reported a placeholder, image rep is providing a placeholder image for <private>
2026-09-09 19:15:01.990 I  PeachCommander[3894:3ca1] [com.apple.AppKit:Image] ISImage reported a placeholder, image rep is providing a placeholder image for <private>
2026-09-09 19:15:01.990 I  PeachCommander[3894:3ca1] [com.apple.AppKit:Image] ISImage reported a placeholder, image rep is providing a placeholder image for <private>
2026-09-09 19:15:01.991 I  PeachCommander[3894:3ca1] [com.apple.AppKit:Image] ISImage reported a placeholder, image rep is providing a placeholder image for <private>
2026-09-09 19:15:01.991 I  PeachCommander[3894:3ca1] [com.apple.AppKit:Image] ISImage reported a placeholder, image rep is providing a placeholder image for <private>
2026-09-09 19:15:01.992 I  PeachCommander[3894:3ca1] [com.apple.AppKit:Image] ISImage reported a placeholder, image rep is providing a placeholder image for <private>
2026-09-09 19:15:01.993 I  PeachCommander[3894:3ca1] [com.apple.AppKit:Image] ISImage reported a placeholder, image rep is providing a placeholder image for <private>
2026-09-09 19:15:01.994 I  PeachCommander[3894:3ca1] [com.apple.AppKit:Image] ISImage reported a placeholder, image rep is providing a placeholder image for <private>
2026-09-09 19:15:01.994 I  PeachCommander[3894:3ca1] [com.apple.AppKit:Image] ISImage reported a placeholder, image rep is providing a placeholder image for <private>
2026-09-09 19:15:01.995 I  PeachCommander[3894:3ca1] [com.apple.AppKit:Image] ISImage reported a placeholder, image rep is providing a placeholder image for <private>
2026-09-09 19:15:01.995 I  PeachCommander[3894:3ca1] [com.apple.AppKit:Image] ISImage reported a placeholder, image rep is providing a placeholder image for <private>
2026-09-09 19:15:01.996 I  PeachCommander[3894:3ca1] [com.apple.AppKit:Image] ISImage reported a placeholder, image rep is providing a placeholder image for <private>
2026-09-09 19:15:01.996 I  PeachCommander[3894:3ca1] [com.apple.AppKit:Image] ISImage reported a placeholder, image rep is providing a placeholder image for <private>
2026-09-09 19:15:01.997 I  PeachCommander[3894:3ca1] [com.apple.AppKit:Image] ISImage reported a placeholder, image rep is providing a placeholder image for <private>
2026-09-09 19:15:01.997 I  PeachCommander[3894:3ca1] [com.apple.AppKit:Image] ISImage reported a placeholder, image rep is providing a placeholder image for <private>
2026-09-09 19:15:01.998 I  PeachCommander[3894:3ca1] [com.apple.AppKit:Image] ISImage reported a placeholder, image rep is providing a placeholder image for <private>
2026-09-09 19:15:01.998 I  PeachCommander[3894:3ca1] [com.apple.AppKit:Image] ISImage reported a placeholder, image rep is providing a placeholder image for <private>
2026-09-09 19:15:01.999 I  PeachCommander[3894:3ca1] [com.apple.AppKit:Image] ISImage reported a placeholder, image rep is providing a placeholder image for <private>
2026-09-09 19:15:01.999 I  PeachCommander[3894:3ca1] [com.apple.AppKit:Image] ISImage reported a placeholder, image rep is providing a placeholder image for <private>
2026-09-09 19:15:02.000 I  PeachCommander[3894:3ca1] [com.apple.AppKit:Image] ISImage reported a placeholder, image rep is providing a placeholder image for <private>
2026-09-09 19:15:02.000 I  PeachCommander[3894:3ca1] [com.apple.AppKit:Image] ISImage reported a placeholder, image rep is providing a placeholder image for <private>
2026-09-09 19:15:02.001 I  PeachCommander[3894:3ca1] [com.apple.AppKit:Image] ISImage reported a placeholder, image rep is providing a placeholder image for <private>
2026-09-09 19:15:02.001 I  PeachCommander[3894:3ca1] [com.apple.AppKit:Image] ISImage reported a placeholder, image rep is providing a placeholder image for <private>
2026-09-09 19:15:02.002 I  PeachCommander[3894:3ca1] [com.apple.AppKit:Image] ISImage reported a placeholder, image rep is providing a placeholder image for <private>
2026-09-09 19:15:02.002 I  PeachCommander[3894:3ca1] [com.apple.AppKit:Image] ISImage reported a placeholder, image rep is providing a placeholder image for <private>
2026-09-09 19:15:02.003 I  PeachCommander[3894:3ca1] [com.apple.AppKit:Image] ISImage reported a placeholder, image rep is providing a placeholder image for <private>
2026-09-09 19:15:02.003 I  PeachCommander[3894:3ca1] [com.apple.AppKit:Image] ISImage reported a placeholder, image rep is providing a placeholder image for <private>
2026-09-09 19:15:02.004 I  PeachCommander[3894:3ca1] [com.apple.AppKit:Image] ISImage reported a placeholder, image rep is providing a placeholder image for <private>
2026-09-09 19:15:02.005 I  PeachCommander[3894:3ca1] [com.apple.AppKit:Image] ISImage reported a placeholder, image rep is providing a placeholder image for <private>
2026-09-09 19:15:02.006 I  PeachCommander[3894:3ca1] [com.apple.AppKit:Image] ISImage reported a placeholder, image rep is providing a placeholder image for <private>
2026-09-09 19:15:02.006 I  PeachCommander[3894:3ca1] [com.apple.AppKit:Image] ISImage reported a placeholder, image rep is providing a placeholder image for <private>
2026-09-09 19:15:02.007 I  PeachCommander[3894:3ca1] [com.apple.AppKit:Image] ISImage reported a placeholder, image rep is providing a placeholder image for <private>
2026-09-09 19:15:02.007 I  PeachCommander[3894:3ca1] [com.apple.AppKit:Image] ISImage reported a placeholder, image rep is providing a placeholder image for <private>
2026-09-09 19:15:02.008 I  PeachCommander[3894:3ca1] [com.apple.AppKit:Image] ISImage reported a placeholder, image rep is providing a placeholder image for <private>
2026-09-09 19:15:02.008 I  PeachCommander[3894:3ca1] [com.apple.AppKit:Image] ISImage reported a placeholder, image rep is providing a placeholder image for <private>
2026-09-09 19:15:02.009 I  PeachCommander[3894:3ca1] [com.apple.AppKit:Image] ISImage reported a placeholder, image rep is providing a placeholder image for <private>
2026-09-09 19:15:02.009 I  PeachCommander[3894:3ca1] [com.apple.AppKit:Image] ISImage reported a placeholder, image rep is providing a placeholder image for <private>
2026-09-09 19:15:02.010 I  PeachCommander[3894:3ca1] [com.apple.AppKit:Image] ISImage reported a placeholder, image rep is providing a placeholder image for <private>
2026-09-09 19:15:02.010 I  PeachCommander[3894:3ca1] [com.apple.AppKit:Image] ISImage reported a placeholder, image rep is providing a placeholder image for <private>
2026-09-09 19:15:02.012 I  PeachCommander[3894:3ca1] [com.apple.AppKit:Image] ISImage reported a placeholder, image rep is providing a placeholder image for <private>
2026-09-09 19:15:02.012 I  PeachCommander[3894:3ca1] [com.apple.AppKit:Image] ISImage reported a placeholder, image rep is providing a placeholder image for <private>
2026-09-09 19:15:02.013 I  PeachCommander[3894:3ca1] [com.apple.AppKit:Image] ISImage reported a placeholder, image rep is providing a placeholder image for <private>
2026-09-09 19:15:02.013 I  PeachCommander[3894:3ca1] [com.apple.AppKit:Image] ISImage reported a placeholder, image rep is providing a placeholder image for <private>
2026-09-09 19:15:02.014 I  PeachCommander[3894:3ca1] [com.apple.AppKit:Image] ISImage reported a placeholder, image rep is providing a placeholder image for <private>
2026-09-09 19:15:02.014 I  PeachCommander[3894:3ca1] [com.apple.AppKit:Image] ISImage reported a placeholder, image rep is providing a placeholder image for <private>
2026-09-09 19:15:02.015 I  PeachCommander[3894:3ca1] [com.apple.AppKit:Image] ISImage reported a placeholder, image rep is providing a placeholder image for <private>
2026-09-09 19:15:02.015 I  PeachCommander[3894:3ca1] [com.apple.AppKit:Image] ISImage reported a placeholder, image rep is providing a placeholder image for <private>
2026-09-09 19:15:02.016 I  PeachCommander[3894:3ca1] [com.apple.AppKit:Image] ISImage reported a placeholder, image rep is providing a placeholder image for <private>
2026-09-09 19:15:02.016 I  PeachCommander[3894:3ca1] [com.apple.AppKit:Image] ISImage reported a placeholder, image rep is providing a placeholder image for <private>
2026-09-09 19:15:02.017 I  PeachCommander[3894:3ca1] [com.apple.AppKit:Image] ISImage reported a placeholder, image rep is providing a placeholder image for <private>
2026-09-09 19:15:02.018 I  PeachCommander[3894:3ca1] [com.apple.AppKit:Image] ISImage reported a placeholder, image rep is providing a placeholder image for <private>
2026-09-09 19:15:02.019 I  PeachCommander[3894:3ca1] [com.apple.AppKit:Image] ISImage reported a placeholder, image rep is providing a placeholder image for <private>
2026-09-09 19:15:02.019 I  PeachCommander[3894:3ca1] [com.apple.AppKit:Image] ISImage reported a placeholder, image rep is providing a placeholder image for <private>
2026-09-09 19:15:02.033 I  PeachCommander[3894:3ca1] [com.apple.AppKit:Image] ISImage reported a placeholder, image rep is providing a placeholder image for <private>
2026-09-09 19:15:02.033 I  PeachCommander[3894:3ca1] [com.apple.AppKit:Image] ISImage reported a placeholder, image rep is providing a placeholder image for <private>
2026-09-09 19:15:02.034 I  PeachCommander[3894:3ca1] [com.apple.AppKit:Image] ISImage reported a placeholder, image rep is providing a placeholder image for <private>
2026-09-09 19:15:02.034 I  PeachCommander[3894:3ca1] [com.apple.AppKit:Image] ISImage reported a placeholder, image rep is providing a placeholder image for <private>
2026-09-09 19:15:02.035 I  PeachCommander[3894:3ca1] [com.apple.AppKit:Image] ISImage reported a placeholder, image rep is providing a placeholder image for <private>
2026-09-09 19:15:02.035 I  PeachCommander[3894:3ca1] [com.apple.AppKit:Image] ISImage reported a placeholder, image rep is providing a placeholder image for <private>
2026-09-09 19:15:02.036 I  PeachCommander[3894:3ca1] [com.apple.AppKit:Image] ISImage reported a placeholder, image rep is providing a placeholder image for <private>
2026-09-09 19:15:02.036 I  PeachCommander[3894:3ca1] [com.apple.AppKit:Image] ISImage reported a placeholder, image rep is providing a placeholder image for <private>
2026-09-09 19:15:02.037 I  PeachCommander[3894:3ca1] [com.apple.AppKit:Image] ISImage reported a placeholder, image rep is providing a placeholder image for <private>
2026-09-09 19:15:02.037 I  PeachCommander[3894:3ca1] [com.apple.AppKit:Image] ISImage reported a placeholder, image rep is providing a placeholder image for <private>
2026-09-09 19:15:02.039 I  PeachCommander[3894:3ca1] [com.apple.AppKit:Image] ISImage reported a placeholder, image rep is providing a placeholder image for <private>
2026-09-09 19:15:02.039 I  PeachCommander[3894:3ca1] [com.apple.AppKit:Image] ISImage reported a placeholder, image rep is providing a placeholder image for <private>
2026-09-09 19:15:02.040 I  PeachCommander[3894:3ca1] [com.apple.AppKit:Image] ISImage reported a placeholder, image rep is providing a placeholder image for <private>
2026-09-09 19:15:02.040 I  PeachCommander[3894:3ca1] [com.apple.AppKit:Image] ISImage reported a placeholder, image rep is providing a placeholder image for <private>
2026-09-09 19:15:02.041 I  PeachCommander[3894:3ca1] [com.apple.AppKit:Image] ISImage reported a placeholder, image rep is providing a placeholder image for <private>
2026-09-09 19:15:02.041 I  PeachCommander[3894:3ca1] [com.apple.AppKit:Image] ISImage reported a placeholder, image rep is providing a placeholder image for <private>
2026-09-09 19:15:02.043 I  PeachCommander[3894:3ca1] [com.apple.AppKit:Image] ISImage reported a placeholder, image rep is providing a placeholder image for <private>
2026-09-09 19:15:02.043 I  PeachCommander[3894:3ca1] [com.apple.AppKit:Image] ISImage reported a placeholder, image rep is providing a placeholder image for <private>
2026-09-09 19:15:02.044 I  PeachCommander[3894:3ca1] [com.apple.AppKit:Image] ISImage reported a placeholder, image rep is providing a placeholder image for <private>
2026-09-09 19:15:02.044 I  PeachCommander[3894:3ca1] [com.apple.AppKit:Image] ISImage reported a placeholder, image rep is providing a placeholder image for <private>
2026-09-09 19:15:02.046 I  PeachCommander[3894:3ca1] [com.apple.AppKit:Image] ISImage reported a placeholder, image rep is providing a placeholder image for <private>
2026-09-09 19:15:02.046 I  PeachCommander[3894:3ca1] [com.apple.AppKit:Image] ISImage reported a placeholder, image rep is providing a placeholder image for <private>
2026-09-09 19:15:02.047 I  PeachCommander[3894:3ca1] [com.apple.AppKit:Image] ISImage reported a placeholder, image rep is providing a placeholder image for <private>
2026-09-09 19:15:02.047 I  PeachCommander[3894:3ca1] [com.apple.AppKit:Image] ISImage reported a placeholder, image rep is providing a placeholder image for <private>
2026-09-09 19:15:02.048 I  PeachCommander[3894:3ca1] [com.apple.AppKit:Image] ISImage reported a placeholder, image rep is providing a placeholder image for <private>
2026-09-09 19:15:02.048 I  PeachCommander[3894:3ca1] [com.apple.AppKit:Image] ISImage reported a placeholder, image rep is providing a placeholder image for <private>
2026-09-09 19:15:02.050 I  PeachCommander[3894:3ca1] [com.apple.AppKit:Image] ISImage reported a placeholder, image rep is providing a placeholder image for <private>
2026-09-09 19:15:02.050 I  PeachCommander[3894:3ca1] [com.apple.AppKit:Image] ISImage reported a placeholder, image rep is providing a placeholder image for <private>
2026-09-09 19:15:02.051 I  PeachCommander[3894:3ca1] [com.apple.AppKit:Image] ISImage reported a placeholder, image rep is providing a placeholder image for <private>
2026-09-09 19:15:02.051 I  PeachCommander[3894:3ca1] [com.apple.AppKit:Image] ISImage reported a placeholder, image rep is providing a placeholder image for <private>
2026-09-09 19:15:02.052 I  PeachCommander[3894:3ca1] [com.apple.AppKit:Image] ISImage reported a placeholder, image rep is providing a placeholder image for <private>
2026-09-09 19:15:02.052 I  PeachCommander[3894:3ca1] [com.apple.AppKit:Image] ISImage reported a placeholder, image rep is providing a placeholder image for <private>
2026-09-09 19:15:02.053 I  PeachCommander[3894:3ca1] [com.apple.AppKit:Image] ISImage reported a placeholder, image rep is providing a placeholder image for <private>
2026-09-09 19:15:02.053 I  PeachCommander[3894:3ca1] [com.apple.AppKit:Image] ISImage reported a placeholder, image rep is providing a placeholder image for <private>
2026-09-09 19:15:02.054 I  PeachCommander[3894:3ca1] [com.apple.AppKit:Image] ISImage reported a placeholder, image rep is providing a placeholder image for <private>
2026-09-09 19:15:02.054 I  PeachCommander[3894:3ca1] [com.apple.AppKit:Image] ISImage reported a placeholder, image rep is providing a placeholder image for <private>
2026-09-09 19:15:02.055 I  PeachCommander[3894:3ca1] [com.apple.AppKit:Image] ISImage reported a placeholder, image rep is providing a placeholder image for <private>
2026-09-09 19:15:02.055 I  PeachCommander[3894:3ca1] [com.apple.AppKit:Image] ISImage reported a placeholder, image rep is providing a placeholder image for <private>
2026-09-09 19:15:02.057 I  PeachCommander[3894:3ca1] [com.apple.AppKit:Image] ISImage reported a placeholder, image rep is providing a placeholder image for <private>
2026-09-09 19:15:02.057 I  PeachCommander[3894:3ca1] [com.apple.AppKit:Image] ISImage reported a placeholder, image rep is providing a placeholder image for <private>
2026-09-09 19:15:02.058 I  PeachCommander[3894:3ca1] [com.apple.AppKit:Image] ISImage reported a placeholder, image rep is providing a placeholder image for <private>
2026-09-09 19:15:02.058 I  PeachCommander[3894:3ca1] [com.apple.AppKit:Image] ISImage reported a placeholder, image rep is providing a placeholder image for <private>
2026-09-09 19:15:02.059 I  PeachCommander[3894:3ca1] [com.apple.AppKit:Image] ISImage reported a placeholder, image rep is providing a placeholder image for <private>
2026-09-09 19:15:02.059 I  PeachCommander[3894:3ca1] [com.apple.AppKit:Image] ISImage reported a placeholder, image rep is providing a placeholder image for <private>
2026-09-09 19:15:02.060 I  PeachCommander[3894:3ca1] [com.apple.AppKit:Image] ISImage reported a placeholder, image rep is providing a placeholder image for <private>
2026-09-09 19:15:02.060 I  PeachCommander[3894:3ca1] [com.apple.AppKit:Image] ISImage reported a placeholder, image rep is providing a placeholder image for <private>
2026-09-09 19:15:02.061 I  PeachCommander[3894:3ca1] [com.apple.AppKit:Image] ISImage reported a placeholder, image rep is providing a placeholder image for <private>
2026-09-09 19:15:02.061 I  PeachCommander[3894:3ca1] [com.apple.AppKit:Image] ISImage reported a placeholder, image rep is providing a placeholder image for <private>
2026-09-09 19:15:02.062 I  PeachCommander[3894:3ca1] [com.apple.AppKit:Image] ISImage reported a placeholder, image rep is providing a placeholder image for <private>
2026-09-09 19:15:02.062 I  PeachCommander[3894:3ca1] [com.apple.AppKit:Image] ISImage reported a placeholder, image rep is providing a placeholder image for <private>
2026-09-09 19:15:02.063 I  PeachCommander[3894:3ca1] [com.apple.AppKit:Image] ISImage reported a placeholder, image rep is providing a placeholder image for <private>
2026-09-09 19:15:02.063 I  PeachCommander[3894:3ca1] [com.apple.AppKit:Image] ISImage reported a placeholder, image rep is providing a placeholder image for <private>
2026-09-09 19:15:02.064 I  PeachCommander[3894:3ca1] [com.apple.AppKit:Image] ISImage reported a placeholder, image rep is providing a placeholder image for <private>
2026-09-09 19:15:02.064 I  PeachCommander[3894:3ca1] [com.apple.AppKit:Image] ISImage reported a placeholder, image rep is providing a placeholder image for <private>
2026-09-09 19:15:02.153 I  PeachCommander[3894:3ca1] [com.apple.iconservices:foundation] layer data size zero
2026-09-09 19:15:02.154 A  PeachCommander[3894:3ca1] (CoreFoundation) Loading Preferences From User CFPrefsD
2026-09-09 19:15:02.154 I  PeachCommander[3894:3ca1] [com.apple.CoreAnalytics:client] Dropping "com.apple.ImageIO.readerSelection" as it isn't used in any transform (not in the config or budgeted?)
2026-09-09 19:15:02.173 I  PeachCommander[3894:3ca1] [com.apple.coreanimation:Utilities] IOSurface Compression Enabled: NO
2026-09-09 19:15:02.175 Df PeachCommander[3894:3cae] [com.apple.coreanimation:Metal] Precompiled pipelines disabled on unsupported hardware.
2026-09-09 19:15:02.184 I  PeachCommander[3894:3ca1] [com.apple.CarbonCore:gestalt] SetGestaltValuesBulk SetGestaltValuesBulk( count=22 tuples=0x18794a650
2026-09-09 19:15:02.184 I  PeachCommander[3894:3ca1] [com.apple.CarbonCore:gestalt] SetGestaltValue SetGestaltValue(alis 1C9) => 0
2026-09-09 19:15:02.184 I  PeachCommander[3894:3ca1] [com.apple.CarbonCore:gestalt] SetGestaltValue SetGestaltValue(os   FE) => 0
2026-09-09 19:15:02.184 I  PeachCommander[3894:3ca1] [com.apple.CarbonCore:gestalt] SetGestaltValue SetGestaltValue(addr 7) => 0
2026-09-09 19:15:02.184 I  PeachCommander[3894:3ca1] [com.apple.CarbonCore:gestalt] SetGestaltValue SetGestaltValue(fs   3D332) => 0
2026-09-09 19:15:02.184 I  PeachCommander[3894:3ca1] [com.apple.CarbonCore:gestalt] SetGestaltValue SetGestaltValue(fold 11) => 0
2026-09-09 19:15:02.184 I  PeachCommander[3894:3ca1] [com.apple.CarbonCore:gestalt] SetGestaltValue SetGestaltValue(lram 7FFFF000) => 0
2026-09-09 19:15:02.184 I  PeachCommander[3894:3ca1] [com.apple.CarbonCore:gestalt] SetGestaltValue SetGestaltValue(mmap 1) => 0
2026-09-09 19:15:02.184 I  PeachCommander[3894:3ca1] [com.apple.CarbonCore:gestalt] SetGestaltValue SetGestaltValue(cfrg 1) => 0
2026-09-09 19:15:02.184 I  PeachCommander[3894:3ca1] [com.apple.CarbonCore:gestalt] SetGestaltValue SetGestaltValue(thds 7) => 0
2026-09-09 19:15:02.184 I  PeachCommander[3894:3ca1] [com.apple.CarbonCore:gestalt] SetGestaltValue SetGestaltValue(tmgr E) => 0
2026-09-09 19:15:02.184 I  PeachCommander[3894:3ca1] [com.apple.CarbonCore:gestalt] SetGestaltValue SetGestaltValue(vers 7) => 0
2026-09-09 19:15:02.184 I  PeachCommander[3894:3ca1] [com.apple.CarbonCore:gestalt] SetGestaltValue SetGestaltValue(cbon 160) => 0
2026-09-09 19:15:02.184 I  PeachCommander[3894:3ca1] [com.apple.CarbonCore:gestalt] SetGestaltValue SetGestaltValue(cltn 1108000) => 0
2026-09-09 19:15:02.184 I  PeachCommander[3894:3ca1] [com.apple.CarbonCore:gestalt] SetGestaltValue SetGestaltValue(cpnt 8) => 0
2026-09-09 19:15:02.184 I  PeachCommander[3894:3ca1] [com.apple.CarbonCore:gestalt] SetGestaltValue SetGestaltValue(rsrc 3) => 0
2026-09-09 19:15:02.184 I  PeachCommander[3894:3ca1] [com.apple.CarbonCore:gestalt] SetGestaltValue SetGestaltValue(rmbg 11F) => 0
2026-09-09 19:15:02.184 I  PeachCommander[3894:3ca1] [com.apple.CarbonCore:gestalt] SetGestaltValue SetGestaltValue(vm   11) => 0
2026-09-09 19:15:02.184 I  PeachCommander[3894:3ca1] [com.apple.CarbonCore:gestalt] SetGestaltValue SetGestaltValue(srad 4170706C) => 0
2026-09-09 19:15:02.184 I  PeachCommander[3894:3ca1] [com.apple.CarbonCore:gestalt] SetGestaltValue SetGestaltValue(sysa 14) => 0
2026-09-09 19:15:02.184 I  PeachCommander[3894:3ca1] [com.apple.CarbonCore:gestalt] SetGestaltValue SetGestaltValue(copl 9) => 0
2026-09-09 19:15:02.184 I  PeachCommander[3894:3ca1] [com.apple.CarbonCore:gestalt] SetGestaltValue SetGestaltValue(xlat 0) => 0
2026-09-09 19:15:02.184 I  PeachCommander[3894:3ca1] [com.apple.CarbonCore:gestalt] SetGestaltValue SetGestaltValue(stdf 0) => 0
2026-09-09 19:15:02.184 I  PeachCommander[3894:3ca1] [com.apple.CarbonCore:gestalt] _NewGestalt _NewGestalt(ram  0x1878c3644) => 0
2026-09-09 19:15:02.184 I  PeachCommander[3894:3ca1] [com.apple.CarbonCore:gestalt] _NewGestalt _NewGestalt(ramm 0x1878c3644) => 0
2026-09-09 19:15:02.184 I  PeachCommander[3894:3ca1] [com.apple.CarbonCore:gestalt] _NewGestalt _NewGestalt(cput 0x1878c3734) => 0
2026-09-09 19:15:02.184 I  PeachCommander[3894:3ca1] [com.apple.CarbonCore:gestalt] _NewGestalt _NewGestalt(cpuf 0x1878c3764) => 0
2026-09-09 19:15:02.184 I  PeachCommander[3894:3ca1] [com.apple.CarbonCore:gestalt] _NewGestalt _NewGestalt(bclk 0x1878c3794) => 0
2026-09-09 19:15:02.184 I  PeachCommander[3894:3ca1] [com.apple.CarbonCore:gestalt] _NewGestalt _NewGestalt(bclm 0x1878c3794) => 0
2026-09-09 19:15:02.184 I  PeachCommander[3894:3ca1] [com.apple.CarbonCore:gestalt] _NewGestalt _NewGestalt(pclk 0x1878c3834) => 0
2026-09-09 19:15:02.184 I  PeachCommander[3894:3ca1] [com.apple.CarbonCore:gestalt] _NewGestalt _NewGestalt(mclk 0x1878c3834) => 0
2026-09-09 19:15:02.184 I  PeachCommander[3894:3ca1] [com.apple.CarbonCore:gestalt] _NewGestalt _NewGestalt(a/ux 0x1878c394c) => 0
2026-09-09 19:15:02.184 I  PeachCommander[3894:3ca1] [com.apple.CarbonCore:gestalt] _NewGestalt _NewGestalt(pgsz 0x1878c3954) => 0
2026-09-09 19:15:02.184 I  PeachCommander[3894:3ca1] [com.apple.CarbonCore:gestalt] _NewGestalt _NewGestalt(csiz 0x1878c3994) => 0
2026-09-09 19:15:02.184 I  PeachCommander[3894:3ca1] [com.apple.CarbonCore:gestalt] _NewGestalt _NewGestalt(sysv 0x18786edfc) => 0
2026-09-09 19:15:02.184 I  PeachCommander[3894:3ca1] [com.apple.CarbonCore:gestalt] _NewGestalt _NewGestalt(sys1 0x18786edfc) => 0
2026-09-09 19:15:02.184 I  PeachCommander[3894:3ca1] [com.apple.CarbonCore:gestalt] _NewGestalt _NewGestalt(sys2 0x18786edfc) => 0
2026-09-09 19:15:02.184 I  PeachCommander[3894:3ca1] [com.apple.CarbonCore:gestalt] _NewGestalt _NewGestalt(sys3 0x18786edfc) => 0
2026-09-09 19:15:02.184 I  PeachCommander[3894:3ca1] [com.apple.CarbonCore:gestalt] _NewGestalt _NewGestalt(cdfl 0x1878c39d4) => 0
2026-09-09 19:15:02.184 I  PeachCommander[3894:3ca1] [com.apple.CarbonCore:gestalt] _NewGestalt _NewGestalt(cdrm 0x1878c3c30) => 0
2026-09-09 19:15:02.184 I  PeachCommander[3894:3ca1] [com.apple.CarbonCore:gestalt] _NewGestalt _NewGestalt(cpus 0x1878c3c78) => 0
2026-09-09 19:15:02.184 I  PeachCommander[3894:3ca1] [com.apple.CarbonCore:gestalt] SetGestaltValue SetGestaltValue(swex 1) => 0
2026-09-09 19:15:02.184 Df PeachCommander[3894:3ca1] [com.apple.xpc:connection] [0xcba5f2a80] activating connection: mach=false listener=false peer=false name=com.apple.hiservices-xpcservice
2026-09-09 19:15:02.185 I  PeachCommander[3894:3ca1] [com.apple.CFPasteboard:entry] CopyData('ApplePerContextInputPasteboard' (<CFUUID 0xcbb96e600> 2D588DCF-5726-4308-A0B5-DEAFAEA8354D) gen: -1 item: 1264739405 flavor: 'ApplePerContextInputFlavor')
2026-09-09 19:15:02.185 I  PeachCommander[3894:3ca1] [com.apple.CFPasteboard:cache] Rebuilding cache for 'ApplePerContextInputPasteboard' (<CFUUID 0xcbb96e600> 2D588DCF-5726-4308-A0B5-DEAFAEA8354D)
2026-09-09 19:15:02.185 I  PeachCommander[3894:3ca1] [com.apple.CFPasteboard:general] Will request data from daemon
2026-09-09 19:15:02.185 I  PeachCommander[3894:3ca1] [com.apple.CFPasteboard:exit] (not-in-cache) - result: 0 generation: 1 data (182 bytes) flags: 0
2026-09-09 19:15:02.185 I  PeachCommander[3894:3ca1] [com.apple.CFPasteboard:entry] CopyData('DefaultAsciiKeyboardLayoutPasteboard' (<CFUUID 0xcbb1d42a0> F4846509-2C3B-4C7F-A606-179A87CCA1C4) gen: -1 item: 1264739405 flavor: 'DefaultAsciiKeyboardLayoutFlavor')
2026-09-09 19:15:02.185 I  PeachCommander[3894:3ca1] [com.apple.CFPasteboard:exit] (not-in-cache) - result: -8 generation: 0 null data flags: 0
2026-09-09 19:15:02.187 A  PeachCommander[3894:3caf] (libsystem_info.dylib) Retrieve Group by ID
2026-09-09 19:15:02.187 I  PeachCommander[3894:3ca1] [com.peachcommander:PCFoundation] Session restored
2026-09-09 19:15:02.187 Df PeachCommander[3894:3ca1] (Foundation) <private>
2026-09-09 19:15:02.187 I  PeachCommander[3894:3ca1] [com.peachcommander:PCFoundation] [automation] running /Users/admin/auto.txt
2026-09-09 19:15:02.187 Df PeachCommander[3894:3ca1] (Foundation) <private>
2026-09-09 19:15:02.187 I  PeachCommander[3894:3ca1] [com.peachcommander:PCFoundation] [automation] > setbool Operation.ConfirmDelete|0
2026-09-09 19:15:02.187 Df PeachCommander[3894:3ca1] (Foundation) <private>
2026-09-09 19:15:02.187 I  PeachCommander[3894:3ca1] [com.peachcommander:PCFoundation] [automation] > wait 400
2026-09-09 19:15:02.198 I  PeachCommander[3894:3ca1] [com.apple.AppKit:Image] ISImage reported a placeholder, image rep is providing a placeholder image for <private>
2026-09-09 19:15:02.198 I  PeachCommander[3894:3ca1] [com.apple.AppKit:Image] ISImage reported a placeholder, image rep is providing a placeholder image for <private>
2026-09-09 19:15:02.199 I  PeachCommander[3894:3ca1] [com.apple.AppKit:Image] ISImage reported a placeholder, image rep is providing a placeholder image for <private>
2026-09-09 19:15:02.200 I  PeachCommander[3894:3ca1] [com.apple.AppKit:Image] ISImage reported a placeholder, image rep is providing a placeholder image for <private>
2026-09-09 19:15:02.200 I  PeachCommander[3894:3ca1] [com.apple.AppKit:Image] ISImage reported a placeholder, image rep is providing a placeholder image for <private>
2026-09-09 19:15:02.201 I  PeachCommander[3894:3ca1] [com.apple.AppKit:Image] ISImage reported a placeholder, image rep is providing a placeholder image for <private>
2026-09-09 19:15:02.202 I  PeachCommander[3894:3ca1] [com.apple.AppKit:Image] ISImage reported a placeholder, image rep is providing a placeholder image for <private>
2026-09-09 19:15:02.202 I  PeachCommander[3894:3ca1] [com.apple.AppKit:Image] ISImage reported a placeholder, image rep is providing a placeholder image for <private>
2026-09-09 19:15:02.203 I  PeachCommander[3894:3ca1] [com.apple.AppKit:Image] ISImage reported a placeholder, image rep is providing a placeholder image for <private>
2026-09-09 19:15:02.204 I  PeachCommander[3894:3ca1] [com.apple.AppKit:Image] ISImage reported a placeholder, image rep is providing a placeholder image for <private>
2026-09-09 19:15:02.204 I  PeachCommander[3894:3ca1] [com.apple.AppKit:Image] ISImage reported a placeholder, image rep is providing a placeholder image for <private>
2026-09-09 19:15:02.205 I  PeachCommander[3894:3ca1] [com.apple.AppKit:Image] ISImage reported a placeholder, image rep is providing a placeholder image for <private>
2026-09-09 19:15:02.207 I  PeachCommander[3894:3ca1] [com.apple.AppKit:Image] ISImage reported a placeholder, image rep is providing a placeholder image for <private>
2026-09-09 19:15:02.207 I  PeachCommander[3894:3ca1] [com.apple.AppKit:Image] ISImage reported a placeholder, image rep is providing a placeholder image for <private>
2026-09-09 19:15:02.209 I  PeachCommander[3894:3ca1] [com.apple.AppKit:Image] ISImage reported a placeholder, image rep is providing a placeholder image for <private>
2026-09-09 19:15:02.209 I  PeachCommander[3894:3ca1] [com.apple.AppKit:Image] ISImage reported a placeholder, image rep is providing a placeholder image for <private>
2026-09-09 19:15:02.210 I  PeachCommander[3894:3ca1] [com.apple.AppKit:Image] ISImage reported a placeholder, image rep is providing a placeholder image for <private>
2026-09-09 19:15:02.211 I  PeachCommander[3894:3ca1] [com.apple.AppKit:Image] ISImage reported a placeholder, image rep is providing a placeholder image for <private>
2026-09-09 19:15:02.211 I  PeachCommander[3894:3ca1] [com.apple.AppKit:Image] ISImage reported a placeholder, image rep is providing a placeholder image for <private>
2026-09-09 19:15:02.212 I  PeachCommander[3894:3ca1] [com.apple.AppKit:Image] ISImage reported a placeholder, image rep is providing a placeholder image for <private>
2026-09-09 19:15:02.213 I  PeachCommander[3894:3ca1] [com.apple.AppKit:Image] ISImage reported a placeholder, image rep is providing a placeholder image for <private>
2026-09-09 19:15:02.213 I  PeachCommander[3894:3ca1] [com.apple.AppKit:Image] ISImage reported a placeholder, image rep is providing a placeholder image for <private>
2026-09-09 19:15:02.214 I  PeachCommander[3894:3ca1] [com.apple.AppKit:Image] ISImage reported a placeholder, image rep is providing a placeholder image for <private>
2026-09-09 19:15:02.214 I  PeachCommander[3894:3ca1] [com.apple.AppKit:Image] ISImage reported a placeholder, image rep is providing a placeholder image for <private>
2026-09-09 19:15:02.215 I  PeachCommander[3894:3ca1] [com.apple.AppKit:Image] ISImage reported a placeholder, image rep is providing a placeholder image for <private>
2026-09-09 19:15:02.216 I  PeachCommander[3894:3ca1] [com.apple.AppKit:Image] ISImage reported a placeholder, image rep is providing a placeholder image for <private>
2026-09-09 19:15:02.216 I  PeachCommander[3894:3ca1] [com.apple.AppKit:Image] ISImage reported a placeholder, image rep is providing a placeholder image for <private>
2026-09-09 19:15:02.218 I  PeachCommander[3894:3ca1] [com.apple.AppKit:Image] ISImage reported a placeholder, image rep is providing a placeholder image for <private>
2026-09-09 19:15:02.218 I  PeachCommander[3894:3ca1] [com.apple.AppKit:Image] ISImage reported a placeholder, image rep is providing a placeholder image for <private>
2026-09-09 19:15:02.219 I  PeachCommander[3894:3ca1] [com.apple.AppKit:Image] ISImage reported a placeholder, image rep is providing a placeholder image for <private>
2026-09-09 19:15:02.219 I  PeachCommander[3894:3ca1] [com.apple.AppKit:Image] ISImage reported a placeholder, image rep is providing a placeholder image for <private>
2026-09-09 19:15:02.220 I  PeachCommander[3894:3ca1] [com.apple.AppKit:Image] ISImage reported a placeholder, image rep is providing a placeholder image for <private>
2026-09-09 19:15:02.220 I  PeachCommander[3894:3ca1] [com.apple.AppKit:Image] ISImage reported a placeholder, image rep is providing a placeholder image for <private>
2026-09-09 19:15:02.221 I  PeachCommander[3894:3ca1] [com.apple.AppKit:Image] ISImage reported a placeholder, image rep is providing a placeholder image for <private>
2026-09-09 19:15:02.221 I  PeachCommander[3894:3ca1] [com.apple.AppKit:Image] ISImage reported a placeholder, image rep is providing a placeholder image for <private>
2026-09-09 19:15:02.222 I  PeachCommander[3894:3ca1] [com.apple.AppKit:Image] ISImage reported a placeholder, image rep is providing a placeholder image for <private>
2026-09-09 19:15:02.222 I  PeachCommander[3894:3ca1] [com.apple.AppKit:Image] ISImage reported a placeholder, image rep is providing a placeholder image for <private>
2026-09-09 19:15:02.223 I  PeachCommander[3894:3ca1] [com.apple.AppKit:Image] ISImage reported a placeholder, image rep is providing a placeholder image for <private>
2026-09-09 19:15:02.223 I  PeachCommander[3894:3ca1] [com.apple.AppKit:Image] ISImage reported a placeholder, image rep is providing a placeholder image for <private>
2026-09-09 19:15:02.224 I  PeachCommander[3894:3ca1] [com.apple.AppKit:Image] ISImage reported a placeholder, image rep is providing a placeholder image for <private>
2026-09-09 19:15:02.224 I  PeachCommander[3894:3ca1] [com.apple.AppKit:Image] ISImage reported a placeholder, image rep is providing a placeholder image for <private>
2026-09-09 19:15:02.225 I  PeachCommander[3894:3ca1] [com.apple.AppKit:Image] ISImage reported a placeholder, image rep is providing a placeholder image for <private>
2026-09-09 19:15:02.225 I  PeachCommander[3894:3ca1] [com.apple.AppKit:Image] ISImage reported a placeholder, image rep is providing a placeholder image for <private>
2026-09-09 19:15:02.227 I  PeachCommander[3894:3ca1] [com.apple.AppKit:Image] ISImage reported a placeholder, image rep is providing a placeholder image for <private>
2026-09-09 19:15:02.227 I  PeachCommander[3894:3ca1] [com.apple.AppKit:Image] ISImage reported a placeholder, image rep is providing a placeholder image for <private>
2026-09-09 19:15:02.228 I  PeachCommander[3894:3ca1] [com.apple.AppKit:Image] ISImage reported a placeholder, image rep is providing a placeholder image for <private>
2026-09-09 19:15:02.228 I  PeachCommander[3894:3ca1] [com.apple.AppKit:Image] ISImage reported a placeholder, image rep is providing a placeholder image for <private>
2026-09-09 19:15:02.229 I  PeachCommander[3894:3ca1] [com.apple.AppKit:Image] ISImage reported a placeholder, image rep is providing a placeholder image for <private>
2026-09-09 19:15:02.229 I  PeachCommander[3894:3ca1] [com.apple.AppKit:Image] ISImage reported a placeholder, image rep is providing a placeholder image for <private>
2026-09-09 19:15:02.230 I  PeachCommander[3894:3ca1] [com.apple.AppKit:Image] ISImage reported a placeholder, image rep is providing a placeholder image for <private>
2026-09-09 19:15:02.230 I  PeachCommander[3894:3ca1] [com.apple.AppKit:Image] ISImage reported a placeholder, image rep is providing a placeholder image for <private>
2026-09-09 19:15:02.231 I  PeachCommander[3894:3ca1] [com.apple.AppKit:Image] ISImage reported a placeholder, image rep is providing a placeholder image for <private>
2026-09-09 19:15:02.231 I  PeachCommander[3894:3ca1] [com.apple.AppKit:Image] ISImage reported a placeholder, image rep is providing a placeholder image for <private>
2026-09-09 19:15:02.232 I  PeachCommander[3894:3ca1] [com.apple.AppKit:Image] ISImage reported a placeholder, image rep is providing a placeholder image for <private>
2026-09-09 19:15:02.232 I  PeachCommander[3894:3ca1] [com.apple.AppKit:Image] ISImage reported a placeholder, image rep is providing a placeholder image for <private>
2026-09-09 19:15:02.233 I  PeachCommander[3894:3ca1] [com.apple.AppKit:Image] ISImage reported a placeholder, image rep is providing a placeholder image for <private>
2026-09-09 19:15:02.233 I  PeachCommander[3894:3ca1] [com.apple.AppKit:Image] ISImage reported a placeholder, image rep is providing a placeholder image for <private>
2026-09-09 19:15:02.234 I  PeachCommander[3894:3ca1] [com.apple.AppKit:Image] ISImage reported a placeholder, image rep is providing a placeholder image for <private>
2026-09-09 19:15:02.234 I  PeachCommander[3894:3ca1] [com.apple.AppKit:Image] ISImage reported a placeholder, image rep is providing a placeholder image for <private>
2026-09-09 19:15:02.235 I  PeachCommander[3894:3ca1] [com.apple.AppKit:Image] ISImage reported a placeholder, image rep is providing a placeholder image for <private>
2026-09-09 19:15:02.235 I  PeachCommander[3894:3ca1] [com.apple.AppKit:Image] ISImage reported a placeholder, image rep is providing a placeholder image for <private>
2026-09-09 19:15:02.236 I  PeachCommander[3894:3ca1] [com.apple.AppKit:Image] ISImage reported a placeholder, image rep is providing a placeholder image for <private>
2026-09-09 19:15:02.236 I  PeachCommander[3894:3ca1] [com.apple.AppKit:Image] ISImage reported a placeholder, image rep is providing a placeholder image for <private>
2026-09-09 19:15:02.237 I  PeachCommander[3894:3ca1] [com.apple.AppKit:Image] ISImage reported a placeholder, image rep is providing a placeholder image for <private>
2026-09-09 19:15:02.237 I  PeachCommander[3894:3ca1] [com.apple.AppKit:Image] ISImage reported a placeholder, image rep is providing a placeholder image for <private>
2026-09-09 19:15:02.238 I  PeachCommander[3894:3ca1] [com.apple.AppKit:Image] ISImage reported a placeholder, image rep is providing a placeholder image for <private>
2026-09-09 19:15:02.238 I  PeachCommander[3894:3ca1] [com.apple.AppKit:Image] ISImage reported a placeholder, image rep is providing a placeholder image for <private>
2026-09-09 19:15:02.239 I  PeachCommander[3894:3ca1] [com.apple.AppKit:Image] ISImage reported a placeholder, image rep is providing a placeholder image for <private>
2026-09-09 19:15:02.239 I  PeachCommander[3894:3ca1] [com.apple.AppKit:Image] ISImage reported a placeholder, image rep is providing a placeholder image for <private>
2026-09-09 19:15:02.240 I  PeachCommander[3894:3ca1] [com.apple.AppKit:Image] ISImage reported a placeholder, image rep is providing a placeholder image for <private>
2026-09-09 19:15:02.240 I  PeachCommander[3894:3ca1] [com.apple.AppKit:Image] ISImage reported a placeholder, image rep is providing a placeholder image for <private>
2026-09-09 19:15:02.241 I  PeachCommander[3894:3ca1] [com.apple.AppKit:Image] ISImage reported a placeholder, image rep is providing a placeholder image for <private>
2026-09-09 19:15:02.242 I  PeachCommander[3894:3ca1] [com.apple.AppKit:Image] ISImage reported a placeholder, image rep is providing a placeholder image for <private>
2026-09-09 19:15:02.243 I  PeachCommander[3894:3ca1] [com.apple.AppKit:Image] ISImage reported a placeholder, image rep is providing a placeholder image for <private>
2026-09-09 19:15:02.243 I  PeachCommander[3894:3ca1] [com.apple.AppKit:Image] ISImage reported a placeholder, image rep is providing a placeholder image for <private>
2026-09-09 19:15:02.244 I  PeachCommander[3894:3ca1] [com.apple.AppKit:Image] ISImage reported a placeholder, image rep is providing a placeholder image for <private>
2026-09-09 19:15:02.244 I  PeachCommander[3894:3ca1] [com.apple.AppKit:Image] ISImage reported a placeholder, image rep is providing a placeholder image for <private>
2026-09-09 19:15:02.245 I  PeachCommander[3894:3ca1] [com.apple.AppKit:Image] ISImage reported a placeholder, image rep is providing a placeholder image for <private>
2026-09-09 19:15:02.245 I  PeachCommander[3894:3ca1] [com.apple.AppKit:Image] ISImage reported a placeholder, image rep is providing a placeholder image for <private>
2026-09-09 19:15:02.246 I  PeachCommander[3894:3ca1] [com.apple.AppKit:Image] ISImage reported a placeholder, image rep is providing a placeholder image for <private>
2026-09-09 19:15:02.246 I  PeachCommander[3894:3ca1] [com.apple.AppKit:Image] ISImage reported a placeholder, image rep is providing a placeholder image for <private>
2026-09-09 19:15:02.306 I  PeachCommander[3894:3ca1] [com.apple.HIToolbox:MBDisplays] <private>
2026-09-09 19:15:02.306 I  PeachCommander[3894:3ca1] [com.apple.HIToolbox:MBDisplays] <private>
2026-09-09 19:15:02.306 I  PeachCommander[3894:3d42] [com.apple.AppKit:WindowTab] Indexing 1 items
2026-09-09 19:15:02.306 A  PeachCommander[3894:3d42] (CoreSpotlight) end-index-batch
2026-09-09 19:15:02.306 Df PeachCommander[3894:3d42] [com.apple.corespotlight:index] *warn* MailCS ======%%% _setMailMessageAttributes skip:1
2026-09-09 19:15:02.306 A  PeachCommander[3894:3d42] (CoreSpotlight) index-items
2026-09-09 19:15:02.306 Df PeachCommander[3894:3d42] [com.apple.corespotlight:index] CSInlineDonation:<private>: Skipping donation (feature flag disabled)
2026-09-09 19:15:02.306 Df PeachCommander[3894:3d42] [com.apple.corespotlight:index] CSInlineDonation:<private>: Skipping donation (feature flag disabled)
2026-09-09 19:15:02.959 Df PeachCommander[3894:3ca1] (Foundation) <private>
2026-09-09 19:15:02.959 I  PeachCommander[3894:3ca1] [com.peachcommander:PCFoundation] [automation] > active left
2026-09-09 19:15:02.959 Df PeachCommander[3894:3ca1] (Foundation) <private>
2026-09-09 19:15:02.959 I  PeachCommander[3894:3ca1] [com.peachcommander:PCFoundation] [automation] > left /Users/admin/undo-busy
2026-09-09 19:15:02.972 Df PeachCommander[3894:3ca1] (Foundation) <private>
2026-09-09 19:15:02.972 I  PeachCommander[3894:3ca1] [com.peachcommander:PCFoundation] [automation] > wait 1200
2026-09-09 19:15:02.974 I  PeachCommander[3894:3ca1] [com.apple.AppKit:Image] ISImage reported a placeholder, image rep is providing a placeholder image for <private>
2026-09-09 19:15:02.974 I  PeachCommander[3894:3ca1] [com.apple.AppKit:Image] ISImage reported a placeholder, image rep is providing a placeholder image for <private>
2026-09-09 19:15:02.975 I  PeachCommander[3894:3ca1] [com.apple.AppKit:Image] ISImage reported a placeholder, image rep is providing a placeholder image for <private>
2026-09-09 19:15:02.976 I  PeachCommander[3894:3ca1] [com.apple.AppKit:Image] ISImage reported a placeholder, image rep is providing a placeholder image for <private>
2026-09-09 19:15:02.977 I  PeachCommander[3894:3ca1] [com.apple.AppKit:Image] ISImage reported a placeholder, image rep is providing a placeholder image for <private>
2026-09-09 19:15:02.977 I  PeachCommander[3894:3ca1] [com.apple.AppKit:Image] ISImage reported a placeholder, image rep is providing a placeholder image for <private>
2026-09-09 19:15:02.978 I  PeachCommander[3894:3ca1] [com.apple.AppKit:Image] ISImage reported a placeholder, image rep is providing a placeholder image for <private>
2026-09-09 19:15:02.979 I  PeachCommander[3894:3ca1] [com.apple.AppKit:Image] ISImage reported a placeholder, image rep is providing a placeholder image for <private>
2026-09-09 19:15:02.979 I  PeachCommander[3894:3ca1] [com.apple.AppKit:Image] ISImage reported a placeholder, image rep is providing a placeholder image for <private>
2026-09-09 19:15:02.980 I  PeachCommander[3894:3ca1] [com.apple.AppKit:Image] ISImage reported a placeholder, image rep is providing a placeholder image for <private>
2026-09-09 19:15:02.981 I  PeachCommander[3894:3ca1] [com.apple.AppKit:Image] ISImage reported a placeholder, image rep is providing a placeholder image for <private>
2026-09-09 19:15:02.981 I  PeachCommander[3894:3ca1] [com.apple.AppKit:Image] ISImage reported a placeholder, image rep is providing a placeholder image for <private>
2026-09-09 19:15:02.982 I  PeachCommander[3894:3ca1] [com.apple.AppKit:Image] ISImage reported a placeholder, image rep is providing a placeholder image for <private>
2026-09-09 19:15:02.983 I  PeachCommander[3894:3ca1] [com.apple.AppKit:Image] ISImage reported a placeholder, image rep is providing a placeholder image for <private>
2026-09-09 19:15:02.984 I  PeachCommander[3894:3ca1] [com.apple.AppKit:Image] ISImage reported a placeholder, image rep is providing a placeholder image for <private>
2026-09-09 19:15:02.985 I  PeachCommander[3894:3ca1] [com.apple.AppKit:Image] ISImage reported a placeholder, image rep is providing a placeholder image for <private>
2026-09-09 19:15:02.985 I  PeachCommander[3894:3ca1] [com.apple.AppKit:Image] ISImage reported a placeholder, image rep is providing a placeholder image for <private>
2026-09-09 19:15:02.986 I  PeachCommander[3894:3ca1] [com.apple.AppKit:Image] ISImage reported a placeholder, image rep is providing a placeholder image for <private>
2026-09-09 19:15:02.987 I  PeachCommander[3894:3ca1] [com.apple.AppKit:Image] ISImage reported a placeholder, image rep is providing a placeholder image for <private>
2026-09-09 19:15:02.987 I  PeachCommander[3894:3ca1] [com.apple.AppKit:Image] ISImage reported a placeholder, image rep is providing a placeholder image for <private>
2026-09-09 19:15:02.988 I  PeachCommander[3894:3ca1] [com.apple.AppKit:Image] ISImage reported a placeholder, image rep is providing a placeholder image for <private>
2026-09-09 19:15:02.989 I  PeachCommander[3894:3ca1] [com.apple.AppKit:Image] ISImage reported a placeholder, image rep is providing a placeholder image for <private>
2026-09-09 19:15:02.989 I  PeachCommander[3894:3ca1] [com.apple.AppKit:Image] ISImage reported a placeholder, image rep is providing a placeholder image for <private>
2026-09-09 19:15:02.990 I  PeachCommander[3894:3ca1] [com.apple.AppKit:Image] ISImage reported a placeholder, image rep is providing a placeholder image for <private>
2026-09-09 19:15:02.991 I  PeachCommander[3894:3ca1] [com.apple.AppKit:Image] ISImage reported a placeholder, image rep is providing a placeholder image for <private>
2026-09-09 19:15:02.991 I  PeachCommander[3894:3ca1] [com.apple.AppKit:Image] ISImage reported a placeholder, image rep is providing a placeholder image for <private>
2026-09-09 19:15:02.992 I  PeachCommander[3894:3ca1] [com.apple.AppKit:Image] ISImage reported a placeholder, image rep is providing a placeholder image for <private>
2026-09-09 19:15:02.993 I  PeachCommander[3894:3ca1] [com.apple.AppKit:Image] ISImage reported a placeholder, image rep is providing a placeholder image for <private>
2026-09-09 19:15:02.993 I  PeachCommander[3894:3ca1] [com.apple.AppKit:Image] ISImage reported a placeholder, image rep is providing a placeholder image for <private>
2026-09-09 19:15:02.994 I  PeachCommander[3894:3ca1] [com.apple.AppKit:Image] ISImage reported a placeholder, image rep is providing a placeholder image for <private>
2026-09-09 19:15:02.994 I  PeachCommander[3894:3ca1] [com.apple.AppKit:Image] ISImage reported a placeholder, image rep is providing a placeholder image for <private>
2026-09-09 19:15:02.994 I  PeachCommander[3894:3ca4] [com.apple.iconservices:foundation] layer data size zero
2026-09-09 19:15:02.996 I  PeachCommander[3894:3caf] [com.apple.iconservices:foundation] layer data size zero
2026-09-09 19:15:03.007 I  PeachCommander[3894:3ca1] [com.apple.AppKit:Image] ISImage reported a placeholder, image rep is providing a placeholder image for <private>
2026-09-09 19:15:03.007 I  PeachCommander[3894:3ca1] [com.apple.AppKit:Image] ISImage reported a placeholder, image rep is providing a placeholder image for <private>
2026-09-09 19:15:03.007 I  PeachCommander[3894:3ca1] [com.apple.AppKit:Image] ISImage reported a placeholder, image rep is providing a placeholder image for <private>
2026-09-09 19:15:03.007 I  PeachCommander[3894:3cae] [com.apple.iconservices:foundation] layer data size zero
2026-09-09 19:15:03.010 I  PeachCommander[3894:3ca1] [com.apple.AppKit:Image] ISImage reported a placeholder, image rep is providing a placeholder image for <private>
2026-09-09 19:15:03.011 I  PeachCommander[3894:3ca1] [com.apple.AppKit:Image] ISImage reported a placeholder, image rep is providing a placeholder image for <private>
2026-09-09 19:15:03.012 I  PeachCommander[3894:3ca1] [com.apple.AppKit:Image] ISImage reported a placeholder, image rep is providing a placeholder image for <private>
2026-09-09 19:15:03.012 I  PeachCommander[3894:3ca1] [com.apple.AppKit:Image] ISImage reported a placeholder, image rep is providing a placeholder image for <private>
2026-09-09 19:15:03.013 I  PeachCommander[3894:3ca1] [com.apple.AppKit:Image] ISImage reported a placeholder, image rep is providing a placeholder image for <private>
2026-09-09 19:15:03.013 I  PeachCommander[3894:3ca1] [com.apple.AppKit:Image] ISImage reported a placeholder, image rep is providing a placeholder image for <private>
2026-09-09 19:15:03.013 I  PeachCommander[3894:3caf] [com.apple.iconservices:foundation] layer data size zero
2026-09-09 19:15:03.079 I  PeachCommander[3894:3ca4] [com.apple.AppKit:WindowTab] Indexing 1 items
2026-09-09 19:15:03.079 A  PeachCommander[3894:3ca4] (CoreSpotlight) end-index-batch
2026-09-09 19:15:03.079 A  PeachCommander[3894:3ca4] (CoreSpotlight) index-items
2026-09-09 19:15:03.079 Df PeachCommander[3894:3ca4] [com.apple.corespotlight:index] CSInlineDonation:<private>: Skipping donation (feature flag disabled)
2026-09-09 19:15:03.079 Df PeachCommander[3894:3ca4] [com.apple.corespotlight:index] CSInlineDonation:<private>: Skipping donation (feature flag disabled)
2026-09-09 19:15:04.180 Df PeachCommander[3894:3ca1] (Foundation) <private>
2026-09-09 19:15:04.180 I  PeachCommander[3894:3ca1] [com.peachcommander:PCFoundation] [automation] > markone claimed.txt
2026-09-09 19:15:04.183 Df PeachCommander[3894:3ca1] (Foundation) <private>
2026-09-09 19:15:04.183 I  PeachCommander[3894:3ca1] [com.peachcommander:PCFoundation] [automation] > wait 400
2026-09-09 19:15:04.187 I  PeachCommander[3894:3ca1] [com.apple.AppKit:Image] ISImage reported a placeholder, image rep is providing a placeholder image for <private>
2026-09-09 19:15:04.188 I  PeachCommander[3894:3ca1] [com.apple.AppKit:Image] ISImage reported a placeholder, image rep is providing a placeholder image for <private>
2026-09-09 19:15:04.189 I  PeachCommander[3894:3ca1] [com.apple.AppKit:Image] ISImage reported a placeholder, image rep is providing a placeholder image for <private>
2026-09-09 19:15:04.189 I  PeachCommander[3894:3ca1] [com.apple.AppKit:Image] ISImage reported a placeholder, image rep is providing a placeholder image for <private>
2026-09-09 19:15:04.192 I  PeachCommander[3894:3ca1] [com.apple.AppKit:Image] ISImage reported a placeholder, image rep is providing a placeholder image for <private>
2026-09-09 19:15:04.192 I  PeachCommander[3894:3ca1] [com.apple.AppKit:Image] ISImage reported a placeholder, image rep is providing a placeholder image for <private>
2026-09-09 19:15:04.210 I  PeachCommander[3894:3ca1] [com.apple.AppKit:Image] ISImage reported a placeholder, image rep is providing a placeholder image for <private>
2026-09-09 19:15:04.210 I  PeachCommander[3894:3ca1] [com.apple.AppKit:Image] ISImage reported a placeholder, image rep is providing a placeholder image for <private>
2026-09-09 19:15:04.211 I  PeachCommander[3894:3ca1] [com.apple.AppKit:Image] ISImage reported a placeholder, image rep is providing a placeholder image for <private>
2026-09-09 19:15:04.212 I  PeachCommander[3894:3ca1] [com.apple.AppKit:Image] ISImage reported a placeholder, image rep is providing a placeholder image for <private>
2026-09-09 19:15:04.213 I  PeachCommander[3894:3ca1] [com.apple.AppKit:Image] ISImage reported a placeholder, image rep is providing a placeholder image for <private>
2026-09-09 19:15:04.213 I  PeachCommander[3894:3ca1] [com.apple.AppKit:Image] ISImage reported a placeholder, image rep is providing a placeholder image for <private>
2026-09-09 19:15:04.403 I  PeachCommander[3894:3ca1] [com.apple.quicklook:Preview Loading] start loading item <private>
2026-09-09 19:15:04.403 I  PeachCommander[3894:3ca1] [com.apple.quicklook:Preview Loading] created <private> (customView: (null))
2026-09-09 19:15:04.403 I  PeachCommander[3894:3ca1] [com.apple.quicklook:Preview Loading] start loading <private> with forced displayBundleID (null)
2026-09-09 19:15:04.404 Df PeachCommander[3894:3caf] [com.apple.foundation.filecoordination:claims] Read options: 200000 -- URL: <private> -- purposeID: DEDE868F-F39C-4862-A29D-E29A5A31CC0F -- claimID: EFBBD283-98E8-4CE4-9BB3-948AF4583CFB
2026-09-09 19:15:04.405 Df PeachCommander[3894:3cae] [com.apple.foundation.filecoordination:claims] Claim EFBBD283-98E8-4CE4-9BB3-948AF4583CFB granted in client
2026-09-09 19:15:04.405 Df PeachCommander[3894:3cae] [com.apple.foundation.filecoordination:claims] Claim EFBBD283-98E8-4CE4-9BB3-948AF4583CFB invoked in client
2026-09-09 19:15:04.406 I  PeachCommander[3894:3cae] [com.apple.quicklook:Preview Loading] got displayBundleID com.apple.qldisplay.Text for <private>
2026-09-09 19:15:04.410 I  PeachCommander[3894:3ca1] [com.apple.quicklook:Preview Loading] document <private> got display bundle <private>
2026-09-09 19:15:04.410 I  PeachCommander[3894:3caf] [com.apple.quicklook:General] presentedItemURL: <private>
2026-09-09 19:15:04.410 I  PeachCommander[3894:3caf] [com.apple.quicklook:General] presentedItemOperationQueue: <private>
2026-09-09 19:15:04.410 Df PeachCommander[3894:3caf] [com.apple.foundation.filecoordination:presenter] Adding presenter 2B5C45FB-883E-4C3B-BCBA-4CCEDE8C2EBF for URL: <private>
2026-09-09 19:15:04.410 Df PeachCommander[3894:3d78] [com.apple.foundation.filecoordination:claims] Read options: 0 -- URL: <private> -- purposeID: 0F7EC347-94A2-430A-9833-B954F8376365 -- claimID: D316EBF0-612F-4EA6-9656-CFBBF1FBBFEB
2026-09-09 19:15:04.411 Df PeachCommander[3894:3caf] [com.apple.foundation.filecoordination:claims] Claim D316EBF0-612F-4EA6-9656-CFBBF1FBBFEB granted in client
2026-09-09 19:15:04.411 Df PeachCommander[3894:3caf] [com.apple.foundation.filecoordination:claims] Claim D316EBF0-612F-4EA6-9656-CFBBF1FBBFEB invoked in client
2026-09-09 19:15:04.412 I  PeachCommander[3894:3d78] [com.apple.quicklook:default] Getting <private> for 'Text Loading Options' from UTI '<private>' #UTI
2026-09-09 19:15:04.413 I  PeachCommander[3894:3ca1] [com.apple.inputAnalytics.client:IATextInputActions] initWithAnalyticsMetadataObserver service
2026-09-09 19:15:04.413 I  PeachCommander[3894:3ca1] [com.apple.quicklook:General] DID LOAD <private>
2026-09-09 19:15:04.414 I  PeachCommander[3894:3ca1] [com.apple.quicklook:Preview Loading] document <private> did load
2026-09-09 19:15:04.414 I  PeachCommander[3894:3ca1] [com.apple.quicklook:Preview Loading] setting displayable from (null) to <private>
2026-09-09 19:15:04.595 Df PeachCommander[3894:3ca1] (Foundation) <private>
2026-09-09 19:15:04.595 I  PeachCommander[3894:3ca1] [com.peachcommander:PCFoundation] [automation] > cmdwait cm_Delete
2026-09-09 19:15:04.603 I  PeachCommander[3894:3ca1] [com.apple.AppKit:Window] context (0 -> f72a6086) for window a0
2026-09-09 19:15:04.619 I  PeachCommander[3894:3ca1] [com.apple.CoreAnalytics:client] Dropping "<private>" as it isn't used in any transform (not in the config or budgeted?)
2026-09-09 19:15:04.619 I  PeachCommander[3894:3ca1] [com.apple.AppKit:Window] order window front conditionally: a0 related: 0
2026-09-09 19:15:04.620 I  PeachCommander[3894:3ca1] [com.apple.AppKit:Window] parent <PeachCommander.MainWindow: 0xcbafcf700> windowNumber=9f remove <NSWindow: 0xcb9ed4280> windowNumber=a0 from group
2026-09-09 19:15:04.620 I  PeachCommander[3894:3ca1] [com.apple.AppKit:Window] parent <PeachCommander.MainWindow: 0xcbafcf700> windowNumber=9f add <NSWindow: 0xcb9ed4280> windowNumber=a0 to group
2026-09-09 19:15:04.620 I  PeachCommander[3894:3ca1] [com.apple.AppKit:Window] order window: a0 op: 1 relative: 9f related: 0
2026-09-09 19:15:04.622 I  PeachCommander[3894:3cae] [com.apple.FileProvider:default] [INFO] Loaded module <private> from bundle <private>
2026-09-09 19:15:04.623 I  PeachCommander[3894:3cae] [com.apple.FileProvider:default] [INFO] Loaded module <private> from bundle <private>
2026-09-09 19:15:04.623 I  PeachCommander[3894:3cae] [com.apple.FileProvider:default] [INFO] Loaded module <private> from bundle <private>
2026-09-09 19:15:04.623 I  PeachCommander[3894:3cae] [com.apple.FileProvider:default] [INFO] Loaded 3 framework overrides modules.
2026-09-09 19:15:04.624 I  PeachCommander[3894:3cae] [com.apple.CarbonCore:FileIDMap] FIDCopyFileIDMapForVolume FIDCopyFileIDMapForVolume: adding FileIDMap for vRefNum (-100)
2026-09-09 19:15:04.636 I  PeachCommander[3894:3ca1] [com.apple.AppKit:Window] parent <PeachCommander.MainWindow: 0xcbafcf700> windowNumber=9f remove <NSWindow: 0xcb9ed4280> windowNumber=a0 from group
2026-09-09 19:15:04.636 I  PeachCommander[3894:3ca1] [com.apple.AppKit:Window] window <NSWindow: 0xcb9ed4280> windowNumber=a0 finishing close
2026-09-09 19:15:04.648 I  PeachCommander[3894:3ca1] [com.apple.AppKit:Window] order window: 9f op: 1 relative: a0 related: 0
2026-09-09 19:15:04.648 I  PeachCommander[3894:3ca1] [com.apple.AppKit:Window] order window: a0 op: 0 relative: 0 related: 0
2026-09-09 19:15:04.660 I  PeachCommander[3894:3ca1] [com.apple.AppKit:Image] ISImage reported a placeholder, image rep is providing a placeholder image for <private>
2026-09-09 19:15:04.661 I  PeachCommander[3894:3ca1] [com.apple.AppKit:Image] ISImage reported a placeholder, image rep is providing a placeholder image for <private>
2026-09-09 19:15:04.661 I  PeachCommander[3894:3ca1] [com.apple.AppKit:Window] context (f72a6086 -> 0) for window a0
2026-09-09 19:15:04.664 I  PeachCommander[3894:3ca1] [com.apple.AppKit:Image] ISImage reported a placeholder, image rep is providing a placeholder image for <private>
2026-09-09 19:15:04.664 I  PeachCommander[3894:3ca1] [com.apple.AppKit:Image] ISImage reported a placeholder, image rep is providing a placeholder image for <private>
2026-09-09 19:15:04.670 Df PeachCommander[3894:3ca1] (Foundation) <private>
2026-09-09 19:15:04.670 I  PeachCommander[3894:3ca1] [com.peachcommander:PCFoundation] [automation] > wait 600
2026-09-09 19:15:04.670 I  PeachCommander[3894:3ca1] [com.apple.quicklook:Preview Loading] start loading item (null)
2026-09-09 19:15:04.670 I  PeachCommander[3894:3ca1] [com.apple.quicklook:Preview Loading] setting displayable from <private> to (null)
2026-09-09 19:15:04.670 Df PeachCommander[3894:3ca1] [com.apple.xpc:connection] [0xcbafebd40] activating connection: mach=false listener=false peer=false name=com.apple.speech.SpeechSynthesisServerXPC
2026-09-09 19:15:04.671 Df PeachCommander[3894:3ca1] [com.apple.foundation.filecoordination:presenter] Removing presenter 2B5C45FB-883E-4C3B-BCBA-4CCEDE8C2EBF
2026-09-09 19:15:04.673 I  PeachCommander[3894:3ca1] [com.apple.AppKit:Image] ISImage reported a placeholder, image rep is providing a placeholder image for <private>
2026-09-09 19:15:04.675 I  PeachCommander[3894:3ca1] [com.apple.AppKit:Image] ISImage reported a placeholder, image rep is providing a placeholder image for <private>
2026-09-09 19:15:04.675 I  PeachCommander[3894:3ca1] [com.apple.AppKit:Image] ISImage reported a placeholder, image rep is providing a placeholder image for <private>
2026-09-09 19:15:04.697 Df PeachCommander[3894:3cae] (SpeechSynthesis) TTS: XPC did receive stop
2026-09-09 19:15:04.804 I  PeachCommander[3894:3cae] [com.apple.AppKit:WindowTab] Indexing 1 items
2026-09-09 19:15:04.804 A  PeachCommander[3894:3cae] (CoreSpotlight) end-index-batch
2026-09-09 19:15:04.804 A  PeachCommander[3894:3cae] (CoreSpotlight) index-items
2026-09-09 19:15:04.804 Df PeachCommander[3894:3cae] [com.apple.corespotlight:index] CSInlineDonation:<private>: Skipping donation (feature flag disabled)
2026-09-09 19:15:04.804 Df PeachCommander[3894:3cae] [com.apple.corespotlight:index] CSInlineDonation:<private>: Skipping donation (feature flag disabled)
2026-09-09 19:15:05.304 Df PeachCommander[3894:3ca1] (Foundation) <private>
2026-09-09 19:15:05.305 I  PeachCommander[3894:3ca1] [com.peachcommander:PCFoundation] [automation] > mkfile /Users/admin/undo-busy/claimed.txt
2026-09-09 19:15:05.306 Df PeachCommander[3894:3ca1] (Foundation) <private>
2026-09-09 19:15:05.306 I  PeachCommander[3894:3ca1] [com.peachcommander:PCFoundation] [automation] > wait 700
2026-09-09 19:15:05.323 I  PeachCommander[3894:3ca1] [com.apple.AppKit:Image] ISImage reported a placeholder, image rep is providing a placeholder image for <private>
2026-09-09 19:15:05.326 I  PeachCommander[3894:3ca1] [com.apple.AppKit:Image] ISImage reported a placeholder, image rep is providing a placeholder image for <private>
2026-09-09 19:15:05.326 I  PeachCommander[3894:3ca1] [com.apple.AppKit:Image] ISImage reported a placeholder, image rep is providing a placeholder image for <private>
2026-09-09 19:15:05.328 I  PeachCommander[3894:3ca1] [com.apple.AppKit:Image] ISImage reported a placeholder, image rep is providing a placeholder image for <private>
2026-09-09 19:15:05.328 I  PeachCommander[3894:3ca1] [com.apple.AppKit:Image] ISImage reported a placeholder, image rep is providing a placeholder image for <private>
2026-09-09 19:15:06.011 Df PeachCommander[3894:3ca1] (Foundation) <private>
2026-09-09 19:15:06.011 I  PeachCommander[3894:3ca1] [com.peachcommander:PCFoundation] [automation] > setbool Operation.ConfirmDelete|1
2026-09-09 19:15:06.011 Df PeachCommander[3894:3ca1] (Foundation) <private>
2026-09-09 19:15:06.011 I  PeachCommander[3894:3ca1] [com.peachcommander:PCFoundation] [automation] > wait 500
2026-09-09 19:15:06.543 Df PeachCommander[3894:3ca1] (Foundation) <private>
2026-09-09 19:15:06.543 I  PeachCommander[3894:3ca1] [com.peachcommander:PCFoundation] [automation] > undoop /Users/admin/undobusy.txt
2026-09-09 19:15:06.546 I  PeachCommander[3894:3ca1] [com.apple.AppKit:Image] ISImage reported a placeholder, image rep is providing a placeholder image for <private>
2026-09-09 19:15:06.547 I  PeachCommander[3894:3ca1] [com.apple.AppKit:Image] ISImage reported a placeholder, image rep is providing a placeholder image for <private>
2026-09-09 19:15:06.547 I  PeachCommander[3894:3ca1] [com.apple.AppKit:Image] ISImage reported a placeholder, image rep is providing a placeholder image for <private>
2026-09-09 19:15:06.547 I  PeachCommander[3894:3ca1] [com.apple.AppKit:Image] ISImage reported a placeholder, image rep is providing a placeholder image for <private>
2026-09-09 19:15:06.548 I  PeachCommander[3894:3ca1] [com.apple.AppKit:Image] ISImage reported a placeholder, image rep is providing a placeholder image for <private>
2026-09-09 19:15:06.548 I  PeachCommander[3894:3ca1] [com.apple.AppKit:Image] ISImage reported a placeholder, image rep is providing a placeholder image for <private>
2026-09-09 19:15:06.559 I  PeachCommander[3894:3ca1] [com.apple.AppKit:Image] ISImage reported a placeholder, image rep is providing a placeholder image for <private>
2026-09-09 19:15:06.560 I  PeachCommander[3894:3ca1] [com.apple.AppKit:Image] ISImage reported a placeholder, image rep is providing a placeholder image for <private>
2026-09-09 19:15:06.560 I  PeachCommander[3894:3ca1] [com.apple.AppKit:Image] ISImage reported a placeholder, image rep is providing a placeholder image for <private>
2026-09-09 19:15:06.560 I  PeachCommander[3894:3ca1] [com.apple.AppKit:Image] ISImage reported a placeholder, image rep is providing a placeholder image for <private>
2026-09-09 19:15:06.561 I  PeachCommander[3894:3ca1] [com.apple.AppKit:Image] ISImage reported a placeholder, image rep is providing a placeholder image for <private>
2026-09-09 19:15:06.561 I  PeachCommander[3894:3ca1] [com.apple.AppKit:Image] ISImage reported a placeholder, image rep is providing a placeholder image for <private>
2026-09-09 19:15:06.579 Df PeachCommander[3894:3ca1] (Foundation) <private>
2026-09-09 19:15:06.579 I  PeachCommander[3894:3ca1] [com.peachcommander:PCFoundation] [automation] done
2026-09-09 19:15:06.580 I  PeachCommander[3894:3ca1] [com.apple.AppKit:Image] ISImage reported a placeholder, image rep is providing a placeholder image for <private>
2026-09-09 19:15:06.581 I  PeachCommander[3894:3ca1] [com.apple.AppKit:Image] ISImage reported a placeholder, image rep is providing a placeholder image for <private>
2026-09-09 19:15:06.581 I  PeachCommander[3894:3ca1] [com.apple.AppKit:Image] ISImage reported a placeholder, image rep is providing a placeholder image for <private>
2026-09-09 19:15:06.582 I  PeachCommander[3894:3ca1] [com.apple.AppKit:Image] ISImage reported a placeholder, image rep is providing a placeholder image for <private>
2026-09-09 19:15:06.583 I  PeachCommander[3894:3ca1] [com.apple.AppKit:Image] ISImage reported a placeholder, image rep is providing a placeholder image for <private>
2026-09-09 19:15:06.583 I  PeachCommander[3894:3ca1] [com.apple.AppKit:Image] ISImage reported a placeholder, image rep is providing a placeholder image for <private>
2026-09-09 19:15:06.584 I  PeachCommander[3894:3ca1] [com.apple.AppKit:Image] ISImage reported a placeholder, image rep is providing a placeholder image for <private>
2026-09-09 19:15:06.584 I  PeachCommander[3894:3ca1] [com.apple.AppKit:Image] ISImage reported a placeholder, image rep is providing a placeholder image for <private>
2026-09-09 19:15:06.586 I  PeachCommander[3894:3ca1] [com.apple.AppKit:Image] ISImage reported a placeholder, image rep is providing a placeholder image for <private>
2026-09-09 19:15:06.587 I  PeachCommander[3894:3ca1] [com.apple.AppKit:Image] ISImage reported a placeholder, image rep is providing a placeholder image for <private>
2026-09-09 19:15:06.587 I  PeachCommander[3894:3ca1] [com.apple.AppKit:Image] ISImage reported a placeholder, image rep is providing a placeholder image for <private>
2026-09-09 19:15:06.588 I  PeachCommander[3894:3ca1] [com.apple.AppKit:Image] ISImage reported a placeholder, image rep is providing a placeholder image for <private>
2026-09-09 19:15:06.589 I  PeachCommander[3894:3ca1] [com.apple.AppKit:Image] ISImage reported a placeholder, image rep is providing a placeholder image for <private>
2026-09-09 19:15:06.589 I  PeachCommander[3894:3ca1] [com.apple.AppKit:Image] ISImage reported a placeholder, image rep is providing a placeholder image for <private>
2026-09-09 19:15:06.590 I  PeachCommander[3894:3ca1] [com.apple.AppKit:Image] ISImage reported a placeholder, image rep is providing a placeholder image for <private>
2026-09-09 19:15:06.591 I  PeachCommander[3894:3ca1] [com.apple.AppKit:Image] ISImage reported a placeholder, image rep is providing a placeholder image for <private>
2026-09-09 19:15:06.591 I  PeachCommander[3894:3ca1] [com.apple.AppKit:Image] ISImage reported a placeholder, image rep is providing a placeholder image for <private>
2026-09-09 19:15:06.592 I  PeachCommander[3894:3ca1] [com.apple.AppKit:Image] ISImage reported a placeholder, image rep is providing a placeholder image for <private>
2026-09-09 19:15:06.593 I  PeachCommander[3894:3ca1] [com.apple.AppKit:Image] ISImage reported a placeholder, image rep is providing a placeholder image for <private>
2026-09-09 19:15:06.593 I  PeachCommander[3894:3ca1] [com.apple.AppKit:Image] ISImage reported a placeholder, image rep is providing a placeholder image for <private>
2026-09-09 19:15:06.594 I  PeachCommander[3894:3ca1] [com.apple.AppKit:Image] ISImage reported a placeholder, image rep is providing a placeholder image for <private>
2026-09-09 19:15:06.594 I  PeachCommander[3894:3ca1] [com.apple.AppKit:Image] ISImage reported a placeholder, image rep is providing a placeholder image for <private>
2026-09-09 19:15:06.595 I  PeachCommander[3894:3ca1] [com.apple.AppKit:Image] ISImage reported a placeholder, image rep is providing a placeholder image for <private>
2026-09-09 19:15:06.596 I  PeachCommander[3894:3ca1] [com.apple.AppKit:Image] ISImage reported a placeholder, image rep is providing a placeholder image for <private>
2026-09-09 19:15:06.596 I  PeachCommander[3894:3ca1] [com.apple.AppKit:Image] ISImage reported a placeholder, image rep is providing a placeholder image for <private>
2026-09-09 19:15:06.597 I  PeachCommander[3894:3ca1] [com.apple.AppKit:Image] ISImage reported a placeholder, image rep is providing a placeholder image for <private>
2026-09-09 19:15:06.598 I  PeachCommander[3894:3ca1] [com.apple.AppKit:Image] ISImage reported a placeholder, image rep is providing a placeholder image for <private>
2026-09-09 19:15:06.598 I  PeachCommander[3894:3ca1] [com.apple.AppKit:Image] ISImage reported a placeholder, image rep is providing a placeholder image for <private>
2026-09-09 19:15:06.598 I  PeachCommander[3894:3ca1] [com.apple.AppKit:Image] ISImage reported a placeholder, image rep is providing a placeholder image for <private>
2026-09-09 19:15:06.599 I  PeachCommander[3894:3ca1] [com.apple.AppKit:Image] ISImage reported a placeholder, image rep is providing a placeholder image for <private>
2026-09-09 19:15:06.599 I  PeachCommander[3894:3ca1] [com.apple.AppKit:Image] ISImage reported a placeholder, image rep is providing a placeholder image for <private>
2026-09-09 19:15:06.601 I  PeachCommander[3894:3ca1] [com.apple.AppKit:Image] ISImage reported a placeholder, image rep is providing a placeholder image for <private>
2026-09-09 19:15:06.601 I  PeachCommander[3894:3ca1] [com.apple.AppKit:Image] ISImage reported a placeholder, image rep is providing a placeholder image for <private>
2026-09-09 19:15:06.602 I  PeachCommander[3894:3ca1] [com.apple.AppKit:Image] ISImage reported a placeholder, image rep is providing a placeholder image for <private>
2026-09-09 19:15:06.602 I  PeachCommander[3894:3ca1] [com.apple.AppKit:Image] ISImage reported a placeholder, image rep is providing a placeholder image for <private>
2026-09-09 19:15:06.603 I  PeachCommander[3894:3ca1] [com.apple.AppKit:Image] ISImage reported a placeholder, image rep is providing a placeholder image for <private>
2026-09-09 19:15:06.603 I  PeachCommander[3894:3ca1] [com.apple.AppKit:Image] ISImage reported a placeholder, image rep is providing a placeholder image for <private>
2026-09-09 19:15:06.604 I  PeachCommander[3894:3ca1] [com.apple.AppKit:Image] ISImage reported a placeholder, image rep is providing a placeholder image for <private>
2026-09-09 19:15:06.604 I  PeachCommander[3894:3ca1] [com.apple.AppKit:Image] ISImage reported a placeholder, image rep is providing a placeholder image for <private>
2026-09-09 19:15:06.605 I  PeachCommander[3894:3ca1] [com.apple.AppKit:Image] ISImage reported a placeholder, image rep is providing a placeholder image for <private>
2026-09-09 19:15:06.605 I  PeachCommander[3894:3ca1] [com.apple.AppKit:Image] ISImage reported a placeholder, image rep is providing a placeholder image for <private>
2026-09-09 19:15:06.606 I  PeachCommander[3894:3ca1] [com.apple.AppKit:Image] ISImage reported a placeholder, image rep is providing a placeholder image for <private>
2026-09-09 19:15:06.606 I  PeachCommander[3894:3ca1] [com.apple.AppKit:Image] ISImage reported a placeholder, image rep is providing a placeholder image for <private>
2026-09-09 19:15:06.607 I  PeachCommander[3894:3ca1] [com.apple.AppKit:Image] ISImage reported a placeholder, image rep is providing a placeholder image for <private>
2026-09-09 19:15:06.607 I  PeachCommander[3894:3ca1] [com.apple.AppKit:Image] ISImage reported a placeholder, image rep is providing a placeholder image for <private>
2026-09-09 19:15:06.608 I  PeachCommander[3894:3ca1] [com.apple.AppKit:Image] ISImage reported a placeholder, image rep is providing a placeholder image for <private>
2026-09-09 19:15:06.608 I  PeachCommander[3894:3ca1] [com.apple.AppKit:Image] ISImage reported a placeholder, image rep is providing a placeholder image for <private>
2026-09-09 19:15:06.610 I  PeachCommander[3894:3ca1] [com.apple.AppKit:Image] ISImage reported a placeholder, image rep is providing a placeholder image for <private>
2026-09-09 19:15:06.610 I  PeachCommander[3894:3ca1] [com.apple.AppKit:Image] ISImage reported a placeholder, image rep is providing a placeholder image for <private>
2026-09-09 19:15:06.611 I  PeachCommander[3894:3ca1] [com.apple.AppKit:Image] ISImage reported a placeholder, image rep is providing a placeholder image for <private>
2026-09-09 19:15:06.611 I  PeachCommander[3894:3ca1] [com.apple.AppKit:Image] ISImage reported a placeholder, image rep is providing a placeholder image for <private>
2026-09-09 19:15:06.612 I  PeachCommander[3894:3ca1] [com.apple.AppKit:Image] ISImage reported a placeholder, image rep is providing a placeholder image for <private>
2026-09-09 19:15:06.612 I  PeachCommander[3894:3ca1] [com.apple.AppKit:Image] ISImage reported a placeholder, image rep is providing a placeholder image for <private>
2026-09-09 19:15:06.613 I  PeachCommander[3894:3ca1] [com.apple.AppKit:Image] ISImage reported a placeholder, image rep is providing a placeholder image for <private>
2026-09-09 19:15:06.613 I  PeachCommander[3894:3ca1] [com.apple.AppKit:Image] ISImage reported a placeholder, image rep is providing a placeholder image for <private>
2026-09-09 19:15:06.614 I  PeachCommander[3894:3ca1] [com.apple.AppKit:Image] ISImage reported a placeholder, image rep is providing a placeholder image for <private>
2026-09-09 19:15:06.614 I  PeachCommander[3894:3ca1] [com.apple.AppKit:Image] ISImage reported a placeholder, image rep is providing a placeholder image for <private>
2026-09-09 19:15:06.616 I  PeachCommander[3894:3ca1] [com.apple.AppKit:Image] ISImage reported a placeholder, image rep is providing a placeholder image for <private>
2026-09-09 19:15:06.616 I  PeachCommander[3894:3ca1] [com.apple.AppKit:Image] ISImage reported a placeholder, image rep is providing a placeholder image for <private>
2026-09-09 19:15:06.617 I  PeachCommander[3894:3ca1] [com.apple.AppKit:Image] ISImage reported a placeholder, image rep is providing a placeholder image for <private>
2026-09-09 19:15:06.617 I  PeachCommander[3894:3ca1] [com.apple.AppKit:Image] ISImage reported a placeholder, image rep is providing a placeholder image for <private>
2026-09-09 19:15:06.618 I  PeachCommander[3894:3ca1] [com.apple.AppKit:Image] ISImage reported a placeholder, image rep is providing a placeholder image for <private>
2026-09-09 19:15:06.618 I  PeachCommander[3894:3ca1] [com.apple.AppKit:Image] ISImage reported a placeholder, image rep is providing a placeholder image for <private>
2026-09-09 19:15:06.619 I  PeachCommander[3894:3ca1] [com.apple.AppKit:Image] ISImage reported a placeholder, image rep is providing a placeholder image for <private>
2026-09-09 19:15:06.619 I  PeachCommander[3894:3ca1] [com.apple.AppKit:Image] ISImage reported a placeholder, image rep is providing a placeholder image for <private>
2026-09-09 19:15:06.620 I  PeachCommander[3894:3ca1] [com.apple.AppKit:Image] ISImage reported a placeholder, image rep is providing a placeholder image for <private>
2026-09-09 19:15:06.620 I  PeachCommander[3894:3ca1] [com.apple.AppKit:Image] ISImage reported a placeholder, image rep is providing a placeholder image for <private>
2026-09-09 19:15:06.621 I  PeachCommander[3894:3ca1] [com.apple.AppKit:Image] ISImage reported a placeholder, image rep is providing a placeholder image for <private>
2026-09-09 19:15:06.621 I  PeachCommander[3894:3ca1] [com.apple.AppKit:Image] ISImage reported a placeholder, image rep is providing a placeholder image for <private>
2026-09-09 19:15:06.622 I  PeachCommander[3894:3ca1] [com.apple.AppKit:Image] ISImage reported a placeholder, image rep is providing a placeholder image for <private>
2026-09-09 19:15:06.622 I  PeachCommander[3894:3ca1] [com.apple.AppKit:Image] ISImage reported a placeholder, image rep is providing a placeholder image for <private>
2026-09-09 19:15:06.623 I  PeachCommander[3894:3ca1] [com.apple.AppKit:Image] ISImage reported a placeholder, image rep is providing a placeholder image for <private>
2026-09-09 19:15:06.623 I  PeachCommander[3894:3ca1] [com.apple.AppKit:Image] ISImage reported a placeholder, image rep is providing a placeholder image for <private>
2026-09-09 19:15:06.624 I  PeachCommander[3894:3ca1] [com.apple.AppKit:Image] ISImage reported a placeholder, image rep is providing a placeholder image for <private>
2026-09-09 19:15:06.625 I  PeachCommander[3894:3ca1] [com.apple.AppKit:Image] ISImage reported a placeholder, image rep is providing a placeholder image for <private>
2026-09-09 19:15:06.626 I  PeachCommander[3894:3ca1] [com.apple.AppKit:Image] ISImage reported a placeholder, image rep is providing a placeholder image for <private>
2026-09-09 19:15:06.626 I  PeachCommander[3894:3ca1] [com.apple.AppKit:Image] ISImage reported a placeholder, image rep is providing a placeholder image for <private>
2026-09-09 19:15:06.627 I  PeachCommander[3894:3ca1] [com.apple.AppKit:Image] ISImage reported a placeholder, image rep is providing a placeholder image for <private>
2026-09-09 19:15:06.627 I  PeachCommander[3894:3ca1] [com.apple.AppKit:Image] ISImage reported a placeholder, image rep is providing a placeholder image for <private>
2026-09-09 19:15:06.628 I  PeachCommander[3894:3ca1] [com.apple.AppKit:Image] ISImage reported a placeholder, image rep is providing a placeholder image for <private>
2026-09-09 19:15:06.628 I  PeachCommander[3894:3ca1] [com.apple.AppKit:Image] ISImage reported a placeholder, image rep is providing a placeholder image for <private>
2026-09-09 19:15:06.718 I  PeachCommander[3894:3ca1] [com.apple.AppKit:Image] ISImage reported a placeholder, image rep is providing a placeholder image for <private>
2026-09-09 19:15:06.719 I  PeachCommander[3894:3ca1] [com.apple.AppKit:Image] ISImage reported a placeholder, image rep is providing a placeholder image for <private>
2026-09-09 19:15:06.720 I  PeachCommander[3894:3ca1] [com.apple.AppKit:Image] ISImage reported a placeholder, image rep is providing a placeholder image for <private>
2026-09-09 19:15:06.721 I  PeachCommander[3894:3ca1] [com.apple.AppKit:Image] ISImage reported a placeholder, image rep is providing a placeholder image for <private>
2026-09-09 19:15:06.721 I  PeachCommander[3894:3ca1] [com.apple.AppKit:Image] ISImage reported a placeholder, image rep is providing a placeholder image for <private>
2026-09-09 19:15:06.722 I  PeachCommander[3894:3ca1] [com.apple.AppKit:Image] ISImage reported a placeholder, image rep is providing a placeholder image for <private>
2026-09-09 19:15:06.722 I  PeachCommander[3894:3ca1] [com.apple.AppKit:Image] ISImage reported a placeholder, image rep is providing a placeholder image for <private>
2026-09-09 19:15:06.723 I  PeachCommander[3894:3ca1] [com.apple.AppKit:Image] ISImage reported a placeholder, image rep is providing a placeholder image for <private>
2026-09-09 19:15:06.724 I  PeachCommander[3894:3ca1] [com.apple.AppKit:Image] ISImage reported a placeholder, image rep is providing a placeholder image for <private>
2026-09-09 19:15:06.724 I  PeachCommander[3894:3ca1] [com.apple.AppKit:Image] ISImage reported a placeholder, image rep is providing a placeholder image for <private>
2026-09-09 19:15:06.725 I  PeachCommander[3894:3ca1] [com.apple.AppKit:Image] ISImage reported a placeholder, image rep is providing a placeholder image for <private>
2026-09-09 19:15:06.725 I  PeachCommander[3894:3ca1] [com.apple.AppKit:Image] ISImage reported a placeholder, image rep is providing a placeholder image for <private>
2026-09-09 19:15:06.726 I  PeachCommander[3894:3ca1] [com.apple.AppKit:Image] ISImage reported a placeholder, image rep is providing a placeholder image for <private>
2026-09-09 19:15:06.727 I  PeachCommander[3894:3ca1] [com.apple.AppKit:Image] ISImage reported a placeholder, image rep is providing a placeholder image for <private>
2026-09-09 19:15:06.728 I  PeachCommander[3894:3ca1] [com.apple.AppKit:Image] ISImage reported a placeholder, image rep is providing a placeholder image for <private>
2026-09-09 19:15:06.728 I  PeachCommander[3894:3ca1] [com.apple.AppKit:Image] ISImage reported a placeholder, image rep is providing a placeholder image for <private>
2026-09-09 19:15:06.729 I  PeachCommander[3894:3ca1] [com.apple.AppKit:Image] ISImage reported a placeholder, image rep is providing a placeholder image for <private>
2026-09-09 19:15:06.730 I  PeachCommander[3894:3ca1] [com.apple.AppKit:Image] ISImage reported a placeholder, image rep is providing a placeholder image for <private>
2026-09-09 19:15:06.730 I  PeachCommander[3894:3ca1] [com.apple.AppKit:Image] ISImage reported a placeholder, image rep is providing a placeholder image for <private>
2026-09-09 19:15:06.731 I  PeachCommander[3894:3ca1] [com.apple.AppKit:Image] ISImage reported a placeholder, image rep is providing a placeholder image for <private>
2026-09-09 19:15:06.731 I  PeachCommander[3894:3ca1] [com.apple.AppKit:Image] ISImage reported a placeholder, image rep is providing a placeholder image for <private>
2026-09-09 19:15:06.732 I  PeachCommander[3894:3ca1] [com.apple.AppKit:Image] ISImage reported a placeholder, image rep is providing a placeholder image for <private>
2026-09-09 19:15:06.733 I  PeachCommander[3894:3ca1] [com.apple.AppKit:Image] ISImage reported a placeholder, image rep is providing a placeholder image for <private>
2026-09-09 19:15:06.733 I  PeachCommander[3894:3ca1] [com.apple.AppKit:Image] ISImage reported a placeholder, image rep is providing a placeholder image for <private>
2026-09-09 19:15:06.734 I  PeachCommander[3894:3ca1] [com.apple.AppKit:Image] ISImage reported a placeholder, image rep is providing a placeholder image for <private>
2026-09-09 19:15:06.735 I  PeachCommander[3894:3ca1] [com.apple.AppKit:Image] ISImage reported a placeholder, image rep is providing a placeholder image for <private>
2026-09-09 19:15:06.735 I  PeachCommander[3894:3ca1] [com.apple.AppKit:Image] ISImage reported a placeholder, image rep is providing a placeholder image for <private>
2026-09-09 19:15:06.736 I  PeachCommander[3894:3ca1] [com.apple.AppKit:Image] ISImage reported a placeholder, image rep is providing a placeholder image for <private>
2026-09-09 19:15:06.736 I  PeachCommander[3894:3ca1] [com.apple.AppKit:Image] ISImage reported a placeholder, image rep is providing a placeholder image for <private>
2026-09-09 19:15:06.737 I  PeachCommander[3894:3ca1] [com.apple.AppKit:Image] ISImage reported a placeholder, image rep is providing a placeholder image for <private>
2026-09-09 19:15:06.737 I  PeachCommander[3894:3ca1] [com.apple.AppKit:Image] ISImage reported a placeholder, image rep is providing a placeholder image for <private>
2026-09-09 19:15:06.738 I  PeachCommander[3894:3ca1] [com.apple.AppKit:Image] ISImage reported a placeholder, image rep is providing a placeholder image for <private>
2026-09-09 19:15:06.738 I  PeachCommander[3894:3ca1] [com.apple.AppKit:Image] ISImage reported a placeholder, image rep is providing a placeholder image for <private>
2026-09-09 19:15:06.739 I  PeachCommander[3894:3ca1] [com.apple.AppKit:Image] ISImage reported a placeholder, image rep is providing a placeholder image for <private>
2026-09-09 19:15:06.740 I  PeachCommander[3894:3ca1] [com.apple.AppKit:Image] ISImage reported a placeholder, image rep is providing a placeholder image for <private>
2026-09-09 19:15:06.741 I  PeachCommander[3894:3ca1] [com.apple.AppKit:Image] ISImage reported a placeholder, image rep is providing a placeholder image for <private>
2026-09-09 19:15:06.741 I  PeachCommander[3894:3ca1] [com.apple.AppKit:Image] ISImage reported a placeholder, image rep is providing a placeholder image for <private>
2026-09-09 19:15:06.742 I  PeachCommander[3894:3ca1] [com.apple.AppKit:Image] ISImage reported a placeholder, image rep is providing a placeholder image for <private>
2026-09-09 19:15:06.742 I  PeachCommander[3894:3ca1] [com.apple.AppKit:Image] ISImage reported a placeholder, image rep is providing a placeholder image for <private>
2026-09-09 19:15:06.743 I  PeachCommander[3894:3ca1] [com.apple.AppKit:Image] ISImage reported a placeholder, image rep is providing a placeholder image for <private>
2026-09-09 19:15:06.743 I  PeachCommander[3894:3ca1] [com.apple.AppKit:Image] ISImage reported a placeholder, image rep is providing a placeholder image for <private>
2026-09-09 19:15:06.744 I  PeachCommander[3894:3ca1] [com.apple.AppKit:Image] ISImage reported a placeholder, image rep is providing a placeholder image for <private>
2026-09-09 19:15:06.744 I  PeachCommander[3894:3ca1] [com.apple.AppKit:Image] ISImage reported a placeholder, image rep is providing a placeholder image for <private>
2026-09-09 19:15:06.745 I  PeachCommander[3894:3ca1] [com.apple.AppKit:Image] ISImage reported a placeholder, image rep is providing a placeholder image for <private>
2026-09-09 19:15:06.745 I  PeachCommander[3894:3ca1] [com.apple.AppKit:Image] ISImage reported a placeholder, image rep is providing a placeholder image for <private>
2026-09-09 19:15:06.746 I  PeachCommander[3894:3ca1] [com.apple.AppKit:Image] ISImage reported a placeholder, image rep is providing a placeholder image for <private>
2026-09-09 19:15:06.746 I  PeachCommander[3894:3ca1] [com.apple.AppKit:Image] ISImage reported a placeholder, image rep is providing a placeholder image for <private>
2026-09-09 19:15:06.747 I  PeachCommander[3894:3ca1] [com.apple.AppKit:Image] ISImage reported a placeholder, image rep is providing a placeholder image for <private>
2026-09-09 19:15:06.747 I  PeachCommander[3894:3ca1] [com.apple.AppKit:Image] ISImage reported a placeholder, image rep is providing a placeholder image for <private>
2026-09-09 19:15:06.748 I  PeachCommander[3894:3ca1] [com.apple.AppKit:Image] ISImage reported a placeholder, image rep is providing a placeholder image for <private>
2026-09-09 19:15:06.748 I  PeachCommander[3894:3ca1] [com.apple.AppKit:Image] ISImage reported a placeholder, image rep is providing a placeholder image for <private>
2026-09-09 19:15:06.749 I  PeachCommander[3894:3ca1] [com.apple.AppKit:Image] ISImage reported a placeholder, image rep is providing a placeholder image for <private>
2026-09-09 19:15:06.749 I  PeachCommander[3894:3ca1] [com.apple.AppKit:Image] ISImage reported a placeholder, image rep is providing a placeholder image for <private>
2026-09-09 19:15:06.750 I  PeachCommander[3894:3ca1] [com.apple.AppKit:Image] ISImage reported a placeholder, image rep is providing a placeholder image for <private>
2026-09-09 19:15:06.750 I  PeachCommander[3894:3ca1] [com.apple.AppKit:Image] ISImage reported a placeholder, image rep is providing a placeholder image for <private>
2026-09-09 19:15:06.752 I  PeachCommander[3894:3ca1] [com.apple.AppKit:Image] ISImage reported a placeholder, image rep is providing a placeholder image for <private>
2026-09-09 19:15:06.752 I  PeachCommander[3894:3ca1] [com.apple.AppKit:Image] ISImage reported a placeholder, image rep is providing a placeholder image for <private>
2026-09-09 19:15:06.753 I  PeachCommander[3894:3ca1] [com.apple.AppKit:Image] ISImage reported a placeholder, image rep is providing a placeholder image for <private>
2026-09-09 19:15:06.753 I  PeachCommander[3894:3ca1] [com.apple.AppKit:Image] ISImage reported a placeholder, image rep is providing a placeholder image for <private>
2026-09-09 19:15:06.754 I  PeachCommander[3894:3ca1] [com.apple.AppKit:Image] ISImage reported a placeholder, image rep is providing a placeholder image for <private>
2026-09-09 19:15:06.754 I  PeachCommander[3894:3ca1] [com.apple.AppKit:Image] ISImage reported a placeholder, image rep is providing a placeholder image for <private>
2026-09-09 19:15:06.755 I  PeachCommander[3894:3ca1] [com.apple.AppKit:Image] ISImage reported a placeholder, image rep is providing a placeholder image for <private>
2026-09-09 19:15:06.755 I  PeachCommander[3894:3ca1] [com.apple.AppKit:Image] ISImage reported a placeholder, image rep is providing a placeholder image for <private>
2026-09-09 19:15:06.756 I  PeachCommander[3894:3ca1] [com.apple.AppKit:Image] ISImage reported a placeholder, image rep is providing a placeholder image for <private>
2026-09-09 19:15:06.756 I  PeachCommander[3894:3ca1] [com.apple.AppKit:Image] ISImage reported a placeholder, image rep is providing a placeholder image for <private>
2026-09-09 19:15:06.757 I  PeachCommander[3894:3ca1] [com.apple.AppKit:Image] ISImage reported a placeholder, image rep is providing a placeholder image for <private>
2026-09-09 19:15:06.757 I  PeachCommander[3894:3ca1] [com.apple.AppKit:Image] ISImage reported a placeholder, image rep is providing a placeholder image for <private>
2026-09-09 19:15:06.758 I  PeachCommander[3894:3ca1] [com.apple.AppKit:Image] ISImage reported a placeholder, image rep is providing a placeholder image for <private>
2026-09-09 19:15:06.758 I  PeachCommander[3894:3ca1] [com.apple.AppKit:Image] ISImage reported a placeholder, image rep is providing a placeholder image for <private>
2026-09-09 19:15:06.759 I  PeachCommander[3894:3ca1] [com.apple.AppKit:Image] ISImage reported a placeholder, image rep is providing a placeholder image for <private>
2026-09-09 19:15:06.759 I  PeachCommander[3894:3ca1] [com.apple.AppKit:Image] ISImage reported a placeholder, image rep is providing a placeholder image for <private>
2026-09-09 19:15:06.760 I  PeachCommander[3894:3ca1] [com.apple.AppKit:Image] ISImage reported a placeholder, image rep is providing a placeholder image for <private>
2026-09-09 19:15:06.760 I  PeachCommander[3894:3ca1] [com.apple.AppKit:Image] ISImage reported a placeholder, image rep is providing a placeholder image for <private>
2026-09-09 19:15:06.761 I  PeachCommander[3894:3ca1] [com.apple.AppKit:Image] ISImage reported a placeholder, image rep is providing a placeholder image for <private>
2026-09-09 19:15:06.761 I  PeachCommander[3894:3ca1] [com.apple.AppKit:Image] ISImage reported a placeholder, image rep is providing a placeholder image for <private>
2026-09-09 19:15:06.762 I  PeachCommander[3894:3ca1] [com.apple.AppKit:Image] ISImage reported a placeholder, image rep is providing a placeholder image for <private>
2026-09-09 19:15:06.762 I  PeachCommander[3894:3ca1] [com.apple.AppKit:Image] ISImage reported a placeholder, image rep is providing a placeholder image for <private>
2026-09-09 19:15:06.763 I  PeachCommander[3894:3ca1] [com.apple.AppKit:Image] ISImage reported a placeholder, image rep is providing a placeholder image for <private>
2026-09-09 19:15:06.763 I  PeachCommander[3894:3ca1] [com.apple.AppKit:Image] ISImage reported a placeholder, image rep is providing a placeholder image for <private>
2026-09-09 19:15:06.764 I  PeachCommander[3894:3ca1] [com.apple.AppKit:Image] ISImage reported a placeholder, image rep is providing a placeholder image for <private>
2026-09-09 19:15:06.764 I  PeachCommander[3894:3ca1] [com.apple.AppKit:Image] ISImage reported a placeholder, image rep is providing a placeholder image for <private>
2026-09-09 19:15:06.832 I  PeachCommander[3894:3ca1] [com.apple.AppKit:Image] ISImage reported a placeholder, image rep is providing a placeholder image for <private>
2026-09-09 19:15:06.833 I  PeachCommander[3894:3ca1] [com.apple.AppKit:Image] ISImage reported a placeholder, image rep is providing a placeholder image for <private>
2026-09-09 19:15:06.834 I  PeachCommander[3894:3ca1] [com.apple.AppKit:Image] ISImage reported a placeholder, image rep is providing a placeholder image for <private>
2026-09-09 19:15:06.834 I  PeachCommander[3894:3ca1] [com.apple.AppKit:Image] ISImage reported a placeholder, image rep is providing a placeholder image for <private>
2026-09-09 19:15:06.835 I  PeachCommander[3894:3ca1] [com.apple.AppKit:Image] ISImage reported a placeholder, image rep is providing a placeholder image for <private>
2026-09-09 19:15:06.835 I  PeachCommander[3894:3ca1] [com.apple.AppKit:Image] ISImage reported a placeholder, image rep is providing a placeholder image for <private>
2026-09-09 19:15:06.836 I  PeachCommander[3894:3ca1] [com.apple.AppKit:Image] ISImage reported a placeholder, image rep is providing a placeholder image for <private>
2026-09-09 19:15:06.836 I  PeachCommander[3894:3ca1] [com.apple.AppKit:Image] ISImage reported a placeholder, image rep is providing a placeholder image for <private>
2026-09-09 19:15:06.837 I  PeachCommander[3894:3ca1] [com.apple.AppKit:Image] ISImage reported a placeholder, image rep is providing a placeholder image for <private>
2026-09-09 19:15:06.838 I  PeachCommander[3894:3ca1] [com.apple.AppKit:Image] ISImage reported a placeholder, image rep is providing a placeholder image for <private>
2026-09-09 19:15:06.838 I  PeachCommander[3894:3ca1] [com.apple.AppKit:Image] ISImage reported a placeholder, image rep is providing a placeholder image for <private>
2026-09-09 19:15:06.839 I  PeachCommander[3894:3ca1] [com.apple.AppKit:Image] ISImage reported a placeholder, image rep is providing a placeholder image for <private>
2026-09-09 19:15:06.839 I  PeachCommander[3894:3ca1] [com.apple.AppKit:Image] ISImage reported a placeholder, image rep is providing a placeholder image for <private>
2026-09-09 19:15:06.840 I  PeachCommander[3894:3ca1] [com.apple.AppKit:Image] ISImage reported a placeholder, image rep is providing a placeholder image for <private>
2026-09-09 19:15:06.840 I  PeachCommander[3894:3ca1] [com.apple.AppKit:Image] ISImage reported a placeholder, image rep is providing a placeholder image for <private>
2026-09-09 19:15:06.841 I  PeachCommander[3894:3ca1] [com.apple.AppKit:Image] ISImage reported a placeholder, image rep is providing a placeholder image for <private>
2026-09-09 19:15:06.842 I  PeachCommander[3894:3ca1] [com.apple.AppKit:Image] ISImage reported a placeholder, image rep is providing a placeholder image for <private>
2026-09-09 19:15:06.842 I  PeachCommander[3894:3ca1] [com.apple.AppKit:Image] ISImage reported a placeholder, image rep is providing a placeholder image for <private>
2026-09-09 19:15:06.843 I  PeachCommander[3894:3ca1] [com.apple.AppKit:Image] ISImage reported a placeholder, image rep is providing a placeholder image for <private>
2026-09-09 19:15:06.844 I  PeachCommander[3894:3ca1] [com.apple.AppKit:Image] ISImage reported a placeholder, image rep is providing a placeholder image for <private>
2026-09-09 19:15:06.844 I  PeachCommander[3894:3ca1] [com.apple.AppKit:Image] ISImage reported a placeholder, image rep is providing a placeholder image for <private>
2026-09-09 19:15:06.845 I  PeachCommander[3894:3ca1] [com.apple.AppKit:Image] ISImage reported a placeholder, image rep is providing a placeholder image for <private>
2026-09-09 19:15:06.845 I  PeachCommander[3894:3ca1] [com.apple.AppKit:Image] ISImage reported a placeholder, image rep is providing a placeholder image for <private>
2026-09-09 19:15:06.846 I  PeachCommander[3894:3ca1] [com.apple.AppKit:Image] ISImage reported a placeholder, image rep is providing a placeholder image for <private>
2026-09-09 19:15:06.847 I  PeachCommander[3894:3ca1] [com.apple.AppKit:Image] ISImage reported a placeholder, image rep is providing a placeholder image for <private>
2026-09-09 19:15:06.847 I  PeachCommander[3894:3ca1] [com.apple.AppKit:Image] ISImage reported a placeholder, image rep is providing a placeholder image for <private>
2026-09-09 19:15:06.848 I  PeachCommander[3894:3ca1] [com.apple.AppKit:Image] ISImage reported a placeholder, image rep is providing a placeholder image for <private>
2026-09-09 19:15:06.848 I  PeachCommander[3894:3ca1] [com.apple.AppKit:Image] ISImage reported a placeholder, image rep is providing a placeholder image for <private>
2026-09-09 19:15:06.848 I  PeachCommander[3894:3ca1] [com.apple.AppKit:Image] ISImage reported a placeholder, image rep is providing a placeholder image for <private>
2026-09-09 19:15:06.849 I  PeachCommander[3894:3ca1] [com.apple.AppKit:Image] ISImage reported a placeholder, image rep is providing a placeholder image for <private>
2026-09-09 19:15:06.849 I  PeachCommander[3894:3ca1] [com.apple.AppKit:Image] ISImage reported a placeholder, image rep is providing a placeholder image for <private>
2026-09-09 19:15:06.851 I  PeachCommander[3894:3ca1] [com.apple.AppKit:Image] ISImage reported a placeholder, image rep is providing a placeholder image for <private>
2026-09-09 19:15:06.851 I  PeachCommander[3894:3ca1] [com.apple.AppKit:Image] ISImage reported a placeholder, image rep is providing a placeholder image for <private>
2026-09-09 19:15:06.852 I  PeachCommander[3894:3ca1] [com.apple.AppKit:Image] ISImage reported a placeholder, image rep is providing a placeholder image for <private>
2026-09-09 19:15:06.852 I  PeachCommander[3894:3ca1] [com.apple.AppKit:Image] ISImage reported a placeholder, image rep is providing a placeholder image for <private>
2026-09-09 19:15:06.853 I  PeachCommander[3894:3ca1] [com.apple.AppKit:Image] ISImage reported a placeholder, image rep is providing a placeholder image for <private>
2026-09-09 19:15:06.853 I  PeachCommander[3894:3ca1] [com.apple.AppKit:Image] ISImage reported a placeholder, image rep is providing a placeholder image for <private>
2026-09-09 19:15:06.854 I  PeachCommander[3894:3ca1] [com.apple.AppKit:Image] ISImage reported a placeholder, image rep is providing a placeholder image for <private>
2026-09-09 19:15:06.854 I  PeachCommander[3894:3ca1] [com.apple.AppKit:Image] ISImage reported a placeholder, image rep is providing a placeholder image for <private>
2026-09-09 19:15:06.855 I  PeachCommander[3894:3ca1] [com.apple.AppKit:Image] ISImage reported a placeholder, image rep is providing a placeholder image for <private>
2026-09-09 19:15:06.855 I  PeachCommander[3894:3ca1] [com.apple.AppKit:Image] ISImage reported a placeholder, image rep is providing a placeholder image for <private>
2026-09-09 19:15:06.857 I  PeachCommander[3894:3ca1] [com.apple.AppKit:Image] ISImage reported a placeholder, image rep is providing a placeholder image for <private>
2026-09-09 19:15:06.857 I  PeachCommander[3894:3ca1] [com.apple.AppKit:Image] ISImage reported a placeholder, image rep is providing a placeholder image for <private>
2026-09-09 19:15:06.858 I  PeachCommander[3894:3ca1] [com.apple.AppKit:Image] ISImage reported a placeholder, image rep is providing a placeholder image for <private>
2026-09-09 19:15:06.858 I  PeachCommander[3894:3ca1] [com.apple.AppKit:Image] ISImage reported a placeholder, image rep is providing a placeholder image for <private>
2026-09-09 19:15:06.859 I  PeachCommander[3894:3ca1] [com.apple.AppKit:Image] ISImage reported a placeholder, image rep is providing a placeholder image for <private>
2026-09-09 19:15:06.859 I  PeachCommander[3894:3ca1] [com.apple.AppKit:Image] ISImage reported a placeholder, image rep is providing a placeholder image for <private>
2026-09-09 19:15:06.860 I  PeachCommander[3894:3ca1] [com.apple.AppKit:Image] ISImage reported a placeholder, image rep is providing a placeholder image for <private>
2026-09-09 19:15:06.860 I  PeachCommander[3894:3ca1] [com.apple.AppKit:Image] ISImage reported a placeholder, image rep is providing a placeholder image for <private>
2026-09-09 19:15:06.861 I  PeachCommander[3894:3ca1] [com.apple.AppKit:Image] ISImage reported a placeholder, image rep is providing a placeholder image for <private>
2026-09-09 19:15:06.861 I  PeachCommander[3894:3ca1] [com.apple.AppKit:Image] ISImage reported a placeholder, image rep is providing a placeholder image for <private>
2026-09-09 19:15:06.862 I  PeachCommander[3894:3ca1] [com.apple.AppKit:Image] ISImage reported a placeholder, image rep is providing a placeholder image for <private>
2026-09-09 19:15:06.862 I  PeachCommander[3894:3ca1] [com.apple.AppKit:Image] ISImage reported a placeholder, image rep is providing a placeholder image for <private>
2026-09-09 19:15:06.863 I  PeachCommander[3894:3ca1] [com.apple.AppKit:Image] ISImage reported a placeholder, image rep is providing a placeholder image for <private>
2026-09-09 19:15:06.863 I  PeachCommander[3894:3ca1] [com.apple.AppKit:Image] ISImage reported a placeholder, image rep is providing a placeholder image for <private>
2026-09-09 19:15:06.864 I  PeachCommander[3894:3ca1] [com.apple.AppKit:Image] ISImage reported a placeholder, image rep is providing a placeholder image for <private>
2026-09-09 19:15:06.864 I  PeachCommander[3894:3ca1] [com.apple.AppKit:Image] ISImage reported a placeholder, image rep is providing a placeholder image for <private>
2026-09-09 19:15:06.865 I  PeachCommander[3894:3ca1] [com.apple.AppKit:Image] ISImage reported a placeholder, image rep is providing a placeholder image for <private>
2026-09-09 19:15:06.865 I  PeachCommander[3894:3ca1] [com.apple.AppKit:Image] ISImage reported a placeholder, image rep is providing a placeholder image for <private>
2026-09-09 19:15:06.866 I  PeachCommander[3894:3ca1] [com.apple.AppKit:Image] ISImage reported a placeholder, image rep is providing a placeholder image for <private>
2026-09-09 19:15:06.866 I  PeachCommander[3894:3ca1] [com.apple.AppKit:Image] ISImage reported a placeholder, image rep is providing a placeholder image for <private>
2026-09-09 19:15:06.867 I  PeachCommander[3894:3ca1] [com.apple.AppKit:Image] ISImage reported a placeholder, image rep is providing a placeholder image for <private>
2026-09-09 19:15:06.867 I  PeachCommander[3894:3ca1] [com.apple.AppKit:Image] ISImage reported a placeholder, image rep is providing a placeholder image for <private>
2026-09-09 19:15:06.868 I  PeachCommander[3894:3ca1] [com.apple.AppKit:Image] ISImage reported a placeholder, image rep is providing a placeholder image for <private>
2026-09-09 19:15:06.869 I  PeachCommander[3894:3ca1] [com.apple.AppKit:Image] ISImage reported a placeholder, image rep is providing a placeholder image for <private>
2026-09-09 19:15:06.869 I  PeachCommander[3894:3ca1] [com.apple.AppKit:Image] ISImage reported a placeholder, image rep is providing a placeholder image for <private>
2026-09-09 19:15:06.870 I  PeachCommander[3894:3ca1] [com.apple.AppKit:Image] ISImage reported a placeholder, image rep is providing a placeholder image for <private>
2026-09-09 19:15:06.871 I  PeachCommander[3894:3ca1] [com.apple.AppKit:Image] ISImage reported a placeholder, image rep is providing a placeholder image for <private>
2026-09-09 19:15:06.871 I  PeachCommander[3894:3ca1] [com.apple.AppKit:Image] ISImage reported a placeholder, image rep is providing a placeholder image for <private>
2026-09-09 19:15:06.872 I  PeachCommander[3894:3ca1] [com.apple.AppKit:Image] ISImage reported a placeholder, image rep is providing a placeholder image for <private>
2026-09-09 19:15:06.872 I  PeachCommander[3894:3ca1] [com.apple.AppKit:Image] ISImage reported a placeholder, image rep is providing a placeholder image for <private>
2026-09-09 19:15:06.873 I  PeachCommander[3894:3ca1] [com.apple.AppKit:Image] ISImage reported a placeholder, image rep is providing a placeholder image for <private>
2026-09-09 19:15:06.873 I  PeachCommander[3894:3ca1] [com.apple.AppKit:Image] ISImage reported a placeholder, image rep is providing a placeholder image for <private>
2026-09-09 19:15:06.874 I  PeachCommander[3894:3ca1] [com.apple.AppKit:Image] ISImage reported a placeholder, image rep is providing a placeholder image for <private>
2026-09-09 19:15:06.874 I  PeachCommander[3894:3ca1] [com.apple.AppKit:Image] ISImage reported a placeholder, image rep is providing a placeholder image for <private>
2026-09-09 19:15:06.875 I  PeachCommander[3894:3ca1] [com.apple.AppKit:Image] ISImage reported a placeholder, image rep is providing a placeholder image for <private>
2026-09-09 19:15:06.875 I  PeachCommander[3894:3ca1] [com.apple.AppKit:Image] ISImage reported a placeholder, image rep is providing a placeholder image for <private>
2026-09-09 19:15:06.876 I  PeachCommander[3894:3ca1] [com.apple.AppKit:Image] ISImage reported a placeholder, image rep is providing a placeholder image for <private>
2026-09-09 19:15:06.876 I  PeachCommander[3894:3ca1] [com.apple.AppKit:Image] ISImage reported a placeholder, image rep is providing a placeholder image for <private>
2026-09-09 19:15:06.877 I  PeachCommander[3894:3ca1] [com.apple.AppKit:Image] ISImage reported a placeholder, image rep is providing a placeholder image for <private>
2026-09-09 19:15:06.877 I  PeachCommander[3894:3ca1] [com.apple.AppKit:Image] ISImage reported a placeholder, image rep is providing a placeholder image for <private>
2026-09-09 19:15:06.964 I  PeachCommander[3894:3ca1] [com.apple.AppKit:Image] ISImage reported a placeholder, image rep is providing a placeholder image for <private>
2026-09-09 19:15:06.965 I  PeachCommander[3894:3ca1] [com.apple.AppKit:Image] ISImage reported a placeholder, image rep is providing a placeholder image for <private>
2026-09-09 19:15:06.966 I  PeachCommander[3894:3ca1] [com.apple.AppKit:Image] ISImage reported a placeholder, image rep is providing a placeholder image for <private>
2026-09-09 19:15:06.966 I  PeachCommander[3894:3ca1] [com.apple.AppKit:Image] ISImage reported a placeholder, image rep is providing a placeholder image for <private>
2026-09-09 19:15:06.967 I  PeachCommander[3894:3ca1] [com.apple.AppKit:Image] ISImage reported a placeholder, image rep is providing a placeholder image for <private>
2026-09-09 19:15:06.967 I  PeachCommander[3894:3ca1] [com.apple.AppKit:Image] ISImage reported a placeholder, image rep is providing a placeholder image for <private>
2026-09-09 19:15:06.968 I  PeachCommander[3894:3ca1] [com.apple.AppKit:Image] ISImage reported a placeholder, image rep is providing a placeholder image for <private>
2026-09-09 19:15:06.969 I  PeachCommander[3894:3ca1] [com.apple.AppKit:Image] ISImage reported a placeholder, image rep is providing a placeholder image for <private>
2026-09-09 19:15:06.969 I  PeachCommander[3894:3ca1] [com.apple.AppKit:Image] ISImage reported a placeholder, image rep is providing a placeholder image for <private>
2026-09-09 19:15:06.970 I  PeachCommander[3894:3ca1] [com.apple.AppKit:Image] ISImage reported a placeholder, image rep is providing a placeholder image for <private>
2026-09-09 19:15:06.970 I  PeachCommander[3894:3ca1] [com.apple.AppKit:Image] ISImage reported a placeholder, image rep is providing a placeholder image for <private>
2026-09-09 19:15:06.971 I  PeachCommander[3894:3ca1] [com.apple.AppKit:Image] ISImage reported a placeholder, image rep is providing a placeholder image for <private>
2026-09-09 19:15:06.972 I  PeachCommander[3894:3ca1] [com.apple.AppKit:Image] ISImage reported a placeholder, image rep is providing a placeholder image for <private>
2026-09-09 19:15:06.972 I  PeachCommander[3894:3ca1] [com.apple.AppKit:Image] ISImage reported a placeholder, image rep is providing a placeholder image for <private>
2026-09-09 19:15:06.973 I  PeachCommander[3894:3ca1] [com.apple.AppKit:Image] ISImage reported a placeholder, image rep is providing a placeholder image for <private>
2026-09-09 19:15:06.973 I  PeachCommander[3894:3ca1] [com.apple.AppKit:Image] ISImage reported a placeholder, image rep is providing a placeholder image for <private>
2026-09-09 19:15:06.974 I  PeachCommander[3894:3ca1] [com.apple.AppKit:Image] ISImage reported a placeholder, image rep is providing a placeholder image for <private>
2026-09-09 19:15:06.975 I  PeachCommander[3894:3ca1] [com.apple.AppKit:Image] ISImage reported a placeholder, image rep is providing a placeholder image for <private>
2026-09-09 19:15:06.976 I  PeachCommander[3894:3ca1] [com.apple.AppKit:Image] ISImage reported a placeholder, image rep is providing a placeholder image for <private>
2026-09-09 19:15:06.976 I  PeachCommander[3894:3ca1] [com.apple.AppKit:Image] ISImage reported a placeholder, image rep is providing a placeholder image for <private>
2026-09-09 19:15:06.977 I  PeachCommander[3894:3ca1] [com.apple.AppKit:Image] ISImage reported a placeholder, image rep is providing a placeholder image for <private>
2026-09-09 19:15:06.978 I  PeachCommander[3894:3ca1] [com.apple.AppKit:Image] ISImage reported a placeholder, image rep is providing a placeholder image for <private>
2026-09-09 19:15:06.978 I  PeachCommander[3894:3ca1] [com.apple.AppKit:Image] ISImage reported a placeholder, image rep is providing a placeholder image for <private>
2026-09-09 19:15:06.979 I  PeachCommander[3894:3ca1] [com.apple.AppKit:Image] ISImage reported a placeholder, image rep is providing a placeholder image for <private>
2026-09-09 19:15:06.979 I  PeachCommander[3894:3ca1] [com.apple.AppKit:Image] ISImage reported a placeholder, image rep is providing a placeholder image for <private>
2026-09-09 19:15:06.980 I  PeachCommander[3894:3ca1] [com.apple.AppKit:Image] ISImage reported a placeholder, image rep is providing a placeholder image for <private>
2026-09-09 19:15:06.981 I  PeachCommander[3894:3ca1] [com.apple.AppKit:Image] ISImage reported a placeholder, image rep is providing a placeholder image for <private>
2026-09-09 19:15:06.981 I  PeachCommander[3894:3ca1] [com.apple.AppKit:Image] ISImage reported a placeholder, image rep is providing a placeholder image for <private>
2026-09-09 19:15:06.981 I  PeachCommander[3894:3ca1] [com.apple.AppKit:Image] ISImage reported a placeholder, image rep is providing a placeholder image for <private>
2026-09-09 19:15:06.983 I  PeachCommander[3894:3ca1] [com.apple.AppKit:Image] ISImage reported a placeholder, image rep is providing a placeholder image for <private>
2026-09-09 19:15:06.983 I  PeachCommander[3894:3ca1] [com.apple.AppKit:Image] ISImage reported a placeholder, image rep is providing a placeholder image for <private>
2026-09-09 19:15:06.984 I  PeachCommander[3894:3ca1] [com.apple.AppKit:Image] ISImage reported a placeholder, image rep is providing a placeholder image for <private>
2026-09-09 19:15:06.984 I  PeachCommander[3894:3ca1] [com.apple.AppKit:Image] ISImage reported a placeholder, image rep is providing a placeholder image for <private>
2026-09-09 19:15:06.985 I  PeachCommander[3894:3ca1] [com.apple.AppKit:Image] ISImage reported a placeholder, image rep is providing a placeholder image for <private>
2026-09-09 19:15:06.985 I  PeachCommander[3894:3ca1] [com.apple.AppKit:Image] ISImage reported a placeholder, image rep is providing a placeholder image for <private>
2026-09-09 19:15:06.986 I  PeachCommander[3894:3ca1] [com.apple.AppKit:Image] ISImage reported a placeholder, image rep is providing a placeholder image for <private>
2026-09-09 19:15:06.986 I  PeachCommander[3894:3ca1] [com.apple.AppKit:Image] ISImage reported a placeholder, image rep is providing a placeholder image for <private>
2026-09-09 19:15:06.987 I  PeachCommander[3894:3ca1] [com.apple.AppKit:Image] ISImage reported a placeholder, image rep is providing a placeholder image for <private>
2026-09-09 19:15:06.987 I  PeachCommander[3894:3ca1] [com.apple.AppKit:Image] ISImage reported a placeholder, image rep is providing a placeholder image for <private>
2026-09-09 19:15:06.988 I  PeachCommander[3894:3ca1] [com.apple.AppKit:Image] ISImage reported a placeholder, image rep is providing a placeholder image for <private>
2026-09-09 19:15:06.988 I  PeachCommander[3894:3ca1] [com.apple.AppKit:Image] ISImage reported a placeholder, image rep is providing a placeholder image for <private>
2026-09-09 19:15:06.989 I  PeachCommander[3894:3ca1] [com.apple.AppKit:Image] ISImage reported a placeholder, image rep is providing a placeholder image for <private>
2026-09-09 19:15:06.989 I  PeachCommander[3894:3ca1] [com.apple.AppKit:Image] ISImage reported a placeholder, image rep is providing a placeholder image for <private>
2026-09-09 19:15:06.990 I  PeachCommander[3894:3ca1] [com.apple.AppKit:Image] ISImage reported a placeholder, image rep is providing a placeholder image for <private>
2026-09-09 19:15:06.990 I  PeachCommander[3894:3ca1] [com.apple.AppKit:Image] ISImage reported a placeholder, image rep is providing a placeholder image for <private>
2026-09-09 19:15:06.991 I  PeachCommander[3894:3ca1] [com.apple.AppKit:Image] ISImage reported a placeholder, image rep is providing a placeholder image for <private>
2026-09-09 19:15:06.991 I  PeachCommander[3894:3ca1] [com.apple.AppKit:Image] ISImage reported a placeholder, image rep is providing a placeholder image for <private>
2026-09-09 19:15:06.992 I  PeachCommander[3894:3ca1] [com.apple.AppKit:Image] ISImage reported a placeholder, image rep is providing a placeholder image for <private>
2026-09-09 19:15:06.992 I  PeachCommander[3894:3ca1] [com.apple.AppKit:Image] ISImage reported a placeholder, image rep is providing a placeholder image for <private>
2026-09-09 19:15:06.993 I  PeachCommander[3894:3ca1] [com.apple.AppKit:Image] ISImage reported a placeholder, image rep is providing a placeholder image for <private>
2026-09-09 19:15:06.993 I  PeachCommander[3894:3ca1] [com.apple.AppKit:Image] ISImage reported a placeholder, image rep is providing a placeholder image for <private>
2026-09-09 19:15:06.994 I  PeachCommander[3894:3ca1] [com.apple.AppKit:Image] ISImage reported a placeholder, image rep is providing a placeholder image for <private>
2026-09-09 19:15:06.994 I  PeachCommander[3894:3ca1] [com.apple.AppKit:Image] ISImage reported a placeholder, image rep is providing a placeholder image for <private>
2026-09-09 19:15:06.996 I  PeachCommander[3894:3ca1] [com.apple.AppKit:Image] ISImage reported a placeholder, image rep is providing a placeholder image for <private>
2026-09-09 19:15:06.996 I  PeachCommander[3894:3ca1] [com.apple.AppKit:Image] ISImage reported a placeholder, image rep is providing a placeholder image for <private>
2026-09-09 19:15:06.997 I  PeachCommander[3894:3ca1] [com.apple.AppKit:Image] ISImage reported a placeholder, image rep is providing a placeholder image for <private>
2026-09-09 19:15:06.997 I  PeachCommander[3894:3ca1] [com.apple.AppKit:Image] ISImage reported a placeholder, image rep is providing a placeholder image for <private>
2026-09-09 19:15:06.998 I  PeachCommander[3894:3ca1] [com.apple.AppKit:Image] ISImage reported a placeholder, image rep is providing a placeholder image for <private>
2026-09-09 19:15:06.998 I  PeachCommander[3894:3ca1] [com.apple.AppKit:Image] ISImage reported a placeholder, image rep is providing a placeholder image for <private>
2026-09-09 19:15:06.999 I  PeachCommander[3894:3ca1] [com.apple.AppKit:Image] ISImage reported a placeholder, image rep is providing a placeholder image for <private>
2026-09-09 19:15:06.999 I  PeachCommander[3894:3ca1] [com.apple.AppKit:Image] ISImage reported a placeholder, image rep is providing a placeholder image for <private>
2026-09-09 19:15:07.000 I  PeachCommander[3894:3ca1] [com.apple.AppKit:Image] ISImage reported a placeholder, image rep is providing a placeholder image for <private>
2026-09-09 19:15:07.000 I  PeachCommander[3894:3ca1] [com.apple.AppKit:Image] ISImage reported a placeholder, image rep is providing a placeholder image for <private>
2026-09-09 19:15:07.001 I  PeachCommander[3894:3ca1] [com.apple.AppKit:Image] ISImage reported a placeholder, image rep is providing a placeholder image for <private>
2026-09-09 19:15:07.001 I  PeachCommander[3894:3ca1] [com.apple.AppKit:Image] ISImage reported a placeholder, image rep is providing a placeholder image for <private>
2026-09-09 19:15:07.002 I  PeachCommander[3894:3ca1] [com.apple.AppKit:Image] ISImage reported a placeholder, image rep is providing a placeholder image for <private>
2026-09-09 19:15:07.002 I  PeachCommander[3894:3ca1] [com.apple.AppKit:Image] ISImage reported a placeholder, image rep is providing a placeholder image for <private>
2026-09-09 19:15:07.003 I  PeachCommander[3894:3ca1] [com.apple.AppKit:Image] ISImage reported a placeholder, image rep is providing a placeholder image for <private>
2026-09-09 19:15:07.003 I  PeachCommander[3894:3ca1] [com.apple.AppKit:Image] ISImage reported a placeholder, image rep is providing a placeholder image for <private>
2026-09-09 19:15:07.004 I  PeachCommander[3894:3ca1] [com.apple.AppKit:Image] ISImage reported a placeholder, image rep is providing a placeholder image for <private>
2026-09-09 19:15:07.004 I  PeachCommander[3894:3ca1] [com.apple.AppKit:Image] ISImage reported a placeholder, image rep is providing a placeholder image for <private>
2026-09-09 19:15:07.005 I  PeachCommander[3894:3ca1] [com.apple.AppKit:Image] ISImage reported a placeholder, image rep is providing a placeholder image for <private>
2026-09-09 19:15:07.005 I  PeachCommander[3894:3ca1] [com.apple.AppKit:Image] ISImage reported a placeholder, image rep is providing a placeholder image for <private>
2026-09-09 19:15:07.007 I  PeachCommander[3894:3ca1] [com.apple.AppKit:Image] ISImage reported a placeholder, image rep is providing a placeholder image for <private>
2026-09-09 19:15:07.007 I  PeachCommander[3894:3ca1] [com.apple.AppKit:Image] ISImage reported a placeholder, image rep is providing a placeholder image for <private>
2026-09-09 19:15:07.008 I  PeachCommander[3894:3ca1] [com.apple.AppKit:Image] ISImage reported a placeholder, image rep is providing a placeholder image for <private>
2026-09-09 19:15:07.008 I  PeachCommander[3894:3ca1] [com.apple.AppKit:Image] ISImage reported a placeholder, image rep is providing a placeholder image for <private>
2026-09-09 19:15:07.009 I  PeachCommander[3894:3ca1] [com.apple.AppKit:Image] ISImage reported a placeholder, image rep is providing a placeholder image for <private>
2026-09-09 19:15:07.009 I  PeachCommander[3894:3ca1] [com.apple.AppKit:Image] ISImage reported a placeholder, image rep is providing a placeholder image for <private>
2026-09-09 19:15:07.010 I  PeachCommander[3894:3ca1] [com.apple.AppKit:Image] ISImage reported a placeholder, image rep is providing a placeholder image for <private>
2026-09-09 19:15:07.010 I  PeachCommander[3894:3ca1] [com.apple.AppKit:Image] ISImage reported a placeholder, image rep is providing a placeholder image for <private>
