Timestamp               Ty Process[PID:TID]
2026-09-14 10:15:00.790 A  PeachCommander[3446:3799] (libsystem_info.dylib) Retrieve User by ID
2026-09-14 10:15:00.791 Df PeachCommander[3446:3799] [com.apple.xpc:connection] [0x102c34400] activating connection: mach=true listener=false peer=false name=com.apple.cfprefsd.daemon
2026-09-14 10:15:00.791 Df PeachCommander[3446:379f] [com.apple.xpc:connection] [0x102c37ac0] activating connection: mach=true listener=false peer=false name=com.apple.cfprefsd.agent
2026-09-14 10:15:00.792 Df PeachCommander[3446:3799] [com.apple.xpc:connection] [0x102c3a370] activating connection: mach=true listener=false peer=false name=com.apple.coreservices.launchservicesd
2026-09-14 10:15:00.792 I  PeachCommander[3446:3799] [com.apple.launchservices:cas] Registering for notification <private> on default queue, to re-boostrap client connection.
2026-09-14 10:15:00.793 Df PeachCommander[3446:3799] [com.apple.xpc:connection] [0xaa0ca8000] activating connection: mach=true listener=false peer=false name=com.apple.pasteboard.1
2026-09-14 10:15:00.793 Df PeachCommander[3446:3799] [com.apple.xpc:connection] [0xaa0ca8140] activating connection: mach=true listener=false peer=false name=com.apple.distributed_notifications@Uv3
2026-09-14 10:15:00.794 Df PeachCommander[3446:3799] [com.apple.AppKit:AutomaticTermination] void _NSDisableAutomaticTerminationAndLog(NSString *) No windows open yet
2026-09-14 10:15:00.794 A  PeachCommander[3446:3799] (TCC) TCCAccessRequest() IPC
2026-09-14 10:15:00.794 Df PeachCommander[3446:3799] [com.apple.xpc:connection] [0xaa0ca8280] activating connection: mach=true listener=false peer=false name=com.apple.tccd.system
2026-09-14 10:15:00.794 I  PeachCommander[3446:3799] [com.apple.TCC:access] SEND: 0/7 synchronous to com.apple.tccd.system: request: msgID=3446.1, function=TCCAccessRequest, service=kTCCServiceListenEvent,
2026-09-14 10:15:00.795 I  PeachCommander[3446:3799] [com.apple.TCC:access] RECV: synchronous reply <dictionary: 0xaa0c98000> { count = 5, transaction: 0, voucher = 0x0, contents =
	"prompt_type" => <uint64: 0xabb0b23d297e0a37>: 1
	"auth_value" => <uint64: 0xabb0b23d297e0a37>: 1
	"preflight_unknown" => <bool: 0x1f720d190>: true
	"auth_version" => <uint64: 0xabb0b23d297e0a37>: 1
	"auth_reason" => <uint64: 0xabb0b23d297e0a17>: 5
}
2026-09-14 10:15:00.795 Df PeachCommander[3446:3799] [com.apple.xpc:connection] [0xaa0ca8280] invalidated after the last release of the connection object
2026-09-14 10:15:00.796 Df PeachCommander[3446:3799] [com.apple.SkyLight:default] server port 0x00002e0b, session port 0x00002e0b
2026-09-14 10:15:00.798 Df PeachCommander[3446:3799] [com.apple.SkyLight:default] New connection 0x3451b main
2026-09-14 10:15:00.798 I  PeachCommander[3446:379f] [com.apple.SkyLight:processes] 0[outside of RPC]: First connection id 214299 mapped to ctx = 0xaa0c9c700
2026-09-14 10:15:00.798 I  PeachCommander[3446:3799] [com.apple.hiservices:processmgr] Checking in with CAS, pid=3446
2026-09-14 10:15:00.798 I  PeachCommander[3446:3799] [com.apple.launchservices:cas] LSApplicationCheckIn(), app being registered is:"/Users/admin/pc-test/PeachCommander.app/Contents/MacOS/PeachCommander"
2026-09-14 10:15:00.799 I  PeachCommander[3446:3799] [com.apple.launchservices:cas]  { "ApplicationType"="Foreground", "BuildMachineOSBuild"="25E246", "CFBundleDevelopmentRegion"="en", "CFBundleDocumentTypes"=( { "CFBundleTypeName"="Peach Commander Plugin Package", "CFBundleTypeRole"="Viewer", "LSHandlerRank"="Owner", "LSItemContentTypes"=( "com.peachcommander.plugin-package") }), "CFBundleExecutable"="PeachCommander", "CFBundleExecutablePath"="/Users/admin/pc-test/PeachCommander.app/Contents/MacOS/PeachCommander", "CFBundleHelpBookFolder"="PeachCommander.help", "CFBundleHelpBookName"="Peach Commander Help", "CFBundleIconFile"="AppIcon", "CFBundleIconName"="AppIcon", "CFBundleIdentifier"="com.peachcommander.app", "CFBundleInfoDictionaryVersion"="6.0", "CFBundleName"="PeachCommander", "CFBundleNumericVersion"=402685952, "CFBundlePackageType"="APPL", "CFBundleShortVersionString"="0.9.0", "CFBundleSignature"="?????", "CFBundleSupportedPlatforms"=( "MacOSX"), "CFBundleVersion"="18", "DTCompiler"="com.apple.compilers.llvm.clang.1_0", "DTPlatformBuild"="25F70", "DTPlatformName"="macosx", "<…>
2026-09-14 10:15:00.799 Df PeachCommander[3446:3799] [com.apple.processmanager:front-35286506] CHECKIN: pid=3446
2026-09-14 10:15:00.800 Df PeachCommander[3446:3799] [com.apple.processmanager:front-35286506] CHECKEDIN: pid=3446 asn=0x0-0x40040 foreground=1
2026-09-14 10:15:00.800 I  PeachCommander[3446:3799] [com.apple.launchservices:cas] Setting processControlState to default PROC_SETPC_SUSPEND because application does not have LSProcessControlValue key
2026-09-14 10:15:00.800 Df PeachCommander[3446:3799] [com.apple.xpc:connection] [0xaa0ca8280] activating connection: mach=false listener=true peer=false name=(anonymous)
2026-09-14 10:15:00.800 Df PeachCommander[3446:3799] [com.apple.xpc:connection] [0xaa0ca8280] Connection returned listener port: 0x4203
2026-09-14 10:15:00.800 Df PeachCommander[3446:37a0] [com.apple.xpc:connection] [0xaa1084300] activating connection: mach=false listener=false peer=true name=com.apple.xpc.anonymous.0xaa0ca8280.peer[131].0xaa1084300
2026-09-14 10:15:00.801 Df PeachCommander[3446:3799] [com.apple.processmanager:front-35286506] FRONTLOGGING: version 1
2026-09-14 10:15:00.801 Df PeachCommander[3446:3799] [com.apple.processmanager:front-35286506] Registered, pid=3446 ASN=0x0,0x40040
2026-09-14 10:15:00.801 Df PeachCommander[3446:3799] [com.apple.xpc:connection] [0xaa0ca83c0] activating connection: mach=true listener=false peer=false name=com.apple.analyticsd
2026-09-14 10:15:00.801 I  PeachCommander[3446:3799] [com.apple.CoreAnalytics:client] Daemon status changed from 0 to 1
2026-09-14 10:15:00.801 I  PeachCommander[3446:37a0] [com.apple.CarbonCore:coreservicesdaemon] SCSession():SCSession( id=100, this=0x0x102c37d40 option=65538) created, forUID=501 mach_port_t=0x4503.
2026-09-14 10:15:00.801 I  PeachCommander[3446:37a0] [com.apple.CarbonCore:coreservicesdaemon] SCSession():SCSession( id=101, this=0x0x102c37e80 option=65538) created, forUID=501 mach_port_t=0x5103.
2026-09-14 10:15:00.801 I  PeachCommander[3446:37a0] [com.apple.CarbonCore:coreservicesdaemon] connectToCoreServicesD():Instantiating server (coreservicesd based) SCSession, port=0x4503 serverOptions=0x10002.
2026-09-14 10:15:00.801 I  PeachCommander[3446:3799] [com.apple.hiservices:processmgr] _RegisterApplication( pid 3446 => 0x0,0x40040) type=foreground
2026-09-14 10:15:00.801 Df PeachCommander[3446:3799] [com.apple.xpc:connection] [0xaa0ca8280] Connection returned listener port: 0x4203
2026-09-14 10:15:00.801 Df PeachCommander[3446:37a4] [com.apple.CoreAnalytics:client] Received configuration update from daemon (initial)
2026-09-14 10:15:00.801 I  PeachCommander[3446:3799] [com.apple.launchservices:cas] CFArrayRef _LSCopyLaunchModifiers(LSSessionID, LSASNRef _Nonnull), result for psn [ kLSCurrentApp ASN, 0x0,0x2]  is 1 items.
2026-09-14 10:15:00.801 Df PeachCommander[3446:3799] [com.apple.processmanager:front-35286506] BringForward: pid=3446 asn=0x0-0x40040 bringForward=1 foreground=1 uiElement=0 launchedByLS=1 modifiersCount=1 allDisabled=1
2026-09-14 10:15:00.801 Df PeachCommander[3446:3799] [com.apple.processmanager:front-35286506] BringFrontModifier: pid=3446 asn=0x0-0x40040 Modifier 0 hideAfter=0 hideOthers=0 dontMakeFrontmost=0 mouseDown=0/0 seed=0/0
2026-09-14 10:15:00.801 Df PeachCommander[3446:3799] [com.apple.processmanager:front-35286506] BringForward: pid=3446 asn=0x0-0x40040
2026-09-14 10:15:00.801 Df PeachCommander[3446:3799] [com.apple.processmanager:front-35286506] SetFrontProcess: asn=0x0-0x40040 options=0
2026-09-14 10:15:00.801 I  PeachCommander[3446:3799] [com.apple.SkyLight:processes] 0[outside of RPC]: SLPSetFrontProcess(0x0-0x40040 window=0 options=0x0
2026-09-14 10:15:00.801 Df PeachCommander[3446:37a0] [com.apple.xpc:connection] [0xaa0ca8500] activating connection: mach=true listener=false peer=false name=com.apple.lsd.mapdb
2026-09-14 10:15:00.803 Df PeachCommander[3446:3799] [com.apple.AppKit:Appearance] Current system appearance, (HLTB: 1), (SLS: 0)
2026-09-14 10:15:00.804 Df PeachCommander[3446:3799] (libMobileGestalt.dylib) No persisted cache on this platform.
2026-09-14 10:15:00.804 I  PeachCommander[3446:379f] [com.apple.launchservices:cas] information in shared memory for 0x0-0x40040 with seed 533 was still valid, so using cached info { "ApplicationType"="Foreground", "BuildMachineOSBuild"="25E246", "BundleIdentifierLowerCase"="com.peachcommander.app", "CFBundleDevelopmentRegion"="en", "CFBundleDocumentTypes"=( { "CFBundleTypeName"="Peach Commander Plugin Package", "CFBundleTypeRole"="Viewer", "LSHandlerRank"="Owner", "LSItemContentTypes"=( "com.peachcommander.plugin-package") }), "CFBundleExecutable"="PeachCommander", "CFBundleExecutablePath"="/Users/admin/pc-test/PeachCommander.app/Contents/MacOS/PeachCommander", "CFBundleExecutablePathDeviceID"=16777225, "CFBundleExecutablePathINode"=488026, "CFBundleHelpBookFolder"="PeachCommander.help", "CFBundleHelpBookName"="Peach Commander Help", "CFBundleIconFile"="AppIcon", "CFBundleIconName"="AppIcon", "CFBundleIdentifier"="com.peachcommander.app", "CFBundleInfoDictionaryVersion"="6.0", "CFBundleName"="PeachCommander", "CFBundleNameLowerCase"="peachcommander", "CFBundleNumericVersion"=402685952, "CFBundlePackageType"="APPL", "CFBundleShortVersionString"="0.9.0", "CFBun<…>
2026-09-14 10:15:00.804 Df PeachCommander[3446:3799] (libMobileGestalt.dylib) Could not get size of EAN data (IOConnectCallScalarMethod kAppleNVMeEANGetSize returned 0xE00002E2)
2026-09-14 10:15:00.804 Df PeachCommander[3446:3799] (libMobileGestalt.dylib) Failed to copy 'aptk' from EAN
2026-09-14 10:15:00.804 Df PeachCommander[3446:3799] (libMobileGestalt.dylib) Failed to copy APTicket properties. Falling back to default policy.
2026-09-14 10:15:00.804 Df PeachCommander[3446:3799] (libMobileGestalt.dylib) Creating default MGSysConfigPolicy
2026-09-14 10:15:00.804 Df PeachCommander[3446:3799] (libMobileGestalt.dylib) CFDictionaryRef copySyscfgDictionary(void) enumeration of <private> failed.
2026-09-14 10:15:00.804 Df PeachCommander[3446:3799] (libMobileGestalt.dylib) Failed to find key <private>
2026-09-14 10:15:00.804 I  PeachCommander[3446:37a0] [com.apple.launchservices:db] LaunchServices database schema version: 20971544
2026-09-14 10:15:00.805 Df PeachCommander[3446:3799] [com.apple.AppKit:Appearance] Current system appearance, (HLTB: 1), (SLS: 0)
2026-09-14 10:15:00.805 Df PeachCommander[3446:3799] [com.apple.AppKit:Appearance] Post-registration system appearance: (HLTB: 1)
2026-09-14 10:15:00.806 I  PeachCommander[3446:37a0] [com.apple.launchservices:default] Unable to load Info.plist exceptions (eGPUOverrides)
2026-09-14 10:15:00.806 I  PeachCommander[3446:37a0] [com.apple.launchservices:default] Unable to load Info.plist exceptions (gameModeOverrides)
2026-09-14 10:15:00.806 I  PeachCommander[3446:37a0] [com.apple.launchservices:default] Unable to load Info.plist exceptions (identifiedGameOverrides)
2026-09-14 10:15:00.806 I  PeachCommander[3446:37a0] [com.apple.launchservices:default] Unable to load Info.plist exceptions (SystemHiddenPreferred)
2026-09-14 10:15:00.807 Df PeachCommander[3446:3799] [com.apple.FrontBoard:Common] FBSWorkspace: endpoint monitoring is disabled.
2026-09-14 10:15:00.807 Df PeachCommander[3446:3799] [com.apple.FrontBoard:Common] FBSWorkspace: default shell endpoint is disabled.
2026-09-14 10:15:00.807 Df PeachCommander[3446:3799] [com.apple.runningboard:connection] Initializing connection
2026-09-14 10:15:00.807 Df PeachCommander[3446:3799] [com.apple.runningboard:process] Removing all cached process handles
2026-09-14 10:15:00.807 Df PeachCommander[3446:379f] [com.apple.runningboard:connection] Sending handshake request attempt #1 to server
2026-09-14 10:15:00.807 Df PeachCommander[3446:379f] [com.apple.runningboard:connection] Creating connection to com.apple.runningboard
2026-09-14 10:15:00.807 Df PeachCommander[3446:379f] [com.apple.xpc:connection] [0xaa0ca8640] activating connection: mach=true listener=false peer=false name=com.apple.runningboard
2026-09-14 10:15:00.807 A  PeachCommander[3446:37a4] (RunningBoardServices) didChangeInheritances
2026-09-14 10:15:00.807 Df PeachCommander[3446:3799] [com.apple.xpc:connection] [0xaa0ca8280] Connection returned listener port: 0x4203
2026-09-14 10:15:00.807 Df PeachCommander[3446:379f] [com.apple.runningboard:connection] Handshake succeeded
2026-09-14 10:15:00.807 Df PeachCommander[3446:379f] [com.apple.runningboard:connection] Identity resolved as app<application.com.peachcommander.app.486930.488026(501)>
2026-09-14 10:15:00.807 I  PeachCommander[3446:3799] [com.apple.launchservices:cas] information in shared memory for 0x0-0x40040 with seed 533 was still valid, so using cached info { "ApplicationType"="Foreground", "BuildMachineOSBuild"="25E246", "BundleIdentifierLowerCase"="com.peachcommander.app", "CFBundleDevelopmentRegion"="en", "CFBundleDocumentTypes"=( { "CFBundleTypeName"="Peach Commander Plugin Package", "CFBundleTypeRole"="Viewer", "LSHandlerRank"="Owner", "LSItemContentTypes"=( "com.peachcommander.plugin-package") }), "CFBundleExecutable"="PeachCommander", "CFBundleExecutablePath"="/Users/admin/pc-test/PeachCommander.app/Contents/MacOS/PeachCommander", "CFBundleExecutablePathDeviceID"=16777225, "CFBundleExecutablePathINode"=488026, "CFBundleHelpBookFolder"="PeachCommander.help", "CFBundleHelpBookName"="Peach Commander Help", "CFBundleIconFile"="AppIcon", "CFBundleIconName"="AppIcon", "CFBundleIdentifier"="com.peachcommander.app", "CFBundleInfoDictionaryVersion"="6.0", "CFBundleName"="PeachCommander", "CFBundleNameLowerCase"="peachcommander", "CFBundleNumericVersion"=402685952, "CFBundlePackageType"="APPL", "CFBundleShortVersionString"="0.9.0", "CFBun<…>
2026-09-14 10:15:00.809 Df PeachCommander[3446:3799] [com.apple.xpc:connection] [0xaa0ca8280] Connection returned listener port: 0x4203
2026-09-14 10:15:00.809 A  PeachCommander[3446:37a0] (AppIntents) appintents:register process
2026-09-14 10:15:00.810 Df PeachCommander[3446:37a0] [com.apple.appintents:Connection] Created a new Process Instance Registry XPC connection (inactive)
2026-09-14 10:15:00.810 Df PeachCommander[3446:37a0] [com.apple.xpc:connection] [0xaa0ca88c0] activating connection: mach=true listener=false peer=false name=com.apple.linkd.autoShortcut
2026-09-14 10:15:00.810 Df PeachCommander[3446:37a0] [com.apple.appintents:Connection] Activated connection to linkd (ApplicationService)
2026-09-14 10:15:00.810 Df PeachCommander[3446:37a0] [com.apple.xpc:connection] [0xaa0ca8a00] activating connection: mach=false listener=true peer=false name=(anonymous)
2026-09-14 10:15:00.810 I  PeachCommander[3446:3799] [com.apple.launchservices:cas] information in shared memory for 0x0-0x40040 with seed 533 was still valid, so using cached info { "ApplicationType"="Foreground", "BuildMachineOSBuild"="25E246", "BundleIdentifierLowerCase"="com.peachcommander.app", "CFBundleDevelopmentRegion"="en", "CFBundleDocumentTypes"=( { "CFBundleTypeName"="Peach Commander Plugin Package", "CFBundleTypeRole"="Viewer", "LSHandlerRank"="Owner", "LSItemContentTypes"=( "com.peachcommander.plugin-package") }), "CFBundleExecutable"="PeachCommander", "CFBundleExecutablePath"="/Users/admin/pc-test/PeachCommander.app/Contents/MacOS/PeachCommander", "CFBundleExecutablePathDeviceID"=16777225, "CFBundleExecutablePathINode"=488026, "CFBundleHelpBookFolder"="PeachCommander.help", "CFBundleHelpBookName"="Peach Commander Help", "CFBundleIconFile"="AppIcon", "CFBundleIconName"="AppIcon", "CFBundleIdentifier"="com.peachcommander.app", "CFBundleInfoDictionaryVersion"="6.0", "CFBundleName"="PeachCommander", "CFBundleNameLowerCase"="peachcommander", "CFBundleNumericVersion"=402685952, "CFBundlePackageType"="APPL", "CFBundleShortVersionString"="0.9.0", "CFBun<…>
2026-09-14 10:15:00.810 I  PeachCommander[3446:3799] [com.apple.hiservices:processmgr] TransformProcessType(0x0,0x2 => 1 wasFront=1 pickNew=0)
2026-09-14 10:15:00.810 I  PeachCommander[3446:3799] [com.apple.CoreAnalytics:client] Dropping "com.apple.appkit.app_config" as it isn't used in any transform (not in the config or budgeted?)
2026-09-14 10:15:00.810 I  PeachCommander[3446:37a0] [com.apple.appintents:Execution] LNAppConnectionListener instantiated
2026-09-14 10:15:00.810 Df PeachCommander[3446:37a0] [com.apple.xpc:connection] [0xaa0ca8a00] Connection returned listener port: 0x6b03
2026-09-14 10:15:00.810 Df PeachCommander[3446:379f] [com.apple.xpc:connection] [0xaa0ca88c0] Re-initialization successful; calling out to event handler with XPC_ERROR_CONNECTION_INTERRUPTED
2026-09-14 10:15:00.810 Df PeachCommander[3446:379f] [com.apple.appintents:Connection] Process Instance Registry XPC connection has been interrupted
2026-09-14 10:15:00.810 Df PeachCommander[3446:3799] [com.apple.dt.xctest:Default] Registering for test daemon availability notify post.
2026-09-14 10:15:00.810 E  PeachCommander[3446:37a0] [com.apple.appintents:Connection] Unable to get synchronousRemoteObjectProxy, error: Error Domain=NSCocoaErrorDomain Code=4097 "connection to service named com.apple.linkd.autoShortcut" UserInfo={NSDebugDescription=connection to service named com.apple.linkd.autoShortcut}
2026-09-14 10:15:00.810 Df PeachCommander[3446:3799] [com.apple.dt.xctest:Default] notify_get_state check indicated test daemon not ready.
2026-09-14 10:15:00.810 E  PeachCommander[3446:37a0] [com.apple.AppKit:Application] Error registering app with intents framework: Error Domain=NSCocoaErrorDomain Code=4097 UserInfo={NSDebugDescription=<private>}
2026-09-14 10:15:00.810 Df PeachCommander[3446:379f] [com.apple.appintents:Connection] Created a new Process Instance Registry XPC connection (inactive)
2026-09-14 10:15:00.810 A  PeachCommander[3446:379f] (AppIntents) appintents:register process
2026-09-14 10:15:00.810 Df PeachCommander[3446:3799] [com.apple.dt.xctest:Default] notify_get_state check indicated test daemon not ready.
2026-09-14 10:15:00.811 Df PeachCommander[3446:3799] [com.apple.dt.xctest:Default] notify_get_state check indicated test daemon not ready.
2026-09-14 10:15:00.811 Df PeachCommander[3446:379f] [com.apple.appintents:Connection] Created a new Process Instance Registry XPC connection (inactive)
2026-09-14 10:15:00.811 Df PeachCommander[3446:379f] [com.apple.xpc:connection] [0xaa0ca8c80] activating connection: mach=true listener=false peer=false name=com.apple.linkd.autoShortcut
2026-09-14 10:15:00.811 Df PeachCommander[3446:379f] [com.apple.appintents:Connection] Activated connection to linkd (ApplicationService)
2026-09-14 10:15:00.811 Df PeachCommander[3446:379f] [com.apple.xpc:connection] [0xaa0ca8a00] Connection returned listener port: 0x6b03
2026-09-14 10:15:00.811 Df PeachCommander[3446:37a0] [com.apple.xpc:connection] [0xaa0ca8c80] Re-initialization successful; calling out to event handler with XPC_ERROR_CONNECTION_INTERRUPTED
2026-09-14 10:15:00.811 Df PeachCommander[3446:37a0] [com.apple.appintents:Connection] Process Instance Registry XPC connection has been interrupted
2026-09-14 10:15:00.811 E  PeachCommander[3446:379f] [com.apple.appintents:Connection] Unable to get synchronousRemoteObjectProxy, error: Error Domain=NSCocoaErrorDomain Code=4097 "connection to service named com.apple.linkd.autoShortcut" UserInfo={NSDebugDescription=connection to service named com.apple.linkd.autoShortcut}
2026-09-14 10:15:00.811 E  PeachCommander[3446:379f] [com.apple.appintents:Connection] Unable to re-register with Process Instance Registry, error: Error Domain=NSCocoaErrorDomain Code=4097 "connection to service named com.apple.linkd.autoShortcut" UserInfo={NSDebugDescription=connection to service named com.apple.linkd.autoShortcut}
2026-09-14 10:15:00.811 Df PeachCommander[3446:37a0] [com.apple.appintents:Connection] Created a new Process Instance Registry XPC connection (inactive)
2026-09-14 10:15:00.811 A  PeachCommander[3446:37a0] (AppIntents) appintents:register process
2026-09-14 10:15:00.811 Df PeachCommander[3446:37a0] [com.apple.appintents:Connection] Created a new Process Instance Registry XPC connection (inactive)
2026-09-14 10:15:00.811 Df PeachCommander[3446:37a0] [com.apple.xpc:connection] [0xaa0ca92c0] activating connection: mach=true listener=false peer=false name=com.apple.linkd.autoShortcut
2026-09-14 10:15:00.811 Df PeachCommander[3446:37a0] [com.apple.appintents:Connection] Activated connection to linkd (ApplicationService)
2026-09-14 10:15:00.811 Df PeachCommander[3446:37a0] [com.apple.xpc:connection] [0xaa0ca8a00] Connection returned listener port: 0x6b03
2026-09-14 10:15:00.811 Df PeachCommander[3446:379f] [com.apple.xpc:connection] [0xaa0ca92c0] Re-initialization successful; calling out to event handler with XPC_ERROR_CONNECTION_INTERRUPTED
2026-09-14 10:15:00.811 Df PeachCommander[3446:379f] [com.apple.appintents:Connection] Process Instance Registry XPC connection has been interrupted
2026-09-14 10:15:00.811 Df PeachCommander[3446:379f] [com.apple.appintents:Connection] Created a new Process Instance Registry XPC connection (inactive)
2026-09-14 10:15:00.811 A  PeachCommander[3446:379f] (AppIntents) appintents:register process
2026-09-14 10:15:00.812 E  PeachCommander[3446:37a0] [com.apple.appintents:Connection] Unable to get synchronousRemoteObjectProxy, error: Error Domain=NSCocoaErrorDomain Code=4097 "connection to service named com.apple.linkd.autoShortcut" UserInfo={NSDebugDescription=connection to service named com.apple.linkd.autoShortcut}
2026-09-14 10:15:00.812 E  PeachCommander[3446:37a0] [com.apple.appintents:Connection] Unable to re-register with Process Instance Registry, error: Error Domain=NSCocoaErrorDomain Code=4097 "connection to service named com.apple.linkd.autoShortcut" UserInfo={NSDebugDescription=connection to service named com.apple.linkd.autoShortcut}
2026-09-14 10:15:00.812 Df PeachCommander[3446:379f] [com.apple.appintents:Connection] Created a new Process Instance Registry XPC connection (inactive)
2026-09-14 10:15:00.812 Df PeachCommander[3446:379f] [com.apple.xpc:connection] [0xaa0ca9540] activating connection: mach=true listener=false peer=false name=com.apple.linkd.autoShortcut
2026-09-14 10:15:00.812 Df PeachCommander[3446:379f] [com.apple.appintents:Connection] Activated connection to linkd (ApplicationService)
2026-09-14 10:15:00.812 Df PeachCommander[3446:379f] [com.apple.xpc:connection] [0xaa0ca8a00] Connection returned listener port: 0x6b03
2026-09-14 10:15:00.812 Df PeachCommander[3446:37a0] [com.apple.xpc:connection] [0xaa0ca9540] Re-initialization successful; calling out to event handler with XPC_ERROR_CONNECTION_INTERRUPTED
2026-09-14 10:15:00.812 Df PeachCommander[3446:37a0] [com.apple.appintents:Connection] Process Instance Registry XPC connection has been interrupted
2026-09-14 10:15:00.812 E  PeachCommander[3446:37a0] [com.apple.appintents:Connection] Will NOT re-try to establish the connection
2026-09-14 10:15:00.812 E  PeachCommander[3446:379f] [com.apple.appintents:Connection] Unable to get synchronousRemoteObjectProxy, error: Error Domain=NSCocoaErrorDomain Code=4097 "connection to service named com.apple.linkd.autoShortcut" UserInfo={NSDebugDescription=connection to service named com.apple.linkd.autoShortcut}
2026-09-14 10:15:00.812 E  PeachCommander[3446:379f] [com.apple.appintents:Connection] Unable to re-register with Process Instance Registry, error: Error Domain=NSCocoaErrorDomain Code=4097 "connection to service named com.apple.linkd.autoShortcut" UserInfo={NSDebugDescription=connection to service named com.apple.linkd.autoShortcut}
2026-09-14 10:15:00.814 A  PeachCommander[3446:3799] (CoreFoundation) Loading Preferences From System CFPrefsD
2026-09-14 10:15:00.814 Df PeachCommander[3446:3799] (libMobileGestalt.dylib) couldn't load support library
2026-09-14 10:15:00.814 Df PeachCommander[3446:3799] (libMobileGestalt.dylib) called dummy function!
2026-09-14 10:15:00.815 I  PeachCommander[3446:3799] [com.apple.GenerativeModels:availability] Current availability state: unavailable, use cases: com.apple.WritingTools, language: <any>, api: <private>
2026-09-14 10:15:00.815 Df PeachCommander[3446:3799] [com.apple.GenerativeModels:availability] registering darwin observer for name: com.apple.gms.availability.notification
2026-09-14 10:15:00.815 Df PeachCommander[3446:3799] [com.apple.GenerativeModels:availability] registering darwin observer for name: com.apple.os-eligibility-domain.change.greymatter
2026-09-14 10:15:00.815 Df PeachCommander[3446:3799] [com.apple.GenerativeModels:availability] registering darwin observer for name: com.apple.language.changed
2026-09-14 10:15:00.815 Df PeachCommander[3446:3799] [com.apple.WritingTools:Default] isAvailable value changed: isMDMAllowed = true, gmAvailable (current) = false
2026-09-14 10:15:00.817 I  PeachCommander[3446:3799] [com.apple.CoreAnalytics:client] Dropping "com.apple.appkit.app_config" as it isn't used in any transform (not in the config or budgeted?)
2026-09-14 10:15:00.819 Df PeachCommander[3446:3799] [com.apple.AppKit:Appearance] NSApp cache appearance:
-NSRequiresAquaSystemAppearance: 0
-appearance: (null)
-effectiveAppearance: <NSCompositeAppearance: 0xaa1024780
 (
    "<NSAquaAppearance: 0xaa1024500>",
    "<NSSystemAppearance: 0xaa10246e0>"
)>
2026-09-14 10:15:00.821 A  PeachCommander[3446:3799] (CoreFoundation) Loading Preferences From User CFPrefsD
2026-09-14 10:15:00.821 A  PeachCommander[3446:3799] (CoreFoundation) Loading Preferences From User CFPrefsD
2026-09-14 10:15:00.824 A  PeachCommander[3446:37a4] (libsystem_info.dylib) Membership API: translate identifier
2026-09-14 10:15:00.826 I  PeachCommander[3446:3799] [com.apple.CoreAnalytics:client] Dropping "com.apple.appkit.app_config" as it isn't used in any transform (not in the config or budgeted?)
2026-09-14 10:15:00.826 I  PeachCommander[3446:3799] [com.apple.CoreAnalytics:client] Dropping "com.apple.appkit.app_config" as it isn't used in any transform (not in the config or budgeted?)
2026-09-14 10:15:00.827 Df PeachCommander[3446:37a0] [com.apple.xpc:connection] [0xaa0ca9a40] activating connection: mach=true listener=false peer=false name=com.apple.dock.fullscreen
2026-09-14 10:15:00.829 Df PeachCommander[3446:3799] [com.apple.xpc:connection] [0xaa0ca9b80] activating connection: mach=true listener=false peer=false name=com.apple.fonts
2026-09-14 10:15:00.831 I  PeachCommander[3446:3799] [com.apple.launchservices:cas] information in shared memory for 0x0-0x40040 with seed 533 was still valid, so using cached info { "ApplicationType"="Foreground", "BuildMachineOSBuild"="25E246", "BundleIdentifierLowerCase"="com.peachcommander.app", "CFBundleDevelopmentRegion"="en", "CFBundleDocumentTypes"=( { "CFBundleTypeName"="Peach Commander Plugin Package", "CFBundleTypeRole"="Viewer", "LSHandlerRank"="Owner", "LSItemContentTypes"=( "com.peachcommander.plugin-package") }), "CFBundleExecutable"="PeachCommander", "CFBundleExecutablePath"="/Users/admin/pc-test/PeachCommander.app/Contents/MacOS/PeachCommander", "CFBundleExecutablePathDeviceID"=16777225, "CFBundleExecutablePathINode"=488026, "CFBundleHelpBookFolder"="PeachCommander.help", "CFBundleHelpBookName"="Peach Commander Help", "CFBundleIconFile"="AppIcon", "CFBundleIconName"="AppIcon", "CFBundleIdentifier"="com.peachcommander.app", "CFBundleInfoDictionaryVersion"="6.0", "CFBundleName"="PeachCommander", "CFBundleNameLowerCase"="peachcommander", "CFBundleNumericVersion"=402685952, "CFBundlePackageType"="APPL", "CFBundleShortVersionString"="0.9.0", "CFBun<…>
2026-09-14 10:15:00.831 I  PeachCommander[3446:3799] [com.apple.CoreAnalytics:client] Dropping "com.apple.appkit.app_config" as it isn't used in any transform (not in the config or budgeted?)
2026-09-14 10:15:00.831 Df PeachCommander[3446:3799] [com.apple.AppKit:AutomaticTermination] -[NSApplication(NSAppssassination) _checkForAutomaticTerminationSupportPossiblyEnablingIt]_block_invoke Enabling automatic termination support.
2026-09-14 10:15:00.832 Df PeachCommander[3446:3799] [com.apple.xpc:connection] [0xaa0ca8dc0] activating connection: mach=true listener=false peer=false name=com.apple.appkit.restoration_storage
2026-09-14 10:15:00.832 I  PeachCommander[3446:3799] [com.apple.launchservices:cas] information in shared memory for 0x0-0x40040 with seed 533 was still valid, so using cached info { "ApplicationType"="Foreground", "BuildMachineOSBuild"="25E246", "BundleIdentifierLowerCase"="com.peachcommander.app", "CFBundleDevelopmentRegion"="en", "CFBundleDocumentTypes"=( { "CFBundleTypeName"="Peach Commander Plugin Package", "CFBundleTypeRole"="Viewer", "LSHandlerRank"="Owner", "LSItemContentTypes"=( "com.peachcommander.plugin-package") }), "CFBundleExecutable"="PeachCommander", "CFBundleExecutablePath"="/Users/admin/pc-test/PeachCommander.app/Contents/MacOS/PeachCommander", "CFBundleExecutablePathDeviceID"=16777225, "CFBundleExecutablePathINode"=488026, "CFBundleHelpBookFolder"="PeachCommander.help", "CFBundleHelpBookName"="Peach Commander Help", "CFBundleIconFile"="AppIcon", "CFBundleIconName"="AppIcon", "CFBundleIdentifier"="com.peachcommander.app", "CFBundleInfoDictionaryVersion"="6.0", "CFBundleName"="PeachCommander", "CFBundleNameLowerCase"="peachcommander", "CFBundleNumericVersion"=402685952, "CFBundlePackageType"="APPL", "CFBundleShortVersionString"="0.9.0", "CFBun<…>
2026-09-14 10:15:00.832 Df PeachCommander[3446:3799] [com.apple.xpc:connection] [0xaa0ca8f00] activating connection: mach=true listener=false peer=false name=com.apple.coreservices.appleevents
2026-09-14 10:15:00.832 I  PeachCommander[3446:3799] [com.apple.appleevents:main] _AEGetRegisteredMachPort() created default port (port:64515/0xfc03 rcv:1 send:1 limit:5) and registered it with server
2026-09-14 10:15:00.832 Df PeachCommander[3446:3799] [com.apple.xpc:connection] [0xaa0ca8280] Connection returned listener port: 0x4203
2026-09-14 10:15:00.832 I  PeachCommander[3446:3799] [com.apple.launchservices:cas] information in shared memory for 0x0-0x40040 with seed 533 was still valid, so using cached info { "ApplicationType"="Foreground", "BuildMachineOSBuild"="25E246", "BundleIdentifierLowerCase"="com.peachcommander.app", "CFBundleDevelopmentRegion"="en", "CFBundleDocumentTypes"=( { "CFBundleTypeName"="Peach Commander Plugin Package", "CFBundleTypeRole"="Viewer", "LSHandlerRank"="Owner", "LSItemContentTypes"=( "com.peachcommander.plugin-package") }), "CFBundleExecutable"="PeachCommander", "CFBundleExecutablePath"="/Users/admin/pc-test/PeachCommander.app/Contents/MacOS/PeachCommander", "CFBundleExecutablePathDeviceID"=16777225, "CFBundleExecutablePathINode"=488026, "CFBundleHelpBookFolder"="PeachCommander.help", "CFBundleHelpBookName"="Peach Commander Help", "CFBundleIconFile"="AppIcon", "CFBundleIconName"="AppIcon", "CFBundleIdentifier"="com.peachcommander.app", "CFBundleInfoDictionaryVersion"="6.0", "CFBundleName"="PeachCommander", "CFBundleNameLowerCase"="peachcommander", "CFBundleNumericVersion"=402685952, "CFBundlePackageType"="APPL", "CFBundleShortVersionString"="0.9.0", "CFBun<…>
2026-09-14 10:15:00.832 Df PeachCommander[3446:3799] [com.apple.processmanager:front-35286506] SignalReady: pid=3446 asn=0x0-0x40040
2026-09-14 10:15:00.832 Df PeachCommander[3446:3799] [com.apple.processmanager:front-35286506] SIGNAL: pid=3446 asn=0x0x-0x40040
2026-09-14 10:15:00.832 I  PeachCommander[3446:3799] [com.apple.appleevents:main] aeGenerateFakeFirstOAPPEventIfNecessary()
2026-09-14 10:15:00.832 I  PeachCommander[3446:3799] [com.apple.appleevents:main] aeGenerateFakeFirstOAPPEventIfNecessary(), needToCreateFakeOAPPEventIfFirstEvent == true
2026-09-14 10:15:00.832 I  PeachCommander[3446:3799] [com.apple.launchservices:cas] Removing cached information for app [ 0x0-0x40040]  "PeachCommander", as its seed is different from that in shared memory ( 533 vs 535)
2026-09-14 10:15:00.833 I  PeachCommander[3446:3799] [com.apple.CFPasteboard:entry] CopyData('DefaultAsciiKeyboardLayoutPasteboard' (<CFUUID 0xaa0e727a0> 1634D067-2682-4220-897D-E3C4005D9CB4) gen: -1 item: 1264739405 flavor: 'DefaultAsciiKeyboardLayoutFlavor')
2026-09-14 10:15:00.833 I  PeachCommander[3446:3799] [com.apple.CFPasteboard:cache] Rebuilding cache for 'DefaultAsciiKeyboardLayoutPasteboard' (<CFUUID 0xaa0e727a0> 1634D067-2682-4220-897D-E3C4005D9CB4)
2026-09-14 10:15:00.833 I  PeachCommander[3446:3799] [com.apple.CFPasteboard:exit] (not-in-cache) - result: -8 generation: 0 null data flags: 0
2026-09-14 10:15:00.833 A  PeachCommander[3446:3799] (CoreFoundation) Loading Preferences From User CFPrefsD
2026-09-14 10:15:00.833 A  PeachCommander[3446:3799] (CoreFoundation) Loading Preferences From System CFPrefsD
2026-09-14 10:15:00.834 I  PeachCommander[3446:3799] [com.apple.CFPasteboard:entry] CopyData('AppleIntlFileCacheModificationDatePasteboard' (<CFUUID 0xaa0e726c0> 5D0F4557-AB17-468E-92F0-343AA5F93461) gen: -1 item: 1 flavor: '-32766 1768845414')
2026-09-14 10:15:00.834 I  PeachCommander[3446:3799] [com.apple.CFPasteboard:cache] Rebuilding cache for 'AppleIntlFileCacheModificationDatePasteboard' (<CFUUID 0xaa0e726c0> 5D0F4557-AB17-468E-92F0-343AA5F93461)
2026-09-14 10:15:00.834 I  PeachCommander[3446:3799] [com.apple.CFPasteboard:general] Will request data from daemon
2026-09-14 10:15:00.834 I  PeachCommander[3446:3799] [com.apple.CFPasteboard:exit] (not-in-cache) - result: 0 generation: 1 data (310 bytes) flags: 0
2026-09-14 10:15:00.834 I  PeachCommander[3446:3799] [com.apple.CFPasteboard:entry] CopyData('AppleIntlFileCacheModificationDatePasteboard' (<CFUUID 0xaa0e726c0> 5D0F4557-AB17-468E-92F0-343AA5F93461) gen: -1 item: 1 flavor: '-32765 1802264953')
2026-09-14 10:15:00.834 I  PeachCommander[3446:3799] [com.apple.CFPasteboard:general] Will request data from daemon
2026-09-14 10:15:00.834 I  PeachCommander[3446:3799] [com.apple.CFPasteboard:exit] (not-in-cache) - result: 0 generation: 1 data (306 bytes) flags: 0
2026-09-14 10:15:00.834 I  PeachCommander[3446:3799] [com.apple.CFPasteboard:entry] CopyData('AppleIntlFileCacheModificationDatePasteboard' (<CFUUID 0xaa0e726c0> 5D0F4557-AB17-468E-92F0-343AA5F93461) gen: -1 item: 1 flavor: '-32764 1802264953')
2026-09-14 10:15:00.834 I  PeachCommander[3446:3799] [com.apple.CFPasteboard:general] Will request data from daemon
2026-09-14 10:15:00.834 I  PeachCommander[3446:3799] [com.apple.CFPasteboard:exit] (not-in-cache) - result: 0 generation: 1 data (281 bytes) flags: 0
2026-09-14 10:15:00.834 I  PeachCommander[3446:3799] [com.apple.CFPasteboard:entry] CopyData('AppleIntlFileCacheModificationDatePasteboard' (<CFUUID 0xaa0e726c0> 5D0F4557-AB17-468E-92F0-343AA5F93461) gen: -1 item: 1 flavor: '-32763 1802264953')
2026-09-14 10:15:00.834 I  PeachCommander[3446:3799] [com.apple.CFPasteboard:general] Will request data from daemon
2026-09-14 10:15:00.834 I  PeachCommander[3446:3799] [com.apple.CFPasteboard:exit] (not-in-cache) - result: 0 generation: 1 data (318 bytes) flags: 0
2026-09-14 10:15:00.834 I  PeachCommander[3446:3799] [com.apple.CFPasteboard:entry] CopyData('AppleIntlFileCacheModificationDatePasteboard' (<CFUUID 0xaa0e726c0> 5D0F4557-AB17-468E-92F0-343AA5F93461) gen: -1 item: 1 flavor: '-32765 1768845414')
2026-09-14 10:15:00.834 I  PeachCommander[3446:3799] [com.apple.CFPasteboard:general] Will request data from daemon
2026-09-14 10:15:00.834 I  PeachCommander[3446:3799] [com.apple.CFPasteboard:exit] (not-in-cache) - result: 0 generation: 1 data (303 bytes) flags: 0
2026-09-14 10:15:00.834 I  PeachCommander[3446:3799] [com.apple.CFPasteboard:entry] CopyData('AppleIntlFileCacheModificationDatePasteboard' (<CFUUID 0xaa0e726c0> 5D0F4557-AB17-468E-92F0-343AA5F93461) gen: -1 item: 1 flavor: '-32763 1768845414')
2026-09-14 10:15:00.834 I  PeachCommander[3446:3799] [com.apple.CFPasteboard:general] Will request data from daemon
2026-09-14 10:15:00.834 I  PeachCommander[3446:3799] [com.apple.CFPasteboard:exit] (not-in-cache) - result: 0 generation: 1 data (315 bytes) flags: 0
2026-09-14 10:15:00.835 I  PeachCommander[3446:3799] [com.apple.launchservices:cas] information in shared memory for 0x0-0x40040 with seed 535 was still valid, so using cached info { "ApplicationType"="Foreground", "BuildMachineOSBuild"="25E246", "BundleIdentifierLowerCase"="com.peachcommander.app", "CFBundleDevelopmentRegion"="en", "CFBundleDocumentTypes"=( { "CFBundleTypeName"="Peach Commander Plugin Package", "CFBundleTypeRole"="Viewer", "LSHandlerRank"="Owner", "LSItemContentTypes"=( "com.peachcommander.plugin-package") }), "CFBundleExecutable"="PeachCommander", "CFBundleExecutablePath"="/Users/admin/pc-test/PeachCommander.app/Contents/MacOS/PeachCommander", "CFBundleExecutablePathDeviceID"=16777225, "CFBundleExecutablePathINode"=488026, "CFBundleHelpBookFolder"="PeachCommander.help", "CFBundleHelpBookName"="Peach Commander Help", "CFBundleIconFile"="AppIcon", "CFBundleIconName"="AppIcon", "CFBundleIdentifier"="com.peachcommander.app", "CFBundleInfoDictionaryVersion"="6.0", "CFBundleName"="PeachCommander", "CFBundleNameLowerCase"="peachcommander", "CFBundleNumericVersion"=402685952, "CFBundlePackageType"="APPL", "CFBundleShortVersionString"="0.9.0", "CFBun<…>
2026-09-14 10:15:00.835 Df PeachCommander[3446:3799] [com.apple.xpc:connection] [0xaa0ca9e00] activating connection: mach=false listener=false peer=false name=com.apple.ViewBridgeAuxiliary
2026-09-14 10:15:00.841 Df PeachCommander[3446:3799] [com.apple.xpc:connection] [0xaa0ca9cc0] activating connection: mach=false listener=false peer=false name=(anonymous)
2026-09-14 10:15:00.842 Df PeachCommander[3446:3799] [com.apple.xpc:connection] [0xaa0ca9f40] activating connection: mach=false listener=true peer=false name=(anonymous)
2026-09-14 10:15:00.842 Df PeachCommander[3446:3799] [com.apple.xpc:connection] [0xaa0ca9f40] Connection returned listener port: 0xf403
2026-09-14 10:15:00.842 Df PeachCommander[3446:3799] [com.apple.xpc:connection] [0xaa0ca9e00] invalidated after the last release of the connection object
2026-09-14 10:15:00.842 I  PeachCommander[3446:3799] [com.apple.showhide:pr-59900543] SHOWHIDE: SHOW id=60 0x0-0x40040, err=0 eventTime=182291927333 windowID=0
2026-09-14 10:15:00.842 I  PeachCommander[3446:3799] [com.apple.CarbonCore:coreservicesdaemon] findOrCreateCacheable():findOrCreateCacheable(), factoryName=3 cacheableName=<private> fCacheables.size()=0
2026-09-14 10:15:00.842 I  PeachCommander[3446:3799] [com.apple.CarbonCore:coreservicesdaemon] findOrCreateCacheable():findOrCreateCacheable(), result = 0xaa1370f80 (should be non-NULL)
2026-09-14 10:15:00.842 Df PeachCommander[3446:3799] [com.apple.AppKit:AutomaticTermination] void _NSDisableAutomaticTerminationAndLog(NSString *) Restoring windows
2026-09-14 10:15:00.842 Df PeachCommander[3446:3799] [com.apple.AppKit:StateRestoration] -[NSApplication _reopenWindowsAsNecessaryIncludingRestorableState:withFullFidelity:completionHandler:] shouldRestoreState=1 hasPersistentStateToRestore=0 shouldStillRestoreStateAfterPrompting=0
2026-09-14 10:15:00.842 Df PeachCommander[3446:3799] [com.apple.xpc:connection] [0xaa0ca9e00] activating connection: mach=true listener=false peer=false name=com.apple.window_proxies
2026-09-14 10:15:00.842 Df PeachCommander[3446:3799] [com.apple.xpc:connection] [0xaa0ca9e00] invalidated because the current process cancelled the connection by calling xpc_connection_cancel()
2026-09-14 10:15:00.843 I  PeachCommander[3446:3799] [com.apple.SkyLight:processes] 0[outside of RPC]: SLSSetFrontProcessWithInfo(0x0-0x2 window=0 options=0x1
2026-09-14 10:15:00.843 I  PeachCommander[3446:3799] [com.apple.CoreAnalytics:client] Dropping "com.apple.appkit.app_config" as it isn't used in any transform (not in the config or budgeted?)
2026-09-14 10:15:00.843 Df PeachCommander[3446:3799] [com.apple.AppKit:AutomaticTermination] void _NSEnableAutomaticTerminationAndLog(NSString *) Restoring windows
2026-09-14 10:15:00.845 I  PeachCommander[3446:3799] [com.apple.CoreAnalytics:client] Dropping "com.apple.appkit.app_config" as it isn't used in any transform (not in the config or budgeted?)
2026-09-14 10:15:00.845 I  PeachCommander[3446:3799] [com.apple.CoreAnalytics:client] Dropping "com.apple.appkit.app_config" as it isn't used in any transform (not in the config or budgeted?)
2026-09-14 10:15:00.853 A  PeachCommander[3446:3799] (CoreFoundation) Loading Preferences From User CFPrefsD
2026-09-14 10:15:00.858 I  PeachCommander[3446:3799] [com.peachcommander:PCFoundation] VolumeManager initialized
2026-09-14 10:15:00.874 Df PeachCommander[3446:3799] [com.apple.BoardServices:XPCErrors] [C:1] Alloc <private>
2026-09-14 10:15:00.874 Df PeachCommander[3446:3799] [com.apple.xpc:connection] [0xaa0f25180] activating connection: mach=false listener=false peer=false name=(anonymous)
2026-09-14 10:15:00.875 I  PeachCommander[3446:3799] [com.apple.AppKit:Window] context (0 -> c1bd4f25) for window 85
2026-09-14 10:15:00.876 Df PeachCommander[3446:37a4] [com.apple.corespotlight:index] (<private>) deleteSearchableItemsWithDomainIdentifiers, protectionClass:(null), domainIdentifiers number:1
2026-09-14 10:15:00.876 A  PeachCommander[3446:37a4] (CoreSpotlight) delete-domains
2026-09-14 10:15:00.876 Df PeachCommander[3446:37a4] [com.apple.corespotlight:index] CSInlineDonation:<private>: Skipping donation (feature flag disabled)
2026-09-14 10:15:00.876 Df PeachCommander[3446:37a4] (CoreSpotlight) sConnectionName: com.apple.spotlight.IndexAgent
2026-09-14 10:15:00.876 Df PeachCommander[3446:37a4] (CoreSpotlight) Start service name com.apple.spotlight.IndexAgent
2026-09-14 10:15:00.876 Df PeachCommander[3446:37a4] [com.apple.xpc:connection] [0xaa0f25400] activating connection: mach=true listener=false peer=false name=com.apple.spotlight.IndexAgent
2026-09-14 10:15:00.876 I  PeachCommander[3446:3799] [com.peachcommander:PCFoundation] MainWindowController initialized (config: <private>)
2026-09-14 10:15:00.876 I  PeachCommander[3446:3799] [com.peachcommander:PCFoundation] SelectionState initialized
2026-09-14 10:15:00.876 I  PeachCommander[3446:3799] [com.peachcommander:PCFoundation] DirectoryModel initialized
2026-09-14 10:15:00.876 I  PeachCommander[3446:3799] [com.peachcommander:PCFoundation] VolumeManager initialized
2026-09-14 10:15:00.876 I  PeachCommander[3446:3799] [com.peachcommander:PCFoundation] PanelController initialized for <private> panel
2026-09-14 10:15:00.877 I  PeachCommander[3446:3799] [com.peachcommander:PCFoundation] SelectionState initialized
2026-09-14 10:15:00.877 I  PeachCommander[3446:3799] [com.peachcommander:PCFoundation] DirectoryModel initialized
2026-09-14 10:15:00.877 I  PeachCommander[3446:3799] [com.peachcommander:PCFoundation] VolumeManager initialized
2026-09-14 10:15:00.877 I  PeachCommander[3446:3799] [com.peachcommander:PCFoundation] PanelController initialized for <private> panel
2026-09-14 10:15:00.880 I  PeachCommander[3446:3799] [com.apple.AppKit:Animation] Running new animation: <private>
2026-09-14 10:15:00.881 I  PeachCommander[3446:3799] [com.apple.AppKit:Animation] Running new animation: <private>
2026-09-14 10:15:00.881 I  PeachCommander[3446:3799] [com.apple.AppKit:Animation] Running new animation: <private>
2026-09-14 10:15:00.881 I  PeachCommander[3446:3799] [com.apple.AppKit:Animation] Running new animation: <private>
2026-09-14 10:15:00.881 I  PeachCommander[3446:3799] [com.apple.AppKit:Animation] Running new animation: <private>
2026-09-14 10:15:00.883 A  PeachCommander[3446:37a4] (RunningBoardServices) didChangeInheritances
2026-09-14 10:15:00.883 I  PeachCommander[3446:3799] [com.apple.AppKit:Animation] Running new animation: <private>
2026-09-14 10:15:00.883 I  PeachCommander[3446:3799] [com.apple.AppKit:Animation] Running new animation: <private>
2026-09-14 10:15:00.883 I  PeachCommander[3446:3799] [com.apple.AppKit:Animation] Running new animation: <private>
2026-09-14 10:15:00.883 I  PeachCommander[3446:3799] [com.apple.AppKit:Animation] Running new animation: <private>
2026-09-14 10:15:00.883 I  PeachCommander[3446:3799] [com.apple.AppKit:Animation] Running new animation: <private>
2026-09-14 10:15:00.889 I  PeachCommander[3446:3799] [com.apple.CoreAnalytics:client] Dropping "com.apple.appkit.app_config" as it isn't used in any transform (not in the config or budgeted?)
2026-09-14 10:15:00.890 I  PeachCommander[3446:3799] [com.apple.CoreAnalytics:client] Dropping "com.apple.appkit.app_config" as it isn't used in any transform (not in the config or budgeted?)
2026-09-14 10:15:00.897 Df PeachCommander[3446:3799] [com.apple.xpc:connection] [0xaa04cd680] activating connection: mach=true listener=false peer=false name=com.apple.iconservices
2026-09-14 10:15:00.897 Df PeachCommander[3446:3799] [com.apple.xpc:connection] [0xaa04cd7c0] activating connection: mach=true listener=false peer=false name=com.apple.iconservices.store
2026-09-14 10:15:00.898 I  PeachCommander[3446:3799] [com.peachcommander:Theme] no user themes in /Users/admin/pc-cfg/themes
2026-09-14 10:15:00.898 Df PeachCommander[3446:3799] [com.apple.AppKit:Appearance] Invalidate NSApp effectiveAppearance
2026-09-14 10:15:00.898 Df PeachCommander[3446:3799] [com.apple.AppKit:Appearance] NSApp cache appearance:
-NSRequiresAquaSystemAppearance: 0
-appearance: <NSCompositeAppearance: 0xaa10259a0
 (
    "<NSDarkAquaAppearance: 0xaa1025a40>",
    "<NSSystemAppearance: 0xaa10246e0>"
)>
-effectiveAppearance: <NSCompositeAppearance: 0xaa10259a0
 (
    "<NSDarkAquaAppearance: 0xaa1025a40>",
    "<NSSystemAppearance: 0xaa10246e0>"
)>
2026-09-14 10:15:00.900 I  PeachCommander[3446:3799] [com.peachcommander:PCFoundation] Theme applied: id=system, appearance=dark, dark=true, background=#333333
2026-09-14 10:15:00.924 I  PeachCommander[3446:3799] [com.apple.AppKit:Image] ISImage reported a placeholder, image rep is providing a placeholder image for <private>
2026-09-14 10:15:00.924 I  PeachCommander[3446:3799] [com.apple.AppKit:Image] ISImage reported a placeholder, image rep is providing a placeholder image for <private>
2026-09-14 10:15:00.924 I  PeachCommander[3446:3799] [com.apple.CoreAnalytics:client] Dropping "com.apple.appkit.app_config" as it isn't used in any transform (not in the config or budgeted?)
2026-09-14 10:15:00.924 I  PeachCommander[3446:37a4] [com.apple.iconservices:foundation] layer data size zero
2026-09-14 10:15:00.925 I  PeachCommander[3446:379f] [com.apple.iconservices:foundation] layer data size zero
2026-09-14 10:15:00.928 I  PeachCommander[3446:3799] [com.peachcommander:PCFoundation] Keymap loaded: scheme=<private>, 82 effective bindings
2026-09-14 10:15:00.929 I  PeachCommander[3446:3799] [com.apple.AppKit:Animation] Running new animation: <private>
2026-09-14 10:15:00.929 I  PeachCommander[3446:3799] [com.apple.AppKit:Animation] Running new animation: <private>
2026-09-14 10:15:00.929 I  PeachCommander[3446:3799] [com.apple.AppKit:Animation] Running new animation: <private>
2026-09-14 10:15:00.929 I  PeachCommander[3446:3799] [com.apple.AppKit:Animation] Running new animation: <private>
2026-09-14 10:15:00.929 I  PeachCommander[3446:3799] [com.apple.AppKit:Animation] Running new animation: <private>
2026-09-14 10:15:00.929 I  PeachCommander[3446:3799] [com.apple.AppKit:Animation] Running new animation: <private>
2026-09-14 10:15:00.929 I  PeachCommander[3446:3799] [com.apple.AppKit:Animation] Running new animation: <private>
2026-09-14 10:15:00.930 I  PeachCommander[3446:3799] [com.apple.AppKit:Animation] Running new animation: <private>
2026-09-14 10:15:00.930 I  PeachCommander[3446:3799] [com.apple.AppKit:Animation] Running new animation: <private>
2026-09-14 10:15:00.930 I  PeachCommander[3446:3799] [com.apple.AppKit:Animation] Running new animation: <private>
2026-09-14 10:15:00.933 I  PeachCommander[3446:3799] [com.apple.CoreAnalytics:client] Dropping "<private>" as it isn't used in any transform (not in the config or budgeted?)
2026-09-14 10:15:00.933 I  PeachCommander[3446:3799] [com.apple.CoreAnalytics:client] Dropping "<private>" as it isn't used in any transform (not in the config or budgeted?)
2026-09-14 10:15:00.933 I  PeachCommander[3446:3799] [com.apple.CoreAnalytics:client] Dropping "<private>" as it isn't used in any transform (not in the config or budgeted?)
2026-09-14 10:15:00.934 I  PeachCommander[3446:3799] [com.peachcommander:PCFoundation] MainWindowController window loaded
2026-09-14 10:15:00.934 I  PeachCommander[3446:3799] [com.apple.launchservices:cas] information in shared memory for 0x0-0x40040 with seed 535 was still valid, so using cached info { "ApplicationType"="Foreground", "BuildMachineOSBuild"="25E246", "BundleIdentifierLowerCase"="com.peachcommander.app", "CFBundleDevelopmentRegion"="en", "CFBundleDocumentTypes"=( { "CFBundleTypeName"="Peach Commander Plugin Package", "CFBundleTypeRole"="Viewer", "LSHandlerRank"="Owner", "LSItemContentTypes"=( "com.peachcommander.plugin-package") }), "CFBundleExecutable"="PeachCommander", "CFBundleExecutablePath"="/Users/admin/pc-test/PeachCommander.app/Contents/MacOS/PeachCommander", "CFBundleExecutablePathDeviceID"=16777225, "CFBundleExecutablePathINode"=488026, "CFBundleHelpBookFolder"="PeachCommander.help", "CFBundleHelpBookName"="Peach Commander Help", "CFBundleIconFile"="AppIcon", "CFBundleIconName"="AppIcon", "CFBundleIdentifier"="com.peachcommander.app", "CFBundleInfoDictionaryVersion"="6.0", "CFBundleName"="PeachCommander", "CFBundleNameLowerCase"="peachcommander", "CFBundleNumericVersion"=402685952, "CFBundlePackageType"="APPL", "CFBundleShortVersionString"="0.9.0", "CFBun<…>
2026-09-14 10:15:00.934 I  PeachCommander[3446:3799] [com.apple.launchservices:cas] information in shared memory for 0x0-0x40040 with seed 535 was still valid, so using cached info { "ApplicationType"="Foreground", "BuildMachineOSBuild"="25E246", "BundleIdentifierLowerCase"="com.peachcommander.app", "CFBundleDevelopmentRegion"="en", "CFBundleDocumentTypes"=( { "CFBundleTypeName"="Peach Commander Plugin Package", "CFBundleTypeRole"="Viewer", "LSHandlerRank"="Owner", "LSItemContentTypes"=( "com.peachcommander.plugin-package") }), "CFBundleExecutable"="PeachCommander", "CFBundleExecutablePath"="/Users/admin/pc-test/PeachCommander.app/Contents/MacOS/PeachCommander", "CFBundleExecutablePathDeviceID"=16777225, "CFBundleExecutablePathINode"=488026, "CFBundleHelpBookFolder"="PeachCommander.help", "CFBundleHelpBookName"="Peach Commander Help", "CFBundleIconFile"="AppIcon", "CFBundleIconName"="AppIcon", "CFBundleIdentifier"="com.peachcommander.app", "CFBundleInfoDictionaryVersion"="6.0", "CFBundleName"="PeachCommander", "CFBundleNameLowerCase"="peachcommander", "CFBundleNumericVersion"=402685952, "CFBundlePackageType"="APPL", "CFBundleShortVersionString"="0.9.0", "CFBun<…>
2026-09-14 10:15:00.935 I  PeachCommander[3446:3799] [com.apple.AppKit:Image] ISImage reported a placeholder, image rep is providing a placeholder image for <private>
2026-09-14 10:15:00.935 I  PeachCommander[3446:3799] [com.apple.AppKit:Image] ISImage reported a placeholder, image rep is providing a placeholder image for <private>
2026-09-14 10:15:00.942 I  PeachCommander[3446:3799] [com.apple.AppKit:Window] order window front conditionally: 85 related: 0
2026-09-14 10:15:00.942 Df PeachCommander[3446:3799] [com.apple.AppKit:AutomaticTermination] void _NSEnableAutomaticTerminationAndLog(NSString *) No windows open yet
2026-09-14 10:15:00.942 I  PeachCommander[3446:3799] [com.apple.AppKit:Intelligence] starting collection observation
2026-09-14 10:15:00.942 Df PeachCommander[3446:37a4] [com.apple.UIIntelligenceSupport:xpc] establishing connection to agent
2026-09-14 10:15:00.942 Df PeachCommander[3446:37a4] [com.apple.xpc:session] [0xaa0762530] Session created.
2026-09-14 10:15:00.942 Df PeachCommander[3446:37a4] [com.apple.xpc:session] [0xaa0762530] Session created from connection [0xaa04ce580]
2026-09-14 10:15:00.942 Df PeachCommander[3446:37a4] [com.apple.xpc:connection] [0xaa04ce580] activating connection: mach=true listener=false peer=false name=com.apple.uiintelligencesupport.agent
2026-09-14 10:15:00.942 Df PeachCommander[3446:37a4] [com.apple.xpc:session] [0xaa0762530] Session activated
2026-09-14 10:15:00.942 I  PeachCommander[3446:3799] [com.apple.SkyLight:processes] 0[outside of RPC]: SLSSetFrontProcessWithInfo(0x0-0x2 window=0 options=0x1
2026-09-14 10:15:00.943 Df PeachCommander[3446:379f] [com.apple.UIIntelligenceSupport:xpc] Connection established with agent PID: 1217
2026-09-14 10:15:00.943 I  PeachCommander[3446:3799] [com.apple.launchservices:cas] information in shared memory for 0x0-0x40040 with seed 535 was still valid, so using cached info { "ApplicationType"="Foreground", "BuildMachineOSBuild"="25E246", "BundleIdentifierLowerCase"="com.peachcommander.app", "CFBundleDevelopmentRegion"="en", "CFBundleDocumentTypes"=( { "CFBundleTypeName"="Peach Commander Plugin Package", "CFBundleTypeRole"="Viewer", "LSHandlerRank"="Owner", "LSItemContentTypes"=( "com.peachcommander.plugin-package") }), "CFBundleExecutable"="PeachCommander", "CFBundleExecutablePath"="/Users/admin/pc-test/PeachCommander.app/Contents/MacOS/PeachCommander", "CFBundleExecutablePathDeviceID"=16777225, "CFBundleExecutablePathINode"=488026, "CFBundleHelpBookFolder"="PeachCommander.help", "CFBundleHelpBookName"="Peach Commander Help", "CFBundleIconFile"="AppIcon", "CFBundleIconName"="AppIcon", "CFBundleIdentifier"="com.peachcommander.app", "CFBundleInfoDictionaryVersion"="6.0", "CFBundleName"="PeachCommander", "CFBundleNameLowerCase"="peachcommander", "CFBundleNumericVersion"=402685952, "CFBundlePackageType"="APPL", "CFBundleShortVersionString"="0.9.0", "CFBun<…>
2026-09-14 10:15:00.943 Df PeachCommander[3446:3799] [com.apple.xpc:connection] [0xaa04ce6c0] activating connection: mach=true listener=false peer=false name=com.apple.FileCoordination
2026-09-14 10:15:00.943 Df PeachCommander[3446:379f] [com.apple.foundation.filecoordination:presenter] Adding presenter EE7464D0-88BD-4B1A-A4A3-21EA651C3501 for URL: <private>
2026-09-14 10:15:00.943 I  PeachCommander[3446:3799] [com.apple.launchservices:cas] information in shared memory for 0x0-0x40040 with seed 535 was still valid, so using cached info { "ApplicationType"="Foreground", "BuildMachineOSBuild"="25E246", "BundleIdentifierLowerCase"="com.peachcommander.app", "CFBundleDevelopmentRegion"="en", "CFBundleDocumentTypes"=( { "CFBundleTypeName"="Peach Commander Plugin Package", "CFBundleTypeRole"="Viewer", "LSHandlerRank"="Owner", "LSItemContentTypes"=( "com.peachcommander.plugin-package") }), "CFBundleExecutable"="PeachCommander", "CFBundleExecutablePath"="/Users/admin/pc-test/PeachCommander.app/Contents/MacOS/PeachCommander", "CFBundleExecutablePathDeviceID"=16777225, "CFBundleExecutablePathINode"=488026, "CFBundleHelpBookFolder"="PeachCommander.help", "CFBundleHelpBookName"="Peach Commander Help", "CFBundleIconFile"="AppIcon", "CFBundleIconName"="AppIcon", "CFBundleIdentifier"="com.peachcommander.app", "CFBundleInfoDictionaryVersion"="6.0", "CFBundleName"="PeachCommander", "CFBundleNameLowerCase"="peachcommander", "CFBundleNumericVersion"=402685952, "CFBundlePackageType"="APPL", "CFBundleShortVersionString"="0.9.0", "CFBun<…>
2026-09-14 10:15:00.947 I  PeachCommander[3446:3799] [com.apple.AppKit:Window] order all windows front 182291927333
2026-09-14 10:15:00.947 I  PeachCommander[3446:3799] [com.apple.launchservices:cas] information in shared memory for 0x0-0x40040 with seed 535 was still valid, so using cached info { "ApplicationType"="Foreground", "BuildMachineOSBuild"="25E246", "BundleIdentifierLowerCase"="com.peachcommander.app", "CFBundleDevelopmentRegion"="en", "CFBundleDocumentTypes"=( { "CFBundleTypeName"="Peach Commander Plugin Package", "CFBundleTypeRole"="Viewer", "LSHandlerRank"="Owner", "LSItemContentTypes"=( "com.peachcommander.plugin-package") }), "CFBundleExecutable"="PeachCommander", "CFBundleExecutablePath"="/Users/admin/pc-test/PeachCommander.app/Contents/MacOS/PeachCommander", "CFBundleExecutablePathDeviceID"=16777225, "CFBundleExecutablePathINode"=488026, "CFBundleHelpBookFolder"="PeachCommander.help", "CFBundleHelpBookName"="Peach Commander Help", "CFBundleIconFile"="AppIcon", "CFBundleIconName"="AppIcon", "CFBundleIdentifier"="com.peachcommander.app", "CFBundleInfoDictionaryVersion"="6.0", "CFBundleName"="PeachCommander", "CFBundleNameLowerCase"="peachcommander", "CFBundleNumericVersion"=402685952, "CFBundlePackageType"="APPL", "CFBundleShortVersionString"="0.9.0", "CFBun<…>
2026-09-14 10:15:00.947 I  PeachCommander[3446:3799] [com.apple.showhide:pr-59900543] SHOWHIDE: CONFIRM, id=60, err=0
2026-09-14 10:15:00.947 I  PeachCommander[3446:3799] [com.apple.AppKit:Window] context (0 -> 37214298) for window 84
2026-09-14 10:15:00.947 I  PeachCommander[3446:3799] [com.apple.AppKit:Window] context (0 -> dd60ce4c) for window 83
2026-09-14 10:15:00.947 I  PeachCommander[3446:3799] [com.apple.AppKit:Window] context (0 -> 83ee156c) for window 82
2026-09-14 10:15:00.947 I  PeachCommander[3446:3799] [com.apple.AppKit:Window] context (0 -> 230794a) for window 81
2026-09-14 10:15:00.971 Df PeachCommander[3446:3799] [com.apple.AppKit:AutomaticTermination] void _updateToReflectAutomaticTerminationState(void) Setting _kLSApplicationWouldBeTerminatedByTALKey=0
2026-09-14 10:15:00.972 I  PeachCommander[3446:3799] [com.apple.runningboard:assertion] Acquiring assertion: <RBSAssertionDescriptor| "AppNap adapter assertion" ID:(null) target:3446>
2026-09-14 10:15:00.973 I  PeachCommander[3446:3799] [com.apple.AppKit:Image] ISImage reported a placeholder, image rep is providing a placeholder image for <private>
2026-09-14 10:15:00.973 I  PeachCommander[3446:3799] [com.apple.AppKit:Image] ISImage reported a placeholder, image rep is providing a placeholder image for <private>
2026-09-14 10:15:00.973 I  PeachCommander[3446:3799] [com.apple.AppKit:Image] ISImage reported a placeholder, image rep is providing a placeholder image for <private>
2026-09-14 10:15:00.973 I  PeachCommander[3446:3799] [com.apple.AppKit:Image] ISImage reported a placeholder, image rep is providing a placeholder image for <private>
2026-09-14 10:15:00.973 I  PeachCommander[3446:3799] [com.apple.AppKit:Image] ISImage reported a placeholder, image rep is providing a placeholder image for <private>
2026-09-14 10:15:00.973 I  PeachCommander[3446:3799] [com.apple.AppKit:Image] ISImage reported a placeholder, image rep is providing a placeholder image for <private>
2026-09-14 10:15:01.006 A  PeachCommander[3446:37a0] (RunningBoardServices) didChangeInheritances
2026-09-14 10:15:01.027 Df PeachCommander[3446:3799] [com.apple.libsystem.libdispatch:] DEPRECATED USE in libdispatch client: dispatch source activated with no event handler set; set a breakpoint on _dispatch_bug_deprecated to debug
2026-09-14 10:15:01.086 I  PeachCommander[3446:3799] [com.apple.AppKit:Image] ISImage reported a placeholder, image rep is providing a placeholder image for <private>
2026-09-14 10:15:01.086 I  PeachCommander[3446:3799] [com.apple.AppKit:Image] ISImage reported a placeholder, image rep is providing a placeholder image for <private>
2026-09-14 10:15:01.086 I  PeachCommander[3446:3799] [com.apple.AppKit:Image] ISImage reported a placeholder, image rep is providing a placeholder image for <private>
2026-09-14 10:15:01.091 I  PeachCommander[3446:3799] [com.apple.AppKit:Image] ISImage reported a placeholder, image rep is providing a placeholder image for <private>
2026-09-14 10:15:01.092 I  PeachCommander[3446:3799] [com.apple.AppKit:Image] ISImage reported a placeholder, image rep is providing a placeholder image for <private>
2026-09-14 10:15:01.094 I  PeachCommander[3446:3799] [com.apple.AppKit:Image] ISImage reported a placeholder, image rep is providing a placeholder image for <private>
2026-09-14 10:15:01.094 I  PeachCommander[3446:3799] [com.apple.AppKit:Image] ISImage reported a placeholder, image rep is providing a placeholder image for <private>
2026-09-14 10:15:01.097 I  PeachCommander[3446:3799] [com.apple.AppKit:Image] ISImage reported a placeholder, image rep is providing a placeholder image for <private>
2026-09-14 10:15:01.097 I  PeachCommander[3446:3799] [com.apple.AppKit:Image] ISImage reported a placeholder, image rep is providing a placeholder image for <private>
2026-09-14 10:15:01.136 I  PeachCommander[3446:3799] [com.apple.AppKit:Image] ISImage reported a placeholder, image rep is providing a placeholder image for <private>
2026-09-14 10:15:01.139 I  PeachCommander[3446:3799] [com.apple.AppKit:Image] ISImage reported a placeholder, image rep is providing a placeholder image for <private>
2026-09-14 10:15:01.140 I  PeachCommander[3446:3799] [com.apple.AppKit:Image] ISImage reported a placeholder, image rep is providing a placeholder image for <private>
2026-09-14 10:15:01.140 I  PeachCommander[3446:3799] [com.apple.AppKit:Image] ISImage reported a placeholder, image rep is providing a placeholder image for <private>
2026-09-14 10:15:01.141 I  PeachCommander[3446:3799] [com.apple.AppKit:Image] ISImage reported a placeholder, image rep is providing a placeholder image for <private>
2026-09-14 10:15:01.141 I  PeachCommander[3446:3799] [com.apple.AppKit:Image] ISImage reported a placeholder, image rep is providing a placeholder image for <private>
2026-09-14 10:15:01.142 I  PeachCommander[3446:3799] [com.apple.AppKit:Image] ISImage reported a placeholder, image rep is providing a placeholder image for <private>
2026-09-14 10:15:01.142 I  PeachCommander[3446:3799] [com.apple.AppKit:Image] ISImage reported a placeholder, image rep is providing a placeholder image for <private>
2026-09-14 10:15:01.143 I  PeachCommander[3446:3799] [com.apple.AppKit:Image] ISImage reported a placeholder, image rep is providing a placeholder image for <private>
2026-09-14 10:15:01.143 I  PeachCommander[3446:3799] [com.apple.AppKit:Image] ISImage reported a placeholder, image rep is providing a placeholder image for <private>
2026-09-14 10:15:01.144 I  PeachCommander[3446:3799] [com.apple.AppKit:Image] ISImage reported a placeholder, image rep is providing a placeholder image for <private>
2026-09-14 10:15:01.144 I  PeachCommander[3446:3799] [com.apple.AppKit:Image] ISImage reported a placeholder, image rep is providing a placeholder image for <private>
2026-09-14 10:15:01.145 I  PeachCommander[3446:3799] [com.apple.AppKit:Image] ISImage reported a placeholder, image rep is providing a placeholder image for <private>
2026-09-14 10:15:01.145 I  PeachCommander[3446:3799] [com.apple.AppKit:Image] ISImage reported a placeholder, image rep is providing a placeholder image for <private>
2026-09-14 10:15:01.147 I  PeachCommander[3446:3799] [com.apple.AppKit:Image] ISImage reported a placeholder, image rep is providing a placeholder image for <private>
2026-09-14 10:15:01.147 I  PeachCommander[3446:3799] [com.apple.AppKit:Image] ISImage reported a placeholder, image rep is providing a placeholder image for <private>
2026-09-14 10:15:01.148 I  PeachCommander[3446:3799] [com.apple.AppKit:Image] ISImage reported a placeholder, image rep is providing a placeholder image for <private>
2026-09-14 10:15:01.148 I  PeachCommander[3446:3799] [com.apple.AppKit:Image] ISImage reported a placeholder, image rep is providing a placeholder image for <private>
2026-09-14 10:15:01.149 I  PeachCommander[3446:3799] [com.apple.AppKit:Image] ISImage reported a placeholder, image rep is providing a placeholder image for <private>
2026-09-14 10:15:01.149 I  PeachCommander[3446:3799] [com.apple.AppKit:Image] ISImage reported a placeholder, image rep is providing a placeholder image for <private>
2026-09-14 10:15:01.150 I  PeachCommander[3446:3799] [com.apple.AppKit:Image] ISImage reported a placeholder, image rep is providing a placeholder image for <private>
2026-09-14 10:15:01.150 I  PeachCommander[3446:3799] [com.apple.AppKit:Image] ISImage reported a placeholder, image rep is providing a placeholder image for <private>
2026-09-14 10:15:01.151 I  PeachCommander[3446:3799] [com.apple.AppKit:Image] ISImage reported a placeholder, image rep is providing a placeholder image for <private>
2026-09-14 10:15:01.151 I  PeachCommander[3446:3799] [com.apple.AppKit:Image] ISImage reported a placeholder, image rep is providing a placeholder image for <private>
2026-09-14 10:15:01.152 I  PeachCommander[3446:3799] [com.apple.AppKit:Image] ISImage reported a placeholder, image rep is providing a placeholder image for <private>
2026-09-14 10:15:01.152 I  PeachCommander[3446:3799] [com.apple.AppKit:Image] ISImage reported a placeholder, image rep is providing a placeholder image for <private>
2026-09-14 10:15:01.153 I  PeachCommander[3446:3799] [com.apple.AppKit:Image] ISImage reported a placeholder, image rep is providing a placeholder image for <private>
2026-09-14 10:15:01.153 I  PeachCommander[3446:3799] [com.apple.AppKit:Image] ISImage reported a placeholder, image rep is providing a placeholder image for <private>
2026-09-14 10:15:01.154 I  PeachCommander[3446:3799] [com.apple.AppKit:Image] ISImage reported a placeholder, image rep is providing a placeholder image for <private>
2026-09-14 10:15:01.154 I  PeachCommander[3446:3799] [com.apple.AppKit:Image] ISImage reported a placeholder, image rep is providing a placeholder image for <private>
2026-09-14 10:15:01.155 I  PeachCommander[3446:3799] [com.apple.AppKit:Image] ISImage reported a placeholder, image rep is providing a placeholder image for <private>
2026-09-14 10:15:01.155 I  PeachCommander[3446:3799] [com.apple.AppKit:Image] ISImage reported a placeholder, image rep is providing a placeholder image for <private>
2026-09-14 10:15:01.156 I  PeachCommander[3446:3799] [com.apple.AppKit:Image] ISImage reported a placeholder, image rep is providing a placeholder image for <private>
2026-09-14 10:15:01.156 I  PeachCommander[3446:3799] [com.apple.AppKit:Image] ISImage reported a placeholder, image rep is providing a placeholder image for <private>
2026-09-14 10:15:01.157 I  PeachCommander[3446:3799] [com.apple.AppKit:Image] ISImage reported a placeholder, image rep is providing a placeholder image for <private>
2026-09-14 10:15:01.157 I  PeachCommander[3446:3799] [com.apple.AppKit:Image] ISImage reported a placeholder, image rep is providing a placeholder image for <private>
2026-09-14 10:15:01.158 I  PeachCommander[3446:3799] [com.apple.AppKit:Image] ISImage reported a placeholder, image rep is providing a placeholder image for <private>
2026-09-14 10:15:01.158 I  PeachCommander[3446:3799] [com.apple.AppKit:Image] ISImage reported a placeholder, image rep is providing a placeholder image for <private>
2026-09-14 10:15:01.159 I  PeachCommander[3446:3799] [com.apple.AppKit:Image] ISImage reported a placeholder, image rep is providing a placeholder image for <private>
2026-09-14 10:15:01.159 I  PeachCommander[3446:3799] [com.apple.AppKit:Image] ISImage reported a placeholder, image rep is providing a placeholder image for <private>
2026-09-14 10:15:01.160 I  PeachCommander[3446:3799] [com.apple.AppKit:Image] ISImage reported a placeholder, image rep is providing a placeholder image for <private>
2026-09-14 10:15:01.160 I  PeachCommander[3446:3799] [com.apple.AppKit:Image] ISImage reported a placeholder, image rep is providing a placeholder image for <private>
2026-09-14 10:15:01.161 I  PeachCommander[3446:3799] [com.apple.AppKit:Image] ISImage reported a placeholder, image rep is providing a placeholder image for <private>
2026-09-14 10:15:01.161 I  PeachCommander[3446:3799] [com.apple.AppKit:Image] ISImage reported a placeholder, image rep is providing a placeholder image for <private>
2026-09-14 10:15:01.163 I  PeachCommander[3446:3799] [com.apple.AppKit:Image] ISImage reported a placeholder, image rep is providing a placeholder image for <private>
2026-09-14 10:15:01.163 I  PeachCommander[3446:3799] [com.apple.AppKit:Image] ISImage reported a placeholder, image rep is providing a placeholder image for <private>
2026-09-14 10:15:01.164 I  PeachCommander[3446:3799] [com.apple.AppKit:Image] ISImage reported a placeholder, image rep is providing a placeholder image for <private>
2026-09-14 10:15:01.164 I  PeachCommander[3446:3799] [com.apple.AppKit:Image] ISImage reported a placeholder, image rep is providing a placeholder image for <private>
2026-09-14 10:15:01.165 I  PeachCommander[3446:3799] [com.apple.AppKit:Image] ISImage reported a placeholder, image rep is providing a placeholder image for <private>
2026-09-14 10:15:01.165 I  PeachCommander[3446:3799] [com.apple.AppKit:Image] ISImage reported a placeholder, image rep is providing a placeholder image for <private>
2026-09-14 10:15:01.166 I  PeachCommander[3446:3799] [com.apple.AppKit:Image] ISImage reported a placeholder, image rep is providing a placeholder image for <private>
2026-09-14 10:15:01.166 I  PeachCommander[3446:3799] [com.apple.AppKit:Image] ISImage reported a placeholder, image rep is providing a placeholder image for <private>
2026-09-14 10:15:01.167 I  PeachCommander[3446:3799] [com.apple.AppKit:Image] ISImage reported a placeholder, image rep is providing a placeholder image for <private>
2026-09-14 10:15:01.167 I  PeachCommander[3446:3799] [com.apple.AppKit:Image] ISImage reported a placeholder, image rep is providing a placeholder image for <private>
2026-09-14 10:15:01.168 I  PeachCommander[3446:3799] [com.apple.AppKit:Image] ISImage reported a placeholder, image rep is providing a placeholder image for <private>
2026-09-14 10:15:01.168 I  PeachCommander[3446:3799] [com.apple.AppKit:Image] ISImage reported a placeholder, image rep is providing a placeholder image for <private>
2026-09-14 10:15:01.180 I  PeachCommander[3446:3799] [com.apple.AppKit:Image] ISImage reported a placeholder, image rep is providing a placeholder image for <private>
2026-09-14 10:15:01.180 I  PeachCommander[3446:3799] [com.apple.AppKit:Image] ISImage reported a placeholder, image rep is providing a placeholder image for <private>
2026-09-14 10:15:01.182 I  PeachCommander[3446:3799] [com.apple.AppKit:Image] ISImage reported a placeholder, image rep is providing a placeholder image for <private>
2026-09-14 10:15:01.182 I  PeachCommander[3446:3799] [com.apple.AppKit:Image] ISImage reported a placeholder, image rep is providing a placeholder image for <private>
2026-09-14 10:15:01.183 I  PeachCommander[3446:3799] [com.apple.AppKit:Image] ISImage reported a placeholder, image rep is providing a placeholder image for <private>
2026-09-14 10:15:01.183 I  PeachCommander[3446:3799] [com.apple.AppKit:Image] ISImage reported a placeholder, image rep is providing a placeholder image for <private>
2026-09-14 10:15:01.184 I  PeachCommander[3446:3799] [com.apple.AppKit:Image] ISImage reported a placeholder, image rep is providing a placeholder image for <private>
2026-09-14 10:15:01.184 I  PeachCommander[3446:3799] [com.apple.AppKit:Image] ISImage reported a placeholder, image rep is providing a placeholder image for <private>
2026-09-14 10:15:01.185 I  PeachCommander[3446:3799] [com.apple.AppKit:Image] ISImage reported a placeholder, image rep is providing a placeholder image for <private>
2026-09-14 10:15:01.185 I  PeachCommander[3446:3799] [com.apple.AppKit:Image] ISImage reported a placeholder, image rep is providing a placeholder image for <private>
2026-09-14 10:15:01.186 I  PeachCommander[3446:3799] [com.apple.AppKit:Image] ISImage reported a placeholder, image rep is providing a placeholder image for <private>
2026-09-14 10:15:01.186 I  PeachCommander[3446:3799] [com.apple.AppKit:Image] ISImage reported a placeholder, image rep is providing a placeholder image for <private>
2026-09-14 10:15:01.187 I  PeachCommander[3446:3799] [com.apple.AppKit:Image] ISImage reported a placeholder, image rep is providing a placeholder image for <private>
2026-09-14 10:15:01.187 I  PeachCommander[3446:3799] [com.apple.AppKit:Image] ISImage reported a placeholder, image rep is providing a placeholder image for <private>
2026-09-14 10:15:01.188 I  PeachCommander[3446:3799] [com.apple.AppKit:Image] ISImage reported a placeholder, image rep is providing a placeholder image for <private>
2026-09-14 10:15:01.188 I  PeachCommander[3446:3799] [com.apple.AppKit:Image] ISImage reported a placeholder, image rep is providing a placeholder image for <private>
2026-09-14 10:15:01.189 I  PeachCommander[3446:3799] [com.apple.AppKit:Image] ISImage reported a placeholder, image rep is providing a placeholder image for <private>
2026-09-14 10:15:01.189 I  PeachCommander[3446:3799] [com.apple.AppKit:Image] ISImage reported a placeholder, image rep is providing a placeholder image for <private>
2026-09-14 10:15:01.190 I  PeachCommander[3446:3799] [com.apple.AppKit:Image] ISImage reported a placeholder, image rep is providing a placeholder image for <private>
2026-09-14 10:15:01.190 I  PeachCommander[3446:3799] [com.apple.AppKit:Image] ISImage reported a placeholder, image rep is providing a placeholder image for <private>
2026-09-14 10:15:01.191 I  PeachCommander[3446:3799] [com.apple.AppKit:Image] ISImage reported a placeholder, image rep is providing a placeholder image for <private>
2026-09-14 10:15:01.191 I  PeachCommander[3446:3799] [com.apple.AppKit:Image] ISImage reported a placeholder, image rep is providing a placeholder image for <private>
2026-09-14 10:15:01.192 I  PeachCommander[3446:3799] [com.apple.AppKit:Image] ISImage reported a placeholder, image rep is providing a placeholder image for <private>
2026-09-14 10:15:01.192 I  PeachCommander[3446:3799] [com.apple.AppKit:Image] ISImage reported a placeholder, image rep is providing a placeholder image for <private>
2026-09-14 10:15:01.193 I  PeachCommander[3446:3799] [com.apple.AppKit:Image] ISImage reported a placeholder, image rep is providing a placeholder image for <private>
2026-09-14 10:15:01.193 I  PeachCommander[3446:3799] [com.apple.AppKit:Image] ISImage reported a placeholder, image rep is providing a placeholder image for <private>
2026-09-14 10:15:01.194 I  PeachCommander[3446:3799] [com.apple.AppKit:Image] ISImage reported a placeholder, image rep is providing a placeholder image for <private>
2026-09-14 10:15:01.194 I  PeachCommander[3446:3799] [com.apple.AppKit:Image] ISImage reported a placeholder, image rep is providing a placeholder image for <private>
2026-09-14 10:15:01.195 I  PeachCommander[3446:3799] [com.apple.AppKit:Image] ISImage reported a placeholder, image rep is providing a placeholder image for <private>
2026-09-14 10:15:01.195 I  PeachCommander[3446:3799] [com.apple.AppKit:Image] ISImage reported a placeholder, image rep is providing a placeholder image for <private>
2026-09-14 10:15:01.196 I  PeachCommander[3446:3799] [com.apple.AppKit:Image] ISImage reported a placeholder, image rep is providing a placeholder image for <private>
2026-09-14 10:15:01.196 I  PeachCommander[3446:3799] [com.apple.AppKit:Image] ISImage reported a placeholder, image rep is providing a placeholder image for <private>
2026-09-14 10:15:01.197 I  PeachCommander[3446:3799] [com.apple.AppKit:Image] ISImage reported a placeholder, image rep is providing a placeholder image for <private>
2026-09-14 10:15:01.197 I  PeachCommander[3446:3799] [com.apple.AppKit:Image] ISImage reported a placeholder, image rep is providing a placeholder image for <private>
2026-09-14 10:15:01.199 I  PeachCommander[3446:3799] [com.apple.AppKit:Image] ISImage reported a placeholder, image rep is providing a placeholder image for <private>
2026-09-14 10:15:01.199 I  PeachCommander[3446:3799] [com.apple.AppKit:Image] ISImage reported a placeholder, image rep is providing a placeholder image for <private>
2026-09-14 10:15:01.200 I  PeachCommander[3446:3799] [com.apple.AppKit:Image] ISImage reported a placeholder, image rep is providing a placeholder image for <private>
2026-09-14 10:15:01.200 I  PeachCommander[3446:3799] [com.apple.AppKit:Image] ISImage reported a placeholder, image rep is providing a placeholder image for <private>
2026-09-14 10:15:01.201 I  PeachCommander[3446:3799] [com.apple.AppKit:Image] ISImage reported a placeholder, image rep is providing a placeholder image for <private>
2026-09-14 10:15:01.201 I  PeachCommander[3446:3799] [com.apple.AppKit:Image] ISImage reported a placeholder, image rep is providing a placeholder image for <private>
2026-09-14 10:15:01.202 I  PeachCommander[3446:3799] [com.apple.AppKit:Image] ISImage reported a placeholder, image rep is providing a placeholder image for <private>
2026-09-14 10:15:01.202 I  PeachCommander[3446:3799] [com.apple.AppKit:Image] ISImage reported a placeholder, image rep is providing a placeholder image for <private>
2026-09-14 10:15:01.203 I  PeachCommander[3446:3799] [com.apple.AppKit:Image] ISImage reported a placeholder, image rep is providing a placeholder image for <private>
2026-09-14 10:15:01.203 I  PeachCommander[3446:3799] [com.apple.AppKit:Image] ISImage reported a placeholder, image rep is providing a placeholder image for <private>
2026-09-14 10:15:01.204 I  PeachCommander[3446:3799] [com.apple.AppKit:Image] ISImage reported a placeholder, image rep is providing a placeholder image for <private>
2026-09-14 10:15:01.204 I  PeachCommander[3446:3799] [com.apple.AppKit:Image] ISImage reported a placeholder, image rep is providing a placeholder image for <private>
2026-09-14 10:15:01.205 I  PeachCommander[3446:3799] [com.apple.AppKit:Image] ISImage reported a placeholder, image rep is providing a placeholder image for <private>
2026-09-14 10:15:01.205 I  PeachCommander[3446:3799] [com.apple.AppKit:Image] ISImage reported a placeholder, image rep is providing a placeholder image for <private>
2026-09-14 10:15:01.206 I  PeachCommander[3446:3799] [com.apple.AppKit:Image] ISImage reported a placeholder, image rep is providing a placeholder image for <private>
2026-09-14 10:15:01.206 I  PeachCommander[3446:3799] [com.apple.AppKit:Image] ISImage reported a placeholder, image rep is providing a placeholder image for <private>
2026-09-14 10:15:01.207 I  PeachCommander[3446:3799] [com.apple.AppKit:Image] ISImage reported a placeholder, image rep is providing a placeholder image for <private>
2026-09-14 10:15:01.207 I  PeachCommander[3446:3799] [com.apple.AppKit:Image] ISImage reported a placeholder, image rep is providing a placeholder image for <private>
2026-09-14 10:15:01.208 I  PeachCommander[3446:3799] [com.apple.AppKit:Image] ISImage reported a placeholder, image rep is providing a placeholder image for <private>
2026-09-14 10:15:01.208 I  PeachCommander[3446:3799] [com.apple.AppKit:Image] ISImage reported a placeholder, image rep is providing a placeholder image for <private>
2026-09-14 10:15:01.307 I  PeachCommander[3446:3799] [com.apple.coreanimation:Utilities] IOSurface Compression Enabled: NO
2026-09-14 10:15:01.308 Df PeachCommander[3446:37aa] [com.apple.coreanimation:Metal] Precompiled pipelines disabled on unsupported hardware.
2026-09-14 10:15:01.317 I  PeachCommander[3446:3799] [com.apple.CarbonCore:gestalt] SetGestaltValuesBulk SetGestaltValuesBulk( count=22 tuples=0x18dafe650
2026-09-14 10:15:01.317 I  PeachCommander[3446:3799] [com.apple.CarbonCore:gestalt] SetGestaltValue SetGestaltValue(alis 1C9) => 0
2026-09-14 10:15:01.317 I  PeachCommander[3446:3799] [com.apple.CarbonCore:gestalt] SetGestaltValue SetGestaltValue(os   FE) => 0
2026-09-14 10:15:01.317 I  PeachCommander[3446:3799] [com.apple.CarbonCore:gestalt] SetGestaltValue SetGestaltValue(addr 7) => 0
2026-09-14 10:15:01.317 I  PeachCommander[3446:3799] [com.apple.CarbonCore:gestalt] SetGestaltValue SetGestaltValue(fs   3D332) => 0
2026-09-14 10:15:01.317 I  PeachCommander[3446:3799] [com.apple.CarbonCore:gestalt] SetGestaltValue SetGestaltValue(fold 11) => 0
2026-09-14 10:15:01.317 I  PeachCommander[3446:3799] [com.apple.CarbonCore:gestalt] SetGestaltValue SetGestaltValue(lram 7FFFF000) => 0
2026-09-14 10:15:01.317 I  PeachCommander[3446:3799] [com.apple.CarbonCore:gestalt] SetGestaltValue SetGestaltValue(mmap 1) => 0
2026-09-14 10:15:01.317 I  PeachCommander[3446:3799] [com.apple.CarbonCore:gestalt] SetGestaltValue SetGestaltValue(cfrg 1) => 0
2026-09-14 10:15:01.317 I  PeachCommander[3446:3799] [com.apple.CarbonCore:gestalt] SetGestaltValue SetGestaltValue(thds 7) => 0
2026-09-14 10:15:01.317 I  PeachCommander[3446:3799] [com.apple.CarbonCore:gestalt] SetGestaltValue SetGestaltValue(tmgr E) => 0
2026-09-14 10:15:01.317 I  PeachCommander[3446:3799] [com.apple.CarbonCore:gestalt] SetGestaltValue SetGestaltValue(vers 7) => 0
2026-09-14 10:15:01.317 I  PeachCommander[3446:3799] [com.apple.CarbonCore:gestalt] SetGestaltValue SetGestaltValue(cbon 160) => 0
2026-09-14 10:15:01.317 I  PeachCommander[3446:3799] [com.apple.CarbonCore:gestalt] SetGestaltValue SetGestaltValue(cltn 1108000) => 0
2026-09-14 10:15:01.317 I  PeachCommander[3446:3799] [com.apple.CarbonCore:gestalt] SetGestaltValue SetGestaltValue(cpnt 8) => 0
2026-09-14 10:15:01.317 I  PeachCommander[3446:3799] [com.apple.CarbonCore:gestalt] SetGestaltValue SetGestaltValue(rsrc 3) => 0
2026-09-14 10:15:01.317 I  PeachCommander[3446:3799] [com.apple.CarbonCore:gestalt] SetGestaltValue SetGestaltValue(rmbg 11F) => 0
2026-09-14 10:15:01.317 I  PeachCommander[3446:3799] [com.apple.CarbonCore:gestalt] SetGestaltValue SetGestaltValue(vm   11) => 0
2026-09-14 10:15:01.317 I  PeachCommander[3446:3799] [com.apple.CarbonCore:gestalt] SetGestaltValue SetGestaltValue(srad 4170706C) => 0
2026-09-14 10:15:01.317 I  PeachCommander[3446:3799] [com.apple.CarbonCore:gestalt] SetGestaltValue SetGestaltValue(sysa 14) => 0
2026-09-14 10:15:01.317 I  PeachCommander[3446:3799] [com.apple.CarbonCore:gestalt] SetGestaltValue SetGestaltValue(copl 9) => 0
2026-09-14 10:15:01.317 I  PeachCommander[3446:3799] [com.apple.CarbonCore:gestalt] SetGestaltValue SetGestaltValue(xlat 0) => 0
2026-09-14 10:15:01.317 I  PeachCommander[3446:3799] [com.apple.CarbonCore:gestalt] SetGestaltValue SetGestaltValue(stdf 0) => 0
2026-09-14 10:15:01.317 I  PeachCommander[3446:3799] [com.apple.CarbonCore:gestalt] _NewGestalt _NewGestalt(ram  0x18da77644) => 0
2026-09-14 10:15:01.317 I  PeachCommander[3446:3799] [com.apple.CarbonCore:gestalt] _NewGestalt _NewGestalt(ramm 0x18da77644) => 0
2026-09-14 10:15:01.317 I  PeachCommander[3446:3799] [com.apple.CarbonCore:gestalt] _NewGestalt _NewGestalt(cput 0x18da77734) => 0
2026-09-14 10:15:01.317 I  PeachCommander[3446:3799] [com.apple.CarbonCore:gestalt] _NewGestalt _NewGestalt(cpuf 0x18da77764) => 0
2026-09-14 10:15:01.317 I  PeachCommander[3446:3799] [com.apple.CarbonCore:gestalt] _NewGestalt _NewGestalt(bclk 0x18da77794) => 0
2026-09-14 10:15:01.317 I  PeachCommander[3446:3799] [com.apple.CarbonCore:gestalt] _NewGestalt _NewGestalt(bclm 0x18da77794) => 0
2026-09-14 10:15:01.317 I  PeachCommander[3446:3799] [com.apple.CarbonCore:gestalt] _NewGestalt _NewGestalt(pclk 0x18da77834) => 0
2026-09-14 10:15:01.317 I  PeachCommander[3446:3799] [com.apple.CarbonCore:gestalt] _NewGestalt _NewGestalt(mclk 0x18da77834) => 0
2026-09-14 10:15:01.317 I  PeachCommander[3446:3799] [com.apple.CarbonCore:gestalt] _NewGestalt _NewGestalt(a/ux 0x18da7794c) => 0
2026-09-14 10:15:01.317 I  PeachCommander[3446:3799] [com.apple.CarbonCore:gestalt] _NewGestalt _NewGestalt(pgsz 0x18da77954) => 0
2026-09-14 10:15:01.317 I  PeachCommander[3446:3799] [com.apple.CarbonCore:gestalt] _NewGestalt _NewGestalt(csiz 0x18da77994) => 0
2026-09-14 10:15:01.317 I  PeachCommander[3446:3799] [com.apple.CarbonCore:gestalt] _NewGestalt _NewGestalt(sysv 0x18da22dfc) => 0
2026-09-14 10:15:01.317 I  PeachCommander[3446:3799] [com.apple.CarbonCore:gestalt] _NewGestalt _NewGestalt(sys1 0x18da22dfc) => 0
2026-09-14 10:15:01.317 I  PeachCommander[3446:3799] [com.apple.CarbonCore:gestalt] _NewGestalt _NewGestalt(sys2 0x18da22dfc) => 0
2026-09-14 10:15:01.317 I  PeachCommander[3446:3799] [com.apple.CarbonCore:gestalt] _NewGestalt _NewGestalt(sys3 0x18da22dfc) => 0
2026-09-14 10:15:01.317 I  PeachCommander[3446:3799] [com.apple.CarbonCore:gestalt] _NewGestalt _NewGestalt(cdfl 0x18da779d4) => 0
2026-09-14 10:15:01.317 I  PeachCommander[3446:3799] [com.apple.CarbonCore:gestalt] _NewGestalt _NewGestalt(cdrm 0x18da77c30) => 0
2026-09-14 10:15:01.317 I  PeachCommander[3446:3799] [com.apple.CarbonCore:gestalt] _NewGestalt _NewGestalt(cpus 0x18da77c78) => 0
2026-09-14 10:15:01.317 I  PeachCommander[3446:3799] [com.apple.CarbonCore:gestalt] SetGestaltValue SetGestaltValue(swex 1) => 0
2026-09-14 10:15:01.317 Df PeachCommander[3446:3799] [com.apple.xpc:connection] [0xaa04ce940] activating connection: mach=false listener=false peer=false name=com.apple.hiservices-xpcservice
2026-09-14 10:15:01.318 I  PeachCommander[3446:3799] [com.apple.CFPasteboard:entry] CopyData('ApplePerContextInputPasteboard' (<CFUUID 0xaa0771c60> 6573A574-9331-47AD-8ACA-A6BBE598EA72) gen: -1 item: 1264739405 flavor: 'ApplePerContextInputFlavor')
2026-09-14 10:15:01.318 I  PeachCommander[3446:3799] [com.apple.CFPasteboard:cache] Rebuilding cache for 'ApplePerContextInputPasteboard' (<CFUUID 0xaa0771c60> 6573A574-9331-47AD-8ACA-A6BBE598EA72)
2026-09-14 10:15:01.318 I  PeachCommander[3446:3799] [com.apple.CFPasteboard:general] Will request data from daemon
2026-09-14 10:15:01.318 I  PeachCommander[3446:3799] [com.apple.CFPasteboard:exit] (not-in-cache) - result: 0 generation: 1 data (182 bytes) flags: 0
2026-09-14 10:15:01.318 I  PeachCommander[3446:3799] [com.apple.CFPasteboard:entry] CopyData('DefaultAsciiKeyboardLayoutPasteboard' (<CFUUID 0xaa0e727a0> 1634D067-2682-4220-897D-E3C4005D9CB4) gen: -1 item: 1264739405 flavor: 'DefaultAsciiKeyboardLayoutFlavor')
2026-09-14 10:15:01.318 I  PeachCommander[3446:3799] [com.apple.CFPasteboard:exit] (not-in-cache) - result: -8 generation: 0 null data flags: 0
2026-09-14 10:15:01.319 A  PeachCommander[3446:37a0] (libsystem_info.dylib) Retrieve Group by ID
2026-09-14 10:15:01.319 I  PeachCommander[3446:3799] [com.peachcommander:PCFoundation] Session restored
2026-09-14 10:15:01.320 Df PeachCommander[3446:3799] (Foundation) <private>
2026-09-14 10:15:01.320 I  PeachCommander[3446:3799] [com.peachcommander:PCFoundation] [automation] running /Users/admin/auto.txt
2026-09-14 10:15:01.320 Df PeachCommander[3446:3799] (Foundation) <private>
2026-09-14 10:15:01.320 I  PeachCommander[3446:3799] [com.peachcommander:PCFoundation] [automation] > setbool Operation.ConfirmDelete|0
2026-09-14 10:15:01.320 Df PeachCommander[3446:3799] (Foundation) <private>
2026-09-14 10:15:01.320 I  PeachCommander[3446:3799] [com.peachcommander:PCFoundation] [automation] > wait 400
2026-09-14 10:15:01.330 I  PeachCommander[3446:3799] [com.apple.AppKit:Image] ISImage reported a placeholder, image rep is providing a placeholder image for <private>
2026-09-14 10:15:01.330 I  PeachCommander[3446:3799] [com.apple.AppKit:Image] ISImage reported a placeholder, image rep is providing a placeholder image for <private>
2026-09-14 10:15:01.331 I  PeachCommander[3446:3799] [com.apple.AppKit:Image] ISImage reported a placeholder, image rep is providing a placeholder image for <private>
2026-09-14 10:15:01.332 I  PeachCommander[3446:3799] [com.apple.AppKit:Image] ISImage reported a placeholder, image rep is providing a placeholder image for <private>
2026-09-14 10:15:01.332 I  PeachCommander[3446:3799] [com.apple.AppKit:Image] ISImage reported a placeholder, image rep is providing a placeholder image for <private>
2026-09-14 10:15:01.333 I  PeachCommander[3446:3799] [com.apple.AppKit:Image] ISImage reported a placeholder, image rep is providing a placeholder image for <private>
2026-09-14 10:15:01.334 I  PeachCommander[3446:3799] [com.apple.AppKit:Image] ISImage reported a placeholder, image rep is providing a placeholder image for <private>
2026-09-14 10:15:01.334 I  PeachCommander[3446:3799] [com.apple.AppKit:Image] ISImage reported a placeholder, image rep is providing a placeholder image for <private>
2026-09-14 10:15:01.335 I  PeachCommander[3446:3799] [com.apple.AppKit:Image] ISImage reported a placeholder, image rep is providing a placeholder image for <private>
2026-09-14 10:15:01.335 I  PeachCommander[3446:3799] [com.apple.AppKit:Image] ISImage reported a placeholder, image rep is providing a placeholder image for <private>
2026-09-14 10:15:01.336 I  PeachCommander[3446:3799] [com.apple.AppKit:Image] ISImage reported a placeholder, image rep is providing a placeholder image for <private>
2026-09-14 10:15:01.337 I  PeachCommander[3446:3799] [com.apple.AppKit:Image] ISImage reported a placeholder, image rep is providing a placeholder image for <private>
2026-09-14 10:15:01.337 I  PeachCommander[3446:3799] [com.apple.AppKit:Image] ISImage reported a placeholder, image rep is providing a placeholder image for <private>
2026-09-14 10:15:01.338 I  PeachCommander[3446:3799] [com.apple.AppKit:Image] ISImage reported a placeholder, image rep is providing a placeholder image for <private>
2026-09-14 10:15:01.338 I  PeachCommander[3446:3799] [com.apple.AppKit:Image] ISImage reported a placeholder, image rep is providing a placeholder image for <private>
2026-09-14 10:15:01.339 I  PeachCommander[3446:3799] [com.apple.AppKit:Image] ISImage reported a placeholder, image rep is providing a placeholder image for <private>
2026-09-14 10:15:01.340 I  PeachCommander[3446:3799] [com.apple.AppKit:Image] ISImage reported a placeholder, image rep is providing a placeholder image for <private>
2026-09-14 10:15:01.341 I  PeachCommander[3446:3799] [com.apple.AppKit:Image] ISImage reported a placeholder, image rep is providing a placeholder image for <private>
2026-09-14 10:15:01.341 I  PeachCommander[3446:3799] [com.apple.AppKit:Image] ISImage reported a placeholder, image rep is providing a placeholder image for <private>
2026-09-14 10:15:01.342 I  PeachCommander[3446:3799] [com.apple.AppKit:Image] ISImage reported a placeholder, image rep is providing a placeholder image for <private>
2026-09-14 10:15:01.342 I  PeachCommander[3446:3799] [com.apple.AppKit:Image] ISImage reported a placeholder, image rep is providing a placeholder image for <private>
2026-09-14 10:15:01.343 I  PeachCommander[3446:3799] [com.apple.AppKit:Image] ISImage reported a placeholder, image rep is providing a placeholder image for <private>
2026-09-14 10:15:01.344 I  PeachCommander[3446:3799] [com.apple.AppKit:Image] ISImage reported a placeholder, image rep is providing a placeholder image for <private>
2026-09-14 10:15:01.344 I  PeachCommander[3446:3799] [com.apple.AppKit:Image] ISImage reported a placeholder, image rep is providing a placeholder image for <private>
2026-09-14 10:15:01.345 I  PeachCommander[3446:3799] [com.apple.AppKit:Image] ISImage reported a placeholder, image rep is providing a placeholder image for <private>
2026-09-14 10:15:01.346 I  PeachCommander[3446:3799] [com.apple.AppKit:Image] ISImage reported a placeholder, image rep is providing a placeholder image for <private>
2026-09-14 10:15:01.346 I  PeachCommander[3446:3799] [com.apple.AppKit:Image] ISImage reported a placeholder, image rep is providing a placeholder image for <private>
2026-09-14 10:15:01.348 I  PeachCommander[3446:3799] [com.apple.AppKit:Image] ISImage reported a placeholder, image rep is providing a placeholder image for <private>
2026-09-14 10:15:01.348 I  PeachCommander[3446:3799] [com.apple.AppKit:Image] ISImage reported a placeholder, image rep is providing a placeholder image for <private>
2026-09-14 10:15:01.349 I  PeachCommander[3446:3799] [com.apple.AppKit:Image] ISImage reported a placeholder, image rep is providing a placeholder image for <private>
2026-09-14 10:15:01.349 I  PeachCommander[3446:3799] [com.apple.AppKit:Image] ISImage reported a placeholder, image rep is providing a placeholder image for <private>
2026-09-14 10:15:01.350 I  PeachCommander[3446:3799] [com.apple.AppKit:Image] ISImage reported a placeholder, image rep is providing a placeholder image for <private>
2026-09-14 10:15:01.350 I  PeachCommander[3446:3799] [com.apple.AppKit:Image] ISImage reported a placeholder, image rep is providing a placeholder image for <private>
2026-09-14 10:15:01.351 I  PeachCommander[3446:3799] [com.apple.AppKit:Image] ISImage reported a placeholder, image rep is providing a placeholder image for <private>
2026-09-14 10:15:01.351 I  PeachCommander[3446:3799] [com.apple.AppKit:Image] ISImage reported a placeholder, image rep is providing a placeholder image for <private>
2026-09-14 10:15:01.352 I  PeachCommander[3446:3799] [com.apple.AppKit:Image] ISImage reported a placeholder, image rep is providing a placeholder image for <private>
2026-09-14 10:15:01.352 I  PeachCommander[3446:3799] [com.apple.AppKit:Image] ISImage reported a placeholder, image rep is providing a placeholder image for <private>
2026-09-14 10:15:01.353 I  PeachCommander[3446:3799] [com.apple.AppKit:Image] ISImage reported a placeholder, image rep is providing a placeholder image for <private>
2026-09-14 10:15:01.353 I  PeachCommander[3446:3799] [com.apple.AppKit:Image] ISImage reported a placeholder, image rep is providing a placeholder image for <private>
2026-09-14 10:15:01.354 I  PeachCommander[3446:3799] [com.apple.AppKit:Image] ISImage reported a placeholder, image rep is providing a placeholder image for <private>
2026-09-14 10:15:01.354 I  PeachCommander[3446:3799] [com.apple.AppKit:Image] ISImage reported a placeholder, image rep is providing a placeholder image for <private>
2026-09-14 10:15:01.355 I  PeachCommander[3446:3799] [com.apple.AppKit:Image] ISImage reported a placeholder, image rep is providing a placeholder image for <private>
2026-09-14 10:15:01.355 I  PeachCommander[3446:3799] [com.apple.AppKit:Image] ISImage reported a placeholder, image rep is providing a placeholder image for <private>
2026-09-14 10:15:01.356 I  PeachCommander[3446:3799] [com.apple.AppKit:Image] ISImage reported a placeholder, image rep is providing a placeholder image for <private>
2026-09-14 10:15:01.356 I  PeachCommander[3446:3799] [com.apple.AppKit:Image] ISImage reported a placeholder, image rep is providing a placeholder image for <private>
2026-09-14 10:15:01.357 I  PeachCommander[3446:3799] [com.apple.AppKit:Image] ISImage reported a placeholder, image rep is providing a placeholder image for <private>
2026-09-14 10:15:01.357 I  PeachCommander[3446:3799] [com.apple.AppKit:Image] ISImage reported a placeholder, image rep is providing a placeholder image for <private>
2026-09-14 10:15:01.358 I  PeachCommander[3446:3799] [com.apple.AppKit:Image] ISImage reported a placeholder, image rep is providing a placeholder image for <private>
2026-09-14 10:15:01.358 I  PeachCommander[3446:3799] [com.apple.AppKit:Image] ISImage reported a placeholder, image rep is providing a placeholder image for <private>
2026-09-14 10:15:01.359 I  PeachCommander[3446:3799] [com.apple.AppKit:Image] ISImage reported a placeholder, image rep is providing a placeholder image for <private>
2026-09-14 10:15:01.359 I  PeachCommander[3446:3799] [com.apple.AppKit:Image] ISImage reported a placeholder, image rep is providing a placeholder image for <private>
2026-09-14 10:15:01.360 I  PeachCommander[3446:3799] [com.apple.AppKit:Image] ISImage reported a placeholder, image rep is providing a placeholder image for <private>
2026-09-14 10:15:01.360 I  PeachCommander[3446:3799] [com.apple.AppKit:Image] ISImage reported a placeholder, image rep is providing a placeholder image for <private>
2026-09-14 10:15:01.361 I  PeachCommander[3446:3799] [com.apple.AppKit:Image] ISImage reported a placeholder, image rep is providing a placeholder image for <private>
2026-09-14 10:15:01.361 I  PeachCommander[3446:3799] [com.apple.AppKit:Image] ISImage reported a placeholder, image rep is providing a placeholder image for <private>
2026-09-14 10:15:01.362 I  PeachCommander[3446:3799] [com.apple.AppKit:Image] ISImage reported a placeholder, image rep is providing a placeholder image for <private>
2026-09-14 10:15:01.362 I  PeachCommander[3446:3799] [com.apple.AppKit:Image] ISImage reported a placeholder, image rep is providing a placeholder image for <private>
2026-09-14 10:15:01.363 I  PeachCommander[3446:3799] [com.apple.AppKit:Image] ISImage reported a placeholder, image rep is providing a placeholder image for <private>
2026-09-14 10:15:01.363 I  PeachCommander[3446:3799] [com.apple.AppKit:Image] ISImage reported a placeholder, image rep is providing a placeholder image for <private>
2026-09-14 10:15:01.364 I  PeachCommander[3446:3799] [com.apple.AppKit:Image] ISImage reported a placeholder, image rep is providing a placeholder image for <private>
2026-09-14 10:15:01.364 I  PeachCommander[3446:3799] [com.apple.AppKit:Image] ISImage reported a placeholder, image rep is providing a placeholder image for <private>
2026-09-14 10:15:01.365 I  PeachCommander[3446:3799] [com.apple.AppKit:Image] ISImage reported a placeholder, image rep is providing a placeholder image for <private>
2026-09-14 10:15:01.365 I  PeachCommander[3446:3799] [com.apple.AppKit:Image] ISImage reported a placeholder, image rep is providing a placeholder image for <private>
2026-09-14 10:15:01.366 I  PeachCommander[3446:3799] [com.apple.AppKit:Image] ISImage reported a placeholder, image rep is providing a placeholder image for <private>
2026-09-14 10:15:01.366 I  PeachCommander[3446:3799] [com.apple.AppKit:Image] ISImage reported a placeholder, image rep is providing a placeholder image for <private>
2026-09-14 10:15:01.368 I  PeachCommander[3446:3799] [com.apple.AppKit:Image] ISImage reported a placeholder, image rep is providing a placeholder image for <private>
2026-09-14 10:15:01.368 I  PeachCommander[3446:3799] [com.apple.AppKit:Image] ISImage reported a placeholder, image rep is providing a placeholder image for <private>
2026-09-14 10:15:01.369 I  PeachCommander[3446:3799] [com.apple.AppKit:Image] ISImage reported a placeholder, image rep is providing a placeholder image for <private>
2026-09-14 10:15:01.369 I  PeachCommander[3446:3799] [com.apple.AppKit:Image] ISImage reported a placeholder, image rep is providing a placeholder image for <private>
2026-09-14 10:15:01.370 I  PeachCommander[3446:3799] [com.apple.AppKit:Image] ISImage reported a placeholder, image rep is providing a placeholder image for <private>
2026-09-14 10:15:01.370 I  PeachCommander[3446:3799] [com.apple.AppKit:Image] ISImage reported a placeholder, image rep is providing a placeholder image for <private>
2026-09-14 10:15:01.371 I  PeachCommander[3446:3799] [com.apple.AppKit:Image] ISImage reported a placeholder, image rep is providing a placeholder image for <private>
2026-09-14 10:15:01.371 I  PeachCommander[3446:3799] [com.apple.AppKit:Image] ISImage reported a placeholder, image rep is providing a placeholder image for <private>
2026-09-14 10:15:01.372 I  PeachCommander[3446:3799] [com.apple.AppKit:Image] ISImage reported a placeholder, image rep is providing a placeholder image for <private>
2026-09-14 10:15:01.372 I  PeachCommander[3446:3799] [com.apple.AppKit:Image] ISImage reported a placeholder, image rep is providing a placeholder image for <private>
2026-09-14 10:15:01.373 I  PeachCommander[3446:3799] [com.apple.AppKit:Image] ISImage reported a placeholder, image rep is providing a placeholder image for <private>
2026-09-14 10:15:01.373 I  PeachCommander[3446:3799] [com.apple.AppKit:Image] ISImage reported a placeholder, image rep is providing a placeholder image for <private>
2026-09-14 10:15:01.374 I  PeachCommander[3446:3799] [com.apple.AppKit:Image] ISImage reported a placeholder, image rep is providing a placeholder image for <private>
2026-09-14 10:15:01.374 I  PeachCommander[3446:3799] [com.apple.AppKit:Image] ISImage reported a placeholder, image rep is providing a placeholder image for <private>
2026-09-14 10:15:01.375 I  PeachCommander[3446:3799] [com.apple.AppKit:Image] ISImage reported a placeholder, image rep is providing a placeholder image for <private>
2026-09-14 10:15:01.375 I  PeachCommander[3446:3799] [com.apple.AppKit:Image] ISImage reported a placeholder, image rep is providing a placeholder image for <private>
2026-09-14 10:15:01.430 I  PeachCommander[3446:37ab] [com.apple.AppKit:WindowTab] Indexing 1 items
2026-09-14 10:15:01.430 A  PeachCommander[3446:37ab] (CoreSpotlight) end-index-batch
2026-09-14 10:15:01.430 Df PeachCommander[3446:37ab] [com.apple.corespotlight:index] *warn* MailCS ======%%% _setMailMessageAttributes skip:1
2026-09-14 10:15:01.430 A  PeachCommander[3446:37ab] (CoreSpotlight) index-items
2026-09-14 10:15:01.430 Df PeachCommander[3446:37ab] [com.apple.corespotlight:index] CSInlineDonation:<private>: Skipping donation (feature flag disabled)
2026-09-14 10:15:01.430 Df PeachCommander[3446:37ab] [com.apple.corespotlight:index] CSInlineDonation:<private>: Skipping donation (feature flag disabled)
2026-09-14 10:15:01.494 I  PeachCommander[3446:3799] [com.apple.HIToolbox:MBDisplays] <private>
2026-09-14 10:15:01.494 I  PeachCommander[3446:3799] [com.apple.HIToolbox:MBDisplays] <private>
2026-09-14 10:15:01.766 A  PeachCommander[3446:379f] (CoreFoundation) Loading Preferences From System CFPrefsD
2026-09-14 10:15:01.779 I  PeachCommander[3446:3799] [com.apple.iconservices:foundation] layer data size zero
2026-09-14 10:15:01.780 A  PeachCommander[3446:3799] (CoreFoundation) Loading Preferences From User CFPrefsD
2026-09-14 10:15:01.780 I  PeachCommander[3446:3799] [com.apple.CoreAnalytics:client] Dropping "com.apple.ImageIO.readerSelection" as it isn't used in any transform (not in the config or budgeted?)
2026-09-14 10:15:02.149 Df PeachCommander[3446:3799] (Foundation) <private>
2026-09-14 10:15:02.149 I  PeachCommander[3446:3799] [com.peachcommander:PCFoundation] [automation] > active left
2026-09-14 10:15:02.149 Df PeachCommander[3446:3799] (Foundation) <private>
2026-09-14 10:15:02.150 I  PeachCommander[3446:3799] [com.peachcommander:PCFoundation] [automation] > left /Users/admin/undo-del
2026-09-14 10:15:02.184 Df PeachCommander[3446:3799] (Foundation) <private>
2026-09-14 10:15:02.184 I  PeachCommander[3446:3799] [com.peachcommander:PCFoundation] [automation] > wait 1200
2026-09-14 10:15:02.186 I  PeachCommander[3446:3799] [com.apple.AppKit:Image] ISImage reported a placeholder, image rep is providing a placeholder image for <private>
2026-09-14 10:15:02.187 I  PeachCommander[3446:3799] [com.apple.AppKit:Image] ISImage reported a placeholder, image rep is providing a placeholder image for <private>
2026-09-14 10:15:02.189 I  PeachCommander[3446:3799] [com.apple.AppKit:Image] ISImage reported a placeholder, image rep is providing a placeholder image for <private>
2026-09-14 10:15:02.190 I  PeachCommander[3446:3799] [com.apple.AppKit:Image] ISImage reported a placeholder, image rep is providing a placeholder image for <private>
2026-09-14 10:15:02.191 I  PeachCommander[3446:3799] [com.apple.AppKit:Image] ISImage reported a placeholder, image rep is providing a placeholder image for <private>
2026-09-14 10:15:02.192 I  PeachCommander[3446:3799] [com.apple.AppKit:Image] ISImage reported a placeholder, image rep is providing a placeholder image for <private>
2026-09-14 10:15:02.193 I  PeachCommander[3446:3799] [com.apple.AppKit:Image] ISImage reported a placeholder, image rep is providing a placeholder image for <private>
2026-09-14 10:15:02.195 I  PeachCommander[3446:3799] [com.apple.AppKit:Image] ISImage reported a placeholder, image rep is providing a placeholder image for <private>
2026-09-14 10:15:02.196 I  PeachCommander[3446:3799] [com.apple.AppKit:Image] ISImage reported a placeholder, image rep is providing a placeholder image for <private>
2026-09-14 10:15:02.197 I  PeachCommander[3446:3799] [com.apple.AppKit:Image] ISImage reported a placeholder, image rep is providing a placeholder image for <private>
2026-09-14 10:15:02.198 I  PeachCommander[3446:3799] [com.apple.AppKit:Image] ISImage reported a placeholder, image rep is providing a placeholder image for <private>
2026-09-14 10:15:02.199 I  PeachCommander[3446:3799] [com.apple.AppKit:Image] ISImage reported a placeholder, image rep is providing a placeholder image for <private>
2026-09-14 10:15:02.200 I  PeachCommander[3446:3799] [com.apple.AppKit:Image] ISImage reported a placeholder, image rep is providing a placeholder image for <private>
2026-09-14 10:15:02.201 I  PeachCommander[3446:3799] [com.apple.AppKit:Image] ISImage reported a placeholder, image rep is providing a placeholder image for <private>
2026-09-14 10:15:02.202 I  PeachCommander[3446:3799] [com.apple.AppKit:Image] ISImage reported a placeholder, image rep is providing a placeholder image for <private>
2026-09-14 10:15:02.203 I  PeachCommander[3446:3799] [com.apple.AppKit:Image] ISImage reported a placeholder, image rep is providing a placeholder image for <private>
2026-09-14 10:15:02.204 I  PeachCommander[3446:3799] [com.apple.AppKit:Image] ISImage reported a placeholder, image rep is providing a placeholder image for <private>
2026-09-14 10:15:02.205 I  PeachCommander[3446:3799] [com.apple.AppKit:Image] ISImage reported a placeholder, image rep is providing a placeholder image for <private>
2026-09-14 10:15:02.206 I  PeachCommander[3446:3799] [com.apple.AppKit:Image] ISImage reported a placeholder, image rep is providing a placeholder image for <private>
2026-09-14 10:15:02.207 I  PeachCommander[3446:3799] [com.apple.AppKit:Image] ISImage reported a placeholder, image rep is providing a placeholder image for <private>
2026-09-14 10:15:02.208 I  PeachCommander[3446:3799] [com.apple.AppKit:Image] ISImage reported a placeholder, image rep is providing a placeholder image for <private>
2026-09-14 10:15:02.208 I  PeachCommander[3446:3799] [com.apple.AppKit:Image] ISImage reported a placeholder, image rep is providing a placeholder image for <private>
2026-09-14 10:15:02.209 I  PeachCommander[3446:3799] [com.apple.AppKit:Image] ISImage reported a placeholder, image rep is providing a placeholder image for <private>
2026-09-14 10:15:02.210 I  PeachCommander[3446:3799] [com.apple.AppKit:Image] ISImage reported a placeholder, image rep is providing a placeholder image for <private>
2026-09-14 10:15:02.211 I  PeachCommander[3446:3799] [com.apple.AppKit:Image] ISImage reported a placeholder, image rep is providing a placeholder image for <private>
2026-09-14 10:15:02.212 I  PeachCommander[3446:3799] [com.apple.AppKit:Image] ISImage reported a placeholder, image rep is providing a placeholder image for <private>
2026-09-14 10:15:02.213 I  PeachCommander[3446:3799] [com.apple.AppKit:Image] ISImage reported a placeholder, image rep is providing a placeholder image for <private>
2026-09-14 10:15:02.214 I  PeachCommander[3446:3799] [com.apple.AppKit:Image] ISImage reported a placeholder, image rep is providing a placeholder image for <private>
2026-09-14 10:15:02.214 I  PeachCommander[3446:3799] [com.apple.AppKit:Image] ISImage reported a placeholder, image rep is providing a placeholder image for <private>
2026-09-14 10:15:02.216 I  PeachCommander[3446:3799] [com.apple.AppKit:Image] ISImage reported a placeholder, image rep is providing a placeholder image for <private>
2026-09-14 10:15:02.216 I  PeachCommander[3446:3799] [com.apple.AppKit:Image] ISImage reported a placeholder, image rep is providing a placeholder image for <private>
2026-09-14 10:15:02.216 I  PeachCommander[3446:37a5] [com.apple.iconservices:foundation] layer data size zero
2026-09-14 10:15:02.218 I  PeachCommander[3446:3799] [com.apple.AppKit:Image] ISImage reported a placeholder, image rep is providing a placeholder image for <private>
2026-09-14 10:15:02.218 I  PeachCommander[3446:3799] [com.apple.AppKit:Image] ISImage reported a placeholder, image rep is providing a placeholder image for <private>
2026-09-14 10:15:02.220 I  PeachCommander[3446:37a4] [com.apple.iconservices:foundation] layer data size zero
2026-09-14 10:15:02.233 I  PeachCommander[3446:3799] [com.apple.AppKit:Image] ISImage reported a placeholder, image rep is providing a placeholder image for <private>
2026-09-14 10:15:02.233 I  PeachCommander[3446:3799] [com.apple.AppKit:Image] ISImage reported a placeholder, image rep is providing a placeholder image for <private>
2026-09-14 10:15:02.233 I  PeachCommander[3446:3799] [com.apple.AppKit:Image] ISImage reported a placeholder, image rep is providing a placeholder image for <private>
2026-09-14 10:15:02.233 I  PeachCommander[3446:3799] [com.apple.AppKit:Image] ISImage reported a placeholder, image rep is providing a placeholder image for <private>
2026-09-14 10:15:02.233 I  PeachCommander[3446:37a4] [com.apple.iconservices:foundation] layer data size zero
2026-09-14 10:15:02.233 I  PeachCommander[3446:3799] [com.apple.AppKit:Image] ISImage reported a placeholder, image rep is providing a placeholder image for <private>
2026-09-14 10:15:02.233 I  PeachCommander[3446:3799] [com.apple.AppKit:Image] ISImage reported a placeholder, image rep is providing a placeholder image for <private>
2026-09-14 10:15:02.234 I  PeachCommander[3446:3799] [com.apple.AppKit:Image] ISImage reported a placeholder, image rep is providing a placeholder image for <private>
2026-09-14 10:15:02.234 I  PeachCommander[3446:3799] [com.apple.AppKit:Image] ISImage reported a placeholder, image rep is providing a placeholder image for <private>
2026-09-14 10:15:02.234 I  PeachCommander[3446:3799] [com.apple.AppKit:Image] ISImage reported a placeholder, image rep is providing a placeholder image for <private>
2026-09-14 10:15:02.241 I  PeachCommander[3446:3799] [com.apple.AppKit:Image] ISImage reported a placeholder, image rep is providing a placeholder image for <private>
2026-09-14 10:15:02.242 I  PeachCommander[3446:3799] [com.apple.AppKit:Image] ISImage reported a placeholder, image rep is providing a placeholder image for <private>
2026-09-14 10:15:02.243 I  PeachCommander[3446:3799] [com.apple.AppKit:Image] ISImage reported a placeholder, image rep is providing a placeholder image for <private>
2026-09-14 10:15:02.245 I  PeachCommander[3446:3799] [com.apple.AppKit:Image] ISImage reported a placeholder, image rep is providing a placeholder image for <private>
2026-09-14 10:15:02.245 I  PeachCommander[3446:3799] [com.apple.AppKit:Image] ISImage reported a placeholder, image rep is providing a placeholder image for <private>
2026-09-14 10:15:02.246 I  PeachCommander[3446:3799] [com.apple.AppKit:Image] ISImage reported a placeholder, image rep is providing a placeholder image for <private>
2026-09-14 10:15:02.246 I  PeachCommander[3446:3799] [com.apple.AppKit:Image] ISImage reported a placeholder, image rep is providing a placeholder image for <private>
2026-09-14 10:15:02.246 I  PeachCommander[3446:37a4] [com.apple.iconservices:foundation] layer data size zero
2026-09-14 10:15:02.247 I  PeachCommander[3446:3799] [com.apple.AppKit:Image] ISImage reported a placeholder, image rep is providing a placeholder image for <private>
2026-09-14 10:15:02.247 I  PeachCommander[3446:3799] [com.apple.AppKit:Image] ISImage reported a placeholder, image rep is providing a placeholder image for <private>
2026-09-14 10:15:02.361 I  PeachCommander[3446:379f] [com.apple.AppKit:WindowTab] Indexing 1 items
2026-09-14 10:15:02.361 A  PeachCommander[3446:379f] (CoreSpotlight) end-index-batch
2026-09-14 10:15:02.361 A  PeachCommander[3446:379f] (CoreSpotlight) index-items
2026-09-14 10:15:02.361 Df PeachCommander[3446:379f] [com.apple.corespotlight:index] CSInlineDonation:<private>: Skipping donation (feature flag disabled)
2026-09-14 10:15:02.362 Df PeachCommander[3446:379f] [com.apple.corespotlight:index] CSInlineDonation:<private>: Skipping donation (feature flag disabled)
2026-09-14 10:15:03.458 Df PeachCommander[3446:3799] (Foundation) <private>
2026-09-14 10:15:03.458 I  PeachCommander[3446:3799] [com.peachcommander:PCFoundation] [automation] > markone undone.txt
2026-09-14 10:15:03.466 Df PeachCommander[3446:3799] (Foundation) <private>
2026-09-14 10:15:03.466 I  PeachCommander[3446:3799] [com.peachcommander:PCFoundation] [automation] > wait 400
2026-09-14 10:15:03.471 I  PeachCommander[3446:3799] [com.apple.AppKit:Image] ISImage reported a placeholder, image rep is providing a placeholder image for <private>
2026-09-14 10:15:03.474 I  PeachCommander[3446:3799] [com.apple.AppKit:Image] ISImage reported a placeholder, image rep is providing a placeholder image for <private>
2026-09-14 10:15:03.476 I  PeachCommander[3446:3799] [com.apple.AppKit:Image] ISImage reported a placeholder, image rep is providing a placeholder image for <private>
2026-09-14 10:15:03.483 I  PeachCommander[3446:3799] [com.apple.AppKit:Image] ISImage reported a placeholder, image rep is providing a placeholder image for <private>
2026-09-14 10:15:03.483 I  PeachCommander[3446:3799] [com.apple.AppKit:Image] ISImage reported a placeholder, image rep is providing a placeholder image for <private>
2026-09-14 10:15:03.486 I  PeachCommander[3446:3799] [com.apple.AppKit:Image] ISImage reported a placeholder, image rep is providing a placeholder image for <private>
2026-09-14 10:15:03.486 I  PeachCommander[3446:3799] [com.apple.AppKit:Image] ISImage reported a placeholder, image rep is providing a placeholder image for <private>
2026-09-14 10:15:03.490 I  PeachCommander[3446:3799] [com.apple.AppKit:Image] ISImage reported a placeholder, image rep is providing a placeholder image for <private>
2026-09-14 10:15:03.490 I  PeachCommander[3446:3799] [com.apple.AppKit:Image] ISImage reported a placeholder, image rep is providing a placeholder image for <private>
2026-09-14 10:15:03.515 I  PeachCommander[3446:3799] [com.apple.AppKit:Image] ISImage reported a placeholder, image rep is providing a placeholder image for <private>
2026-09-14 10:15:03.516 I  PeachCommander[3446:3799] [com.apple.AppKit:Image] ISImage reported a placeholder, image rep is providing a placeholder image for <private>
2026-09-14 10:15:03.517 I  PeachCommander[3446:3799] [com.apple.AppKit:Image] ISImage reported a placeholder, image rep is providing a placeholder image for <private>
2026-09-14 10:15:03.518 I  PeachCommander[3446:3799] [com.apple.AppKit:Image] ISImage reported a placeholder, image rep is providing a placeholder image for <private>
2026-09-14 10:15:03.518 I  PeachCommander[3446:3799] [com.apple.AppKit:Image] ISImage reported a placeholder, image rep is providing a placeholder image for <private>
2026-09-14 10:15:03.520 I  PeachCommander[3446:3799] [com.apple.AppKit:Image] ISImage reported a placeholder, image rep is providing a placeholder image for <private>
2026-09-14 10:15:03.520 I  PeachCommander[3446:3799] [com.apple.AppKit:Image] ISImage reported a placeholder, image rep is providing a placeholder image for <private>
2026-09-14 10:15:03.521 I  PeachCommander[3446:3799] [com.apple.AppKit:Image] ISImage reported a placeholder, image rep is providing a placeholder image for <private>
2026-09-14 10:15:03.521 I  PeachCommander[3446:3799] [com.apple.AppKit:Image] ISImage reported a placeholder, image rep is providing a placeholder image for <private>
2026-09-14 10:15:03.680 I  PeachCommander[3446:3799] [com.apple.quicklook:Preview Loading] start loading item <private>
2026-09-14 10:15:03.681 I  PeachCommander[3446:3799] [com.apple.quicklook:Preview Loading] created <private> (customView: (null))
2026-09-14 10:15:03.681 I  PeachCommander[3446:3799] [com.apple.quicklook:Preview Loading] start loading <private> with forced displayBundleID (null)
2026-09-14 10:15:03.683 Df PeachCommander[3446:37a4] [com.apple.foundation.filecoordination:claims] Read options: 200000 -- URL: <private> -- purposeID: 27DC5C44-E04E-4407-976E-40FDA539EDB0 -- claimID: 2271122F-26B8-42FC-95C4-C3FDE38651AF
2026-09-14 10:15:03.685 Df PeachCommander[3446:37a4] [com.apple.foundation.filecoordination:claims] Claim 2271122F-26B8-42FC-95C4-C3FDE38651AF granted in client
2026-09-14 10:15:03.685 Df PeachCommander[3446:37a4] [com.apple.foundation.filecoordination:claims] Claim 2271122F-26B8-42FC-95C4-C3FDE38651AF invoked in client
2026-09-14 10:15:03.685 I  PeachCommander[3446:37a4] [com.apple.quicklook:Preview Loading] got displayBundleID com.apple.qldisplay.Text for <private>
2026-09-14 10:15:03.691 I  PeachCommander[3446:3799] [com.apple.quicklook:Preview Loading] document <private> got display bundle <private>
2026-09-14 10:15:03.691 I  PeachCommander[3446:37a5] [com.apple.quicklook:General] presentedItemURL: <private>
2026-09-14 10:15:03.691 I  PeachCommander[3446:37a5] [com.apple.quicklook:General] presentedItemOperationQueue: <private>
2026-09-14 10:15:03.691 Df PeachCommander[3446:37a5] [com.apple.foundation.filecoordination:presenter] Adding presenter 788B93D7-F509-419F-AE24-D4FDD310AC3B for URL: <private>
2026-09-14 10:15:03.691 Df PeachCommander[3446:387a] [com.apple.foundation.filecoordination:claims] Read options: 0 -- URL: <private> -- purposeID: 91AD2F61-3AF9-4F70-B1D9-8A7F67372F27 -- claimID: 4E5C3424-3932-46F2-9C7A-F111874722F9
2026-09-14 10:15:03.692 Df PeachCommander[3446:37a5] [com.apple.foundation.filecoordination:claims] Claim 4E5C3424-3932-46F2-9C7A-F111874722F9 granted in client
2026-09-14 10:15:03.692 Df PeachCommander[3446:37a5] [com.apple.foundation.filecoordination:claims] Claim 4E5C3424-3932-46F2-9C7A-F111874722F9 invoked in client
2026-09-14 10:15:03.693 I  PeachCommander[3446:387a] [com.apple.quicklook:default] Getting <private> for 'Text Loading Options' from UTI '<private>' #UTI
2026-09-14 10:15:03.694 I  PeachCommander[3446:3799] [com.apple.inputAnalytics.client:IATextInputActions] initWithAnalyticsMetadataObserver service
2026-09-14 10:15:03.694 I  PeachCommander[3446:3799] [com.apple.quicklook:General] DID LOAD <private>
2026-09-14 10:15:03.696 I  PeachCommander[3446:3799] [com.apple.quicklook:Preview Loading] document <private> did load
2026-09-14 10:15:03.696 I  PeachCommander[3446:3799] [com.apple.quicklook:Preview Loading] setting displayable from (null) to <private>
2026-09-14 10:15:03.883 Df PeachCommander[3446:3799] (Foundation) <private>
2026-09-14 10:15:03.883 I  PeachCommander[3446:3799] [com.peachcommander:PCFoundation] [automation] > cmdwait cm_Delete
2026-09-14 10:15:03.901 I  PeachCommander[3446:3799] [com.apple.AppKit:Window] context (0 -> 8834a348) for window 86
2026-09-14 10:15:03.916 I  PeachCommander[3446:3799] [com.apple.CoreAnalytics:client] Dropping "<private>" as it isn't used in any transform (not in the config or budgeted?)
2026-09-14 10:15:03.917 I  PeachCommander[3446:3799] [com.apple.AppKit:Window] order window front conditionally: 86 related: 0
2026-09-14 10:15:03.917 I  PeachCommander[3446:3799] [com.apple.AppKit:Window] parent <PeachCommander.MainWindow: 0xaa1457700> windowNumber=85 remove <NSWindow: 0xaa1729400> windowNumber=86 from group
2026-09-14 10:15:03.917 I  PeachCommander[3446:3799] [com.apple.AppKit:Window] parent <PeachCommander.MainWindow: 0xaa1457700> windowNumber=85 add <NSWindow: 0xaa1729400> windowNumber=86 to group
2026-09-14 10:15:03.917 I  PeachCommander[3446:3799] [com.apple.AppKit:Window] order window: 86 op: 1 relative: 85 related: 0
2026-09-14 10:15:03.920 I  PeachCommander[3446:37a5] [com.apple.FileProvider:default] [INFO] Loaded module <private> from bundle <private>
2026-09-14 10:15:03.921 I  PeachCommander[3446:37a5] [com.apple.FileProvider:default] [INFO] Loaded module <private> from bundle <private>
2026-09-14 10:15:03.922 I  PeachCommander[3446:37a5] [com.apple.FileProvider:default] [INFO] Loaded module <private> from bundle <private>
2026-09-14 10:15:03.922 I  PeachCommander[3446:37a5] [com.apple.FileProvider:default] [INFO] Loaded 3 framework overrides modules.
2026-09-14 10:15:03.923 I  PeachCommander[3446:37a5] [com.apple.CarbonCore:FileIDMap] FIDCopyFileIDMapForVolume FIDCopyFileIDMapForVolume: adding FileIDMap for vRefNum (-100)
2026-09-14 10:15:03.933 I  PeachCommander[3446:3799] [com.apple.AppKit:Window] parent <PeachCommander.MainWindow: 0xaa1457700> windowNumber=85 remove <NSWindow: 0xaa1729400> windowNumber=86 from group
2026-09-14 10:15:03.933 I  PeachCommander[3446:3799] [com.apple.AppKit:Window] window <NSWindow: 0xaa1729400> windowNumber=86 finishing close
2026-09-14 10:15:03.946 I  PeachCommander[3446:3799] [com.apple.AppKit:Window] order window: 85 op: 1 relative: 86 related: 0
2026-09-14 10:15:03.946 I  PeachCommander[3446:3799] [com.apple.AppKit:Window] order window: 86 op: 0 relative: 0 related: 0
2026-09-14 10:15:03.960 I  PeachCommander[3446:3799] [com.apple.AppKit:Image] ISImage reported a placeholder, image rep is providing a placeholder image for <private>
2026-09-14 10:15:03.961 I  PeachCommander[3446:3799] [com.apple.AppKit:Image] ISImage reported a placeholder, image rep is providing a placeholder image for <private>
2026-09-14 10:15:03.961 I  PeachCommander[3446:3799] [com.apple.AppKit:Image] ISImage reported a placeholder, image rep is providing a placeholder image for <private>
2026-09-14 10:15:03.962 I  PeachCommander[3446:3799] [com.apple.AppKit:Image] ISImage reported a placeholder, image rep is providing a placeholder image for <private>
2026-09-14 10:15:03.962 I  PeachCommander[3446:3799] [com.apple.AppKit:Image] ISImage reported a placeholder, image rep is providing a placeholder image for <private>
2026-09-14 10:15:03.963 I  PeachCommander[3446:3799] [com.apple.AppKit:Image] ISImage reported a placeholder, image rep is providing a placeholder image for <private>
2026-09-14 10:15:03.963 I  PeachCommander[3446:3799] [com.apple.AppKit:Image] ISImage reported a placeholder, image rep is providing a placeholder image for <private>
2026-09-14 10:15:03.972 Df PeachCommander[3446:3799] (Foundation) <private>
2026-09-14 10:15:03.972 I  PeachCommander[3446:3799] [com.peachcommander:PCFoundation] [automation] > wait 600
2026-09-14 10:15:03.977 I  PeachCommander[3446:3799] [com.apple.AppKit:Image] ISImage reported a placeholder, image rep is providing a placeholder image for <private>
2026-09-14 10:15:03.977 I  PeachCommander[3446:3799] [com.apple.AppKit:Image] ISImage reported a placeholder, image rep is providing a placeholder image for <private>
2026-09-14 10:15:03.979 I  PeachCommander[3446:3799] [com.apple.AppKit:Image] ISImage reported a placeholder, image rep is providing a placeholder image for <private>
2026-09-14 10:15:03.979 I  PeachCommander[3446:3799] [com.apple.AppKit:Image] ISImage reported a placeholder, image rep is providing a placeholder image for <private>
2026-09-14 10:15:03.980 I  PeachCommander[3446:3799] [com.apple.AppKit:Image] ISImage reported a placeholder, image rep is providing a placeholder image for <private>
2026-09-14 10:15:03.980 I  PeachCommander[3446:3799] [com.apple.AppKit:Image] ISImage reported a placeholder, image rep is providing a placeholder image for <private>
2026-09-14 10:15:04.045 I  PeachCommander[3446:3799] [com.apple.AppKit:Window] context (8834a348 -> 0) for window 86
2026-09-14 10:15:04.102 I  PeachCommander[3446:37a5] [com.apple.AppKit:WindowTab] Indexing 1 items
2026-09-14 10:15:04.102 A  PeachCommander[3446:37a5] (CoreSpotlight) end-index-batch
2026-09-14 10:15:04.102 A  PeachCommander[3446:37a5] (CoreSpotlight) index-items
2026-09-14 10:15:04.102 Df PeachCommander[3446:37a5] [com.apple.corespotlight:index] CSInlineDonation:<private>: Skipping donation (feature flag disabled)
2026-09-14 10:15:04.102 Df PeachCommander[3446:37a5] [com.apple.corespotlight:index] CSInlineDonation:<private>: Skipping donation (feature flag disabled)
2026-09-14 10:15:04.167 I  PeachCommander[3446:3799] [com.apple.quicklook:Preview Loading] start loading item <private>
2026-09-14 10:15:04.167 I  PeachCommander[3446:3799] [com.apple.quicklook:Preview Loading] created <private> (customView: (null))
2026-09-14 10:15:04.167 I  PeachCommander[3446:3799] [com.apple.quicklook:Preview Loading] start loading <private> with forced displayBundleID (null)
2026-09-14 10:15:04.168 Df PeachCommander[3446:37a4] [com.apple.foundation.filecoordination:claims] Read options: 200000 -- URL: <private> -- purposeID: FFD01351-1EAC-423A-ACC9-E5AADD9FB767 -- claimID: 8A61F94A-FBE8-457B-A468-335A3AAA08D5
2026-09-14 10:15:04.169 Df PeachCommander[3446:37a4] [com.apple.foundation.filecoordination:claims] Claim 8A61F94A-FBE8-457B-A468-335A3AAA08D5 granted in client
2026-09-14 10:15:04.169 Df PeachCommander[3446:37a4] [com.apple.foundation.filecoordination:claims] Claim 8A61F94A-FBE8-457B-A468-335A3AAA08D5 invoked in client
2026-09-14 10:15:04.169 I  PeachCommander[3446:37a4] [com.apple.quicklook:Preview Loading] got displayBundleID com.apple.qldisplay.Text for <private>
2026-09-14 10:15:04.170 I  PeachCommander[3446:3799] [com.apple.quicklook:Preview Loading] document <private> got display bundle <private>
2026-09-14 10:15:04.170 I  PeachCommander[3446:37a4] [com.apple.quicklook:General] presentedItemURL: <private>
2026-09-14 10:15:04.170 I  PeachCommander[3446:37a4] [com.apple.quicklook:General] presentedItemOperationQueue: <private>
2026-09-14 10:15:04.170 Df PeachCommander[3446:37a4] [com.apple.foundation.filecoordination:presenter] Adding presenter 2CB4C2E2-8C4B-43BB-A42E-397662F7E4A0 for URL: <private>
2026-09-14 10:15:04.170 Df PeachCommander[3446:3882] [com.apple.foundation.filecoordination:claims] Read options: 0 -- URL: <private> -- purposeID: B7C7E0C8-4B71-44D6-80C5-8896348B37AD -- claimID: 231300B9-AC65-4469-9B5A-8639A7E2E662
2026-09-14 10:15:04.171 Df PeachCommander[3446:37a4] [com.apple.foundation.filecoordination:claims] Claim 231300B9-AC65-4469-9B5A-8639A7E2E662 granted in client
2026-09-14 10:15:04.171 Df PeachCommander[3446:37a4] [com.apple.foundation.filecoordination:claims] Claim 231300B9-AC65-4469-9B5A-8639A7E2E662 invoked in client
2026-09-14 10:15:04.171 I  PeachCommander[3446:3882] [com.apple.quicklook:default] Getting <private> for 'Text Loading Options' from UTI '<private>' #UTI
2026-09-14 10:15:04.172 I  PeachCommander[3446:3799] [com.apple.quicklook:General] DID LOAD <private>
2026-09-14 10:15:04.172 I  PeachCommander[3446:3799] [com.apple.quicklook:Preview Loading] document <private> did load
2026-09-14 10:15:04.172 I  PeachCommander[3446:3799] [com.apple.quicklook:Preview Loading] setting displayable from <private> to <private>
2026-09-14 10:15:04.173 Df PeachCommander[3446:3799] [com.apple.xpc:connection] [0xaa0ca9040] activating connection: mach=false listener=false peer=false name=com.apple.speech.SpeechSynthesisServerXPC
2026-09-14 10:15:04.174 Df PeachCommander[3446:3799] [com.apple.foundation.filecoordination:presenter] Removing presenter 788B93D7-F509-419F-AE24-D4FDD310AC3B
2026-09-14 10:15:04.206 Df PeachCommander[3446:37aa] (SpeechSynthesis) TTS: XPC did receive stop
2026-09-14 10:15:04.613 Df PeachCommander[3446:3799] (Foundation) <private>
2026-09-14 10:15:04.613 I  PeachCommander[3446:3799] [com.peachcommander:PCFoundation] [automation] > setbool Operation.ConfirmDelete|1
2026-09-14 10:15:04.613 Df PeachCommander[3446:3799] (Foundation) <private>
2026-09-14 10:15:04.613 I  PeachCommander[3446:3799] [com.peachcommander:PCFoundation] [automation] > wait 500
2026-09-14 10:15:05.127 Df PeachCommander[3446:3799] (Foundation) <private>
2026-09-14 10:15:05.127 I  PeachCommander[3446:3799] [com.peachcommander:PCFoundation] [automation] > undoop /Users/admin/undodelete.txt
2026-09-14 10:15:05.140 I  PeachCommander[3446:3799] [com.apple.AppKit:Image] ISImage reported a placeholder, image rep is providing a placeholder image for <private>
2026-09-14 10:15:05.142 I  PeachCommander[3446:3799] [com.apple.AppKit:Image] ISImage reported a placeholder, image rep is providing a placeholder image for <private>
2026-09-14 10:15:05.149 I  PeachCommander[3446:3799] [com.apple.AppKit:Image] ISImage reported a placeholder, image rep is providing a placeholder image for <private>
2026-09-14 10:15:05.149 I  PeachCommander[3446:3799] [com.apple.AppKit:Image] ISImage reported a placeholder, image rep is providing a placeholder image for <private>
2026-09-14 10:15:05.152 I  PeachCommander[3446:3799] [com.apple.AppKit:Image] ISImage reported a placeholder, image rep is providing a placeholder image for <private>
2026-09-14 10:15:05.153 I  PeachCommander[3446:3799] [com.apple.AppKit:Image] ISImage reported a placeholder, image rep is providing a placeholder image for <private>
2026-09-14 10:15:05.156 I  PeachCommander[3446:3799] [com.apple.AppKit:Image] ISImage reported a placeholder, image rep is providing a placeholder image for <private>
2026-09-14 10:15:05.156 I  PeachCommander[3446:3799] [com.apple.AppKit:Image] ISImage reported a placeholder, image rep is providing a placeholder image for <private>
2026-09-14 10:15:05.186 I  PeachCommander[3446:3799] [com.apple.AppKit:Image] ISImage reported a placeholder, image rep is providing a placeholder image for <private>
2026-09-14 10:15:05.187 I  PeachCommander[3446:3799] [com.apple.AppKit:Image] ISImage reported a placeholder, image rep is providing a placeholder image for <private>
2026-09-14 10:15:05.188 I  PeachCommander[3446:3799] [com.apple.AppKit:Image] ISImage reported a placeholder, image rep is providing a placeholder image for <private>
2026-09-14 10:15:05.205 Df PeachCommander[3446:3799] (Foundation) <private>
2026-09-14 10:15:05.205 I  PeachCommander[3446:3799] [com.peachcommander:PCFoundation] [automation] done
2026-09-14 10:15:05.206 I  PeachCommander[3446:3799] [com.apple.AppKit:Image] ISImage reported a placeholder, image rep is providing a placeholder image for <private>
2026-09-14 10:15:05.206 I  PeachCommander[3446:3799] [com.apple.AppKit:Image] ISImage reported a placeholder, image rep is providing a placeholder image for <private>
2026-09-14 10:15:05.207 I  PeachCommander[3446:3799] [com.apple.AppKit:Image] ISImage reported a placeholder, image rep is providing a placeholder image for <private>
2026-09-14 10:15:05.208 I  PeachCommander[3446:3799] [com.apple.AppKit:Image] ISImage reported a placeholder, image rep is providing a placeholder image for <private>
2026-09-14 10:15:05.208 I  PeachCommander[3446:3799] [com.apple.AppKit:Image] ISImage reported a placeholder, image rep is providing a placeholder image for <private>
2026-09-14 10:15:05.209 I  PeachCommander[3446:3799] [com.apple.AppKit:Image] ISImage reported a placeholder, image rep is providing a placeholder image for <private>
2026-09-14 10:15:05.210 I  PeachCommander[3446:3799] [com.apple.AppKit:Image] ISImage reported a placeholder, image rep is providing a placeholder image for <private>
2026-09-14 10:15:05.210 I  PeachCommander[3446:3799] [com.apple.AppKit:Image] ISImage reported a placeholder, image rep is providing a placeholder image for <private>
2026-09-14 10:15:05.212 I  PeachCommander[3446:3799] [com.apple.AppKit:Image] ISImage reported a placeholder, image rep is providing a placeholder image for <private>
2026-09-14 10:15:05.212 I  PeachCommander[3446:3799] [com.apple.AppKit:Image] ISImage reported a placeholder, image rep is providing a placeholder image for <private>
2026-09-14 10:15:05.213 I  PeachCommander[3446:3799] [com.apple.AppKit:Image] ISImage reported a placeholder, image rep is providing a placeholder image for <private>
2026-09-14 10:15:05.214 I  PeachCommander[3446:3799] [com.apple.AppKit:Image] ISImage reported a placeholder, image rep is providing a placeholder image for <private>
2026-09-14 10:15:05.214 I  PeachCommander[3446:3799] [com.apple.AppKit:Image] ISImage reported a placeholder, image rep is providing a placeholder image for <private>
2026-09-14 10:15:05.215 I  PeachCommander[3446:3799] [com.apple.AppKit:Image] ISImage reported a placeholder, image rep is providing a placeholder image for <private>
2026-09-14 10:15:05.215 I  PeachCommander[3446:3799] [com.apple.AppKit:Image] ISImage reported a placeholder, image rep is providing a placeholder image for <private>
2026-09-14 10:15:05.216 I  PeachCommander[3446:3799] [com.apple.AppKit:Image] ISImage reported a placeholder, image rep is providing a placeholder image for <private>
2026-09-14 10:15:05.217 I  PeachCommander[3446:3799] [com.apple.AppKit:Image] ISImage reported a placeholder, image rep is providing a placeholder image for <private>
2026-09-14 10:15:05.217 I  PeachCommander[3446:3799] [com.apple.AppKit:Image] ISImage reported a placeholder, image rep is providing a placeholder image for <private>
2026-09-14 10:15:05.218 I  PeachCommander[3446:3799] [com.apple.AppKit:Image] ISImage reported a placeholder, image rep is providing a placeholder image for <private>
2026-09-14 10:15:05.218 I  PeachCommander[3446:3799] [com.apple.AppKit:Image] ISImage reported a placeholder, image rep is providing a placeholder image for <private>
2026-09-14 10:15:05.219 I  PeachCommander[3446:3799] [com.apple.AppKit:Image] ISImage reported a placeholder, image rep is providing a placeholder image for <private>
2026-09-14 10:15:05.220 I  PeachCommander[3446:3799] [com.apple.AppKit:Image] ISImage reported a placeholder, image rep is providing a placeholder image for <private>
2026-09-14 10:15:05.220 I  PeachCommander[3446:3799] [com.apple.AppKit:Image] ISImage reported a placeholder, image rep is providing a placeholder image for <private>
2026-09-14 10:15:05.221 I  PeachCommander[3446:3799] [com.apple.AppKit:Image] ISImage reported a placeholder, image rep is providing a placeholder image for <private>
2026-09-14 10:15:05.221 I  PeachCommander[3446:3799] [com.apple.AppKit:Image] ISImage reported a placeholder, image rep is providing a placeholder image for <private>
2026-09-14 10:15:05.222 I  PeachCommander[3446:3799] [com.apple.AppKit:Image] ISImage reported a placeholder, image rep is providing a placeholder image for <private>
2026-09-14 10:15:05.223 I  PeachCommander[3446:3799] [com.apple.AppKit:Image] ISImage reported a placeholder, image rep is providing a placeholder image for <private>
2026-09-14 10:15:05.223 I  PeachCommander[3446:3799] [com.apple.AppKit:Image] ISImage reported a placeholder, image rep is providing a placeholder image for <private>
2026-09-14 10:15:05.223 I  PeachCommander[3446:3799] [com.apple.AppKit:Image] ISImage reported a placeholder, image rep is providing a placeholder image for <private>
2026-09-14 10:15:05.224 I  PeachCommander[3446:3799] [com.apple.AppKit:Image] ISImage reported a placeholder, image rep is providing a placeholder image for <private>
2026-09-14 10:15:05.224 I  PeachCommander[3446:3799] [com.apple.AppKit:Image] ISImage reported a placeholder, image rep is providing a placeholder image for <private>
2026-09-14 10:15:05.225 I  PeachCommander[3446:3799] [com.apple.AppKit:Image] ISImage reported a placeholder, image rep is providing a placeholder image for <private>
2026-09-14 10:15:05.225 I  PeachCommander[3446:3799] [com.apple.AppKit:Image] ISImage reported a placeholder, image rep is providing a placeholder image for <private>
2026-09-14 10:15:05.227 I  PeachCommander[3446:3799] [com.apple.AppKit:Image] ISImage reported a placeholder, image rep is providing a placeholder image for <private>
2026-09-14 10:15:05.227 I  PeachCommander[3446:3799] [com.apple.AppKit:Image] ISImage reported a placeholder, image rep is providing a placeholder image for <private>
2026-09-14 10:15:05.228 I  PeachCommander[3446:3799] [com.apple.AppKit:Image] ISImage reported a placeholder, image rep is providing a placeholder image for <private>
2026-09-14 10:15:05.228 I  PeachCommander[3446:3799] [com.apple.AppKit:Image] ISImage reported a placeholder, image rep is providing a placeholder image for <private>
2026-09-14 10:15:05.229 I  PeachCommander[3446:3799] [com.apple.AppKit:Image] ISImage reported a placeholder, image rep is providing a placeholder image for <private>
2026-09-14 10:15:05.229 I  PeachCommander[3446:3799] [com.apple.AppKit:Image] ISImage reported a placeholder, image rep is providing a placeholder image for <private>
2026-09-14 10:15:05.230 I  PeachCommander[3446:3799] [com.apple.AppKit:Image] ISImage reported a placeholder, image rep is providing a placeholder image for <private>
2026-09-14 10:15:05.230 I  PeachCommander[3446:3799] [com.apple.AppKit:Image] ISImage reported a placeholder, image rep is providing a placeholder image for <private>
2026-09-14 10:15:05.231 I  PeachCommander[3446:3799] [com.apple.AppKit:Image] ISImage reported a placeholder, image rep is providing a placeholder image for <private>
2026-09-14 10:15:05.231 I  PeachCommander[3446:3799] [com.apple.AppKit:Image] ISImage reported a placeholder, image rep is providing a placeholder image for <private>
2026-09-14 10:15:05.232 I  PeachCommander[3446:3799] [com.apple.AppKit:Image] ISImage reported a placeholder, image rep is providing a placeholder image for <private>
2026-09-14 10:15:05.232 I  PeachCommander[3446:3799] [com.apple.AppKit:Image] ISImage reported a placeholder, image rep is providing a placeholder image for <private>
2026-09-14 10:15:05.233 I  PeachCommander[3446:3799] [com.apple.AppKit:Image] ISImage reported a placeholder, image rep is providing a placeholder image for <private>
2026-09-14 10:15:05.233 I  PeachCommander[3446:3799] [com.apple.AppKit:Image] ISImage reported a placeholder, image rep is providing a placeholder image for <private>
2026-09-14 10:15:05.234 I  PeachCommander[3446:3799] [com.apple.AppKit:Image] ISImage reported a placeholder, image rep is providing a placeholder image for <private>
2026-09-14 10:15:05.234 I  PeachCommander[3446:3799] [com.apple.AppKit:Image] ISImage reported a placeholder, image rep is providing a placeholder image for <private>
2026-09-14 10:15:05.235 I  PeachCommander[3446:3799] [com.apple.AppKit:Image] ISImage reported a placeholder, image rep is providing a placeholder image for <private>
2026-09-14 10:15:05.235 I  PeachCommander[3446:3799] [com.apple.AppKit:Image] ISImage reported a placeholder, image rep is providing a placeholder image for <private>
2026-09-14 10:15:05.236 I  PeachCommander[3446:3799] [com.apple.AppKit:Image] ISImage reported a placeholder, image rep is providing a placeholder image for <private>
2026-09-14 10:15:05.236 I  PeachCommander[3446:3799] [com.apple.AppKit:Image] ISImage reported a placeholder, image rep is providing a placeholder image for <private>
2026-09-14 10:15:05.237 I  PeachCommander[3446:3799] [com.apple.AppKit:Image] ISImage reported a placeholder, image rep is providing a placeholder image for <private>
2026-09-14 10:15:05.237 I  PeachCommander[3446:3799] [com.apple.AppKit:Image] ISImage reported a placeholder, image rep is providing a placeholder image for <private>
2026-09-14 10:15:05.238 I  PeachCommander[3446:3799] [com.apple.AppKit:Image] ISImage reported a placeholder, image rep is providing a placeholder image for <private>
2026-09-14 10:15:05.238 I  PeachCommander[3446:3799] [com.apple.AppKit:Image] ISImage reported a placeholder, image rep is providing a placeholder image for <private>
2026-09-14 10:15:05.239 I  PeachCommander[3446:3799] [com.apple.AppKit:Image] ISImage reported a placeholder, image rep is providing a placeholder image for <private>
2026-09-14 10:15:05.239 I  PeachCommander[3446:3799] [com.apple.AppKit:Image] ISImage reported a placeholder, image rep is providing a placeholder image for <private>
2026-09-14 10:15:05.240 I  PeachCommander[3446:3799] [com.apple.AppKit:Image] ISImage reported a placeholder, image rep is providing a placeholder image for <private>
2026-09-14 10:15:05.240 I  PeachCommander[3446:3799] [com.apple.AppKit:Image] ISImage reported a placeholder, image rep is providing a placeholder image for <private>
2026-09-14 10:15:05.241 I  PeachCommander[3446:3799] [com.apple.AppKit:Image] ISImage reported a placeholder, image rep is providing a placeholder image for <private>
2026-09-14 10:15:05.241 I  PeachCommander[3446:3799] [com.apple.AppKit:Image] ISImage reported a placeholder, image rep is providing a placeholder image for <private>
2026-09-14 10:15:05.242 I  PeachCommander[3446:3799] [com.apple.AppKit:Image] ISImage reported a placeholder, image rep is providing a placeholder image for <private>
2026-09-14 10:15:05.242 I  PeachCommander[3446:3799] [com.apple.AppKit:Image] ISImage reported a placeholder, image rep is providing a placeholder image for <private>
2026-09-14 10:15:05.243 I  PeachCommander[3446:3799] [com.apple.AppKit:Image] ISImage reported a placeholder, image rep is providing a placeholder image for <private>
2026-09-14 10:15:05.243 I  PeachCommander[3446:3799] [com.apple.AppKit:Image] ISImage reported a placeholder, image rep is providing a placeholder image for <private>
2026-09-14 10:15:05.244 I  PeachCommander[3446:3799] [com.apple.AppKit:Image] ISImage reported a placeholder, image rep is providing a placeholder image for <private>
2026-09-14 10:15:05.244 I  PeachCommander[3446:3799] [com.apple.AppKit:Image] ISImage reported a placeholder, image rep is providing a placeholder image for <private>
2026-09-14 10:15:05.245 I  PeachCommander[3446:3799] [com.apple.AppKit:Image] ISImage reported a placeholder, image rep is providing a placeholder image for <private>
2026-09-14 10:15:05.245 I  PeachCommander[3446:3799] [com.apple.AppKit:Image] ISImage reported a placeholder, image rep is providing a placeholder image for <private>
2026-09-14 10:15:05.246 I  PeachCommander[3446:3799] [com.apple.AppKit:Image] ISImage reported a placeholder, image rep is providing a placeholder image for <private>
2026-09-14 10:15:05.246 I  PeachCommander[3446:3799] [com.apple.AppKit:Image] ISImage reported a placeholder, image rep is providing a placeholder image for <private>
2026-09-14 10:15:05.247 I  PeachCommander[3446:3799] [com.apple.AppKit:Image] ISImage reported a placeholder, image rep is providing a placeholder image for <private>
2026-09-14 10:15:05.247 I  PeachCommander[3446:3799] [com.apple.AppKit:Image] ISImage reported a placeholder, image rep is providing a placeholder image for <private>
2026-09-14 10:15:05.248 I  PeachCommander[3446:3799] [com.apple.AppKit:Image] ISImage reported a placeholder, image rep is providing a placeholder image for <private>
2026-09-14 10:15:05.248 I  PeachCommander[3446:3799] [com.apple.AppKit:Image] ISImage reported a placeholder, image rep is providing a placeholder image for <private>
2026-09-14 10:15:05.249 I  PeachCommander[3446:3799] [com.apple.AppKit:Image] ISImage reported a placeholder, image rep is providing a placeholder image for <private>
2026-09-14 10:15:05.249 I  PeachCommander[3446:3799] [com.apple.AppKit:Image] ISImage reported a placeholder, image rep is providing a placeholder image for <private>
2026-09-14 10:15:05.250 I  PeachCommander[3446:3799] [com.apple.AppKit:Image] ISImage reported a placeholder, image rep is providing a placeholder image for <private>
2026-09-14 10:15:05.250 I  PeachCommander[3446:3799] [com.apple.AppKit:Image] ISImage reported a placeholder, image rep is providing a placeholder image for <private>
2026-09-14 10:15:05.251 I  PeachCommander[3446:3799] [com.apple.AppKit:Image] ISImage reported a placeholder, image rep is providing a placeholder image for <private>
2026-09-14 10:15:05.251 I  PeachCommander[3446:3799] [com.apple.AppKit:Image] ISImage reported a placeholder, image rep is providing a placeholder image for <private>
2026-09-14 10:15:05.252 I  PeachCommander[3446:3799] [com.apple.AppKit:Image] ISImage reported a placeholder, image rep is providing a placeholder image for <private>
2026-09-14 10:15:05.252 I  PeachCommander[3446:3799] [com.apple.AppKit:Image] ISImage reported a placeholder, image rep is providing a placeholder image for <private>
2026-09-14 10:15:05.253 I  PeachCommander[3446:3799] [com.apple.AppKit:Image] ISImage reported a placeholder, image rep is providing a placeholder image for <private>
2026-09-14 10:15:05.253 I  PeachCommander[3446:3799] [com.apple.AppKit:Image] ISImage reported a placeholder, image rep is providing a placeholder image for <private>
2026-09-14 10:15:05.341 I  PeachCommander[3446:3799] [com.apple.AppKit:Image] ISImage reported a placeholder, image rep is providing a placeholder image for <private>
2026-09-14 10:15:05.341 I  PeachCommander[3446:3799] [com.apple.AppKit:Image] ISImage reported a placeholder, image rep is providing a placeholder image for <private>
2026-09-14 10:15:05.342 I  PeachCommander[3446:3799] [com.apple.AppKit:Image] ISImage reported a placeholder, image rep is providing a placeholder image for <private>
2026-09-14 10:15:05.342 I  PeachCommander[3446:3799] [com.apple.AppKit:Image] ISImage reported a placeholder, image rep is providing a placeholder image for <private>
2026-09-14 10:15:05.343 I  PeachCommander[3446:3799] [com.apple.AppKit:Image] ISImage reported a placeholder, image rep is providing a placeholder image for <private>
2026-09-14 10:15:05.343 I  PeachCommander[3446:3799] [com.apple.AppKit:Image] ISImage reported a placeholder, image rep is providing a placeholder image for <private>
2026-09-14 10:15:05.344 I  PeachCommander[3446:3799] [com.apple.AppKit:Image] ISImage reported a placeholder, image rep is providing a placeholder image for <private>
2026-09-14 10:15:05.345 I  PeachCommander[3446:3799] [com.apple.AppKit:Image] ISImage reported a placeholder, image rep is providing a placeholder image for <private>
2026-09-14 10:15:05.345 I  PeachCommander[3446:3799] [com.apple.AppKit:Image] ISImage reported a placeholder, image rep is providing a placeholder image for <private>
2026-09-14 10:15:05.346 I  PeachCommander[3446:3799] [com.apple.AppKit:Image] ISImage reported a placeholder, image rep is providing a placeholder image for <private>
2026-09-14 10:15:05.346 I  PeachCommander[3446:3799] [com.apple.AppKit:Image] ISImage reported a placeholder, image rep is providing a placeholder image for <private>
2026-09-14 10:15:05.347 I  PeachCommander[3446:3799] [com.apple.AppKit:Image] ISImage reported a placeholder, image rep is providing a placeholder image for <private>
2026-09-14 10:15:05.347 I  PeachCommander[3446:3799] [com.apple.AppKit:Image] ISImage reported a placeholder, image rep is providing a placeholder image for <private>
2026-09-14 10:15:05.348 I  PeachCommander[3446:3799] [com.apple.AppKit:Image] ISImage reported a placeholder, image rep is providing a placeholder image for <private>
2026-09-14 10:15:05.349 I  PeachCommander[3446:3799] [com.apple.AppKit:Image] ISImage reported a placeholder, image rep is providing a placeholder image for <private>
2026-09-14 10:15:05.349 I  PeachCommander[3446:3799] [com.apple.AppKit:Image] ISImage reported a placeholder, image rep is providing a placeholder image for <private>
2026-09-14 10:15:05.350 I  PeachCommander[3446:3799] [com.apple.AppKit:Image] ISImage reported a placeholder, image rep is providing a placeholder image for <private>
2026-09-14 10:15:05.350 I  PeachCommander[3446:3799] [com.apple.AppKit:Image] ISImage reported a placeholder, image rep is providing a placeholder image for <private>
2026-09-14 10:15:05.351 I  PeachCommander[3446:3799] [com.apple.AppKit:Image] ISImage reported a placeholder, image rep is providing a placeholder image for <private>
2026-09-14 10:15:05.351 I  PeachCommander[3446:3799] [com.apple.AppKit:Image] ISImage reported a placeholder, image rep is providing a placeholder image for <private>
2026-09-14 10:15:05.352 I  PeachCommander[3446:3799] [com.apple.AppKit:Image] ISImage reported a placeholder, image rep is providing a placeholder image for <private>
2026-09-14 10:15:05.352 I  PeachCommander[3446:3799] [com.apple.AppKit:Image] ISImage reported a placeholder, image rep is providing a placeholder image for <private>
2026-09-14 10:15:05.353 I  PeachCommander[3446:3799] [com.apple.AppKit:Image] ISImage reported a placeholder, image rep is providing a placeholder image for <private>
2026-09-14 10:15:05.353 I  PeachCommander[3446:3799] [com.apple.AppKit:Image] ISImage reported a placeholder, image rep is providing a placeholder image for <private>
2026-09-14 10:15:05.354 I  PeachCommander[3446:3799] [com.apple.AppKit:Image] ISImage reported a placeholder, image rep is providing a placeholder image for <private>
2026-09-14 10:15:05.354 I  PeachCommander[3446:3799] [com.apple.AppKit:Image] ISImage reported a placeholder, image rep is providing a placeholder image for <private>
2026-09-14 10:15:05.355 I  PeachCommander[3446:3799] [com.apple.AppKit:Image] ISImage reported a placeholder, image rep is providing a placeholder image for <private>
2026-09-14 10:15:05.358 I  PeachCommander[3446:3799] [com.apple.AppKit:Image] ISImage reported a placeholder, image rep is providing a placeholder image for <private>
2026-09-14 10:15:05.359 I  PeachCommander[3446:3799] [com.apple.AppKit:Image] ISImage reported a placeholder, image rep is providing a placeholder image for <private>
2026-09-14 10:15:05.359 I  PeachCommander[3446:3799] [com.apple.AppKit:Image] ISImage reported a placeholder, image rep is providing a placeholder image for <private>
2026-09-14 10:15:05.362 I  PeachCommander[3446:3799] [com.apple.AppKit:Image] ISImage reported a placeholder, image rep is providing a placeholder image for <private>
2026-09-14 10:15:05.362 I  PeachCommander[3446:3799] [com.apple.AppKit:Image] ISImage reported a placeholder, image rep is providing a placeholder image for <private>
2026-09-14 10:15:05.363 I  PeachCommander[3446:3799] [com.apple.AppKit:Image] ISImage reported a placeholder, image rep is providing a placeholder image for <private>
2026-09-14 10:15:05.363 I  PeachCommander[3446:3799] [com.apple.AppKit:Image] ISImage reported a placeholder, image rep is providing a placeholder image for <private>
2026-09-14 10:15:05.364 I  PeachCommander[3446:3799] [com.apple.AppKit:Image] ISImage reported a placeholder, image rep is providing a placeholder image for <private>
2026-09-14 10:15:05.364 I  PeachCommander[3446:3799] [com.apple.AppKit:Image] ISImage reported a placeholder, image rep is providing a placeholder image for <private>
2026-09-14 10:15:05.366 I  PeachCommander[3446:3799] [com.apple.AppKit:Image] ISImage reported a placeholder, image rep is providing a placeholder image for <private>
2026-09-14 10:15:05.366 I  PeachCommander[3446:3799] [com.apple.AppKit:Image] ISImage reported a placeholder, image rep is providing a placeholder image for <private>
2026-09-14 10:15:05.367 I  PeachCommander[3446:3799] [com.apple.AppKit:Image] ISImage reported a placeholder, image rep is providing a placeholder image for <private>
2026-09-14 10:15:05.367 I  PeachCommander[3446:3799] [com.apple.AppKit:Image] ISImage reported a placeholder, image rep is providing a placeholder image for <private>
2026-09-14 10:15:05.368 I  PeachCommander[3446:3799] [com.apple.AppKit:Image] ISImage reported a placeholder, image rep is providing a placeholder image for <private>
2026-09-14 10:15:05.368 I  PeachCommander[3446:3799] [com.apple.AppKit:Image] ISImage reported a placeholder, image rep is providing a placeholder image for <private>
2026-09-14 10:15:05.369 I  PeachCommander[3446:3799] [com.apple.AppKit:Image] ISImage reported a placeholder, image rep is providing a placeholder image for <private>
2026-09-14 10:15:05.369 I  PeachCommander[3446:3799] [com.apple.AppKit:Image] ISImage reported a placeholder, image rep is providing a placeholder image for <private>
2026-09-14 10:15:05.370 I  PeachCommander[3446:3799] [com.apple.AppKit:Image] ISImage reported a placeholder, image rep is providing a placeholder image for <private>
2026-09-14 10:15:05.370 I  PeachCommander[3446:3799] [com.apple.AppKit:Image] ISImage reported a placeholder, image rep is providing a placeholder image for <private>
2026-09-14 10:15:05.371 I  PeachCommander[3446:3799] [com.apple.AppKit:Image] ISImage reported a placeholder, image rep is providing a placeholder image for <private>
2026-09-14 10:15:05.371 I  PeachCommander[3446:3799] [com.apple.AppKit:Image] ISImage reported a placeholder, image rep is providing a placeholder image for <private>
2026-09-14 10:15:05.372 I  PeachCommander[3446:3799] [com.apple.AppKit:Image] ISImage reported a placeholder, image rep is providing a placeholder image for <private>
2026-09-14 10:15:05.372 I  PeachCommander[3446:3799] [com.apple.AppKit:Image] ISImage reported a placeholder, image rep is providing a placeholder image for <private>
2026-09-14 10:15:05.373 I  PeachCommander[3446:3799] [com.apple.AppKit:Image] ISImage reported a placeholder, image rep is providing a placeholder image for <private>
2026-09-14 10:15:05.373 I  PeachCommander[3446:3799] [com.apple.AppKit:Image] ISImage reported a placeholder, image rep is providing a placeholder image for <private>
2026-09-14 10:15:05.374 I  PeachCommander[3446:3799] [com.apple.AppKit:Image] ISImage reported a placeholder, image rep is providing a placeholder image for <private>
2026-09-14 10:15:05.374 I  PeachCommander[3446:3799] [com.apple.AppKit:Image] ISImage reported a placeholder, image rep is providing a placeholder image for <private>
2026-09-14 10:15:05.375 I  PeachCommander[3446:3799] [com.apple.AppKit:Image] ISImage reported a placeholder, image rep is providing a placeholder image for <private>
2026-09-14 10:15:05.375 I  PeachCommander[3446:3799] [com.apple.AppKit:Image] ISImage reported a placeholder, image rep is providing a placeholder image for <private>
2026-09-14 10:15:05.376 I  PeachCommander[3446:3799] [com.apple.AppKit:Image] ISImage reported a placeholder, image rep is providing a placeholder image for <private>
2026-09-14 10:15:05.376 I  PeachCommander[3446:3799] [com.apple.AppKit:Image] ISImage reported a placeholder, image rep is providing a placeholder image for <private>
2026-09-14 10:15:05.377 I  PeachCommander[3446:3799] [com.apple.AppKit:Image] ISImage reported a placeholder, image rep is providing a placeholder image for <private>
2026-09-14 10:15:05.377 I  PeachCommander[3446:3799] [com.apple.AppKit:Image] ISImage reported a placeholder, image rep is providing a placeholder image for <private>
2026-09-14 10:15:05.378 I  PeachCommander[3446:3799] [com.apple.AppKit:Image] ISImage reported a placeholder, image rep is providing a placeholder image for <private>
2026-09-14 10:15:05.378 I  PeachCommander[3446:3799] [com.apple.AppKit:Image] ISImage reported a placeholder, image rep is providing a placeholder image for <private>
2026-09-14 10:15:05.379 I  PeachCommander[3446:3799] [com.apple.AppKit:Image] ISImage reported a placeholder, image rep is providing a placeholder image for <private>
2026-09-14 10:15:05.379 I  PeachCommander[3446:3799] [com.apple.AppKit:Image] ISImage reported a placeholder, image rep is providing a placeholder image for <private>
2026-09-14 10:15:05.380 I  PeachCommander[3446:3799] [com.apple.AppKit:Image] ISImage reported a placeholder, image rep is providing a placeholder image for <private>
2026-09-14 10:15:05.380 I  PeachCommander[3446:3799] [com.apple.AppKit:Image] ISImage reported a placeholder, image rep is providing a placeholder image for <private>
2026-09-14 10:15:05.381 I  PeachCommander[3446:3799] [com.apple.AppKit:Image] ISImage reported a placeholder, image rep is providing a placeholder image for <private>
2026-09-14 10:15:05.381 I  PeachCommander[3446:3799] [com.apple.AppKit:Image] ISImage reported a placeholder, image rep is providing a placeholder image for <private>
2026-09-14 10:15:05.382 I  PeachCommander[3446:3799] [com.apple.AppKit:Image] ISImage reported a placeholder, image rep is providing a placeholder image for <private>
2026-09-14 10:15:05.382 I  PeachCommander[3446:3799] [com.apple.AppKit:Image] ISImage reported a placeholder, image rep is providing a placeholder image for <private>
2026-09-14 10:15:05.383 I  PeachCommander[3446:3799] [com.apple.AppKit:Image] ISImage reported a placeholder, image rep is providing a placeholder image for <private>
2026-09-14 10:15:05.383 I  PeachCommander[3446:3799] [com.apple.AppKit:Image] ISImage reported a placeholder, image rep is providing a placeholder image for <private>
2026-09-14 10:15:05.384 I  PeachCommander[3446:3799] [com.apple.AppKit:Image] ISImage reported a placeholder, image rep is providing a placeholder image for <private>
2026-09-14 10:15:05.384 I  PeachCommander[3446:3799] [com.apple.AppKit:Image] ISImage reported a placeholder, image rep is providing a placeholder image for <private>
2026-09-14 10:15:05.385 I  PeachCommander[3446:3799] [com.apple.AppKit:Image] ISImage reported a placeholder, image rep is providing a placeholder image for <private>
2026-09-14 10:15:05.385 I  PeachCommander[3446:3799] [com.apple.AppKit:Image] ISImage reported a placeholder, image rep is providing a placeholder image for <private>
2026-09-14 10:15:05.386 I  PeachCommander[3446:3799] [com.apple.AppKit:Image] ISImage reported a placeholder, image rep is providing a placeholder image for <private>
2026-09-14 10:15:05.386 I  PeachCommander[3446:3799] [com.apple.AppKit:Image] ISImage reported a placeholder, image rep is providing a placeholder image for <private>
2026-09-14 10:15:05.387 I  PeachCommander[3446:3799] [com.apple.AppKit:Image] ISImage reported a placeholder, image rep is providing a placeholder image for <private>
2026-09-14 10:15:05.387 I  PeachCommander[3446:3799] [com.apple.AppKit:Image] ISImage reported a placeholder, image rep is providing a placeholder image for <private>
2026-09-14 10:15:05.388 I  PeachCommander[3446:3799] [com.apple.AppKit:Image] ISImage reported a placeholder, image rep is providing a placeholder image for <private>
2026-09-14 10:15:05.388 I  PeachCommander[3446:3799] [com.apple.AppKit:Image] ISImage reported a placeholder, image rep is providing a placeholder image for <private>
2026-09-14 10:15:05.389 I  PeachCommander[3446:3799] [com.apple.AppKit:Image] ISImage reported a placeholder, image rep is providing a placeholder image for <private>
2026-09-14 10:15:05.389 I  PeachCommander[3446:3799] [com.apple.AppKit:Image] ISImage reported a placeholder, image rep is providing a placeholder image for <private>
2026-09-14 10:15:05.390 I  PeachCommander[3446:3799] [com.apple.AppKit:Image] ISImage reported a placeholder, image rep is providing a placeholder image for <private>
2026-09-14 10:15:05.390 I  PeachCommander[3446:3799] [com.apple.AppKit:Image] ISImage reported a placeholder, image rep is providing a placeholder image for <private>
2026-09-14 10:15:05.391 I  PeachCommander[3446:3799] [com.apple.AppKit:Image] ISImage reported a placeholder, image rep is providing a placeholder image for <private>
2026-09-14 10:15:05.391 I  PeachCommander[3446:3799] [com.apple.AppKit:Image] ISImage reported a placeholder, image rep is providing a placeholder image for <private>
2026-09-14 10:15:05.392 I  PeachCommander[3446:3799] [com.apple.AppKit:Image] ISImage reported a placeholder, image rep is providing a placeholder image for <private>
2026-09-14 10:15:05.392 I  PeachCommander[3446:3799] [com.apple.AppKit:Image] ISImage reported a placeholder, image rep is providing a placeholder image for <private>
2026-09-14 10:15:05.457 I  PeachCommander[3446:3799] [com.apple.AppKit:Image] ISImage reported a placeholder, image rep is providing a placeholder image for <private>
2026-09-14 10:15:05.458 I  PeachCommander[3446:3799] [com.apple.AppKit:Image] ISImage reported a placeholder, image rep is providing a placeholder image for <private>
2026-09-14 10:15:05.458 I  PeachCommander[3446:3799] [com.apple.AppKit:Image] ISImage reported a placeholder, image rep is providing a placeholder image for <private>
2026-09-14 10:15:05.459 I  PeachCommander[3446:3799] [com.apple.AppKit:Image] ISImage reported a placeholder, image rep is providing a placeholder image for <private>
2026-09-14 10:15:05.459 I  PeachCommander[3446:3799] [com.apple.AppKit:Image] ISImage reported a placeholder, image rep is providing a placeholder image for <private>
2026-09-14 10:15:05.460 I  PeachCommander[3446:3799] [com.apple.AppKit:Image] ISImage reported a placeholder, image rep is providing a placeholder image for <private>
2026-09-14 10:15:05.460 I  PeachCommander[3446:3799] [com.apple.AppKit:Image] ISImage reported a placeholder, image rep is providing a placeholder image for <private>
2026-09-14 10:15:05.461 I  PeachCommander[3446:3799] [com.apple.AppKit:Image] ISImage reported a placeholder, image rep is providing a placeholder image for <private>
2026-09-14 10:15:05.461 I  PeachCommander[3446:3799] [com.apple.AppKit:Image] ISImage reported a placeholder, image rep is providing a placeholder image for <private>
2026-09-14 10:15:05.462 I  PeachCommander[3446:3799] [com.apple.AppKit:Image] ISImage reported a placeholder, image rep is providing a placeholder image for <private>
2026-09-14 10:15:05.462 I  PeachCommander[3446:3799] [com.apple.AppKit:Image] ISImage reported a placeholder, image rep is providing a placeholder image for <private>
2026-09-14 10:15:05.463 I  PeachCommander[3446:3799] [com.apple.AppKit:Image] ISImage reported a placeholder, image rep is providing a placeholder image for <private>
2026-09-14 10:15:05.463 I  PeachCommander[3446:3799] [com.apple.AppKit:Image] ISImage reported a placeholder, image rep is providing a placeholder image for <private>
2026-09-14 10:15:05.464 I  PeachCommander[3446:3799] [com.apple.AppKit:Image] ISImage reported a placeholder, image rep is providing a placeholder image for <private>
2026-09-14 10:15:05.464 I  PeachCommander[3446:3799] [com.apple.AppKit:Image] ISImage reported a placeholder, image rep is providing a placeholder image for <private>
2026-09-14 10:15:05.465 I  PeachCommander[3446:3799] [com.apple.AppKit:Image] ISImage reported a placeholder, image rep is providing a placeholder image for <private>
2026-09-14 10:15:05.465 I  PeachCommander[3446:3799] [com.apple.AppKit:Image] ISImage reported a placeholder, image rep is providing a placeholder image for <private>
2026-09-14 10:15:05.466 I  PeachCommander[3446:3799] [com.apple.AppKit:Image] ISImage reported a placeholder, image rep is providing a placeholder image for <private>
2026-09-14 10:15:05.466 I  PeachCommander[3446:3799] [com.apple.AppKit:Image] ISImage reported a placeholder, image rep is providing a placeholder image for <private>
2026-09-14 10:15:05.467 I  PeachCommander[3446:3799] [com.apple.AppKit:Image] ISImage reported a placeholder, image rep is providing a placeholder image for <private>
2026-09-14 10:15:05.468 I  PeachCommander[3446:3799] [com.apple.AppKit:Image] ISImage reported a placeholder, image rep is providing a placeholder image for <private>
2026-09-14 10:15:05.468 I  PeachCommander[3446:3799] [com.apple.AppKit:Image] ISImage reported a placeholder, image rep is providing a placeholder image for <private>
2026-09-14 10:15:05.469 I  PeachCommander[3446:3799] [com.apple.AppKit:Image] ISImage reported a placeholder, image rep is providing a placeholder image for <private>
2026-09-14 10:15:05.469 I  PeachCommander[3446:3799] [com.apple.AppKit:Image] ISImage reported a placeholder, image rep is providing a placeholder image for <private>
2026-09-14 10:15:05.470 I  PeachCommander[3446:3799] [com.apple.AppKit:Image] ISImage reported a placeholder, image rep is providing a placeholder image for <private>
2026-09-14 10:15:05.470 I  PeachCommander[3446:3799] [com.apple.AppKit:Image] ISImage reported a placeholder, image rep is providing a placeholder image for <private>
2026-09-14 10:15:05.471 I  PeachCommander[3446:3799] [com.apple.AppKit:Image] ISImage reported a placeholder, image rep is providing a placeholder image for <private>
2026-09-14 10:15:05.471 I  PeachCommander[3446:3799] [com.apple.AppKit:Image] ISImage reported a placeholder, image rep is providing a placeholder image for <private>
2026-09-14 10:15:05.471 I  PeachCommander[3446:3799] [com.apple.AppKit:Image] ISImage reported a placeholder, image rep is providing a placeholder image for <private>
2026-09-14 10:15:05.472 I  PeachCommander[3446:3799] [com.apple.AppKit:Image] ISImage reported a placeholder, image rep is providing a placeholder image for <private>
2026-09-14 10:15:05.472 I  PeachCommander[3446:3799] [com.apple.AppKit:Image] ISImage reported a placeholder, image rep is providing a placeholder image for <private>
2026-09-14 10:15:05.473 I  PeachCommander[3446:3799] [com.apple.AppKit:Image] ISImage reported a placeholder, image rep is providing a placeholder image for <private>
2026-09-14 10:15:05.473 I  PeachCommander[3446:3799] [com.apple.AppKit:Image] ISImage reported a placeholder, image rep is providing a placeholder image for <private>
2026-09-14 10:15:05.474 I  PeachCommander[3446:3799] [com.apple.AppKit:Image] ISImage reported a placeholder, image rep is providing a placeholder image for <private>
2026-09-14 10:15:05.474 I  PeachCommander[3446:3799] [com.apple.AppKit:Image] ISImage reported a placeholder, image rep is providing a placeholder image for <private>
2026-09-14 10:15:05.475 I  PeachCommander[3446:3799] [com.apple.AppKit:Image] ISImage reported a placeholder, image rep is providing a placeholder image for <private>
2026-09-14 10:15:05.475 I  PeachCommander[3446:3799] [com.apple.AppKit:Image] ISImage reported a placeholder, image rep is providing a placeholder image for <private>
2026-09-14 10:15:05.476 I  PeachCommander[3446:3799] [com.apple.AppKit:Image] ISImage reported a placeholder, image rep is providing a placeholder image for <private>
2026-09-14 10:15:05.476 I  PeachCommander[3446:3799] [com.apple.AppKit:Image] ISImage reported a placeholder, image rep is providing a placeholder image for <private>
2026-09-14 10:15:05.477 I  PeachCommander[3446:3799] [com.apple.AppKit:Image] ISImage reported a placeholder, image rep is providing a placeholder image for <private>
2026-09-14 10:15:05.477 I  PeachCommander[3446:3799] [com.apple.AppKit:Image] ISImage reported a placeholder, image rep is providing a placeholder image for <private>
2026-09-14 10:15:05.478 I  PeachCommander[3446:3799] [com.apple.AppKit:Image] ISImage reported a placeholder, image rep is providing a placeholder image for <private>
2026-09-14 10:15:05.478 I  PeachCommander[3446:3799] [com.apple.AppKit:Image] ISImage reported a placeholder, image rep is providing a placeholder image for <private>
2026-09-14 10:15:05.479 I  PeachCommander[3446:3799] [com.apple.AppKit:Image] ISImage reported a placeholder, image rep is providing a placeholder image for <private>
2026-09-14 10:15:05.479 I  PeachCommander[3446:3799] [com.apple.AppKit:Image] ISImage reported a placeholder, image rep is providing a placeholder image for <private>
2026-09-14 10:15:05.480 I  PeachCommander[3446:3799] [com.apple.AppKit:Image] ISImage reported a placeholder, image rep is providing a placeholder image for <private>
2026-09-14 10:15:05.480 I  PeachCommander[3446:3799] [com.apple.AppKit:Image] ISImage reported a placeholder, image rep is providing a placeholder image for <private>
2026-09-14 10:15:05.481 I  PeachCommander[3446:3799] [com.apple.AppKit:Image] ISImage reported a placeholder, image rep is providing a placeholder image for <private>
2026-09-14 10:15:05.481 I  PeachCommander[3446:3799] [com.apple.AppKit:Image] ISImage reported a placeholder, image rep is providing a placeholder image for <private>
2026-09-14 10:15:05.482 I  PeachCommander[3446:3799] [com.apple.AppKit:Image] ISImage reported a placeholder, image rep is providing a placeholder image for <private>
2026-09-14 10:15:05.482 I  PeachCommander[3446:3799] [com.apple.AppKit:Image] ISImage reported a placeholder, image rep is providing a placeholder image for <private>
2026-09-14 10:15:05.483 I  PeachCommander[3446:3799] [com.apple.AppKit:Image] ISImage reported a placeholder, image rep is providing a placeholder image for <private>
2026-09-14 10:15:05.483 I  PeachCommander[3446:3799] [com.apple.AppKit:Image] ISImage reported a placeholder, image rep is providing a placeholder image for <private>
2026-09-14 10:15:05.484 I  PeachCommander[3446:3799] [com.apple.AppKit:Image] ISImage reported a placeholder, image rep is providing a placeholder image for <private>
2026-09-14 10:15:05.484 I  PeachCommander[3446:3799] [com.apple.AppKit:Image] ISImage reported a placeholder, image rep is providing a placeholder image for <private>
2026-09-14 10:15:05.485 I  PeachCommander[3446:3799] [com.apple.AppKit:Image] ISImage reported a placeholder, image rep is providing a placeholder image for <private>
2026-09-14 10:15:05.485 I  PeachCommander[3446:3799] [com.apple.AppKit:Image] ISImage reported a placeholder, image rep is providing a placeholder image for <private>
2026-09-14 10:15:05.486 I  PeachCommander[3446:3799] [com.apple.AppKit:Image] ISImage reported a placeholder, image rep is providing a placeholder image for <private>
2026-09-14 10:15:05.486 I  PeachCommander[3446:3799] [com.apple.AppKit:Image] ISImage reported a placeholder, image rep is providing a placeholder image for <private>
2026-09-14 10:15:05.487 I  PeachCommander[3446:3799] [com.apple.AppKit:Image] ISImage reported a placeholder, image rep is providing a placeholder image for <private>
2026-09-14 10:15:05.487 I  PeachCommander[3446:3799] [com.apple.AppKit:Image] ISImage reported a placeholder, image rep is providing a placeholder image for <private>
2026-09-14 10:15:05.488 I  PeachCommander[3446:3799] [com.apple.AppKit:Image] ISImage reported a placeholder, image rep is providing a placeholder image for <private>
2026-09-14 10:15:05.488 I  PeachCommander[3446:3799] [com.apple.AppKit:Image] ISImage reported a placeholder, image rep is providing a placeholder image for <private>
2026-09-14 10:15:05.489 I  PeachCommander[3446:3799] [com.apple.AppKit:Image] ISImage reported a placeholder, image rep is providing a placeholder image for <private>
2026-09-14 10:15:05.489 I  PeachCommander[3446:3799] [com.apple.AppKit:Image] ISImage reported a placeholder, image rep is providing a placeholder image for <private>
2026-09-14 10:15:05.490 I  PeachCommander[3446:3799] [com.apple.AppKit:Image] ISImage reported a placeholder, image rep is providing a placeholder image for <private>
2026-09-14 10:15:05.490 I  PeachCommander[3446:3799] [com.apple.AppKit:Image] ISImage reported a placeholder, image rep is providing a placeholder image for <private>
2026-09-14 10:15:05.491 I  PeachCommander[3446:3799] [com.apple.AppKit:Image] ISImage reported a placeholder, image rep is providing a placeholder image for <private>
2026-09-14 10:15:05.491 I  PeachCommander[3446:3799] [com.apple.AppKit:Image] ISImage reported a placeholder, image rep is providing a placeholder image for <private>
2026-09-14 10:15:05.492 I  PeachCommander[3446:3799] [com.apple.AppKit:Image] ISImage reported a placeholder, image rep is providing a placeholder image for <private>
2026-09-14 10:15:05.492 I  PeachCommander[3446:3799] [com.apple.AppKit:Image] ISImage reported a placeholder, image rep is providing a placeholder image for <private>
2026-09-14 10:15:05.493 I  PeachCommander[3446:3799] [com.apple.AppKit:Image] ISImage reported a placeholder, image rep is providing a placeholder image for <private>
2026-09-14 10:15:05.493 I  PeachCommander[3446:3799] [com.apple.AppKit:Image] ISImage reported a placeholder, image rep is providing a placeholder image for <private>
2026-09-14 10:15:05.494 I  PeachCommander[3446:3799] [com.apple.AppKit:Image] ISImage reported a placeholder, image rep is providing a placeholder image for <private>
2026-09-14 10:15:05.494 I  PeachCommander[3446:3799] [com.apple.AppKit:Image] ISImage reported a placeholder, image rep is providing a placeholder image for <private>
2026-09-14 10:15:05.495 I  PeachCommander[3446:3799] [com.apple.AppKit:Image] ISImage reported a placeholder, image rep is providing a placeholder image for <private>
2026-09-14 10:15:05.495 I  PeachCommander[3446:3799] [com.apple.AppKit:Image] ISImage reported a placeholder, image rep is providing a placeholder image for <private>
2026-09-14 10:15:05.495 I  PeachCommander[3446:3799] [com.apple.AppKit:Image] ISImage reported a placeholder, image rep is providing a placeholder image for <private>
2026-09-14 10:15:05.496 I  PeachCommander[3446:3799] [com.apple.AppKit:Image] ISImage reported a placeholder, image rep is providing a placeholder image for <private>
2026-09-14 10:15:05.496 I  PeachCommander[3446:3799] [com.apple.AppKit:Image] ISImage reported a placeholder, image rep is providing a placeholder image for <private>
2026-09-14 10:15:05.497 I  PeachCommander[3446:3799] [com.apple.AppKit:Image] ISImage reported a placeholder, image rep is providing a placeholder image for <private>
2026-09-14 10:15:05.578 I  PeachCommander[3446:3799] [com.apple.AppKit:Image] ISImage reported a placeholder, image rep is providing a placeholder image for <private>
2026-09-14 10:15:05.578 I  PeachCommander[3446:3799] [com.apple.AppKit:Image] ISImage reported a placeholder, image rep is providing a placeholder image for <private>
2026-09-14 10:15:05.579 I  PeachCommander[3446:3799] [com.apple.AppKit:Image] ISImage reported a placeholder, image rep is providing a placeholder image for <private>
2026-09-14 10:15:05.579 I  PeachCommander[3446:3799] [com.apple.AppKit:Image] ISImage reported a placeholder, image rep is providing a placeholder image for <private>
2026-09-14 10:15:05.580 I  PeachCommander[3446:3799] [com.apple.AppKit:Image] ISImage reported a placeholder, image rep is providing a placeholder image for <private>
2026-09-14 10:15:05.580 I  PeachCommander[3446:3799] [com.apple.AppKit:Image] ISImage reported a placeholder, image rep is providing a placeholder image for <private>
2026-09-14 10:15:05.581 I  PeachCommander[3446:3799] [com.apple.AppKit:Image] ISImage reported a placeholder, image rep is providing a placeholder image for <private>
2026-09-14 10:15:05.582 I  PeachCommander[3446:3799] [com.apple.AppKit:Image] ISImage reported a placeholder, image rep is providing a placeholder image for <private>
2026-09-14 10:15:05.582 I  PeachCommander[3446:3799] [com.apple.AppKit:Image] ISImage reported a placeholder, image rep is providing a placeholder image for <private>
2026-09-14 10:15:05.583 I  PeachCommander[3446:3799] [com.apple.AppKit:Image] ISImage reported a placeholder, image rep is providing a placeholder image for <private>
2026-09-14 10:15:05.583 I  PeachCommander[3446:3799] [com.apple.AppKit:Image] ISImage reported a placeholder, image rep is providing a placeholder image for <private>
2026-09-14 10:15:05.584 I  PeachCommander[3446:3799] [com.apple.AppKit:Image] ISImage reported a placeholder, image rep is providing a placeholder image for <private>
2026-09-14 10:15:05.584 I  PeachCommander[3446:3799] [com.apple.AppKit:Image] ISImage reported a placeholder, image rep is providing a placeholder image for <private>
2026-09-14 10:15:05.585 I  PeachCommander[3446:3799] [com.apple.AppKit:Image] ISImage reported a placeholder, image rep is providing a placeholder image for <private>
2026-09-14 10:15:05.585 I  PeachCommander[3446:3799] [com.apple.AppKit:Image] ISImage reported a placeholder, image rep is providing a placeholder image for <private>
2026-09-14 10:15:05.586 I  PeachCommander[3446:3799] [com.apple.AppKit:Image] ISImage reported a placeholder, image rep is providing a placeholder image for <private>
2026-09-14 10:15:05.586 I  PeachCommander[3446:3799] [com.apple.AppKit:Image] ISImage reported a placeholder, image rep is providing a placeholder image for <private>
2026-09-14 10:15:05.587 I  PeachCommander[3446:3799] [com.apple.AppKit:Image] ISImage reported a placeholder, image rep is providing a placeholder image for <private>
2026-09-14 10:15:05.587 I  PeachCommander[3446:3799] [com.apple.AppKit:Image] ISImage reported a placeholder, image rep is providing a placeholder image for <private>
2026-09-14 10:15:05.588 I  PeachCommander[3446:3799] [com.apple.AppKit:Image] ISImage reported a placeholder, image rep is providing a placeholder image for <private>
2026-09-14 10:15:05.589 I  PeachCommander[3446:3799] [com.apple.AppKit:Image] ISImage reported a placeholder, image rep is providing a placeholder image for <private>
2026-09-14 10:15:05.589 I  PeachCommander[3446:3799] [com.apple.AppKit:Image] ISImage reported a placeholder, image rep is providing a placeholder image for <private>
2026-09-14 10:15:05.590 I  PeachCommander[3446:3799] [com.apple.AppKit:Image] ISImage reported a placeholder, image rep is providing a placeholder image for <private>
2026-09-14 10:15:05.590 I  PeachCommander[3446:3799] [com.apple.AppKit:Image] ISImage reported a placeholder, image rep is providing a placeholder image for <private>
2026-09-14 10:15:05.591 I  PeachCommander[3446:3799] [com.apple.AppKit:Image] ISImage reported a placeholder, image rep is providing a placeholder image for <private>
2026-09-14 10:15:05.591 I  PeachCommander[3446:3799] [com.apple.AppKit:Image] ISImage reported a placeholder, image rep is providing a placeholder image for <private>
2026-09-14 10:15:05.592 I  PeachCommander[3446:3799] [com.apple.AppKit:Image] ISImage reported a placeholder, image rep is providing a placeholder image for <private>
2026-09-14 10:15:05.594 I  PeachCommander[3446:3799] [com.apple.AppKit:Image] ISImage reported a placeholder, image rep is providing a placeholder image for <private>
2026-09-14 10:15:05.594 I  PeachCommander[3446:3799] [com.apple.AppKit:Image] ISImage reported a placeholder, image rep is providing a placeholder image for <private>
2026-09-14 10:15:05.595 I  PeachCommander[3446:3799] [com.apple.AppKit:Image] ISImage reported a placeholder, image rep is providing a placeholder image for <private>
2026-09-14 10:15:05.595 I  PeachCommander[3446:3799] [com.apple.AppKit:Image] ISImage reported a placeholder, image rep is providing a placeholder image for <private>
2026-09-14 10:15:05.596 I  PeachCommander[3446:3799] [com.apple.AppKit:Image] ISImage reported a placeholder, image rep is providing a placeholder image for <private>
2026-09-14 10:15:05.596 I  PeachCommander[3446:3799] [com.apple.AppKit:Image] ISImage reported a placeholder, image rep is providing a placeholder image for <private>
2026-09-14 10:15:05.597 I  PeachCommander[3446:3799] [com.apple.AppKit:Image] ISImage reported a placeholder, image rep is providing a placeholder image for <private>
2026-09-14 10:15:05.597 I  PeachCommander[3446:3799] [com.apple.AppKit:Image] ISImage reported a placeholder, image rep is providing a placeholder image for <private>
2026-09-14 10:15:05.598 I  PeachCommander[3446:3799] [com.apple.AppKit:Image] ISImage reported a placeholder, image rep is providing a placeholder image for <private>
2026-09-14 10:15:05.598 I  PeachCommander[3446:3799] [com.apple.AppKit:Image] ISImage reported a placeholder, image rep is providing a placeholder image for <private>
2026-09-14 10:15:05.599 I  PeachCommander[3446:3799] [com.apple.AppKit:Image] ISImage reported a placeholder, image rep is providing a placeholder image for <private>
2026-09-14 10:15:05.599 I  PeachCommander[3446:3799] [com.apple.AppKit:Image] ISImage reported a placeholder, image rep is providing a placeholder image for <private>
2026-09-14 10:15:05.600 I  PeachCommander[3446:3799] [com.apple.AppKit:Image] ISImage reported a placeholder, image rep is providing a placeholder image for <private>
2026-09-14 10:15:05.600 I  PeachCommander[3446:3799] [com.apple.AppKit:Image] ISImage reported a placeholder, image rep is providing a placeholder image for <private>
2026-09-14 10:15:05.601 I  PeachCommander[3446:3799] [com.apple.AppKit:Image] ISImage reported a placeholder, image rep is providing a placeholder image for <private>
2026-09-14 10:15:05.601 I  PeachCommander[3446:3799] [com.apple.AppKit:Image] ISImage reported a placeholder, image rep is providing a placeholder image for <private>
2026-09-14 10:15:05.602 I  PeachCommander[3446:3799] [com.apple.AppKit:Image] ISImage reported a placeholder, image rep is providing a placeholder image for <private>
2026-09-14 10:15:05.602 I  PeachCommander[3446:3799] [com.apple.AppKit:Image] ISImage reported a placeholder, image rep is providing a placeholder image for <private>
2026-09-14 10:15:05.603 I  PeachCommander[3446:3799] [com.apple.AppKit:Image] ISImage reported a placeholder, image rep is providing a placeholder image for <private>
2026-09-14 10:15:05.603 I  PeachCommander[3446:3799] [com.apple.AppKit:Image] ISImage reported a placeholder, image rep is providing a placeholder image for <private>
2026-09-14 10:15:05.604 I  PeachCommander[3446:3799] [com.apple.AppKit:Image] ISImage reported a placeholder, image rep is providing a placeholder image for <private>
2026-09-14 10:15:05.604 I  PeachCommander[3446:3799] [com.apple.AppKit:Image] ISImage reported a placeholder, image rep is providing a placeholder image for <private>
2026-09-14 10:15:05.605 I  PeachCommander[3446:3799] [com.apple.AppKit:Image] ISImage reported a placeholder, image rep is providing a placeholder image for <private>
2026-09-14 10:15:05.605 I  PeachCommander[3446:3799] [com.apple.AppKit:Image] ISImage reported a placeholder, image rep is providing a placeholder image for <private>
2026-09-14 10:15:05.606 I  PeachCommander[3446:3799] [com.apple.AppKit:Image] ISImage reported a placeholder, image rep is providing a placeholder image for <private>
2026-09-14 10:15:05.606 I  PeachCommander[3446:3799] [com.apple.AppKit:Image] ISImage reported a placeholder, image rep is providing a placeholder image for <private>
2026-09-14 10:15:05.606 I  PeachCommander[3446:3799] [com.apple.AppKit:Image] ISImage reported a placeholder, image rep is providing a placeholder image for <private>
2026-09-14 10:15:05.606 I  PeachCommander[3446:3799] [com.apple.AppKit:Image] ISImage reported a placeholder, image rep is providing a placeholder image for <private>
2026-09-14 10:15:05.607 I  PeachCommander[3446:3799] [com.apple.AppKit:Image] ISImage reported a placeholder, image rep is providing a placeholder image for <private>
2026-09-14 10:15:05.607 I  PeachCommander[3446:3799] [com.apple.AppKit:Image] ISImage reported a placeholder, image rep is providing a placeholder image for <private>
2026-09-14 10:15:05.608 I  PeachCommander[3446:3799] [com.apple.AppKit:Image] ISImage reported a placeholder, image rep is providing a placeholder image for <private>
2026-09-14 10:15:05.608 I  PeachCommander[3446:3799] [com.apple.AppKit:Image] ISImage reported a placeholder, image rep is providing a placeholder image for <private>
2026-09-14 10:15:05.609 I  PeachCommander[3446:3799] [com.apple.AppKit:Image] ISImage reported a placeholder, image rep is providing a placeholder image for <private>
2026-09-14 10:15:05.609 I  PeachCommander[3446:3799] [com.apple.AppKit:Image] ISImage reported a placeholder, image rep is providing a placeholder image for <private>
2026-09-14 10:15:05.610 I  PeachCommander[3446:3799] [com.apple.AppKit:Image] ISImage reported a placeholder, image rep is providing a placeholder image for <private>
2026-09-14 10:15:05.610 I  PeachCommander[3446:3799] [com.apple.AppKit:Image] ISImage reported a placeholder, image rep is providing a placeholder image for <private>
2026-09-14 10:15:05.611 I  PeachCommander[3446:3799] [com.apple.AppKit:Image] ISImage reported a placeholder, image rep is providing a placeholder image for <private>
2026-09-14 10:15:05.611 I  PeachCommander[3446:3799] [com.apple.AppKit:Image] ISImage reported a placeholder, image rep is providing a placeholder image for <private>
2026-09-14 10:15:05.612 I  PeachCommander[3446:3799] [com.apple.AppKit:Image] ISImage reported a placeholder, image rep is providing a placeholder image for <private>
2026-09-14 10:15:05.612 I  PeachCommander[3446:3799] [com.apple.AppKit:Image] ISImage reported a placeholder, image rep is providing a placeholder image for <private>
2026-09-14 10:15:05.613 I  PeachCommander[3446:3799] [com.apple.AppKit:Image] ISImage reported a placeholder, image rep is providing a placeholder image for <private>
2026-09-14 10:15:05.613 I  PeachCommander[3446:3799] [com.apple.AppKit:Image] ISImage reported a placeholder, image rep is providing a placeholder image for <private>
2026-09-14 10:15:05.614 I  PeachCommander[3446:3799] [com.apple.AppKit:Image] ISImage reported a placeholder, image rep is providing a placeholder image for <private>
2026-09-14 10:15:05.614 I  PeachCommander[3446:3799] [com.apple.AppKit:Image] ISImage reported a placeholder, image rep is providing a placeholder image for <private>
2026-09-14 10:15:05.615 I  PeachCommander[3446:3799] [com.apple.AppKit:Image] ISImage reported a placeholder, image rep is providing a placeholder image for <private>
2026-09-14 10:15:05.615 I  PeachCommander[3446:3799] [com.apple.AppKit:Image] ISImage reported a placeholder, image rep is providing a placeholder image for <private>
2026-09-14 10:15:05.616 I  PeachCommander[3446:3799] [com.apple.AppKit:Image] ISImage reported a placeholder, image rep is providing a placeholder image for <private>
2026-09-14 10:15:05.616 I  PeachCommander[3446:3799] [com.apple.AppKit:Image] ISImage reported a placeholder, image rep is providing a placeholder image for <private>
2026-09-14 10:15:05.617 I  PeachCommander[3446:3799] [com.apple.AppKit:Image] ISImage reported a placeholder, image rep is providing a placeholder image for <private>
2026-09-14 10:15:05.617 I  PeachCommander[3446:3799] [com.apple.AppKit:Image] ISImage reported a placeholder, image rep is providing a placeholder image for <private>
2026-09-14 10:15:05.618 I  PeachCommander[3446:3799] [com.apple.AppKit:Image] ISImage reported a placeholder, image rep is providing a placeholder image for <private>
2026-09-14 10:15:05.618 I  PeachCommander[3446:3799] [com.apple.AppKit:Image] ISImage reported a placeholder, image rep is providing a placeholder image for <private>
2026-09-14 10:15:05.619 I  PeachCommander[3446:3799] [com.apple.AppKit:Image] ISImage reported a placeholder, image rep is providing a placeholder image for <private>
2026-09-14 10:15:05.619 I  PeachCommander[3446:3799] [com.apple.AppKit:Image] ISImage reported a placeholder, image rep is providing a placeholder image for <private>
