Timestamp               Ty Process[PID:TID]
2026-09-16 18:23:26.985 A  PeachCommander[1127:1c14] (libsystem_info.dylib) Retrieve User by ID
2026-09-16 18:23:26.986 Df PeachCommander[1127:1c14] [com.apple.xpc:connection] [0x1049d8620] activating connection: mach=true listener=false peer=false name=com.apple.cfprefsd.daemon
2026-09-16 18:23:26.986 Df PeachCommander[1127:1c33] [com.apple.xpc:connection] [0x1049d8d60] activating connection: mach=true listener=false peer=false name=com.apple.cfprefsd.agent
2026-09-16 18:23:26.988 Df PeachCommander[1127:1c14] [com.apple.xpc:connection] [0x1049dd5a0] activating connection: mach=true listener=false peer=false name=com.apple.coreservices.launchservicesd
2026-09-16 18:23:26.989 I  PeachCommander[1127:1c14] [com.apple.launchservices:cas] Registering for notification <private> on default queue, to re-boostrap client connection.
2026-09-16 18:23:26.989 Df PeachCommander[1127:1c14] [com.apple.xpc:connection] [0x881064000] activating connection: mach=true listener=false peer=false name=com.apple.pasteboard.1
2026-09-16 18:23:26.989 Df PeachCommander[1127:1c14] [com.apple.xpc:connection] [0x881064140] activating connection: mach=true listener=false peer=false name=com.apple.distributed_notifications@Uv3
2026-09-16 18:23:26.991 Df PeachCommander[1127:1c14] [com.apple.AppKit:AutomaticTermination] void _NSDisableAutomaticTerminationAndLog(NSString *) No windows open yet
2026-09-16 18:23:26.991 A  PeachCommander[1127:1c14] (TCC) TCCAccessRequest() IPC
2026-09-16 18:23:26.991 Df PeachCommander[1127:1c14] [com.apple.xpc:connection] [0x881064280] activating connection: mach=true listener=false peer=false name=com.apple.tccd.system
2026-09-16 18:23:26.991 I  PeachCommander[1127:1c14] [com.apple.TCC:access] SEND: 0/7 synchronous to com.apple.tccd.system: request: msgID=1127.1, function=TCCAccessRequest, service=kTCCServiceListenEvent,
2026-09-16 18:23:26.995 I  PeachCommander[1127:1c14] [com.apple.TCC:access] RECV: synchronous reply <dictionary: 0x881034000> { count = 5, transaction: 0, voucher = 0x0, contents =
	"prompt_type" => <uint64: 0xbb6fd4a899f91caf>: 1
	"auth_value" => <uint64: 0xbb6fd4a899f91caf>: 1
	"preflight_unknown" => <bool: 0x1ee965190>: true
	"auth_version" => <uint64: 0xbb6fd4a899f91caf>: 1
	"auth_reason" => <uint64: 0xbb6fd4a899f91c8f>: 5
}
2026-09-16 18:23:26.995 Df PeachCommander[1127:1c14] [com.apple.xpc:connection] [0x881064280] invalidated after the last release of the connection object
2026-09-16 18:23:26.995 Df PeachCommander[1127:1c14] [com.apple.SkyLight:default] server port 0x0000300b, session port 0x0000300b
2026-09-16 18:23:26.998 Df PeachCommander[1127:1c14] [com.apple.SkyLight:default] New connection 0x34323 main
2026-09-16 18:23:26.998 I  PeachCommander[1127:1c33] [com.apple.SkyLight:processes] 0[outside of RPC]: First connection id 213795 mapped to ctx = 0x1049e55d0
2026-09-16 18:23:26.999 I  PeachCommander[1127:1c14] [com.apple.hiservices:processmgr] Checking in with CAS, pid=1127
2026-09-16 18:23:26.999 I  PeachCommander[1127:1c14] [com.apple.launchservices:cas] LSApplicationCheckIn(), app being registered is:"/Users/admin/pc-test/PeachCommander.app/Contents/MacOS/PeachCommander"
2026-09-16 18:23:27.000 I  PeachCommander[1127:1c14] [com.apple.launchservices:cas]  { "ApplicationType"="Foreground", "BuildMachineOSBuild"="25E246", "CFBundleDevelopmentRegion"="en", "CFBundleDocumentTypes"=( { "CFBundleTypeName"="Peach Commander Plugin Package", "CFBundleTypeRole"="Viewer", "LSHandlerRank"="Owner", "LSItemContentTypes"=( "com.peachcommander.plugin-package") }, { "CFBundleTypeName"="Peach Commander Workspace", "CFBundleTypeRole"="Viewer", "LSHandlerRank"="Owner", "LSItemContentTypes"=( "com.peachcommander.workspace") }), "CFBundleExecutable"="PeachCommander", "CFBundleExecutablePath"="/Users/admin/pc-test/PeachCommander.app/Contents/MacOS/PeachCommander", "CFBundleHelpBookFolder"="PeachCommander.help", "CFBundleHelpBookName"="Peach Commander Help", "CFBundleIconFile"="AppIcon", "CFBundleIconName"="AppIcon", "CFBundleIdentifier"="com.peachcommander.app", "CFBundleInfoDictionaryVersion"="6.0", "CFBundleName"="PeachCommander", "CFBundleNumericVersion"=419463168, "CFBundlePackageType"="APPL", "CFBundleShortVersionString"="0.9.1", "CFBundleSignature"="?????", "CFBundleS<…>
2026-09-16 18:23:27.000 Df PeachCommander[1127:1c14] [com.apple.processmanager:front-35286506] CHECKIN: pid=1127
2026-09-16 18:23:27.002 Df PeachCommander[1127:1c14] [com.apple.processmanager:front-35286506] CHECKEDIN: pid=1127 asn=0x0-0x27027 foreground=1
2026-09-16 18:23:27.002 I  PeachCommander[1127:1c14] [com.apple.launchservices:cas] Setting processControlState to default PROC_SETPC_SUSPEND because application does not have LSProcessControlValue key
2026-09-16 18:23:27.002 Df PeachCommander[1127:1c14] [com.apple.xpc:connection] [0x881064280] activating connection: mach=false listener=true peer=false name=(anonymous)
2026-09-16 18:23:27.002 Df PeachCommander[1127:1c14] [com.apple.xpc:connection] [0x881064280] Connection returned listener port: 0x5403
2026-09-16 18:23:27.002 Df PeachCommander[1127:1c34] [com.apple.xpc:connection] [0x880cb0300] activating connection: mach=false listener=false peer=true name=com.apple.xpc.anonymous.0x881064280.peer[131].0x880cb0300
2026-09-16 18:23:27.002 Df PeachCommander[1127:1c14] [com.apple.processmanager:front-35286506] FRONTLOGGING: version 1
2026-09-16 18:23:27.002 Df PeachCommander[1127:1c14] [com.apple.processmanager:front-35286506] Registered, pid=1127 ASN=0x0,0x27027
2026-09-16 18:23:27.003 Df PeachCommander[1127:1c14] [com.apple.xpc:connection] [0x8810643c0] activating connection: mach=true listener=false peer=false name=com.apple.analyticsd
2026-09-16 18:23:27.003 I  PeachCommander[1127:1c14] [com.apple.CoreAnalytics:client] Daemon status changed from 0 to 1
2026-09-16 18:23:27.003 I  PeachCommander[1127:1c14] [com.apple.hiservices:processmgr] _RegisterApplication( pid 1127 => 0x0,0x27027) type=foreground
2026-09-16 18:23:27.003 Df PeachCommander[1127:1c14] [com.apple.xpc:connection] [0x881064280] Connection returned listener port: 0x5403
2026-09-16 18:23:27.004 I  PeachCommander[1127:1c14] [com.apple.launchservices:cas] CFArrayRef _LSCopyLaunchModifiers(LSSessionID, LSASNRef _Nonnull), result for psn [ kLSCurrentApp ASN, 0x0,0x2]  is 1 items.
2026-09-16 18:23:27.004 Df PeachCommander[1127:1c14] [com.apple.processmanager:front-35286506] BringForward: pid=1127 asn=0x0-0x27027 bringForward=1 foreground=1 uiElement=0 launchedByLS=1 modifiersCount=1 allDisabled=0
2026-09-16 18:23:27.004 Df PeachCommander[1127:1c14] [com.apple.processmanager:front-35286506] BringFrontModifier: pid=1127 asn=0x0-0x27027 Modifier 0 hideAfter=0 hideOthers=0 dontMakeFrontmost=0 mouseDown=0/0 seed=0/0
2026-09-16 18:23:27.004 Df PeachCommander[1127:1c14] [com.apple.processmanager:front-35286506] BringForward: pid=1127 asn=0x0-0x27027
2026-09-16 18:23:27.004 Df PeachCommander[1127:1c14] [com.apple.processmanager:front-35286506] SetFrontProcess: asn=0x0-0x27027 options=0
2026-09-16 18:23:27.004 I  PeachCommander[1127:1c14] [com.apple.SkyLight:processes] 0[outside of RPC]: SLPSetFrontProcess(0x0-0x27027 window=0 options=0x0
2026-09-16 18:23:27.004 I  PeachCommander[1127:1c33] [com.apple.CarbonCore:coreservicesdaemon] SCSession():SCSession( id=100, this=0x0x1049e6100 option=65538) created, forUID=501 mach_port_t=0x4e03.
2026-09-16 18:23:27.004 I  PeachCommander[1127:1c33] [com.apple.CarbonCore:coreservicesdaemon] SCSession():SCSession( id=101, this=0x0x1049e7cc0 option=65538) created, forUID=501 mach_port_t=0x4f13.
2026-09-16 18:23:27.004 I  PeachCommander[1127:1c33] [com.apple.CarbonCore:coreservicesdaemon] connectToCoreServicesD():Instantiating server (coreservicesd based) SCSession, port=0x4e03 serverOptions=0x10002.
2026-09-16 18:23:27.007 Df PeachCommander[1127:1c14] [com.apple.AppKit:Appearance] Current system appearance, (HLTB: 1), (SLS: 0)
2026-09-16 18:23:27.007 I  PeachCommander[1127:1c34] [com.apple.launchservices:cas] information in shared memory for 0x0-0x27027 with seed 533 was still valid, so using cached info { "ApplicationType"="Foreground", "BuildMachineOSBuild"="25E246", "BundleIdentifierLowerCase"="com.peachcommander.app", "CFBundleDevelopmentRegion"="en", "CFBundleDocumentTypes"=( { "CFBundleTypeName"="Peach Commander Plugin Package", "CFBundleTypeRole"="Viewer", "LSHandlerRank"="Owner", "LSItemContentTypes"=( "com.peachcommander.plugin-package") }, { "CFBundleTypeName"="Peach Commander Workspace", "CFBundleTypeRole"="Viewer", "LSHandlerRank"="Owner", "LSItemContentTypes"=( "com.peachcommander.workspace") }), "CFBundleExecutable"="PeachCommander", "CFBundleExecutablePath"="/Users/admin/pc-test/PeachCommander.app/Contents/MacOS/PeachCommander", "CFBundleExecutablePathDeviceID"=16777229, "CFBundleExecutablePathINode"=488189, "CFBundleHelpBookFolder"="PeachCommander.help", "CFBundleHelpBookName"="Peach Commander Help", "CFBundleIconFile"="AppIcon", "CFBundleIconName"="AppIcon", "CFBundleIdentifier"="com.peachcommander.app", "CFBundleInfoDictionaryVersion"="6.0", "CFBundleName"="PeachCo<…>
2026-09-16 18:23:27.008 Df PeachCommander[1127:1c14] (libMobileGestalt.dylib) No persisted cache on this platform.
2026-09-16 18:23:27.009 Df PeachCommander[1127:1c14] (libMobileGestalt.dylib) Could not get size of EAN data (IOConnectCallScalarMethod kAppleNVMeEANGetSize returned 0xE00002E2)
2026-09-16 18:23:27.009 Df PeachCommander[1127:1c14] (libMobileGestalt.dylib) Failed to copy 'aptk' from EAN
2026-09-16 18:23:27.009 Df PeachCommander[1127:1c14] (libMobileGestalt.dylib) Failed to copy APTicket properties. Falling back to default policy.
2026-09-16 18:23:27.009 Df PeachCommander[1127:1c14] (libMobileGestalt.dylib) Creating default MGSysConfigPolicy
2026-09-16 18:23:27.009 Df PeachCommander[1127:1c14] (libMobileGestalt.dylib) CFDictionaryRef copySyscfgDictionary(void) enumeration of <private> failed.
2026-09-16 18:23:27.009 Df PeachCommander[1127:1c14] (libMobileGestalt.dylib) Failed to find key <private>
2026-09-16 18:23:27.011 Df PeachCommander[1127:1c33] [com.apple.xpc:connection] [0x881064500] activating connection: mach=true listener=false peer=false name=com.apple.lsd.mapdb
2026-09-16 18:23:27.011 Df PeachCommander[1127:1c14] [com.apple.AppKit:Appearance] Current system appearance, (HLTB: 1), (SLS: 0)
2026-09-16 18:23:27.011 Df PeachCommander[1127:1c14] [com.apple.AppKit:Appearance] Post-registration system appearance: (HLTB: 1)
2026-09-16 18:23:27.011 I  PeachCommander[1127:1c33] [com.apple.launchservices:db] LaunchServices database schema version: 20971544
2026-09-16 18:23:27.013 I  PeachCommander[1127:1c33] [com.apple.launchservices:default] Unable to load Info.plist exceptions (eGPUOverrides)
2026-09-16 18:23:27.013 I  PeachCommander[1127:1c33] [com.apple.launchservices:default] Unable to load Info.plist exceptions (gameModeOverrides)
2026-09-16 18:23:27.013 I  PeachCommander[1127:1c33] [com.apple.launchservices:default] Unable to load Info.plist exceptions (identifiedGameOverrides)
2026-09-16 18:23:27.013 I  PeachCommander[1127:1c33] [com.apple.launchservices:default] Unable to load Info.plist exceptions (SystemHiddenPreferred)
2026-09-16 18:23:27.014 Df PeachCommander[1127:1c14] [com.apple.FrontBoard:Common] FBSWorkspace: endpoint monitoring is disabled.
2026-09-16 18:23:27.014 Df PeachCommander[1127:1c14] [com.apple.FrontBoard:Common] FBSWorkspace: default shell endpoint is disabled.
2026-09-16 18:23:27.014 Df PeachCommander[1127:1c14] [com.apple.runningboard:connection] Initializing connection
2026-09-16 18:23:27.014 Df PeachCommander[1127:1c14] [com.apple.runningboard:process] Removing all cached process handles
2026-09-16 18:23:27.014 Df PeachCommander[1127:1c3e] [com.apple.runningboard:connection] Sending handshake request attempt #1 to server
2026-09-16 18:23:27.014 Df PeachCommander[1127:1c3e] [com.apple.runningboard:connection] Creating connection to com.apple.runningboard
2026-09-16 18:23:27.014 Df PeachCommander[1127:1c3e] [com.apple.xpc:connection] [0x881064780] activating connection: mach=true listener=false peer=false name=com.apple.runningboard
2026-09-16 18:23:27.015 Df PeachCommander[1127:1c14] [com.apple.xpc:connection] [0x881064280] Connection returned listener port: 0x5403
2026-09-16 18:23:27.015 I  PeachCommander[1127:1c14] [com.apple.launchservices:cas] information in shared memory for 0x0-0x27027 with seed 533 was still valid, so using cached info { "ApplicationType"="Foreground", "BuildMachineOSBuild"="25E246", "BundleIdentifierLowerCase"="com.peachcommander.app", "CFBundleDevelopmentRegion"="en", "CFBundleDocumentTypes"=( { "CFBundleTypeName"="Peach Commander Plugin Package", "CFBundleTypeRole"="Viewer", "LSHandlerRank"="Owner", "LSItemContentTypes"=( "com.peachcommander.plugin-package") }, { "CFBundleTypeName"="Peach Commander Workspace", "CFBundleTypeRole"="Viewer", "LSHandlerRank"="Owner", "LSItemContentTypes"=( "com.peachcommander.workspace") }), "CFBundleExecutable"="PeachCommander", "CFBundleExecutablePath"="/Users/admin/pc-test/PeachCommander.app/Contents/MacOS/PeachCommander", "CFBundleExecutablePathDeviceID"=16777229, "CFBundleExecutablePathINode"=488189, "CFBundleHelpBookFolder"="PeachCommander.help", "CFBundleHelpBookName"="Peach Commander Help", "CFBundleIconFile"="AppIcon", "CFBundleIconName"="AppIcon", "CFBundleIdentifier"="com.peachcommander.app", "CFBundleInfoDictionaryVersion"="6.0", "CFBundleName"="PeachCo<…>
2026-09-16 18:23:27.015 A  PeachCommander[1127:1c34] (RunningBoardServices) didChangeInheritances
2026-09-16 18:23:27.016 Df PeachCommander[1127:1c3e] [com.apple.runningboard:connection] Handshake succeeded
2026-09-16 18:23:27.016 Df PeachCommander[1127:1c3e] [com.apple.runningboard:connection] Identity resolved as app<application.com.peachcommander.app.487132.488189(501)>
2026-09-16 18:23:27.025 Df PeachCommander[1127:1c14] [com.apple.xpc:connection] [0x881064280] Connection returned listener port: 0x5403
2026-09-16 18:23:27.026 A  PeachCommander[1127:1c34] (AppIntents) appintents:register process
2026-09-16 18:23:27.026 Df PeachCommander[1127:1c34] [com.apple.appintents:Connection] Created a new Process Instance Registry XPC connection (inactive)
2026-09-16 18:23:27.026 Df PeachCommander[1127:1c34] [com.apple.xpc:connection] [0x881064640] activating connection: mach=true listener=false peer=false name=com.apple.linkd.autoShortcut
2026-09-16 18:23:27.026 Df PeachCommander[1127:1c34] [com.apple.appintents:Connection] Activated connection to linkd (ApplicationService)
2026-09-16 18:23:27.026 Df PeachCommander[1127:1c34] [com.apple.xpc:connection] [0x881064a00] activating connection: mach=false listener=true peer=false name=(anonymous)
2026-09-16 18:23:27.026 I  PeachCommander[1127:1c14] [com.apple.launchservices:cas] information in shared memory for 0x0-0x27027 with seed 533 was still valid, so using cached info { "ApplicationType"="Foreground", "BuildMachineOSBuild"="25E246", "BundleIdentifierLowerCase"="com.peachcommander.app", "CFBundleDevelopmentRegion"="en", "CFBundleDocumentTypes"=( { "CFBundleTypeName"="Peach Commander Plugin Package", "CFBundleTypeRole"="Viewer", "LSHandlerRank"="Owner", "LSItemContentTypes"=( "com.peachcommander.plugin-package") }, { "CFBundleTypeName"="Peach Commander Workspace", "CFBundleTypeRole"="Viewer", "LSHandlerRank"="Owner", "LSItemContentTypes"=( "com.peachcommander.workspace") }), "CFBundleExecutable"="PeachCommander", "CFBundleExecutablePath"="/Users/admin/pc-test/PeachCommander.app/Contents/MacOS/PeachCommander", "CFBundleExecutablePathDeviceID"=16777229, "CFBundleExecutablePathINode"=488189, "CFBundleHelpBookFolder"="PeachCommander.help", "CFBundleHelpBookName"="Peach Commander Help", "CFBundleIconFile"="AppIcon", "CFBundleIconName"="AppIcon", "CFBundleIdentifier"="com.peachcommander.app", "CFBundleInfoDictionaryVersion"="6.0", "CFBundleName"="PeachCo<…>
2026-09-16 18:23:27.026 I  PeachCommander[1127:1c14] [com.apple.hiservices:processmgr] TransformProcessType(0x0,0x2 => 1 wasFront=1 pickNew=0)
2026-09-16 18:23:27.027 I  PeachCommander[1127:1c34] [com.apple.appintents:Execution] LNAppConnectionListener instantiated
2026-09-16 18:23:27.027 Df PeachCommander[1127:1c34] [com.apple.xpc:connection] [0x881064a00] Connection returned listener port: 0x6903
2026-09-16 18:23:27.028 Df PeachCommander[1127:1c3e] [com.apple.xpc:connection] [0x881064640] Re-initialization successful; calling out to event handler with XPC_ERROR_CONNECTION_INTERRUPTED
2026-09-16 18:23:27.028 Df PeachCommander[1127:1c3e] [com.apple.appintents:Connection] Process Instance Registry XPC connection has been interrupted
2026-09-16 18:23:27.028 E  PeachCommander[1127:1c34] [com.apple.appintents:Connection] Unable to get synchronousRemoteObjectProxy, error: Error Domain=NSCocoaErrorDomain Code=4097 "connection to service named com.apple.linkd.autoShortcut" UserInfo={NSDebugDescription=connection to service named com.apple.linkd.autoShortcut}
2026-09-16 18:23:27.028 E  PeachCommander[1127:1c34] [com.apple.AppKit:Application] Error registering app with intents framework: Error Domain=NSCocoaErrorDomain Code=4097 UserInfo={NSDebugDescription=<private>}
2026-09-16 18:23:27.028 Df PeachCommander[1127:1c33] [com.apple.appintents:Connection] Created a new Process Instance Registry XPC connection (inactive)
2026-09-16 18:23:27.028 A  PeachCommander[1127:1c33] (AppIntents) appintents:register process
2026-09-16 18:23:27.028 Df PeachCommander[1127:1c33] [com.apple.appintents:Connection] Created a new Process Instance Registry XPC connection (inactive)
2026-09-16 18:23:27.028 Df PeachCommander[1127:1c33] [com.apple.xpc:connection] [0x881064c80] activating connection: mach=true listener=false peer=false name=com.apple.linkd.autoShortcut
2026-09-16 18:23:27.028 Df PeachCommander[1127:1c33] [com.apple.appintents:Connection] Activated connection to linkd (ApplicationService)
2026-09-16 18:23:27.028 Df PeachCommander[1127:1c33] [com.apple.xpc:connection] [0x881064a00] Connection returned listener port: 0x6903
2026-09-16 18:23:27.028 Df PeachCommander[1127:1c3e] [com.apple.xpc:connection] [0x881064c80] Re-initialization successful; calling out to event handler with XPC_ERROR_CONNECTION_INTERRUPTED
2026-09-16 18:23:27.028 Df PeachCommander[1127:1c3e] [com.apple.appintents:Connection] Process Instance Registry XPC connection has been interrupted
2026-09-16 18:23:27.029 Df PeachCommander[1127:1c3e] [com.apple.appintents:Connection] Created a new Process Instance Registry XPC connection (inactive)
2026-09-16 18:23:27.029 A  PeachCommander[1127:1c3e] (AppIntents) appintents:register process
2026-09-16 18:23:27.029 E  PeachCommander[1127:1c33] [com.apple.appintents:Connection] Unable to get synchronousRemoteObjectProxy, error: Error Domain=NSCocoaErrorDomain Code=4097 "connection to service named com.apple.linkd.autoShortcut" UserInfo={NSDebugDescription=connection to service named com.apple.linkd.autoShortcut}
2026-09-16 18:23:27.029 E  PeachCommander[1127:1c33] [com.apple.appintents:Connection] Unable to re-register with Process Instance Registry, error: Error Domain=NSCocoaErrorDomain Code=4097 "connection to service named com.apple.linkd.autoShortcut" UserInfo={NSDebugDescription=connection to service named com.apple.linkd.autoShortcut}
2026-09-16 18:23:27.029 Df PeachCommander[1127:1c3e] [com.apple.appintents:Connection] Created a new Process Instance Registry XPC connection (inactive)
2026-09-16 18:23:27.029 Df PeachCommander[1127:1c3e] [com.apple.xpc:connection] [0x881065040] activating connection: mach=true listener=false peer=false name=com.apple.linkd.autoShortcut
2026-09-16 18:23:27.029 Df PeachCommander[1127:1c3e] [com.apple.appintents:Connection] Activated connection to linkd (ApplicationService)
2026-09-16 18:23:27.029 Df PeachCommander[1127:1c3e] [com.apple.xpc:connection] [0x881064a00] Connection returned listener port: 0x6903
2026-09-16 18:23:27.029 Df PeachCommander[1127:1c14] [com.apple.dt.xctest:Default] Registering for test daemon availability notify post.
2026-09-16 18:23:27.029 Df PeachCommander[1127:1c14] [com.apple.dt.xctest:Default] notify_get_state check indicated test daemon not ready.
2026-09-16 18:23:27.029 Df PeachCommander[1127:1c14] [com.apple.dt.xctest:Default] notify_get_state check indicated test daemon not ready.
2026-09-16 18:23:27.029 Df PeachCommander[1127:1c33] [com.apple.xpc:connection] [0x881065040] Re-initialization successful; calling out to event handler with XPC_ERROR_CONNECTION_INTERRUPTED
2026-09-16 18:23:27.029 Df PeachCommander[1127:1c33] [com.apple.appintents:Connection] Process Instance Registry XPC connection has been interrupted
2026-09-16 18:23:27.029 Df PeachCommander[1127:1c14] [com.apple.dt.xctest:Default] notify_get_state check indicated test daemon not ready.
2026-09-16 18:23:27.029 E  PeachCommander[1127:1c3e] [com.apple.appintents:Connection] Unable to get synchronousRemoteObjectProxy, error: Error Domain=NSCocoaErrorDomain Code=4097 "connection to service named com.apple.linkd.autoShortcut" UserInfo={NSDebugDescription=connection to service named com.apple.linkd.autoShortcut}
2026-09-16 18:23:27.029 E  PeachCommander[1127:1c3e] [com.apple.appintents:Connection] Unable to re-register with Process Instance Registry, error: Error Domain=NSCocoaErrorDomain Code=4097 "connection to service named com.apple.linkd.autoShortcut" UserInfo={NSDebugDescription=connection to service named com.apple.linkd.autoShortcut}
2026-09-16 18:23:27.029 Df PeachCommander[1127:1c34] [com.apple.appintents:Connection] Created a new Process Instance Registry XPC connection (inactive)
2026-09-16 18:23:27.029 A  PeachCommander[1127:1c34] (AppIntents) appintents:register process
2026-09-16 18:23:27.029 Df PeachCommander[1127:1c34] [com.apple.appintents:Connection] Created a new Process Instance Registry XPC connection (inactive)
2026-09-16 18:23:27.029 Df PeachCommander[1127:1c34] [com.apple.xpc:connection] [0x881064f00] activating connection: mach=true listener=false peer=false name=com.apple.linkd.autoShortcut
2026-09-16 18:23:27.029 Df PeachCommander[1127:1c34] [com.apple.appintents:Connection] Activated connection to linkd (ApplicationService)
2026-09-16 18:23:27.029 Df PeachCommander[1127:1c34] [com.apple.xpc:connection] [0x881064a00] Connection returned listener port: 0x6903
2026-09-16 18:23:27.030 Df PeachCommander[1127:1c3e] [com.apple.xpc:connection] [0x881064f00] Re-initialization successful; calling out to event handler with XPC_ERROR_CONNECTION_INTERRUPTED
2026-09-16 18:23:27.030 Df PeachCommander[1127:1c3e] [com.apple.appintents:Connection] Process Instance Registry XPC connection has been interrupted
2026-09-16 18:23:27.030 E  PeachCommander[1127:1c3e] [com.apple.appintents:Connection] Will NOT re-try to establish the connection
2026-09-16 18:23:27.030 E  PeachCommander[1127:1c34] [com.apple.appintents:Connection] Unable to get synchronousRemoteObjectProxy, error: Error Domain=NSCocoaErrorDomain Code=4097 "connection to service named com.apple.linkd.autoShortcut" UserInfo={NSDebugDescription=connection to service named com.apple.linkd.autoShortcut}
2026-09-16 18:23:27.030 E  PeachCommander[1127:1c34] [com.apple.appintents:Connection] Unable to re-register with Process Instance Registry, error: Error Domain=NSCocoaErrorDomain Code=4097 "connection to service named com.apple.linkd.autoShortcut" UserInfo={NSDebugDescription=connection to service named com.apple.linkd.autoShortcut}
2026-09-16 18:23:27.063 Df PeachCommander[1127:1c3e] [com.apple.CoreAnalytics:client] Received configuration update from daemon (initial)
2026-09-16 18:23:27.064 A  PeachCommander[1127:1c14] (CoreFoundation) Loading Preferences From System CFPrefsD
2026-09-16 18:23:27.066 Df PeachCommander[1127:1c14] (libMobileGestalt.dylib) couldn't load support library
2026-09-16 18:23:27.066 Df PeachCommander[1127:1c14] (libMobileGestalt.dylib) called dummy function!
2026-09-16 18:23:27.067 I  PeachCommander[1127:1c14] [com.apple.GenerativeModels:availability] Current availability state: unavailable, use cases: com.apple.WritingTools, language: <any>, api: <private>
2026-09-16 18:23:27.067 Df PeachCommander[1127:1c14] [com.apple.GenerativeModels:availability] registering darwin observer for name: com.apple.gms.availability.notification
2026-09-16 18:23:27.067 Df PeachCommander[1127:1c14] [com.apple.GenerativeModels:availability] registering darwin observer for name: com.apple.os-eligibility-domain.change.greymatter
2026-09-16 18:23:27.067 Df PeachCommander[1127:1c14] [com.apple.GenerativeModels:availability] registering darwin observer for name: com.apple.language.changed
2026-09-16 18:23:27.067 Df PeachCommander[1127:1c14] [com.apple.WritingTools:Default] isAvailable value changed: isMDMAllowed = true, gmAvailable (current) = false
2026-09-16 18:23:27.071 I  PeachCommander[1127:1c14] [com.apple.CoreAnalytics:client] Dropping "com.apple.appkit.app_config" as it isn't used in any transform (not in the config or budgeted?)
2026-09-16 18:23:27.075 Df PeachCommander[1127:1c14] [com.apple.AppKit:Appearance] NSApp cache appearance:
-NSRequiresAquaSystemAppearance: 0
-appearance: (null)
-effectiveAppearance: <NSCompositeAppearance: 0x880c98640
 (
    "<NSAquaAppearance: 0x880c98500>",
    "<NSSystemAppearance: 0x880c985a0>"
)>
2026-09-16 18:23:27.079 A  PeachCommander[1127:1c14] (CoreFoundation) Loading Preferences From User CFPrefsD
2026-09-16 18:23:27.079 A  PeachCommander[1127:1c14] (CoreFoundation) Loading Preferences From User CFPrefsD
2026-09-16 18:23:27.084 A  PeachCommander[1127:1c3e] (libsystem_info.dylib) Membership API: translate identifier
2026-09-16 18:23:27.088 I  PeachCommander[1127:1c14] [com.apple.CoreAnalytics:client] Dropping "com.apple.appkit.app_config" as it isn't used in any transform (not in the config or budgeted?)
2026-09-16 18:23:27.088 I  PeachCommander[1127:1c14] [com.apple.CoreAnalytics:client] Dropping "com.apple.appkit.app_config" as it isn't used in any transform (not in the config or budgeted?)
2026-09-16 18:23:27.090 Df PeachCommander[1127:1c41] [com.apple.xpc:connection] [0x881065a40] activating connection: mach=true listener=false peer=false name=com.apple.dock.fullscreen
2026-09-16 18:23:27.092 Df PeachCommander[1127:1c14] [com.apple.xpc:connection] [0x881065b80] activating connection: mach=true listener=false peer=false name=com.apple.fonts
2026-09-16 18:23:27.099 I  PeachCommander[1127:1c14] [com.apple.launchservices:cas] information in shared memory for 0x0-0x27027 with seed 533 was still valid, so using cached info { "ApplicationType"="Foreground", "BuildMachineOSBuild"="25E246", "BundleIdentifierLowerCase"="com.peachcommander.app", "CFBundleDevelopmentRegion"="en", "CFBundleDocumentTypes"=( { "CFBundleTypeName"="Peach Commander Plugin Package", "CFBundleTypeRole"="Viewer", "LSHandlerRank"="Owner", "LSItemContentTypes"=( "com.peachcommander.plugin-package") }, { "CFBundleTypeName"="Peach Commander Workspace", "CFBundleTypeRole"="Viewer", "LSHandlerRank"="Owner", "LSItemContentTypes"=( "com.peachcommander.workspace") }), "CFBundleExecutable"="PeachCommander", "CFBundleExecutablePath"="/Users/admin/pc-test/PeachCommander.app/Contents/MacOS/PeachCommander", "CFBundleExecutablePathDeviceID"=16777229, "CFBundleExecutablePathINode"=488189, "CFBundleHelpBookFolder"="PeachCommander.help", "CFBundleHelpBookName"="Peach Commander Help", "CFBundleIconFile"="AppIcon", "CFBundleIconName"="AppIcon", "CFBundleIdentifier"="com.peachcommander.app", "CFBundleInfoDictionaryVersion"="6.0", "CFBundleName"="PeachCo<…>
2026-09-16 18:23:27.100 I  PeachCommander[1127:1c14] [com.apple.CoreAnalytics:client] Dropping "com.apple.appkit.app_config" as it isn't used in any transform (not in the config or budgeted?)
2026-09-16 18:23:27.100 Df PeachCommander[1127:1c14] [com.apple.AppKit:AutomaticTermination] -[NSApplication(NSAppssassination) _checkForAutomaticTerminationSupportPossiblyEnablingIt]_block_invoke Enabling automatic termination support.
2026-09-16 18:23:27.100 Df PeachCommander[1127:1c14] [com.apple.xpc:connection] [0x881065400] activating connection: mach=true listener=false peer=false name=com.apple.appkit.restoration_storage
2026-09-16 18:23:27.101 I  PeachCommander[1127:1c14] [com.apple.launchservices:cas] information in shared memory for 0x0-0x27027 with seed 533 was still valid, so using cached info { "ApplicationType"="Foreground", "BuildMachineOSBuild"="25E246", "BundleIdentifierLowerCase"="com.peachcommander.app", "CFBundleDevelopmentRegion"="en", "CFBundleDocumentTypes"=( { "CFBundleTypeName"="Peach Commander Plugin Package", "CFBundleTypeRole"="Viewer", "LSHandlerRank"="Owner", "LSItemContentTypes"=( "com.peachcommander.plugin-package") }, { "CFBundleTypeName"="Peach Commander Workspace", "CFBundleTypeRole"="Viewer", "LSHandlerRank"="Owner", "LSItemContentTypes"=( "com.peachcommander.workspace") }), "CFBundleExecutable"="PeachCommander", "CFBundleExecutablePath"="/Users/admin/pc-test/PeachCommander.app/Contents/MacOS/PeachCommander", "CFBundleExecutablePathDeviceID"=16777229, "CFBundleExecutablePathINode"=488189, "CFBundleHelpBookFolder"="PeachCommander.help", "CFBundleHelpBookName"="Peach Commander Help", "CFBundleIconFile"="AppIcon", "CFBundleIconName"="AppIcon", "CFBundleIdentifier"="com.peachcommander.app", "CFBundleInfoDictionaryVersion"="6.0", "CFBundleName"="PeachCo<…>
2026-09-16 18:23:27.101 Df PeachCommander[1127:1c14] [com.apple.xpc:connection] [0x881065540] activating connection: mach=true listener=false peer=false name=com.apple.coreservices.appleevents
2026-09-16 18:23:27.101 I  PeachCommander[1127:1c14] [com.apple.appleevents:main] _AEGetRegisteredMachPort() created default port (port:64515/0xfc03 rcv:1 send:1 limit:5) and registered it with server
2026-09-16 18:23:27.101 Df PeachCommander[1127:1c14] [com.apple.xpc:connection] [0x881064280] Connection returned listener port: 0x5403
2026-09-16 18:23:27.102 I  PeachCommander[1127:1c14] [com.apple.launchservices:cas] information in shared memory for 0x0-0x27027 with seed 533 was still valid, so using cached info { "ApplicationType"="Foreground", "BuildMachineOSBuild"="25E246", "BundleIdentifierLowerCase"="com.peachcommander.app", "CFBundleDevelopmentRegion"="en", "CFBundleDocumentTypes"=( { "CFBundleTypeName"="Peach Commander Plugin Package", "CFBundleTypeRole"="Viewer", "LSHandlerRank"="Owner", "LSItemContentTypes"=( "com.peachcommander.plugin-package") }, { "CFBundleTypeName"="Peach Commander Workspace", "CFBundleTypeRole"="Viewer", "LSHandlerRank"="Owner", "LSItemContentTypes"=( "com.peachcommander.workspace") }), "CFBundleExecutable"="PeachCommander", "CFBundleExecutablePath"="/Users/admin/pc-test/PeachCommander.app/Contents/MacOS/PeachCommander", "CFBundleExecutablePathDeviceID"=16777229, "CFBundleExecutablePathINode"=488189, "CFBundleHelpBookFolder"="PeachCommander.help", "CFBundleHelpBookName"="Peach Commander Help", "CFBundleIconFile"="AppIcon", "CFBundleIconName"="AppIcon", "CFBundleIdentifier"="com.peachcommander.app", "CFBundleInfoDictionaryVersion"="6.0", "CFBundleName"="PeachCo<…>
2026-09-16 18:23:27.102 Df PeachCommander[1127:1c14] [com.apple.processmanager:front-35286506] SignalReady: pid=1127 asn=0x0-0x27027
2026-09-16 18:23:27.102 Df PeachCommander[1127:1c14] [com.apple.processmanager:front-35286506] SIGNAL: pid=1127 asn=0x0x-0x27027
2026-09-16 18:23:27.102 I  PeachCommander[1127:1c14] [com.apple.appleevents:main] aeGenerateFakeFirstOAPPEventIfNecessary()
2026-09-16 18:23:27.102 I  PeachCommander[1127:1c14] [com.apple.appleevents:main] aeGenerateFakeFirstOAPPEventIfNecessary(), needToCreateFakeOAPPEventIfFirstEvent == true
2026-09-16 18:23:27.102 I  PeachCommander[1127:1c14] [com.apple.launchservices:cas] Removing cached information for app [ 0x0-0x27027]  "PeachCommander", as its seed is different from that in shared memory ( 533 vs 535)
2026-09-16 18:23:27.103 I  PeachCommander[1127:1c14] [com.apple.CFPasteboard:entry] CopyData('DefaultAsciiKeyboardLayoutPasteboard' (<CFUUID 0x880d9bd60> B8D61FA7-A78C-40BF-B4EB-4E45D59B0573) gen: -1 item: 1264739405 flavor: 'DefaultAsciiKeyboardLayoutFlavor')
2026-09-16 18:23:27.103 I  PeachCommander[1127:1c14] [com.apple.CFPasteboard:cache] Rebuilding cache for 'DefaultAsciiKeyboardLayoutPasteboard' (<CFUUID 0x880d9bd60> B8D61FA7-A78C-40BF-B4EB-4E45D59B0573)
2026-09-16 18:23:27.103 I  PeachCommander[1127:1c14] [com.apple.CFPasteboard:exit] (not-in-cache) - result: -8 generation: 0 null data flags: 0
2026-09-16 18:23:27.103 A  PeachCommander[1127:1c14] (CoreFoundation) Loading Preferences From User CFPrefsD
2026-09-16 18:23:27.104 A  PeachCommander[1127:1c14] (CoreFoundation) Loading Preferences From System CFPrefsD
2026-09-16 18:23:27.104 I  PeachCommander[1127:1c14] [com.apple.CFPasteboard:entry] CopyData('AppleIntlFileCacheModificationDatePasteboard' (<CFUUID 0x880d9bee0> A6C02A04-8EF2-4B00-8345-F7E83B96B3B4) gen: -1 item: 1 flavor: '-32766 1768845414')
2026-09-16 18:23:27.104 I  PeachCommander[1127:1c14] [com.apple.CFPasteboard:cache] Rebuilding cache for 'AppleIntlFileCacheModificationDatePasteboard' (<CFUUID 0x880d9bee0> A6C02A04-8EF2-4B00-8345-F7E83B96B3B4)
2026-09-16 18:23:27.104 I  PeachCommander[1127:1c14] [com.apple.CFPasteboard:general] Will request data from daemon
2026-09-16 18:23:27.105 I  PeachCommander[1127:1c14] [com.apple.CFPasteboard:exit] (not-in-cache) - result: 0 generation: 4 data (310 bytes) flags: 0
2026-09-16 18:23:27.105 I  PeachCommander[1127:1c14] [com.apple.CFPasteboard:entry] CopyData('AppleIntlFileCacheModificationDatePasteboard' (<CFUUID 0x880d9bee0> A6C02A04-8EF2-4B00-8345-F7E83B96B3B4) gen: -1 item: 1 flavor: '-32765 1802264953')
2026-09-16 18:23:27.105 I  PeachCommander[1127:1c14] [com.apple.CFPasteboard:general] Will request data from daemon
2026-09-16 18:23:27.105 I  PeachCommander[1127:1c14] [com.apple.CFPasteboard:exit] (not-in-cache) - result: 0 generation: 4 data (306 bytes) flags: 0
2026-09-16 18:23:27.105 I  PeachCommander[1127:1c14] [com.apple.CFPasteboard:entry] CopyData('AppleIntlFileCacheModificationDatePasteboard' (<CFUUID 0x880d9bee0> A6C02A04-8EF2-4B00-8345-F7E83B96B3B4) gen: -1 item: 1 flavor: '-32764 1802264953')
2026-09-16 18:23:27.105 I  PeachCommander[1127:1c14] [com.apple.CFPasteboard:general] Will request data from daemon
2026-09-16 18:23:27.105 I  PeachCommander[1127:1c14] [com.apple.CFPasteboard:exit] (not-in-cache) - result: 0 generation: 4 data (281 bytes) flags: 0
2026-09-16 18:23:27.105 I  PeachCommander[1127:1c14] [com.apple.CFPasteboard:entry] CopyData('AppleIntlFileCacheModificationDatePasteboard' (<CFUUID 0x880d9bee0> A6C02A04-8EF2-4B00-8345-F7E83B96B3B4) gen: -1 item: 1 flavor: '-32763 1802264953')
2026-09-16 18:23:27.105 I  PeachCommander[1127:1c14] [com.apple.CFPasteboard:general] Will request data from daemon
2026-09-16 18:23:27.105 I  PeachCommander[1127:1c14] [com.apple.CFPasteboard:exit] (not-in-cache) - result: 0 generation: 4 data (318 bytes) flags: 0
2026-09-16 18:23:27.105 I  PeachCommander[1127:1c14] [com.apple.CFPasteboard:entry] CopyData('AppleIntlFileCacheModificationDatePasteboard' (<CFUUID 0x880d9bee0> A6C02A04-8EF2-4B00-8345-F7E83B96B3B4) gen: -1 item: 1 flavor: '-32765 1768845414')
2026-09-16 18:23:27.105 I  PeachCommander[1127:1c14] [com.apple.CFPasteboard:general] Will request data from daemon
2026-09-16 18:23:27.105 I  PeachCommander[1127:1c14] [com.apple.CFPasteboard:exit] (not-in-cache) - result: 0 generation: 4 data (303 bytes) flags: 0
2026-09-16 18:23:27.105 I  PeachCommander[1127:1c14] [com.apple.CFPasteboard:entry] CopyData('AppleIntlFileCacheModificationDatePasteboard' (<CFUUID 0x880d9bee0> A6C02A04-8EF2-4B00-8345-F7E83B96B3B4) gen: -1 item: 1 flavor: '-32763 1768845414')
2026-09-16 18:23:27.105 I  PeachCommander[1127:1c14] [com.apple.CFPasteboard:general] Will request data from daemon
2026-09-16 18:23:27.105 I  PeachCommander[1127:1c14] [com.apple.CFPasteboard:exit] (not-in-cache) - result: 0 generation: 4 data (315 bytes) flags: 0
2026-09-16 18:23:27.107 I  PeachCommander[1127:1c14] [com.apple.launchservices:cas] information in shared memory for 0x0-0x27027 with seed 535 was still valid, so using cached info { "ApplicationType"="Foreground", "BuildMachineOSBuild"="25E246", "BundleIdentifierLowerCase"="com.peachcommander.app", "CFBundleDevelopmentRegion"="en", "CFBundleDocumentTypes"=( { "CFBundleTypeName"="Peach Commander Plugin Package", "CFBundleTypeRole"="Viewer", "LSHandlerRank"="Owner", "LSItemContentTypes"=( "com.peachcommander.plugin-package") }, { "CFBundleTypeName"="Peach Commander Workspace", "CFBundleTypeRole"="Viewer", "LSHandlerRank"="Owner", "LSItemContentTypes"=( "com.peachcommander.workspace") }), "CFBundleExecutable"="PeachCommander", "CFBundleExecutablePath"="/Users/admin/pc-test/PeachCommander.app/Contents/MacOS/PeachCommander", "CFBundleExecutablePathDeviceID"=16777229, "CFBundleExecutablePathINode"=488189, "CFBundleHelpBookFolder"="PeachCommander.help", "CFBundleHelpBookName"="Peach Commander Help", "CFBundleIconFile"="AppIcon", "CFBundleIconName"="AppIcon", "CFBundleIdentifier"="com.peachcommander.app", "CFBundleInfoDictionaryVersion"="6.0", "CFBundleName"="PeachCo<…>
2026-09-16 18:23:27.107 Df PeachCommander[1127:1c14] [com.apple.xpc:connection] [0x881065e00] activating connection: mach=false listener=false peer=false name=com.apple.ViewBridgeAuxiliary
2026-09-16 18:23:27.108 A  PeachCommander[1127:1c3e] (RunningBoardServices) didChangeInheritances
2026-09-16 18:23:27.115 Df PeachCommander[1127:1c14] [com.apple.xpc:connection] [0x881065cc0] activating connection: mach=false listener=false peer=false name=(anonymous)
2026-09-16 18:23:27.115 Df PeachCommander[1127:1c14] [com.apple.xpc:connection] [0x881065f40] activating connection: mach=false listener=true peer=false name=(anonymous)
2026-09-16 18:23:27.115 Df PeachCommander[1127:1c14] [com.apple.xpc:connection] [0x881065f40] Connection returned listener port: 0xf203
2026-09-16 18:23:27.116 Df PeachCommander[1127:1c14] [com.apple.xpc:connection] [0x881065e00] invalidated after the last release of the connection object
2026-09-16 18:23:27.117 I  PeachCommander[1127:1c14] [com.apple.showhide:pr-59900543] SHOWHIDE: SHOW id=8 0x0-0x27027, err=0 eventTime=49835370208 windowID=0
2026-09-16 18:23:27.117 I  PeachCommander[1127:1c14] [com.apple.CarbonCore:coreservicesdaemon] findOrCreateCacheable():findOrCreateCacheable(), factoryName=3 cacheableName=<private> fCacheables.size()=0
2026-09-16 18:23:27.117 I  PeachCommander[1127:1c14] [com.apple.CarbonCore:coreservicesdaemon] findOrCreateCacheable():findOrCreateCacheable(), result = 0x88100ac80 (should be non-NULL)
2026-09-16 18:23:27.117 Df PeachCommander[1127:1c14] [com.apple.AppKit:AutomaticTermination] void _NSDisableAutomaticTerminationAndLog(NSString *) Restoring windows
2026-09-16 18:23:27.117 Df PeachCommander[1127:1c14] [com.apple.AppKit:StateRestoration] -[NSApplication _reopenWindowsAsNecessaryIncludingRestorableState:withFullFidelity:completionHandler:] shouldRestoreState=1 hasPersistentStateToRestore=0 shouldStillRestoreStateAfterPrompting=0
2026-09-16 18:23:27.117 Df PeachCommander[1127:1c14] [com.apple.xpc:connection] [0x881065e00] activating connection: mach=true listener=false peer=false name=com.apple.window_proxies
2026-09-16 18:23:27.117 Df PeachCommander[1127:1c14] [com.apple.xpc:connection] [0x881065e00] invalidated because the current process cancelled the connection by calling xpc_connection_cancel()
2026-09-16 18:23:27.117 I  PeachCommander[1127:1c14] [com.apple.SkyLight:processes] 0[outside of RPC]: SLSSetFrontProcessWithInfo(0x0-0x2 window=0 options=0x1
2026-09-16 18:23:27.118 I  PeachCommander[1127:1c14] [com.apple.CoreAnalytics:client] Dropping "com.apple.appkit.app_config" as it isn't used in any transform (not in the config or budgeted?)
2026-09-16 18:23:27.118 Df PeachCommander[1127:1c14] [com.apple.AppKit:AutomaticTermination] void _NSEnableAutomaticTerminationAndLog(NSString *) Restoring windows
2026-09-16 18:23:27.132 I  PeachCommander[1127:1c14] [com.apple.CoreAnalytics:client] Dropping "com.apple.appkit.app_config" as it isn't used in any transform (not in the config or budgeted?)
2026-09-16 18:23:27.132 I  PeachCommander[1127:1c14] [com.apple.CoreAnalytics:client] Dropping "com.apple.appkit.app_config" as it isn't used in any transform (not in the config or budgeted?)
2026-09-16 18:23:27.166 A  PeachCommander[1127:1c14] (CoreFoundation) Loading Preferences From User CFPrefsD
2026-09-16 18:23:27.183 I  PeachCommander[1127:1c14] [com.peachcommander:PCFoundation] VolumeManager initialized
2026-09-16 18:23:27.225 Df PeachCommander[1127:1c14] [com.apple.BoardServices:XPCErrors] [C:1] Alloc <private>
2026-09-16 18:23:27.225 Df PeachCommander[1127:1c14] [com.apple.xpc:connection] [0x881361540] activating connection: mach=false listener=false peer=false name=(anonymous)
2026-09-16 18:23:27.227 I  PeachCommander[1127:1c14] [com.apple.AppKit:Window] context (0 -> 97310ad) for window 2c
2026-09-16 18:23:27.228 Df PeachCommander[1127:1c41] [com.apple.corespotlight:index] (<private>) deleteSearchableItemsWithDomainIdentifiers, protectionClass:(null), domainIdentifiers number:1
2026-09-16 18:23:27.228 A  PeachCommander[1127:1c41] (CoreSpotlight) delete-domains
2026-09-16 18:23:27.229 Df PeachCommander[1127:1c33] [com.apple.corespotlight:index] CSInlineDonation:<private>: Skipping donation (feature flag disabled)
2026-09-16 18:23:27.229 Df PeachCommander[1127:1c33] (CoreSpotlight) sConnectionName: com.apple.spotlight.IndexAgent
2026-09-16 18:23:27.229 Df PeachCommander[1127:1c33] (CoreSpotlight) Start service name com.apple.spotlight.IndexAgent
2026-09-16 18:23:27.229 Df PeachCommander[1127:1c33] [com.apple.xpc:connection] [0x8813617c0] activating connection: mach=true listener=false peer=false name=com.apple.spotlight.IndexAgent
2026-09-16 18:23:27.230 I  PeachCommander[1127:1c14] [com.peachcommander:PCFoundation] MainWindowController initialized (config: <private>)
2026-09-16 18:23:27.232 I  PeachCommander[1127:1c14] [com.peachcommander:PCFoundation] SelectionState initialized
2026-09-16 18:23:27.233 I  PeachCommander[1127:1c14] [com.peachcommander:PCFoundation] DirectoryModel initialized
2026-09-16 18:23:27.233 I  PeachCommander[1127:1c14] [com.peachcommander:PCFoundation] VolumeManager initialized
2026-09-16 18:23:27.233 I  PeachCommander[1127:1c14] [com.peachcommander:PCFoundation] PanelController initialized for <private> panel
2026-09-16 18:23:27.234 I  PeachCommander[1127:1c14] [com.peachcommander:PCFoundation] SelectionState initialized
2026-09-16 18:23:27.234 I  PeachCommander[1127:1c14] [com.peachcommander:PCFoundation] DirectoryModel initialized
2026-09-16 18:23:27.234 I  PeachCommander[1127:1c14] [com.peachcommander:PCFoundation] VolumeManager initialized
2026-09-16 18:23:27.234 I  PeachCommander[1127:1c14] [com.peachcommander:PCFoundation] PanelController initialized for <private> panel
2026-09-16 18:23:27.251 I  PeachCommander[1127:1c14] [com.apple.AppKit:Animation] Running new animation: <private>
2026-09-16 18:23:27.251 I  PeachCommander[1127:1c14] [com.apple.AppKit:Animation] Running new animation: <private>
2026-09-16 18:23:27.251 I  PeachCommander[1127:1c14] [com.apple.AppKit:Animation] Running new animation: <private>
2026-09-16 18:23:27.251 I  PeachCommander[1127:1c14] [com.apple.AppKit:Animation] Running new animation: <private>
2026-09-16 18:23:27.251 I  PeachCommander[1127:1c14] [com.apple.AppKit:Animation] Running new animation: <private>
2026-09-16 18:23:27.257 I  PeachCommander[1127:1c14] [com.apple.AppKit:Animation] Running new animation: <private>
2026-09-16 18:23:27.257 I  PeachCommander[1127:1c14] [com.apple.AppKit:Animation] Running new animation: <private>
2026-09-16 18:23:27.257 I  PeachCommander[1127:1c14] [com.apple.AppKit:Animation] Running new animation: <private>
2026-09-16 18:23:27.257 I  PeachCommander[1127:1c14] [com.apple.AppKit:Animation] Running new animation: <private>
2026-09-16 18:23:27.257 I  PeachCommander[1127:1c14] [com.apple.AppKit:Animation] Running new animation: <private>
2026-09-16 18:23:27.274 I  PeachCommander[1127:1c14] [com.apple.CoreAnalytics:client] Dropping "com.apple.appkit.app_config" as it isn't used in any transform (not in the config or budgeted?)
2026-09-16 18:23:27.282 I  PeachCommander[1127:1c14] [com.apple.CoreAnalytics:client] Dropping "com.apple.appkit.app_config" as it isn't used in any transform (not in the config or budgeted?)
2026-09-16 18:23:27.319 Df PeachCommander[1127:1c14] [com.apple.xpc:connection] [0x88155da40] activating connection: mach=true listener=false peer=false name=com.apple.iconservices
2026-09-16 18:23:27.320 Df PeachCommander[1127:1c14] [com.apple.xpc:connection] [0x88155db80] activating connection: mach=true listener=false peer=false name=com.apple.iconservices.store
2026-09-16 18:23:27.321 I  PeachCommander[1127:1c14] [com.peachcommander:Theme] no user themes in /Users/admin/pc-cfg/themes
2026-09-16 18:23:27.321 Df PeachCommander[1127:1c14] [com.apple.AppKit:Appearance] Invalidate NSApp effectiveAppearance
2026-09-16 18:23:27.322 Df PeachCommander[1127:1c14] [com.apple.AppKit:Appearance] NSApp cache appearance:
-NSRequiresAquaSystemAppearance: 0
-appearance: <NSCompositeAppearance: 0x880c99900
 (
    "<NSDarkAquaAppearance: 0x880c99a40>",
    "<NSSystemAppearance: 0x880c985a0>"
)>
-effectiveAppearance: <NSCompositeAppearance: 0x880c99900
 (
    "<NSDarkAquaAppearance: 0x880c99a40>",
    "<NSSystemAppearance: 0x880c985a0>"
)>
2026-09-16 18:23:27.328 I  PeachCommander[1127:1c14] [com.peachcommander:PCFoundation] Theme applied: id=system, appearance=dark, dark=true, background=#333333
2026-09-16 18:23:27.402 I  PeachCommander[1127:1c14] [com.apple.AppKit:Image] ISImage reported a placeholder, image rep is providing a placeholder image for <private>
2026-09-16 18:23:27.402 I  PeachCommander[1127:1c14] [com.apple.AppKit:Image] ISImage reported a placeholder, image rep is providing a placeholder image for <private>
2026-09-16 18:23:27.403 I  PeachCommander[1127:1c14] [com.apple.CoreAnalytics:client] Dropping "com.apple.appkit.app_config" as it isn't used in any transform (not in the config or budgeted?)
2026-09-16 18:23:27.412 I  PeachCommander[1127:1c14] [com.peachcommander:PCFoundation] Keymap loaded: scheme=<private>, 82 effective bindings
2026-09-16 18:23:27.414 I  PeachCommander[1127:1c14] [com.apple.AppKit:Animation] Running new animation: <private>
2026-09-16 18:23:27.414 I  PeachCommander[1127:1c14] [com.apple.AppKit:Animation] Running new animation: <private>
2026-09-16 18:23:27.414 I  PeachCommander[1127:1c14] [com.apple.AppKit:Animation] Running new animation: <private>
2026-09-16 18:23:27.414 I  PeachCommander[1127:1c14] [com.apple.AppKit:Animation] Running new animation: <private>
2026-09-16 18:23:27.414 I  PeachCommander[1127:1c14] [com.apple.AppKit:Animation] Running new animation: <private>
2026-09-16 18:23:27.415 I  PeachCommander[1127:1c14] [com.apple.AppKit:Animation] Running new animation: <private>
2026-09-16 18:23:27.415 I  PeachCommander[1127:1c14] [com.apple.AppKit:Animation] Running new animation: <private>
2026-09-16 18:23:27.415 I  PeachCommander[1127:1c14] [com.apple.AppKit:Animation] Running new animation: <private>
2026-09-16 18:23:27.415 I  PeachCommander[1127:1c14] [com.apple.AppKit:Animation] Running new animation: <private>
2026-09-16 18:23:27.415 I  PeachCommander[1127:1c14] [com.apple.AppKit:Animation] Running new animation: <private>
2026-09-16 18:23:27.421 I  PeachCommander[1127:1c14] [com.apple.CoreAnalytics:client] Dropping "<private>" as it isn't used in any transform (not in the config or budgeted?)
2026-09-16 18:23:27.422 I  PeachCommander[1127:1c14] [com.apple.CoreAnalytics:client] Dropping "<private>" as it isn't used in any transform (not in the config or budgeted?)
2026-09-16 18:23:27.423 I  PeachCommander[1127:1c14] [com.apple.CoreAnalytics:client] Dropping "<private>" as it isn't used in any transform (not in the config or budgeted?)
2026-09-16 18:23:27.423 I  PeachCommander[1127:1c14] [com.peachcommander:PCFoundation] MainWindowController window loaded
2026-09-16 18:23:27.425 I  PeachCommander[1127:1c14] [com.apple.launchservices:cas] information in shared memory for 0x0-0x27027 with seed 535 was still valid, so using cached info { "ApplicationType"="Foreground", "BuildMachineOSBuild"="25E246", "BundleIdentifierLowerCase"="com.peachcommander.app", "CFBundleDevelopmentRegion"="en", "CFBundleDocumentTypes"=( { "CFBundleTypeName"="Peach Commander Plugin Package", "CFBundleTypeRole"="Viewer", "LSHandlerRank"="Owner", "LSItemContentTypes"=( "com.peachcommander.plugin-package") }, { "CFBundleTypeName"="Peach Commander Workspace", "CFBundleTypeRole"="Viewer", "LSHandlerRank"="Owner", "LSItemContentTypes"=( "com.peachcommander.workspace") }), "CFBundleExecutable"="PeachCommander", "CFBundleExecutablePath"="/Users/admin/pc-test/PeachCommander.app/Contents/MacOS/PeachCommander", "CFBundleExecutablePathDeviceID"=16777229, "CFBundleExecutablePathINode"=488189, "CFBundleHelpBookFolder"="PeachCommander.help", "CFBundleHelpBookName"="Peach Commander Help", "CFBundleIconFile"="AppIcon", "CFBundleIconName"="AppIcon", "CFBundleIdentifier"="com.peachcommander.app", "CFBundleInfoDictionaryVersion"="6.0", "CFBundleName"="PeachCo<…>
2026-09-16 18:23:27.425 I  PeachCommander[1127:1c14] [com.apple.launchservices:cas] information in shared memory for 0x0-0x27027 with seed 535 was still valid, so using cached info { "ApplicationType"="Foreground", "BuildMachineOSBuild"="25E246", "BundleIdentifierLowerCase"="com.peachcommander.app", "CFBundleDevelopmentRegion"="en", "CFBundleDocumentTypes"=( { "CFBundleTypeName"="Peach Commander Plugin Package", "CFBundleTypeRole"="Viewer", "LSHandlerRank"="Owner", "LSItemContentTypes"=( "com.peachcommander.plugin-package") }, { "CFBundleTypeName"="Peach Commander Workspace", "CFBundleTypeRole"="Viewer", "LSHandlerRank"="Owner", "LSItemContentTypes"=( "com.peachcommander.workspace") }), "CFBundleExecutable"="PeachCommander", "CFBundleExecutablePath"="/Users/admin/pc-test/PeachCommander.app/Contents/MacOS/PeachCommander", "CFBundleExecutablePathDeviceID"=16777229, "CFBundleExecutablePathINode"=488189, "CFBundleHelpBookFolder"="PeachCommander.help", "CFBundleHelpBookName"="Peach Commander Help", "CFBundleIconFile"="AppIcon", "CFBundleIconName"="AppIcon", "CFBundleIdentifier"="com.peachcommander.app", "CFBundleInfoDictionaryVersion"="6.0", "CFBundleName"="PeachCo<…>
2026-09-16 18:23:27.428 I  PeachCommander[1127:1c14] [com.apple.AppKit:Image] ISImage reported a placeholder, image rep is providing a placeholder image for <private>
2026-09-16 18:23:27.428 I  PeachCommander[1127:1c14] [com.apple.AppKit:Image] ISImage reported a placeholder, image rep is providing a placeholder image for <private>
2026-09-16 18:23:27.446 I  PeachCommander[1127:1c14] [com.apple.AppKit:Window] order window front conditionally: 2c related: 0
2026-09-16 18:23:27.446 Df PeachCommander[1127:1c14] [com.apple.AppKit:AutomaticTermination] void _NSEnableAutomaticTerminationAndLog(NSString *) No windows open yet
2026-09-16 18:23:27.447 I  PeachCommander[1127:1c14] [com.apple.AppKit:Intelligence] starting collection observation
2026-09-16 18:23:27.447 Df PeachCommander[1127:1c83] [com.apple.UIIntelligenceSupport:xpc] establishing connection to agent
2026-09-16 18:23:27.447 Df PeachCommander[1127:1c83] [com.apple.xpc:session] [0x880173070] Session created.
2026-09-16 18:23:27.447 Df PeachCommander[1127:1c83] [com.apple.xpc:session] [0x880173070] Session created from connection [0x88155ed00]
2026-09-16 18:23:27.447 Df PeachCommander[1127:1c83] [com.apple.xpc:connection] [0x88155ed00] activating connection: mach=true listener=false peer=false name=com.apple.uiintelligencesupport.agent
2026-09-16 18:23:27.447 Df PeachCommander[1127:1c83] [com.apple.xpc:session] [0x880173070] Session activated
2026-09-16 18:23:27.447 I  PeachCommander[1127:1c14] [com.apple.SkyLight:processes] 0[outside of RPC]: SLSSetFrontProcessWithInfo(0x0-0x2 window=0 options=0x1
2026-09-16 18:23:27.448 I  PeachCommander[1127:1c14] [com.apple.launchservices:cas] information in shared memory for 0x0-0x27027 with seed 535 was still valid, so using cached info { "ApplicationType"="Foreground", "BuildMachineOSBuild"="25E246", "BundleIdentifierLowerCase"="com.peachcommander.app", "CFBundleDevelopmentRegion"="en", "CFBundleDocumentTypes"=( { "CFBundleTypeName"="Peach Commander Plugin Package", "CFBundleTypeRole"="Viewer", "LSHandlerRank"="Owner", "LSItemContentTypes"=( "com.peachcommander.plugin-package") }, { "CFBundleTypeName"="Peach Commander Workspace", "CFBundleTypeRole"="Viewer", "LSHandlerRank"="Owner", "LSItemContentTypes"=( "com.peachcommander.workspace") }), "CFBundleExecutable"="PeachCommander", "CFBundleExecutablePath"="/Users/admin/pc-test/PeachCommander.app/Contents/MacOS/PeachCommander", "CFBundleExecutablePathDeviceID"=16777229, "CFBundleExecutablePathINode"=488189, "CFBundleHelpBookFolder"="PeachCommander.help", "CFBundleHelpBookName"="Peach Commander Help", "CFBundleIconFile"="AppIcon", "CFBundleIconName"="AppIcon", "CFBundleIdentifier"="com.peachcommander.app", "CFBundleInfoDictionaryVersion"="6.0", "CFBundleName"="PeachCo<…>
2026-09-16 18:23:27.448 Df PeachCommander[1127:1c14] [com.apple.xpc:connection] [0x88155ee40] activating connection: mach=true listener=false peer=false name=com.apple.FileCoordination
2026-09-16 18:23:27.449 Df PeachCommander[1127:1c84] [com.apple.foundation.filecoordination:presenter] Adding presenter 9C567DF5-1ED3-4C18-9F2D-6E732AF4EB73 for URL: <private>
2026-09-16 18:23:27.449 I  PeachCommander[1127:1c14] [com.apple.launchservices:cas] information in shared memory for 0x0-0x27027 with seed 535 was still valid, so using cached info { "ApplicationType"="Foreground", "BuildMachineOSBuild"="25E246", "BundleIdentifierLowerCase"="com.peachcommander.app", "CFBundleDevelopmentRegion"="en", "CFBundleDocumentTypes"=( { "CFBundleTypeName"="Peach Commander Plugin Package", "CFBundleTypeRole"="Viewer", "LSHandlerRank"="Owner", "LSItemContentTypes"=( "com.peachcommander.plugin-package") }, { "CFBundleTypeName"="Peach Commander Workspace", "CFBundleTypeRole"="Viewer", "LSHandlerRank"="Owner", "LSItemContentTypes"=( "com.peachcommander.workspace") }), "CFBundleExecutable"="PeachCommander", "CFBundleExecutablePath"="/Users/admin/pc-test/PeachCommander.app/Contents/MacOS/PeachCommander", "CFBundleExecutablePathDeviceID"=16777229, "CFBundleExecutablePathINode"=488189, "CFBundleHelpBookFolder"="PeachCommander.help", "CFBundleHelpBookName"="Peach Commander Help", "CFBundleIconFile"="AppIcon", "CFBundleIconName"="AppIcon", "CFBundleIdentifier"="com.peachcommander.app", "CFBundleInfoDictionaryVersion"="6.0", "CFBundleName"="PeachCo<…>
2026-09-16 18:23:27.458 I  PeachCommander[1127:1c14] [com.apple.AppKit:Window] order all windows front 49835370208
2026-09-16 18:23:27.459 I  PeachCommander[1127:1c14] [com.apple.launchservices:cas] information in shared memory for 0x0-0x27027 with seed 535 was still valid, so using cached info { "ApplicationType"="Foreground", "BuildMachineOSBuild"="25E246", "BundleIdentifierLowerCase"="com.peachcommander.app", "CFBundleDevelopmentRegion"="en", "CFBundleDocumentTypes"=( { "CFBundleTypeName"="Peach Commander Plugin Package", "CFBundleTypeRole"="Viewer", "LSHandlerRank"="Owner", "LSItemContentTypes"=( "com.peachcommander.plugin-package") }, { "CFBundleTypeName"="Peach Commander Workspace", "CFBundleTypeRole"="Viewer", "LSHandlerRank"="Owner", "LSItemContentTypes"=( "com.peachcommander.workspace") }), "CFBundleExecutable"="PeachCommander", "CFBundleExecutablePath"="/Users/admin/pc-test/PeachCommander.app/Contents/MacOS/PeachCommander", "CFBundleExecutablePathDeviceID"=16777229, "CFBundleExecutablePathINode"=488189, "CFBundleHelpBookFolder"="PeachCommander.help", "CFBundleHelpBookName"="Peach Commander Help", "CFBundleIconFile"="AppIcon", "CFBundleIconName"="AppIcon", "CFBundleIdentifier"="com.peachcommander.app", "CFBundleInfoDictionaryVersion"="6.0", "CFBundleName"="PeachCo<…>
2026-09-16 18:23:27.459 I  PeachCommander[1127:1c14] [com.apple.showhide:pr-59900543] SHOWHIDE: CONFIRM, id=8, err=0
2026-09-16 18:23:27.459 I  PeachCommander[1127:1c14] [com.apple.AppKit:Window] context (0 -> bee10841) for window 2b
2026-09-16 18:23:27.459 I  PeachCommander[1127:1c14] [com.apple.AppKit:Window] context (0 -> a2fc0238) for window 2a
2026-09-16 18:23:27.459 I  PeachCommander[1127:1c14] [com.apple.AppKit:Window] context (0 -> 55242e6f) for window 29
2026-09-16 18:23:27.459 I  PeachCommander[1127:1c14] [com.apple.AppKit:Window] context (0 -> 94d7f7e6) for window 28
2026-09-16 18:23:27.523 Df PeachCommander[1127:1c14] [com.apple.AppKit:AutomaticTermination] void _updateToReflectAutomaticTerminationState(void) Setting _kLSApplicationWouldBeTerminatedByTALKey=0
2026-09-16 18:23:27.525 I  PeachCommander[1127:1c14] [com.apple.runningboard:assertion] Acquiring assertion: <RBSAssertionDescriptor| "AppNap adapter assertion" ID:(null) target:1127>
2026-09-16 18:23:27.529 I  PeachCommander[1127:1c14] [com.apple.AppKit:Image] ISImage reported a placeholder, image rep is providing a placeholder image for <private>
2026-09-16 18:23:27.530 I  PeachCommander[1127:1c14] [com.apple.AppKit:Image] ISImage reported a placeholder, image rep is providing a placeholder image for <private>
2026-09-16 18:23:27.530 I  PeachCommander[1127:1c14] [com.apple.AppKit:Image] ISImage reported a placeholder, image rep is providing a placeholder image for <private>
2026-09-16 18:23:27.530 I  PeachCommander[1127:1c14] [com.apple.AppKit:Image] ISImage reported a placeholder, image rep is providing a placeholder image for <private>
2026-09-16 18:23:27.530 I  PeachCommander[1127:1c14] [com.apple.AppKit:Image] ISImage reported a placeholder, image rep is providing a placeholder image for <private>
2026-09-16 18:23:27.530 I  PeachCommander[1127:1c14] [com.apple.AppKit:Image] ISImage reported a placeholder, image rep is providing a placeholder image for <private>
2026-09-16 18:23:27.986 A  PeachCommander[1127:1c8e] (RunningBoardServices) didChangeInheritances
2026-09-16 18:23:28.148 Df PeachCommander[1127:1c14] [com.apple.libsystem.libdispatch:] DEPRECATED USE in libdispatch client: dispatch source activated with no event handler set; set a breakpoint on _dispatch_bug_deprecated to debug
2026-09-16 18:23:28.276 I  PeachCommander[1127:1c14] [com.apple.AppKit:Image] ISImage reported a placeholder, image rep is providing a placeholder image for <private>
2026-09-16 18:23:28.276 I  PeachCommander[1127:1c14] [com.apple.AppKit:Image] ISImage reported a placeholder, image rep is providing a placeholder image for <private>
2026-09-16 18:23:28.276 I  PeachCommander[1127:1c14] [com.apple.AppKit:Image] ISImage reported a placeholder, image rep is providing a placeholder image for <private>
2026-09-16 18:23:28.294 I  PeachCommander[1127:1c14] [com.apple.AppKit:Image] ISImage reported a placeholder, image rep is providing a placeholder image for <private>
2026-09-16 18:23:28.294 I  PeachCommander[1127:1c14] [com.apple.AppKit:Image] ISImage reported a placeholder, image rep is providing a placeholder image for <private>
2026-09-16 18:23:28.297 I  PeachCommander[1127:1c14] [com.apple.AppKit:Image] ISImage reported a placeholder, image rep is providing a placeholder image for <private>
2026-09-16 18:23:28.297 I  PeachCommander[1127:1c14] [com.apple.AppKit:Image] ISImage reported a placeholder, image rep is providing a placeholder image for <private>
2026-09-16 18:23:28.329 I  PeachCommander[1127:1c14] [com.apple.CarbonCore:gestalt] SetGestaltValuesBulk SetGestaltValuesBulk( count=22 tuples=0x185256650
2026-09-16 18:23:28.329 I  PeachCommander[1127:1c14] [com.apple.CarbonCore:gestalt] SetGestaltValue SetGestaltValue(alis 1C9) => 0
2026-09-16 18:23:28.329 I  PeachCommander[1127:1c14] [com.apple.CarbonCore:gestalt] SetGestaltValue SetGestaltValue(os   FE) => 0
2026-09-16 18:23:28.329 I  PeachCommander[1127:1c14] [com.apple.CarbonCore:gestalt] SetGestaltValue SetGestaltValue(addr 7) => 0
2026-09-16 18:23:28.329 I  PeachCommander[1127:1c14] [com.apple.CarbonCore:gestalt] SetGestaltValue SetGestaltValue(fs   3D332) => 0
2026-09-16 18:23:28.329 I  PeachCommander[1127:1c14] [com.apple.CarbonCore:gestalt] SetGestaltValue SetGestaltValue(fold 11) => 0
2026-09-16 18:23:28.329 I  PeachCommander[1127:1c14] [com.apple.CarbonCore:gestalt] SetGestaltValue SetGestaltValue(lram 7FFFF000) => 0
2026-09-16 18:23:28.329 I  PeachCommander[1127:1c14] [com.apple.CarbonCore:gestalt] SetGestaltValue SetGestaltValue(mmap 1) => 0
2026-09-16 18:23:28.329 I  PeachCommander[1127:1c14] [com.apple.CarbonCore:gestalt] SetGestaltValue SetGestaltValue(cfrg 1) => 0
2026-09-16 18:23:28.329 I  PeachCommander[1127:1c14] [com.apple.CarbonCore:gestalt] SetGestaltValue SetGestaltValue(thds 7) => 0
2026-09-16 18:23:28.329 I  PeachCommander[1127:1c14] [com.apple.CarbonCore:gestalt] SetGestaltValue SetGestaltValue(tmgr E) => 0
2026-09-16 18:23:28.329 I  PeachCommander[1127:1c14] [com.apple.CarbonCore:gestalt] SetGestaltValue SetGestaltValue(vers 7) => 0
2026-09-16 18:23:28.329 I  PeachCommander[1127:1c14] [com.apple.CarbonCore:gestalt] SetGestaltValue SetGestaltValue(cbon 160) => 0
2026-09-16 18:23:28.329 I  PeachCommander[1127:1c14] [com.apple.CarbonCore:gestalt] SetGestaltValue SetGestaltValue(cltn 1108000) => 0
2026-09-16 18:23:28.329 I  PeachCommander[1127:1c14] [com.apple.CarbonCore:gestalt] SetGestaltValue SetGestaltValue(cpnt 8) => 0
2026-09-16 18:23:28.329 I  PeachCommander[1127:1c14] [com.apple.CarbonCore:gestalt] SetGestaltValue SetGestaltValue(rsrc 3) => 0
2026-09-16 18:23:28.329 I  PeachCommander[1127:1c14] [com.apple.CarbonCore:gestalt] SetGestaltValue SetGestaltValue(rmbg 11F) => 0
2026-09-16 18:23:28.329 I  PeachCommander[1127:1c14] [com.apple.CarbonCore:gestalt] SetGestaltValue SetGestaltValue(vm   11) => 0
2026-09-16 18:23:28.329 I  PeachCommander[1127:1c14] [com.apple.CarbonCore:gestalt] SetGestaltValue SetGestaltValue(srad 4170706C) => 0
2026-09-16 18:23:28.329 I  PeachCommander[1127:1c14] [com.apple.CarbonCore:gestalt] SetGestaltValue SetGestaltValue(sysa 14) => 0
2026-09-16 18:23:28.329 I  PeachCommander[1127:1c14] [com.apple.CarbonCore:gestalt] SetGestaltValue SetGestaltValue(copl 9) => 0
2026-09-16 18:23:28.329 I  PeachCommander[1127:1c14] [com.apple.CarbonCore:gestalt] SetGestaltValue SetGestaltValue(xlat 0) => 0
2026-09-16 18:23:28.329 I  PeachCommander[1127:1c14] [com.apple.CarbonCore:gestalt] SetGestaltValue SetGestaltValue(stdf 0) => 0
2026-09-16 18:23:28.329 I  PeachCommander[1127:1c14] [com.apple.CarbonCore:gestalt] _NewGestalt _NewGestalt(ram  0x1851cf644) => 0
2026-09-16 18:23:28.329 I  PeachCommander[1127:1c14] [com.apple.CarbonCore:gestalt] _NewGestalt _NewGestalt(ramm 0x1851cf644) => 0
2026-09-16 18:23:28.329 I  PeachCommander[1127:1c14] [com.apple.CarbonCore:gestalt] _NewGestalt _NewGestalt(cput 0x1851cf734) => 0
2026-09-16 18:23:28.329 I  PeachCommander[1127:1c14] [com.apple.CarbonCore:gestalt] _NewGestalt _NewGestalt(cpuf 0x1851cf764) => 0
2026-09-16 18:23:28.329 I  PeachCommander[1127:1c14] [com.apple.CarbonCore:gestalt] _NewGestalt _NewGestalt(bclk 0x1851cf794) => 0
2026-09-16 18:23:28.329 I  PeachCommander[1127:1c14] [com.apple.CarbonCore:gestalt] _NewGestalt _NewGestalt(bclm 0x1851cf794) => 0
2026-09-16 18:23:28.329 I  PeachCommander[1127:1c14] [com.apple.CarbonCore:gestalt] _NewGestalt _NewGestalt(pclk 0x1851cf834) => 0
2026-09-16 18:23:28.329 I  PeachCommander[1127:1c14] [com.apple.CarbonCore:gestalt] _NewGestalt _NewGestalt(mclk 0x1851cf834) => 0
2026-09-16 18:23:28.329 I  PeachCommander[1127:1c14] [com.apple.CarbonCore:gestalt] _NewGestalt _NewGestalt(a/ux 0x1851cf94c) => 0
2026-09-16 18:23:28.329 I  PeachCommander[1127:1c14] [com.apple.CarbonCore:gestalt] _NewGestalt _NewGestalt(pgsz 0x1851cf954) => 0
2026-09-16 18:23:28.329 I  PeachCommander[1127:1c14] [com.apple.CarbonCore:gestalt] _NewGestalt _NewGestalt(csiz 0x1851cf994) => 0
2026-09-16 18:23:28.329 I  PeachCommander[1127:1c14] [com.apple.CarbonCore:gestalt] _NewGestalt _NewGestalt(sysv 0x18517adfc) => 0
2026-09-16 18:23:28.329 I  PeachCommander[1127:1c14] [com.apple.CarbonCore:gestalt] _NewGestalt _NewGestalt(sys1 0x18517adfc) => 0
2026-09-16 18:23:28.329 I  PeachCommander[1127:1c14] [com.apple.CarbonCore:gestalt] _NewGestalt _NewGestalt(sys2 0x18517adfc) => 0
2026-09-16 18:23:28.329 I  PeachCommander[1127:1c14] [com.apple.CarbonCore:gestalt] _NewGestalt _NewGestalt(sys3 0x18517adfc) => 0
2026-09-16 18:23:28.329 I  PeachCommander[1127:1c14] [com.apple.CarbonCore:gestalt] _NewGestalt _NewGestalt(cdfl 0x1851cf9d4) => 0
2026-09-16 18:23:28.329 I  PeachCommander[1127:1c14] [com.apple.CarbonCore:gestalt] _NewGestalt _NewGestalt(cdrm 0x1851cfc30) => 0
2026-09-16 18:23:28.329 I  PeachCommander[1127:1c14] [com.apple.CarbonCore:gestalt] _NewGestalt _NewGestalt(cpus 0x1851cfc78) => 0
2026-09-16 18:23:28.329 I  PeachCommander[1127:1c14] [com.apple.CarbonCore:gestalt] SetGestaltValue SetGestaltValue(swex 1) => 0
2026-09-16 18:23:28.329 Df PeachCommander[1127:1c14] [com.apple.xpc:connection] [0x8819e8c80] activating connection: mach=false listener=false peer=false name=com.apple.hiservices-xpcservice
2026-09-16 18:23:28.330 I  PeachCommander[1127:1c14] [com.apple.CFPasteboard:entry] CopyData('ApplePerContextInputPasteboard' (<CFUUID 0x87f862580> 01282B0B-CB6A-461D-87D1-9992CA86E73C) gen: -1 item: 1264739405 flavor: 'ApplePerContextInputFlavor')
2026-09-16 18:23:28.330 I  PeachCommander[1127:1c14] [com.apple.CFPasteboard:cache] Rebuilding cache for 'ApplePerContextInputPasteboard' (<CFUUID 0x87f862580> 01282B0B-CB6A-461D-87D1-9992CA86E73C)
2026-09-16 18:23:28.330 I  PeachCommander[1127:1c14] [com.apple.CFPasteboard:general] Will request data from daemon
2026-09-16 18:23:28.330 I  PeachCommander[1127:1c14] [com.apple.CFPasteboard:exit] (not-in-cache) - result: 0 generation: 1 data (182 bytes) flags: 0
2026-09-16 18:23:28.330 I  PeachCommander[1127:1c14] [com.apple.CFPasteboard:entry] CopyData('DefaultAsciiKeyboardLayoutPasteboard' (<CFUUID 0x880d9bd60> B8D61FA7-A78C-40BF-B4EB-4E45D59B0573) gen: -1 item: 1264739405 flavor: 'DefaultAsciiKeyboardLayoutFlavor')
2026-09-16 18:23:28.330 I  PeachCommander[1127:1c14] [com.apple.CFPasteboard:exit] (not-in-cache) - result: -8 generation: 0 null data flags: 0
2026-09-16 18:23:28.332 I  PeachCommander[1127:1cfe] [com.apple.AppKit:WindowTab] Indexing 1 items
2026-09-16 18:23:28.332 A  PeachCommander[1127:1cfe] (CoreSpotlight) end-index-batch
2026-09-16 18:23:28.332 Df PeachCommander[1127:1cfe] [com.apple.corespotlight:index] *warn* MailCS ======%%% _setMailMessageAttributes skip:1
2026-09-16 18:23:28.332 A  PeachCommander[1127:1cfe] (CoreSpotlight) index-items
2026-09-16 18:23:28.332 Df PeachCommander[1127:1d10] [com.apple.corespotlight:index] CSInlineDonation:<private>: Skipping donation (feature flag disabled)
2026-09-16 18:23:28.333 Df PeachCommander[1127:1d12] [com.apple.corespotlight:index] CSInlineDonation:<private>: Skipping donation (feature flag disabled)
2026-09-16 18:23:28.374 A  PeachCommander[1127:1d12] (CoreFoundation) Loading Preferences From System CFPrefsD
2026-09-16 18:23:28.390 I  PeachCommander[1127:1c14] [com.apple.AppKit:Image] ISImage reported a placeholder, image rep is providing a placeholder image for <private>
2026-09-16 18:23:28.390 I  PeachCommander[1127:1c14] [com.apple.AppKit:Image] ISImage reported a placeholder, image rep is providing a placeholder image for <private>
2026-09-16 18:23:28.396 I  PeachCommander[1127:1c14] [com.apple.AppKit:Image] ISImage reported a placeholder, image rep is providing a placeholder image for <private>
2026-09-16 18:23:28.396 I  PeachCommander[1127:1c14] [com.apple.AppKit:Image] ISImage reported a placeholder, image rep is providing a placeholder image for <private>
2026-09-16 18:23:28.401 I  PeachCommander[1127:1c14] [com.apple.AppKit:Image] ISImage reported a placeholder, image rep is providing a placeholder image for <private>
2026-09-16 18:23:28.401 I  PeachCommander[1127:1c14] [com.apple.AppKit:Image] ISImage reported a placeholder, image rep is providing a placeholder image for <private>
2026-09-16 18:23:28.403 I  PeachCommander[1127:1c14] [com.apple.AppKit:Image] ISImage reported a placeholder, image rep is providing a placeholder image for <private>
2026-09-16 18:23:28.403 I  PeachCommander[1127:1c14] [com.apple.AppKit:Image] ISImage reported a placeholder, image rep is providing a placeholder image for <private>
2026-09-16 18:23:28.405 I  PeachCommander[1127:1c14] [com.apple.AppKit:Image] ISImage reported a placeholder, image rep is providing a placeholder image for <private>
2026-09-16 18:23:28.405 I  PeachCommander[1127:1c14] [com.apple.AppKit:Image] ISImage reported a placeholder, image rep is providing a placeholder image for <private>
2026-09-16 18:23:28.408 I  PeachCommander[1127:1c14] [com.apple.AppKit:Image] ISImage reported a placeholder, image rep is providing a placeholder image for <private>
2026-09-16 18:23:28.408 I  PeachCommander[1127:1c14] [com.apple.AppKit:Image] ISImage reported a placeholder, image rep is providing a placeholder image for <private>
2026-09-16 18:23:28.410 I  PeachCommander[1127:1c14] [com.apple.AppKit:Image] ISImage reported a placeholder, image rep is providing a placeholder image for <private>
2026-09-16 18:23:28.410 I  PeachCommander[1127:1c14] [com.apple.AppKit:Image] ISImage reported a placeholder, image rep is providing a placeholder image for <private>
2026-09-16 18:23:28.413 I  PeachCommander[1127:1c14] [com.apple.AppKit:Image] ISImage reported a placeholder, image rep is providing a placeholder image for <private>
2026-09-16 18:23:28.413 I  PeachCommander[1127:1c14] [com.apple.AppKit:Image] ISImage reported a placeholder, image rep is providing a placeholder image for <private>
2026-09-16 18:23:28.416 I  PeachCommander[1127:1c14] [com.apple.AppKit:Image] ISImage reported a placeholder, image rep is providing a placeholder image for <private>
2026-09-16 18:23:28.416 I  PeachCommander[1127:1c14] [com.apple.AppKit:Image] ISImage reported a placeholder, image rep is providing a placeholder image for <private>
2026-09-16 18:23:28.418 I  PeachCommander[1127:1c14] [com.apple.AppKit:Image] ISImage reported a placeholder, image rep is providing a placeholder image for <private>
2026-09-16 18:23:28.418 I  PeachCommander[1127:1c14] [com.apple.AppKit:Image] ISImage reported a placeholder, image rep is providing a placeholder image for <private>
2026-09-16 18:23:28.421 I  PeachCommander[1127:1c14] [com.apple.AppKit:Image] ISImage reported a placeholder, image rep is providing a placeholder image for <private>
2026-09-16 18:23:28.421 I  PeachCommander[1127:1c14] [com.apple.AppKit:Image] ISImage reported a placeholder, image rep is providing a placeholder image for <private>
2026-09-16 18:23:28.424 I  PeachCommander[1127:1c14] [com.apple.AppKit:Image] ISImage reported a placeholder, image rep is providing a placeholder image for <private>
2026-09-16 18:23:28.424 I  PeachCommander[1127:1c14] [com.apple.AppKit:Image] ISImage reported a placeholder, image rep is providing a placeholder image for <private>
2026-09-16 18:23:28.426 I  PeachCommander[1127:1c14] [com.apple.AppKit:Image] ISImage reported a placeholder, image rep is providing a placeholder image for <private>
2026-09-16 18:23:28.426 I  PeachCommander[1127:1c14] [com.apple.AppKit:Image] ISImage reported a placeholder, image rep is providing a placeholder image for <private>
2026-09-16 18:23:28.429 I  PeachCommander[1127:1c14] [com.apple.AppKit:Image] ISImage reported a placeholder, image rep is providing a placeholder image for <private>
2026-09-16 18:23:28.429 I  PeachCommander[1127:1c14] [com.apple.AppKit:Image] ISImage reported a placeholder, image rep is providing a placeholder image for <private>
2026-09-16 18:23:28.431 I  PeachCommander[1127:1c14] [com.apple.AppKit:Image] ISImage reported a placeholder, image rep is providing a placeholder image for <private>
2026-09-16 18:23:28.431 I  PeachCommander[1127:1c14] [com.apple.AppKit:Image] ISImage reported a placeholder, image rep is providing a placeholder image for <private>
2026-09-16 18:23:28.433 I  PeachCommander[1127:1c14] [com.apple.AppKit:Image] ISImage reported a placeholder, image rep is providing a placeholder image for <private>
2026-09-16 18:23:28.433 I  PeachCommander[1127:1c14] [com.apple.AppKit:Image] ISImage reported a placeholder, image rep is providing a placeholder image for <private>
2026-09-16 18:23:28.436 I  PeachCommander[1127:1c14] [com.apple.AppKit:Image] ISImage reported a placeholder, image rep is providing a placeholder image for <private>
2026-09-16 18:23:28.436 I  PeachCommander[1127:1c14] [com.apple.AppKit:Image] ISImage reported a placeholder, image rep is providing a placeholder image for <private>
2026-09-16 18:23:28.439 I  PeachCommander[1127:1c14] [com.apple.AppKit:Image] ISImage reported a placeholder, image rep is providing a placeholder image for <private>
2026-09-16 18:23:28.439 I  PeachCommander[1127:1c14] [com.apple.AppKit:Image] ISImage reported a placeholder, image rep is providing a placeholder image for <private>
2026-09-16 18:23:28.442 I  PeachCommander[1127:1c14] [com.apple.AppKit:Image] ISImage reported a placeholder, image rep is providing a placeholder image for <private>
2026-09-16 18:23:28.442 I  PeachCommander[1127:1c14] [com.apple.AppKit:Image] ISImage reported a placeholder, image rep is providing a placeholder image for <private>
2026-09-16 18:23:28.445 I  PeachCommander[1127:1c14] [com.apple.AppKit:Image] ISImage reported a placeholder, image rep is providing a placeholder image for <private>
2026-09-16 18:23:28.445 I  PeachCommander[1127:1c14] [com.apple.AppKit:Image] ISImage reported a placeholder, image rep is providing a placeholder image for <private>
2026-09-16 18:23:28.447 I  PeachCommander[1127:1c14] [com.apple.AppKit:Image] ISImage reported a placeholder, image rep is providing a placeholder image for <private>
2026-09-16 18:23:28.447 I  PeachCommander[1127:1c14] [com.apple.AppKit:Image] ISImage reported a placeholder, image rep is providing a placeholder image for <private>
2026-09-16 18:23:28.449 I  PeachCommander[1127:1c14] [com.apple.AppKit:Image] ISImage reported a placeholder, image rep is providing a placeholder image for <private>
2026-09-16 18:23:28.449 I  PeachCommander[1127:1c14] [com.apple.AppKit:Image] ISImage reported a placeholder, image rep is providing a placeholder image for <private>
2026-09-16 18:23:28.452 I  PeachCommander[1127:1c14] [com.apple.AppKit:Image] ISImage reported a placeholder, image rep is providing a placeholder image for <private>
2026-09-16 18:23:28.453 I  PeachCommander[1127:1c14] [com.apple.AppKit:Image] ISImage reported a placeholder, image rep is providing a placeholder image for <private>
2026-09-16 18:23:28.458 I  PeachCommander[1127:1c14] [com.apple.AppKit:Image] ISImage reported a placeholder, image rep is providing a placeholder image for <private>
2026-09-16 18:23:28.458 I  PeachCommander[1127:1c14] [com.apple.AppKit:Image] ISImage reported a placeholder, image rep is providing a placeholder image for <private>
2026-09-16 18:23:30.609 I  PeachCommander[1127:1c33] [com.apple.iconservices:foundation] layer data size zero
2026-09-16 18:23:30.680 I  PeachCommander[1127:1c34] [com.apple.iconservices:foundation] layer data size zero
2026-09-16 18:23:30.757 I  PeachCommander[1127:1c41] [com.apple.iconservices:foundation] layer data size zero
2026-09-16 18:23:30.797 Df PeachCommander[1127:1d5d] [com.apple.UIIntelligenceSupport:xpc] Received agent launch notification with agent PID: 1187
2026-09-16 18:23:30.806 Df PeachCommander[1127:1d5d] [com.apple.UIIntelligenceSupport:xpc] Connection established with agent PID: 1187
2026-09-16 18:23:30.832 I  PeachCommander[1127:1c3e] [com.apple.iconservices:foundation] layer data size zero
2026-09-16 18:23:30.902 I  PeachCommander[1127:1c81] [com.apple.iconservices:foundation] layer data size zero
2026-09-16 18:23:30.974 I  PeachCommander[1127:1c82] [com.apple.iconservices:foundation] layer data size zero
2026-09-16 18:23:31.038 I  PeachCommander[1127:1c8c] [com.apple.iconservices:foundation] layer data size zero
2026-09-16 18:23:31.115 I  PeachCommander[1127:1c8b] [com.apple.iconservices:foundation] layer data size zero
2026-09-16 18:23:31.116 I  PeachCommander[1127:1c84] [com.apple.iconservices:foundation] layer data size zero
2026-09-16 18:23:31.116 I  PeachCommander[1127:1c8d] [com.apple.iconservices:foundation] layer data size zero
2026-09-16 18:23:31.116 I  PeachCommander[1127:1c8a] [com.apple.iconservices:foundation] layer data size zero
2026-09-16 18:23:31.116 I  PeachCommander[1127:1c8e] [com.apple.iconservices:foundation] layer data size zero
2026-09-16 18:23:31.116 I  PeachCommander[1127:1c83] [com.apple.iconservices:foundation] layer data size zero
2026-09-16 18:23:31.116 I  PeachCommander[1127:1d12] [com.apple.iconservices:foundation] layer data size zero
2026-09-16 18:23:31.118 I  PeachCommander[1127:1d10] [com.apple.iconservices:foundation] layer data size zero
2026-09-16 18:23:31.118 I  PeachCommander[1127:1d2a] [com.apple.iconservices:foundation] layer data size zero
2026-09-16 18:23:31.118 I  PeachCommander[1127:1d2b] [com.apple.iconservices:foundation] layer data size zero
2026-09-16 18:23:31.119 I  PeachCommander[1127:1d2c] [com.apple.iconservices:foundation] layer data size zero
2026-09-16 18:23:31.120 I  PeachCommander[1127:1d2d] [com.apple.iconservices:foundation] layer data size zero
2026-09-16 18:23:31.120 I  PeachCommander[1127:1cfe] [com.apple.iconservices:foundation] layer data size zero
2026-09-16 18:23:31.120 I  PeachCommander[1127:1d2e] [com.apple.iconservices:foundation] layer data size zero
2026-09-16 18:23:31.120 I  PeachCommander[1127:1d2f] [com.apple.iconservices:foundation] layer data size zero
2026-09-16 18:23:31.121 I  PeachCommander[1127:1d30] [com.apple.iconservices:foundation] layer data size zero
2026-09-16 18:23:31.122 I  PeachCommander[1127:1d32] [com.apple.iconservices:foundation] layer data size zero
2026-09-16 18:23:31.122 I  PeachCommander[1127:1d33] [com.apple.iconservices:foundation] layer data size zero
2026-09-16 18:23:31.122 I  PeachCommander[1127:1d34] [com.apple.iconservices:foundation] layer data size zero
2026-09-16 18:23:31.123 I  PeachCommander[1127:1d35] [com.apple.iconservices:foundation] layer data size zero
2026-09-16 18:23:31.123 I  PeachCommander[1127:1d36] [com.apple.iconservices:foundation] layer data size zero
2026-09-16 18:23:31.124 I  PeachCommander[1127:1d37] [com.apple.iconservices:foundation] layer data size zero
2026-09-16 18:23:31.124 I  PeachCommander[1127:1d38] [com.apple.iconservices:foundation] layer data size zero
2026-09-16 18:23:31.125 I  PeachCommander[1127:1d39] [com.apple.iconservices:foundation] layer data size zero
2026-09-16 18:23:31.125 I  PeachCommander[1127:1d3a] [com.apple.iconservices:foundation] layer data size zero
2026-09-16 18:23:31.126 I  PeachCommander[1127:1d3c] [com.apple.iconservices:foundation] layer data size zero
2026-09-16 18:23:31.126 I  PeachCommander[1127:1d3d] [com.apple.iconservices:foundation] layer data size zero
2026-09-16 18:23:31.127 I  PeachCommander[1127:1d3e] [com.apple.iconservices:foundation] layer data size zero
2026-09-16 18:23:31.127 I  PeachCommander[1127:1d3f] [com.apple.iconservices:foundation] layer data size zero
2026-09-16 18:23:31.128 I  PeachCommander[1127:1d40] [com.apple.iconservices:foundation] layer data size zero
2026-09-16 18:23:31.129 I  PeachCommander[1127:1d42] [com.apple.iconservices:foundation] layer data size zero
2026-09-16 18:23:31.129 I  PeachCommander[1127:1d41] [com.apple.iconservices:foundation] layer data size zero
2026-09-16 18:23:31.129 I  PeachCommander[1127:1d43] [com.apple.iconservices:foundation] layer data size zero
2026-09-16 18:23:31.129 I  PeachCommander[1127:1d44] [com.apple.iconservices:foundation] layer data size zero
2026-09-16 18:23:31.129 I  PeachCommander[1127:1d45] [com.apple.iconservices:foundation] layer data size zero
2026-09-16 18:23:31.129 I  PeachCommander[1127:1d46] [com.apple.iconservices:foundation] layer data size zero
2026-09-16 18:23:31.129 I  PeachCommander[1127:1d47] [com.apple.iconservices:foundation] layer data size zero
2026-09-16 18:23:31.129 I  PeachCommander[1127:1c14] [com.apple.iconservices:foundation] layer data size zero
2026-09-16 18:23:31.130 I  PeachCommander[1127:1d48] [com.apple.iconservices:foundation] layer data size zero
2026-09-16 18:23:31.130 I  PeachCommander[1127:1d4a] [com.apple.iconservices:foundation] layer data size zero
2026-09-16 18:23:31.130 I  PeachCommander[1127:1d49] [com.apple.iconservices:foundation] layer data size zero
2026-09-16 18:23:31.131 I  PeachCommander[1127:1d4b] [com.apple.iconservices:foundation] layer data size zero
2026-09-16 18:23:31.131 I  PeachCommander[1127:1d4d] [com.apple.iconservices:foundation] layer data size zero
2026-09-16 18:23:31.131 I  PeachCommander[1127:1d4c] [com.apple.iconservices:foundation] layer data size zero
2026-09-16 18:23:31.131 I  PeachCommander[1127:1d4e] [com.apple.iconservices:foundation] layer data size zero
2026-09-16 18:23:31.131 I  PeachCommander[1127:1d4f] [com.apple.iconservices:foundation] layer data size zero
2026-09-16 18:23:31.131 I  PeachCommander[1127:1d50] [com.apple.iconservices:foundation] layer data size zero
2026-09-16 18:23:31.131 I  PeachCommander[1127:1d51] [com.apple.iconservices:foundation] layer data size zero
2026-09-16 18:23:31.132 I  PeachCommander[1127:1d52] [com.apple.iconservices:foundation] layer data size zero
2026-09-16 18:23:31.132 I  PeachCommander[1127:1d53] [com.apple.iconservices:foundation] layer data size zero
2026-09-16 18:23:31.132 I  PeachCommander[1127:1d55] [com.apple.iconservices:foundation] layer data size zero
2026-09-16 18:23:31.133 I  PeachCommander[1127:1d56] [com.apple.iconservices:foundation] layer data size zero
2026-09-16 18:23:31.133 I  PeachCommander[1127:1d54] [com.apple.iconservices:foundation] layer data size zero
2026-09-16 18:23:31.133 I  PeachCommander[1127:1d57] [com.apple.iconservices:foundation] layer data size zero
2026-09-16 18:23:31.133 I  PeachCommander[1127:1d58] [com.apple.iconservices:foundation] layer data size zero
2026-09-16 18:23:31.134 I  PeachCommander[1127:1d59] [com.apple.iconservices:foundation] layer data size zero
2026-09-16 18:23:31.134 I  PeachCommander[1127:1d5b] [com.apple.iconservices:foundation] layer data size zero
2026-09-16 18:23:31.134 I  PeachCommander[1127:1d5a] [com.apple.iconservices:foundation] layer data size zero
2026-09-16 18:23:31.136 I  PeachCommander[1127:1c33] [com.apple.iconservices:foundation] layer data size zero
2026-09-16 18:23:31.136 I  PeachCommander[1127:1c34] [com.apple.iconservices:foundation] layer data size zero
2026-09-16 18:23:31.154 A  PeachCommander[1127:1c14] (CoreFoundation) Loading Preferences From User CFPrefsD
2026-09-16 18:23:31.154 I  PeachCommander[1127:1c14] [com.apple.CoreAnalytics:client] Dropping "com.apple.ImageIO.readerSelection" as it isn't used in any transform (not in the config or budgeted?)
2026-09-16 18:23:31.191 I  PeachCommander[1127:1c14] [com.apple.coreanimation:Utilities] IOSurface Compression Enabled: NO
2026-09-16 18:23:31.193 Df PeachCommander[1127:1c41] [com.apple.coreanimation:Metal] Precompiled pipelines disabled on unsupported hardware.
2026-09-16 18:23:31.194 E  PeachCommander[1127:1c41] (libCoreFSCache.dylib) fopen failed for data file: errno = 2 (No such file or directory)
2026-09-16 18:23:31.194 Df PeachCommander[1127:1c41] (libCoreFSCache.dylib) Invalidating cache
2026-09-16 18:23:31.194 Df PeachCommander[1127:1c41] [com.apple.xpc:connection] [0x88155fac0] activating connection: mach=false listener=false peer=false name=com.apple.MTLCompilerService
2026-09-16 18:23:31.195 Df PeachCommander[1127:1c41] [com.apple.xpc:connection] [0x88155fd40] activating connection: mach=false listener=false peer=false name=com.apple.MTLCompilerService
2026-09-16 18:23:31.195 A  PeachCommander[1127:1d3c] (Metal) Metal Compiling Shader
2026-09-16 18:23:31.224 A  PeachCommander[1127:1d37] (Metal) Metal Compiling Shader
2026-09-16 18:23:31.226 E  PeachCommander[1127:1c41] (libCoreFSCache.dylib) fopen failed for data file: errno = 2 (No such file or directory)
2026-09-16 18:23:31.226 Df PeachCommander[1127:1c41] (libCoreFSCache.dylib) Invalidating cache
2026-09-16 18:23:31.226 A  PeachCommander[1127:1d3c] (Metal) Metal Compiling Shader
2026-09-16 18:23:31.232 A  PeachCommander[1127:1d3c] (Metal) Metal Compiling Shader
2026-09-16 18:23:31.234 A  PeachCommander[1127:1d3c] (Metal) Metal Compiling Shader
2026-09-16 18:23:31.234 A  PeachCommander[1127:1c34] (Metal) Metal Compiling Shader
2026-09-16 18:23:31.264 A  PeachCommander[1127:1c33] (Metal) Metal Compiling Shader
2026-09-16 18:23:31.269 A  PeachCommander[1127:1c34] (Metal) Metal Compiling Shader
2026-09-16 18:23:31.271 A  PeachCommander[1127:1c34] (Metal) Metal Compiling Shader
2026-09-16 18:23:31.279 I  PeachCommander[1127:1c14] [com.apple.HIToolbox:MBDisplays] <private>
2026-09-16 18:23:31.279 I  PeachCommander[1127:1c14] [com.apple.HIToolbox:MBDisplays] <private>
2026-09-16 18:23:31.279 Df PeachCommander[1127:1c14] [com.apple.AppKit:Screen] NSApplication._react(to:) dock
2026-09-16 18:23:31.279 Df PeachCommander[1127:1c14] [com.apple.AppKit:Screen] NSApplication._react(to:) reactions=83
2026-09-16 18:23:31.302 A  PeachCommander[1127:1c33] (Metal) Metal Compiling Shader
2026-09-16 18:23:31.306 A  PeachCommander[1127:1d3c] (Metal) Metal Compiling Shader
2026-09-16 18:23:31.306 I  PeachCommander[1127:1c14] [com.apple.AppKit:Image] ISImage reported a placeholder, image rep is providing a placeholder image for <private>
2026-09-16 18:23:31.308 I  PeachCommander[1127:1c14] [com.apple.AppKit:Image] ISImage reported a placeholder, image rep is providing a placeholder image for <private>
2026-09-16 18:23:31.309 I  PeachCommander[1127:1c14] [com.apple.AppKit:Image] ISImage reported a placeholder, image rep is providing a placeholder image for <private>
2026-09-16 18:23:31.310 I  PeachCommander[1127:1c14] [com.apple.AppKit:Image] ISImage reported a placeholder, image rep is providing a placeholder image for <private>
2026-09-16 18:23:31.312 I  PeachCommander[1127:1c14] [com.apple.AppKit:Image] ISImage reported a placeholder, image rep is providing a placeholder image for <private>
2026-09-16 18:23:31.313 I  PeachCommander[1127:1c14] [com.apple.AppKit:Image] ISImage reported a placeholder, image rep is providing a placeholder image for <private>
2026-09-16 18:23:31.315 I  PeachCommander[1127:1c14] [com.apple.AppKit:Image] ISImage reported a placeholder, image rep is providing a placeholder image for <private>
2026-09-16 18:23:31.315 I  PeachCommander[1127:1c14] [com.apple.AppKit:Image] ISImage reported a placeholder, image rep is providing a placeholder image for <private>
2026-09-16 18:23:31.316 I  PeachCommander[1127:1c14] [com.apple.AppKit:Image] ISImage reported a placeholder, image rep is providing a placeholder image for <private>
2026-09-16 18:23:31.317 I  PeachCommander[1127:1c14] [com.apple.AppKit:Image] ISImage reported a placeholder, image rep is providing a placeholder image for <private>
2026-09-16 18:23:31.318 I  PeachCommander[1127:1c14] [com.apple.AppKit:Image] ISImage reported a placeholder, image rep is providing a placeholder image for <private>
2026-09-16 18:23:31.319 I  PeachCommander[1127:1c14] [com.apple.AppKit:Image] ISImage reported a placeholder, image rep is providing a placeholder image for <private>
2026-09-16 18:23:31.320 I  PeachCommander[1127:1c14] [com.apple.AppKit:Image] ISImage reported a placeholder, image rep is providing a placeholder image for <private>
2026-09-16 18:23:31.321 I  PeachCommander[1127:1c14] [com.apple.AppKit:Image] ISImage reported a placeholder, image rep is providing a placeholder image for <private>
2026-09-16 18:23:31.322 I  PeachCommander[1127:1c14] [com.apple.AppKit:Image] ISImage reported a placeholder, image rep is providing a placeholder image for <private>
2026-09-16 18:23:31.324 I  PeachCommander[1127:1c14] [com.apple.AppKit:Image] ISImage reported a placeholder, image rep is providing a placeholder image for <private>
2026-09-16 18:23:31.325 I  PeachCommander[1127:1c14] [com.apple.AppKit:Image] ISImage reported a placeholder, image rep is providing a placeholder image for <private>
2026-09-16 18:23:31.326 I  PeachCommander[1127:1c14] [com.apple.AppKit:Image] ISImage reported a placeholder, image rep is providing a placeholder image for <private>
2026-09-16 18:23:31.327 I  PeachCommander[1127:1c14] [com.apple.AppKit:Image] ISImage reported a placeholder, image rep is providing a placeholder image for <private>
2026-09-16 18:23:31.328 I  PeachCommander[1127:1c14] [com.apple.AppKit:Image] ISImage reported a placeholder, image rep is providing a placeholder image for <private>
2026-09-16 18:23:31.328 I  PeachCommander[1127:1c14] [com.apple.AppKit:Image] ISImage reported a placeholder, image rep is providing a placeholder image for <private>
2026-09-16 18:23:31.329 I  PeachCommander[1127:1c14] [com.apple.AppKit:Image] ISImage reported a placeholder, image rep is providing a placeholder image for <private>
2026-09-16 18:23:31.330 I  PeachCommander[1127:1c14] [com.apple.AppKit:Image] ISImage reported a placeholder, image rep is providing a placeholder image for <private>
2026-09-16 18:23:31.331 I  PeachCommander[1127:1c14] [com.apple.AppKit:Image] ISImage reported a placeholder, image rep is providing a placeholder image for <private>
2026-09-16 18:23:31.332 I  PeachCommander[1127:1c14] [com.apple.AppKit:Image] ISImage reported a placeholder, image rep is providing a placeholder image for <private>
2026-09-16 18:23:31.332 I  PeachCommander[1127:1c14] [com.apple.AppKit:Image] ISImage reported a placeholder, image rep is providing a placeholder image for <private>
2026-09-16 18:23:31.332 I  PeachCommander[1127:1c14] [com.apple.AppKit:Image] ISImage reported a placeholder, image rep is providing a placeholder image for <private>
2026-09-16 18:23:31.332 A  PeachCommander[1127:1d2d] (Metal) Metal Compiling Shader
2026-09-16 18:23:31.332 A  PeachCommander[1127:1c34] (libsystem_info.dylib) Retrieve Group by ID
2026-09-16 18:23:31.333 I  PeachCommander[1127:1c14] [com.apple.AppKit:Image] ISImage reported a placeholder, image rep is providing a placeholder image for <private>
2026-09-16 18:23:31.333 I  PeachCommander[1127:1c14] [com.apple.AppKit:Image] ISImage reported a placeholder, image rep is providing a placeholder image for <private>
2026-09-16 18:23:31.336 I  PeachCommander[1127:1c14] [com.apple.AppKit:Image] ISImage reported a placeholder, image rep is providing a placeholder image for <private>
2026-09-16 18:23:31.336 I  PeachCommander[1127:1c14] [com.apple.AppKit:Image] ISImage reported a placeholder, image rep is providing a placeholder image for <private>
2026-09-16 18:23:31.338 I  PeachCommander[1127:1c14] [com.apple.AppKit:Image] ISImage reported a placeholder, image rep is providing a placeholder image for <private>
2026-09-16 18:23:31.338 I  PeachCommander[1127:1c14] [com.apple.AppKit:Image] ISImage reported a placeholder, image rep is providing a placeholder image for <private>
2026-09-16 18:23:31.341 I  PeachCommander[1127:1c14] [com.apple.AppKit:Image] ISImage reported a placeholder, image rep is providing a placeholder image for <private>
2026-09-16 18:23:31.341 I  PeachCommander[1127:1c14] [com.apple.AppKit:Image] ISImage reported a placeholder, image rep is providing a placeholder image for <private>
2026-09-16 18:23:31.343 I  PeachCommander[1127:1c14] [com.apple.AppKit:Image] ISImage reported a placeholder, image rep is providing a placeholder image for <private>
2026-09-16 18:23:31.343 I  PeachCommander[1127:1c14] [com.apple.AppKit:Image] ISImage reported a placeholder, image rep is providing a placeholder image for <private>
2026-09-16 18:23:31.344 I  PeachCommander[1127:1c14] [com.apple.AppKit:Image] ISImage reported a placeholder, image rep is providing a placeholder image for <private>
2026-09-16 18:23:31.345 I  PeachCommander[1127:1c14] [com.apple.AppKit:Image] ISImage reported a placeholder, image rep is providing a placeholder image for <private>
2026-09-16 18:23:31.347 I  PeachCommander[1127:1c14] [com.apple.AppKit:Image] ISImage reported a placeholder, image rep is providing a placeholder image for <private>
2026-09-16 18:23:31.347 I  PeachCommander[1127:1c14] [com.apple.AppKit:Image] ISImage reported a placeholder, image rep is providing a placeholder image for <private>
2026-09-16 18:23:31.349 I  PeachCommander[1127:1c14] [com.apple.AppKit:Image] ISImage reported a placeholder, image rep is providing a placeholder image for <private>
2026-09-16 18:23:31.350 I  PeachCommander[1127:1c14] [com.apple.AppKit:Image] ISImage reported a placeholder, image rep is providing a placeholder image for <private>
2026-09-16 18:23:31.352 I  PeachCommander[1127:1c14] [com.apple.AppKit:Image] ISImage reported a placeholder, image rep is providing a placeholder image for <private>
2026-09-16 18:23:31.352 I  PeachCommander[1127:1c14] [com.apple.AppKit:Image] ISImage reported a placeholder, image rep is providing a placeholder image for <private>
2026-09-16 18:23:31.354 I  PeachCommander[1127:1c14] [com.apple.AppKit:Image] ISImage reported a placeholder, image rep is providing a placeholder image for <private>
2026-09-16 18:23:31.354 I  PeachCommander[1127:1c14] [com.apple.AppKit:Image] ISImage reported a placeholder, image rep is providing a placeholder image for <private>
2026-09-16 18:23:31.356 I  PeachCommander[1127:1c14] [com.apple.AppKit:Image] ISImage reported a placeholder, image rep is providing a placeholder image for <private>
2026-09-16 18:23:31.357 I  PeachCommander[1127:1c14] [com.apple.AppKit:Image] ISImage reported a placeholder, image rep is providing a placeholder image for <private>
2026-09-16 18:23:31.358 I  PeachCommander[1127:1c14] [com.apple.AppKit:Image] ISImage reported a placeholder, image rep is providing a placeholder image for <private>
2026-09-16 18:23:31.359 I  PeachCommander[1127:1c14] [com.apple.AppKit:Image] ISImage reported a placeholder, image rep is providing a placeholder image for <private>
2026-09-16 18:23:31.361 I  PeachCommander[1127:1c14] [com.apple.AppKit:Image] ISImage reported a placeholder, image rep is providing a placeholder image for <private>
2026-09-16 18:23:31.361 I  PeachCommander[1127:1c14] [com.apple.AppKit:Image] ISImage reported a placeholder, image rep is providing a placeholder image for <private>
2026-09-16 18:23:31.363 I  PeachCommander[1127:1c14] [com.apple.AppKit:Image] ISImage reported a placeholder, image rep is providing a placeholder image for <private>
2026-09-16 18:23:31.363 I  PeachCommander[1127:1c14] [com.apple.AppKit:Image] ISImage reported a placeholder, image rep is providing a placeholder image for <private>
2026-09-16 18:23:31.365 I  PeachCommander[1127:1c14] [com.apple.AppKit:Image] ISImage reported a placeholder, image rep is providing a placeholder image for <private>
2026-09-16 18:23:31.365 I  PeachCommander[1127:1c14] [com.apple.AppKit:Image] ISImage reported a placeholder, image rep is providing a placeholder image for <private>
2026-09-16 18:23:31.367 I  PeachCommander[1127:1c14] [com.apple.AppKit:Image] ISImage reported a placeholder, image rep is providing a placeholder image for <private>
2026-09-16 18:23:31.367 I  PeachCommander[1127:1c14] [com.apple.AppKit:Image] ISImage reported a placeholder, image rep is providing a placeholder image for <private>
2026-09-16 18:23:31.369 I  PeachCommander[1127:1c14] [com.apple.AppKit:Image] ISImage reported a placeholder, image rep is providing a placeholder image for <private>
2026-09-16 18:23:31.369 I  PeachCommander[1127:1c14] [com.apple.AppKit:Image] ISImage reported a placeholder, image rep is providing a placeholder image for <private>
2026-09-16 18:23:31.371 I  PeachCommander[1127:1c14] [com.apple.AppKit:Image] ISImage reported a placeholder, image rep is providing a placeholder image for <private>
2026-09-16 18:23:31.371 I  PeachCommander[1127:1c14] [com.apple.AppKit:Image] ISImage reported a placeholder, image rep is providing a placeholder image for <private>
2026-09-16 18:23:31.374 I  PeachCommander[1127:1c14] [com.apple.AppKit:Image] ISImage reported a placeholder, image rep is providing a placeholder image for <private>
2026-09-16 18:23:31.374 I  PeachCommander[1127:1c14] [com.apple.AppKit:Image] ISImage reported a placeholder, image rep is providing a placeholder image for <private>
2026-09-16 18:23:31.375 I  PeachCommander[1127:1c14] [com.apple.AppKit:Image] ISImage reported a placeholder, image rep is providing a placeholder image for <private>
2026-09-16 18:23:31.376 I  PeachCommander[1127:1c14] [com.apple.AppKit:Image] ISImage reported a placeholder, image rep is providing a placeholder image for <private>
2026-09-16 18:23:31.378 I  PeachCommander[1127:1c14] [com.apple.AppKit:Image] ISImage reported a placeholder, image rep is providing a placeholder image for <private>
2026-09-16 18:23:31.378 I  PeachCommander[1127:1c14] [com.apple.AppKit:Image] ISImage reported a placeholder, image rep is providing a placeholder image for <private>
2026-09-16 18:23:31.380 I  PeachCommander[1127:1c14] [com.apple.AppKit:Image] ISImage reported a placeholder, image rep is providing a placeholder image for <private>
2026-09-16 18:23:31.380 I  PeachCommander[1127:1c14] [com.apple.AppKit:Image] ISImage reported a placeholder, image rep is providing a placeholder image for <private>
2026-09-16 18:23:31.382 I  PeachCommander[1127:1c14] [com.apple.AppKit:Image] ISImage reported a placeholder, image rep is providing a placeholder image for <private>
2026-09-16 18:23:31.382 I  PeachCommander[1127:1c14] [com.apple.AppKit:Image] ISImage reported a placeholder, image rep is providing a placeholder image for <private>
2026-09-16 18:23:31.384 I  PeachCommander[1127:1c14] [com.apple.AppKit:Image] ISImage reported a placeholder, image rep is providing a placeholder image for <private>
2026-09-16 18:23:31.384 I  PeachCommander[1127:1c14] [com.apple.AppKit:Image] ISImage reported a placeholder, image rep is providing a placeholder image for <private>
2026-09-16 18:23:31.506 I  PeachCommander[1127:1c14] [com.apple.AppKit:Image] ISImage reported a placeholder, image rep is providing a placeholder image for <private>
2026-09-16 18:23:31.509 I  PeachCommander[1127:1c14] [com.apple.AppKit:Image] ISImage reported a placeholder, image rep is providing a placeholder image for <private>
2026-09-16 18:23:31.509 I  PeachCommander[1127:1c14] [com.apple.AppKit:Image] ISImage reported a placeholder, image rep is providing a placeholder image for <private>
2026-09-16 18:23:31.511 I  PeachCommander[1127:1c14] [com.apple.AppKit:Image] ISImage reported a placeholder, image rep is providing a placeholder image for <private>
2026-09-16 18:23:31.511 I  PeachCommander[1127:1c14] [com.apple.AppKit:Image] ISImage reported a placeholder, image rep is providing a placeholder image for <private>
2026-09-16 18:23:31.512 I  PeachCommander[1127:1c14] [com.apple.AppKit:Image] ISImage reported a placeholder, image rep is providing a placeholder image for <private>
2026-09-16 18:23:31.512 I  PeachCommander[1127:1c14] [com.apple.AppKit:Image] ISImage reported a placeholder, image rep is providing a placeholder image for <private>
2026-09-16 18:23:31.514 I  PeachCommander[1127:1c14] [com.apple.AppKit:Image] ISImage reported a placeholder, image rep is providing a placeholder image for <private>
2026-09-16 18:23:31.514 I  PeachCommander[1127:1c14] [com.apple.AppKit:Image] ISImage reported a placeholder, image rep is providing a placeholder image for <private>
2026-09-16 18:23:31.515 I  PeachCommander[1127:1c14] [com.apple.AppKit:Image] ISImage reported a placeholder, image rep is providing a placeholder image for <private>
2026-09-16 18:23:31.516 I  PeachCommander[1127:1c14] [com.apple.AppKit:Image] ISImage reported a placeholder, image rep is providing a placeholder image for <private>
2026-09-16 18:23:31.517 I  PeachCommander[1127:1c14] [com.apple.AppKit:Image] ISImage reported a placeholder, image rep is providing a placeholder image for <private>
2026-09-16 18:23:31.517 I  PeachCommander[1127:1c14] [com.apple.AppKit:Image] ISImage reported a placeholder, image rep is providing a placeholder image for <private>
2026-09-16 18:23:31.519 I  PeachCommander[1127:1c14] [com.apple.AppKit:Image] ISImage reported a placeholder, image rep is providing a placeholder image for <private>
2026-09-16 18:23:31.519 I  PeachCommander[1127:1c14] [com.apple.AppKit:Image] ISImage reported a placeholder, image rep is providing a placeholder image for <private>
2026-09-16 18:23:31.520 I  PeachCommander[1127:1c14] [com.apple.AppKit:Image] ISImage reported a placeholder, image rep is providing a placeholder image for <private>
2026-09-16 18:23:31.520 I  PeachCommander[1127:1c14] [com.apple.AppKit:Image] ISImage reported a placeholder, image rep is providing a placeholder image for <private>
2026-09-16 18:23:31.522 I  PeachCommander[1127:1c14] [com.apple.AppKit:Image] ISImage reported a placeholder, image rep is providing a placeholder image for <private>
2026-09-16 18:23:31.522 I  PeachCommander[1127:1c14] [com.apple.AppKit:Image] ISImage reported a placeholder, image rep is providing a placeholder image for <private>
2026-09-16 18:23:31.523 I  PeachCommander[1127:1c14] [com.apple.AppKit:Image] ISImage reported a placeholder, image rep is providing a placeholder image for <private>
2026-09-16 18:23:31.523 I  PeachCommander[1127:1c14] [com.apple.AppKit:Image] ISImage reported a placeholder, image rep is providing a placeholder image for <private>
2026-09-16 18:23:31.525 I  PeachCommander[1127:1c14] [com.apple.AppKit:Image] ISImage reported a placeholder, image rep is providing a placeholder image for <private>
2026-09-16 18:23:31.525 I  PeachCommander[1127:1c14] [com.apple.AppKit:Image] ISImage reported a placeholder, image rep is providing a placeholder image for <private>
2026-09-16 18:23:31.526 I  PeachCommander[1127:1c14] [com.apple.AppKit:Image] ISImage reported a placeholder, image rep is providing a placeholder image for <private>
2026-09-16 18:23:31.526 I  PeachCommander[1127:1c14] [com.apple.AppKit:Image] ISImage reported a placeholder, image rep is providing a placeholder image for <private>
2026-09-16 18:23:31.528 I  PeachCommander[1127:1c14] [com.apple.AppKit:Image] ISImage reported a placeholder, image rep is providing a placeholder image for <private>
2026-09-16 18:23:31.528 I  PeachCommander[1127:1c14] [com.apple.AppKit:Image] ISImage reported a placeholder, image rep is providing a placeholder image for <private>
2026-09-16 18:23:31.530 I  PeachCommander[1127:1c14] [com.apple.AppKit:Image] ISImage reported a placeholder, image rep is providing a placeholder image for <private>
2026-09-16 18:23:31.530 I  PeachCommander[1127:1c14] [com.apple.AppKit:Image] ISImage reported a placeholder, image rep is providing a placeholder image for <private>
2026-09-16 18:23:31.532 I  PeachCommander[1127:1c14] [com.apple.AppKit:Image] ISImage reported a placeholder, image rep is providing a placeholder image for <private>
2026-09-16 18:23:31.532 I  PeachCommander[1127:1c14] [com.apple.AppKit:Image] ISImage reported a placeholder, image rep is providing a placeholder image for <private>
2026-09-16 18:23:31.533 I  PeachCommander[1127:1c14] [com.apple.AppKit:Image] ISImage reported a placeholder, image rep is providing a placeholder image for <private>
2026-09-16 18:23:31.534 I  PeachCommander[1127:1c14] [com.apple.AppKit:Image] ISImage reported a placeholder, image rep is providing a placeholder image for <private>
2026-09-16 18:23:31.535 I  PeachCommander[1127:1c14] [com.apple.AppKit:Image] ISImage reported a placeholder, image rep is providing a placeholder image for <private>
2026-09-16 18:23:31.535 I  PeachCommander[1127:1c14] [com.apple.AppKit:Image] ISImage reported a placeholder, image rep is providing a placeholder image for <private>
2026-09-16 18:23:31.537 I  PeachCommander[1127:1c14] [com.apple.AppKit:Image] ISImage reported a placeholder, image rep is providing a placeholder image for <private>
2026-09-16 18:23:31.537 I  PeachCommander[1127:1c14] [com.apple.AppKit:Image] ISImage reported a placeholder, image rep is providing a placeholder image for <private>
2026-09-16 18:23:31.538 I  PeachCommander[1127:1c14] [com.apple.AppKit:Image] ISImage reported a placeholder, image rep is providing a placeholder image for <private>
2026-09-16 18:23:31.538 I  PeachCommander[1127:1c14] [com.apple.AppKit:Image] ISImage reported a placeholder, image rep is providing a placeholder image for <private>
2026-09-16 18:23:31.540 I  PeachCommander[1127:1c14] [com.apple.AppKit:Image] ISImage reported a placeholder, image rep is providing a placeholder image for <private>
2026-09-16 18:23:31.540 I  PeachCommander[1127:1c14] [com.apple.AppKit:Image] ISImage reported a placeholder, image rep is providing a placeholder image for <private>
2026-09-16 18:23:31.542 I  PeachCommander[1127:1c14] [com.apple.AppKit:Image] ISImage reported a placeholder, image rep is providing a placeholder image for <private>
2026-09-16 18:23:31.542 I  PeachCommander[1127:1c14] [com.apple.AppKit:Image] ISImage reported a placeholder, image rep is providing a placeholder image for <private>
2026-09-16 18:23:31.543 I  PeachCommander[1127:1c14] [com.apple.AppKit:Image] ISImage reported a placeholder, image rep is providing a placeholder image for <private>
2026-09-16 18:23:31.543 I  PeachCommander[1127:1c14] [com.apple.AppKit:Image] ISImage reported a placeholder, image rep is providing a placeholder image for <private>
2026-09-16 18:23:31.545 I  PeachCommander[1127:1c14] [com.apple.AppKit:Image] ISImage reported a placeholder, image rep is providing a placeholder image for <private>
2026-09-16 18:23:31.545 I  PeachCommander[1127:1c14] [com.apple.AppKit:Image] ISImage reported a placeholder, image rep is providing a placeholder image for <private>
2026-09-16 18:23:31.547 I  PeachCommander[1127:1c14] [com.apple.AppKit:Image] ISImage reported a placeholder, image rep is providing a placeholder image for <private>
2026-09-16 18:23:31.547 I  PeachCommander[1127:1c14] [com.apple.AppKit:Image] ISImage reported a placeholder, image rep is providing a placeholder image for <private>
2026-09-16 18:23:31.642 I  PeachCommander[1127:1c14] [com.apple.AppKit:Image] ISImage reported a placeholder, image rep is providing a placeholder image for <private>
2026-09-16 18:23:31.643 I  PeachCommander[1127:1c14] [com.apple.AppKit:Image] ISImage reported a placeholder, image rep is providing a placeholder image for <private>
2026-09-16 18:23:31.644 I  PeachCommander[1127:1c14] [com.apple.AppKit:Image] ISImage reported a placeholder, image rep is providing a placeholder image for <private>
2026-09-16 18:23:31.645 I  PeachCommander[1127:1c14] [com.apple.AppKit:Image] ISImage reported a placeholder, image rep is providing a placeholder image for <private>
2026-09-16 18:23:31.646 I  PeachCommander[1127:1c14] [com.apple.AppKit:Image] ISImage reported a placeholder, image rep is providing a placeholder image for <private>
2026-09-16 18:23:31.647 I  PeachCommander[1127:1c14] [com.apple.AppKit:Image] ISImage reported a placeholder, image rep is providing a placeholder image for <private>
2026-09-16 18:23:31.647 I  PeachCommander[1127:1c14] [com.apple.AppKit:Image] ISImage reported a placeholder, image rep is providing a placeholder image for <private>
2026-09-16 18:23:31.648 I  PeachCommander[1127:1c14] [com.apple.AppKit:Image] ISImage reported a placeholder, image rep is providing a placeholder image for <private>
2026-09-16 18:23:31.649 I  PeachCommander[1127:1c14] [com.apple.AppKit:Image] ISImage reported a placeholder, image rep is providing a placeholder image for <private>
2026-09-16 18:23:31.650 I  PeachCommander[1127:1c14] [com.apple.AppKit:Image] ISImage reported a placeholder, image rep is providing a placeholder image for <private>
2026-09-16 18:23:31.651 I  PeachCommander[1127:1c14] [com.apple.AppKit:Image] ISImage reported a placeholder, image rep is providing a placeholder image for <private>
2026-09-16 18:23:31.652 I  PeachCommander[1127:1c14] [com.apple.AppKit:Image] ISImage reported a placeholder, image rep is providing a placeholder image for <private>
2026-09-16 18:23:31.653 I  PeachCommander[1127:1c14] [com.apple.AppKit:Image] ISImage reported a placeholder, image rep is providing a placeholder image for <private>
2026-09-16 18:23:31.654 I  PeachCommander[1127:1c14] [com.apple.AppKit:Image] ISImage reported a placeholder, image rep is providing a placeholder image for <private>
2026-09-16 18:23:31.654 I  PeachCommander[1127:1c14] [com.apple.AppKit:Image] ISImage reported a placeholder, image rep is providing a placeholder image for <private>
2026-09-16 18:23:31.655 I  PeachCommander[1127:1c14] [com.apple.AppKit:Image] ISImage reported a placeholder, image rep is providing a placeholder image for <private>
2026-09-16 18:23:31.656 I  PeachCommander[1127:1c14] [com.apple.AppKit:Image] ISImage reported a placeholder, image rep is providing a placeholder image for <private>
2026-09-16 18:23:31.657 I  PeachCommander[1127:1c14] [com.apple.AppKit:Image] ISImage reported a placeholder, image rep is providing a placeholder image for <private>
2026-09-16 18:23:31.658 I  PeachCommander[1127:1c14] [com.apple.AppKit:Image] ISImage reported a placeholder, image rep is providing a placeholder image for <private>
2026-09-16 18:23:31.659 I  PeachCommander[1127:1c14] [com.apple.AppKit:Image] ISImage reported a placeholder, image rep is providing a placeholder image for <private>
2026-09-16 18:23:31.659 I  PeachCommander[1127:1c14] [com.apple.AppKit:Image] ISImage reported a placeholder, image rep is providing a placeholder image for <private>
2026-09-16 18:23:31.660 I  PeachCommander[1127:1c14] [com.apple.AppKit:Image] ISImage reported a placeholder, image rep is providing a placeholder image for <private>
2026-09-16 18:23:31.661 I  PeachCommander[1127:1c14] [com.apple.AppKit:Image] ISImage reported a placeholder, image rep is providing a placeholder image for <private>
2026-09-16 18:23:31.662 I  PeachCommander[1127:1c14] [com.apple.AppKit:Image] ISImage reported a placeholder, image rep is providing a placeholder image for <private>
2026-09-16 18:23:31.667 I  PeachCommander[1127:1c14] [com.peachcommander:PCFoundation] workspaces: migrated 1 from workspaces.ini
2026-09-16 18:23:31.672 I  PeachCommander[1127:1c14] [com.apple.AppKit:Image] ISImage reported a placeholder, image rep is providing a placeholder image for <private>
2026-09-16 18:23:31.672 I  PeachCommander[1127:1c14] [com.apple.AppKit:Image] ISImage reported a placeholder, image rep is providing a placeholder image for <private>
2026-09-16 18:23:31.674 I  PeachCommander[1127:1c14] [com.apple.AppKit:Image] ISImage reported a placeholder, image rep is providing a placeholder image for <private>
2026-09-16 18:23:31.674 I  PeachCommander[1127:1c14] [com.apple.AppKit:Image] ISImage reported a placeholder, image rep is providing a placeholder image for <private>
2026-09-16 18:23:31.675 I  PeachCommander[1127:1c14] [com.apple.AppKit:Image] ISImage reported a placeholder, image rep is providing a placeholder image for <private>
2026-09-16 18:23:31.676 I  PeachCommander[1127:1c14] [com.apple.AppKit:Image] ISImage reported a placeholder, image rep is providing a placeholder image for <private>
2026-09-16 18:23:31.677 I  PeachCommander[1127:1c14] [com.apple.AppKit:Image] ISImage reported a placeholder, image rep is providing a placeholder image for <private>
2026-09-16 18:23:31.677 I  PeachCommander[1127:1c14] [com.apple.AppKit:Image] ISImage reported a placeholder, image rep is providing a placeholder image for <private>
2026-09-16 18:23:31.678 I  PeachCommander[1127:1c14] [com.apple.AppKit:Image] ISImage reported a placeholder, image rep is providing a placeholder image for <private>
2026-09-16 18:23:31.679 I  PeachCommander[1127:1c14] [com.apple.AppKit:Image] ISImage reported a placeholder, image rep is providing a placeholder image for <private>
2026-09-16 18:23:31.680 I  PeachCommander[1127:1c14] [com.apple.AppKit:Image] ISImage reported a placeholder, image rep is providing a placeholder image for <private>
2026-09-16 18:23:31.680 I  PeachCommander[1127:1c14] [com.apple.AppKit:Image] ISImage reported a placeholder, image rep is providing a placeholder image for <private>
2026-09-16 18:23:31.681 I  PeachCommander[1127:1c14] [com.apple.AppKit:Image] ISImage reported a placeholder, image rep is providing a placeholder image for <private>
2026-09-16 18:23:31.681 I  PeachCommander[1127:1c14] [com.apple.AppKit:Image] ISImage reported a placeholder, image rep is providing a placeholder image for <private>
2026-09-16 18:23:31.683 I  PeachCommander[1127:1c14] [com.apple.AppKit:Image] ISImage reported a placeholder, image rep is providing a placeholder image for <private>
2026-09-16 18:23:31.683 I  PeachCommander[1127:1c14] [com.apple.AppKit:Image] ISImage reported a placeholder, image rep is providing a placeholder image for <private>
2026-09-16 18:23:31.684 I  PeachCommander[1127:1c14] [com.apple.AppKit:Image] ISImage reported a placeholder, image rep is providing a placeholder image for <private>
2026-09-16 18:23:31.684 I  PeachCommander[1127:1c14] [com.apple.AppKit:Image] ISImage reported a placeholder, image rep is providing a placeholder image for <private>
2026-09-16 18:23:31.686 I  PeachCommander[1127:1c14] [com.apple.AppKit:Image] ISImage reported a placeholder, image rep is providing a placeholder image for <private>
2026-09-16 18:23:31.686 I  PeachCommander[1127:1c14] [com.apple.AppKit:Image] ISImage reported a placeholder, image rep is providing a placeholder image for <private>
2026-09-16 18:23:31.687 I  PeachCommander[1127:1c14] [com.apple.AppKit:Image] ISImage reported a placeholder, image rep is providing a placeholder image for <private>
2026-09-16 18:23:31.687 I  PeachCommander[1127:1c14] [com.apple.AppKit:Image] ISImage reported a placeholder, image rep is providing a placeholder image for <private>
2026-09-16 18:23:31.688 I  PeachCommander[1127:1c14] [com.apple.AppKit:Image] ISImage reported a placeholder, image rep is providing a placeholder image for <private>
2026-09-16 18:23:31.688 I  PeachCommander[1127:1c14] [com.apple.AppKit:Image] ISImage reported a placeholder, image rep is providing a placeholder image for <private>
2026-09-16 18:23:31.690 I  PeachCommander[1127:1c14] [com.apple.AppKit:Image] ISImage reported a placeholder, image rep is providing a placeholder image for <private>
2026-09-16 18:23:31.690 I  PeachCommander[1127:1c14] [com.apple.AppKit:Image] ISImage reported a placeholder, image rep is providing a placeholder image for <private>
2026-09-16 18:23:31.691 I  PeachCommander[1127:1c14] [com.apple.AppKit:Image] ISImage reported a placeholder, image rep is providing a placeholder image for <private>
2026-09-16 18:23:31.692 I  PeachCommander[1127:1c14] [com.apple.AppKit:Image] ISImage reported a placeholder, image rep is providing a placeholder image for <private>
2026-09-16 18:23:31.693 I  PeachCommander[1127:1c14] [com.apple.AppKit:Image] ISImage reported a placeholder, image rep is providing a placeholder image for <private>
2026-09-16 18:23:31.693 I  PeachCommander[1127:1c14] [com.apple.AppKit:Image] ISImage reported a placeholder, image rep is providing a placeholder image for <private>
2026-09-16 18:23:31.695 I  PeachCommander[1127:1c14] [com.apple.AppKit:Image] ISImage reported a placeholder, image rep is providing a placeholder image for <private>
2026-09-16 18:23:31.695 I  PeachCommander[1127:1c14] [com.apple.AppKit:Image] ISImage reported a placeholder, image rep is providing a placeholder image for <private>
2026-09-16 18:23:31.696 I  PeachCommander[1127:1c14] [com.apple.AppKit:Image] ISImage reported a placeholder, image rep is providing a placeholder image for <private>
2026-09-16 18:23:31.696 I  PeachCommander[1127:1c14] [com.apple.AppKit:Image] ISImage reported a placeholder, image rep is providing a placeholder image for <private>
2026-09-16 18:23:31.698 I  PeachCommander[1127:1c14] [com.apple.AppKit:Image] ISImage reported a placeholder, image rep is providing a placeholder image for <private>
2026-09-16 18:23:31.698 I  PeachCommander[1127:1c14] [com.apple.AppKit:Image] ISImage reported a placeholder, image rep is providing a placeholder image for <private>
2026-09-16 18:23:31.699 I  PeachCommander[1127:1c14] [com.apple.AppKit:Image] ISImage reported a placeholder, image rep is providing a placeholder image for <private>
2026-09-16 18:23:31.699 I  PeachCommander[1127:1c14] [com.apple.AppKit:Image] ISImage reported a placeholder, image rep is providing a placeholder image for <private>
2026-09-16 18:23:31.701 I  PeachCommander[1127:1c14] [com.apple.AppKit:Image] ISImage reported a placeholder, image rep is providing a placeholder image for <private>
2026-09-16 18:23:31.701 I  PeachCommander[1127:1c14] [com.apple.AppKit:Image] ISImage reported a placeholder, image rep is providing a placeholder image for <private>
2026-09-16 18:23:31.702 I  PeachCommander[1127:1c14] [com.apple.AppKit:Image] ISImage reported a placeholder, image rep is providing a placeholder image for <private>
2026-09-16 18:23:31.702 I  PeachCommander[1127:1c14] [com.apple.AppKit:Image] ISImage reported a placeholder, image rep is providing a placeholder image for <private>
2026-09-16 18:23:31.704 I  PeachCommander[1127:1c14] [com.apple.AppKit:Image] ISImage reported a placeholder, image rep is providing a placeholder image for <private>
2026-09-16 18:23:31.704 I  PeachCommander[1127:1c14] [com.apple.AppKit:Image] ISImage reported a placeholder, image rep is providing a placeholder image for <private>
2026-09-16 18:23:31.705 I  PeachCommander[1127:1c14] [com.apple.AppKit:Image] ISImage reported a placeholder, image rep is providing a placeholder image for <private>
2026-09-16 18:23:31.705 I  PeachCommander[1127:1c14] [com.apple.AppKit:Image] ISImage reported a placeholder, image rep is providing a placeholder image for <private>
2026-09-16 18:23:31.706 I  PeachCommander[1127:1c14] [com.apple.AppKit:Image] ISImage reported a placeholder, image rep is providing a placeholder image for <private>
2026-09-16 18:23:31.706 I  PeachCommander[1127:1c14] [com.apple.AppKit:Image] ISImage reported a placeholder, image rep is providing a placeholder image for <private>
2026-09-16 18:23:31.805 I  PeachCommander[1127:1c8c] [com.apple.AppKit:WindowTab] Indexing 1 items
2026-09-16 18:23:31.805 A  PeachCommander[1127:1c8c] (CoreSpotlight) end-index-batch
2026-09-16 18:23:31.806 I  PeachCommander[1127:1c14] [com.peachcommander:PCFoundation] Session restored
2026-09-16 18:23:31.806 A  PeachCommander[1127:1c8c] (CoreSpotlight) index-items
2026-09-16 18:23:31.807 Df PeachCommander[1127:1c8c] [com.apple.corespotlight:index] CSInlineDonation:<private>: Skipping donation (feature flag disabled)
2026-09-16 18:23:31.807 Df PeachCommander[1127:1c14] (Foundation) <private>
2026-09-16 18:23:31.807 I  PeachCommander[1127:1c14] [com.peachcommander:PCFoundation] [automation] running /Users/admin/auto.txt
2026-09-16 18:23:31.807 Df PeachCommander[1127:1c14] (Foundation) <private>
2026-09-16 18:23:31.807 I  PeachCommander[1127:1c14] [com.peachcommander:PCFoundation] [automation] > active left
2026-09-16 18:23:31.807 Df PeachCommander[1127:1c8c] [com.apple.corespotlight:index] CSInlineDonation:<private>: Skipping donation (feature flag disabled)
2026-09-16 18:23:31.807 Df PeachCommander[1127:1c14] (Foundation) <private>
2026-09-16 18:23:31.808 I  PeachCommander[1127:1c14] [com.peachcommander:PCFoundation] [automation] > left /Users/admin/pc-demo
2026-09-16 18:23:31.850 I  PeachCommander[1127:1c14] [com.apple.AppKit:Image] ISImage reported a placeholder, image rep is providing a placeholder image for <private>
2026-09-16 18:23:31.851 I  PeachCommander[1127:1c14] [com.apple.AppKit:Image] ISImage reported a placeholder, image rep is providing a placeholder image for <private>
2026-09-16 18:23:31.852 I  PeachCommander[1127:1c14] [com.apple.AppKit:Image] ISImage reported a placeholder, image rep is providing a placeholder image for <private>
2026-09-16 18:23:31.852 I  PeachCommander[1127:1c14] [com.apple.AppKit:Image] ISImage reported a placeholder, image rep is providing a placeholder image for <private>
2026-09-16 18:23:31.853 I  PeachCommander[1127:1c14] [com.apple.AppKit:Image] ISImage reported a placeholder, image rep is providing a placeholder image for <private>
2026-09-16 18:23:31.854 I  PeachCommander[1127:1c14] [com.apple.AppKit:Image] ISImage reported a placeholder, image rep is providing a placeholder image for <private>
2026-09-16 18:23:31.855 I  PeachCommander[1127:1c14] [com.apple.AppKit:Image] ISImage reported a placeholder, image rep is providing a placeholder image for <private>
2026-09-16 18:23:31.856 I  PeachCommander[1127:1c14] [com.apple.AppKit:Image] ISImage reported a placeholder, image rep is providing a placeholder image for <private>
2026-09-16 18:23:31.856 I  PeachCommander[1127:1c14] [com.apple.AppKit:Image] ISImage reported a placeholder, image rep is providing a placeholder image for <private>
2026-09-16 18:23:31.857 I  PeachCommander[1127:1c14] [com.apple.AppKit:Image] ISImage reported a placeholder, image rep is providing a placeholder image for <private>
2026-09-16 18:23:31.858 I  PeachCommander[1127:1c14] [com.apple.AppKit:Image] ISImage reported a placeholder, image rep is providing a placeholder image for <private>
2026-09-16 18:23:31.859 I  PeachCommander[1127:1c14] [com.apple.AppKit:Image] ISImage reported a placeholder, image rep is providing a placeholder image for <private>
2026-09-16 18:23:31.860 I  PeachCommander[1127:1c14] [com.apple.AppKit:Image] ISImage reported a placeholder, image rep is providing a placeholder image for <private>
2026-09-16 18:23:31.861 I  PeachCommander[1127:1c14] [com.apple.AppKit:Image] ISImage reported a placeholder, image rep is providing a placeholder image for <private>
2026-09-16 18:23:31.861 I  PeachCommander[1127:1c14] [com.apple.AppKit:Image] ISImage reported a placeholder, image rep is providing a placeholder image for <private>
2026-09-16 18:23:31.862 I  PeachCommander[1127:1c14] [com.apple.AppKit:Image] ISImage reported a placeholder, image rep is providing a placeholder image for <private>
2026-09-16 18:23:31.863 I  PeachCommander[1127:1c14] [com.apple.AppKit:Image] ISImage reported a placeholder, image rep is providing a placeholder image for <private>
2026-09-16 18:23:31.864 I  PeachCommander[1127:1c14] [com.apple.AppKit:Image] ISImage reported a placeholder, image rep is providing a placeholder image for <private>
2026-09-16 18:23:31.865 I  PeachCommander[1127:1c14] [com.apple.AppKit:Image] ISImage reported a placeholder, image rep is providing a placeholder image for <private>
2026-09-16 18:23:31.866 I  PeachCommander[1127:1c14] [com.apple.AppKit:Image] ISImage reported a placeholder, image rep is providing a placeholder image for <private>
2026-09-16 18:23:31.867 I  PeachCommander[1127:1c14] [com.apple.AppKit:Image] ISImage reported a placeholder, image rep is providing a placeholder image for <private>
2026-09-16 18:23:31.867 I  PeachCommander[1127:1c14] [com.apple.AppKit:Image] ISImage reported a placeholder, image rep is providing a placeholder image for <private>
2026-09-16 18:23:31.868 I  PeachCommander[1127:1c14] [com.apple.AppKit:Image] ISImage reported a placeholder, image rep is providing a placeholder image for <private>
2026-09-16 18:23:31.869 I  PeachCommander[1127:1c14] [com.apple.AppKit:Image] ISImage reported a placeholder, image rep is providing a placeholder image for <private>
2026-09-16 18:23:31.894 I  PeachCommander[1127:1c14] [com.apple.AppKit:Image] ISImage reported a placeholder, image rep is providing a placeholder image for <private>
2026-09-16 18:23:31.894 I  PeachCommander[1127:1c14] [com.apple.AppKit:Image] ISImage reported a placeholder, image rep is providing a placeholder image for <private>
2026-09-16 18:23:31.896 I  PeachCommander[1127:1c14] [com.apple.AppKit:Image] ISImage reported a placeholder, image rep is providing a placeholder image for <private>
2026-09-16 18:23:31.896 I  PeachCommander[1127:1c14] [com.apple.AppKit:Image] ISImage reported a placeholder, image rep is providing a placeholder image for <private>
2026-09-16 18:23:31.897 I  PeachCommander[1127:1c14] [com.apple.AppKit:Image] ISImage reported a placeholder, image rep is providing a placeholder image for <private>
2026-09-16 18:23:31.897 I  PeachCommander[1127:1c14] [com.apple.AppKit:Image] ISImage reported a placeholder, image rep is providing a placeholder image for <private>
2026-09-16 18:23:31.898 I  PeachCommander[1127:1c14] [com.apple.AppKit:Image] ISImage reported a placeholder, image rep is providing a placeholder image for <private>
2026-09-16 18:23:31.898 I  PeachCommander[1127:1c14] [com.apple.AppKit:Image] ISImage reported a placeholder, image rep is providing a placeholder image for <private>
2026-09-16 18:23:31.900 I  PeachCommander[1127:1c14] [com.apple.AppKit:Image] ISImage reported a placeholder, image rep is providing a placeholder image for <private>
2026-09-16 18:23:31.900 I  PeachCommander[1127:1c14] [com.apple.AppKit:Image] ISImage reported a placeholder, image rep is providing a placeholder image for <private>
2026-09-16 18:23:31.901 I  PeachCommander[1127:1c14] [com.apple.AppKit:Image] ISImage reported a placeholder, image rep is providing a placeholder image for <private>
2026-09-16 18:23:31.901 I  PeachCommander[1127:1c14] [com.apple.AppKit:Image] ISImage reported a placeholder, image rep is providing a placeholder image for <private>
2026-09-16 18:23:31.902 I  PeachCommander[1127:1c14] [com.apple.AppKit:Image] ISImage reported a placeholder, image rep is providing a placeholder image for <private>
2026-09-16 18:23:31.902 I  PeachCommander[1127:1c14] [com.apple.AppKit:Image] ISImage reported a placeholder, image rep is providing a placeholder image for <private>
2026-09-16 18:23:31.904 I  PeachCommander[1127:1c14] [com.apple.AppKit:Image] ISImage reported a placeholder, image rep is providing a placeholder image for <private>
2026-09-16 18:23:31.904 I  PeachCommander[1127:1c14] [com.apple.AppKit:Image] ISImage reported a placeholder, image rep is providing a placeholder image for <private>
2026-09-16 18:23:31.905 I  PeachCommander[1127:1c14] [com.apple.AppKit:Image] ISImage reported a placeholder, image rep is providing a placeholder image for <private>
2026-09-16 18:23:31.905 I  PeachCommander[1127:1c14] [com.apple.AppKit:Image] ISImage reported a placeholder, image rep is providing a placeholder image for <private>
2026-09-16 18:23:31.906 I  PeachCommander[1127:1c14] [com.apple.AppKit:Image] ISImage reported a placeholder, image rep is providing a placeholder image for <private>
2026-09-16 18:23:31.907 I  PeachCommander[1127:1c14] [com.apple.AppKit:Image] ISImage reported a placeholder, image rep is providing a placeholder image for <private>
2026-09-16 18:23:31.908 I  PeachCommander[1127:1c14] [com.apple.AppKit:Image] ISImage reported a placeholder, image rep is providing a placeholder image for <private>
2026-09-16 18:23:31.908 I  PeachCommander[1127:1c14] [com.apple.AppKit:Image] ISImage reported a placeholder, image rep is providing a placeholder image for <private>
2026-09-16 18:23:31.909 I  PeachCommander[1127:1c14] [com.apple.AppKit:Image] ISImage reported a placeholder, image rep is providing a placeholder image for <private>
2026-09-16 18:23:31.909 I  PeachCommander[1127:1c14] [com.apple.AppKit:Image] ISImage reported a placeholder, image rep is providing a placeholder image for <private>
2026-09-16 18:23:31.910 I  PeachCommander[1127:1c14] [com.apple.AppKit:Image] ISImage reported a placeholder, image rep is providing a placeholder image for <private>
2026-09-16 18:23:31.911 I  PeachCommander[1127:1c14] [com.apple.AppKit:Image] ISImage reported a placeholder, image rep is providing a placeholder image for <private>
2026-09-16 18:23:31.912 I  PeachCommander[1127:1c14] [com.apple.AppKit:Image] ISImage reported a placeholder, image rep is providing a placeholder image for <private>
2026-09-16 18:23:31.912 I  PeachCommander[1127:1c14] [com.apple.AppKit:Image] ISImage reported a placeholder, image rep is providing a placeholder image for <private>
2026-09-16 18:23:31.914 I  PeachCommander[1127:1c14] [com.apple.AppKit:Image] ISImage reported a placeholder, image rep is providing a placeholder image for <private>
2026-09-16 18:23:31.914 I  PeachCommander[1127:1c14] [com.apple.AppKit:Image] ISImage reported a placeholder, image rep is providing a placeholder image for <private>
2026-09-16 18:23:31.916 I  PeachCommander[1127:1c14] [com.apple.AppKit:Image] ISImage reported a placeholder, image rep is providing a placeholder image for <private>
2026-09-16 18:23:31.916 I  PeachCommander[1127:1c14] [com.apple.AppKit:Image] ISImage reported a placeholder, image rep is providing a placeholder image for <private>
2026-09-16 18:23:31.917 I  PeachCommander[1127:1c14] [com.apple.AppKit:Image] ISImage reported a placeholder, image rep is providing a placeholder image for <private>
2026-09-16 18:23:31.917 I  PeachCommander[1127:1c14] [com.apple.AppKit:Image] ISImage reported a placeholder, image rep is providing a placeholder image for <private>
2026-09-16 18:23:31.919 I  PeachCommander[1127:1c14] [com.apple.AppKit:Image] ISImage reported a placeholder, image rep is providing a placeholder image for <private>
2026-09-16 18:23:31.919 I  PeachCommander[1127:1c14] [com.apple.AppKit:Image] ISImage reported a placeholder, image rep is providing a placeholder image for <private>
2026-09-16 18:23:31.921 I  PeachCommander[1127:1c14] [com.apple.AppKit:Image] ISImage reported a placeholder, image rep is providing a placeholder image for <private>
2026-09-16 18:23:31.921 I  PeachCommander[1127:1c14] [com.apple.AppKit:Image] ISImage reported a placeholder, image rep is providing a placeholder image for <private>
2026-09-16 18:23:31.923 I  PeachCommander[1127:1c14] [com.apple.AppKit:Image] ISImage reported a placeholder, image rep is providing a placeholder image for <private>
2026-09-16 18:23:31.923 I  PeachCommander[1127:1c14] [com.apple.AppKit:Image] ISImage reported a placeholder, image rep is providing a placeholder image for <private>
2026-09-16 18:23:31.925 I  PeachCommander[1127:1c14] [com.apple.AppKit:Image] ISImage reported a placeholder, image rep is providing a placeholder image for <private>
2026-09-16 18:23:31.925 I  PeachCommander[1127:1c14] [com.apple.AppKit:Image] ISImage reported a placeholder, image rep is providing a placeholder image for <private>
2026-09-16 18:23:31.928 I  PeachCommander[1127:1c14] [com.apple.AppKit:Image] ISImage reported a placeholder, image rep is providing a placeholder image for <private>
2026-09-16 18:23:31.928 I  PeachCommander[1127:1c14] [com.apple.AppKit:Image] ISImage reported a placeholder, image rep is providing a placeholder image for <private>
2026-09-16 18:23:31.930 I  PeachCommander[1127:1c14] [com.apple.AppKit:Image] ISImage reported a placeholder, image rep is providing a placeholder image for <private>
2026-09-16 18:23:31.930 I  PeachCommander[1127:1c14] [com.apple.AppKit:Image] ISImage reported a placeholder, image rep is providing a placeholder image for <private>
2026-09-16 18:23:31.932 I  PeachCommander[1127:1c14] [com.apple.AppKit:Image] ISImage reported a placeholder, image rep is providing a placeholder image for <private>
2026-09-16 18:23:31.932 I  PeachCommander[1127:1c14] [com.apple.AppKit:Image] ISImage reported a placeholder, image rep is providing a placeholder image for <private>
2026-09-16 18:23:32.032 I  PeachCommander[1127:1c14] [com.apple.AppKit:Image] ISImage reported a placeholder, image rep is providing a placeholder image for <private>
2026-09-16 18:23:32.033 I  PeachCommander[1127:1c14] [com.apple.AppKit:Image] ISImage reported a placeholder, image rep is providing a placeholder image for <private>
2026-09-16 18:23:32.034 I  PeachCommander[1127:1c14] [com.apple.AppKit:Image] ISImage reported a placeholder, image rep is providing a placeholder image for <private>
2026-09-16 18:23:32.035 I  PeachCommander[1127:1c14] [com.apple.AppKit:Image] ISImage reported a placeholder, image rep is providing a placeholder image for <private>
2026-09-16 18:23:32.036 I  PeachCommander[1127:1c14] [com.apple.AppKit:Image] ISImage reported a placeholder, image rep is providing a placeholder image for <private>
2026-09-16 18:23:32.037 I  PeachCommander[1127:1c14] [com.apple.AppKit:Image] ISImage reported a placeholder, image rep is providing a placeholder image for <private>
2026-09-16 18:23:32.038 I  PeachCommander[1127:1c14] [com.apple.AppKit:Image] ISImage reported a placeholder, image rep is providing a placeholder image for <private>
2026-09-16 18:23:32.039 I  PeachCommander[1127:1c14] [com.apple.AppKit:Image] ISImage reported a placeholder, image rep is providing a placeholder image for <private>
2026-09-16 18:23:32.039 I  PeachCommander[1127:1c14] [com.apple.AppKit:Image] ISImage reported a placeholder, image rep is providing a placeholder image for <private>
2026-09-16 18:23:32.040 I  PeachCommander[1127:1c14] [com.apple.AppKit:Image] ISImage reported a placeholder, image rep is providing a placeholder image for <private>
2026-09-16 18:23:32.041 I  PeachCommander[1127:1c14] [com.apple.AppKit:Image] ISImage reported a placeholder, image rep is providing a placeholder image for <private>
2026-09-16 18:23:32.042 I  PeachCommander[1127:1c14] [com.apple.AppKit:Image] ISImage reported a placeholder, image rep is providing a placeholder image for <private>
2026-09-16 18:23:32.043 I  PeachCommander[1127:1c14] [com.apple.AppKit:Image] ISImage reported a placeholder, image rep is providing a placeholder image for <private>
2026-09-16 18:23:32.044 I  PeachCommander[1127:1c14] [com.apple.AppKit:Image] ISImage reported a placeholder, image rep is providing a placeholder image for <private>
2026-09-16 18:23:32.045 I  PeachCommander[1127:1c14] [com.apple.AppKit:Image] ISImage reported a placeholder, image rep is providing a placeholder image for <private>
2026-09-16 18:23:32.046 I  PeachCommander[1127:1c14] [com.apple.AppKit:Image] ISImage reported a placeholder, image rep is providing a placeholder image for <private>
2026-09-16 18:23:32.047 I  PeachCommander[1127:1c14] [com.apple.AppKit:Image] ISImage reported a placeholder, image rep is providing a placeholder image for <private>
2026-09-16 18:23:32.048 I  PeachCommander[1127:1c14] [com.apple.AppKit:Image] ISImage reported a placeholder, image rep is providing a placeholder image for <private>
2026-09-16 18:23:32.048 I  PeachCommander[1127:1c14] [com.apple.AppKit:Image] ISImage reported a placeholder, image rep is providing a placeholder image for <private>
2026-09-16 18:23:32.049 I  PeachCommander[1127:1c14] [com.apple.AppKit:Image] ISImage reported a placeholder, image rep is providing a placeholder image for <private>
2026-09-16 18:23:32.050 I  PeachCommander[1127:1c14] [com.apple.AppKit:Image] ISImage reported a placeholder, image rep is providing a placeholder image for <private>
2026-09-16 18:23:32.051 I  PeachCommander[1127:1c14] [com.apple.AppKit:Image] ISImage reported a placeholder, image rep is providing a placeholder image for <private>
2026-09-16 18:23:32.052 I  PeachCommander[1127:1c14] [com.apple.AppKit:Image] ISImage reported a placeholder, image rep is providing a placeholder image for <private>
2026-09-16 18:23:32.052 I  PeachCommander[1127:1c14] [com.apple.AppKit:Image] ISImage reported a placeholder, image rep is providing a placeholder image for <private>
2026-09-16 18:23:32.053 I  PeachCommander[1127:1c14] [com.apple.AppKit:Image] ISImage reported a placeholder, image rep is providing a placeholder image for <private>
2026-09-16 18:23:32.053 I  PeachCommander[1127:1c14] [com.apple.AppKit:Image] ISImage reported a placeholder, image rep is providing a placeholder image for <private>
2026-09-16 18:23:32.055 I  PeachCommander[1127:1c14] [com.apple.AppKit:Image] ISImage reported a placeholder, image rep is providing a placeholder image for <private>
2026-09-16 18:23:32.055 I  PeachCommander[1127:1c14] [com.apple.AppKit:Image] ISImage reported a placeholder, image rep is providing a placeholder image for <private>
2026-09-16 18:23:32.056 I  PeachCommander[1127:1c14] [com.apple.AppKit:Image] ISImage reported a placeholder, image rep is providing a placeholder image for <private>
2026-09-16 18:23:32.056 I  PeachCommander[1127:1c14] [com.apple.AppKit:Image] ISImage reported a placeholder, image rep is providing a placeholder image for <private>
2026-09-16 18:23:32.058 I  PeachCommander[1127:1c14] [com.apple.AppKit:Image] ISImage reported a placeholder, image rep is providing a placeholder image for <private>
2026-09-16 18:23:32.058 I  PeachCommander[1127:1c14] [com.apple.AppKit:Image] ISImage reported a placeholder, image rep is providing a placeholder image for <private>
2026-09-16 18:23:32.059 I  PeachCommander[1127:1c14] [com.apple.AppKit:Image] ISImage reported a placeholder, image rep is providing a placeholder image for <private>
2026-09-16 18:23:32.059 I  PeachCommander[1127:1c14] [com.apple.AppKit:Image] ISImage reported a placeholder, image rep is providing a placeholder image for <private>
2026-09-16 18:23:32.061 I  PeachCommander[1127:1c14] [com.apple.AppKit:Image] ISImage reported a placeholder, image rep is providing a placeholder image for <private>
2026-09-16 18:23:32.061 I  PeachCommander[1127:1c14] [com.apple.AppKit:Image] ISImage reported a placeholder, image rep is providing a placeholder image for <private>
2026-09-16 18:23:32.062 I  PeachCommander[1127:1c14] [com.apple.AppKit:Image] ISImage reported a placeholder, image rep is providing a placeholder image for <private>
2026-09-16 18:23:32.062 I  PeachCommander[1127:1c14] [com.apple.AppKit:Image] ISImage reported a placeholder, image rep is providing a placeholder image for <private>
2026-09-16 18:23:32.063 I  PeachCommander[1127:1c14] [com.apple.AppKit:Image] ISImage reported a placeholder, image rep is providing a placeholder image for <private>
2026-09-16 18:23:32.063 I  PeachCommander[1127:1c14] [com.apple.AppKit:Image] ISImage reported a placeholder, image rep is providing a placeholder image for <private>
2026-09-16 18:23:32.065 I  PeachCommander[1127:1c14] [com.apple.AppKit:Image] ISImage reported a placeholder, image rep is providing a placeholder image for <private>
2026-09-16 18:23:32.065 I  PeachCommander[1127:1c14] [com.apple.AppKit:Image] ISImage reported a placeholder, image rep is providing a placeholder image for <private>
2026-09-16 18:23:32.066 I  PeachCommander[1127:1c14] [com.apple.AppKit:Image] ISImage reported a placeholder, image rep is providing a placeholder image for <private>
2026-09-16 18:23:32.066 I  PeachCommander[1127:1c14] [com.apple.AppKit:Image] ISImage reported a placeholder, image rep is providing a placeholder image for <private>
2026-09-16 18:23:32.067 I  PeachCommander[1127:1c14] [com.apple.AppKit:Image] ISImage reported a placeholder, image rep is providing a placeholder image for <private>
2026-09-16 18:23:32.067 I  PeachCommander[1127:1c14] [com.apple.AppKit:Image] ISImage reported a placeholder, image rep is providing a placeholder image for <private>
2026-09-16 18:23:32.069 I  PeachCommander[1127:1c14] [com.apple.AppKit:Image] ISImage reported a placeholder, image rep is providing a placeholder image for <private>
2026-09-16 18:23:32.069 I  PeachCommander[1127:1c14] [com.apple.AppKit:Image] ISImage reported a placeholder, image rep is providing a placeholder image for <private>
2026-09-16 18:23:32.071 I  PeachCommander[1127:1c14] [com.apple.AppKit:Image] ISImage reported a placeholder, image rep is providing a placeholder image for <private>
2026-09-16 18:23:32.071 I  PeachCommander[1127:1c14] [com.apple.AppKit:Image] ISImage reported a placeholder, image rep is providing a placeholder image for <private>
2026-09-16 18:23:32.072 I  PeachCommander[1127:1c14] [com.apple.AppKit:Image] ISImage reported a placeholder, image rep is providing a placeholder image for <private>
2026-09-16 18:23:32.072 I  PeachCommander[1127:1c14] [com.apple.AppKit:Image] ISImage reported a placeholder, image rep is providing a placeholder image for <private>
2026-09-16 18:23:32.074 I  PeachCommander[1127:1c14] [com.apple.AppKit:Image] ISImage reported a placeholder, image rep is providing a placeholder image for <private>
2026-09-16 18:23:32.074 I  PeachCommander[1127:1c14] [com.apple.AppKit:Image] ISImage reported a placeholder, image rep is providing a placeholder image for <private>
2026-09-16 18:23:32.076 I  PeachCommander[1127:1c14] [com.apple.AppKit:Image] ISImage reported a placeholder, image rep is providing a placeholder image for <private>
2026-09-16 18:23:32.076 I  PeachCommander[1127:1c14] [com.apple.AppKit:Image] ISImage reported a placeholder, image rep is providing a placeholder image for <private>
2026-09-16 18:23:32.077 I  PeachCommander[1127:1c14] [com.apple.AppKit:Image] ISImage reported a placeholder, image rep is providing a placeholder image for <private>
2026-09-16 18:23:32.077 I  PeachCommander[1127:1c14] [com.apple.AppKit:Image] ISImage reported a placeholder, image rep is providing a placeholder image for <private>
2026-09-16 18:23:32.078 I  PeachCommander[1127:1c14] [com.apple.AppKit:Image] ISImage reported a placeholder, image rep is providing a placeholder image for <private>
2026-09-16 18:23:32.078 I  PeachCommander[1127:1c14] [com.apple.AppKit:Image] ISImage reported a placeholder, image rep is providing a placeholder image for <private>
2026-09-16 18:23:32.080 I  PeachCommander[1127:1c14] [com.apple.AppKit:Image] ISImage reported a placeholder, image rep is providing a placeholder image for <private>
2026-09-16 18:23:32.080 I  PeachCommander[1127:1c14] [com.apple.AppKit:Image] ISImage reported a placeholder, image rep is providing a placeholder image for <private>
2026-09-16 18:23:32.081 I  PeachCommander[1127:1c14] [com.apple.AppKit:Image] ISImage reported a placeholder, image rep is providing a placeholder image for <private>
2026-09-16 18:23:32.081 I  PeachCommander[1127:1c14] [com.apple.AppKit:Image] ISImage reported a placeholder, image rep is providing a placeholder image for <private>
2026-09-16 18:23:32.082 I  PeachCommander[1127:1c14] [com.apple.AppKit:Image] ISImage reported a placeholder, image rep is providing a placeholder image for <private>
2026-09-16 18:23:32.083 I  PeachCommander[1127:1c14] [com.apple.AppKit:Image] ISImage reported a placeholder, image rep is providing a placeholder image for <private>
2026-09-16 18:23:32.084 I  PeachCommander[1127:1c14] [com.apple.AppKit:Image] ISImage reported a placeholder, image rep is providing a placeholder image for <private>
2026-09-16 18:23:32.084 I  PeachCommander[1127:1c14] [com.apple.AppKit:Image] ISImage reported a placeholder, image rep is providing a placeholder image for <private>
2026-09-16 18:23:32.085 I  PeachCommander[1127:1c14] [com.apple.AppKit:Image] ISImage reported a placeholder, image rep is providing a placeholder image for <private>
2026-09-16 18:23:32.085 I  PeachCommander[1127:1c14] [com.apple.AppKit:Image] ISImage reported a placeholder, image rep is providing a placeholder image for <private>
2026-09-16 18:23:32.087 I  PeachCommander[1127:1c14] [com.apple.AppKit:Image] ISImage reported a placeholder, image rep is providing a placeholder image for <private>
2026-09-16 18:23:32.087 I  PeachCommander[1127:1c14] [com.apple.AppKit:Image] ISImage reported a placeholder, image rep is providing a placeholder image for <private>
2026-09-16 18:23:32.180 Df PeachCommander[1127:1c14] (Foundation) <private>
2026-09-16 18:23:32.180 I  PeachCommander[1127:1c14] [com.peachcommander:PCFoundation] [automation] > wait 1200
2026-09-16 18:23:32.181 I  PeachCommander[1127:1c14] [com.apple.AppKit:Image] ISImage reported a placeholder, image rep is providing a placeholder image for <private>
2026-09-16 18:23:32.182 I  PeachCommander[1127:1c14] [com.apple.AppKit:Image] ISImage reported a placeholder, image rep is providing a placeholder image for <private>
2026-09-16 18:23:32.183 I  PeachCommander[1127:1c14] [com.apple.AppKit:Image] ISImage reported a placeholder, image rep is providing a placeholder image for <private>
2026-09-16 18:23:32.184 I  PeachCommander[1127:1c14] [com.apple.AppKit:Image] ISImage reported a placeholder, image rep is providing a placeholder image for <private>
2026-09-16 18:23:32.185 I  PeachCommander[1127:1c14] [com.apple.AppKit:Image] ISImage reported a placeholder, image rep is providing a placeholder image for <private>
2026-09-16 18:23:32.185 I  PeachCommander[1127:1c14] [com.apple.AppKit:Image] ISImage reported a placeholder, image rep is providing a placeholder image for <private>
2026-09-16 18:23:32.186 I  PeachCommander[1127:1c14] [com.apple.AppKit:Image] ISImage reported a placeholder, image rep is providing a placeholder image for <private>
2026-09-16 18:23:32.187 I  PeachCommander[1127:1c14] [com.apple.AppKit:Image] ISImage reported a placeholder, image rep is providing a placeholder image for <private>
2026-09-16 18:23:32.188 I  PeachCommander[1127:1c14] [com.apple.AppKit:Image] ISImage reported a placeholder, image rep is providing a placeholder image for <private>
2026-09-16 18:23:32.189 I  PeachCommander[1127:1c14] [com.apple.AppKit:Image] ISImage reported a placeholder, image rep is providing a placeholder image for <private>
2026-09-16 18:23:32.189 I  PeachCommander[1127:1c14] [com.apple.AppKit:Image] ISImage reported a placeholder, image rep is providing a placeholder image for <private>
2026-09-16 18:23:32.190 I  PeachCommander[1127:1c14] [com.apple.AppKit:Image] ISImage reported a placeholder, image rep is providing a placeholder image for <private>
2026-09-16 18:23:32.191 I  PeachCommander[1127:1c14] [com.apple.AppKit:Image] ISImage reported a placeholder, image rep is providing a placeholder image for <private>
2026-09-16 18:23:32.192 I  PeachCommander[1127:1c14] [com.apple.AppKit:Image] ISImage reported a placeholder, image rep is providing a placeholder image for <private>
2026-09-16 18:23:32.192 I  PeachCommander[1127:1c14] [com.apple.AppKit:Image] ISImage reported a placeholder, image rep is providing a placeholder image for <private>
2026-09-16 18:23:32.193 I  PeachCommander[1127:1c14] [com.apple.AppKit:Image] ISImage reported a placeholder, image rep is providing a placeholder image for <private>
2026-09-16 18:23:32.194 I  PeachCommander[1127:1c14] [com.apple.AppKit:Image] ISImage reported a placeholder, image rep is providing a placeholder image for <private>
2026-09-16 18:23:32.195 I  PeachCommander[1127:1c14] [com.apple.AppKit:Image] ISImage reported a placeholder, image rep is providing a placeholder image for <private>
2026-09-16 18:23:32.196 I  PeachCommander[1127:1c14] [com.apple.AppKit:Image] ISImage reported a placeholder, image rep is providing a placeholder image for <private>
2026-09-16 18:23:32.196 I  PeachCommander[1127:1c14] [com.apple.AppKit:Image] ISImage reported a placeholder, image rep is providing a placeholder image for <private>
2026-09-16 18:23:32.197 I  PeachCommander[1127:1c14] [com.apple.AppKit:Image] ISImage reported a placeholder, image rep is providing a placeholder image for <private>
2026-09-16 18:23:32.198 I  PeachCommander[1127:1c14] [com.apple.AppKit:Image] ISImage reported a placeholder, image rep is providing a placeholder image for <private>
2026-09-16 18:23:32.199 I  PeachCommander[1127:1c14] [com.apple.AppKit:Image] ISImage reported a placeholder, image rep is providing a placeholder image for <private>
2026-09-16 18:23:32.199 I  PeachCommander[1127:1c14] [com.apple.AppKit:Image] ISImage reported a placeholder, image rep is providing a placeholder image for <private>
2026-09-16 18:23:32.200 I  PeachCommander[1127:1c14] [com.apple.AppKit:Image] ISImage reported a placeholder, image rep is providing a placeholder image for <private>
2026-09-16 18:23:32.200 I  PeachCommander[1127:1c14] [com.apple.AppKit:Image] ISImage reported a placeholder, image rep is providing a placeholder image for <private>
2026-09-16 18:23:32.202 I  PeachCommander[1127:1c14] [com.apple.AppKit:Image] ISImage reported a placeholder, image rep is providing a placeholder image for <private>
2026-09-16 18:23:32.202 I  PeachCommander[1127:1c14] [com.apple.AppKit:Image] ISImage reported a placeholder, image rep is providing a placeholder image for <private>
2026-09-16 18:23:32.203 I  PeachCommander[1127:1c14] [com.apple.AppKit:Image] ISImage reported a placeholder, image rep is providing a placeholder image for <private>
2026-09-16 18:23:32.203 I  PeachCommander[1127:1c14] [com.apple.AppKit:Image] ISImage reported a placeholder, image rep is providing a placeholder image for <private>
2026-09-16 18:23:32.205 I  PeachCommander[1127:1c14] [com.apple.AppKit:Image] ISImage reported a placeholder, image rep is providing a placeholder image for <private>
2026-09-16 18:23:32.205 I  PeachCommander[1127:1c14] [com.apple.AppKit:Image] ISImage reported a placeholder, image rep is providing a placeholder image for <private>
2026-09-16 18:23:32.206 I  PeachCommander[1127:1c14] [com.apple.AppKit:Image] ISImage reported a placeholder, image rep is providing a placeholder image for <private>
2026-09-16 18:23:32.206 I  PeachCommander[1127:1c14] [com.apple.AppKit:Image] ISImage reported a placeholder, image rep is providing a placeholder image for <private>
2026-09-16 18:23:32.208 I  PeachCommander[1127:1c14] [com.apple.AppKit:Image] ISImage reported a placeholder, image rep is providing a placeholder image for <private>
2026-09-16 18:23:32.208 I  PeachCommander[1127:1c14] [com.apple.AppKit:Image] ISImage reported a placeholder, image rep is providing a placeholder image for <private>
2026-09-16 18:23:32.209 I  PeachCommander[1127:1c14] [com.apple.AppKit:Image] ISImage reported a placeholder, image rep is providing a placeholder image for <private>
2026-09-16 18:23:32.209 I  PeachCommander[1127:1c14] [com.apple.AppKit:Image] ISImage reported a placeholder, image rep is providing a placeholder image for <private>
2026-09-16 18:23:32.211 I  PeachCommander[1127:1c14] [com.apple.AppKit:Image] ISImage reported a placeholder, image rep is providing a placeholder image for <private>
2026-09-16 18:23:32.211 I  PeachCommander[1127:1c14] [com.apple.AppKit:Image] ISImage reported a placeholder, image rep is providing a placeholder image for <private>
2026-09-16 18:23:32.212 I  PeachCommander[1127:1c14] [com.apple.AppKit:Image] ISImage reported a placeholder, image rep is providing a placeholder image for <private>
2026-09-16 18:23:32.212 I  PeachCommander[1127:1c14] [com.apple.AppKit:Image] ISImage reported a placeholder, image rep is providing a placeholder image for <private>
2026-09-16 18:23:32.216 I  PeachCommander[1127:1c14] [com.apple.AppKit:Image] ISImage reported a placeholder, image rep is providing a placeholder image for <private>
2026-09-16 18:23:32.216 I  PeachCommander[1127:1c14] [com.apple.AppKit:Image] ISImage reported a placeholder, image rep is providing a placeholder image for <private>
2026-09-16 18:23:32.218 I  PeachCommander[1127:1c14] [com.apple.AppKit:Image] ISImage reported a placeholder, image rep is providing a placeholder image for <private>
2026-09-16 18:23:32.218 I  PeachCommander[1127:1c14] [com.apple.AppKit:Image] ISImage reported a placeholder, image rep is providing a placeholder image for <private>
2026-09-16 18:23:32.219 I  PeachCommander[1127:1c14] [com.apple.AppKit:Image] ISImage reported a placeholder, image rep is providing a placeholder image for <private>
2026-09-16 18:23:32.220 I  PeachCommander[1127:1c14] [com.apple.AppKit:Image] ISImage reported a placeholder, image rep is providing a placeholder image for <private>
2026-09-16 18:23:32.221 I  PeachCommander[1127:1c14] [com.apple.AppKit:Image] ISImage reported a placeholder, image rep is providing a placeholder image for <private>
2026-09-16 18:23:32.221 I  PeachCommander[1127:1c14] [com.apple.AppKit:Image] ISImage reported a placeholder, image rep is providing a placeholder image for <private>
2026-09-16 18:23:32.222 I  PeachCommander[1127:1c14] [com.apple.AppKit:Image] ISImage reported a placeholder, image rep is providing a placeholder image for <private>
2026-09-16 18:23:32.222 I  PeachCommander[1127:1c14] [com.apple.AppKit:Image] ISImage reported a placeholder, image rep is providing a placeholder image for <private>
2026-09-16 18:23:32.224 I  PeachCommander[1127:1c14] [com.apple.AppKit:Image] ISImage reported a placeholder, image rep is providing a placeholder image for <private>
2026-09-16 18:23:32.224 I  PeachCommander[1127:1c14] [com.apple.AppKit:Image] ISImage reported a placeholder, image rep is providing a placeholder image for <private>
2026-09-16 18:23:32.225 I  PeachCommander[1127:1c14] [com.apple.AppKit:Image] ISImage reported a placeholder, image rep is providing a placeholder image for <private>
2026-09-16 18:23:32.226 I  PeachCommander[1127:1c14] [com.apple.AppKit:Image] ISImage reported a placeholder, image rep is providing a placeholder image for <private>
2026-09-16 18:23:32.227 I  PeachCommander[1127:1c14] [com.apple.AppKit:Image] ISImage reported a placeholder, image rep is providing a placeholder image for <private>
2026-09-16 18:23:32.227 I  PeachCommander[1127:1c14] [com.apple.AppKit:Image] ISImage reported a placeholder, image rep is providing a placeholder image for <private>
2026-09-16 18:23:32.228 I  PeachCommander[1127:1c14] [com.apple.AppKit:Image] ISImage reported a placeholder, image rep is providing a placeholder image for <private>
2026-09-16 18:23:32.229 I  PeachCommander[1127:1c14] [com.apple.AppKit:Image] ISImage reported a placeholder, image rep is providing a placeholder image for <private>
2026-09-16 18:23:32.230 I  PeachCommander[1127:1c14] [com.apple.AppKit:Image] ISImage reported a placeholder, image rep is providing a placeholder image for <private>
2026-09-16 18:23:32.230 I  PeachCommander[1127:1c14] [com.apple.AppKit:Image] ISImage reported a placeholder, image rep is providing a placeholder image for <private>
2026-09-16 18:23:32.232 I  PeachCommander[1127:1c14] [com.apple.AppKit:Image] ISImage reported a placeholder, image rep is providing a placeholder image for <private>
2026-09-16 18:23:32.232 I  PeachCommander[1127:1c14] [com.apple.AppKit:Image] ISImage reported a placeholder, image rep is providing a placeholder image for <private>
2026-09-16 18:23:32.234 I  PeachCommander[1127:1c14] [com.apple.AppKit:Image] ISImage reported a placeholder, image rep is providing a placeholder image for <private>
2026-09-16 18:23:32.234 I  PeachCommander[1127:1c14] [com.apple.AppKit:Image] ISImage reported a placeholder, image rep is providing a placeholder image for <private>
2026-09-16 18:23:32.236 I  PeachCommander[1127:1c14] [com.apple.AppKit:Image] ISImage reported a placeholder, image rep is providing a placeholder image for <private>
2026-09-16 18:23:32.236 I  PeachCommander[1127:1c14] [com.apple.AppKit:Image] ISImage reported a placeholder, image rep is providing a placeholder image for <private>
2026-09-16 18:23:32.238 I  PeachCommander[1127:1c14] [com.apple.AppKit:Image] ISImage reported a placeholder, image rep is providing a placeholder image for <private>
2026-09-16 18:23:32.238 I  PeachCommander[1127:1c14] [com.apple.AppKit:Image] ISImage reported a placeholder, image rep is providing a placeholder image for <private>
2026-09-16 18:23:32.239 I  PeachCommander[1127:1c14] [com.apple.AppKit:Image] ISImage reported a placeholder, image rep is providing a placeholder image for <private>
2026-09-16 18:23:32.239 I  PeachCommander[1127:1c14] [com.apple.AppKit:Image] ISImage reported a placeholder, image rep is providing a placeholder image for <private>
2026-09-16 18:23:32.323 I  PeachCommander[1127:1c14] [com.apple.AppKit:Image] ISImage reported a placeholder, image rep is providing a placeholder image for <private>
2026-09-16 18:23:32.323 I  PeachCommander[1127:1c14] [com.apple.AppKit:Image] ISImage reported a placeholder, image rep is providing a placeholder image for <private>
2026-09-16 18:23:32.323 I  PeachCommander[1127:1c14] [com.apple.AppKit:Image] ISImage reported a placeholder, image rep is providing a placeholder image for <private>
2026-09-16 18:23:32.324 I  PeachCommander[1127:1c14] [com.apple.AppKit:Image] ISImage reported a placeholder, image rep is providing a placeholder image for <private>
2026-09-16 18:23:32.324 I  PeachCommander[1127:1c14] [com.apple.AppKit:Image] ISImage reported a placeholder, image rep is providing a placeholder image for <private>
2026-09-16 18:23:32.324 I  PeachCommander[1127:1c14] [com.apple.AppKit:Image] ISImage reported a placeholder, image rep is providing a placeholder image for <private>
2026-09-16 18:23:32.324 I  PeachCommander[1127:1c14] [com.apple.AppKit:Image] ISImage reported a placeholder, image rep is providing a placeholder image for <private>
2026-09-16 18:23:32.324 I  PeachCommander[1127:1c14] [com.apple.AppKit:Image] ISImage reported a placeholder, image rep is providing a placeholder image for <private>
2026-09-16 18:23:32.324 I  PeachCommander[1127:1c14] [com.apple.AppKit:Image] ISImage reported a placeholder, image rep is providing a placeholder image for <private>
2026-09-16 18:23:32.325 I  PeachCommander[1127:1c14] [com.apple.AppKit:Image] ISImage reported a placeholder, image rep is providing a placeholder image for <private>
2026-09-16 18:23:32.325 I  PeachCommander[1127:1c14] [com.apple.AppKit:Image] ISImage reported a placeholder, image rep is providing a placeholder image for <private>
2026-09-16 18:23:32.325 I  PeachCommander[1127:1c14] [com.apple.AppKit:Image] ISImage reported a placeholder, image rep is providing a placeholder image for <private>
2026-09-16 18:23:32.325 I  PeachCommander[1127:1c14] [com.apple.AppKit:Image] ISImage reported a placeholder, image rep is providing a placeholder image for <private>
2026-09-16 18:23:32.325 I  PeachCommander[1127:1c14] [com.apple.AppKit:Image] ISImage reported a placeholder, image rep is providing a placeholder image for <private>
2026-09-16 18:23:32.325 I  PeachCommander[1127:1c14] [com.apple.AppKit:Image] ISImage reported a placeholder, image rep is providing a placeholder image for <private>
2026-09-16 18:23:32.326 I  PeachCommander[1127:1c14] [com.apple.AppKit:Image] ISImage reported a placeholder, image rep is providing a placeholder image for <private>
2026-09-16 18:23:32.326 I  PeachCommander[1127:1c14] [com.apple.AppKit:Image] ISImage reported a placeholder, image rep is providing a placeholder image for <private>
2026-09-16 18:23:32.326 I  PeachCommander[1127:1c14] [com.apple.AppKit:Image] ISImage reported a placeholder, image rep is providing a placeholder image for <private>
2026-09-16 18:23:32.326 I  PeachCommander[1127:1c14] [com.apple.AppKit:Image] ISImage reported a placeholder, image rep is providing a placeholder image for <private>
2026-09-16 18:23:32.326 I  PeachCommander[1127:1c14] [com.apple.AppKit:Image] ISImage reported a placeholder, image rep is providing a placeholder image for <private>
2026-09-16 18:23:32.326 I  PeachCommander[1127:1c14] [com.apple.AppKit:Image] ISImage reported a placeholder, image rep is providing a placeholder image for <private>
2026-09-16 18:23:32.326 I  PeachCommander[1127:1c14] [com.apple.AppKit:Image] ISImage reported a placeholder, image rep is providing a placeholder image for <private>
2026-09-16 18:23:32.326 I  PeachCommander[1127:1c14] [com.apple.AppKit:Image] ISImage reported a placeholder, image rep is providing a placeholder image for <private>
2026-09-16 18:23:32.326 I  PeachCommander[1127:1c14] [com.apple.AppKit:Image] ISImage reported a placeholder, image rep is providing a placeholder image for <private>
2026-09-16 18:23:32.326 I  PeachCommander[1127:1c14] [com.apple.AppKit:Image] ISImage reported a placeholder, image rep is providing a placeholder image for <private>
2026-09-16 18:23:32.327 I  PeachCommander[1127:1c14] [com.apple.AppKit:Image] ISImage reported a placeholder, image rep is providing a placeholder image for <private>
2026-09-16 18:23:32.327 I  PeachCommander[1127:1c14] [com.apple.AppKit:Image] ISImage reported a placeholder, image rep is providing a placeholder image for <private>
2026-09-16 18:23:32.327 I  PeachCommander[1127:1c14] [com.apple.AppKit:Image] ISImage reported a placeholder, image rep is providing a placeholder image for <private>
2026-09-16 18:23:32.327 I  PeachCommander[1127:1c14] [com.apple.AppKit:Image] ISImage reported a placeholder, image rep is providing a placeholder image for <private>
2026-09-16 18:23:32.327 I  PeachCommander[1127:1c14] [com.apple.AppKit:Image] ISImage reported a placeholder, image rep is providing a placeholder image for <private>
2026-09-16 18:23:32.332 I  PeachCommander[1127:1c14] [com.apple.AppKit:Image] ISImage reported a placeholder, image rep is providing a placeholder image for <private>
2026-09-16 18:23:32.332 I  PeachCommander[1127:1c14] [com.apple.AppKit:Image] ISImage reported a placeholder, image rep is providing a placeholder image for <private>
2026-09-16 18:23:32.332 I  PeachCommander[1127:1c14] [com.apple.AppKit:Image] ISImage reported a placeholder, image rep is providing a placeholder image for <private>
2026-09-16 18:23:32.333 I  PeachCommander[1127:1c14] [com.apple.AppKit:Image] ISImage reported a placeholder, image rep is providing a placeholder image for <private>
2026-09-16 18:23:32.333 I  PeachCommander[1127:1c14] [com.apple.AppKit:Image] ISImage reported a placeholder, image rep is providing a placeholder image for <private>
2026-09-16 18:23:32.333 I  PeachCommander[1127:1c14] [com.apple.AppKit:Image] ISImage reported a placeholder, image rep is providing a placeholder image for <private>
2026-09-16 18:23:32.334 I  PeachCommander[1127:1c14] [com.apple.AppKit:Image] ISImage reported a placeholder, image rep is providing a placeholder image for <private>
2026-09-16 18:23:32.334 I  PeachCommander[1127:1c14] [com.apple.AppKit:Image] ISImage reported a placeholder, image rep is providing a placeholder image for <private>
2026-09-16 18:23:32.334 I  PeachCommander[1127:1c14] [com.apple.AppKit:Image] ISImage reported a placeholder, image rep is providing a placeholder image for <private>
2026-09-16 18:23:32.334 I  PeachCommander[1127:1c14] [com.apple.AppKit:Image] ISImage reported a placeholder, image rep is providing a placeholder image for <private>
2026-09-16 18:23:32.334 I  PeachCommander[1127:1c14] [com.apple.AppKit:Image] ISImage reported a placeholder, image rep is providing a placeholder image for <private>
2026-09-16 18:23:32.334 I  PeachCommander[1127:1c14] [com.apple.AppKit:Image] ISImage reported a placeholder, image rep is providing a placeholder image for <private>
2026-09-16 18:23:32.334 I  PeachCommander[1127:1c14] [com.apple.AppKit:Image] ISImage reported a placeholder, image rep is providing a placeholder image for <private>
2026-09-16 18:23:32.334 I  PeachCommander[1127:1c14] [com.apple.AppKit:Image] ISImage reported a placeholder, image rep is providing a placeholder image for <private>
2026-09-16 18:23:32.334 I  PeachCommander[1127:1c14] [com.apple.AppKit:Image] ISImage reported a placeholder, image rep is providing a placeholder image for <private>
2026-09-16 18:23:32.383 I  PeachCommander[1127:1c8d] [com.apple.iconservices:foundation] layer data size zero
2026-09-16 18:23:32.410 I  PeachCommander[1127:1c14] [com.apple.AppKit:Image] ISImage reported a placeholder, image rep is providing a placeholder image for <private>
2026-09-16 18:23:32.410 I  PeachCommander[1127:1c14] [com.apple.AppKit:Image] ISImage reported a placeholder, image rep is providing a placeholder image for <private>
2026-09-16 18:23:32.410 I  PeachCommander[1127:1c14] [com.apple.AppKit:Image] ISImage reported a placeholder, image rep is providing a placeholder image for <private>
2026-09-16 18:23:32.412 I  PeachCommander[1127:1c14] [com.apple.AppKit:Image] ISImage reported a placeholder, image rep is providing a placeholder image for <private>
2026-09-16 18:23:32.412 I  PeachCommander[1127:1c14] [com.apple.AppKit:Image] ISImage reported a placeholder, image rep is providing a placeholder image for <private>
2026-09-16 18:23:32.412 I  PeachCommander[1127:1c14] [com.apple.AppKit:Image] ISImage reported a placeholder, image rep is providing a placeholder image for <private>
2026-09-16 18:23:32.413 I  PeachCommander[1127:1c14] [com.apple.AppKit:Image] ISImage reported a placeholder, image rep is providing a placeholder image for <private>
2026-09-16 18:23:32.413 I  PeachCommander[1127:1c14] [com.apple.AppKit:Image] ISImage reported a placeholder, image rep is providing a placeholder image for <private>
2026-09-16 18:23:32.413 I  PeachCommander[1127:1c14] [com.apple.AppKit:Image] ISImage reported a placeholder, image rep is providing a placeholder image for <private>
2026-09-16 18:23:32.415 I  PeachCommander[1127:1c14] [com.apple.AppKit:Image] ISImage reported a placeholder, image rep is providing a placeholder image for <private>
2026-09-16 18:23:32.415 I  PeachCommander[1127:1c14] [com.apple.AppKit:Image] ISImage reported a placeholder, image rep is providing a placeholder image for <private>
2026-09-16 18:23:32.415 I  PeachCommander[1127:1c14] [com.apple.AppKit:Image] ISImage reported a placeholder, image rep is providing a placeholder image for <private>
2026-09-16 18:23:32.417 I  PeachCommander[1127:1c14] [com.apple.AppKit:Image] ISImage reported a placeholder, image rep is providing a placeholder image for <private>
2026-09-16 18:23:32.418 I  PeachCommander[1127:1c14] [com.apple.AppKit:Image] ISImage reported a placeholder, image rep is providing a placeholder image for <private>
2026-09-16 18:23:32.418 I  PeachCommander[1127:1c14] [com.apple.AppKit:Image] ISImage reported a placeholder, image rep is providing a placeholder image for <private>
2026-09-16 18:23:32.421 I  PeachCommander[1127:1c14] [com.apple.AppKit:Image] ISImage reported a placeholder, image rep is providing a placeholder image for <private>
2026-09-16 18:23:32.421 I  PeachCommander[1127:1c14] [com.apple.AppKit:Image] ISImage reported a placeholder, image rep is providing a placeholder image for <private>
2026-09-16 18:23:32.421 I  PeachCommander[1127:1c14] [com.apple.AppKit:Image] ISImage reported a placeholder, image rep is providing a placeholder image for <private>
2026-09-16 18:23:32.423 I  PeachCommander[1127:1c14] [com.apple.AppKit:Image] ISImage reported a placeholder, image rep is providing a placeholder image for <private>
2026-09-16 18:23:32.423 I  PeachCommander[1127:1c14] [com.apple.AppKit:Image] ISImage reported a placeholder, image rep is providing a placeholder image for <private>
2026-09-16 18:23:32.423 I  PeachCommander[1127:1c14] [com.apple.AppKit:Image] ISImage reported a placeholder, image rep is providing a placeholder image for <private>
2026-09-16 18:23:32.449 I  PeachCommander[1127:1c8e] [com.apple.iconservices:foundation] layer data size zero
2026-09-16 18:23:32.461 I  PeachCommander[1127:1c14] [com.apple.AppKit:Image] ISImage reported a placeholder, image rep is providing a placeholder image for <private>
2026-09-16 18:23:32.462 I  PeachCommander[1127:1c14] [com.apple.AppKit:Image] ISImage reported a placeholder, image rep is providing a placeholder image for <private>
2026-09-16 18:23:32.463 I  PeachCommander[1127:1c14] [com.apple.AppKit:Image] ISImage reported a placeholder, image rep is providing a placeholder image for <private>
2026-09-16 18:23:32.464 I  PeachCommander[1127:1c14] [com.apple.AppKit:Image] ISImage reported a placeholder, image rep is providing a placeholder image for <private>
2026-09-16 18:23:32.465 I  PeachCommander[1127:1c14] [com.apple.AppKit:Image] ISImage reported a placeholder, image rep is providing a placeholder image for <private>
2026-09-16 18:23:32.466 I  PeachCommander[1127:1c14] [com.apple.AppKit:Image] ISImage reported a placeholder, image rep is providing a placeholder image for <private>
2026-09-16 18:23:32.467 I  PeachCommander[1127:1c14] [com.apple.AppKit:Image] ISImage reported a placeholder, image rep is providing a placeholder image for <private>
2026-09-16 18:23:32.468 I  PeachCommander[1127:1c14] [com.apple.AppKit:Image] ISImage reported a placeholder, image rep is providing a placeholder image for <private>
2026-09-16 18:23:32.468 I  PeachCommander[1127:1c14] [com.apple.AppKit:Image] ISImage reported a placeholder, image rep is providing a placeholder image for <private>
2026-09-16 18:23:32.470 I  PeachCommander[1127:1c14] [com.apple.AppKit:Image] ISImage reported a placeholder, image rep is providing a placeholder image for <private>
2026-09-16 18:23:32.470 I  PeachCommander[1127:1c14] [com.apple.AppKit:Image] ISImage reported a placeholder, image rep is providing a placeholder image for <private>
2026-09-16 18:23:32.472 I  PeachCommander[1127:1c14] [com.apple.AppKit:Image] ISImage reported a placeholder, image rep is providing a placeholder image for <private>
2026-09-16 18:23:32.473 I  PeachCommander[1127:1c14] [com.apple.AppKit:Image] ISImage reported a placeholder, image rep is providing a placeholder image for <private>
2026-09-16 18:23:32.475 I  PeachCommander[1127:1c14] [com.apple.AppKit:Image] ISImage reported a placeholder, image rep is providing a placeholder image for <private>
2026-09-16 18:23:32.475 I  PeachCommander[1127:1c14] [com.apple.AppKit:Image] ISImage reported a placeholder, image rep is providing a placeholder image for <private>
2026-09-16 18:23:32.477 I  PeachCommander[1127:1c14] [com.apple.AppKit:Image] ISImage reported a placeholder, image rep is providing a placeholder image for <private>
2026-09-16 18:23:32.477 I  PeachCommander[1127:1c14] [com.apple.AppKit:Image] ISImage reported a placeholder, image rep is providing a placeholder image for <private>
2026-09-16 18:23:32.479 I  PeachCommander[1127:1c14] [com.apple.AppKit:Image] ISImage reported a placeholder, image rep is providing a placeholder image for <private>
2026-09-16 18:23:32.479 I  PeachCommander[1127:1c14] [com.apple.AppKit:Image] ISImage reported a placeholder, image rep is providing a placeholder image for <private>
2026-09-16 18:23:32.481 I  PeachCommander[1127:1c14] [com.apple.AppKit:Image] ISImage reported a placeholder, image rep is providing a placeholder image for <private>
2026-09-16 18:23:32.481 I  PeachCommander[1127:1c14] [com.apple.AppKit:Image] ISImage reported a placeholder, image rep is providing a placeholder image for <private>
2026-09-16 18:23:32.482 I  PeachCommander[1127:1c14] [com.apple.AppKit:Image] ISImage reported a placeholder, image rep is providing a placeholder image for <private>
2026-09-16 18:23:32.482 I  PeachCommander[1127:1c14] [com.apple.AppKit:Image] ISImage reported a placeholder, image rep is providing a placeholder image for <private>
2026-09-16 18:23:32.484 I  PeachCommander[1127:1c14] [com.apple.AppKit:Image] ISImage reported a placeholder, image rep is providing a placeholder image for <private>
2026-09-16 18:23:32.484 I  PeachCommander[1127:1c14] [com.apple.AppKit:Image] ISImage reported a placeholder, image rep is providing a placeholder image for <private>
2026-09-16 18:23:32.486 I  PeachCommander[1127:1c14] [com.apple.AppKit:Image] ISImage reported a placeholder, image rep is providing a placeholder image for <private>
2026-09-16 18:23:32.486 I  PeachCommander[1127:1c14] [com.apple.AppKit:Image] ISImage reported a placeholder, image rep is providing a placeholder image for <private>
2026-09-16 18:23:32.488 I  PeachCommander[1127:1c14] [com.apple.AppKit:Image] ISImage reported a placeholder, image rep is providing a placeholder image for <private>
2026-09-16 18:23:32.488 I  PeachCommander[1127:1c14] [com.apple.AppKit:Image] ISImage reported a placeholder, image rep is providing a placeholder image for <private>
2026-09-16 18:23:32.490 I  PeachCommander[1127:1c14] [com.apple.AppKit:Image] ISImage reported a placeholder, image rep is providing a placeholder image for <private>
2026-09-16 18:23:32.490 I  PeachCommander[1127:1c14] [com.apple.AppKit:Image] ISImage reported a placeholder, image rep is providing a placeholder image for <private>
2026-09-16 18:23:32.492 I  PeachCommander[1127:1c14] [com.apple.AppKit:Image] ISImage reported a placeholder, image rep is providing a placeholder image for <private>
2026-09-16 18:23:32.492 I  PeachCommander[1127:1c14] [com.apple.AppKit:Image] ISImage reported a placeholder, image rep is providing a placeholder image for <private>
2026-09-16 18:23:32.494 I  PeachCommander[1127:1c14] [com.apple.AppKit:Image] ISImage reported a placeholder, image rep is providing a placeholder image for <private>
2026-09-16 18:23:32.494 I  PeachCommander[1127:1c14] [com.apple.AppKit:Image] ISImage reported a placeholder, image rep is providing a placeholder image for <private>
2026-09-16 18:23:32.496 I  PeachCommander[1127:1c14] [com.apple.AppKit:Image] ISImage reported a placeholder, image rep is providing a placeholder image for <private>
2026-09-16 18:23:32.496 I  PeachCommander[1127:1c14] [com.apple.AppKit:Image] ISImage reported a placeholder, image rep is providing a placeholder image for <private>
2026-09-16 18:23:32.497 I  PeachCommander[1127:1c14] [com.apple.AppKit:Image] ISImage reported a placeholder, image rep is providing a placeholder image for <private>
2026-09-16 18:23:32.497 I  PeachCommander[1127:1c14] [com.apple.AppKit:Image] ISImage reported a placeholder, image rep is providing a placeholder image for <private>
2026-09-16 18:23:32.499 I  PeachCommander[1127:1c14] [com.apple.AppKit:Image] ISImage reported a placeholder, image rep is providing a placeholder image for <private>
2026-09-16 18:23:32.499 I  PeachCommander[1127:1c14] [com.apple.AppKit:Image] ISImage reported a placeholder, image rep is providing a placeholder image for <private>
2026-09-16 18:23:32.501 I  PeachCommander[1127:1c14] [com.apple.AppKit:Image] ISImage reported a placeholder, image rep is providing a placeholder image for <private>
2026-09-16 18:23:32.501 I  PeachCommander[1127:1c14] [com.apple.AppKit:Image] ISImage reported a placeholder, image rep is providing a placeholder image for <private>
2026-09-16 18:23:32.503 I  PeachCommander[1127:1c14] [com.apple.AppKit:Image] ISImage reported a placeholder, image rep is providing a placeholder image for <private>
2026-09-16 18:23:32.503 I  PeachCommander[1127:1c14] [com.apple.AppKit:Image] ISImage reported a placeholder, image rep is providing a placeholder image for <private>
2026-09-16 18:23:32.504 I  PeachCommander[1127:1c14] [com.apple.AppKit:Image] ISImage reported a placeholder, image rep is providing a placeholder image for <private>
2026-09-16 18:23:32.504 I  PeachCommander[1127:1c14] [com.apple.AppKit:Image] ISImage reported a placeholder, image rep is providing a placeholder image for <private>
2026-09-16 18:23:32.506 I  PeachCommander[1127:1c14] [com.apple.AppKit:Image] ISImage reported a placeholder, image rep is providing a placeholder image for <private>
2026-09-16 18:23:32.506 I  PeachCommander[1127:1c14] [com.apple.AppKit:Image] ISImage reported a placeholder, image rep is providing a placeholder image for <private>
2026-09-16 18:23:32.508 I  PeachCommander[1127:1c14] [com.apple.AppKit:Image] ISImage reported a placeholder, image rep is providing a placeholder image for <private>
2026-09-16 18:23:32.508 I  PeachCommander[1127:1c14] [com.apple.AppKit:Image] ISImage reported a placeholder, image rep is providing a placeholder image for <private>
2026-09-16 18:23:32.509 I  PeachCommander[1127:1c14] [com.apple.AppKit:Image] ISImage reported a placeholder, image rep is providing a placeholder image for <private>
2026-09-16 18:23:32.510 I  PeachCommander[1127:1c14] [com.apple.AppKit:Image] ISImage reported a placeholder, image rep is providing a placeholder image for <private>
2026-09-16 18:23:32.511 I  PeachCommander[1127:1c14] [com.apple.AppKit:Image] ISImage reported a placeholder, image rep is providing a placeholder image for <private>
2026-09-16 18:23:32.511 I  PeachCommander[1127:1c14] [com.apple.AppKit:Image] ISImage reported a placeholder, image rep is providing a placeholder image for <private>
2026-09-16 18:23:32.513 I  PeachCommander[1127:1c14] [com.apple.AppKit:Image] ISImage reported a placeholder, image rep is providing a placeholder image for <private>
2026-09-16 18:23:32.513 I  PeachCommander[1127:1c14] [com.apple.AppKit:Image] ISImage reported a placeholder, image rep is providing a placeholder image for <private>
2026-09-16 18:23:32.517 I  PeachCommander[1127:1c8a] [com.apple.iconservices:foundation] layer data size zero
2026-09-16 18:23:32.518 I  PeachCommander[1127:1d5a] [com.apple.iconservices:foundation] layer data size zero
2026-09-16 18:23:32.519 I  PeachCommander[1127:1c82] [com.apple.iconservices:foundation] layer data size zero
2026-09-16 18:23:32.519 I  PeachCommander[1127:1d36] [com.apple.iconservices:foundation] layer data size zero
2026-09-16 18:23:32.520 I  PeachCommander[1127:1d37] [com.apple.iconservices:foundation] layer data size zero
2026-09-16 18:23:32.521 I  PeachCommander[1127:1d2d] [com.apple.iconservices:foundation] layer data size zero
2026-09-16 18:23:32.521 I  PeachCommander[1127:1d33] [com.apple.iconservices:foundation] layer data size zero
2026-09-16 18:23:32.522 I  PeachCommander[1127:1d58] [com.apple.iconservices:foundation] layer data size zero
2026-09-16 18:23:32.522 I  PeachCommander[1127:1d5b] [com.apple.iconservices:foundation] layer data size zero
2026-09-16 18:23:32.523 I  PeachCommander[1127:1d56] [com.apple.iconservices:foundation] layer data size zero
2026-09-16 18:23:32.523 I  PeachCommander[1127:1d54] [com.apple.iconservices:foundation] layer data size zero
2026-09-16 18:23:32.524 I  PeachCommander[1127:1d59] [com.apple.iconservices:foundation] layer data size zero
2026-09-16 18:23:32.524 I  PeachCommander[1127:1d2a] [com.apple.iconservices:foundation] layer data size zero
2026-09-16 18:23:32.524 I  PeachCommander[1127:1d57] [com.apple.iconservices:foundation] layer data size zero
2026-09-16 18:23:32.559 I  PeachCommander[1127:1d12] [com.apple.iconservices:foundation] layer data size zero
2026-09-16 18:23:32.560 I  PeachCommander[1127:1d51] [com.apple.iconservices:foundation] layer data size zero
2026-09-16 18:23:32.601 I  PeachCommander[1127:1d55] [com.apple.iconservices:foundation] layer data size zero
2026-09-16 18:23:32.602 I  PeachCommander[1127:1d4f] [com.apple.iconservices:foundation] layer data size zero
2026-09-16 18:23:32.602 I  PeachCommander[1127:1d53] [com.apple.iconservices:foundation] layer data size zero
2026-09-16 18:23:32.602 I  PeachCommander[1127:1d52] [com.apple.iconservices:foundation] layer data size zero
2026-09-16 18:23:32.602 I  PeachCommander[1127:1d4c] [com.apple.iconservices:foundation] layer data size zero
2026-09-16 18:23:32.602 I  PeachCommander[1127:1d49] [com.apple.iconservices:foundation] layer data size zero
2026-09-16 18:23:32.602 I  PeachCommander[1127:1d50] [com.apple.iconservices:foundation] layer data size zero
2026-09-16 18:23:32.602 I  PeachCommander[1127:1d4e] [com.apple.iconservices:foundation] layer data size zero
2026-09-16 18:23:32.602 I  PeachCommander[1127:1d5c] [com.apple.iconservices:foundation] layer data size zero
2026-09-16 18:23:32.603 I  PeachCommander[1127:1d4d] [com.apple.iconservices:foundation] layer data size zero
2026-09-16 18:23:32.603 I  PeachCommander[1127:1d45] [com.apple.iconservices:foundation] layer data size zero
2026-09-16 18:23:32.603 I  PeachCommander[1127:1d4b] [com.apple.iconservices:foundation] layer data size zero
2026-09-16 18:23:32.603 I  PeachCommander[1127:1d4a] [com.apple.iconservices:foundation] layer data size zero
2026-09-16 18:23:32.603 I  PeachCommander[1127:1d43] [com.apple.iconservices:foundation] layer data size zero
2026-09-16 18:23:32.603 I  PeachCommander[1127:1d48] [com.apple.iconservices:foundation] layer data size zero
2026-09-16 18:23:32.603 I  PeachCommander[1127:1d46] [com.apple.iconservices:foundation] layer data size zero
2026-09-16 18:23:32.603 I  PeachCommander[1127:1d40] [com.apple.iconservices:foundation] layer data size zero
2026-09-16 18:23:32.604 I  PeachCommander[1127:1d44] [com.apple.iconservices:foundation] layer data size zero
2026-09-16 18:23:32.604 I  PeachCommander[1127:1d3e] [com.apple.iconservices:foundation] layer data size zero
2026-09-16 18:23:32.604 I  PeachCommander[1127:1d42] [com.apple.iconservices:foundation] layer data size zero
2026-09-16 18:23:32.605 I  PeachCommander[1127:1d3d] [com.apple.iconservices:foundation] layer data size zero
2026-09-16 18:23:32.605 I  PeachCommander[1127:1d3f] [com.apple.iconservices:foundation] layer data size zero
2026-09-16 18:23:32.658 I  PeachCommander[1127:1d3f] [com.apple.AppKit:WindowTab] Indexing 1 items
2026-09-16 18:23:32.658 A  PeachCommander[1127:1d3f] (CoreSpotlight) end-index-batch
2026-09-16 18:23:32.658 A  PeachCommander[1127:1d3f] (CoreSpotlight) index-items
2026-09-16 18:23:32.658 Df PeachCommander[1127:1d3f] [com.apple.corespotlight:index] CSInlineDonation:<private>: Skipping donation (feature flag disabled)
2026-09-16 18:23:32.658 Df PeachCommander[1127:1d3d] [com.apple.corespotlight:index] CSInlineDonation:<private>: Skipping donation (feature flag disabled)
2026-09-16 18:23:32.659 I  PeachCommander[1127:1c8d] [com.apple.iconservices:foundation] layer data size zero
2026-09-16 18:23:32.703 I  PeachCommander[1127:1d35] [com.apple.iconservices:foundation] layer data size zero
2026-09-16 18:23:32.753 I  PeachCommander[1127:1d3a] [com.apple.iconservices:foundation] layer data size zero
2026-09-16 18:23:32.753 I  PeachCommander[1127:1d38] [com.apple.iconservices:foundation] layer data size zero
2026-09-16 18:23:32.796 I  PeachCommander[1127:1d32] [com.apple.iconservices:foundation] layer data size zero
2026-09-16 18:23:32.797 I  PeachCommander[1127:1d34] [com.apple.iconservices:foundation] layer data size zero
2026-09-16 18:23:32.797 I  PeachCommander[1127:1c14] [com.apple.AppKit:Image] ISImage reported a placeholder, image rep is providing a placeholder image for <private>
2026-09-16 18:23:32.797 I  PeachCommander[1127:1c14] [com.apple.AppKit:Image] ISImage reported a placeholder, image rep is providing a placeholder image for <private>
2026-09-16 18:23:32.853 I  PeachCommander[1127:1d39] [com.apple.iconservices:foundation] layer data size zero
2026-09-16 18:23:32.853 I  PeachCommander[1127:1d30] [com.apple.iconservices:foundation] layer data size zero
2026-09-16 18:23:32.853 I  PeachCommander[1127:1c14] [com.apple.AppKit:Image] ISImage reported a placeholder, image rep is providing a placeholder image for <private>
2026-09-16 18:23:32.854 I  PeachCommander[1127:1c14] [com.apple.AppKit:Image] ISImage reported a placeholder, image rep is providing a placeholder image for <private>
2026-09-16 18:23:32.894 I  PeachCommander[1127:1d2e] [com.apple.iconservices:foundation] layer data size zero
2026-09-16 18:23:32.895 I  PeachCommander[1127:1c14] [com.apple.AppKit:Image] ISImage reported a placeholder, image rep is providing a placeholder image for <private>
2026-09-16 18:23:32.941 I  PeachCommander[1127:1d2f] [com.apple.iconservices:foundation] layer data size zero
2026-09-16 18:23:32.941 I  PeachCommander[1127:1c8e] [com.apple.iconservices:foundation] layer data size zero
2026-09-16 18:23:32.941 I  PeachCommander[1127:1c14] [com.apple.AppKit:Image] ISImage reported a placeholder, image rep is providing a placeholder image for <private>
2026-09-16 18:23:32.942 I  PeachCommander[1127:1c14] [com.apple.AppKit:Image] ISImage reported a placeholder, image rep is providing a placeholder image for <private>
2026-09-16 18:23:32.988 I  PeachCommander[1127:1cfe] [com.apple.iconservices:foundation] layer data size zero
2026-09-16 18:23:32.988 I  PeachCommander[1127:1d2c] [com.apple.iconservices:foundation] layer data size zero
2026-09-16 18:23:32.988 I  PeachCommander[1127:1c14] [com.apple.AppKit:Image] ISImage reported a placeholder, image rep is providing a placeholder image for <private>
2026-09-16 18:23:32.988 I  PeachCommander[1127:1d2b] [com.apple.iconservices:foundation] layer data size zero
2026-09-16 18:23:32.988 I  PeachCommander[1127:1d10] [com.apple.iconservices:foundation] layer data size zero
2026-09-16 18:23:32.988 I  PeachCommander[1127:1c3e] [com.apple.iconservices:foundation] layer data size zero
2026-09-16 18:23:32.988 I  PeachCommander[1127:1ded] [com.apple.iconservices:foundation] layer data size zero
2026-09-16 18:23:32.988 I  PeachCommander[1127:1c14] [com.apple.AppKit:Image] ISImage reported a placeholder, image rep is providing a placeholder image for <private>
2026-09-16 18:23:32.988 I  PeachCommander[1127:1dee] [com.apple.iconservices:foundation] layer data size zero
2026-09-16 18:23:32.988 I  PeachCommander[1127:1def] [com.apple.iconservices:foundation] layer data size zero
2026-09-16 18:23:32.988 I  PeachCommander[1127:1c14] [com.apple.AppKit:Image] ISImage reported a placeholder, image rep is providing a placeholder image for <private>
2026-09-16 18:23:32.989 I  PeachCommander[1127:1c14] [com.apple.AppKit:Image] ISImage reported a placeholder, image rep is providing a placeholder image for <private>
2026-09-16 18:23:32.989 I  PeachCommander[1127:1c14] [com.apple.AppKit:Image] ISImage reported a placeholder, image rep is providing a placeholder image for <private>
2026-09-16 18:23:32.989 I  PeachCommander[1127:1c14] [com.apple.AppKit:Image] ISImage reported a placeholder, image rep is providing a placeholder image for <private>
2026-09-16 18:23:32.989 I  PeachCommander[1127:1c14] [com.apple.AppKit:Image] ISImage reported a placeholder, image rep is providing a placeholder image for <private>
2026-09-16 18:23:32.989 I  PeachCommander[1127:1c14] [com.apple.AppKit:Image] ISImage reported a placeholder, image rep is providing a placeholder image for <private>
2026-09-16 18:23:33.066 I  PeachCommander[1127:1df0] [com.apple.iconservices:foundation] layer data size zero
2026-09-16 18:23:33.144 I  PeachCommander[1127:1df2] [com.apple.iconservices:foundation] layer data size zero
2026-09-16 18:23:33.228 I  PeachCommander[1127:1df3] [com.apple.iconservices:foundation] layer data size zero
2026-09-16 18:23:33.307 I  PeachCommander[1127:1df4] [com.apple.iconservices:foundation] layer data size zero
2026-09-16 18:23:33.308 I  PeachCommander[1127:1df5] [com.apple.iconservices:foundation] layer data size zero
2026-09-16 18:23:33.385 I  PeachCommander[1127:1df6] [com.apple.iconservices:foundation] layer data size zero
2026-09-16 18:23:33.387 I  PeachCommander[1127:1df7] [com.apple.iconservices:foundation] layer data size zero
2026-09-16 18:23:33.387 I  PeachCommander[1127:1c8a] [com.apple.iconservices:foundation] layer data size zero
2026-09-16 18:23:33.388 I  PeachCommander[1127:1d5a] [com.apple.iconservices:foundation] layer data size zero
2026-09-16 18:23:33.388 I  PeachCommander[1127:1c82] [com.apple.iconservices:foundation] layer data size zero
2026-09-16 18:23:33.450 I  PeachCommander[1127:1d36] [com.apple.iconservices:foundation] layer data size zero
2026-09-16 18:23:33.455 Df PeachCommander[1127:1c14] (Foundation) <private>
2026-09-16 18:23:33.455 I  PeachCommander[1127:1c14] [com.peachcommander:PCFoundation] [automation] > workspacedump /Users/admin/ws-latent.txt
2026-09-16 18:23:33.457 Df PeachCommander[1127:1c14] (Foundation) <private>
2026-09-16 18:23:33.457 I  PeachCommander[1127:1c14] [com.peachcommander:PCFoundation] [automation] > wait 300
2026-09-16 18:23:33.497 I  PeachCommander[1127:1d37] [com.apple.iconservices:foundation] layer data size zero
2026-09-16 18:23:33.574 I  PeachCommander[1127:1d2d] [com.apple.iconservices:foundation] layer data size zero
2026-09-16 18:23:33.575 I  PeachCommander[1127:1d33] [com.apple.iconservices:foundation] layer data size zero
2026-09-16 18:23:33.656 I  PeachCommander[1127:1d58] [com.apple.iconservices:foundation] layer data size zero
2026-09-16 18:23:33.657 I  PeachCommander[1127:1d56] [com.apple.iconservices:foundation] layer data size zero
2026-09-16 18:23:33.657 I  PeachCommander[1127:1d5b] [com.apple.iconservices:foundation] layer data size zero
2026-09-16 18:23:33.657 I  PeachCommander[1127:1d54] [com.apple.iconservices:foundation] layer data size zero
2026-09-16 18:23:33.658 I  PeachCommander[1127:1d59] [com.apple.iconservices:foundation] layer data size zero
2026-09-16 18:23:33.658 I  PeachCommander[1127:1d57] [com.apple.iconservices:foundation] layer data size zero
2026-09-16 18:23:33.658 I  PeachCommander[1127:1d12] [com.apple.iconservices:foundation] layer data size zero
2026-09-16 18:23:33.658 I  PeachCommander[1127:1d2a] [com.apple.iconservices:foundation] layer data size zero
2026-09-16 18:23:33.658 I  PeachCommander[1127:1d51] [com.apple.iconservices:foundation] layer data size zero
2026-09-16 18:23:33.658 I  PeachCommander[1127:1d55] [com.apple.iconservices:foundation] layer data size zero
2026-09-16 18:23:33.658 I  PeachCommander[1127:1d53] [com.apple.iconservices:foundation] layer data size zero
2026-09-16 18:23:33.658 I  PeachCommander[1127:1d49] [com.apple.iconservices:foundation] layer data size zero
2026-09-16 18:23:33.658 I  PeachCommander[1127:1d4e] [com.apple.iconservices:foundation] layer data size zero
2026-09-16 18:23:33.658 I  PeachCommander[1127:1d5c] [com.apple.iconservices:foundation] layer data size zero
2026-09-16 18:23:33.658 I  PeachCommander[1127:1d52] [com.apple.iconservices:foundation] layer data size zero
2026-09-16 18:23:33.658 I  PeachCommander[1127:1d4f] [com.apple.iconservices:foundation] layer data size zero
2026-09-16 18:23:33.693 I  PeachCommander[1127:1c14] [com.apple.AppKit:Image] ISImage reported a placeholder, image rep is providing a placeholder image for <private>
2026-09-16 18:23:33.694 I  PeachCommander[1127:1c14] [com.apple.AppKit:Image] ISImage reported a placeholder, image rep is providing a placeholder image for <private>
2026-09-16 18:23:33.695 I  PeachCommander[1127:1c14] [com.apple.AppKit:Image] ISImage reported a placeholder, image rep is providing a placeholder image for <private>
2026-09-16 18:23:33.696 I  PeachCommander[1127:1c14] [com.apple.AppKit:Image] ISImage reported a placeholder, image rep is providing a placeholder image for <private>
2026-09-16 18:23:33.697 I  PeachCommander[1127:1c14] [com.apple.AppKit:Image] ISImage reported a placeholder, image rep is providing a placeholder image for <private>
2026-09-16 18:23:33.698 I  PeachCommander[1127:1c14] [com.apple.AppKit:Image] ISImage reported a placeholder, image rep is providing a placeholder image for <private>
2026-09-16 18:23:33.699 I  PeachCommander[1127:1c14] [com.apple.AppKit:Image] ISImage reported a placeholder, image rep is providing a placeholder image for <private>
2026-09-16 18:23:33.700 I  PeachCommander[1127:1c14] [com.apple.AppKit:Image] ISImage reported a placeholder, image rep is providing a placeholder image for <private>
2026-09-16 18:23:33.701 I  PeachCommander[1127:1c14] [com.apple.AppKit:Image] ISImage reported a placeholder, image rep is providing a placeholder image for <private>
2026-09-16 18:23:33.701 I  PeachCommander[1127:1c14] [com.apple.AppKit:Image] ISImage reported a placeholder, image rep is providing a placeholder image for <private>
2026-09-16 18:23:33.702 I  PeachCommander[1127:1c14] [com.apple.AppKit:Image] ISImage reported a placeholder, image rep is providing a placeholder image for <private>
2026-09-16 18:23:33.703 I  PeachCommander[1127:1c14] [com.apple.AppKit:Image] ISImage reported a placeholder, image rep is providing a placeholder image for <private>
2026-09-16 18:23:33.704 I  PeachCommander[1127:1c14] [com.apple.AppKit:Image] ISImage reported a placeholder, image rep is providing a placeholder image for <private>
2026-09-16 18:23:33.705 I  PeachCommander[1127:1c14] [com.apple.AppKit:Image] ISImage reported a placeholder, image rep is providing a placeholder image for <private>
2026-09-16 18:23:33.706 I  PeachCommander[1127:1c14] [com.apple.AppKit:Image] ISImage reported a placeholder, image rep is providing a placeholder image for <private>
2026-09-16 18:23:33.707 I  PeachCommander[1127:1c14] [com.apple.AppKit:Image] ISImage reported a placeholder, image rep is providing a placeholder image for <private>
2026-09-16 18:23:33.708 I  PeachCommander[1127:1c14] [com.apple.AppKit:Image] ISImage reported a placeholder, image rep is providing a placeholder image for <private>
2026-09-16 18:23:33.709 I  PeachCommander[1127:1c14] [com.apple.AppKit:Image] ISImage reported a placeholder, image rep is providing a placeholder image for <private>
2026-09-16 18:23:33.710 I  PeachCommander[1127:1c14] [com.apple.AppKit:Image] ISImage reported a placeholder, image rep is providing a placeholder image for <private>
2026-09-16 18:23:33.711 I  PeachCommander[1127:1c14] [com.apple.AppKit:Image] ISImage reported a placeholder, image rep is providing a placeholder image for <private>
2026-09-16 18:23:33.712 I  PeachCommander[1127:1c14] [com.apple.AppKit:Image] ISImage reported a placeholder, image rep is providing a placeholder image for <private>
2026-09-16 18:23:33.714 I  PeachCommander[1127:1c14] [com.apple.AppKit:Image] ISImage reported a placeholder, image rep is providing a placeholder image for <private>
2026-09-16 18:23:33.714 I  PeachCommander[1127:1c14] [com.apple.AppKit:Image] ISImage reported a placeholder, image rep is providing a placeholder image for <private>
2026-09-16 18:23:33.715 I  PeachCommander[1127:1c14] [com.apple.AppKit:Image] ISImage reported a placeholder, image rep is providing a placeholder image for <private>
2026-09-16 18:23:33.716 I  PeachCommander[1127:1c14] [com.apple.AppKit:Image] ISImage reported a placeholder, image rep is providing a placeholder image for <private>
2026-09-16 18:23:33.716 I  PeachCommander[1127:1c14] [com.apple.AppKit:Image] ISImage reported a placeholder, image rep is providing a placeholder image for <private>
2026-09-16 18:23:33.718 I  PeachCommander[1127:1c14] [com.apple.AppKit:Image] ISImage reported a placeholder, image rep is providing a placeholder image for <private>
2026-09-16 18:23:33.718 I  PeachCommander[1127:1c14] [com.apple.AppKit:Image] ISImage reported a placeholder, image rep is providing a placeholder image for <private>
2026-09-16 18:23:33.719 I  PeachCommander[1127:1c14] [com.apple.AppKit:Image] ISImage reported a placeholder, image rep is providing a placeholder image for <private>
2026-09-16 18:23:33.720 I  PeachCommander[1127:1c14] [com.apple.AppKit:Image] ISImage reported a placeholder, image rep is providing a placeholder image for <private>
2026-09-16 18:23:33.721 I  PeachCommander[1127:1c14] [com.apple.AppKit:Image] ISImage reported a placeholder, image rep is providing a placeholder image for <private>
2026-09-16 18:23:33.722 I  PeachCommander[1127:1c14] [com.apple.AppKit:Image] ISImage reported a placeholder, image rep is providing a placeholder image for <private>
2026-09-16 18:23:33.723 I  PeachCommander[1127:1c14] [com.apple.AppKit:Image] ISImage reported a placeholder, image rep is providing a placeholder image for <private>
2026-09-16 18:23:33.723 I  PeachCommander[1127:1c14] [com.apple.AppKit:Image] ISImage reported a placeholder, image rep is providing a placeholder image for <private>
2026-09-16 18:23:33.725 I  PeachCommander[1127:1c14] [com.apple.AppKit:Image] ISImage reported a placeholder, image rep is providing a placeholder image for <private>
2026-09-16 18:23:33.725 I  PeachCommander[1127:1c14] [com.apple.AppKit:Image] ISImage reported a placeholder, image rep is providing a placeholder image for <private>
2026-09-16 18:23:33.727 I  PeachCommander[1127:1c14] [com.apple.AppKit:Image] ISImage reported a placeholder, image rep is providing a placeholder image for <private>
2026-09-16 18:23:33.727 I  PeachCommander[1127:1c14] [com.apple.AppKit:Image] ISImage reported a placeholder, image rep is providing a placeholder image for <private>
2026-09-16 18:23:33.728 I  PeachCommander[1127:1c14] [com.apple.AppKit:Image] ISImage reported a placeholder, image rep is providing a placeholder image for <private>
2026-09-16 18:23:33.728 I  PeachCommander[1127:1c14] [com.apple.AppKit:Image] ISImage reported a placeholder, image rep is providing a placeholder image for <private>
2026-09-16 18:23:33.730 I  PeachCommander[1127:1c14] [com.apple.AppKit:Image] ISImage reported a placeholder, image rep is providing a placeholder image for <private>
2026-09-16 18:23:33.730 I  PeachCommander[1127:1c14] [com.apple.AppKit:Image] ISImage reported a placeholder, image rep is providing a placeholder image for <private>
2026-09-16 18:23:33.732 I  PeachCommander[1127:1c14] [com.apple.AppKit:Image] ISImage reported a placeholder, image rep is providing a placeholder image for <private>
2026-09-16 18:23:33.732 I  PeachCommander[1127:1c14] [com.apple.AppKit:Image] ISImage reported a placeholder, image rep is providing a placeholder image for <private>
2026-09-16 18:23:33.735 I  PeachCommander[1127:1c14] [com.apple.AppKit:Image] ISImage reported a placeholder, image rep is providing a placeholder image for <private>
2026-09-16 18:23:33.735 I  PeachCommander[1127:1c14] [com.apple.AppKit:Image] ISImage reported a placeholder, image rep is providing a placeholder image for <private>
2026-09-16 18:23:33.737 I  PeachCommander[1127:1c14] [com.apple.AppKit:Image] ISImage reported a placeholder, image rep is providing a placeholder image for <private>
2026-09-16 18:23:33.737 I  PeachCommander[1127:1c14] [com.apple.AppKit:Image] ISImage reported a placeholder, image rep is providing a placeholder image for <private>
2026-09-16 18:23:33.739 I  PeachCommander[1127:1c14] [com.apple.AppKit:Image] ISImage reported a placeholder, image rep is providing a placeholder image for <private>
2026-09-16 18:23:33.739 I  PeachCommander[1127:1c14] [com.apple.AppKit:Image] ISImage reported a placeholder, image rep is providing a placeholder image for <private>
2026-09-16 18:23:33.741 I  PeachCommander[1127:1c14] [com.apple.AppKit:Image] ISImage reported a placeholder, image rep is providing a placeholder image for <private>
2026-09-16 18:23:33.741 I  PeachCommander[1127:1c14] [com.apple.AppKit:Image] ISImage reported a placeholder, image rep is providing a placeholder image for <private>
2026-09-16 18:23:33.743 I  PeachCommander[1127:1c14] [com.apple.AppKit:Image] ISImage reported a placeholder, image rep is providing a placeholder image for <private>
2026-09-16 18:23:33.743 I  PeachCommander[1127:1c14] [com.apple.AppKit:Image] ISImage reported a placeholder, image rep is providing a placeholder image for <private>
2026-09-16 18:23:33.746 I  PeachCommander[1127:1c14] [com.apple.AppKit:Image] ISImage reported a placeholder, image rep is providing a placeholder image for <private>
2026-09-16 18:23:33.746 I  PeachCommander[1127:1c14] [com.apple.AppKit:Image] ISImage reported a placeholder, image rep is providing a placeholder image for <private>
2026-09-16 18:23:33.749 I  PeachCommander[1127:1c14] [com.apple.AppKit:Image] ISImage reported a placeholder, image rep is providing a placeholder image for <private>
2026-09-16 18:23:33.749 I  PeachCommander[1127:1c14] [com.apple.AppKit:Image] ISImage reported a placeholder, image rep is providing a placeholder image for <private>
2026-09-16 18:23:33.752 I  PeachCommander[1127:1c14] [com.apple.AppKit:Image] ISImage reported a placeholder, image rep is providing a placeholder image for <private>
2026-09-16 18:23:33.752 I  PeachCommander[1127:1c14] [com.apple.AppKit:Image] ISImage reported a placeholder, image rep is providing a placeholder image for <private>
2026-09-16 18:23:33.754 I  PeachCommander[1127:1c14] [com.apple.AppKit:Image] ISImage reported a placeholder, image rep is providing a placeholder image for <private>
2026-09-16 18:23:33.754 I  PeachCommander[1127:1c14] [com.apple.AppKit:Image] ISImage reported a placeholder, image rep is providing a placeholder image for <private>
2026-09-16 18:23:33.756 I  PeachCommander[1127:1c14] [com.apple.AppKit:Image] ISImage reported a placeholder, image rep is providing a placeholder image for <private>
2026-09-16 18:23:33.756 I  PeachCommander[1127:1c14] [com.apple.AppKit:Image] ISImage reported a placeholder, image rep is providing a placeholder image for <private>
2026-09-16 18:23:33.759 I  PeachCommander[1127:1c14] [com.apple.AppKit:Image] ISImage reported a placeholder, image rep is providing a placeholder image for <private>
2026-09-16 18:23:33.759 I  PeachCommander[1127:1c14] [com.apple.AppKit:Image] ISImage reported a placeholder, image rep is providing a placeholder image for <private>
2026-09-16 18:23:33.761 I  PeachCommander[1127:1c14] [com.apple.AppKit:Image] ISImage reported a placeholder, image rep is providing a placeholder image for <private>
2026-09-16 18:23:33.761 I  PeachCommander[1127:1c14] [com.apple.AppKit:Image] ISImage reported a placeholder, image rep is providing a placeholder image for <private>
2026-09-16 18:23:33.764 I  PeachCommander[1127:1c14] [com.apple.AppKit:Image] ISImage reported a placeholder, image rep is providing a placeholder image for <private>
2026-09-16 18:23:33.764 I  PeachCommander[1127:1c14] [com.apple.AppKit:Image] ISImage reported a placeholder, image rep is providing a placeholder image for <private>
2026-09-16 18:23:33.767 I  PeachCommander[1127:1c14] [com.apple.AppKit:Image] ISImage reported a placeholder, image rep is providing a placeholder image for <private>
2026-09-16 18:23:33.767 I  PeachCommander[1127:1c14] [com.apple.AppKit:Image] ISImage reported a placeholder, image rep is providing a placeholder image for <private>
2026-09-16 18:23:33.853 Df PeachCommander[1127:1c14] (Foundation) <private>
2026-09-16 18:23:33.853 I  PeachCommander[1127:1c14] [com.peachcommander:PCFoundation] [automation] > menudump /Users/admin/ws-latent-menu.txt
2026-09-16 18:23:33.856 Df PeachCommander[1127:1c14] (Foundation) <private>
2026-09-16 18:23:33.856 Df PeachCommander[1127:1c14] (Foundation) <private>
2026-09-16 18:23:33.856 I  PeachCommander[1127:1c14] [com.peachcommander:PCFoundation] [automation] done
2026-09-16 18:23:33.896 I  PeachCommander[1127:1c14] [com.apple.AppKit:Image] ISImage reported a placeholder, image rep is providing a placeholder image for <private>
2026-09-16 18:23:33.897 I  PeachCommander[1127:1c14] [com.apple.AppKit:Image] ISImage reported a placeholder, image rep is providing a placeholder image for <private>
2026-09-16 18:23:33.898 I  PeachCommander[1127:1c14] [com.apple.AppKit:Image] ISImage reported a placeholder, image rep is providing a placeholder image for <private>
2026-09-16 18:23:33.899 I  PeachCommander[1127:1c14] [com.apple.AppKit:Image] ISImage reported a placeholder, image rep is providing a placeholder image for <private>
2026-09-16 18:23:33.900 I  PeachCommander[1127:1c14] [com.apple.AppKit:Image] ISImage reported a placeholder, image rep is providing a placeholder image for <private>
2026-09-16 18:23:33.901 I  PeachCommander[1127:1c14] [com.apple.AppKit:Image] ISImage reported a placeholder, image rep is providing a placeholder image for <private>
2026-09-16 18:23:33.902 I  PeachCommander[1127:1c14] [com.apple.AppKit:Image] ISImage reported a placeholder, image rep is providing a placeholder image for <private>
2026-09-16 18:23:33.903 I  PeachCommander[1127:1c14] [com.apple.AppKit:Image] ISImage reported a placeholder, image rep is providing a placeholder image for <private>
2026-09-16 18:23:33.903 I  PeachCommander[1127:1c14] [com.apple.AppKit:Image] ISImage reported a placeholder, image rep is providing a placeholder image for <private>
2026-09-16 18:23:33.904 I  PeachCommander[1127:1c14] [com.apple.AppKit:Image] ISImage reported a placeholder, image rep is providing a placeholder image for <private>
2026-09-16 18:23:33.905 I  PeachCommander[1127:1c14] [com.apple.AppKit:Image] ISImage reported a placeholder, image rep is providing a placeholder image for <private>
2026-09-16 18:23:33.906 I  PeachCommander[1127:1c14] [com.apple.AppKit:Image] ISImage reported a placeholder, image rep is providing a placeholder image for <private>
2026-09-16 18:23:33.907 I  PeachCommander[1127:1c14] [com.apple.AppKit:Image] ISImage reported a placeholder, image rep is providing a placeholder image for <private>
2026-09-16 18:23:33.908 I  PeachCommander[1127:1c14] [com.apple.AppKit:Image] ISImage reported a placeholder, image rep is providing a placeholder image for <private>
2026-09-16 18:23:33.909 I  PeachCommander[1127:1c14] [com.apple.AppKit:Image] ISImage reported a placeholder, image rep is providing a placeholder image for <private>
2026-09-16 18:23:33.910 I  PeachCommander[1127:1c14] [com.apple.AppKit:Image] ISImage reported a placeholder, image rep is providing a placeholder image for <private>
2026-09-16 18:23:33.911 I  PeachCommander[1127:1c14] [com.apple.AppKit:Image] ISImage reported a placeholder, image rep is providing a placeholder image for <private>
2026-09-16 18:23:33.912 I  PeachCommander[1127:1c14] [com.apple.AppKit:Image] ISImage reported a placeholder, image rep is providing a placeholder image for <private>
2026-09-16 18:23:33.913 I  PeachCommander[1127:1c14] [com.apple.AppKit:Image] ISImage reported a placeholder, image rep is providing a placeholder image for <private>
2026-09-16 18:23:33.914 I  PeachCommander[1127:1c14] [com.apple.AppKit:Image] ISImage reported a placeholder, image rep is providing a placeholder image for <private>
2026-09-16 18:23:33.915 I  PeachCommander[1127:1c14] [com.apple.AppKit:Image] ISImage reported a placeholder, image rep is providing a placeholder image for <private>
2026-09-16 18:23:33.915 I  PeachCommander[1127:1c14] [com.apple.AppKit:Image] ISImage reported a placeholder, image rep is providing a placeholder image for <private>
2026-09-16 18:23:33.917 I  PeachCommander[1127:1c14] [com.apple.AppKit:Image] ISImage reported a placeholder, image rep is providing a placeholder image for <private>
2026-09-16 18:23:33.918 I  PeachCommander[1127:1c14] [com.apple.AppKit:Image] ISImage reported a placeholder, image rep is providing a placeholder image for <private>
2026-09-16 18:23:33.918 I  PeachCommander[1127:1c14] [com.apple.AppKit:Image] ISImage reported a placeholder, image rep is providing a placeholder image for <private>
2026-09-16 18:23:33.918 I  PeachCommander[1127:1c14] [com.apple.AppKit:Image] ISImage reported a placeholder, image rep is providing a placeholder image for <private>
2026-09-16 18:23:33.921 I  PeachCommander[1127:1c14] [com.apple.AppKit:Image] ISImage reported a placeholder, image rep is providing a placeholder image for <private>
2026-09-16 18:23:33.921 I  PeachCommander[1127:1c14] [com.apple.AppKit:Image] ISImage reported a placeholder, image rep is providing a placeholder image for <private>
2026-09-16 18:23:33.926 I  PeachCommander[1127:1c14] [com.apple.AppKit:Image] ISImage reported a placeholder, image rep is providing a placeholder image for <private>
2026-09-16 18:23:33.926 I  PeachCommander[1127:1c14] [com.apple.AppKit:Image] ISImage reported a placeholder, image rep is providing a placeholder image for <private>
2026-09-16 18:23:33.928 I  PeachCommander[1127:1c14] [com.apple.AppKit:Image] ISImage reported a placeholder, image rep is providing a placeholder image for <private>
2026-09-16 18:23:33.928 I  PeachCommander[1127:1c14] [com.apple.AppKit:Image] ISImage reported a placeholder, image rep is providing a placeholder image for <private>
2026-09-16 18:23:33.930 I  PeachCommander[1127:1c14] [com.apple.AppKit:Image] ISImage reported a placeholder, image rep is providing a placeholder image for <private>
2026-09-16 18:23:33.930 I  PeachCommander[1127:1c14] [com.apple.AppKit:Image] ISImage reported a placeholder, image rep is providing a placeholder image for <private>
2026-09-16 18:23:33.932 I  PeachCommander[1127:1c14] [com.apple.AppKit:Image] ISImage reported a placeholder, image rep is providing a placeholder image for <private>
2026-09-16 18:23:33.933 I  PeachCommander[1127:1c14] [com.apple.AppKit:Image] ISImage reported a placeholder, image rep is providing a placeholder image for <private>
2026-09-16 18:23:33.935 I  PeachCommander[1127:1c14] [com.apple.AppKit:Image] ISImage reported a placeholder, image rep is providing a placeholder image for <private>
2026-09-16 18:23:33.935 I  PeachCommander[1127:1c14] [com.apple.AppKit:Image] ISImage reported a placeholder, image rep is providing a placeholder image for <private>
2026-09-16 18:23:33.936 I  PeachCommander[1127:1c14] [com.apple.AppKit:Image] ISImage reported a placeholder, image rep is providing a placeholder image for <private>
2026-09-16 18:23:33.936 I  PeachCommander[1127:1c14] [com.apple.AppKit:Image] ISImage reported a placeholder, image rep is providing a placeholder image for <private>
2026-09-16 18:23:33.938 I  PeachCommander[1127:1c14] [com.apple.AppKit:Image] ISImage reported a placeholder, image rep is providing a placeholder image for <private>
2026-09-16 18:23:33.938 I  PeachCommander[1127:1c14] [com.apple.AppKit:Image] ISImage reported a placeholder, image rep is providing a placeholder image for <private>
2026-09-16 18:23:33.940 I  PeachCommander[1127:1c14] [com.apple.AppKit:Image] ISImage reported a placeholder, image rep is providing a placeholder image for <private>
2026-09-16 18:23:33.940 I  PeachCommander[1127:1c14] [com.apple.AppKit:Image] ISImage reported a placeholder, image rep is providing a placeholder image for <private>
2026-09-16 18:23:33.941 I  PeachCommander[1127:1c14] [com.apple.AppKit:Image] ISImage reported a placeholder, image rep is providing a placeholder image for <private>
2026-09-16 18:23:33.941 I  PeachCommander[1127:1c14] [com.apple.AppKit:Image] ISImage reported a placeholder, image rep is providing a placeholder image for <private>
2026-09-16 18:23:33.944 I  PeachCommander[1127:1c14] [com.apple.AppKit:Image] ISImage reported a placeholder, image rep is providing a placeholder image for <private>
2026-09-16 18:23:33.944 I  PeachCommander[1127:1c14] [com.apple.AppKit:Image] ISImage reported a placeholder, image rep is providing a placeholder image for <private>
2026-09-16 18:23:33.946 I  PeachCommander[1127:1c14] [com.apple.AppKit:Image] ISImage reported a placeholder, image rep is providing a placeholder image for <private>
2026-09-16 18:23:33.946 I  PeachCommander[1127:1c14] [com.apple.AppKit:Image] ISImage reported a placeholder, image rep is providing a placeholder image for <private>
2026-09-16 18:23:33.947 I  PeachCommander[1127:1c14] [com.apple.AppKit:Image] ISImage reported a placeholder, image rep is providing a placeholder image for <private>
2026-09-16 18:23:33.947 I  PeachCommander[1127:1c14] [com.apple.AppKit:Image] ISImage reported a placeholder, image rep is providing a placeholder image for <private>
2026-09-16 18:23:33.949 I  PeachCommander[1127:1c14] [com.apple.AppKit:Image] ISImage reported a placeholder, image rep is providing a placeholder image for <private>
2026-09-16 18:23:33.949 I  PeachCommander[1127:1c14] [com.apple.AppKit:Image] ISImage reported a placeholder, image rep is providing a placeholder image for <private>
2026-09-16 18:23:33.950 I  PeachCommander[1127:1c14] [com.apple.AppKit:Image] ISImage reported a placeholder, image rep is providing a placeholder image for <private>
2026-09-16 18:23:33.950 I  PeachCommander[1127:1c14] [com.apple.AppKit:Image] ISImage reported a placeholder, image rep is providing a placeholder image for <private>
2026-09-16 18:23:33.952 I  PeachCommander[1127:1c14] [com.apple.AppKit:Image] ISImage reported a placeholder, image rep is providing a placeholder image for <private>
2026-09-16 18:23:33.952 I  PeachCommander[1127:1c14] [com.apple.AppKit:Image] ISImage reported a placeholder, image rep is providing a placeholder image for <private>
2026-09-16 18:23:33.953 I  PeachCommander[1127:1c14] [com.apple.AppKit:Image] ISImage reported a placeholder, image rep is providing a placeholder image for <private>
2026-09-16 18:23:33.953 I  PeachCommander[1127:1c14] [com.apple.AppKit:Image] ISImage reported a placeholder, image rep is providing a placeholder image for <private>
2026-09-16 18:23:33.955 I  PeachCommander[1127:1c14] [com.apple.AppKit:Image] ISImage reported a placeholder, image rep is providing a placeholder image for <private>
2026-09-16 18:23:33.956 I  PeachCommander[1127:1c14] [com.apple.AppKit:Image] ISImage reported a placeholder, image rep is providing a placeholder image for <private>
2026-09-16 18:23:33.958 I  PeachCommander[1127:1c14] [com.apple.AppKit:Image] ISImage reported a placeholder, image rep is providing a placeholder image for <private>
2026-09-16 18:23:33.958 I  PeachCommander[1127:1c14] [com.apple.AppKit:Image] ISImage reported a placeholder, image rep is providing a placeholder image for <private>
2026-09-16 18:23:33.960 I  PeachCommander[1127:1c14] [com.apple.AppKit:Image] ISImage reported a placeholder, image rep is providing a placeholder image for <private>
2026-09-16 18:23:33.960 I  PeachCommander[1127:1c14] [com.apple.AppKit:Image] ISImage reported a placeholder, image rep is providing a placeholder image for <private>
2026-09-16 18:23:33.963 I  PeachCommander[1127:1c14] [com.apple.AppKit:Image] ISImage reported a placeholder, image rep is providing a placeholder image for <private>
2026-09-16 18:23:33.963 I  PeachCommander[1127:1c14] [com.apple.AppKit:Image] ISImage reported a placeholder, image rep is providing a placeholder image for <private>
2026-09-16 18:23:33.965 I  PeachCommander[1127:1c14] [com.apple.AppKit:Image] ISImage reported a placeholder, image rep is providing a placeholder image for <private>
2026-09-16 18:23:33.965 I  PeachCommander[1127:1c14] [com.apple.AppKit:Image] ISImage reported a placeholder, image rep is providing a placeholder image for <private>
2026-09-16 18:23:33.967 I  PeachCommander[1127:1c14] [com.apple.AppKit:Image] ISImage reported a placeholder, image rep is providing a placeholder image for <private>
2026-09-16 18:23:33.967 I  PeachCommander[1127:1c14] [com.apple.AppKit:Image] ISImage reported a placeholder, image rep is providing a placeholder image for <private>
2026-09-16 18:23:34.144 I  PeachCommander[1127:1c14] [com.apple.AppKit:Image] ISImage reported a placeholder, image rep is providing a placeholder image for <private>
2026-09-16 18:23:34.145 I  PeachCommander[1127:1c14] [com.apple.AppKit:Image] ISImage reported a placeholder, image rep is providing a placeholder image for <private>
2026-09-16 18:23:34.146 I  PeachCommander[1127:1c14] [com.apple.AppKit:Image] ISImage reported a placeholder, image rep is providing a placeholder image for <private>
2026-09-16 18:23:34.147 I  PeachCommander[1127:1c14] [com.apple.AppKit:Image] ISImage reported a placeholder, image rep is providing a placeholder image for <private>
2026-09-16 18:23:34.148 I  PeachCommander[1127:1c14] [com.apple.AppKit:Image] ISImage reported a placeholder, image rep is providing a placeholder image for <private>
2026-09-16 18:23:34.149 I  PeachCommander[1127:1c14] [com.apple.AppKit:Image] ISImage reported a placeholder, image rep is providing a placeholder image for <private>
2026-09-16 18:23:34.149 I  PeachCommander[1127:1c14] [com.apple.AppKit:Image] ISImage reported a placeholder, image rep is providing a placeholder image for <private>
2026-09-16 18:23:34.150 I  PeachCommander[1127:1c14] [com.apple.AppKit:Image] ISImage reported a placeholder, image rep is providing a placeholder image for <private>
2026-09-16 18:23:34.151 I  PeachCommander[1127:1c14] [com.apple.AppKit:Image] ISImage reported a placeholder, image rep is providing a placeholder image for <private>
2026-09-16 18:23:34.153 I  PeachCommander[1127:1c14] [com.apple.AppKit:Image] ISImage reported a placeholder, image rep is providing a placeholder image for <private>
2026-09-16 18:23:34.154 I  PeachCommander[1127:1c14] [com.apple.AppKit:Image] ISImage reported a placeholder, image rep is providing a placeholder image for <private>
2026-09-16 18:23:34.155 I  PeachCommander[1127:1c14] [com.apple.AppKit:Image] ISImage reported a placeholder, image rep is providing a placeholder image for <private>
2026-09-16 18:23:34.156 I  PeachCommander[1127:1c14] [com.apple.AppKit:Image] ISImage reported a placeholder, image rep is providing a placeholder image for <private>
2026-09-16 18:23:34.157 I  PeachCommander[1127:1c14] [com.apple.AppKit:Image] ISImage reported a placeholder, image rep is providing a placeholder image for <private>
2026-09-16 18:23:34.158 I  PeachCommander[1127:1c14] [com.apple.AppKit:Image] ISImage reported a placeholder, image rep is providing a placeholder image for <private>
2026-09-16 18:23:34.159 I  PeachCommander[1127:1c14] [com.apple.AppKit:Image] ISImage reported a placeholder, image rep is providing a placeholder image for <private>
2026-09-16 18:23:34.159 I  PeachCommander[1127:1c14] [com.apple.AppKit:Image] ISImage reported a placeholder, image rep is providing a placeholder image for <private>
2026-09-16 18:23:34.160 I  PeachCommander[1127:1c14] [com.apple.AppKit:Image] ISImage reported a placeholder, image rep is providing a placeholder image for <private>
2026-09-16 18:23:34.161 I  PeachCommander[1127:1c14] [com.apple.AppKit:Image] ISImage reported a placeholder, image rep is providing a placeholder image for <private>
2026-09-16 18:23:34.163 I  PeachCommander[1127:1c14] [com.apple.AppKit:Image] ISImage reported a placeholder, image rep is providing a placeholder image for <private>
2026-09-16 18:23:34.164 I  PeachCommander[1127:1c14] [com.apple.AppKit:Image] ISImage reported a placeholder, image rep is providing a placeholder image for <private>
2026-09-16 18:23:34.165 I  PeachCommander[1127:1c14] [com.apple.AppKit:Image] ISImage reported a placeholder, image rep is providing a placeholder image for <private>
2026-09-16 18:23:34.166 I  PeachCommander[1127:1c14] [com.apple.AppKit:Image] ISImage reported a placeholder, image rep is providing a placeholder image for <private>
2026-09-16 18:23:34.167 I  PeachCommander[1127:1c14] [com.apple.AppKit:Image] ISImage reported a placeholder, image rep is providing a placeholder image for <private>
2026-09-16 18:23:34.168 I  PeachCommander[1127:1c14] [com.apple.AppKit:Image] ISImage reported a placeholder, image rep is providing a placeholder image for <private>
2026-09-16 18:23:34.168 I  PeachCommander[1127:1c14] [com.apple.AppKit:Image] ISImage reported a placeholder, image rep is providing a placeholder image for <private>
2026-09-16 18:23:34.170 I  PeachCommander[1127:1c14] [com.apple.AppKit:Image] ISImage reported a placeholder, image rep is providing a placeholder image for <private>
2026-09-16 18:23:34.170 I  PeachCommander[1127:1c14] [com.apple.AppKit:Image] ISImage reported a placeholder, image rep is providing a placeholder image for <private>
2026-09-16 18:23:34.171 I  PeachCommander[1127:1c14] [com.apple.AppKit:Image] ISImage reported a placeholder, image rep is providing a placeholder image for <private>
2026-09-16 18:23:34.171 I  PeachCommander[1127:1c14] [com.apple.AppKit:Image] ISImage reported a placeholder, image rep is providing a placeholder image for <private>
2026-09-16 18:23:34.173 I  PeachCommander[1127:1c14] [com.apple.AppKit:Image] ISImage reported a placeholder, image rep is providing a placeholder image for <private>
2026-09-16 18:23:34.173 I  PeachCommander[1127:1c14] [com.apple.AppKit:Image] ISImage reported a placeholder, image rep is providing a placeholder image for <private>
2026-09-16 18:23:34.175 I  PeachCommander[1127:1c14] [com.apple.AppKit:Image] ISImage reported a placeholder, image rep is providing a placeholder image for <private>
2026-09-16 18:23:34.175 I  PeachCommander[1127:1c14] [com.apple.AppKit:Image] ISImage reported a placeholder, image rep is providing a placeholder image for <private>
2026-09-16 18:23:34.177 I  PeachCommander[1127:1c14] [com.apple.AppKit:Image] ISImage reported a placeholder, image rep is providing a placeholder image for <private>
2026-09-16 18:23:34.177 I  PeachCommander[1127:1c14] [com.apple.AppKit:Image] ISImage reported a placeholder, image rep is providing a placeholder image for <private>
2026-09-16 18:23:34.178 I  PeachCommander[1127:1c14] [com.apple.AppKit:Image] ISImage reported a placeholder, image rep is providing a placeholder image for <private>
2026-09-16 18:23:34.178 I  PeachCommander[1127:1c14] [com.apple.AppKit:Image] ISImage reported a placeholder, image rep is providing a placeholder image for <private>
2026-09-16 18:23:34.180 I  PeachCommander[1127:1c14] [com.apple.AppKit:Image] ISImage reported a placeholder, image rep is providing a placeholder image for <private>
2026-09-16 18:23:34.180 I  PeachCommander[1127:1c14] [com.apple.AppKit:Image] ISImage reported a placeholder, image rep is providing a placeholder image for <private>
2026-09-16 18:23:34.182 I  PeachCommander[1127:1c14] [com.apple.AppKit:Image] ISImage reported a placeholder, image rep is providing a placeholder image for <private>
2026-09-16 18:23:34.182 I  PeachCommander[1127:1c14] [com.apple.AppKit:Image] ISImage reported a placeholder, image rep is providing a placeholder image for <private>
2026-09-16 18:23:34.184 I  PeachCommander[1127:1c14] [com.apple.AppKit:Image] ISImage reported a placeholder, image rep is providing a placeholder image for <private>
2026-09-16 18:23:34.184 I  PeachCommander[1127:1c14] [com.apple.AppKit:Image] ISImage reported a placeholder, image rep is providing a placeholder image for <private>
2026-09-16 18:23:34.185 I  PeachCommander[1127:1c14] [com.apple.AppKit:Image] ISImage reported a placeholder, image rep is providing a placeholder image for <private>
2026-09-16 18:23:34.185 I  PeachCommander[1127:1c14] [com.apple.AppKit:Image] ISImage reported a placeholder, image rep is providing a placeholder image for <private>
2026-09-16 18:23:34.187 I  PeachCommander[1127:1c14] [com.apple.AppKit:Image] ISImage reported a placeholder, image rep is providing a placeholder image for <private>
2026-09-16 18:23:34.187 I  PeachCommander[1127:1c14] [com.apple.AppKit:Image] ISImage reported a placeholder, image rep is providing a placeholder image for <private>
2026-09-16 18:23:34.188 I  PeachCommander[1127:1c14] [com.apple.AppKit:Image] ISImage reported a placeholder, image rep is providing a placeholder image for <private>
2026-09-16 18:23:34.188 I  PeachCommander[1127:1c14] [com.apple.AppKit:Image] ISImage reported a placeholder, image rep is providing a placeholder image for <private>
2026-09-16 18:23:34.190 I  PeachCommander[1127:1c14] [com.apple.AppKit:Image] ISImage reported a placeholder, image rep is providing a placeholder image for <private>
2026-09-16 18:23:34.190 I  PeachCommander[1127:1c14] [com.apple.AppKit:Image] ISImage reported a placeholder, image rep is providing a placeholder image for <private>
2026-09-16 18:23:34.192 I  PeachCommander[1127:1c14] [com.apple.AppKit:Image] ISImage reported a placeholder, image rep is providing a placeholder image for <private>
2026-09-16 18:23:34.192 I  PeachCommander[1127:1c14] [com.apple.AppKit:Image] ISImage reported a placeholder, image rep is providing a placeholder image for <private>
2026-09-16 18:23:34.193 I  PeachCommander[1127:1c14] [com.apple.AppKit:Image] ISImage reported a placeholder, image rep is providing a placeholder image for <private>
2026-09-16 18:23:34.193 I  PeachCommander[1127:1c14] [com.apple.AppKit:Image] ISImage reported a placeholder, image rep is providing a placeholder image for <private>
2026-09-16 18:23:34.195 I  PeachCommander[1127:1c14] [com.apple.AppKit:Image] ISImage reported a placeholder, image rep is providing a placeholder image for <private>
2026-09-16 18:23:34.195 I  PeachCommander[1127:1c14] [com.apple.AppKit:Image] ISImage reported a placeholder, image rep is providing a placeholder image for <private>
2026-09-16 18:23:34.197 I  PeachCommander[1127:1c14] [com.apple.AppKit:Image] ISImage reported a placeholder, image rep is providing a placeholder image for <private>
2026-09-16 18:23:34.197 I  PeachCommander[1127:1c14] [com.apple.AppKit:Image] ISImage reported a placeholder, image rep is providing a placeholder image for <private>
2026-09-16 18:23:34.198 I  PeachCommander[1127:1c14] [com.apple.AppKit:Image] ISImage reported a placeholder, image rep is providing a placeholder image for <private>
2026-09-16 18:23:34.198 I  PeachCommander[1127:1c14] [com.apple.AppKit:Image] ISImage reported a placeholder, image rep is providing a placeholder image for <private>
2026-09-16 18:23:34.200 I  PeachCommander[1127:1c14] [com.apple.AppKit:Image] ISImage reported a placeholder, image rep is providing a placeholder image for <private>
2026-09-16 18:23:34.200 I  PeachCommander[1127:1c14] [com.apple.AppKit:Image] ISImage reported a placeholder, image rep is providing a placeholder image for <private>
2026-09-16 18:23:34.201 I  PeachCommander[1127:1c14] [com.apple.AppKit:Image] ISImage reported a placeholder, image rep is providing a placeholder image for <private>
2026-09-16 18:23:34.201 I  PeachCommander[1127:1c14] [com.apple.AppKit:Image] ISImage reported a placeholder, image rep is providing a placeholder image for <private>
2026-09-16 18:23:34.203 I  PeachCommander[1127:1c14] [com.apple.AppKit:Image] ISImage reported a placeholder, image rep is providing a placeholder image for <private>
2026-09-16 18:23:34.203 I  PeachCommander[1127:1c14] [com.apple.AppKit:Image] ISImage reported a placeholder, image rep is providing a placeholder image for <private>
2026-09-16 18:23:34.204 I  PeachCommander[1127:1c14] [com.apple.AppKit:Image] ISImage reported a placeholder, image rep is providing a placeholder image for <private>
2026-09-16 18:23:34.204 I  PeachCommander[1127:1c14] [com.apple.AppKit:Image] ISImage reported a placeholder, image rep is providing a placeholder image for <private>
2026-09-16 18:23:34.205 I  PeachCommander[1127:1c14] [com.apple.AppKit:Image] ISImage reported a placeholder, image rep is providing a placeholder image for <private>
2026-09-16 18:23:34.206 I  PeachCommander[1127:1c14] [com.apple.AppKit:Image] ISImage reported a placeholder, image rep is providing a placeholder image for <private>
2026-09-16 18:23:34.322 I  PeachCommander[1127:1c14] [com.apple.AppKit:Image] ISImage reported a placeholder, image rep is providing a placeholder image for <private>
2026-09-16 18:23:34.323 I  PeachCommander[1127:1c14] [com.apple.AppKit:Image] ISImage reported a placeholder, image rep is providing a placeholder image for <private>
2026-09-16 18:23:34.324 I  PeachCommander[1127:1c14] [com.apple.AppKit:Image] ISImage reported a placeholder, image rep is providing a placeholder image for <private>
2026-09-16 18:23:34.325 I  PeachCommander[1127:1c14] [com.apple.AppKit:Image] ISImage reported a placeholder, image rep is providing a placeholder image for <private>
2026-09-16 18:23:34.326 I  PeachCommander[1127:1c14] [com.apple.AppKit:Image] ISImage reported a placeholder, image rep is providing a placeholder image for <private>
2026-09-16 18:23:34.327 I  PeachCommander[1127:1c14] [com.apple.AppKit:Image] ISImage reported a placeholder, image rep is providing a placeholder image for <private>
2026-09-16 18:23:34.328 I  PeachCommander[1127:1c14] [com.apple.AppKit:Image] ISImage reported a placeholder, image rep is providing a placeholder image for <private>
2026-09-16 18:23:34.329 I  PeachCommander[1127:1c14] [com.apple.AppKit:Image] ISImage reported a placeholder, image rep is providing a placeholder image for <private>
2026-09-16 18:23:34.330 I  PeachCommander[1127:1c14] [com.apple.AppKit:Image] ISImage reported a placeholder, image rep is providing a placeholder image for <private>
2026-09-16 18:23:34.330 I  PeachCommander[1127:1c14] [com.apple.AppKit:Image] ISImage reported a placeholder, image rep is providing a placeholder image for <private>
2026-09-16 18:23:34.331 I  PeachCommander[1127:1c14] [com.apple.AppKit:Image] ISImage reported a placeholder, image rep is providing a placeholder image for <private>
2026-09-16 18:23:34.332 I  PeachCommander[1127:1c14] [com.apple.AppKit:Image] ISImage reported a placeholder, image rep is providing a placeholder image for <private>
2026-09-16 18:23:34.333 I  PeachCommander[1127:1c14] [com.apple.AppKit:Image] ISImage reported a placeholder, image rep is providing a placeholder image for <private>
2026-09-16 18:23:34.334 I  PeachCommander[1127:1c14] [com.apple.AppKit:Image] ISImage reported a placeholder, image rep is providing a placeholder image for <private>
2026-09-16 18:23:34.335 I  PeachCommander[1127:1c14] [com.apple.AppKit:Image] ISImage reported a placeholder, image rep is providing a placeholder image for <private>
2026-09-16 18:23:34.336 I  PeachCommander[1127:1c14] [com.apple.AppKit:Image] ISImage reported a placeholder, image rep is providing a placeholder image for <private>
2026-09-16 18:23:34.337 I  PeachCommander[1127:1c14] [com.apple.AppKit:Image] ISImage reported a placeholder, image rep is providing a placeholder image for <private>
2026-09-16 18:23:34.338 I  PeachCommander[1127:1c14] [com.apple.AppKit:Image] ISImage reported a placeholder, image rep is providing a placeholder image for <private>
2026-09-16 18:23:34.339 I  PeachCommander[1127:1c14] [com.apple.AppKit:Image] ISImage reported a placeholder, image rep is providing a placeholder image for <private>
2026-09-16 18:23:34.340 I  PeachCommander[1127:1c14] [com.apple.AppKit:Image] ISImage reported a placeholder, image rep is providing a placeholder image for <private>
2026-09-16 18:23:34.341 I  PeachCommander[1127:1c14] [com.apple.AppKit:Image] ISImage reported a placeholder, image rep is providing a placeholder image for <private>
2026-09-16 18:23:34.342 I  PeachCommander[1127:1c14] [com.apple.AppKit:Image] ISImage reported a placeholder, image rep is providing a placeholder image for <private>
2026-09-16 18:23:34.343 I  PeachCommander[1127:1c14] [com.apple.AppKit:Image] ISImage reported a placeholder, image rep is providing a placeholder image for <private>
2026-09-16 18:23:34.344 I  PeachCommander[1127:1c14] [com.apple.AppKit:Image] ISImage reported a placeholder, image rep is providing a placeholder image for <private>
2026-09-16 18:23:34.344 I  PeachCommander[1127:1c14] [com.apple.AppKit:Image] ISImage reported a placeholder, image rep is providing a placeholder image for <private>
2026-09-16 18:23:34.345 I  PeachCommander[1127:1c14] [com.apple.AppKit:Image] ISImage reported a placeholder, image rep is providing a placeholder image for <private>
2026-09-16 18:23:34.346 I  PeachCommander[1127:1c14] [com.apple.AppKit:Image] ISImage reported a placeholder, image rep is providing a placeholder image for <private>
2026-09-16 18:23:34.346 I  PeachCommander[1127:1c14] [com.apple.AppKit:Image] ISImage reported a placeholder, image rep is providing a placeholder image for <private>
2026-09-16 18:23:34.348 I  PeachCommander[1127:1c14] [com.apple.AppKit:Image] ISImage reported a placeholder, image rep is providing a placeholder image for <private>
2026-09-16 18:23:34.348 I  PeachCommander[1127:1c14] [com.apple.AppKit:Image] ISImage reported a placeholder, image rep is providing a placeholder image for <private>
2026-09-16 18:23:34.350 I  PeachCommander[1127:1c14] [com.apple.AppKit:Image] ISImage reported a placeholder, image rep is providing a placeholder image for <private>
2026-09-16 18:23:34.350 I  PeachCommander[1127:1c14] [com.apple.AppKit:Image] ISImage reported a placeholder, image rep is providing a placeholder image for <private>
2026-09-16 18:23:34.351 I  PeachCommander[1127:1c14] [com.apple.AppKit:Image] ISImage reported a placeholder, image rep is providing a placeholder image for <private>
2026-09-16 18:23:34.351 I  PeachCommander[1127:1c14] [com.apple.AppKit:Image] ISImage reported a placeholder, image rep is providing a placeholder image for <private>
2026-09-16 18:23:34.353 I  PeachCommander[1127:1c14] [com.apple.AppKit:Image] ISImage reported a placeholder, image rep is providing a placeholder image for <private>
2026-09-16 18:23:34.353 I  PeachCommander[1127:1c14] [com.apple.AppKit:Image] ISImage reported a placeholder, image rep is providing a placeholder image for <private>
2026-09-16 18:23:34.354 I  PeachCommander[1127:1c14] [com.apple.AppKit:Image] ISImage reported a placeholder, image rep is providing a placeholder image for <private>
2026-09-16 18:23:34.354 I  PeachCommander[1127:1c14] [com.apple.AppKit:Image] ISImage reported a placeholder, image rep is providing a placeholder image for <private>
2026-09-16 18:23:34.355 I  PeachCommander[1127:1c14] [com.apple.AppKit:Image] ISImage reported a placeholder, image rep is providing a placeholder image for <private>
2026-09-16 18:23:34.356 I  PeachCommander[1127:1c14] [com.apple.AppKit:Image] ISImage reported a placeholder, image rep is providing a placeholder image for <private>
2026-09-16 18:23:34.357 I  PeachCommander[1127:1c14] [com.apple.AppKit:Image] ISImage reported a placeholder, image rep is providing a placeholder image for <private>
2026-09-16 18:23:34.357 I  PeachCommander[1127:1c14] [com.apple.AppKit:Image] ISImage reported a placeholder, image rep is providing a placeholder image for <private>
2026-09-16 18:23:34.358 I  PeachCommander[1127:1c14] [com.apple.AppKit:Image] ISImage reported a placeholder, image rep is providing a placeholder image for <private>
2026-09-16 18:23:34.358 I  PeachCommander[1127:1c14] [com.apple.AppKit:Image] ISImage reported a placeholder, image rep is providing a placeholder image for <private>
2026-09-16 18:23:34.360 I  PeachCommander[1127:1c14] [com.apple.AppKit:Image] ISImage reported a placeholder, image rep is providing a placeholder image for <private>
2026-09-16 18:23:34.360 I  PeachCommander[1127:1c14] [com.apple.AppKit:Image] ISImage reported a placeholder, image rep is providing a placeholder image for <private>
2026-09-16 18:23:34.361 I  PeachCommander[1127:1c14] [com.apple.AppKit:Image] ISImage reported a placeholder, image rep is providing a placeholder image for <private>
2026-09-16 18:23:34.361 I  PeachCommander[1127:1c14] [com.apple.AppKit:Image] ISImage reported a placeholder, image rep is providing a placeholder image for <private>
2026-09-16 18:23:34.363 I  PeachCommander[1127:1c14] [com.apple.AppKit:Image] ISImage reported a placeholder, image rep is providing a placeholder image for <private>
2026-09-16 18:23:34.363 I  PeachCommander[1127:1c14] [com.apple.AppKit:Image] ISImage reported a placeholder, image rep is providing a placeholder image for <private>
2026-09-16 18:23:34.364 I  PeachCommander[1127:1c14] [com.apple.AppKit:Image] ISImage reported a placeholder, image rep is providing a placeholder image for <private>
2026-09-16 18:23:34.364 I  PeachCommander[1127:1c14] [com.apple.AppKit:Image] ISImage reported a placeholder, image rep is providing a placeholder image for <private>
2026-09-16 18:23:34.366 I  PeachCommander[1127:1c14] [com.apple.AppKit:Image] ISImage reported a placeholder, image rep is providing a placeholder image for <private>
2026-09-16 18:23:34.366 I  PeachCommander[1127:1c14] [com.apple.AppKit:Image] ISImage reported a placeholder, image rep is providing a placeholder image for <private>
2026-09-16 18:23:34.367 I  PeachCommander[1127:1c14] [com.apple.AppKit:Image] ISImage reported a placeholder, image rep is providing a placeholder image for <private>
2026-09-16 18:23:34.367 I  PeachCommander[1127:1c14] [com.apple.AppKit:Image] ISImage reported a placeholder, image rep is providing a placeholder image for <private>
2026-09-16 18:23:34.369 I  PeachCommander[1127:1c14] [com.apple.AppKit:Image] ISImage reported a placeholder, image rep is providing a placeholder image for <private>
2026-09-16 18:23:34.369 I  PeachCommander[1127:1c14] [com.apple.AppKit:Image] ISImage reported a placeholder, image rep is providing a placeholder image for <private>
2026-09-16 18:23:34.370 I  PeachCommander[1127:1c14] [com.apple.AppKit:Image] ISImage reported a placeholder, image rep is providing a placeholder image for <private>
2026-09-16 18:23:34.370 I  PeachCommander[1127:1c14] [com.apple.AppKit:Image] ISImage reported a placeholder, image rep is providing a placeholder image for <private>
2026-09-16 18:23:34.372 I  PeachCommander[1127:1c14] [com.apple.AppKit:Image] ISImage reported a placeholder, image rep is providing a placeholder image for <private>
2026-09-16 18:23:34.372 I  PeachCommander[1127:1c14] [com.apple.AppKit:Image] ISImage reported a placeholder, image rep is providing a placeholder image for <private>
2026-09-16 18:23:34.374 I  PeachCommander[1127:1c14] [com.apple.AppKit:Image] ISImage reported a placeholder, image rep is providing a placeholder image for <private>
2026-09-16 18:23:34.374 I  PeachCommander[1127:1c14] [com.apple.AppKit:Image] ISImage reported a placeholder, image rep is providing a placeholder image for <private>
2026-09-16 18:23:34.375 I  PeachCommander[1127:1c14] [com.apple.AppKit:Image] ISImage reported a placeholder, image rep is providing a placeholder image for <private>
2026-09-16 18:23:34.375 I  PeachCommander[1127:1c14] [com.apple.AppKit:Image] ISImage reported a placeholder, image rep is providing a placeholder image for <private>
2026-09-16 18:23:34.377 I  PeachCommander[1127:1c14] [com.apple.AppKit:Image] ISImage reported a placeholder, image rep is providing a placeholder image for <private>
2026-09-16 18:23:34.377 I  PeachCommander[1127:1c14] [com.apple.AppKit:Image] ISImage reported a placeholder, image rep is providing a placeholder image for <private>
2026-09-16 18:23:34.378 I  PeachCommander[1127:1c14] [com.apple.AppKit:Image] ISImage reported a placeholder, image rep is providing a placeholder image for <private>
2026-09-16 18:23:34.378 I  PeachCommander[1127:1c14] [com.apple.AppKit:Image] ISImage reported a placeholder, image rep is providing a placeholder image for <private>
2026-09-16 18:23:34.379 I  PeachCommander[1127:1c14] [com.apple.AppKit:Image] ISImage reported a placeholder, image rep is providing a placeholder image for <private>
2026-09-16 18:23:34.379 I  PeachCommander[1127:1c14] [com.apple.AppKit:Image] ISImage reported a placeholder, image rep is providing a placeholder image for <private>
2026-09-16 18:23:35.192 I  PeachCommander[1127:1c14] [com.apple.AppKit:Image] ISImage reported a placeholder, image rep is providing a placeholder image for <private>
2026-09-16 18:23:35.193 I  PeachCommander[1127:1c14] [com.apple.AppKit:Image] ISImage reported a placeholder, image rep is providing a placeholder image for <private>
2026-09-16 18:23:35.194 I  PeachCommander[1127:1c14] [com.apple.AppKit:Image] ISImage reported a placeholder, image rep is providing a placeholder image for <private>
2026-09-16 18:23:35.195 I  PeachCommander[1127:1c14] [com.apple.AppKit:Image] ISImage reported a placeholder, image rep is providing a placeholder image for <private>
2026-09-16 18:23:35.196 I  PeachCommander[1127:1c14] [com.apple.AppKit:Image] ISImage reported a placeholder, image rep is providing a placeholder image for <private>
2026-09-16 18:23:35.197 I  PeachCommander[1127:1c14] [com.apple.AppKit:Image] ISImage reported a placeholder, image rep is providing a placeholder image for <private>
2026-09-16 18:23:35.197 I  PeachCommander[1127:1c14] [com.apple.AppKit:Image] ISImage reported a placeholder, image rep is providing a placeholder image for <private>
2026-09-16 18:23:35.198 I  PeachCommander[1127:1c14] [com.apple.AppKit:Image] ISImage reported a placeholder, image rep is providing a placeholder image for <private>
2026-09-16 18:23:35.199 I  PeachCommander[1127:1c14] [com.apple.AppKit:Image] ISImage reported a placeholder, image rep is providing a placeholder image for <private>
2026-09-16 18:23:35.200 I  PeachCommander[1127:1c14] [com.apple.AppKit:Image] ISImage reported a placeholder, image rep is providing a placeholder image for <private>
2026-09-16 18:23:35.201 I  PeachCommander[1127:1c14] [com.apple.AppKit:Image] ISImage reported a placeholder, image rep is providing a placeholder image for <private>
2026-09-16 18:23:35.202 I  PeachCommander[1127:1c14] [com.apple.AppKit:Image] ISImage reported a placeholder, image rep is providing a placeholder image for <private>
2026-09-16 18:23:35.203 I  PeachCommander[1127:1c14] [com.apple.AppKit:Image] ISImage reported a placeholder, image rep is providing a placeholder image for <private>
2026-09-16 18:23:35.203 I  PeachCommander[1127:1c14] [com.apple.AppKit:Image] ISImage reported a placeholder, image rep is providing a placeholder image for <private>
2026-09-16 18:23:35.204 I  PeachCommander[1127:1c14] [com.apple.AppKit:Image] ISImage reported a placeholder, image rep is providing a placeholder image for <private>
2026-09-16 18:23:35.205 I  PeachCommander[1127:1c14] [com.apple.AppKit:Image] ISImage reported a placeholder, image rep is providing a placeholder image for <private>
2026-09-16 18:23:35.206 I  PeachCommander[1127:1c14] [com.apple.AppKit:Image] ISImage reported a placeholder, image rep is providing a placeholder image for <private>
2026-09-16 18:23:35.207 I  PeachCommander[1127:1c14] [com.apple.AppKit:Image] ISImage reported a placeholder, image rep is providing a placeholder image for <private>
2026-09-16 18:23:35.208 I  PeachCommander[1127:1c14] [com.apple.AppKit:Image] ISImage reported a placeholder, image rep is providing a placeholder image for <private>
2026-09-16 18:23:35.208 I  PeachCommander[1127:1c14] [com.apple.AppKit:Image] ISImage reported a placeholder, image rep is providing a placeholder image for <private>
2026-09-16 18:23:35.210 I  PeachCommander[1127:1c14] [com.apple.AppKit:Image] ISImage reported a placeholder, image rep is providing a placeholder image for <private>
2026-09-16 18:23:35.211 I  PeachCommander[1127:1c14] [com.apple.AppKit:Image] ISImage reported a placeholder, image rep is providing a placeholder image for <private>
2026-09-16 18:23:35.212 I  PeachCommander[1127:1c14] [com.apple.AppKit:Image] ISImage reported a placeholder, image rep is providing a placeholder image for <private>
2026-09-16 18:23:35.212 I  PeachCommander[1127:1c14] [com.apple.AppKit:Image] ISImage reported a placeholder, image rep is providing a placeholder image for <private>
2026-09-16 18:23:35.213 I  PeachCommander[1127:1c14] [com.apple.AppKit:Image] ISImage reported a placeholder, image rep is providing a placeholder image for <private>
2026-09-16 18:23:35.213 I  PeachCommander[1127:1c14] [com.apple.AppKit:Image] ISImage reported a placeholder, image rep is providing a placeholder image for <private>
2026-09-16 18:23:35.215 I  PeachCommander[1127:1c14] [com.apple.AppKit:Image] ISImage reported a placeholder, image rep is providing a placeholder image for <private>
2026-09-16 18:23:35.215 I  PeachCommander[1127:1c14] [com.apple.AppKit:Image] ISImage reported a placeholder, image rep is providing a placeholder image for <private>
2026-09-16 18:23:35.216 I  PeachCommander[1127:1c14] [com.apple.AppKit:Image] ISImage reported a placeholder, image rep is providing a placeholder image for <private>
2026-09-16 18:23:35.216 I  PeachCommander[1127:1c14] [com.apple.AppKit:Image] ISImage reported a placeholder, image rep is providing a placeholder image for <private>
2026-09-16 18:23:35.218 I  PeachCommander[1127:1c14] [com.apple.AppKit:Image] ISImage reported a placeholder, image rep is providing a placeholder image for <private>
2026-09-16 18:23:35.218 I  PeachCommander[1127:1c14] [com.apple.AppKit:Image] ISImage reported a placeholder, image rep is providing a placeholder image for <private>
2026-09-16 18:23:35.219 I  PeachCommander[1127:1c14] [com.apple.AppKit:Image] ISImage reported a placeholder, image rep is providing a placeholder image for <private>
2026-09-16 18:23:35.219 I  PeachCommander[1127:1c14] [com.apple.AppKit:Image] ISImage reported a placeholder, image rep is providing a placeholder image for <private>
2026-09-16 18:23:35.220 I  PeachCommander[1127:1c14] [com.apple.AppKit:Image] ISImage reported a placeholder, image rep is providing a placeholder image for <private>
2026-09-16 18:23:35.221 I  PeachCommander[1127:1c14] [com.apple.AppKit:Image] ISImage reported a placeholder, image rep is providing a placeholder image for <private>
2026-09-16 18:23:35.222 I  PeachCommander[1127:1c14] [com.apple.AppKit:Image] ISImage reported a placeholder, image rep is providing a placeholder image for <private>
2026-09-16 18:23:35.222 I  PeachCommander[1127:1c14] [com.apple.AppKit:Image] ISImage reported a placeholder, image rep is providing a placeholder image for <private>
2026-09-16 18:23:35.224 I  PeachCommander[1127:1c14] [com.apple.AppKit:Image] ISImage reported a placeholder, image rep is providing a placeholder image for <private>
2026-09-16 18:23:35.224 I  PeachCommander[1127:1c14] [com.apple.AppKit:Image] ISImage reported a placeholder, image rep is providing a placeholder image for <private>
2026-09-16 18:23:35.225 I  PeachCommander[1127:1c14] [com.apple.AppKit:Image] ISImage reported a placeholder, image rep is providing a placeholder image for <private>
2026-09-16 18:23:35.225 I  PeachCommander[1127:1c14] [com.apple.AppKit:Image] ISImage reported a placeholder, image rep is providing a placeholder image for <private>
2026-09-16 18:23:35.227 I  PeachCommander[1127:1c14] [com.apple.AppKit:Image] ISImage reported a placeholder, image rep is providing a placeholder image for <private>
2026-09-16 18:23:35.227 I  PeachCommander[1127:1c14] [com.apple.AppKit:Image] ISImage reported a placeholder, image rep is providing a placeholder image for <private>
2026-09-16 18:23:35.228 I  PeachCommander[1127:1c14] [com.apple.AppKit:Image] ISImage reported a placeholder, image rep is providing a placeholder image for <private>
2026-09-16 18:23:35.228 I  PeachCommander[1127:1c14] [com.apple.AppKit:Image] ISImage reported a placeholder, image rep is providing a placeholder image for <private>
2026-09-16 18:23:35.230 I  PeachCommander[1127:1c14] [com.apple.AppKit:Image] ISImage reported a placeholder, image rep is providing a placeholder image for <private>
2026-09-16 18:23:35.230 I  PeachCommander[1127:1c14] [com.apple.AppKit:Image] ISImage reported a placeholder, image rep is providing a placeholder image for <private>
2026-09-16 18:23:35.231 I  PeachCommander[1127:1c14] [com.apple.AppKit:Image] ISImage reported a placeholder, image rep is providing a placeholder image for <private>
2026-09-16 18:23:35.231 I  PeachCommander[1127:1c14] [com.apple.AppKit:Image] ISImage reported a placeholder, image rep is providing a placeholder image for <private>
2026-09-16 18:23:35.233 I  PeachCommander[1127:1c14] [com.apple.AppKit:Image] ISImage reported a placeholder, image rep is providing a placeholder image for <private>
2026-09-16 18:23:35.233 I  PeachCommander[1127:1c14] [com.apple.AppKit:Image] ISImage reported a placeholder, image rep is providing a placeholder image for <private>
2026-09-16 18:23:35.234 I  PeachCommander[1127:1c14] [com.apple.AppKit:Image] ISImage reported a placeholder, image rep is providing a placeholder image for <private>
2026-09-16 18:23:35.234 I  PeachCommander[1127:1c14] [com.apple.AppKit:Image] ISImage reported a placeholder, image rep is providing a placeholder image for <private>
2026-09-16 18:23:35.236 I  PeachCommander[1127:1c14] [com.apple.AppKit:Image] ISImage reported a placeholder, image rep is providing a placeholder image for <private>
2026-09-16 18:23:35.236 I  PeachCommander[1127:1c14] [com.apple.AppKit:Image] ISImage reported a placeholder, image rep is providing a placeholder image for <private>
2026-09-16 18:23:35.237 I  PeachCommander[1127:1c14] [com.apple.AppKit:Image] ISImage reported a placeholder, image rep is providing a placeholder image for <private>
2026-09-16 18:23:35.237 I  PeachCommander[1127:1c14] [com.apple.AppKit:Image] ISImage reported a placeholder, image rep is providing a placeholder image for <private>
2026-09-16 18:23:35.239 I  PeachCommander[1127:1c14] [com.apple.AppKit:Image] ISImage reported a placeholder, image rep is providing a placeholder image for <private>
2026-09-16 18:23:35.239 I  PeachCommander[1127:1c14] [com.apple.AppKit:Image] ISImage reported a placeholder, image rep is providing a placeholder image for <private>
2026-09-16 18:23:35.240 I  PeachCommander[1127:1c14] [com.apple.AppKit:Image] ISImage reported a placeholder, image rep is providing a placeholder image for <private>
2026-09-16 18:23:35.240 I  PeachCommander[1127:1c14] [com.apple.AppKit:Image] ISImage reported a placeholder, image rep is providing a placeholder image for <private>
2026-09-16 18:23:35.242 I  PeachCommander[1127:1c14] [com.apple.AppKit:Image] ISImage reported a placeholder, image rep is providing a placeholder image for <private>
2026-09-16 18:23:35.242 I  PeachCommander[1127:1c14] [com.apple.AppKit:Image] ISImage reported a placeholder, image rep is providing a placeholder image for <private>
2026-09-16 18:23:35.243 I  PeachCommander[1127:1c14] [com.apple.AppKit:Image] ISImage reported a placeholder, image rep is providing a placeholder image for <private>
2026-09-16 18:23:35.244 I  PeachCommander[1127:1c14] [com.apple.AppKit:Image] ISImage reported a placeholder, image rep is providing a placeholder image for <private>
2026-09-16 18:23:35.245 I  PeachCommander[1127:1c14] [com.apple.AppKit:Image] ISImage reported a placeholder, image rep is providing a placeholder image for <private>
2026-09-16 18:23:35.245 I  PeachCommander[1127:1c14] [com.apple.AppKit:Image] ISImage reported a placeholder, image rep is providing a placeholder image for <private>
2026-09-16 18:23:35.247 I  PeachCommander[1127:1c14] [com.apple.AppKit:Image] ISImage reported a placeholder, image rep is providing a placeholder image for <private>
2026-09-16 18:23:35.247 I  PeachCommander[1127:1c14] [com.apple.AppKit:Image] ISImage reported a placeholder, image rep is providing a placeholder image for <private>
2026-09-16 18:23:35.248 I  PeachCommander[1127:1c14] [com.apple.AppKit:Image] ISImage reported a placeholder, image rep is providing a placeholder image for <private>
2026-09-16 18:23:35.248 I  PeachCommander[1127:1c14] [com.apple.AppKit:Image] ISImage reported a placeholder, image rep is providing a placeholder image for <private>
2026-09-16 18:23:35.371 I  PeachCommander[1127:1c14] [com.apple.AppKit:Image] ISImage reported a placeholder, image rep is providing a placeholder image for <private>
2026-09-16 18:23:35.372 I  PeachCommander[1127:1c14] [com.apple.AppKit:Image] ISImage reported a placeholder, image rep is providing a placeholder image for <private>
2026-09-16 18:23:35.373 I  PeachCommander[1127:1c14] [com.apple.AppKit:Image] ISImage reported a placeholder, image rep is providing a placeholder image for <private>
2026-09-16 18:23:35.374 I  PeachCommander[1127:1c14] [com.apple.AppKit:Image] ISImage reported a placeholder, image rep is providing a placeholder image for <private>
2026-09-16 18:23:35.375 I  PeachCommander[1127:1c14] [com.apple.AppKit:Image] ISImage reported a placeholder, image rep is providing a placeholder image for <private>
2026-09-16 18:23:35.376 I  PeachCommander[1127:1c14] [com.apple.AppKit:Image] ISImage reported a placeholder, image rep is providing a placeholder image for <private>
2026-09-16 18:23:35.377 I  PeachCommander[1127:1c14] [com.apple.AppKit:Image] ISImage reported a placeholder, image rep is providing a placeholder image for <private>
2026-09-16 18:23:35.377 I  PeachCommander[1127:1c14] [com.apple.AppKit:Image] ISImage reported a placeholder, image rep is providing a placeholder image for <private>
2026-09-16 18:23:35.378 I  PeachCommander[1127:1c14] [com.apple.AppKit:Image] ISImage reported a placeholder, image rep is providing a placeholder image for <private>
2026-09-16 18:23:35.379 I  PeachCommander[1127:1c14] [com.apple.AppKit:Image] ISImage reported a placeholder, image rep is providing a placeholder image for <private>
2026-09-16 18:23:35.380 I  PeachCommander[1127:1c14] [com.apple.AppKit:Image] ISImage reported a placeholder, image rep is providing a placeholder image for <private>
2026-09-16 18:23:35.381 I  PeachCommander[1127:1c14] [com.apple.AppKit:Image] ISImage reported a placeholder, image rep is providing a placeholder image for <private>
2026-09-16 18:23:35.382 I  PeachCommander[1127:1c14] [com.apple.AppKit:Image] ISImage reported a placeholder, image rep is providing a placeholder image for <private>
2026-09-16 18:23:35.383 I  PeachCommander[1127:1c14] [com.apple.AppKit:Image] ISImage reported a placeholder, image rep is providing a placeholder image for <private>
2026-09-16 18:23:35.384 I  PeachCommander[1127:1c14] [com.apple.AppKit:Image] ISImage reported a placeholder, image rep is providing a placeholder image for <private>
2026-09-16 18:23:35.385 I  PeachCommander[1127:1c14] [com.apple.AppKit:Image] ISImage reported a placeholder, image rep is providing a placeholder image for <private>
2026-09-16 18:23:35.386 I  PeachCommander[1127:1c14] [com.apple.AppKit:Image] ISImage reported a placeholder, image rep is providing a placeholder image for <private>
2026-09-16 18:23:35.387 I  PeachCommander[1127:1c14] [com.apple.AppKit:Image] ISImage reported a placeholder, image rep is providing a placeholder image for <private>
2026-09-16 18:23:35.388 I  PeachCommander[1127:1c14] [com.apple.AppKit:Image] ISImage reported a placeholder, image rep is providing a placeholder image for <private>
2026-09-16 18:23:35.389 I  PeachCommander[1127:1c14] [com.apple.AppKit:Image] ISImage reported a placeholder, image rep is providing a placeholder image for <private>
2026-09-16 18:23:35.390 I  PeachCommander[1127:1c14] [com.apple.AppKit:Image] ISImage reported a placeholder, image rep is providing a placeholder image for <private>
2026-09-16 18:23:35.391 I  PeachCommander[1127:1c14] [com.apple.AppKit:Image] ISImage reported a placeholder, image rep is providing a placeholder image for <private>
2026-09-16 18:23:35.392 I  PeachCommander[1127:1c14] [com.apple.AppKit:Image] ISImage reported a placeholder, image rep is providing a placeholder image for <private>
2026-09-16 18:23:35.393 I  PeachCommander[1127:1c14] [com.apple.AppKit:Image] ISImage reported a placeholder, image rep is providing a placeholder image for <private>
2026-09-16 18:23:35.394 I  PeachCommander[1127:1c14] [com.apple.AppKit:Image] ISImage reported a placeholder, image rep is providing a placeholder image for <private>
2026-09-16 18:23:35.394 I  PeachCommander[1127:1c14] [com.apple.AppKit:Image] ISImage reported a placeholder, image rep is providing a placeholder image for <private>
2026-09-16 18:23:35.395 I  PeachCommander[1127:1c14] [com.apple.AppKit:Image] ISImage reported a placeholder, image rep is providing a placeholder image for <private>
2026-09-16 18:23:35.395 I  PeachCommander[1127:1c14] [com.apple.AppKit:Image] ISImage reported a placeholder, image rep is providing a placeholder image for <private>
2026-09-16 18:23:35.397 I  PeachCommander[1127:1c14] [com.apple.AppKit:Image] ISImage reported a placeholder, image rep is providing a placeholder image for <private>
2026-09-16 18:23:35.397 I  PeachCommander[1127:1c14] [com.apple.AppKit:Image] ISImage reported a placeholder, image rep is providing a placeholder image for <private>
2026-09-16 18:23:35.399 I  PeachCommander[1127:1c14] [com.apple.AppKit:Image] ISImage reported a placeholder, image rep is providing a placeholder image for <private>
2026-09-16 18:23:35.399 I  PeachCommander[1127:1c14] [com.apple.AppKit:Image] ISImage reported a placeholder, image rep is providing a placeholder image for <private>
2026-09-16 18:23:35.400 I  PeachCommander[1127:1c14] [com.apple.AppKit:Image] ISImage reported a placeholder, image rep is providing a placeholder image for <private>
2026-09-16 18:23:35.400 I  PeachCommander[1127:1c14] [com.apple.AppKit:Image] ISImage reported a placeholder, image rep is providing a placeholder image for <private>
2026-09-16 18:23:35.402 I  PeachCommander[1127:1c14] [com.apple.AppKit:Image] ISImage reported a placeholder, image rep is providing a placeholder image for <private>
2026-09-16 18:23:35.402 I  PeachCommander[1127:1c14] [com.apple.AppKit:Image] ISImage reported a placeholder, image rep is providing a placeholder image for <private>
2026-09-16 18:23:35.404 I  PeachCommander[1127:1c14] [com.apple.AppKit:Image] ISImage reported a placeholder, image rep is providing a placeholder image for <private>
2026-09-16 18:23:35.404 I  PeachCommander[1127:1c14] [com.apple.AppKit:Image] ISImage reported a placeholder, image rep is providing a placeholder image for <private>
2026-09-16 18:23:35.405 I  PeachCommander[1127:1c14] [com.apple.AppKit:Image] ISImage reported a placeholder, image rep is providing a placeholder image for <private>
2026-09-16 18:23:35.405 I  PeachCommander[1127:1c14] [com.apple.AppKit:Image] ISImage reported a placeholder, image rep is providing a placeholder image for <private>
2026-09-16 18:23:35.407 I  PeachCommander[1127:1c14] [com.apple.AppKit:Image] ISImage reported a placeholder, image rep is providing a placeholder image for <private>
2026-09-16 18:23:35.407 I  PeachCommander[1127:1c14] [com.apple.AppKit:Image] ISImage reported a placeholder, image rep is providing a placeholder image for <private>
2026-09-16 18:23:35.409 I  PeachCommander[1127:1c14] [com.apple.AppKit:Image] ISImage reported a placeholder, image rep is providing a placeholder image for <private>
2026-09-16 18:23:35.409 I  PeachCommander[1127:1c14] [com.apple.AppKit:Image] ISImage reported a placeholder, image rep is providing a placeholder image for <private>
2026-09-16 18:23:35.410 I  PeachCommander[1127:1c14] [com.apple.AppKit:Image] ISImage reported a placeholder, image rep is providing a placeholder image for <private>
2026-09-16 18:23:35.410 I  PeachCommander[1127:1c14] [com.apple.AppKit:Image] ISImage reported a placeholder, image rep is providing a placeholder image for <private>
2026-09-16 18:23:35.412 I  PeachCommander[1127:1c14] [com.apple.AppKit:Image] ISImage reported a placeholder, image rep is providing a placeholder image for <private>
2026-09-16 18:23:35.412 I  PeachCommander[1127:1c14] [com.apple.AppKit:Image] ISImage reported a placeholder, image rep is providing a placeholder image for <private>
2026-09-16 18:23:35.414 I  PeachCommander[1127:1c14] [com.apple.AppKit:Image] ISImage reported a placeholder, image rep is providing a placeholder image for <private>
2026-09-16 18:23:35.414 I  PeachCommander[1127:1c14] [com.apple.AppKit:Image] ISImage reported a placeholder, image rep is providing a placeholder image for <private>
2026-09-16 18:23:35.415 I  PeachCommander[1127:1c14] [com.apple.AppKit:Image] ISImage reported a placeholder, image rep is providing a placeholder image for <private>
2026-09-16 18:23:35.415 I  PeachCommander[1127:1c14] [com.apple.AppKit:Image] ISImage reported a placeholder, image rep is providing a placeholder image for <private>
2026-09-16 18:23:35.417 I  PeachCommander[1127:1c14] [com.apple.AppKit:Image] ISImage reported a placeholder, image rep is providing a placeholder image for <private>
2026-09-16 18:23:35.417 I  PeachCommander[1127:1c14] [com.apple.AppKit:Image] ISImage reported a placeholder, image rep is providing a placeholder image for <private>
2026-09-16 18:23:35.419 I  PeachCommander[1127:1c14] [com.apple.AppKit:Image] ISImage reported a placeholder, image rep is providing a placeholder image for <private>
2026-09-16 18:23:35.419 I  PeachCommander[1127:1c14] [com.apple.AppKit:Image] ISImage reported a placeholder, image rep is providing a placeholder image for <private>
2026-09-16 18:23:35.420 I  PeachCommander[1127:1c14] [com.apple.AppKit:Image] ISImage reported a placeholder, image rep is providing a placeholder image for <private>
2026-09-16 18:23:35.420 I  PeachCommander[1127:1c14] [com.apple.AppKit:Image] ISImage reported a placeholder, image rep is providing a placeholder image for <private>
2026-09-16 18:23:35.422 I  PeachCommander[1127:1c14] [com.apple.AppKit:Image] ISImage reported a placeholder, image rep is providing a placeholder image for <private>
2026-09-16 18:23:35.422 I  PeachCommander[1127:1c14] [com.apple.AppKit:Image] ISImage reported a placeholder, image rep is providing a placeholder image for <private>
2026-09-16 18:23:35.423 I  PeachCommander[1127:1c14] [com.apple.AppKit:Image] ISImage reported a placeholder, image rep is providing a placeholder image for <private>
2026-09-16 18:23:35.423 I  PeachCommander[1127:1c14] [com.apple.AppKit:Image] ISImage reported a placeholder, image rep is providing a placeholder image for <private>
2026-09-16 18:23:35.425 I  PeachCommander[1127:1c14] [com.apple.AppKit:Image] ISImage reported a placeholder, image rep is providing a placeholder image for <private>
2026-09-16 18:23:35.425 I  PeachCommander[1127:1c14] [com.apple.AppKit:Image] ISImage reported a placeholder, image rep is providing a placeholder image for <private>
2026-09-16 18:23:35.426 I  PeachCommander[1127:1c14] [com.apple.AppKit:Image] ISImage reported a placeholder, image rep is providing a placeholder image for <private>
2026-09-16 18:23:35.426 I  PeachCommander[1127:1c14] [com.apple.AppKit:Image] ISImage reported a placeholder, image rep is providing a placeholder image for <private>
2026-09-16 18:23:35.428 I  PeachCommander[1127:1c14] [com.apple.AppKit:Image] ISImage reported a placeholder, image rep is providing a placeholder image for <private>
2026-09-16 18:23:35.428 I  PeachCommander[1127:1c14] [com.apple.AppKit:Image] ISImage reported a placeholder, image rep is providing a placeholder image for <private>
2026-09-16 18:23:35.430 I  PeachCommander[1127:1c14] [com.apple.AppKit:Image] ISImage reported a placeholder, image rep is providing a placeholder image for <private>
2026-09-16 18:23:35.430 I  PeachCommander[1127:1c14] [com.apple.AppKit:Image] ISImage reported a placeholder, image rep is providing a placeholder image for <private>
2026-09-16 18:23:35.431 I  PeachCommander[1127:1c14] [com.apple.AppKit:Image] ISImage reported a placeholder, image rep is providing a placeholder image for <private>
2026-09-16 18:23:35.431 I  PeachCommander[1127:1c14] [com.apple.AppKit:Image] ISImage reported a placeholder, image rep is providing a placeholder image for <private>
