Timestamp               Ty Process[PID:TID]
2026-09-16 18:24:04.360 A  PeachCommander[1590:22eb] (libsystem_info.dylib) Retrieve User by ID
2026-09-16 18:24:04.361 Df PeachCommander[1590:22eb] [com.apple.xpc:connection] [0x1044487f0] activating connection: mach=true listener=false peer=false name=com.apple.cfprefsd.daemon
2026-09-16 18:24:04.361 Df PeachCommander[1590:22f3] [com.apple.xpc:connection] [0x104448f30] activating connection: mach=true listener=false peer=false name=com.apple.cfprefsd.agent
2026-09-16 18:24:04.362 Df PeachCommander[1590:22eb] [com.apple.xpc:connection] [0x1044485a0] activating connection: mach=true listener=false peer=false name=com.apple.coreservices.launchservicesd
2026-09-16 18:24:04.363 I  PeachCommander[1590:22eb] [com.apple.launchservices:cas] Registering for notification <private> on default queue, to re-boostrap client connection.
2026-09-16 18:24:04.363 Df PeachCommander[1590:22eb] [com.apple.xpc:connection] [0x9b9064000] activating connection: mach=true listener=false peer=false name=com.apple.pasteboard.1
2026-09-16 18:24:04.363 Df PeachCommander[1590:22eb] [com.apple.xpc:connection] [0x9b9064140] activating connection: mach=true listener=false peer=false name=com.apple.distributed_notifications@Uv3
2026-09-16 18:24:04.365 Df PeachCommander[1590:22eb] [com.apple.AppKit:AutomaticTermination] void _NSDisableAutomaticTerminationAndLog(NSString *) No windows open yet
2026-09-16 18:24:04.365 A  PeachCommander[1590:22eb] (TCC) TCCAccessRequest() IPC
2026-09-16 18:24:04.365 Df PeachCommander[1590:22eb] [com.apple.xpc:connection] [0x9b9064280] activating connection: mach=true listener=false peer=false name=com.apple.tccd.system
2026-09-16 18:24:04.365 I  PeachCommander[1590:22eb] [com.apple.TCC:access] SEND: 0/7 synchronous to com.apple.tccd.system: request: msgID=1590.1, function=TCCAccessRequest, service=kTCCServiceListenEvent,
2026-09-16 18:24:04.366 I  PeachCommander[1590:22eb] [com.apple.TCC:access] RECV: synchronous reply <dictionary: 0x9b9034000> { count = 5, transaction: 0, voucher = 0x0, contents =
	"prompt_type" => <uint64: 0x9d83b726024245ef>: 1
	"auth_value" => <uint64: 0x9d83b726024245ef>: 1
	"preflight_unknown" => <bool: 0x1ee965190>: true
	"auth_version" => <uint64: 0x9d83b726024245ef>: 1
	"auth_reason" => <uint64: 0x9d83b726024245cf>: 5
}
2026-09-16 18:24:04.366 Df PeachCommander[1590:22eb] [com.apple.xpc:connection] [0x9b9064280] invalidated after the last release of the connection object
2026-09-16 18:24:04.367 Df PeachCommander[1590:22eb] [com.apple.SkyLight:default] server port 0x00003907, session port 0x00003907
2026-09-16 18:24:04.369 Df PeachCommander[1590:22eb] [com.apple.SkyLight:default] New connection 0x46103 main
2026-09-16 18:24:04.370 I  PeachCommander[1590:22f4] [com.apple.SkyLight:processes] 0[outside of RPC]: First connection id 286979 mapped to ctx = 0x104455430
2026-09-16 18:24:04.370 I  PeachCommander[1590:22eb] [com.apple.hiservices:processmgr] Checking in with CAS, pid=1590
2026-09-16 18:24:04.370 I  PeachCommander[1590:22eb] [com.apple.launchservices:cas] LSApplicationCheckIn(), app being registered is:"/Users/admin/pc-test/PeachCommander.app/Contents/MacOS/PeachCommander"
2026-09-16 18:24:04.371 I  PeachCommander[1590:22eb] [com.apple.launchservices:cas]  { "ApplicationType"="Foreground", "BuildMachineOSBuild"="25E246", "CFBundleDevelopmentRegion"="en", "CFBundleDocumentTypes"=( { "CFBundleTypeName"="Peach Commander Plugin Package", "CFBundleTypeRole"="Viewer", "LSHandlerRank"="Owner", "LSItemContentTypes"=( "com.peachcommander.plugin-package") }, { "CFBundleTypeName"="Peach Commander Workspace", "CFBundleTypeRole"="Viewer", "LSHandlerRank"="Owner", "LSItemContentTypes"=( "com.peachcommander.workspace") }), "CFBundleExecutable"="PeachCommander", "CFBundleExecutablePath"="/Users/admin/pc-test/PeachCommander.app/Contents/MacOS/PeachCommander", "CFBundleHelpBookFolder"="PeachCommander.help", "CFBundleHelpBookName"="Peach Commander Help", "CFBundleIconFile"="AppIcon", "CFBundleIconName"="AppIcon", "CFBundleIdentifier"="com.peachcommander.app", "CFBundleInfoDictionaryVersion"="6.0", "CFBundleName"="PeachCommander", "CFBundleNumericVersion"=419463168, "CFBundlePackageType"="APPL", "CFBundleShortVersionString"="0.9.1", "CFBundleSignature"="?????", "CFBundleS<…>
2026-09-16 18:24:04.371 Df PeachCommander[1590:22eb] [com.apple.processmanager:front-35286506] CHECKIN: pid=1590
2026-09-16 18:24:04.373 Df PeachCommander[1590:22eb] [com.apple.processmanager:front-35286506] CHECKEDIN: pid=1590 asn=0x0-0x2b02b foreground=1
2026-09-16 18:24:04.373 I  PeachCommander[1590:22eb] [com.apple.launchservices:cas] Setting processControlState to default PROC_SETPC_SUSPEND because application does not have LSProcessControlValue key
2026-09-16 18:24:04.373 Df PeachCommander[1590:22eb] [com.apple.xpc:connection] [0x9b9064280] activating connection: mach=false listener=true peer=false name=(anonymous)
2026-09-16 18:24:04.373 Df PeachCommander[1590:22eb] [com.apple.xpc:connection] [0x9b9064280] Connection returned listener port: 0x4103
2026-09-16 18:24:04.373 Df PeachCommander[1590:22f3] [com.apple.xpc:connection] [0x9b8cb4300] activating connection: mach=false listener=false peer=true name=com.apple.xpc.anonymous.0x9b9064280.peer[131].0x9b8cb4300
2026-09-16 18:24:04.374 Df PeachCommander[1590:22eb] [com.apple.processmanager:front-35286506] FRONTLOGGING: version 1
2026-09-16 18:24:04.374 Df PeachCommander[1590:22eb] [com.apple.processmanager:front-35286506] Registered, pid=1590 ASN=0x0,0x2b02b
2026-09-16 18:24:04.374 Df PeachCommander[1590:22eb] [com.apple.xpc:connection] [0x9b90643c0] activating connection: mach=true listener=false peer=false name=com.apple.analyticsd
2026-09-16 18:24:04.374 I  PeachCommander[1590:22eb] [com.apple.CoreAnalytics:client] Daemon status changed from 0 to 1
2026-09-16 18:24:04.374 I  PeachCommander[1590:22f3] [com.apple.CarbonCore:coreservicesdaemon] SCSession():SCSession( id=100, this=0x0x104457b00 option=65538) created, forUID=501 mach_port_t=0x5303.
2026-09-16 18:24:04.374 I  PeachCommander[1590:22f3] [com.apple.CarbonCore:coreservicesdaemon] SCSession():SCSession( id=101, this=0x0x104457c40 option=65538) created, forUID=501 mach_port_t=0x4603.
2026-09-16 18:24:04.374 I  PeachCommander[1590:22f3] [com.apple.CarbonCore:coreservicesdaemon] connectToCoreServicesD():Instantiating server (coreservicesd based) SCSession, port=0x5303 serverOptions=0x10002.
2026-09-16 18:24:04.374 I  PeachCommander[1590:22eb] [com.apple.hiservices:processmgr] _RegisterApplication( pid 1590 => 0x0,0x2b02b) type=foreground
2026-09-16 18:24:04.374 Df PeachCommander[1590:22eb] [com.apple.xpc:connection] [0x9b9064280] Connection returned listener port: 0x4103
2026-09-16 18:24:04.375 Df PeachCommander[1590:22f8] [com.apple.CoreAnalytics:client] Received configuration update from daemon (initial)
2026-09-16 18:24:04.375 I  PeachCommander[1590:22eb] [com.apple.launchservices:cas] CFArrayRef _LSCopyLaunchModifiers(LSSessionID, LSASNRef _Nonnull), result for psn [ kLSCurrentApp ASN, 0x0,0x2]  is 1 items.
2026-09-16 18:24:04.375 Df PeachCommander[1590:22eb] [com.apple.processmanager:front-35286506] BringForward: pid=1590 asn=0x0-0x2b02b bringForward=1 foreground=1 uiElement=0 launchedByLS=1 modifiersCount=1 allDisabled=1
2026-09-16 18:24:04.375 Df PeachCommander[1590:22eb] [com.apple.processmanager:front-35286506] BringFrontModifier: pid=1590 asn=0x0-0x2b02b Modifier 0 hideAfter=0 hideOthers=0 dontMakeFrontmost=0 mouseDown=0/0 seed=0/0
2026-09-16 18:24:04.375 Df PeachCommander[1590:22eb] [com.apple.processmanager:front-35286506] BringForward: pid=1590 asn=0x0-0x2b02b
2026-09-16 18:24:04.375 Df PeachCommander[1590:22eb] [com.apple.processmanager:front-35286506] SetFrontProcess: asn=0x0-0x2b02b options=0
2026-09-16 18:24:04.375 I  PeachCommander[1590:22eb] [com.apple.SkyLight:processes] 0[outside of RPC]: SLPSetFrontProcess(0x0-0x2b02b window=0 options=0x0
2026-09-16 18:24:04.375 Df PeachCommander[1590:22f3] [com.apple.xpc:connection] [0x9b9064500] activating connection: mach=true listener=false peer=false name=com.apple.lsd.mapdb
2026-09-16 18:24:04.377 Df PeachCommander[1590:22eb] [com.apple.AppKit:Appearance] Current system appearance, (HLTB: 1), (SLS: 0)
2026-09-16 18:24:04.378 Df PeachCommander[1590:22eb] (libMobileGestalt.dylib) No persisted cache on this platform.
2026-09-16 18:24:04.379 I  PeachCommander[1590:22f4] [com.apple.launchservices:cas] information in shared memory for 0x0-0x2b02b with seed 533 was still valid, so using cached info { "ApplicationType"="Foreground", "BuildMachineOSBuild"="25E246", "BundleIdentifierLowerCase"="com.peachcommander.app", "CFBundleDevelopmentRegion"="en", "CFBundleDocumentTypes"=( { "CFBundleTypeName"="Peach Commander Plugin Package", "CFBundleTypeRole"="Viewer", "LSHandlerRank"="Owner", "LSItemContentTypes"=( "com.peachcommander.plugin-package") }, { "CFBundleTypeName"="Peach Commander Workspace", "CFBundleTypeRole"="Viewer", "LSHandlerRank"="Owner", "LSItemContentTypes"=( "com.peachcommander.workspace") }), "CFBundleExecutable"="PeachCommander", "CFBundleExecutablePath"="/Users/admin/pc-test/PeachCommander.app/Contents/MacOS/PeachCommander", "CFBundleExecutablePathDeviceID"=16777229, "CFBundleExecutablePathINode"=488189, "CFBundleHelpBookFolder"="PeachCommander.help", "CFBundleHelpBookName"="Peach Commander Help", "CFBundleIconFile"="AppIcon", "CFBundleIconName"="AppIcon", "CFBundleIdentifier"="com.peachcommander.app", "CFBundleInfoDictionaryVersion"="6.0", "CFBundleName"="PeachCo<…>
2026-09-16 18:24:04.379 Df PeachCommander[1590:22eb] (libMobileGestalt.dylib) Could not get size of EAN data (IOConnectCallScalarMethod kAppleNVMeEANGetSize returned 0xE00002E2)
2026-09-16 18:24:04.379 Df PeachCommander[1590:22eb] (libMobileGestalt.dylib) Failed to copy 'aptk' from EAN
2026-09-16 18:24:04.379 Df PeachCommander[1590:22eb] (libMobileGestalt.dylib) Failed to copy APTicket properties. Falling back to default policy.
2026-09-16 18:24:04.379 Df PeachCommander[1590:22eb] (libMobileGestalt.dylib) Creating default MGSysConfigPolicy
2026-09-16 18:24:04.379 Df PeachCommander[1590:22eb] (libMobileGestalt.dylib) CFDictionaryRef copySyscfgDictionary(void) enumeration of <private> failed.
2026-09-16 18:24:04.379 Df PeachCommander[1590:22eb] (libMobileGestalt.dylib) Failed to find key <private>
2026-09-16 18:24:04.380 I  PeachCommander[1590:22f3] [com.apple.launchservices:db] LaunchServices database schema version: 20971544
2026-09-16 18:24:04.381 Df PeachCommander[1590:22eb] [com.apple.AppKit:Appearance] Current system appearance, (HLTB: 1), (SLS: 0)
2026-09-16 18:24:04.382 Df PeachCommander[1590:22eb] [com.apple.AppKit:Appearance] Post-registration system appearance: (HLTB: 1)
2026-09-16 18:24:04.382 I  PeachCommander[1590:22f3] [com.apple.launchservices:default] Unable to load Info.plist exceptions (eGPUOverrides)
2026-09-16 18:24:04.382 I  PeachCommander[1590:22f3] [com.apple.launchservices:default] Unable to load Info.plist exceptions (gameModeOverrides)
2026-09-16 18:24:04.382 I  PeachCommander[1590:22f3] [com.apple.launchservices:default] Unable to load Info.plist exceptions (identifiedGameOverrides)
2026-09-16 18:24:04.382 I  PeachCommander[1590:22f3] [com.apple.launchservices:default] Unable to load Info.plist exceptions (SystemHiddenPreferred)
2026-09-16 18:24:04.383 Df PeachCommander[1590:22eb] [com.apple.FrontBoard:Common] FBSWorkspace: endpoint monitoring is disabled.
2026-09-16 18:24:04.383 Df PeachCommander[1590:22eb] [com.apple.FrontBoard:Common] FBSWorkspace: default shell endpoint is disabled.
2026-09-16 18:24:04.383 Df PeachCommander[1590:22eb] [com.apple.runningboard:connection] Initializing connection
2026-09-16 18:24:04.383 Df PeachCommander[1590:22eb] [com.apple.runningboard:process] Removing all cached process handles
2026-09-16 18:24:04.383 Df PeachCommander[1590:22f3] [com.apple.runningboard:connection] Sending handshake request attempt #1 to server
2026-09-16 18:24:04.383 Df PeachCommander[1590:22f3] [com.apple.runningboard:connection] Creating connection to com.apple.runningboard
2026-09-16 18:24:04.383 Df PeachCommander[1590:22f3] [com.apple.xpc:connection] [0x9b9064780] activating connection: mach=true listener=false peer=false name=com.apple.runningboard
2026-09-16 18:24:04.384 Df PeachCommander[1590:22eb] [com.apple.xpc:connection] [0x9b9064280] Connection returned listener port: 0x4103
2026-09-16 18:24:04.384 A  PeachCommander[1590:22f4] (RunningBoardServices) didChangeInheritances
2026-09-16 18:24:04.384 I  PeachCommander[1590:22eb] [com.apple.launchservices:cas] information in shared memory for 0x0-0x2b02b with seed 533 was still valid, so using cached info { "ApplicationType"="Foreground", "BuildMachineOSBuild"="25E246", "BundleIdentifierLowerCase"="com.peachcommander.app", "CFBundleDevelopmentRegion"="en", "CFBundleDocumentTypes"=( { "CFBundleTypeName"="Peach Commander Plugin Package", "CFBundleTypeRole"="Viewer", "LSHandlerRank"="Owner", "LSItemContentTypes"=( "com.peachcommander.plugin-package") }, { "CFBundleTypeName"="Peach Commander Workspace", "CFBundleTypeRole"="Viewer", "LSHandlerRank"="Owner", "LSItemContentTypes"=( "com.peachcommander.workspace") }), "CFBundleExecutable"="PeachCommander", "CFBundleExecutablePath"="/Users/admin/pc-test/PeachCommander.app/Contents/MacOS/PeachCommander", "CFBundleExecutablePathDeviceID"=16777229, "CFBundleExecutablePathINode"=488189, "CFBundleHelpBookFolder"="PeachCommander.help", "CFBundleHelpBookName"="Peach Commander Help", "CFBundleIconFile"="AppIcon", "CFBundleIconName"="AppIcon", "CFBundleIdentifier"="com.peachcommander.app", "CFBundleInfoDictionaryVersion"="6.0", "CFBundleName"="PeachCo<…>
2026-09-16 18:24:04.384 Df PeachCommander[1590:22f3] [com.apple.runningboard:connection] Handshake succeeded
2026-09-16 18:24:04.384 Df PeachCommander[1590:22f3] [com.apple.runningboard:connection] Identity resolved as app<application.com.peachcommander.app.487132.488189(501)>
2026-09-16 18:24:04.387 Df PeachCommander[1590:22eb] [com.apple.xpc:connection] [0x9b9064280] Connection returned listener port: 0x4103
2026-09-16 18:24:04.389 A  PeachCommander[1590:22f3] (AppIntents) appintents:register process
2026-09-16 18:24:04.389 Df PeachCommander[1590:22f3] [com.apple.appintents:Connection] Created a new Process Instance Registry XPC connection (inactive)
2026-09-16 18:24:04.389 Df PeachCommander[1590:22f3] [com.apple.xpc:connection] [0x9b90648c0] activating connection: mach=true listener=false peer=false name=com.apple.linkd.autoShortcut
2026-09-16 18:24:04.389 I  PeachCommander[1590:22eb] [com.apple.launchservices:cas] information in shared memory for 0x0-0x2b02b with seed 533 was still valid, so using cached info { "ApplicationType"="Foreground", "BuildMachineOSBuild"="25E246", "BundleIdentifierLowerCase"="com.peachcommander.app", "CFBundleDevelopmentRegion"="en", "CFBundleDocumentTypes"=( { "CFBundleTypeName"="Peach Commander Plugin Package", "CFBundleTypeRole"="Viewer", "LSHandlerRank"="Owner", "LSItemContentTypes"=( "com.peachcommander.plugin-package") }, { "CFBundleTypeName"="Peach Commander Workspace", "CFBundleTypeRole"="Viewer", "LSHandlerRank"="Owner", "LSItemContentTypes"=( "com.peachcommander.workspace") }), "CFBundleExecutable"="PeachCommander", "CFBundleExecutablePath"="/Users/admin/pc-test/PeachCommander.app/Contents/MacOS/PeachCommander", "CFBundleExecutablePathDeviceID"=16777229, "CFBundleExecutablePathINode"=488189, "CFBundleHelpBookFolder"="PeachCommander.help", "CFBundleHelpBookName"="Peach Commander Help", "CFBundleIconFile"="AppIcon", "CFBundleIconName"="AppIcon", "CFBundleIdentifier"="com.peachcommander.app", "CFBundleInfoDictionaryVersion"="6.0", "CFBundleName"="PeachCo<…>
2026-09-16 18:24:04.389 I  PeachCommander[1590:22eb] [com.apple.hiservices:processmgr] TransformProcessType(0x0,0x2 => 1 wasFront=1 pickNew=0)
2026-09-16 18:24:04.389 Df PeachCommander[1590:22f3] [com.apple.appintents:Connection] Activated connection to linkd (ApplicationService)
2026-09-16 18:24:04.389 Df PeachCommander[1590:22f3] [com.apple.xpc:connection] [0x9b9064a00] activating connection: mach=false listener=true peer=false name=(anonymous)
2026-09-16 18:24:04.390 I  PeachCommander[1590:22eb] [com.apple.CoreAnalytics:client] Dropping "com.apple.appkit.app_config" as it isn't used in any transform (not in the config or budgeted?)
2026-09-16 18:24:04.390 I  PeachCommander[1590:22f3] [com.apple.appintents:Execution] LNAppConnectionListener instantiated
2026-09-16 18:24:04.390 Df PeachCommander[1590:22f3] [com.apple.xpc:connection] [0x9b9064a00] Connection returned listener port: 0x6203
2026-09-16 18:24:04.391 Df PeachCommander[1590:22eb] [com.apple.dt.xctest:Default] Registering for test daemon availability notify post.
2026-09-16 18:24:04.391 Df PeachCommander[1590:22eb] [com.apple.dt.xctest:Default] notify_get_state check indicated test daemon not ready.
2026-09-16 18:24:04.391 Df PeachCommander[1590:22eb] [com.apple.dt.xctest:Default] notify_get_state check indicated test daemon not ready.
2026-09-16 18:24:04.391 Df PeachCommander[1590:22f8] [com.apple.xpc:connection] [0x9b90648c0] Re-initialization successful; calling out to event handler with XPC_ERROR_CONNECTION_INTERRUPTED
2026-09-16 18:24:04.391 Df PeachCommander[1590:22f8] [com.apple.appintents:Connection] Process Instance Registry XPC connection has been interrupted
2026-09-16 18:24:04.391 E  PeachCommander[1590:22f3] [com.apple.appintents:Connection] Unable to get synchronousRemoteObjectProxy, error: Error Domain=NSCocoaErrorDomain Code=4097 "connection to service named com.apple.linkd.autoShortcut" UserInfo={NSDebugDescription=connection to service named com.apple.linkd.autoShortcut}
2026-09-16 18:24:04.391 E  PeachCommander[1590:22f3] [com.apple.AppKit:Application] Error registering app with intents framework: Error Domain=NSCocoaErrorDomain Code=4097 UserInfo={NSDebugDescription=<private>}
2026-09-16 18:24:04.391 Df PeachCommander[1590:22eb] [com.apple.dt.xctest:Default] notify_get_state check indicated test daemon not ready.
2026-09-16 18:24:04.391 Df PeachCommander[1590:22f4] [com.apple.appintents:Connection] Created a new Process Instance Registry XPC connection (inactive)
2026-09-16 18:24:04.391 A  PeachCommander[1590:22f4] (AppIntents) appintents:register process
2026-09-16 18:24:04.391 Df PeachCommander[1590:22f4] [com.apple.appintents:Connection] Created a new Process Instance Registry XPC connection (inactive)
2026-09-16 18:24:04.391 Df PeachCommander[1590:22f4] [com.apple.xpc:connection] [0x9b9064c80] activating connection: mach=true listener=false peer=false name=com.apple.linkd.autoShortcut
2026-09-16 18:24:04.391 Df PeachCommander[1590:22f4] [com.apple.appintents:Connection] Activated connection to linkd (ApplicationService)
2026-09-16 18:24:04.391 Df PeachCommander[1590:22f4] [com.apple.xpc:connection] [0x9b9064a00] Connection returned listener port: 0x6203
2026-09-16 18:24:04.392 Df PeachCommander[1590:22f3] [com.apple.xpc:connection] [0x9b9064c80] Re-initialization successful; calling out to event handler with XPC_ERROR_CONNECTION_INTERRUPTED
2026-09-16 18:24:04.392 Df PeachCommander[1590:22f3] [com.apple.appintents:Connection] Process Instance Registry XPC connection has been interrupted
2026-09-16 18:24:04.393 Df PeachCommander[1590:22f3] [com.apple.appintents:Connection] Created a new Process Instance Registry XPC connection (inactive)
2026-09-16 18:24:04.393 A  PeachCommander[1590:22f3] (AppIntents) appintents:register process
2026-09-16 18:24:04.393 Df PeachCommander[1590:22f3] [com.apple.appintents:Connection] Created a new Process Instance Registry XPC connection (inactive)
2026-09-16 18:24:04.393 E  PeachCommander[1590:22f4] [com.apple.appintents:Connection] Unable to get synchronousRemoteObjectProxy, error: Error Domain=NSCocoaErrorDomain Code=4097 "connection to service named com.apple.linkd.autoShortcut" UserInfo={NSDebugDescription=connection to service named com.apple.linkd.autoShortcut}
2026-09-16 18:24:04.393 Df PeachCommander[1590:22f3] [com.apple.xpc:connection] [0x9b90652c0] activating connection: mach=true listener=false peer=false name=com.apple.linkd.autoShortcut
2026-09-16 18:24:04.393 E  PeachCommander[1590:22f4] [com.apple.appintents:Connection] Unable to re-register with Process Instance Registry, error: Error Domain=NSCocoaErrorDomain Code=4097 "connection to service named com.apple.linkd.autoShortcut" UserInfo={NSDebugDescription=connection to service named com.apple.linkd.autoShortcut}
2026-09-16 18:24:04.393 Df PeachCommander[1590:22f3] [com.apple.appintents:Connection] Activated connection to linkd (ApplicationService)
2026-09-16 18:24:04.393 Df PeachCommander[1590:22f3] [com.apple.xpc:connection] [0x9b9064a00] Connection returned listener port: 0x6203
2026-09-16 18:24:04.393 Df PeachCommander[1590:22f4] [com.apple.xpc:connection] [0x9b90652c0] Re-initialization successful; calling out to event handler with XPC_ERROR_CONNECTION_INTERRUPTED
2026-09-16 18:24:04.393 Df PeachCommander[1590:22f4] [com.apple.appintents:Connection] Process Instance Registry XPC connection has been interrupted
2026-09-16 18:24:04.393 E  PeachCommander[1590:22f3] [com.apple.appintents:Connection] Unable to get synchronousRemoteObjectProxy, error: Error Domain=NSCocoaErrorDomain Code=4097 "connection to service named com.apple.linkd.autoShortcut" UserInfo={NSDebugDescription=connection to service named com.apple.linkd.autoShortcut}
2026-09-16 18:24:04.393 E  PeachCommander[1590:22f3] [com.apple.appintents:Connection] Unable to re-register with Process Instance Registry, error: Error Domain=NSCocoaErrorDomain Code=4097 "connection to service named com.apple.linkd.autoShortcut" UserInfo={NSDebugDescription=connection to service named com.apple.linkd.autoShortcut}
2026-09-16 18:24:04.393 Df PeachCommander[1590:22f4] [com.apple.appintents:Connection] Created a new Process Instance Registry XPC connection (inactive)
2026-09-16 18:24:04.393 A  PeachCommander[1590:22f4] (AppIntents) appintents:register process
2026-09-16 18:24:04.393 Df PeachCommander[1590:22f4] [com.apple.appintents:Connection] Created a new Process Instance Registry XPC connection (inactive)
2026-09-16 18:24:04.393 Df PeachCommander[1590:22f4] [com.apple.xpc:connection] [0x9b9065540] activating connection: mach=true listener=false peer=false name=com.apple.linkd.autoShortcut
2026-09-16 18:24:04.394 Df PeachCommander[1590:22f4] [com.apple.appintents:Connection] Activated connection to linkd (ApplicationService)
2026-09-16 18:24:04.394 Df PeachCommander[1590:22f4] [com.apple.xpc:connection] [0x9b9064a00] Connection returned listener port: 0x6203
2026-09-16 18:24:04.394 Df PeachCommander[1590:22f3] [com.apple.xpc:connection] [0x9b9065540] Re-initialization successful; calling out to event handler with XPC_ERROR_CONNECTION_INTERRUPTED
2026-09-16 18:24:04.394 Df PeachCommander[1590:22f3] [com.apple.appintents:Connection] Process Instance Registry XPC connection has been interrupted
2026-09-16 18:24:04.394 E  PeachCommander[1590:22f3] [com.apple.appintents:Connection] Will NOT re-try to establish the connection
2026-09-16 18:24:04.394 E  PeachCommander[1590:22f4] [com.apple.appintents:Connection] Unable to get synchronousRemoteObjectProxy, error: Error Domain=NSCocoaErrorDomain Code=4097 "connection to service named com.apple.linkd.autoShortcut" UserInfo={NSDebugDescription=connection to service named com.apple.linkd.autoShortcut}
2026-09-16 18:24:04.394 E  PeachCommander[1590:22f4] [com.apple.appintents:Connection] Unable to re-register with Process Instance Registry, error: Error Domain=NSCocoaErrorDomain Code=4097 "connection to service named com.apple.linkd.autoShortcut" UserInfo={NSDebugDescription=connection to service named com.apple.linkd.autoShortcut}
2026-09-16 18:24:04.397 A  PeachCommander[1590:22eb] (CoreFoundation) Loading Preferences From System CFPrefsD
2026-09-16 18:24:04.397 Df PeachCommander[1590:22eb] (libMobileGestalt.dylib) couldn't load support library
2026-09-16 18:24:04.397 Df PeachCommander[1590:22eb] (libMobileGestalt.dylib) called dummy function!
2026-09-16 18:24:04.398 I  PeachCommander[1590:22eb] [com.apple.GenerativeModels:availability] Current availability state: unavailable, use cases: com.apple.WritingTools, language: <any>, api: <private>
2026-09-16 18:24:04.398 Df PeachCommander[1590:22eb] [com.apple.GenerativeModels:availability] registering darwin observer for name: com.apple.gms.availability.notification
2026-09-16 18:24:04.398 Df PeachCommander[1590:22eb] [com.apple.GenerativeModels:availability] registering darwin observer for name: com.apple.os-eligibility-domain.change.greymatter
2026-09-16 18:24:04.398 Df PeachCommander[1590:22eb] [com.apple.GenerativeModels:availability] registering darwin observer for name: com.apple.language.changed
2026-09-16 18:24:04.398 Df PeachCommander[1590:22eb] [com.apple.WritingTools:Default] isAvailable value changed: isMDMAllowed = true, gmAvailable (current) = false
2026-09-16 18:24:04.401 I  PeachCommander[1590:22eb] [com.apple.CoreAnalytics:client] Dropping "com.apple.appkit.app_config" as it isn't used in any transform (not in the config or budgeted?)
2026-09-16 18:24:04.405 Df PeachCommander[1590:22eb] [com.apple.AppKit:Appearance] NSApp cache appearance:
-NSRequiresAquaSystemAppearance: 0
-appearance: (null)
-effectiveAppearance: <NSCompositeAppearance: 0x9b8c98780
 (
    "<NSAquaAppearance: 0x9b8c98460>",
    "<NSSystemAppearance: 0x9b8c986e0>"
)>
2026-09-16 18:24:04.410 A  PeachCommander[1590:22eb] (CoreFoundation) Loading Preferences From User CFPrefsD
2026-09-16 18:24:04.410 A  PeachCommander[1590:22eb] (CoreFoundation) Loading Preferences From User CFPrefsD
2026-09-16 18:24:04.415 A  PeachCommander[1590:22f3] (libsystem_info.dylib) Membership API: translate identifier
2026-09-16 18:24:04.419 I  PeachCommander[1590:22eb] [com.apple.CoreAnalytics:client] Dropping "com.apple.appkit.app_config" as it isn't used in any transform (not in the config or budgeted?)
2026-09-16 18:24:04.419 I  PeachCommander[1590:22eb] [com.apple.CoreAnalytics:client] Dropping "com.apple.appkit.app_config" as it isn't used in any transform (not in the config or budgeted?)
2026-09-16 18:24:04.420 Df PeachCommander[1590:22f4] [com.apple.xpc:connection] [0x9b9065a40] activating connection: mach=true listener=false peer=false name=com.apple.dock.fullscreen
2026-09-16 18:24:04.425 Df PeachCommander[1590:22eb] [com.apple.xpc:connection] [0x9b9065b80] activating connection: mach=true listener=false peer=false name=com.apple.fonts
2026-09-16 18:24:04.428 I  PeachCommander[1590:22eb] [com.apple.launchservices:cas] information in shared memory for 0x0-0x2b02b with seed 533 was still valid, so using cached info { "ApplicationType"="Foreground", "BuildMachineOSBuild"="25E246", "BundleIdentifierLowerCase"="com.peachcommander.app", "CFBundleDevelopmentRegion"="en", "CFBundleDocumentTypes"=( { "CFBundleTypeName"="Peach Commander Plugin Package", "CFBundleTypeRole"="Viewer", "LSHandlerRank"="Owner", "LSItemContentTypes"=( "com.peachcommander.plugin-package") }, { "CFBundleTypeName"="Peach Commander Workspace", "CFBundleTypeRole"="Viewer", "LSHandlerRank"="Owner", "LSItemContentTypes"=( "com.peachcommander.workspace") }), "CFBundleExecutable"="PeachCommander", "CFBundleExecutablePath"="/Users/admin/pc-test/PeachCommander.app/Contents/MacOS/PeachCommander", "CFBundleExecutablePathDeviceID"=16777229, "CFBundleExecutablePathINode"=488189, "CFBundleHelpBookFolder"="PeachCommander.help", "CFBundleHelpBookName"="Peach Commander Help", "CFBundleIconFile"="AppIcon", "CFBundleIconName"="AppIcon", "CFBundleIdentifier"="com.peachcommander.app", "CFBundleInfoDictionaryVersion"="6.0", "CFBundleName"="PeachCo<…>
2026-09-16 18:24:04.429 I  PeachCommander[1590:22eb] [com.apple.CoreAnalytics:client] Dropping "com.apple.appkit.app_config" as it isn't used in any transform (not in the config or budgeted?)
2026-09-16 18:24:04.429 Df PeachCommander[1590:22eb] [com.apple.AppKit:AutomaticTermination] -[NSApplication(NSAppssassination) _checkForAutomaticTerminationSupportPossiblyEnablingIt]_block_invoke Enabling automatic termination support.
2026-09-16 18:24:04.429 Df PeachCommander[1590:22eb] [com.apple.xpc:connection] [0x9b9064dc0] activating connection: mach=true listener=false peer=false name=com.apple.appkit.restoration_storage
2026-09-16 18:24:04.429 I  PeachCommander[1590:22eb] [com.apple.launchservices:cas] information in shared memory for 0x0-0x2b02b with seed 533 was still valid, so using cached info { "ApplicationType"="Foreground", "BuildMachineOSBuild"="25E246", "BundleIdentifierLowerCase"="com.peachcommander.app", "CFBundleDevelopmentRegion"="en", "CFBundleDocumentTypes"=( { "CFBundleTypeName"="Peach Commander Plugin Package", "CFBundleTypeRole"="Viewer", "LSHandlerRank"="Owner", "LSItemContentTypes"=( "com.peachcommander.plugin-package") }, { "CFBundleTypeName"="Peach Commander Workspace", "CFBundleTypeRole"="Viewer", "LSHandlerRank"="Owner", "LSItemContentTypes"=( "com.peachcommander.workspace") }), "CFBundleExecutable"="PeachCommander", "CFBundleExecutablePath"="/Users/admin/pc-test/PeachCommander.app/Contents/MacOS/PeachCommander", "CFBundleExecutablePathDeviceID"=16777229, "CFBundleExecutablePathINode"=488189, "CFBundleHelpBookFolder"="PeachCommander.help", "CFBundleHelpBookName"="Peach Commander Help", "CFBundleIconFile"="AppIcon", "CFBundleIconName"="AppIcon", "CFBundleIdentifier"="com.peachcommander.app", "CFBundleInfoDictionaryVersion"="6.0", "CFBundleName"="PeachCo<…>
2026-09-16 18:24:04.429 Df PeachCommander[1590:22eb] [com.apple.xpc:connection] [0x9b9064f00] activating connection: mach=true listener=false peer=false name=com.apple.coreservices.appleevents
2026-09-16 18:24:04.430 I  PeachCommander[1590:22eb] [com.apple.appleevents:main] _AEGetRegisteredMachPort() created default port (port:45059/0xb003 rcv:1 send:1 limit:5) and registered it with server
2026-09-16 18:24:04.430 Df PeachCommander[1590:22eb] [com.apple.xpc:connection] [0x9b9064280] Connection returned listener port: 0x4103
2026-09-16 18:24:04.430 I  PeachCommander[1590:22eb] [com.apple.launchservices:cas] information in shared memory for 0x0-0x2b02b with seed 533 was still valid, so using cached info { "ApplicationType"="Foreground", "BuildMachineOSBuild"="25E246", "BundleIdentifierLowerCase"="com.peachcommander.app", "CFBundleDevelopmentRegion"="en", "CFBundleDocumentTypes"=( { "CFBundleTypeName"="Peach Commander Plugin Package", "CFBundleTypeRole"="Viewer", "LSHandlerRank"="Owner", "LSItemContentTypes"=( "com.peachcommander.plugin-package") }, { "CFBundleTypeName"="Peach Commander Workspace", "CFBundleTypeRole"="Viewer", "LSHandlerRank"="Owner", "LSItemContentTypes"=( "com.peachcommander.workspace") }), "CFBundleExecutable"="PeachCommander", "CFBundleExecutablePath"="/Users/admin/pc-test/PeachCommander.app/Contents/MacOS/PeachCommander", "CFBundleExecutablePathDeviceID"=16777229, "CFBundleExecutablePathINode"=488189, "CFBundleHelpBookFolder"="PeachCommander.help", "CFBundleHelpBookName"="Peach Commander Help", "CFBundleIconFile"="AppIcon", "CFBundleIconName"="AppIcon", "CFBundleIdentifier"="com.peachcommander.app", "CFBundleInfoDictionaryVersion"="6.0", "CFBundleName"="PeachCo<…>
2026-09-16 18:24:04.430 Df PeachCommander[1590:22eb] [com.apple.processmanager:front-35286506] SignalReady: pid=1590 asn=0x0-0x2b02b
2026-09-16 18:24:04.430 Df PeachCommander[1590:22eb] [com.apple.processmanager:front-35286506] SIGNAL: pid=1590 asn=0x0x-0x2b02b
2026-09-16 18:24:04.430 I  PeachCommander[1590:22eb] [com.apple.appleevents:main] aeGenerateFakeFirstOAPPEventIfNecessary()
2026-09-16 18:24:04.430 I  PeachCommander[1590:22eb] [com.apple.appleevents:main] aeGenerateFakeFirstOAPPEventIfNecessary(), needToCreateFakeOAPPEventIfFirstEvent == true
2026-09-16 18:24:04.430 I  PeachCommander[1590:22eb] [com.apple.launchservices:cas] Removing cached information for app [ 0x0-0x2b02b]  "PeachCommander", as its seed is different from that in shared memory ( 533 vs 535)
2026-09-16 18:24:04.431 I  PeachCommander[1590:22eb] [com.apple.CFPasteboard:entry] CopyData('DefaultAsciiKeyboardLayoutPasteboard' (<CFUUID 0x9b8d9bda0> 6A62AE9E-5C3D-463D-87B8-14FB1DA08B23) gen: -1 item: 1264739405 flavor: 'DefaultAsciiKeyboardLayoutFlavor')
2026-09-16 18:24:04.431 I  PeachCommander[1590:22eb] [com.apple.CFPasteboard:cache] Rebuilding cache for 'DefaultAsciiKeyboardLayoutPasteboard' (<CFUUID 0x9b8d9bda0> 6A62AE9E-5C3D-463D-87B8-14FB1DA08B23)
2026-09-16 18:24:04.431 I  PeachCommander[1590:22eb] [com.apple.CFPasteboard:exit] (not-in-cache) - result: -8 generation: 0 null data flags: 0
2026-09-16 18:24:04.432 A  PeachCommander[1590:22eb] (CoreFoundation) Loading Preferences From User CFPrefsD
2026-09-16 18:24:04.432 A  PeachCommander[1590:22eb] (CoreFoundation) Loading Preferences From System CFPrefsD
2026-09-16 18:24:04.433 I  PeachCommander[1590:22eb] [com.apple.CFPasteboard:entry] CopyData('AppleIntlFileCacheModificationDatePasteboard' (<CFUUID 0x9b8caff80> 90F52C78-1ECB-4458-A5A9-89FB79C28376) gen: -1 item: 1 flavor: '-32766 1768845414')
2026-09-16 18:24:04.433 I  PeachCommander[1590:22eb] [com.apple.CFPasteboard:cache] Rebuilding cache for 'AppleIntlFileCacheModificationDatePasteboard' (<CFUUID 0x9b8caff80> 90F52C78-1ECB-4458-A5A9-89FB79C28376)
2026-09-16 18:24:04.433 I  PeachCommander[1590:22eb] [com.apple.CFPasteboard:general] Will request data from daemon
2026-09-16 18:24:04.433 I  PeachCommander[1590:22eb] [com.apple.CFPasteboard:exit] (not-in-cache) - result: 0 generation: 4 data (310 bytes) flags: 0
2026-09-16 18:24:04.433 I  PeachCommander[1590:22eb] [com.apple.CFPasteboard:entry] CopyData('AppleIntlFileCacheModificationDatePasteboard' (<CFUUID 0x9b8caff80> 90F52C78-1ECB-4458-A5A9-89FB79C28376) gen: -1 item: 1 flavor: '-32765 1802264953')
2026-09-16 18:24:04.433 I  PeachCommander[1590:22eb] [com.apple.CFPasteboard:general] Will request data from daemon
2026-09-16 18:24:04.433 I  PeachCommander[1590:22eb] [com.apple.CFPasteboard:exit] (not-in-cache) - result: 0 generation: 4 data (306 bytes) flags: 0
2026-09-16 18:24:04.433 I  PeachCommander[1590:22eb] [com.apple.CFPasteboard:entry] CopyData('AppleIntlFileCacheModificationDatePasteboard' (<CFUUID 0x9b8caff80> 90F52C78-1ECB-4458-A5A9-89FB79C28376) gen: -1 item: 1 flavor: '-32764 1802264953')
2026-09-16 18:24:04.433 I  PeachCommander[1590:22eb] [com.apple.CFPasteboard:general] Will request data from daemon
2026-09-16 18:24:04.433 I  PeachCommander[1590:22eb] [com.apple.CFPasteboard:exit] (not-in-cache) - result: 0 generation: 4 data (281 bytes) flags: 0
2026-09-16 18:24:04.433 I  PeachCommander[1590:22eb] [com.apple.CFPasteboard:entry] CopyData('AppleIntlFileCacheModificationDatePasteboard' (<CFUUID 0x9b8caff80> 90F52C78-1ECB-4458-A5A9-89FB79C28376) gen: -1 item: 1 flavor: '-32763 1802264953')
2026-09-16 18:24:04.433 I  PeachCommander[1590:22eb] [com.apple.CFPasteboard:general] Will request data from daemon
2026-09-16 18:24:04.433 I  PeachCommander[1590:22eb] [com.apple.CFPasteboard:exit] (not-in-cache) - result: 0 generation: 4 data (318 bytes) flags: 0
2026-09-16 18:24:04.434 I  PeachCommander[1590:22eb] [com.apple.CFPasteboard:entry] CopyData('AppleIntlFileCacheModificationDatePasteboard' (<CFUUID 0x9b8caff80> 90F52C78-1ECB-4458-A5A9-89FB79C28376) gen: -1 item: 1 flavor: '-32765 1768845414')
2026-09-16 18:24:04.434 I  PeachCommander[1590:22eb] [com.apple.CFPasteboard:general] Will request data from daemon
2026-09-16 18:24:04.434 I  PeachCommander[1590:22eb] [com.apple.CFPasteboard:exit] (not-in-cache) - result: 0 generation: 4 data (303 bytes) flags: 0
2026-09-16 18:24:04.434 I  PeachCommander[1590:22eb] [com.apple.CFPasteboard:entry] CopyData('AppleIntlFileCacheModificationDatePasteboard' (<CFUUID 0x9b8caff80> 90F52C78-1ECB-4458-A5A9-89FB79C28376) gen: -1 item: 1 flavor: '-32763 1768845414')
2026-09-16 18:24:04.434 I  PeachCommander[1590:22eb] [com.apple.CFPasteboard:general] Will request data from daemon
2026-09-16 18:24:04.434 I  PeachCommander[1590:22eb] [com.apple.CFPasteboard:exit] (not-in-cache) - result: 0 generation: 4 data (315 bytes) flags: 0
2026-09-16 18:24:04.436 I  PeachCommander[1590:22eb] [com.apple.launchservices:cas] information in shared memory for 0x0-0x2b02b with seed 535 was still valid, so using cached info { "ApplicationType"="Foreground", "BuildMachineOSBuild"="25E246", "BundleIdentifierLowerCase"="com.peachcommander.app", "CFBundleDevelopmentRegion"="en", "CFBundleDocumentTypes"=( { "CFBundleTypeName"="Peach Commander Plugin Package", "CFBundleTypeRole"="Viewer", "LSHandlerRank"="Owner", "LSItemContentTypes"=( "com.peachcommander.plugin-package") }, { "CFBundleTypeName"="Peach Commander Workspace", "CFBundleTypeRole"="Viewer", "LSHandlerRank"="Owner", "LSItemContentTypes"=( "com.peachcommander.workspace") }), "CFBundleExecutable"="PeachCommander", "CFBundleExecutablePath"="/Users/admin/pc-test/PeachCommander.app/Contents/MacOS/PeachCommander", "CFBundleExecutablePathDeviceID"=16777229, "CFBundleExecutablePathINode"=488189, "CFBundleHelpBookFolder"="PeachCommander.help", "CFBundleHelpBookName"="Peach Commander Help", "CFBundleIconFile"="AppIcon", "CFBundleIconName"="AppIcon", "CFBundleIdentifier"="com.peachcommander.app", "CFBundleInfoDictionaryVersion"="6.0", "CFBundleName"="PeachCo<…>
2026-09-16 18:24:04.436 Df PeachCommander[1590:22eb] [com.apple.xpc:connection] [0x9b9065e00] activating connection: mach=false listener=false peer=false name=com.apple.ViewBridgeAuxiliary
2026-09-16 18:24:04.442 Df PeachCommander[1590:22eb] [com.apple.xpc:connection] [0x9b9065cc0] activating connection: mach=false listener=false peer=false name=(anonymous)
2026-09-16 18:24:04.442 Df PeachCommander[1590:22eb] [com.apple.xpc:connection] [0x9b9065f40] activating connection: mach=false listener=true peer=false name=(anonymous)
2026-09-16 18:24:04.442 Df PeachCommander[1590:22eb] [com.apple.xpc:connection] [0x9b9065f40] Connection returned listener port: 0xf503
2026-09-16 18:24:04.442 Df PeachCommander[1590:22eb] [com.apple.xpc:connection] [0x9b9065e00] invalidated after the last release of the connection object
2026-09-16 18:24:04.443 I  PeachCommander[1590:22eb] [com.apple.showhide:pr-59900543] SHOWHIDE: SHOW id=16 0x0-0x2B02B, err=0 eventTime=87206010583 windowID=0
2026-09-16 18:24:04.443 I  PeachCommander[1590:22eb] [com.apple.CarbonCore:coreservicesdaemon] findOrCreateCacheable():findOrCreateCacheable(), factoryName=3 cacheableName=<private> fCacheables.size()=0
2026-09-16 18:24:04.443 I  PeachCommander[1590:22eb] [com.apple.CarbonCore:coreservicesdaemon] findOrCreateCacheable():findOrCreateCacheable(), result = 0x9b900ac80 (should be non-NULL)
2026-09-16 18:24:04.443 Df PeachCommander[1590:22eb] [com.apple.AppKit:AutomaticTermination] void _NSDisableAutomaticTerminationAndLog(NSString *) Restoring windows
2026-09-16 18:24:04.443 Df PeachCommander[1590:22eb] [com.apple.AppKit:StateRestoration] -[NSApplication _reopenWindowsAsNecessaryIncludingRestorableState:withFullFidelity:completionHandler:] shouldRestoreState=1 hasPersistentStateToRestore=0 shouldStillRestoreStateAfterPrompting=0
2026-09-16 18:24:04.443 Df PeachCommander[1590:22eb] [com.apple.xpc:connection] [0x9b9065e00] activating connection: mach=true listener=false peer=false name=com.apple.window_proxies
2026-09-16 18:24:04.443 Df PeachCommander[1590:22eb] [com.apple.xpc:connection] [0x9b9065e00] invalidated because the current process cancelled the connection by calling xpc_connection_cancel()
2026-09-16 18:24:04.444 I  PeachCommander[1590:22eb] [com.apple.SkyLight:processes] 0[outside of RPC]: SLSSetFrontProcessWithInfo(0x0-0x2 window=0 options=0x1
2026-09-16 18:24:04.444 I  PeachCommander[1590:22eb] [com.apple.CoreAnalytics:client] Dropping "com.apple.appkit.app_config" as it isn't used in any transform (not in the config or budgeted?)
2026-09-16 18:24:04.444 Df PeachCommander[1590:22eb] [com.apple.AppKit:AutomaticTermination] void _NSEnableAutomaticTerminationAndLog(NSString *) Restoring windows
2026-09-16 18:24:04.446 A  PeachCommander[1590:22f4] (RunningBoardServices) didChangeInheritances
2026-09-16 18:24:04.448 I  PeachCommander[1590:22eb] [com.apple.CoreAnalytics:client] Dropping "com.apple.appkit.app_config" as it isn't used in any transform (not in the config or budgeted?)
2026-09-16 18:24:04.449 I  PeachCommander[1590:22eb] [com.apple.CoreAnalytics:client] Dropping "com.apple.appkit.app_config" as it isn't used in any transform (not in the config or budgeted?)
2026-09-16 18:24:04.466 A  PeachCommander[1590:22eb] (CoreFoundation) Loading Preferences From User CFPrefsD
2026-09-16 18:24:04.474 I  PeachCommander[1590:22eb] [com.peachcommander:PCFoundation] VolumeManager initialized
2026-09-16 18:24:04.497 Df PeachCommander[1590:22eb] [com.apple.BoardServices:XPCErrors] [C:1] Alloc <private>
2026-09-16 18:24:04.497 Df PeachCommander[1590:22eb] [com.apple.xpc:connection] [0x9b935d540] activating connection: mach=false listener=false peer=false name=(anonymous)
2026-09-16 18:24:04.499 I  PeachCommander[1590:22eb] [com.apple.AppKit:Window] context (0 -> 92e1d0f9) for window 41
2026-09-16 18:24:04.500 Df PeachCommander[1590:22f4] [com.apple.corespotlight:index] (<private>) deleteSearchableItemsWithDomainIdentifiers, protectionClass:(null), domainIdentifiers number:1
2026-09-16 18:24:04.500 A  PeachCommander[1590:22f4] (CoreSpotlight) delete-domains
2026-09-16 18:24:04.500 Df PeachCommander[1590:22f4] [com.apple.corespotlight:index] CSInlineDonation:<private>: Skipping donation (feature flag disabled)
2026-09-16 18:24:04.500 Df PeachCommander[1590:22f4] (CoreSpotlight) sConnectionName: com.apple.spotlight.IndexAgent
2026-09-16 18:24:04.500 Df PeachCommander[1590:22f4] (CoreSpotlight) Start service name com.apple.spotlight.IndexAgent
2026-09-16 18:24:04.500 Df PeachCommander[1590:22f4] [com.apple.xpc:connection] [0x9b935d7c0] activating connection: mach=true listener=false peer=false name=com.apple.spotlight.IndexAgent
2026-09-16 18:24:04.500 I  PeachCommander[1590:22eb] [com.peachcommander:PCFoundation] MainWindowController initialized (config: <private>)
2026-09-16 18:24:04.501 I  PeachCommander[1590:22eb] [com.peachcommander:PCFoundation] SelectionState initialized
2026-09-16 18:24:04.501 I  PeachCommander[1590:22eb] [com.peachcommander:PCFoundation] DirectoryModel initialized
2026-09-16 18:24:04.501 I  PeachCommander[1590:22eb] [com.peachcommander:PCFoundation] VolumeManager initialized
2026-09-16 18:24:04.501 I  PeachCommander[1590:22eb] [com.peachcommander:PCFoundation] PanelController initialized for <private> panel
2026-09-16 18:24:04.502 I  PeachCommander[1590:22eb] [com.peachcommander:PCFoundation] SelectionState initialized
2026-09-16 18:24:04.502 I  PeachCommander[1590:22eb] [com.peachcommander:PCFoundation] DirectoryModel initialized
2026-09-16 18:24:04.502 I  PeachCommander[1590:22eb] [com.peachcommander:PCFoundation] VolumeManager initialized
2026-09-16 18:24:04.502 I  PeachCommander[1590:22eb] [com.peachcommander:PCFoundation] PanelController initialized for <private> panel
2026-09-16 18:24:04.507 I  PeachCommander[1590:22eb] [com.apple.AppKit:Animation] Running new animation: <private>
2026-09-16 18:24:04.507 I  PeachCommander[1590:22eb] [com.apple.AppKit:Animation] Running new animation: <private>
2026-09-16 18:24:04.507 I  PeachCommander[1590:22eb] [com.apple.AppKit:Animation] Running new animation: <private>
2026-09-16 18:24:04.508 I  PeachCommander[1590:22eb] [com.apple.AppKit:Animation] Running new animation: <private>
2026-09-16 18:24:04.508 I  PeachCommander[1590:22eb] [com.apple.AppKit:Animation] Running new animation: <private>
2026-09-16 18:24:04.511 I  PeachCommander[1590:22eb] [com.apple.AppKit:Animation] Running new animation: <private>
2026-09-16 18:24:04.511 I  PeachCommander[1590:22eb] [com.apple.AppKit:Animation] Running new animation: <private>
2026-09-16 18:24:04.511 I  PeachCommander[1590:22eb] [com.apple.AppKit:Animation] Running new animation: <private>
2026-09-16 18:24:04.511 I  PeachCommander[1590:22eb] [com.apple.AppKit:Animation] Running new animation: <private>
2026-09-16 18:24:04.511 I  PeachCommander[1590:22eb] [com.apple.AppKit:Animation] Running new animation: <private>
2026-09-16 18:24:04.519 I  PeachCommander[1590:22eb] [com.apple.CoreAnalytics:client] Dropping "com.apple.appkit.app_config" as it isn't used in any transform (not in the config or budgeted?)
2026-09-16 18:24:04.524 I  PeachCommander[1590:22eb] [com.apple.CoreAnalytics:client] Dropping "com.apple.appkit.app_config" as it isn't used in any transform (not in the config or budgeted?)
2026-09-16 18:24:04.535 Df PeachCommander[1590:22eb] [com.apple.xpc:connection] [0x9b9561a40] activating connection: mach=true listener=false peer=false name=com.apple.iconservices
2026-09-16 18:24:04.536 Df PeachCommander[1590:22eb] [com.apple.xpc:connection] [0x9b9561b80] activating connection: mach=true listener=false peer=false name=com.apple.iconservices.store
2026-09-16 18:24:04.536 I  PeachCommander[1590:22eb] [com.peachcommander:Theme] no user themes in /Users/admin/pc-cfg/themes
2026-09-16 18:24:04.536 Df PeachCommander[1590:22eb] [com.apple.AppKit:Appearance] Invalidate NSApp effectiveAppearance
2026-09-16 18:24:04.536 Df PeachCommander[1590:22eb] [com.apple.AppKit:Appearance] NSApp cache appearance:
-NSRequiresAquaSystemAppearance: 0
-appearance: <NSCompositeAppearance: 0x9b8c999a0
 (
    "<NSDarkAquaAppearance: 0x9b8c99a40>",
    "<NSSystemAppearance: 0x9b8c986e0>"
)>
-effectiveAppearance: <NSCompositeAppearance: 0x9b8c999a0
 (
    "<NSDarkAquaAppearance: 0x9b8c99a40>",
    "<NSSystemAppearance: 0x9b8c986e0>"
)>
2026-09-16 18:24:04.539 I  PeachCommander[1590:22eb] [com.peachcommander:PCFoundation] Theme applied: id=system, appearance=dark, dark=true, background=#333333
2026-09-16 18:24:04.582 I  PeachCommander[1590:22eb] [com.apple.AppKit:Image] ISImage reported a placeholder, image rep is providing a placeholder image for <private>
2026-09-16 18:24:04.582 I  PeachCommander[1590:22eb] [com.apple.AppKit:Image] ISImage reported a placeholder, image rep is providing a placeholder image for <private>
2026-09-16 18:24:04.582 I  PeachCommander[1590:22eb] [com.apple.CoreAnalytics:client] Dropping "com.apple.appkit.app_config" as it isn't used in any transform (not in the config or budgeted?)
2026-09-16 18:24:04.583 I  PeachCommander[1590:22f4] [com.apple.iconservices:foundation] layer data size zero
2026-09-16 18:24:04.584 I  PeachCommander[1590:22f8] [com.apple.iconservices:foundation] layer data size zero
2026-09-16 18:24:04.588 I  PeachCommander[1590:22eb] [com.apple.AppKit:Animation] Running new animation: <private>
2026-09-16 18:24:04.588 I  PeachCommander[1590:22eb] [com.apple.AppKit:Animation] Running new animation: <private>
2026-09-16 18:24:04.588 I  PeachCommander[1590:22eb] [com.apple.AppKit:Animation] Running new animation: <private>
2026-09-16 18:24:04.588 I  PeachCommander[1590:22eb] [com.apple.AppKit:Animation] Running new animation: <private>
2026-09-16 18:24:04.588 I  PeachCommander[1590:22eb] [com.apple.AppKit:Animation] Running new animation: <private>
2026-09-16 18:24:04.588 I  PeachCommander[1590:22eb] [com.apple.AppKit:Animation] Running new animation: <private>
2026-09-16 18:24:04.588 I  PeachCommander[1590:22eb] [com.apple.AppKit:Animation] Running new animation: <private>
2026-09-16 18:24:04.588 I  PeachCommander[1590:22eb] [com.apple.AppKit:Animation] Running new animation: <private>
2026-09-16 18:24:04.588 I  PeachCommander[1590:22eb] [com.apple.AppKit:Animation] Running new animation: <private>
2026-09-16 18:24:04.588 I  PeachCommander[1590:22eb] [com.apple.AppKit:Animation] Running new animation: <private>
2026-09-16 18:24:04.595 I  PeachCommander[1590:22eb] [com.peachcommander:PCFoundation] Keymap loaded: scheme=<private>, 82 effective bindings
2026-09-16 18:24:04.600 I  PeachCommander[1590:22eb] [com.apple.CoreAnalytics:client] Dropping "<private>" as it isn't used in any transform (not in the config or budgeted?)
2026-09-16 18:24:04.601 I  PeachCommander[1590:22eb] [com.apple.CoreAnalytics:client] Dropping "<private>" as it isn't used in any transform (not in the config or budgeted?)
2026-09-16 18:24:04.601 I  PeachCommander[1590:22eb] [com.apple.CoreAnalytics:client] Dropping "<private>" as it isn't used in any transform (not in the config or budgeted?)
2026-09-16 18:24:04.601 I  PeachCommander[1590:22eb] [com.peachcommander:PCFoundation] MainWindowController window loaded
2026-09-16 18:24:04.602 I  PeachCommander[1590:22eb] [com.apple.launchservices:cas] information in shared memory for 0x0-0x2b02b with seed 535 was still valid, so using cached info { "ApplicationType"="Foreground", "BuildMachineOSBuild"="25E246", "BundleIdentifierLowerCase"="com.peachcommander.app", "CFBundleDevelopmentRegion"="en", "CFBundleDocumentTypes"=( { "CFBundleTypeName"="Peach Commander Plugin Package", "CFBundleTypeRole"="Viewer", "LSHandlerRank"="Owner", "LSItemContentTypes"=( "com.peachcommander.plugin-package") }, { "CFBundleTypeName"="Peach Commander Workspace", "CFBundleTypeRole"="Viewer", "LSHandlerRank"="Owner", "LSItemContentTypes"=( "com.peachcommander.workspace") }), "CFBundleExecutable"="PeachCommander", "CFBundleExecutablePath"="/Users/admin/pc-test/PeachCommander.app/Contents/MacOS/PeachCommander", "CFBundleExecutablePathDeviceID"=16777229, "CFBundleExecutablePathINode"=488189, "CFBundleHelpBookFolder"="PeachCommander.help", "CFBundleHelpBookName"="Peach Commander Help", "CFBundleIconFile"="AppIcon", "CFBundleIconName"="AppIcon", "CFBundleIdentifier"="com.peachcommander.app", "CFBundleInfoDictionaryVersion"="6.0", "CFBundleName"="PeachCo<…>
2026-09-16 18:24:04.602 I  PeachCommander[1590:22eb] [com.apple.launchservices:cas] information in shared memory for 0x0-0x2b02b with seed 535 was still valid, so using cached info { "ApplicationType"="Foreground", "BuildMachineOSBuild"="25E246", "BundleIdentifierLowerCase"="com.peachcommander.app", "CFBundleDevelopmentRegion"="en", "CFBundleDocumentTypes"=( { "CFBundleTypeName"="Peach Commander Plugin Package", "CFBundleTypeRole"="Viewer", "LSHandlerRank"="Owner", "LSItemContentTypes"=( "com.peachcommander.plugin-package") }, { "CFBundleTypeName"="Peach Commander Workspace", "CFBundleTypeRole"="Viewer", "LSHandlerRank"="Owner", "LSItemContentTypes"=( "com.peachcommander.workspace") }), "CFBundleExecutable"="PeachCommander", "CFBundleExecutablePath"="/Users/admin/pc-test/PeachCommander.app/Contents/MacOS/PeachCommander", "CFBundleExecutablePathDeviceID"=16777229, "CFBundleExecutablePathINode"=488189, "CFBundleHelpBookFolder"="PeachCommander.help", "CFBundleHelpBookName"="Peach Commander Help", "CFBundleIconFile"="AppIcon", "CFBundleIconName"="AppIcon", "CFBundleIdentifier"="com.peachcommander.app", "CFBundleInfoDictionaryVersion"="6.0", "CFBundleName"="PeachCo<…>
2026-09-16 18:24:04.603 I  PeachCommander[1590:22eb] [com.apple.AppKit:Image] ISImage reported a placeholder, image rep is providing a placeholder image for <private>
2026-09-16 18:24:04.603 I  PeachCommander[1590:22eb] [com.apple.AppKit:Image] ISImage reported a placeholder, image rep is providing a placeholder image for <private>
2026-09-16 18:24:04.616 I  PeachCommander[1590:22eb] [com.apple.AppKit:Window] order window front conditionally: 41 related: 0
2026-09-16 18:24:04.616 Df PeachCommander[1590:22eb] [com.apple.AppKit:AutomaticTermination] void _NSEnableAutomaticTerminationAndLog(NSString *) No windows open yet
2026-09-16 18:24:04.617 I  PeachCommander[1590:22eb] [com.apple.AppKit:Intelligence] starting collection observation
2026-09-16 18:24:04.617 Df PeachCommander[1590:22f4] [com.apple.UIIntelligenceSupport:xpc] establishing connection to agent
2026-09-16 18:24:04.617 Df PeachCommander[1590:22f4] [com.apple.xpc:session] [0x9b81745a0] Session created.
2026-09-16 18:24:04.617 Df PeachCommander[1590:22f4] [com.apple.xpc:session] [0x9b81745a0] Session created from connection [0x9b9562d00]
2026-09-16 18:24:04.617 Df PeachCommander[1590:22f4] [com.apple.xpc:connection] [0x9b9562d00] activating connection: mach=true listener=false peer=false name=com.apple.uiintelligencesupport.agent
2026-09-16 18:24:04.617 Df PeachCommander[1590:22f4] [com.apple.xpc:session] [0x9b81745a0] Session activated
2026-09-16 18:24:04.617 I  PeachCommander[1590:22eb] [com.apple.SkyLight:processes] 0[outside of RPC]: SLSSetFrontProcessWithInfo(0x0-0x2 window=0 options=0x1
2026-09-16 18:24:04.618 Df PeachCommander[1590:22f3] [com.apple.UIIntelligenceSupport:xpc] Connection established with agent PID: 1187
2026-09-16 18:24:04.618 I  PeachCommander[1590:22eb] [com.apple.launchservices:cas] information in shared memory for 0x0-0x2b02b with seed 535 was still valid, so using cached info { "ApplicationType"="Foreground", "BuildMachineOSBuild"="25E246", "BundleIdentifierLowerCase"="com.peachcommander.app", "CFBundleDevelopmentRegion"="en", "CFBundleDocumentTypes"=( { "CFBundleTypeName"="Peach Commander Plugin Package", "CFBundleTypeRole"="Viewer", "LSHandlerRank"="Owner", "LSItemContentTypes"=( "com.peachcommander.plugin-package") }, { "CFBundleTypeName"="Peach Commander Workspace", "CFBundleTypeRole"="Viewer", "LSHandlerRank"="Owner", "LSItemContentTypes"=( "com.peachcommander.workspace") }), "CFBundleExecutable"="PeachCommander", "CFBundleExecutablePath"="/Users/admin/pc-test/PeachCommander.app/Contents/MacOS/PeachCommander", "CFBundleExecutablePathDeviceID"=16777229, "CFBundleExecutablePathINode"=488189, "CFBundleHelpBookFolder"="PeachCommander.help", "CFBundleHelpBookName"="Peach Commander Help", "CFBundleIconFile"="AppIcon", "CFBundleIconName"="AppIcon", "CFBundleIdentifier"="com.peachcommander.app", "CFBundleInfoDictionaryVersion"="6.0", "CFBundleName"="PeachCo<…>
2026-09-16 18:24:04.619 Df PeachCommander[1590:22eb] [com.apple.xpc:connection] [0x9b9562e40] activating connection: mach=true listener=false peer=false name=com.apple.FileCoordination
2026-09-16 18:24:04.619 Df PeachCommander[1590:22f3] [com.apple.foundation.filecoordination:presenter] Adding presenter 5E1DCA3F-0EE4-4E42-902D-9C64E7BA08BC for URL: <private>
2026-09-16 18:24:04.619 I  PeachCommander[1590:22eb] [com.apple.launchservices:cas] information in shared memory for 0x0-0x2b02b with seed 535 was still valid, so using cached info { "ApplicationType"="Foreground", "BuildMachineOSBuild"="25E246", "BundleIdentifierLowerCase"="com.peachcommander.app", "CFBundleDevelopmentRegion"="en", "CFBundleDocumentTypes"=( { "CFBundleTypeName"="Peach Commander Plugin Package", "CFBundleTypeRole"="Viewer", "LSHandlerRank"="Owner", "LSItemContentTypes"=( "com.peachcommander.plugin-package") }, { "CFBundleTypeName"="Peach Commander Workspace", "CFBundleTypeRole"="Viewer", "LSHandlerRank"="Owner", "LSItemContentTypes"=( "com.peachcommander.workspace") }), "CFBundleExecutable"="PeachCommander", "CFBundleExecutablePath"="/Users/admin/pc-test/PeachCommander.app/Contents/MacOS/PeachCommander", "CFBundleExecutablePathDeviceID"=16777229, "CFBundleExecutablePathINode"=488189, "CFBundleHelpBookFolder"="PeachCommander.help", "CFBundleHelpBookName"="Peach Commander Help", "CFBundleIconFile"="AppIcon", "CFBundleIconName"="AppIcon", "CFBundleIdentifier"="com.peachcommander.app", "CFBundleInfoDictionaryVersion"="6.0", "CFBundleName"="PeachCo<…>
2026-09-16 18:24:04.623 I  PeachCommander[1590:22eb] [com.apple.AppKit:Window] order all windows front 87206010583
2026-09-16 18:24:04.623 I  PeachCommander[1590:22eb] [com.apple.launchservices:cas] information in shared memory for 0x0-0x2b02b with seed 535 was still valid, so using cached info { "ApplicationType"="Foreground", "BuildMachineOSBuild"="25E246", "BundleIdentifierLowerCase"="com.peachcommander.app", "CFBundleDevelopmentRegion"="en", "CFBundleDocumentTypes"=( { "CFBundleTypeName"="Peach Commander Plugin Package", "CFBundleTypeRole"="Viewer", "LSHandlerRank"="Owner", "LSItemContentTypes"=( "com.peachcommander.plugin-package") }, { "CFBundleTypeName"="Peach Commander Workspace", "CFBundleTypeRole"="Viewer", "LSHandlerRank"="Owner", "LSItemContentTypes"=( "com.peachcommander.workspace") }), "CFBundleExecutable"="PeachCommander", "CFBundleExecutablePath"="/Users/admin/pc-test/PeachCommander.app/Contents/MacOS/PeachCommander", "CFBundleExecutablePathDeviceID"=16777229, "CFBundleExecutablePathINode"=488189, "CFBundleHelpBookFolder"="PeachCommander.help", "CFBundleHelpBookName"="Peach Commander Help", "CFBundleIconFile"="AppIcon", "CFBundleIconName"="AppIcon", "CFBundleIdentifier"="com.peachcommander.app", "CFBundleInfoDictionaryVersion"="6.0", "CFBundleName"="PeachCo<…>
2026-09-16 18:24:04.623 I  PeachCommander[1590:22eb] [com.apple.showhide:pr-59900543] SHOWHIDE: CONFIRM, id=16, err=0
2026-09-16 18:24:04.623 I  PeachCommander[1590:22eb] [com.apple.AppKit:Window] context (0 -> d047fc75) for window 40
2026-09-16 18:24:04.623 I  PeachCommander[1590:22eb] [com.apple.AppKit:Window] context (0 -> 1cee3ad0) for window 3f
2026-09-16 18:24:04.623 I  PeachCommander[1590:22eb] [com.apple.AppKit:Window] context (0 -> dc6dfc30) for window 3e
2026-09-16 18:24:04.623 I  PeachCommander[1590:22eb] [com.apple.AppKit:Window] context (0 -> cd7e7e99) for window 3d
2026-09-16 18:24:04.659 Df PeachCommander[1590:22eb] [com.apple.AppKit:AutomaticTermination] void _updateToReflectAutomaticTerminationState(void) Setting _kLSApplicationWouldBeTerminatedByTALKey=0
2026-09-16 18:24:04.660 I  PeachCommander[1590:22eb] [com.apple.runningboard:assertion] Acquiring assertion: <RBSAssertionDescriptor| "AppNap adapter assertion" ID:(null) target:1590>
2026-09-16 18:24:04.662 I  PeachCommander[1590:22eb] [com.apple.AppKit:Image] ISImage reported a placeholder, image rep is providing a placeholder image for <private>
2026-09-16 18:24:04.662 I  PeachCommander[1590:22eb] [com.apple.AppKit:Image] ISImage reported a placeholder, image rep is providing a placeholder image for <private>
2026-09-16 18:24:04.662 I  PeachCommander[1590:22eb] [com.apple.AppKit:Image] ISImage reported a placeholder, image rep is providing a placeholder image for <private>
2026-09-16 18:24:04.663 I  PeachCommander[1590:22eb] [com.apple.AppKit:Image] ISImage reported a placeholder, image rep is providing a placeholder image for <private>
2026-09-16 18:24:04.663 I  PeachCommander[1590:22eb] [com.apple.AppKit:Image] ISImage reported a placeholder, image rep is providing a placeholder image for <private>
2026-09-16 18:24:04.663 I  PeachCommander[1590:22eb] [com.apple.AppKit:Image] ISImage reported a placeholder, image rep is providing a placeholder image for <private>
2026-09-16 18:24:04.672 I  PeachCommander[1590:22eb] [com.apple.AppKit:Image] ISImage reported a placeholder, image rep is providing a placeholder image for <private>
2026-09-16 18:24:04.673 I  PeachCommander[1590:22eb] [com.apple.AppKit:Image] ISImage reported a placeholder, image rep is providing a placeholder image for <private>
2026-09-16 18:24:04.673 I  PeachCommander[1590:22eb] [com.apple.AppKit:Image] ISImage reported a placeholder, image rep is providing a placeholder image for <private>
2026-09-16 18:24:04.675 I  PeachCommander[1590:22eb] [com.apple.AppKit:Image] ISImage reported a placeholder, image rep is providing a placeholder image for <private>
2026-09-16 18:24:04.675 I  PeachCommander[1590:22eb] [com.apple.AppKit:Image] ISImage reported a placeholder, image rep is providing a placeholder image for <private>
2026-09-16 18:24:04.677 I  PeachCommander[1590:22eb] [com.apple.AppKit:Image] ISImage reported a placeholder, image rep is providing a placeholder image for <private>
2026-09-16 18:24:04.677 I  PeachCommander[1590:22eb] [com.apple.AppKit:Image] ISImage reported a placeholder, image rep is providing a placeholder image for <private>
2026-09-16 18:24:04.678 I  PeachCommander[1590:22eb] [com.apple.AppKit:Image] ISImage reported a placeholder, image rep is providing a placeholder image for <private>
2026-09-16 18:24:04.678 I  PeachCommander[1590:22eb] [com.apple.AppKit:Image] ISImage reported a placeholder, image rep is providing a placeholder image for <private>
2026-09-16 18:24:04.679 I  PeachCommander[1590:22eb] [com.apple.AppKit:Image] ISImage reported a placeholder, image rep is providing a placeholder image for <private>
2026-09-16 18:24:04.679 I  PeachCommander[1590:22eb] [com.apple.AppKit:Image] ISImage reported a placeholder, image rep is providing a placeholder image for <private>
2026-09-16 18:24:04.680 I  PeachCommander[1590:22eb] [com.apple.AppKit:Image] ISImage reported a placeholder, image rep is providing a placeholder image for <private>
2026-09-16 18:24:04.680 I  PeachCommander[1590:22eb] [com.apple.AppKit:Image] ISImage reported a placeholder, image rep is providing a placeholder image for <private>
2026-09-16 18:24:04.681 I  PeachCommander[1590:22eb] [com.apple.AppKit:Image] ISImage reported a placeholder, image rep is providing a placeholder image for <private>
2026-09-16 18:24:04.681 I  PeachCommander[1590:22eb] [com.apple.AppKit:Image] ISImage reported a placeholder, image rep is providing a placeholder image for <private>
2026-09-16 18:24:04.682 I  PeachCommander[1590:22eb] [com.apple.AppKit:Image] ISImage reported a placeholder, image rep is providing a placeholder image for <private>
2026-09-16 18:24:04.682 I  PeachCommander[1590:22eb] [com.apple.AppKit:Image] ISImage reported a placeholder, image rep is providing a placeholder image for <private>
2026-09-16 18:24:04.683 I  PeachCommander[1590:22eb] [com.apple.AppKit:Image] ISImage reported a placeholder, image rep is providing a placeholder image for <private>
2026-09-16 18:24:04.683 I  PeachCommander[1590:22eb] [com.apple.AppKit:Image] ISImage reported a placeholder, image rep is providing a placeholder image for <private>
2026-09-16 18:24:04.684 I  PeachCommander[1590:22eb] [com.apple.AppKit:Image] ISImage reported a placeholder, image rep is providing a placeholder image for <private>
2026-09-16 18:24:04.684 I  PeachCommander[1590:22eb] [com.apple.AppKit:Image] ISImage reported a placeholder, image rep is providing a placeholder image for <private>
2026-09-16 18:24:04.685 I  PeachCommander[1590:22eb] [com.apple.AppKit:Image] ISImage reported a placeholder, image rep is providing a placeholder image for <private>
2026-09-16 18:24:04.685 I  PeachCommander[1590:22eb] [com.apple.AppKit:Image] ISImage reported a placeholder, image rep is providing a placeholder image for <private>
2026-09-16 18:24:04.685 I  PeachCommander[1590:22eb] [com.apple.AppKit:Image] ISImage reported a placeholder, image rep is providing a placeholder image for <private>
2026-09-16 18:24:04.685 I  PeachCommander[1590:22eb] [com.apple.AppKit:Image] ISImage reported a placeholder, image rep is providing a placeholder image for <private>
2026-09-16 18:24:04.686 I  PeachCommander[1590:22eb] [com.apple.AppKit:Image] ISImage reported a placeholder, image rep is providing a placeholder image for <private>
2026-09-16 18:24:04.686 I  PeachCommander[1590:22eb] [com.apple.AppKit:Image] ISImage reported a placeholder, image rep is providing a placeholder image for <private>
2026-09-16 18:24:04.687 I  PeachCommander[1590:22eb] [com.apple.AppKit:Image] ISImage reported a placeholder, image rep is providing a placeholder image for <private>
2026-09-16 18:24:04.687 I  PeachCommander[1590:22eb] [com.apple.AppKit:Image] ISImage reported a placeholder, image rep is providing a placeholder image for <private>
2026-09-16 18:24:04.688 I  PeachCommander[1590:22eb] [com.apple.AppKit:Image] ISImage reported a placeholder, image rep is providing a placeholder image for <private>
2026-09-16 18:24:04.688 I  PeachCommander[1590:22eb] [com.apple.AppKit:Image] ISImage reported a placeholder, image rep is providing a placeholder image for <private>
2026-09-16 18:24:04.689 I  PeachCommander[1590:22eb] [com.apple.AppKit:Image] ISImage reported a placeholder, image rep is providing a placeholder image for <private>
2026-09-16 18:24:04.689 I  PeachCommander[1590:22eb] [com.apple.AppKit:Image] ISImage reported a placeholder, image rep is providing a placeholder image for <private>
2026-09-16 18:24:04.691 I  PeachCommander[1590:22eb] [com.apple.AppKit:Image] ISImage reported a placeholder, image rep is providing a placeholder image for <private>
2026-09-16 18:24:04.691 I  PeachCommander[1590:22eb] [com.apple.AppKit:Image] ISImage reported a placeholder, image rep is providing a placeholder image for <private>
2026-09-16 18:24:04.691 I  PeachCommander[1590:22eb] [com.apple.AppKit:Image] ISImage reported a placeholder, image rep is providing a placeholder image for <private>
2026-09-16 18:24:04.691 I  PeachCommander[1590:22eb] [com.apple.AppKit:Image] ISImage reported a placeholder, image rep is providing a placeholder image for <private>
2026-09-16 18:24:04.693 I  PeachCommander[1590:22eb] [com.apple.AppKit:Image] ISImage reported a placeholder, image rep is providing a placeholder image for <private>
2026-09-16 18:24:04.693 I  PeachCommander[1590:22eb] [com.apple.AppKit:Image] ISImage reported a placeholder, image rep is providing a placeholder image for <private>
2026-09-16 18:24:04.693 A  PeachCommander[1590:22fd] (RunningBoardServices) didChangeInheritances
2026-09-16 18:24:04.694 I  PeachCommander[1590:22eb] [com.apple.AppKit:Image] ISImage reported a placeholder, image rep is providing a placeholder image for <private>
2026-09-16 18:24:04.694 I  PeachCommander[1590:22eb] [com.apple.AppKit:Image] ISImage reported a placeholder, image rep is providing a placeholder image for <private>
2026-09-16 18:24:04.695 I  PeachCommander[1590:22eb] [com.apple.AppKit:Image] ISImage reported a placeholder, image rep is providing a placeholder image for <private>
2026-09-16 18:24:04.695 I  PeachCommander[1590:22eb] [com.apple.AppKit:Image] ISImage reported a placeholder, image rep is providing a placeholder image for <private>
2026-09-16 18:24:04.696 I  PeachCommander[1590:22eb] [com.apple.AppKit:Image] ISImage reported a placeholder, image rep is providing a placeholder image for <private>
2026-09-16 18:24:04.696 I  PeachCommander[1590:22eb] [com.apple.AppKit:Image] ISImage reported a placeholder, image rep is providing a placeholder image for <private>
2026-09-16 18:24:04.697 I  PeachCommander[1590:22eb] [com.apple.AppKit:Image] ISImage reported a placeholder, image rep is providing a placeholder image for <private>
2026-09-16 18:24:04.697 I  PeachCommander[1590:22eb] [com.apple.AppKit:Image] ISImage reported a placeholder, image rep is providing a placeholder image for <private>
2026-09-16 18:24:04.698 I  PeachCommander[1590:22eb] [com.apple.AppKit:Image] ISImage reported a placeholder, image rep is providing a placeholder image for <private>
2026-09-16 18:24:04.698 I  PeachCommander[1590:22eb] [com.apple.AppKit:Image] ISImage reported a placeholder, image rep is providing a placeholder image for <private>
2026-09-16 18:24:04.698 I  PeachCommander[1590:22eb] [com.apple.AppKit:Image] ISImage reported a placeholder, image rep is providing a placeholder image for <private>
2026-09-16 18:24:04.698 I  PeachCommander[1590:22eb] [com.apple.AppKit:Image] ISImage reported a placeholder, image rep is providing a placeholder image for <private>
2026-09-16 18:24:04.699 I  PeachCommander[1590:22eb] [com.apple.AppKit:Image] ISImage reported a placeholder, image rep is providing a placeholder image for <private>
2026-09-16 18:24:04.699 I  PeachCommander[1590:22eb] [com.apple.AppKit:Image] ISImage reported a placeholder, image rep is providing a placeholder image for <private>
2026-09-16 18:24:04.700 I  PeachCommander[1590:22eb] [com.apple.AppKit:Image] ISImage reported a placeholder, image rep is providing a placeholder image for <private>
2026-09-16 18:24:04.700 I  PeachCommander[1590:22eb] [com.apple.AppKit:Image] ISImage reported a placeholder, image rep is providing a placeholder image for <private>
2026-09-16 18:24:04.748 I  PeachCommander[1590:22eb] [com.apple.coreanimation:Utilities] IOSurface Compression Enabled: NO
2026-09-16 18:24:04.753 Df PeachCommander[1590:22f8] [com.apple.coreanimation:Metal] Precompiled pipelines disabled on unsupported hardware.
2026-09-16 18:24:04.847 Df PeachCommander[1590:22eb] [com.apple.libsystem.libdispatch:] DEPRECATED USE in libdispatch client: dispatch source activated with no event handler set; set a breakpoint on _dispatch_bug_deprecated to debug
2026-09-16 18:24:05.048 I  PeachCommander[1590:22eb] [com.apple.AppKit:Image] ISImage reported a placeholder, image rep is providing a placeholder image for <private>
2026-09-16 18:24:05.048 I  PeachCommander[1590:22eb] [com.apple.AppKit:Image] ISImage reported a placeholder, image rep is providing a placeholder image for <private>
2026-09-16 18:24:05.048 I  PeachCommander[1590:22eb] [com.apple.AppKit:Image] ISImage reported a placeholder, image rep is providing a placeholder image for <private>
2026-09-16 18:24:05.059 I  PeachCommander[1590:22eb] [com.apple.AppKit:Image] ISImage reported a placeholder, image rep is providing a placeholder image for <private>
2026-09-16 18:24:05.062 I  PeachCommander[1590:22eb] [com.apple.AppKit:Image] ISImage reported a placeholder, image rep is providing a placeholder image for <private>
2026-09-16 18:24:05.063 I  PeachCommander[1590:22eb] [com.apple.AppKit:Image] ISImage reported a placeholder, image rep is providing a placeholder image for <private>
2026-09-16 18:24:05.064 I  PeachCommander[1590:22eb] [com.apple.AppKit:Image] ISImage reported a placeholder, image rep is providing a placeholder image for <private>
2026-09-16 18:24:05.064 I  PeachCommander[1590:22eb] [com.apple.AppKit:Image] ISImage reported a placeholder, image rep is providing a placeholder image for <private>
2026-09-16 18:24:05.066 I  PeachCommander[1590:22eb] [com.apple.AppKit:Image] ISImage reported a placeholder, image rep is providing a placeholder image for <private>
2026-09-16 18:24:05.067 I  PeachCommander[1590:22eb] [com.apple.AppKit:Image] ISImage reported a placeholder, image rep is providing a placeholder image for <private>
2026-09-16 18:24:05.068 I  PeachCommander[1590:22eb] [com.apple.AppKit:Image] ISImage reported a placeholder, image rep is providing a placeholder image for <private>
2026-09-16 18:24:05.069 I  PeachCommander[1590:22eb] [com.apple.AppKit:Image] ISImage reported a placeholder, image rep is providing a placeholder image for <private>
2026-09-16 18:24:05.069 I  PeachCommander[1590:22eb] [com.apple.AppKit:Image] ISImage reported a placeholder, image rep is providing a placeholder image for <private>
2026-09-16 18:24:05.070 I  PeachCommander[1590:22eb] [com.apple.AppKit:Image] ISImage reported a placeholder, image rep is providing a placeholder image for <private>
2026-09-16 18:24:05.071 I  PeachCommander[1590:22eb] [com.apple.AppKit:Image] ISImage reported a placeholder, image rep is providing a placeholder image for <private>
2026-09-16 18:24:05.071 I  PeachCommander[1590:22eb] [com.apple.AppKit:Image] ISImage reported a placeholder, image rep is providing a placeholder image for <private>
2026-09-16 18:24:05.072 I  PeachCommander[1590:22eb] [com.apple.AppKit:Image] ISImage reported a placeholder, image rep is providing a placeholder image for <private>
2026-09-16 18:24:05.072 I  PeachCommander[1590:22eb] [com.apple.AppKit:Image] ISImage reported a placeholder, image rep is providing a placeholder image for <private>
2026-09-16 18:24:05.073 I  PeachCommander[1590:22eb] [com.apple.AppKit:Image] ISImage reported a placeholder, image rep is providing a placeholder image for <private>
2026-09-16 18:24:05.073 I  PeachCommander[1590:22eb] [com.apple.AppKit:Image] ISImage reported a placeholder, image rep is providing a placeholder image for <private>
2026-09-16 18:24:05.074 I  PeachCommander[1590:22eb] [com.apple.AppKit:Image] ISImage reported a placeholder, image rep is providing a placeholder image for <private>
2026-09-16 18:24:05.076 I  PeachCommander[1590:22eb] [com.apple.AppKit:Image] ISImage reported a placeholder, image rep is providing a placeholder image for <private>
2026-09-16 18:24:05.076 I  PeachCommander[1590:22eb] [com.apple.AppKit:Image] ISImage reported a placeholder, image rep is providing a placeholder image for <private>
2026-09-16 18:24:05.077 I  PeachCommander[1590:22eb] [com.apple.AppKit:Image] ISImage reported a placeholder, image rep is providing a placeholder image for <private>
2026-09-16 18:24:05.077 I  PeachCommander[1590:22eb] [com.apple.AppKit:Image] ISImage reported a placeholder, image rep is providing a placeholder image for <private>
2026-09-16 18:24:05.078 I  PeachCommander[1590:22eb] [com.apple.AppKit:Image] ISImage reported a placeholder, image rep is providing a placeholder image for <private>
2026-09-16 18:24:05.079 I  PeachCommander[1590:22eb] [com.apple.AppKit:Image] ISImage reported a placeholder, image rep is providing a placeholder image for <private>
2026-09-16 18:24:05.079 I  PeachCommander[1590:22eb] [com.apple.AppKit:Image] ISImage reported a placeholder, image rep is providing a placeholder image for <private>
2026-09-16 18:24:05.080 I  PeachCommander[1590:22eb] [com.apple.AppKit:Image] ISImage reported a placeholder, image rep is providing a placeholder image for <private>
2026-09-16 18:24:05.080 I  PeachCommander[1590:22eb] [com.apple.AppKit:Image] ISImage reported a placeholder, image rep is providing a placeholder image for <private>
2026-09-16 18:24:05.081 I  PeachCommander[1590:22eb] [com.apple.AppKit:Image] ISImage reported a placeholder, image rep is providing a placeholder image for <private>
2026-09-16 18:24:05.085 I  PeachCommander[1590:22eb] [com.apple.HIToolbox:MBDisplays] <private>
2026-09-16 18:24:05.085 I  PeachCommander[1590:22eb] [com.apple.HIToolbox:MBDisplays] <private>
2026-09-16 18:24:05.087 I  PeachCommander[1590:22eb] [com.apple.AppKit:Image] ISImage reported a placeholder, image rep is providing a placeholder image for <private>
2026-09-16 18:24:05.087 I  PeachCommander[1590:22eb] [com.apple.AppKit:Image] ISImage reported a placeholder, image rep is providing a placeholder image for <private>
2026-09-16 18:24:05.089 I  PeachCommander[1590:22eb] [com.apple.AppKit:Image] ISImage reported a placeholder, image rep is providing a placeholder image for <private>
2026-09-16 18:24:05.089 I  PeachCommander[1590:22eb] [com.apple.AppKit:Image] ISImage reported a placeholder, image rep is providing a placeholder image for <private>
2026-09-16 18:24:05.090 I  PeachCommander[1590:22eb] [com.apple.AppKit:Image] ISImage reported a placeholder, image rep is providing a placeholder image for <private>
2026-09-16 18:24:05.090 I  PeachCommander[1590:22eb] [com.apple.AppKit:Image] ISImage reported a placeholder, image rep is providing a placeholder image for <private>
2026-09-16 18:24:05.092 I  PeachCommander[1590:22eb] [com.apple.AppKit:Image] ISImage reported a placeholder, image rep is providing a placeholder image for <private>
2026-09-16 18:24:05.092 I  PeachCommander[1590:22eb] [com.apple.AppKit:Image] ISImage reported a placeholder, image rep is providing a placeholder image for <private>
2026-09-16 18:24:05.093 I  PeachCommander[1590:22eb] [com.apple.AppKit:Image] ISImage reported a placeholder, image rep is providing a placeholder image for <private>
2026-09-16 18:24:05.093 I  PeachCommander[1590:22eb] [com.apple.AppKit:Image] ISImage reported a placeholder, image rep is providing a placeholder image for <private>
2026-09-16 18:24:05.095 I  PeachCommander[1590:22eb] [com.apple.AppKit:Image] ISImage reported a placeholder, image rep is providing a placeholder image for <private>
2026-09-16 18:24:05.095 I  PeachCommander[1590:22eb] [com.apple.AppKit:Image] ISImage reported a placeholder, image rep is providing a placeholder image for <private>
2026-09-16 18:24:05.098 I  PeachCommander[1590:22eb] [com.apple.AppKit:Image] ISImage reported a placeholder, image rep is providing a placeholder image for <private>
2026-09-16 18:24:05.098 I  PeachCommander[1590:22eb] [com.apple.AppKit:Image] ISImage reported a placeholder, image rep is providing a placeholder image for <private>
2026-09-16 18:24:05.100 I  PeachCommander[1590:22eb] [com.apple.AppKit:Image] ISImage reported a placeholder, image rep is providing a placeholder image for <private>
2026-09-16 18:24:05.100 I  PeachCommander[1590:22eb] [com.apple.AppKit:Image] ISImage reported a placeholder, image rep is providing a placeholder image for <private>
2026-09-16 18:24:05.101 I  PeachCommander[1590:22eb] [com.apple.AppKit:Image] ISImage reported a placeholder, image rep is providing a placeholder image for <private>
2026-09-16 18:24:05.101 I  PeachCommander[1590:22eb] [com.apple.AppKit:Image] ISImage reported a placeholder, image rep is providing a placeholder image for <private>
2026-09-16 18:24:05.103 I  PeachCommander[1590:22eb] [com.apple.AppKit:Image] ISImage reported a placeholder, image rep is providing a placeholder image for <private>
2026-09-16 18:24:05.103 I  PeachCommander[1590:22eb] [com.apple.AppKit:Image] ISImage reported a placeholder, image rep is providing a placeholder image for <private>
2026-09-16 18:24:05.104 I  PeachCommander[1590:22eb] [com.apple.AppKit:Image] ISImage reported a placeholder, image rep is providing a placeholder image for <private>
2026-09-16 18:24:05.104 I  PeachCommander[1590:22eb] [com.apple.AppKit:Image] ISImage reported a placeholder, image rep is providing a placeholder image for <private>
2026-09-16 18:24:05.106 I  PeachCommander[1590:22eb] [com.apple.AppKit:Image] ISImage reported a placeholder, image rep is providing a placeholder image for <private>
2026-09-16 18:24:05.106 I  PeachCommander[1590:22eb] [com.apple.AppKit:Image] ISImage reported a placeholder, image rep is providing a placeholder image for <private>
2026-09-16 18:24:05.108 I  PeachCommander[1590:22eb] [com.apple.AppKit:Image] ISImage reported a placeholder, image rep is providing a placeholder image for <private>
2026-09-16 18:24:05.108 I  PeachCommander[1590:22eb] [com.apple.AppKit:Image] ISImage reported a placeholder, image rep is providing a placeholder image for <private>
2026-09-16 18:24:05.110 I  PeachCommander[1590:22eb] [com.apple.AppKit:Image] ISImage reported a placeholder, image rep is providing a placeholder image for <private>
2026-09-16 18:24:05.110 I  PeachCommander[1590:22eb] [com.apple.AppKit:Image] ISImage reported a placeholder, image rep is providing a placeholder image for <private>
2026-09-16 18:24:05.111 I  PeachCommander[1590:22eb] [com.apple.AppKit:Image] ISImage reported a placeholder, image rep is providing a placeholder image for <private>
2026-09-16 18:24:05.111 I  PeachCommander[1590:22eb] [com.apple.AppKit:Image] ISImage reported a placeholder, image rep is providing a placeholder image for <private>
2026-09-16 18:24:05.113 I  PeachCommander[1590:22eb] [com.apple.AppKit:Image] ISImage reported a placeholder, image rep is providing a placeholder image for <private>
2026-09-16 18:24:05.113 I  PeachCommander[1590:22eb] [com.apple.AppKit:Image] ISImage reported a placeholder, image rep is providing a placeholder image for <private>
2026-09-16 18:24:05.115 I  PeachCommander[1590:22eb] [com.apple.AppKit:Image] ISImage reported a placeholder, image rep is providing a placeholder image for <private>
2026-09-16 18:24:05.115 I  PeachCommander[1590:22eb] [com.apple.AppKit:Image] ISImage reported a placeholder, image rep is providing a placeholder image for <private>
2026-09-16 18:24:05.117 I  PeachCommander[1590:22eb] [com.apple.AppKit:Image] ISImage reported a placeholder, image rep is providing a placeholder image for <private>
2026-09-16 18:24:05.117 I  PeachCommander[1590:22eb] [com.apple.AppKit:Image] ISImage reported a placeholder, image rep is providing a placeholder image for <private>
2026-09-16 18:24:05.118 I  PeachCommander[1590:22eb] [com.apple.AppKit:Image] ISImage reported a placeholder, image rep is providing a placeholder image for <private>
2026-09-16 18:24:05.118 I  PeachCommander[1590:22eb] [com.apple.AppKit:Image] ISImage reported a placeholder, image rep is providing a placeholder image for <private>
2026-09-16 18:24:05.120 I  PeachCommander[1590:22eb] [com.apple.AppKit:Image] ISImage reported a placeholder, image rep is providing a placeholder image for <private>
2026-09-16 18:24:05.120 I  PeachCommander[1590:22eb] [com.apple.AppKit:Image] ISImage reported a placeholder, image rep is providing a placeholder image for <private>
2026-09-16 18:24:05.121 I  PeachCommander[1590:22eb] [com.apple.AppKit:Image] ISImage reported a placeholder, image rep is providing a placeholder image for <private>
2026-09-16 18:24:05.121 I  PeachCommander[1590:22eb] [com.apple.AppKit:Image] ISImage reported a placeholder, image rep is providing a placeholder image for <private>
2026-09-16 18:24:05.123 I  PeachCommander[1590:22eb] [com.apple.AppKit:Image] ISImage reported a placeholder, image rep is providing a placeholder image for <private>
2026-09-16 18:24:05.123 I  PeachCommander[1590:22eb] [com.apple.AppKit:Image] ISImage reported a placeholder, image rep is providing a placeholder image for <private>
2026-09-16 18:24:05.125 I  PeachCommander[1590:22eb] [com.apple.AppKit:Image] ISImage reported a placeholder, image rep is providing a placeholder image for <private>
2026-09-16 18:24:05.125 I  PeachCommander[1590:22eb] [com.apple.AppKit:Image] ISImage reported a placeholder, image rep is providing a placeholder image for <private>
2026-09-16 18:24:05.126 I  PeachCommander[1590:22eb] [com.apple.AppKit:Image] ISImage reported a placeholder, image rep is providing a placeholder image for <private>
2026-09-16 18:24:05.126 I  PeachCommander[1590:22eb] [com.apple.AppKit:Image] ISImage reported a placeholder, image rep is providing a placeholder image for <private>
2026-09-16 18:24:05.128 I  PeachCommander[1590:22eb] [com.apple.AppKit:Image] ISImage reported a placeholder, image rep is providing a placeholder image for <private>
2026-09-16 18:24:05.128 I  PeachCommander[1590:22eb] [com.apple.AppKit:Image] ISImage reported a placeholder, image rep is providing a placeholder image for <private>
2026-09-16 18:24:05.129 I  PeachCommander[1590:22eb] [com.apple.AppKit:Image] ISImage reported a placeholder, image rep is providing a placeholder image for <private>
2026-09-16 18:24:05.129 I  PeachCommander[1590:22eb] [com.apple.AppKit:Image] ISImage reported a placeholder, image rep is providing a placeholder image for <private>
2026-09-16 18:24:05.131 I  PeachCommander[1590:22eb] [com.apple.AppKit:Image] ISImage reported a placeholder, image rep is providing a placeholder image for <private>
2026-09-16 18:24:05.131 I  PeachCommander[1590:22eb] [com.apple.AppKit:Image] ISImage reported a placeholder, image rep is providing a placeholder image for <private>
2026-09-16 18:24:05.147 I  PeachCommander[1590:22eb] [com.apple.AppKit:Image] ISImage reported a placeholder, image rep is providing a placeholder image for <private>
2026-09-16 18:24:05.147 I  PeachCommander[1590:22eb] [com.apple.AppKit:Image] ISImage reported a placeholder, image rep is providing a placeholder image for <private>
2026-09-16 18:24:05.226 I  PeachCommander[1590:22eb] [com.apple.CarbonCore:gestalt] SetGestaltValuesBulk SetGestaltValuesBulk( count=22 tuples=0x185256650
2026-09-16 18:24:05.226 I  PeachCommander[1590:22eb] [com.apple.CarbonCore:gestalt] SetGestaltValue SetGestaltValue(alis 1C9) => 0
2026-09-16 18:24:05.226 I  PeachCommander[1590:22eb] [com.apple.CarbonCore:gestalt] SetGestaltValue SetGestaltValue(os   FE) => 0
2026-09-16 18:24:05.226 I  PeachCommander[1590:22eb] [com.apple.CarbonCore:gestalt] SetGestaltValue SetGestaltValue(addr 7) => 0
2026-09-16 18:24:05.226 I  PeachCommander[1590:22eb] [com.apple.CarbonCore:gestalt] SetGestaltValue SetGestaltValue(fs   3D332) => 0
2026-09-16 18:24:05.226 I  PeachCommander[1590:22eb] [com.apple.CarbonCore:gestalt] SetGestaltValue SetGestaltValue(fold 11) => 0
2026-09-16 18:24:05.226 I  PeachCommander[1590:22eb] [com.apple.CarbonCore:gestalt] SetGestaltValue SetGestaltValue(lram 7FFFF000) => 0
2026-09-16 18:24:05.226 I  PeachCommander[1590:22eb] [com.apple.CarbonCore:gestalt] SetGestaltValue SetGestaltValue(mmap 1) => 0
2026-09-16 18:24:05.226 I  PeachCommander[1590:22eb] [com.apple.CarbonCore:gestalt] SetGestaltValue SetGestaltValue(cfrg 1) => 0
2026-09-16 18:24:05.226 I  PeachCommander[1590:22eb] [com.apple.CarbonCore:gestalt] SetGestaltValue SetGestaltValue(thds 7) => 0
2026-09-16 18:24:05.226 I  PeachCommander[1590:22eb] [com.apple.CarbonCore:gestalt] SetGestaltValue SetGestaltValue(tmgr E) => 0
2026-09-16 18:24:05.226 I  PeachCommander[1590:22eb] [com.apple.CarbonCore:gestalt] SetGestaltValue SetGestaltValue(vers 7) => 0
2026-09-16 18:24:05.226 I  PeachCommander[1590:22eb] [com.apple.CarbonCore:gestalt] SetGestaltValue SetGestaltValue(cbon 160) => 0
2026-09-16 18:24:05.226 I  PeachCommander[1590:22eb] [com.apple.CarbonCore:gestalt] SetGestaltValue SetGestaltValue(cltn 1108000) => 0
2026-09-16 18:24:05.226 I  PeachCommander[1590:22eb] [com.apple.CarbonCore:gestalt] SetGestaltValue SetGestaltValue(cpnt 8) => 0
2026-09-16 18:24:05.226 I  PeachCommander[1590:22eb] [com.apple.CarbonCore:gestalt] SetGestaltValue SetGestaltValue(rsrc 3) => 0
2026-09-16 18:24:05.226 I  PeachCommander[1590:22eb] [com.apple.CarbonCore:gestalt] SetGestaltValue SetGestaltValue(rmbg 11F) => 0
2026-09-16 18:24:05.226 I  PeachCommander[1590:22eb] [com.apple.CarbonCore:gestalt] SetGestaltValue SetGestaltValue(vm   11) => 0
2026-09-16 18:24:05.226 I  PeachCommander[1590:22eb] [com.apple.CarbonCore:gestalt] SetGestaltValue SetGestaltValue(srad 4170706C) => 0
2026-09-16 18:24:05.226 I  PeachCommander[1590:22eb] [com.apple.CarbonCore:gestalt] SetGestaltValue SetGestaltValue(sysa 14) => 0
2026-09-16 18:24:05.226 I  PeachCommander[1590:22eb] [com.apple.CarbonCore:gestalt] SetGestaltValue SetGestaltValue(copl 9) => 0
2026-09-16 18:24:05.226 I  PeachCommander[1590:22eb] [com.apple.CarbonCore:gestalt] SetGestaltValue SetGestaltValue(xlat 0) => 0
2026-09-16 18:24:05.226 I  PeachCommander[1590:22eb] [com.apple.CarbonCore:gestalt] SetGestaltValue SetGestaltValue(stdf 0) => 0
2026-09-16 18:24:05.226 I  PeachCommander[1590:22eb] [com.apple.CarbonCore:gestalt] _NewGestalt _NewGestalt(ram  0x1851cf644) => 0
2026-09-16 18:24:05.226 I  PeachCommander[1590:22eb] [com.apple.CarbonCore:gestalt] _NewGestalt _NewGestalt(ramm 0x1851cf644) => 0
2026-09-16 18:24:05.226 I  PeachCommander[1590:22eb] [com.apple.CarbonCore:gestalt] _NewGestalt _NewGestalt(cput 0x1851cf734) => 0
2026-09-16 18:24:05.226 I  PeachCommander[1590:22eb] [com.apple.CarbonCore:gestalt] _NewGestalt _NewGestalt(cpuf 0x1851cf764) => 0
2026-09-16 18:24:05.226 I  PeachCommander[1590:22eb] [com.apple.CarbonCore:gestalt] _NewGestalt _NewGestalt(bclk 0x1851cf794) => 0
2026-09-16 18:24:05.226 I  PeachCommander[1590:22eb] [com.apple.CarbonCore:gestalt] _NewGestalt _NewGestalt(bclm 0x1851cf794) => 0
2026-09-16 18:24:05.226 I  PeachCommander[1590:22eb] [com.apple.CarbonCore:gestalt] _NewGestalt _NewGestalt(pclk 0x1851cf834) => 0
2026-09-16 18:24:05.226 I  PeachCommander[1590:22eb] [com.apple.CarbonCore:gestalt] _NewGestalt _NewGestalt(mclk 0x1851cf834) => 0
2026-09-16 18:24:05.226 I  PeachCommander[1590:22eb] [com.apple.CarbonCore:gestalt] _NewGestalt _NewGestalt(a/ux 0x1851cf94c) => 0
2026-09-16 18:24:05.226 I  PeachCommander[1590:22eb] [com.apple.CarbonCore:gestalt] _NewGestalt _NewGestalt(pgsz 0x1851cf954) => 0
2026-09-16 18:24:05.226 I  PeachCommander[1590:22eb] [com.apple.CarbonCore:gestalt] _NewGestalt _NewGestalt(csiz 0x1851cf994) => 0
2026-09-16 18:24:05.226 I  PeachCommander[1590:22eb] [com.apple.CarbonCore:gestalt] _NewGestalt _NewGestalt(sysv 0x18517adfc) => 0
2026-09-16 18:24:05.226 I  PeachCommander[1590:22eb] [com.apple.CarbonCore:gestalt] _NewGestalt _NewGestalt(sys1 0x18517adfc) => 0
2026-09-16 18:24:05.226 I  PeachCommander[1590:22eb] [com.apple.CarbonCore:gestalt] _NewGestalt _NewGestalt(sys2 0x18517adfc) => 0
2026-09-16 18:24:05.226 I  PeachCommander[1590:22eb] [com.apple.CarbonCore:gestalt] _NewGestalt _NewGestalt(sys3 0x18517adfc) => 0
2026-09-16 18:24:05.226 I  PeachCommander[1590:22eb] [com.apple.CarbonCore:gestalt] _NewGestalt _NewGestalt(cdfl 0x1851cf9d4) => 0
2026-09-16 18:24:05.226 I  PeachCommander[1590:22eb] [com.apple.CarbonCore:gestalt] _NewGestalt _NewGestalt(cdrm 0x1851cfc30) => 0
2026-09-16 18:24:05.226 I  PeachCommander[1590:22eb] [com.apple.CarbonCore:gestalt] _NewGestalt _NewGestalt(cpus 0x1851cfc78) => 0
2026-09-16 18:24:05.226 I  PeachCommander[1590:22eb] [com.apple.CarbonCore:gestalt] SetGestaltValue SetGestaltValue(swex 1) => 0
2026-09-16 18:24:05.226 Df PeachCommander[1590:22eb] [com.apple.xpc:connection] [0x9b9de8280] activating connection: mach=false listener=false peer=false name=com.apple.hiservices-xpcservice
2026-09-16 18:24:05.227 I  PeachCommander[1590:22eb] [com.apple.CFPasteboard:entry] CopyData('ApplePerContextInputPasteboard' (<CFUUID 0x9b6878020> 0D4C4310-96C7-4C98-9100-F0C0CE3210BA) gen: -1 item: 1264739405 flavor: 'ApplePerContextInputFlavor')
2026-09-16 18:24:05.227 I  PeachCommander[1590:22eb] [com.apple.CFPasteboard:cache] Rebuilding cache for 'ApplePerContextInputPasteboard' (<CFUUID 0x9b6878020> 0D4C4310-96C7-4C98-9100-F0C0CE3210BA)
2026-09-16 18:24:05.227 I  PeachCommander[1590:22eb] [com.apple.CFPasteboard:general] Will request data from daemon
2026-09-16 18:24:05.227 I  PeachCommander[1590:22eb] [com.apple.CFPasteboard:exit] (not-in-cache) - result: 0 generation: 1 data (182 bytes) flags: 0
2026-09-16 18:24:05.228 I  PeachCommander[1590:22eb] [com.apple.CFPasteboard:entry] CopyData('DefaultAsciiKeyboardLayoutPasteboard' (<CFUUID 0x9b8d9bda0> 6A62AE9E-5C3D-463D-87B8-14FB1DA08B23) gen: -1 item: 1264739405 flavor: 'DefaultAsciiKeyboardLayoutFlavor')
2026-09-16 18:24:05.228 I  PeachCommander[1590:22eb] [com.apple.CFPasteboard:exit] (not-in-cache) - result: -8 generation: 0 null data flags: 0
2026-09-16 18:24:05.229 I  PeachCommander[1590:22fd] [com.apple.AppKit:WindowTab] Indexing 1 items
2026-09-16 18:24:05.229 A  PeachCommander[1590:22fd] (CoreSpotlight) end-index-batch
2026-09-16 18:24:05.229 Df PeachCommander[1590:22fd] [com.apple.corespotlight:index] *warn* MailCS ======%%% _setMailMessageAttributes skip:1
2026-09-16 18:24:05.229 A  PeachCommander[1590:22fd] (CoreSpotlight) index-items
2026-09-16 18:24:05.229 Df PeachCommander[1590:22fd] [com.apple.corespotlight:index] CSInlineDonation:<private>: Skipping donation (feature flag disabled)
2026-09-16 18:24:05.229 Df PeachCommander[1590:22fd] [com.apple.corespotlight:index] CSInlineDonation:<private>: Skipping donation (feature flag disabled)
2026-09-16 18:24:05.234 A  PeachCommander[1590:22fd] (libsystem_info.dylib) Retrieve Group by ID
2026-09-16 18:24:05.361 A  PeachCommander[1590:22fd] (CoreFoundation) Loading Preferences From System CFPrefsD
2026-09-16 18:24:05.364 I  PeachCommander[1590:22eb] [com.apple.AppKit:Image] ISImage reported a placeholder, image rep is providing a placeholder image for <private>
2026-09-16 18:24:05.378 I  PeachCommander[1590:22eb] [com.apple.AppKit:Image] ISImage reported a placeholder, image rep is providing a placeholder image for <private>
2026-09-16 18:24:05.379 I  PeachCommander[1590:22eb] [com.apple.AppKit:Image] ISImage reported a placeholder, image rep is providing a placeholder image for <private>
2026-09-16 18:24:05.380 I  PeachCommander[1590:22eb] [com.apple.AppKit:Image] ISImage reported a placeholder, image rep is providing a placeholder image for <private>
2026-09-16 18:24:05.381 I  PeachCommander[1590:22eb] [com.apple.AppKit:Image] ISImage reported a placeholder, image rep is providing a placeholder image for <private>
2026-09-16 18:24:05.382 I  PeachCommander[1590:22eb] [com.apple.AppKit:Image] ISImage reported a placeholder, image rep is providing a placeholder image for <private>
2026-09-16 18:24:05.382 I  PeachCommander[1590:22eb] [com.apple.AppKit:Image] ISImage reported a placeholder, image rep is providing a placeholder image for <private>
2026-09-16 18:24:05.383 I  PeachCommander[1590:22eb] [com.apple.AppKit:Image] ISImage reported a placeholder, image rep is providing a placeholder image for <private>
2026-09-16 18:24:05.384 I  PeachCommander[1590:22eb] [com.apple.AppKit:Image] ISImage reported a placeholder, image rep is providing a placeholder image for <private>
2026-09-16 18:24:05.385 I  PeachCommander[1590:22eb] [com.apple.AppKit:Image] ISImage reported a placeholder, image rep is providing a placeholder image for <private>
2026-09-16 18:24:05.386 I  PeachCommander[1590:22eb] [com.apple.AppKit:Image] ISImage reported a placeholder, image rep is providing a placeholder image for <private>
2026-09-16 18:24:05.387 I  PeachCommander[1590:22eb] [com.apple.AppKit:Image] ISImage reported a placeholder, image rep is providing a placeholder image for <private>
2026-09-16 18:24:05.388 I  PeachCommander[1590:22eb] [com.apple.AppKit:Image] ISImage reported a placeholder, image rep is providing a placeholder image for <private>
2026-09-16 18:24:05.389 I  PeachCommander[1590:22eb] [com.apple.AppKit:Image] ISImage reported a placeholder, image rep is providing a placeholder image for <private>
2026-09-16 18:24:05.390 I  PeachCommander[1590:22eb] [com.apple.AppKit:Image] ISImage reported a placeholder, image rep is providing a placeholder image for <private>
2026-09-16 18:24:05.391 I  PeachCommander[1590:22eb] [com.apple.AppKit:Image] ISImage reported a placeholder, image rep is providing a placeholder image for <private>
2026-09-16 18:24:05.392 I  PeachCommander[1590:22eb] [com.apple.AppKit:Image] ISImage reported a placeholder, image rep is providing a placeholder image for <private>
2026-09-16 18:24:05.393 I  PeachCommander[1590:22eb] [com.apple.AppKit:Image] ISImage reported a placeholder, image rep is providing a placeholder image for <private>
2026-09-16 18:24:05.393 I  PeachCommander[1590:22eb] [com.apple.AppKit:Image] ISImage reported a placeholder, image rep is providing a placeholder image for <private>
2026-09-16 18:24:05.394 I  PeachCommander[1590:22eb] [com.apple.AppKit:Image] ISImage reported a placeholder, image rep is providing a placeholder image for <private>
2026-09-16 18:24:05.395 I  PeachCommander[1590:22eb] [com.apple.AppKit:Image] ISImage reported a placeholder, image rep is providing a placeholder image for <private>
2026-09-16 18:24:05.396 I  PeachCommander[1590:22eb] [com.apple.AppKit:Image] ISImage reported a placeholder, image rep is providing a placeholder image for <private>
2026-09-16 18:24:05.397 I  PeachCommander[1590:22eb] [com.apple.AppKit:Image] ISImage reported a placeholder, image rep is providing a placeholder image for <private>
2026-09-16 18:24:05.398 I  PeachCommander[1590:22eb] [com.apple.AppKit:Image] ISImage reported a placeholder, image rep is providing a placeholder image for <private>
2026-09-16 18:24:05.399 I  PeachCommander[1590:22eb] [com.apple.AppKit:Image] ISImage reported a placeholder, image rep is providing a placeholder image for <private>
2026-09-16 18:24:05.400 I  PeachCommander[1590:22eb] [com.apple.AppKit:Image] ISImage reported a placeholder, image rep is providing a placeholder image for <private>
2026-09-16 18:24:05.401 I  PeachCommander[1590:22eb] [com.apple.AppKit:Image] ISImage reported a placeholder, image rep is providing a placeholder image for <private>
2026-09-16 18:24:05.402 I  PeachCommander[1590:22eb] [com.apple.AppKit:Image] ISImage reported a placeholder, image rep is providing a placeholder image for <private>
2026-09-16 18:24:05.414 I  PeachCommander[1590:22eb] [com.apple.AppKit:Image] ISImage reported a placeholder, image rep is providing a placeholder image for <private>
2026-09-16 18:24:05.414 I  PeachCommander[1590:22eb] [com.apple.AppKit:Image] ISImage reported a placeholder, image rep is providing a placeholder image for <private>
2026-09-16 18:24:05.416 I  PeachCommander[1590:22eb] [com.apple.AppKit:Image] ISImage reported a placeholder, image rep is providing a placeholder image for <private>
2026-09-16 18:24:05.416 I  PeachCommander[1590:22eb] [com.apple.AppKit:Image] ISImage reported a placeholder, image rep is providing a placeholder image for <private>
2026-09-16 18:24:05.418 I  PeachCommander[1590:22eb] [com.apple.AppKit:Image] ISImage reported a placeholder, image rep is providing a placeholder image for <private>
2026-09-16 18:24:05.418 I  PeachCommander[1590:22eb] [com.apple.AppKit:Image] ISImage reported a placeholder, image rep is providing a placeholder image for <private>
2026-09-16 18:24:05.420 I  PeachCommander[1590:22eb] [com.apple.AppKit:Image] ISImage reported a placeholder, image rep is providing a placeholder image for <private>
2026-09-16 18:24:05.420 I  PeachCommander[1590:22eb] [com.apple.AppKit:Image] ISImage reported a placeholder, image rep is providing a placeholder image for <private>
2026-09-16 18:24:05.421 I  PeachCommander[1590:22eb] [com.apple.AppKit:Image] ISImage reported a placeholder, image rep is providing a placeholder image for <private>
2026-09-16 18:24:05.421 I  PeachCommander[1590:22eb] [com.apple.AppKit:Image] ISImage reported a placeholder, image rep is providing a placeholder image for <private>
2026-09-16 18:24:05.422 I  PeachCommander[1590:22eb] [com.apple.AppKit:Image] ISImage reported a placeholder, image rep is providing a placeholder image for <private>
2026-09-16 18:24:05.423 I  PeachCommander[1590:22eb] [com.apple.AppKit:Image] ISImage reported a placeholder, image rep is providing a placeholder image for <private>
2026-09-16 18:24:05.424 I  PeachCommander[1590:22eb] [com.apple.AppKit:Image] ISImage reported a placeholder, image rep is providing a placeholder image for <private>
2026-09-16 18:24:05.424 I  PeachCommander[1590:22eb] [com.apple.AppKit:Image] ISImage reported a placeholder, image rep is providing a placeholder image for <private>
2026-09-16 18:24:05.426 I  PeachCommander[1590:22eb] [com.apple.AppKit:Image] ISImage reported a placeholder, image rep is providing a placeholder image for <private>
2026-09-16 18:24:05.426 I  PeachCommander[1590:22eb] [com.apple.AppKit:Image] ISImage reported a placeholder, image rep is providing a placeholder image for <private>
2026-09-16 18:24:05.428 I  PeachCommander[1590:22eb] [com.apple.AppKit:Image] ISImage reported a placeholder, image rep is providing a placeholder image for <private>
2026-09-16 18:24:05.428 I  PeachCommander[1590:22eb] [com.apple.AppKit:Image] ISImage reported a placeholder, image rep is providing a placeholder image for <private>
2026-09-16 18:24:05.430 I  PeachCommander[1590:22eb] [com.apple.AppKit:Image] ISImage reported a placeholder, image rep is providing a placeholder image for <private>
2026-09-16 18:24:05.430 I  PeachCommander[1590:22eb] [com.apple.AppKit:Image] ISImage reported a placeholder, image rep is providing a placeholder image for <private>
2026-09-16 18:24:05.431 I  PeachCommander[1590:22eb] [com.apple.AppKit:Image] ISImage reported a placeholder, image rep is providing a placeholder image for <private>
2026-09-16 18:24:05.431 I  PeachCommander[1590:22eb] [com.apple.AppKit:Image] ISImage reported a placeholder, image rep is providing a placeholder image for <private>
2026-09-16 18:24:05.433 I  PeachCommander[1590:22eb] [com.apple.AppKit:Image] ISImage reported a placeholder, image rep is providing a placeholder image for <private>
2026-09-16 18:24:05.433 I  PeachCommander[1590:22eb] [com.apple.AppKit:Image] ISImage reported a placeholder, image rep is providing a placeholder image for <private>
2026-09-16 18:24:05.434 I  PeachCommander[1590:22eb] [com.apple.AppKit:Image] ISImage reported a placeholder, image rep is providing a placeholder image for <private>
2026-09-16 18:24:05.434 I  PeachCommander[1590:22eb] [com.apple.AppKit:Image] ISImage reported a placeholder, image rep is providing a placeholder image for <private>
2026-09-16 18:24:05.436 I  PeachCommander[1590:22eb] [com.apple.AppKit:Image] ISImage reported a placeholder, image rep is providing a placeholder image for <private>
2026-09-16 18:24:05.436 I  PeachCommander[1590:22eb] [com.apple.AppKit:Image] ISImage reported a placeholder, image rep is providing a placeholder image for <private>
2026-09-16 18:24:05.437 I  PeachCommander[1590:22eb] [com.apple.AppKit:Image] ISImage reported a placeholder, image rep is providing a placeholder image for <private>
2026-09-16 18:24:05.437 I  PeachCommander[1590:22eb] [com.apple.AppKit:Image] ISImage reported a placeholder, image rep is providing a placeholder image for <private>
2026-09-16 18:24:05.439 I  PeachCommander[1590:22eb] [com.apple.AppKit:Image] ISImage reported a placeholder, image rep is providing a placeholder image for <private>
2026-09-16 18:24:05.440 I  PeachCommander[1590:22eb] [com.apple.AppKit:Image] ISImage reported a placeholder, image rep is providing a placeholder image for <private>
2026-09-16 18:24:05.441 I  PeachCommander[1590:22eb] [com.apple.AppKit:Image] ISImage reported a placeholder, image rep is providing a placeholder image for <private>
2026-09-16 18:24:05.441 I  PeachCommander[1590:22eb] [com.apple.AppKit:Image] ISImage reported a placeholder, image rep is providing a placeholder image for <private>
2026-09-16 18:24:05.443 I  PeachCommander[1590:22eb] [com.apple.AppKit:Image] ISImage reported a placeholder, image rep is providing a placeholder image for <private>
2026-09-16 18:24:05.443 I  PeachCommander[1590:22eb] [com.apple.AppKit:Image] ISImage reported a placeholder, image rep is providing a placeholder image for <private>
2026-09-16 18:24:05.444 I  PeachCommander[1590:22eb] [com.apple.AppKit:Image] ISImage reported a placeholder, image rep is providing a placeholder image for <private>
2026-09-16 18:24:05.444 I  PeachCommander[1590:22eb] [com.apple.AppKit:Image] ISImage reported a placeholder, image rep is providing a placeholder image for <private>
2026-09-16 18:24:05.446 I  PeachCommander[1590:22eb] [com.apple.AppKit:Image] ISImage reported a placeholder, image rep is providing a placeholder image for <private>
2026-09-16 18:24:05.446 I  PeachCommander[1590:22eb] [com.apple.AppKit:Image] ISImage reported a placeholder, image rep is providing a placeholder image for <private>
2026-09-16 18:24:05.447 I  PeachCommander[1590:22eb] [com.apple.AppKit:Image] ISImage reported a placeholder, image rep is providing a placeholder image for <private>
2026-09-16 18:24:05.447 I  PeachCommander[1590:22eb] [com.apple.AppKit:Image] ISImage reported a placeholder, image rep is providing a placeholder image for <private>
2026-09-16 18:24:05.449 I  PeachCommander[1590:22eb] [com.apple.AppKit:Image] ISImage reported a placeholder, image rep is providing a placeholder image for <private>
2026-09-16 18:24:05.449 I  PeachCommander[1590:22eb] [com.apple.AppKit:Image] ISImage reported a placeholder, image rep is providing a placeholder image for <private>
2026-09-16 18:24:05.450 I  PeachCommander[1590:22eb] [com.apple.AppKit:Image] ISImage reported a placeholder, image rep is providing a placeholder image for <private>
2026-09-16 18:24:05.450 I  PeachCommander[1590:22eb] [com.apple.AppKit:Image] ISImage reported a placeholder, image rep is providing a placeholder image for <private>
2026-09-16 18:24:05.451 I  PeachCommander[1590:22eb] [com.apple.AppKit:Image] ISImage reported a placeholder, image rep is providing a placeholder image for <private>
2026-09-16 18:24:05.451 I  PeachCommander[1590:22eb] [com.apple.AppKit:Image] ISImage reported a placeholder, image rep is providing a placeholder image for <private>
2026-09-16 18:24:05.453 I  PeachCommander[1590:22eb] [com.apple.AppKit:Image] ISImage reported a placeholder, image rep is providing a placeholder image for <private>
2026-09-16 18:24:05.453 I  PeachCommander[1590:22eb] [com.apple.AppKit:Image] ISImage reported a placeholder, image rep is providing a placeholder image for <private>
2026-09-16 18:24:05.472 I  PeachCommander[1590:22eb] [com.apple.AppKit:Image] ISImage reported a placeholder, image rep is providing a placeholder image for <private>
2026-09-16 18:24:05.472 I  PeachCommander[1590:22eb] [com.apple.AppKit:Image] ISImage reported a placeholder, image rep is providing a placeholder image for <private>
2026-09-16 18:24:05.474 I  PeachCommander[1590:22eb] [com.apple.AppKit:Image] ISImage reported a placeholder, image rep is providing a placeholder image for <private>
2026-09-16 18:24:05.474 I  PeachCommander[1590:22eb] [com.apple.AppKit:Image] ISImage reported a placeholder, image rep is providing a placeholder image for <private>
2026-09-16 18:24:05.476 I  PeachCommander[1590:22eb] [com.apple.AppKit:Image] ISImage reported a placeholder, image rep is providing a placeholder image for <private>
2026-09-16 18:24:05.476 I  PeachCommander[1590:22eb] [com.apple.AppKit:Image] ISImage reported a placeholder, image rep is providing a placeholder image for <private>
2026-09-16 18:24:05.478 I  PeachCommander[1590:22eb] [com.apple.AppKit:Image] ISImage reported a placeholder, image rep is providing a placeholder image for <private>
2026-09-16 18:24:05.478 I  PeachCommander[1590:22eb] [com.apple.AppKit:Image] ISImage reported a placeholder, image rep is providing a placeholder image for <private>
2026-09-16 18:24:05.479 I  PeachCommander[1590:22eb] [com.apple.AppKit:Image] ISImage reported a placeholder, image rep is providing a placeholder image for <private>
2026-09-16 18:24:05.480 I  PeachCommander[1590:22eb] [com.apple.AppKit:Image] ISImage reported a placeholder, image rep is providing a placeholder image for <private>
2026-09-16 18:24:05.481 I  PeachCommander[1590:22eb] [com.apple.AppKit:Image] ISImage reported a placeholder, image rep is providing a placeholder image for <private>
2026-09-16 18:24:05.481 I  PeachCommander[1590:22eb] [com.apple.AppKit:Image] ISImage reported a placeholder, image rep is providing a placeholder image for <private>
2026-09-16 18:24:05.483 I  PeachCommander[1590:22eb] [com.apple.AppKit:Image] ISImage reported a placeholder, image rep is providing a placeholder image for <private>
2026-09-16 18:24:05.483 I  PeachCommander[1590:22eb] [com.apple.AppKit:Image] ISImage reported a placeholder, image rep is providing a placeholder image for <private>
2026-09-16 18:24:05.484 I  PeachCommander[1590:22eb] [com.apple.AppKit:Image] ISImage reported a placeholder, image rep is providing a placeholder image for <private>
2026-09-16 18:24:05.484 I  PeachCommander[1590:22eb] [com.apple.AppKit:Image] ISImage reported a placeholder, image rep is providing a placeholder image for <private>
2026-09-16 18:24:05.485 I  PeachCommander[1590:22eb] [com.apple.AppKit:Image] ISImage reported a placeholder, image rep is providing a placeholder image for <private>
2026-09-16 18:24:05.486 I  PeachCommander[1590:22eb] [com.apple.AppKit:Image] ISImage reported a placeholder, image rep is providing a placeholder image for <private>
2026-09-16 18:24:05.487 I  PeachCommander[1590:22eb] [com.apple.AppKit:Image] ISImage reported a placeholder, image rep is providing a placeholder image for <private>
2026-09-16 18:24:05.487 I  PeachCommander[1590:22eb] [com.apple.AppKit:Image] ISImage reported a placeholder, image rep is providing a placeholder image for <private>
2026-09-16 18:24:05.488 I  PeachCommander[1590:22eb] [com.apple.AppKit:Image] ISImage reported a placeholder, image rep is providing a placeholder image for <private>
2026-09-16 18:24:05.488 I  PeachCommander[1590:22eb] [com.apple.AppKit:Image] ISImage reported a placeholder, image rep is providing a placeholder image for <private>
2026-09-16 18:24:05.490 I  PeachCommander[1590:22eb] [com.apple.AppKit:Image] ISImage reported a placeholder, image rep is providing a placeholder image for <private>
2026-09-16 18:24:05.490 I  PeachCommander[1590:22eb] [com.apple.AppKit:Image] ISImage reported a placeholder, image rep is providing a placeholder image for <private>
2026-09-16 18:24:05.492 I  PeachCommander[1590:22eb] [com.apple.AppKit:Image] ISImage reported a placeholder, image rep is providing a placeholder image for <private>
2026-09-16 18:24:05.492 I  PeachCommander[1590:22eb] [com.apple.AppKit:Image] ISImage reported a placeholder, image rep is providing a placeholder image for <private>
2026-09-16 18:24:05.493 I  PeachCommander[1590:22eb] [com.apple.AppKit:Image] ISImage reported a placeholder, image rep is providing a placeholder image for <private>
2026-09-16 18:24:05.493 I  PeachCommander[1590:22eb] [com.apple.AppKit:Image] ISImage reported a placeholder, image rep is providing a placeholder image for <private>
2026-09-16 18:24:05.495 I  PeachCommander[1590:22eb] [com.apple.AppKit:Image] ISImage reported a placeholder, image rep is providing a placeholder image for <private>
2026-09-16 18:24:05.495 I  PeachCommander[1590:22eb] [com.apple.AppKit:Image] ISImage reported a placeholder, image rep is providing a placeholder image for <private>
2026-09-16 18:24:05.496 I  PeachCommander[1590:22eb] [com.apple.AppKit:Image] ISImage reported a placeholder, image rep is providing a placeholder image for <private>
2026-09-16 18:24:05.496 I  PeachCommander[1590:22eb] [com.apple.AppKit:Image] ISImage reported a placeholder, image rep is providing a placeholder image for <private>
2026-09-16 18:24:05.498 I  PeachCommander[1590:22eb] [com.apple.AppKit:Image] ISImage reported a placeholder, image rep is providing a placeholder image for <private>
2026-09-16 18:24:05.498 I  PeachCommander[1590:22eb] [com.apple.AppKit:Image] ISImage reported a placeholder, image rep is providing a placeholder image for <private>
2026-09-16 18:24:05.499 I  PeachCommander[1590:22eb] [com.apple.AppKit:Image] ISImage reported a placeholder, image rep is providing a placeholder image for <private>
2026-09-16 18:24:05.499 I  PeachCommander[1590:22eb] [com.apple.AppKit:Image] ISImage reported a placeholder, image rep is providing a placeholder image for <private>
2026-09-16 18:24:05.500 I  PeachCommander[1590:22eb] [com.apple.AppKit:Image] ISImage reported a placeholder, image rep is providing a placeholder image for <private>
2026-09-16 18:24:05.501 I  PeachCommander[1590:22eb] [com.apple.AppKit:Image] ISImage reported a placeholder, image rep is providing a placeholder image for <private>
2026-09-16 18:24:05.502 I  PeachCommander[1590:22eb] [com.apple.AppKit:Image] ISImage reported a placeholder, image rep is providing a placeholder image for <private>
2026-09-16 18:24:05.502 I  PeachCommander[1590:22eb] [com.apple.AppKit:Image] ISImage reported a placeholder, image rep is providing a placeholder image for <private>
2026-09-16 18:24:05.503 I  PeachCommander[1590:22eb] [com.apple.AppKit:Image] ISImage reported a placeholder, image rep is providing a placeholder image for <private>
2026-09-16 18:24:05.503 I  PeachCommander[1590:22eb] [com.apple.AppKit:Image] ISImage reported a placeholder, image rep is providing a placeholder image for <private>
2026-09-16 18:24:05.505 I  PeachCommander[1590:22eb] [com.apple.AppKit:Image] ISImage reported a placeholder, image rep is providing a placeholder image for <private>
2026-09-16 18:24:05.505 I  PeachCommander[1590:22eb] [com.apple.AppKit:Image] ISImage reported a placeholder, image rep is providing a placeholder image for <private>
2026-09-16 18:24:05.506 I  PeachCommander[1590:22eb] [com.apple.AppKit:Image] ISImage reported a placeholder, image rep is providing a placeholder image for <private>
2026-09-16 18:24:05.506 I  PeachCommander[1590:22eb] [com.apple.AppKit:Image] ISImage reported a placeholder, image rep is providing a placeholder image for <private>
2026-09-16 18:24:05.508 I  PeachCommander[1590:22eb] [com.apple.AppKit:Image] ISImage reported a placeholder, image rep is providing a placeholder image for <private>
2026-09-16 18:24:05.508 I  PeachCommander[1590:22eb] [com.apple.AppKit:Image] ISImage reported a placeholder, image rep is providing a placeholder image for <private>
2026-09-16 18:24:05.509 I  PeachCommander[1590:22eb] [com.apple.AppKit:Image] ISImage reported a placeholder, image rep is providing a placeholder image for <private>
2026-09-16 18:24:05.509 I  PeachCommander[1590:22eb] [com.apple.AppKit:Image] ISImage reported a placeholder, image rep is providing a placeholder image for <private>
2026-09-16 18:24:05.639 I  PeachCommander[1590:22eb] [com.apple.iconservices:foundation] layer data size zero
2026-09-16 18:24:05.640 A  PeachCommander[1590:22eb] (CoreFoundation) Loading Preferences From User CFPrefsD
2026-09-16 18:24:05.640 I  PeachCommander[1590:22eb] [com.apple.CoreAnalytics:client] Dropping "com.apple.ImageIO.readerSelection" as it isn't used in any transform (not in the config or budgeted?)
2026-09-16 18:24:05.673 I  PeachCommander[1590:22eb] [com.peachcommander:PCFoundation] Session restored
2026-09-16 18:24:05.674 Df PeachCommander[1590:22eb] (Foundation) <private>
2026-09-16 18:24:05.674 I  PeachCommander[1590:22eb] [com.peachcommander:PCFoundation] [automation] running /Users/admin/auto.txt
2026-09-16 18:24:05.674 Df PeachCommander[1590:22eb] (Foundation) <private>
2026-09-16 18:24:05.674 I  PeachCommander[1590:22eb] [com.peachcommander:PCFoundation] [automation] > setbool Operation.ConfirmDelete|0
2026-09-16 18:24:05.674 Df PeachCommander[1590:22eb] (Foundation) <private>
2026-09-16 18:24:05.674 I  PeachCommander[1590:22eb] [com.peachcommander:PCFoundation] [automation] > wait 300
2026-09-16 18:24:05.708 I  PeachCommander[1590:22eb] [com.apple.AppKit:Image] ISImage reported a placeholder, image rep is providing a placeholder image for <private>
2026-09-16 18:24:05.708 I  PeachCommander[1590:22eb] [com.apple.AppKit:Image] ISImage reported a placeholder, image rep is providing a placeholder image for <private>
2026-09-16 18:24:05.709 I  PeachCommander[1590:22eb] [com.apple.AppKit:Image] ISImage reported a placeholder, image rep is providing a placeholder image for <private>
2026-09-16 18:24:05.710 I  PeachCommander[1590:22eb] [com.apple.AppKit:Image] ISImage reported a placeholder, image rep is providing a placeholder image for <private>
2026-09-16 18:24:05.711 I  PeachCommander[1590:22eb] [com.apple.AppKit:Image] ISImage reported a placeholder, image rep is providing a placeholder image for <private>
2026-09-16 18:24:05.712 I  PeachCommander[1590:22eb] [com.apple.AppKit:Image] ISImage reported a placeholder, image rep is providing a placeholder image for <private>
2026-09-16 18:24:05.713 I  PeachCommander[1590:22eb] [com.apple.AppKit:Image] ISImage reported a placeholder, image rep is providing a placeholder image for <private>
2026-09-16 18:24:05.714 I  PeachCommander[1590:22eb] [com.apple.AppKit:Image] ISImage reported a placeholder, image rep is providing a placeholder image for <private>
2026-09-16 18:24:05.714 I  PeachCommander[1590:22eb] [com.apple.AppKit:Image] ISImage reported a placeholder, image rep is providing a placeholder image for <private>
2026-09-16 18:24:05.715 I  PeachCommander[1590:22eb] [com.apple.AppKit:Image] ISImage reported a placeholder, image rep is providing a placeholder image for <private>
2026-09-16 18:24:05.716 I  PeachCommander[1590:22eb] [com.apple.AppKit:Image] ISImage reported a placeholder, image rep is providing a placeholder image for <private>
2026-09-16 18:24:05.717 I  PeachCommander[1590:22eb] [com.apple.AppKit:Image] ISImage reported a placeholder, image rep is providing a placeholder image for <private>
2026-09-16 18:24:05.718 I  PeachCommander[1590:22eb] [com.apple.AppKit:Image] ISImage reported a placeholder, image rep is providing a placeholder image for <private>
2026-09-16 18:24:05.718 I  PeachCommander[1590:22eb] [com.apple.AppKit:Image] ISImage reported a placeholder, image rep is providing a placeholder image for <private>
2026-09-16 18:24:05.719 I  PeachCommander[1590:22eb] [com.apple.AppKit:Image] ISImage reported a placeholder, image rep is providing a placeholder image for <private>
2026-09-16 18:24:05.720 I  PeachCommander[1590:22eb] [com.apple.AppKit:Image] ISImage reported a placeholder, image rep is providing a placeholder image for <private>
2026-09-16 18:24:05.721 I  PeachCommander[1590:22eb] [com.apple.AppKit:Image] ISImage reported a placeholder, image rep is providing a placeholder image for <private>
2026-09-16 18:24:05.722 I  PeachCommander[1590:22eb] [com.apple.AppKit:Image] ISImage reported a placeholder, image rep is providing a placeholder image for <private>
2026-09-16 18:24:05.722 I  PeachCommander[1590:22eb] [com.apple.AppKit:Image] ISImage reported a placeholder, image rep is providing a placeholder image for <private>
2026-09-16 18:24:05.724 I  PeachCommander[1590:22eb] [com.apple.AppKit:Image] ISImage reported a placeholder, image rep is providing a placeholder image for <private>
2026-09-16 18:24:05.725 I  PeachCommander[1590:22eb] [com.apple.AppKit:Image] ISImage reported a placeholder, image rep is providing a placeholder image for <private>
2026-09-16 18:24:05.726 I  PeachCommander[1590:22eb] [com.apple.AppKit:Image] ISImage reported a placeholder, image rep is providing a placeholder image for <private>
2026-09-16 18:24:05.726 I  PeachCommander[1590:22eb] [com.apple.AppKit:Image] ISImage reported a placeholder, image rep is providing a placeholder image for <private>
2026-09-16 18:24:05.727 I  PeachCommander[1590:22eb] [com.apple.AppKit:Image] ISImage reported a placeholder, image rep is providing a placeholder image for <private>
2026-09-16 18:24:05.728 I  PeachCommander[1590:22eb] [com.apple.AppKit:Image] ISImage reported a placeholder, image rep is providing a placeholder image for <private>
2026-09-16 18:24:05.758 I  PeachCommander[1590:22eb] [com.apple.AppKit:Image] ISImage reported a placeholder, image rep is providing a placeholder image for <private>
2026-09-16 18:24:05.758 I  PeachCommander[1590:22eb] [com.apple.AppKit:Image] ISImage reported a placeholder, image rep is providing a placeholder image for <private>
2026-09-16 18:24:05.760 I  PeachCommander[1590:22eb] [com.apple.AppKit:Image] ISImage reported a placeholder, image rep is providing a placeholder image for <private>
2026-09-16 18:24:05.760 I  PeachCommander[1590:22eb] [com.apple.AppKit:Image] ISImage reported a placeholder, image rep is providing a placeholder image for <private>
2026-09-16 18:24:05.762 I  PeachCommander[1590:22eb] [com.apple.AppKit:Image] ISImage reported a placeholder, image rep is providing a placeholder image for <private>
2026-09-16 18:24:05.762 I  PeachCommander[1590:22eb] [com.apple.AppKit:Image] ISImage reported a placeholder, image rep is providing a placeholder image for <private>
2026-09-16 18:24:05.763 I  PeachCommander[1590:22eb] [com.apple.AppKit:Image] ISImage reported a placeholder, image rep is providing a placeholder image for <private>
2026-09-16 18:24:05.763 I  PeachCommander[1590:22eb] [com.apple.AppKit:Image] ISImage reported a placeholder, image rep is providing a placeholder image for <private>
2026-09-16 18:24:05.765 I  PeachCommander[1590:22eb] [com.apple.AppKit:Image] ISImage reported a placeholder, image rep is providing a placeholder image for <private>
2026-09-16 18:24:05.765 I  PeachCommander[1590:22eb] [com.apple.AppKit:Image] ISImage reported a placeholder, image rep is providing a placeholder image for <private>
2026-09-16 18:24:05.767 I  PeachCommander[1590:22eb] [com.apple.AppKit:Image] ISImage reported a placeholder, image rep is providing a placeholder image for <private>
2026-09-16 18:24:05.767 I  PeachCommander[1590:22eb] [com.apple.AppKit:Image] ISImage reported a placeholder, image rep is providing a placeholder image for <private>
2026-09-16 18:24:05.768 I  PeachCommander[1590:22eb] [com.apple.AppKit:Image] ISImage reported a placeholder, image rep is providing a placeholder image for <private>
2026-09-16 18:24:05.769 I  PeachCommander[1590:22eb] [com.apple.AppKit:Image] ISImage reported a placeholder, image rep is providing a placeholder image for <private>
2026-09-16 18:24:05.770 I  PeachCommander[1590:22eb] [com.apple.AppKit:Image] ISImage reported a placeholder, image rep is providing a placeholder image for <private>
2026-09-16 18:24:05.770 I  PeachCommander[1590:22eb] [com.apple.AppKit:Image] ISImage reported a placeholder, image rep is providing a placeholder image for <private>
2026-09-16 18:24:05.772 I  PeachCommander[1590:22eb] [com.apple.AppKit:Image] ISImage reported a placeholder, image rep is providing a placeholder image for <private>
2026-09-16 18:24:05.772 I  PeachCommander[1590:22eb] [com.apple.AppKit:Image] ISImage reported a placeholder, image rep is providing a placeholder image for <private>
2026-09-16 18:24:05.773 I  PeachCommander[1590:22eb] [com.apple.AppKit:Image] ISImage reported a placeholder, image rep is providing a placeholder image for <private>
2026-09-16 18:24:05.773 I  PeachCommander[1590:22eb] [com.apple.AppKit:Image] ISImage reported a placeholder, image rep is providing a placeholder image for <private>
2026-09-16 18:24:05.775 I  PeachCommander[1590:22eb] [com.apple.AppKit:Image] ISImage reported a placeholder, image rep is providing a placeholder image for <private>
2026-09-16 18:24:05.775 I  PeachCommander[1590:22eb] [com.apple.AppKit:Image] ISImage reported a placeholder, image rep is providing a placeholder image for <private>
2026-09-16 18:24:05.776 I  PeachCommander[1590:22eb] [com.apple.AppKit:Image] ISImage reported a placeholder, image rep is providing a placeholder image for <private>
2026-09-16 18:24:05.776 I  PeachCommander[1590:22eb] [com.apple.AppKit:Image] ISImage reported a placeholder, image rep is providing a placeholder image for <private>
2026-09-16 18:24:05.777 I  PeachCommander[1590:22eb] [com.apple.AppKit:Image] ISImage reported a placeholder, image rep is providing a placeholder image for <private>
2026-09-16 18:24:05.777 I  PeachCommander[1590:22eb] [com.apple.AppKit:Image] ISImage reported a placeholder, image rep is providing a placeholder image for <private>
2026-09-16 18:24:05.779 I  PeachCommander[1590:22eb] [com.apple.AppKit:Image] ISImage reported a placeholder, image rep is providing a placeholder image for <private>
2026-09-16 18:24:05.779 I  PeachCommander[1590:22eb] [com.apple.AppKit:Image] ISImage reported a placeholder, image rep is providing a placeholder image for <private>
2026-09-16 18:24:05.780 I  PeachCommander[1590:22eb] [com.apple.AppKit:Image] ISImage reported a placeholder, image rep is providing a placeholder image for <private>
2026-09-16 18:24:05.780 I  PeachCommander[1590:22eb] [com.apple.AppKit:Image] ISImage reported a placeholder, image rep is providing a placeholder image for <private>
2026-09-16 18:24:05.781 I  PeachCommander[1590:22eb] [com.apple.AppKit:Image] ISImage reported a placeholder, image rep is providing a placeholder image for <private>
2026-09-16 18:24:05.782 I  PeachCommander[1590:22eb] [com.apple.AppKit:Image] ISImage reported a placeholder, image rep is providing a placeholder image for <private>
2026-09-16 18:24:05.783 I  PeachCommander[1590:22eb] [com.apple.AppKit:Image] ISImage reported a placeholder, image rep is providing a placeholder image for <private>
2026-09-16 18:24:05.783 I  PeachCommander[1590:22eb] [com.apple.AppKit:Image] ISImage reported a placeholder, image rep is providing a placeholder image for <private>
2026-09-16 18:24:05.784 I  PeachCommander[1590:22eb] [com.apple.AppKit:Image] ISImage reported a placeholder, image rep is providing a placeholder image for <private>
2026-09-16 18:24:05.784 I  PeachCommander[1590:22eb] [com.apple.AppKit:Image] ISImage reported a placeholder, image rep is providing a placeholder image for <private>
2026-09-16 18:24:05.786 I  PeachCommander[1590:22eb] [com.apple.AppKit:Image] ISImage reported a placeholder, image rep is providing a placeholder image for <private>
2026-09-16 18:24:05.786 I  PeachCommander[1590:22eb] [com.apple.AppKit:Image] ISImage reported a placeholder, image rep is providing a placeholder image for <private>
2026-09-16 18:24:05.787 I  PeachCommander[1590:22eb] [com.apple.AppKit:Image] ISImage reported a placeholder, image rep is providing a placeholder image for <private>
2026-09-16 18:24:05.787 I  PeachCommander[1590:22eb] [com.apple.AppKit:Image] ISImage reported a placeholder, image rep is providing a placeholder image for <private>
2026-09-16 18:24:05.789 I  PeachCommander[1590:22eb] [com.apple.AppKit:Image] ISImage reported a placeholder, image rep is providing a placeholder image for <private>
2026-09-16 18:24:05.789 I  PeachCommander[1590:22eb] [com.apple.AppKit:Image] ISImage reported a placeholder, image rep is providing a placeholder image for <private>
2026-09-16 18:24:05.790 I  PeachCommander[1590:22eb] [com.apple.AppKit:Image] ISImage reported a placeholder, image rep is providing a placeholder image for <private>
2026-09-16 18:24:05.790 I  PeachCommander[1590:22eb] [com.apple.AppKit:Image] ISImage reported a placeholder, image rep is providing a placeholder image for <private>
2026-09-16 18:24:05.791 I  PeachCommander[1590:22eb] [com.apple.AppKit:Image] ISImage reported a placeholder, image rep is providing a placeholder image for <private>
2026-09-16 18:24:05.791 I  PeachCommander[1590:22eb] [com.apple.AppKit:Image] ISImage reported a placeholder, image rep is providing a placeholder image for <private>
2026-09-16 18:24:05.793 I  PeachCommander[1590:22eb] [com.apple.AppKit:Image] ISImage reported a placeholder, image rep is providing a placeholder image for <private>
2026-09-16 18:24:05.793 I  PeachCommander[1590:22eb] [com.apple.AppKit:Image] ISImage reported a placeholder, image rep is providing a placeholder image for <private>
2026-09-16 18:24:05.794 I  PeachCommander[1590:22eb] [com.apple.AppKit:Image] ISImage reported a placeholder, image rep is providing a placeholder image for <private>
2026-09-16 18:24:05.794 I  PeachCommander[1590:22eb] [com.apple.AppKit:Image] ISImage reported a placeholder, image rep is providing a placeholder image for <private>
2026-09-16 18:24:05.881 I  PeachCommander[1590:22eb] [com.apple.AppKit:Image] ISImage reported a placeholder, image rep is providing a placeholder image for <private>
2026-09-16 18:24:05.882 I  PeachCommander[1590:22eb] [com.apple.AppKit:Image] ISImage reported a placeholder, image rep is providing a placeholder image for <private>
2026-09-16 18:24:05.883 I  PeachCommander[1590:22eb] [com.apple.AppKit:Image] ISImage reported a placeholder, image rep is providing a placeholder image for <private>
2026-09-16 18:24:05.884 I  PeachCommander[1590:22eb] [com.apple.AppKit:Image] ISImage reported a placeholder, image rep is providing a placeholder image for <private>
2026-09-16 18:24:05.885 I  PeachCommander[1590:22eb] [com.apple.AppKit:Image] ISImage reported a placeholder, image rep is providing a placeholder image for <private>
2026-09-16 18:24:05.885 I  PeachCommander[1590:22eb] [com.apple.AppKit:Image] ISImage reported a placeholder, image rep is providing a placeholder image for <private>
2026-09-16 18:24:05.886 I  PeachCommander[1590:22eb] [com.apple.AppKit:Image] ISImage reported a placeholder, image rep is providing a placeholder image for <private>
2026-09-16 18:24:05.887 I  PeachCommander[1590:22eb] [com.apple.AppKit:Image] ISImage reported a placeholder, image rep is providing a placeholder image for <private>
2026-09-16 18:24:05.888 I  PeachCommander[1590:22eb] [com.apple.AppKit:Image] ISImage reported a placeholder, image rep is providing a placeholder image for <private>
2026-09-16 18:24:05.889 I  PeachCommander[1590:22eb] [com.apple.AppKit:Image] ISImage reported a placeholder, image rep is providing a placeholder image for <private>
2026-09-16 18:24:05.890 I  PeachCommander[1590:22eb] [com.apple.AppKit:Image] ISImage reported a placeholder, image rep is providing a placeholder image for <private>
2026-09-16 18:24:05.890 I  PeachCommander[1590:22eb] [com.apple.AppKit:Image] ISImage reported a placeholder, image rep is providing a placeholder image for <private>
2026-09-16 18:24:05.891 I  PeachCommander[1590:22eb] [com.apple.AppKit:Image] ISImage reported a placeholder, image rep is providing a placeholder image for <private>
2026-09-16 18:24:05.892 I  PeachCommander[1590:22eb] [com.apple.AppKit:Image] ISImage reported a placeholder, image rep is providing a placeholder image for <private>
2026-09-16 18:24:05.893 I  PeachCommander[1590:22eb] [com.apple.AppKit:Image] ISImage reported a placeholder, image rep is providing a placeholder image for <private>
2026-09-16 18:24:05.894 I  PeachCommander[1590:22eb] [com.apple.AppKit:Image] ISImage reported a placeholder, image rep is providing a placeholder image for <private>
2026-09-16 18:24:05.895 I  PeachCommander[1590:22eb] [com.apple.AppKit:Image] ISImage reported a placeholder, image rep is providing a placeholder image for <private>
2026-09-16 18:24:05.896 I  PeachCommander[1590:22eb] [com.apple.AppKit:Image] ISImage reported a placeholder, image rep is providing a placeholder image for <private>
2026-09-16 18:24:05.897 I  PeachCommander[1590:22eb] [com.apple.AppKit:Image] ISImage reported a placeholder, image rep is providing a placeholder image for <private>
2026-09-16 18:24:05.897 I  PeachCommander[1590:22eb] [com.apple.AppKit:Image] ISImage reported a placeholder, image rep is providing a placeholder image for <private>
2026-09-16 18:24:05.898 I  PeachCommander[1590:22eb] [com.apple.AppKit:Image] ISImage reported a placeholder, image rep is providing a placeholder image for <private>
2026-09-16 18:24:05.899 I  PeachCommander[1590:22eb] [com.apple.AppKit:Image] ISImage reported a placeholder, image rep is providing a placeholder image for <private>
2026-09-16 18:24:05.900 I  PeachCommander[1590:22eb] [com.apple.AppKit:Image] ISImage reported a placeholder, image rep is providing a placeholder image for <private>
2026-09-16 18:24:05.901 I  PeachCommander[1590:22eb] [com.apple.AppKit:Image] ISImage reported a placeholder, image rep is providing a placeholder image for <private>
2026-09-16 18:24:05.902 I  PeachCommander[1590:22eb] [com.apple.AppKit:Image] ISImage reported a placeholder, image rep is providing a placeholder image for <private>
2026-09-16 18:24:05.905 I  PeachCommander[1590:22eb] [com.apple.AppKit:Image] ISImage reported a placeholder, image rep is providing a placeholder image for <private>
2026-09-16 18:24:05.905 I  PeachCommander[1590:22eb] [com.apple.AppKit:Image] ISImage reported a placeholder, image rep is providing a placeholder image for <private>
2026-09-16 18:24:05.906 I  PeachCommander[1590:22eb] [com.apple.AppKit:Image] ISImage reported a placeholder, image rep is providing a placeholder image for <private>
2026-09-16 18:24:05.907 I  PeachCommander[1590:22eb] [com.apple.AppKit:Image] ISImage reported a placeholder, image rep is providing a placeholder image for <private>
2026-09-16 18:24:05.908 I  PeachCommander[1590:22eb] [com.apple.AppKit:Image] ISImage reported a placeholder, image rep is providing a placeholder image for <private>
2026-09-16 18:24:05.908 I  PeachCommander[1590:22eb] [com.apple.AppKit:Image] ISImage reported a placeholder, image rep is providing a placeholder image for <private>
2026-09-16 18:24:05.909 I  PeachCommander[1590:22eb] [com.apple.AppKit:Image] ISImage reported a placeholder, image rep is providing a placeholder image for <private>
2026-09-16 18:24:05.910 I  PeachCommander[1590:22eb] [com.apple.AppKit:Image] ISImage reported a placeholder, image rep is providing a placeholder image for <private>
2026-09-16 18:24:05.911 I  PeachCommander[1590:22eb] [com.apple.AppKit:Image] ISImage reported a placeholder, image rep is providing a placeholder image for <private>
2026-09-16 18:24:05.911 I  PeachCommander[1590:22eb] [com.apple.AppKit:Image] ISImage reported a placeholder, image rep is providing a placeholder image for <private>
2026-09-16 18:24:05.912 I  PeachCommander[1590:22eb] [com.apple.AppKit:Image] ISImage reported a placeholder, image rep is providing a placeholder image for <private>
2026-09-16 18:24:05.913 I  PeachCommander[1590:22eb] [com.apple.AppKit:Image] ISImage reported a placeholder, image rep is providing a placeholder image for <private>
2026-09-16 18:24:05.914 I  PeachCommander[1590:22eb] [com.apple.AppKit:Image] ISImage reported a placeholder, image rep is providing a placeholder image for <private>
2026-09-16 18:24:05.914 I  PeachCommander[1590:22eb] [com.apple.AppKit:Image] ISImage reported a placeholder, image rep is providing a placeholder image for <private>
2026-09-16 18:24:05.916 I  PeachCommander[1590:22eb] [com.apple.AppKit:Image] ISImage reported a placeholder, image rep is providing a placeholder image for <private>
2026-09-16 18:24:05.916 I  PeachCommander[1590:22eb] [com.apple.AppKit:Image] ISImage reported a placeholder, image rep is providing a placeholder image for <private>
2026-09-16 18:24:05.917 I  PeachCommander[1590:22eb] [com.apple.AppKit:Image] ISImage reported a placeholder, image rep is providing a placeholder image for <private>
2026-09-16 18:24:05.917 I  PeachCommander[1590:22eb] [com.apple.AppKit:Image] ISImage reported a placeholder, image rep is providing a placeholder image for <private>
2026-09-16 18:24:05.919 I  PeachCommander[1590:22eb] [com.apple.AppKit:Image] ISImage reported a placeholder, image rep is providing a placeholder image for <private>
2026-09-16 18:24:05.919 I  PeachCommander[1590:22eb] [com.apple.AppKit:Image] ISImage reported a placeholder, image rep is providing a placeholder image for <private>
2026-09-16 18:24:05.920 I  PeachCommander[1590:22eb] [com.apple.AppKit:Image] ISImage reported a placeholder, image rep is providing a placeholder image for <private>
2026-09-16 18:24:05.921 I  PeachCommander[1590:22eb] [com.apple.AppKit:Image] ISImage reported a placeholder, image rep is providing a placeholder image for <private>
2026-09-16 18:24:05.922 I  PeachCommander[1590:22eb] [com.apple.AppKit:Image] ISImage reported a placeholder, image rep is providing a placeholder image for <private>
2026-09-16 18:24:05.922 I  PeachCommander[1590:22eb] [com.apple.AppKit:Image] ISImage reported a placeholder, image rep is providing a placeholder image for <private>
2026-09-16 18:24:05.923 I  PeachCommander[1590:22eb] [com.apple.AppKit:Image] ISImage reported a placeholder, image rep is providing a placeholder image for <private>
2026-09-16 18:24:05.923 I  PeachCommander[1590:22eb] [com.apple.AppKit:Image] ISImage reported a placeholder, image rep is providing a placeholder image for <private>
2026-09-16 18:24:05.925 I  PeachCommander[1590:22eb] [com.apple.AppKit:Image] ISImage reported a placeholder, image rep is providing a placeholder image for <private>
2026-09-16 18:24:05.925 I  PeachCommander[1590:22eb] [com.apple.AppKit:Image] ISImage reported a placeholder, image rep is providing a placeholder image for <private>
2026-09-16 18:24:05.926 I  PeachCommander[1590:22eb] [com.apple.AppKit:Image] ISImage reported a placeholder, image rep is providing a placeholder image for <private>
2026-09-16 18:24:05.926 I  PeachCommander[1590:22eb] [com.apple.AppKit:Image] ISImage reported a placeholder, image rep is providing a placeholder image for <private>
2026-09-16 18:24:05.928 I  PeachCommander[1590:22eb] [com.apple.AppKit:Image] ISImage reported a placeholder, image rep is providing a placeholder image for <private>
2026-09-16 18:24:05.928 I  PeachCommander[1590:22eb] [com.apple.AppKit:Image] ISImage reported a placeholder, image rep is providing a placeholder image for <private>
2026-09-16 18:24:05.929 I  PeachCommander[1590:22eb] [com.apple.AppKit:Image] ISImage reported a placeholder, image rep is providing a placeholder image for <private>
2026-09-16 18:24:05.929 I  PeachCommander[1590:22eb] [com.apple.AppKit:Image] ISImage reported a placeholder, image rep is providing a placeholder image for <private>
2026-09-16 18:24:05.930 I  PeachCommander[1590:22eb] [com.apple.AppKit:Image] ISImage reported a placeholder, image rep is providing a placeholder image for <private>
2026-09-16 18:24:05.930 I  PeachCommander[1590:22eb] [com.apple.AppKit:Image] ISImage reported a placeholder, image rep is providing a placeholder image for <private>
2026-09-16 18:24:05.932 I  PeachCommander[1590:22eb] [com.apple.AppKit:Image] ISImage reported a placeholder, image rep is providing a placeholder image for <private>
2026-09-16 18:24:05.932 I  PeachCommander[1590:22eb] [com.apple.AppKit:Image] ISImage reported a placeholder, image rep is providing a placeholder image for <private>
2026-09-16 18:24:05.933 I  PeachCommander[1590:22eb] [com.apple.AppKit:Image] ISImage reported a placeholder, image rep is providing a placeholder image for <private>
2026-09-16 18:24:05.933 I  PeachCommander[1590:22eb] [com.apple.AppKit:Image] ISImage reported a placeholder, image rep is providing a placeholder image for <private>
2026-09-16 18:24:05.935 I  PeachCommander[1590:22eb] [com.apple.AppKit:Image] ISImage reported a placeholder, image rep is providing a placeholder image for <private>
2026-09-16 18:24:05.935 I  PeachCommander[1590:22eb] [com.apple.AppKit:Image] ISImage reported a placeholder, image rep is providing a placeholder image for <private>
2026-09-16 18:24:05.937 I  PeachCommander[1590:22eb] [com.apple.AppKit:Image] ISImage reported a placeholder, image rep is providing a placeholder image for <private>
2026-09-16 18:24:05.937 I  PeachCommander[1590:22eb] [com.apple.AppKit:Image] ISImage reported a placeholder, image rep is providing a placeholder image for <private>
2026-09-16 18:24:05.938 I  PeachCommander[1590:22eb] [com.apple.AppKit:Image] ISImage reported a placeholder, image rep is providing a placeholder image for <private>
2026-09-16 18:24:05.938 I  PeachCommander[1590:22eb] [com.apple.AppKit:Image] ISImage reported a placeholder, image rep is providing a placeholder image for <private>
2026-09-16 18:24:05.940 I  PeachCommander[1590:22eb] [com.apple.AppKit:Image] ISImage reported a placeholder, image rep is providing a placeholder image for <private>
2026-09-16 18:24:05.940 I  PeachCommander[1590:22eb] [com.apple.AppKit:Image] ISImage reported a placeholder, image rep is providing a placeholder image for <private>
2026-09-16 18:24:05.941 I  PeachCommander[1590:22eb] [com.apple.AppKit:Image] ISImage reported a placeholder, image rep is providing a placeholder image for <private>
2026-09-16 18:24:05.941 I  PeachCommander[1590:22eb] [com.apple.AppKit:Image] ISImage reported a placeholder, image rep is providing a placeholder image for <private>
2026-09-16 18:24:06.019 Df PeachCommander[1590:22eb] (Foundation) <private>
2026-09-16 18:24:06.019 I  PeachCommander[1590:22eb] [com.peachcommander:PCFoundation] [automation] > active left
2026-09-16 18:24:06.019 Df PeachCommander[1590:22eb] (Foundation) <private>
2026-09-16 18:24:06.019 I  PeachCommander[1590:22eb] [com.peachcommander:PCFoundation] [automation] > left /Users/admin/pc-demo
2026-09-16 18:24:06.035 Df PeachCommander[1590:22eb] (Foundation) <private>
2026-09-16 18:24:06.035 I  PeachCommander[1590:22eb] [com.peachcommander:PCFoundation] [automation] > wait 1200
2026-09-16 18:24:06.037 I  PeachCommander[1590:22eb] [com.apple.AppKit:Image] ISImage reported a placeholder, image rep is providing a placeholder image for <private>
2026-09-16 18:24:06.037 I  PeachCommander[1590:22eb] [com.apple.AppKit:Image] ISImage reported a placeholder, image rep is providing a placeholder image for <private>
2026-09-16 18:24:06.038 I  PeachCommander[1590:22eb] [com.apple.AppKit:Image] ISImage reported a placeholder, image rep is providing a placeholder image for <private>
2026-09-16 18:24:06.039 I  PeachCommander[1590:22eb] [com.apple.AppKit:Image] ISImage reported a placeholder, image rep is providing a placeholder image for <private>
2026-09-16 18:24:06.040 I  PeachCommander[1590:22eb] [com.apple.AppKit:Image] ISImage reported a placeholder, image rep is providing a placeholder image for <private>
2026-09-16 18:24:06.041 I  PeachCommander[1590:22eb] [com.apple.AppKit:Image] ISImage reported a placeholder, image rep is providing a placeholder image for <private>
2026-09-16 18:24:06.042 I  PeachCommander[1590:22eb] [com.apple.AppKit:Image] ISImage reported a placeholder, image rep is providing a placeholder image for <private>
2026-09-16 18:24:06.043 I  PeachCommander[1590:22eb] [com.apple.AppKit:Image] ISImage reported a placeholder, image rep is providing a placeholder image for <private>
2026-09-16 18:24:06.043 I  PeachCommander[1590:22eb] [com.apple.AppKit:Image] ISImage reported a placeholder, image rep is providing a placeholder image for <private>
2026-09-16 18:24:06.044 I  PeachCommander[1590:22eb] [com.apple.AppKit:Image] ISImage reported a placeholder, image rep is providing a placeholder image for <private>
2026-09-16 18:24:06.045 I  PeachCommander[1590:22eb] [com.apple.AppKit:Image] ISImage reported a placeholder, image rep is providing a placeholder image for <private>
2026-09-16 18:24:06.046 I  PeachCommander[1590:22eb] [com.apple.AppKit:Image] ISImage reported a placeholder, image rep is providing a placeholder image for <private>
2026-09-16 18:24:06.047 I  PeachCommander[1590:22eb] [com.apple.AppKit:Image] ISImage reported a placeholder, image rep is providing a placeholder image for <private>
2026-09-16 18:24:06.047 I  PeachCommander[1590:22eb] [com.apple.AppKit:Image] ISImage reported a placeholder, image rep is providing a placeholder image for <private>
2026-09-16 18:24:06.048 I  PeachCommander[1590:22eb] [com.apple.AppKit:Image] ISImage reported a placeholder, image rep is providing a placeholder image for <private>
2026-09-16 18:24:06.049 I  PeachCommander[1590:22eb] [com.apple.AppKit:Image] ISImage reported a placeholder, image rep is providing a placeholder image for <private>
2026-09-16 18:24:06.050 I  PeachCommander[1590:22eb] [com.apple.AppKit:Image] ISImage reported a placeholder, image rep is providing a placeholder image for <private>
2026-09-16 18:24:06.050 I  PeachCommander[1590:22eb] [com.apple.AppKit:Image] ISImage reported a placeholder, image rep is providing a placeholder image for <private>
2026-09-16 18:24:06.051 I  PeachCommander[1590:22eb] [com.apple.AppKit:Image] ISImage reported a placeholder, image rep is providing a placeholder image for <private>
2026-09-16 18:24:06.052 I  PeachCommander[1590:22eb] [com.apple.AppKit:Image] ISImage reported a placeholder, image rep is providing a placeholder image for <private>
2026-09-16 18:24:06.053 I  PeachCommander[1590:22eb] [com.apple.AppKit:Image] ISImage reported a placeholder, image rep is providing a placeholder image for <private>
2026-09-16 18:24:06.053 I  PeachCommander[1590:22eb] [com.apple.AppKit:Image] ISImage reported a placeholder, image rep is providing a placeholder image for <private>
2026-09-16 18:24:06.054 I  PeachCommander[1590:22eb] [com.apple.AppKit:Image] ISImage reported a placeholder, image rep is providing a placeholder image for <private>
2026-09-16 18:24:06.055 I  PeachCommander[1590:22eb] [com.apple.AppKit:Image] ISImage reported a placeholder, image rep is providing a placeholder image for <private>
2026-09-16 18:24:06.056 I  PeachCommander[1590:22eb] [com.apple.AppKit:Image] ISImage reported a placeholder, image rep is providing a placeholder image for <private>
2026-09-16 18:24:06.056 I  PeachCommander[1590:22eb] [com.apple.AppKit:Image] ISImage reported a placeholder, image rep is providing a placeholder image for <private>
2026-09-16 18:24:06.056 I  PeachCommander[1590:22eb] [com.apple.AppKit:Image] ISImage reported a placeholder, image rep is providing a placeholder image for <private>
2026-09-16 18:24:06.058 I  PeachCommander[1590:22eb] [com.apple.AppKit:Image] ISImage reported a placeholder, image rep is providing a placeholder image for <private>
2026-09-16 18:24:06.058 I  PeachCommander[1590:22eb] [com.apple.AppKit:Image] ISImage reported a placeholder, image rep is providing a placeholder image for <private>
2026-09-16 18:24:06.059 I  PeachCommander[1590:22eb] [com.apple.AppKit:Image] ISImage reported a placeholder, image rep is providing a placeholder image for <private>
2026-09-16 18:24:06.059 I  PeachCommander[1590:22eb] [com.apple.AppKit:Image] ISImage reported a placeholder, image rep is providing a placeholder image for <private>
2026-09-16 18:24:06.061 I  PeachCommander[1590:22eb] [com.apple.AppKit:Image] ISImage reported a placeholder, image rep is providing a placeholder image for <private>
2026-09-16 18:24:06.061 I  PeachCommander[1590:22eb] [com.apple.AppKit:Image] ISImage reported a placeholder, image rep is providing a placeholder image for <private>
2026-09-16 18:24:06.062 I  PeachCommander[1590:22eb] [com.apple.AppKit:Image] ISImage reported a placeholder, image rep is providing a placeholder image for <private>
2026-09-16 18:24:06.062 I  PeachCommander[1590:22eb] [com.apple.AppKit:Image] ISImage reported a placeholder, image rep is providing a placeholder image for <private>
2026-09-16 18:24:06.064 I  PeachCommander[1590:22eb] [com.apple.AppKit:Image] ISImage reported a placeholder, image rep is providing a placeholder image for <private>
2026-09-16 18:24:06.064 I  PeachCommander[1590:22eb] [com.apple.AppKit:Image] ISImage reported a placeholder, image rep is providing a placeholder image for <private>
2026-09-16 18:24:06.065 I  PeachCommander[1590:22eb] [com.apple.AppKit:Image] ISImage reported a placeholder, image rep is providing a placeholder image for <private>
2026-09-16 18:24:06.065 I  PeachCommander[1590:22eb] [com.apple.AppKit:Image] ISImage reported a placeholder, image rep is providing a placeholder image for <private>
2026-09-16 18:24:06.067 I  PeachCommander[1590:22eb] [com.apple.AppKit:Image] ISImage reported a placeholder, image rep is providing a placeholder image for <private>
2026-09-16 18:24:06.067 I  PeachCommander[1590:22eb] [com.apple.AppKit:Image] ISImage reported a placeholder, image rep is providing a placeholder image for <private>
2026-09-16 18:24:06.068 I  PeachCommander[1590:22eb] [com.apple.AppKit:Image] ISImage reported a placeholder, image rep is providing a placeholder image for <private>
2026-09-16 18:24:06.069 I  PeachCommander[1590:22eb] [com.apple.AppKit:Image] ISImage reported a placeholder, image rep is providing a placeholder image for <private>
2026-09-16 18:24:06.070 I  PeachCommander[1590:22eb] [com.apple.AppKit:Image] ISImage reported a placeholder, image rep is providing a placeholder image for <private>
2026-09-16 18:24:06.070 I  PeachCommander[1590:22eb] [com.apple.AppKit:Image] ISImage reported a placeholder, image rep is providing a placeholder image for <private>
2026-09-16 18:24:06.071 I  PeachCommander[1590:22ff] [com.apple.iconservices:foundation] layer data size zero
2026-09-16 18:24:06.073 I  PeachCommander[1590:22eb] [com.apple.AppKit:Image] ISImage reported a placeholder, image rep is providing a placeholder image for <private>
2026-09-16 18:24:06.073 I  PeachCommander[1590:22eb] [com.apple.AppKit:Image] ISImage reported a placeholder, image rep is providing a placeholder image for <private>
2026-09-16 18:24:06.075 I  PeachCommander[1590:22eb] [com.apple.AppKit:Image] ISImage reported a placeholder, image rep is providing a placeholder image for <private>
2026-09-16 18:24:06.075 I  PeachCommander[1590:22eb] [com.apple.AppKit:Image] ISImage reported a placeholder, image rep is providing a placeholder image for <private>
2026-09-16 18:24:06.077 I  PeachCommander[1590:22eb] [com.apple.AppKit:Image] ISImage reported a placeholder, image rep is providing a placeholder image for <private>
2026-09-16 18:24:06.077 I  PeachCommander[1590:22eb] [com.apple.AppKit:Image] ISImage reported a placeholder, image rep is providing a placeholder image for <private>
2026-09-16 18:24:06.078 I  PeachCommander[1590:22eb] [com.apple.AppKit:Image] ISImage reported a placeholder, image rep is providing a placeholder image for <private>
2026-09-16 18:24:06.078 I  PeachCommander[1590:22eb] [com.apple.AppKit:Image] ISImage reported a placeholder, image rep is providing a placeholder image for <private>
2026-09-16 18:24:06.080 I  PeachCommander[1590:22eb] [com.apple.AppKit:Image] ISImage reported a placeholder, image rep is providing a placeholder image for <private>
2026-09-16 18:24:06.080 I  PeachCommander[1590:22eb] [com.apple.AppKit:Image] ISImage reported a placeholder, image rep is providing a placeholder image for <private>
2026-09-16 18:24:06.082 I  PeachCommander[1590:22eb] [com.apple.AppKit:Image] ISImage reported a placeholder, image rep is providing a placeholder image for <private>
2026-09-16 18:24:06.082 I  PeachCommander[1590:22eb] [com.apple.AppKit:Image] ISImage reported a placeholder, image rep is providing a placeholder image for <private>
2026-09-16 18:24:06.083 I  PeachCommander[1590:22eb] [com.apple.AppKit:Image] ISImage reported a placeholder, image rep is providing a placeholder image for <private>
2026-09-16 18:24:06.083 I  PeachCommander[1590:22eb] [com.apple.AppKit:Image] ISImage reported a placeholder, image rep is providing a placeholder image for <private>
2026-09-16 18:24:06.085 I  PeachCommander[1590:22eb] [com.apple.AppKit:Image] ISImage reported a placeholder, image rep is providing a placeholder image for <private>
2026-09-16 18:24:06.085 I  PeachCommander[1590:22eb] [com.apple.AppKit:Image] ISImage reported a placeholder, image rep is providing a placeholder image for <private>
2026-09-16 18:24:06.086 I  PeachCommander[1590:22eb] [com.apple.AppKit:Image] ISImage reported a placeholder, image rep is providing a placeholder image for <private>
2026-09-16 18:24:06.086 I  PeachCommander[1590:22eb] [com.apple.AppKit:Image] ISImage reported a placeholder, image rep is providing a placeholder image for <private>
2026-09-16 18:24:06.088 I  PeachCommander[1590:22eb] [com.apple.AppKit:Image] ISImage reported a placeholder, image rep is providing a placeholder image for <private>
2026-09-16 18:24:06.088 I  PeachCommander[1590:22eb] [com.apple.AppKit:Image] ISImage reported a placeholder, image rep is providing a placeholder image for <private>
2026-09-16 18:24:06.089 I  PeachCommander[1590:22eb] [com.apple.AppKit:Image] ISImage reported a placeholder, image rep is providing a placeholder image for <private>
2026-09-16 18:24:06.089 I  PeachCommander[1590:22eb] [com.apple.AppKit:Image] ISImage reported a placeholder, image rep is providing a placeholder image for <private>
2026-09-16 18:24:06.091 I  PeachCommander[1590:22eb] [com.apple.AppKit:Image] ISImage reported a placeholder, image rep is providing a placeholder image for <private>
2026-09-16 18:24:06.091 I  PeachCommander[1590:22eb] [com.apple.AppKit:Image] ISImage reported a placeholder, image rep is providing a placeholder image for <private>
2026-09-16 18:24:06.093 I  PeachCommander[1590:22eb] [com.apple.AppKit:Image] ISImage reported a placeholder, image rep is providing a placeholder image for <private>
2026-09-16 18:24:06.093 I  PeachCommander[1590:22eb] [com.apple.AppKit:Image] ISImage reported a placeholder, image rep is providing a placeholder image for <private>
2026-09-16 18:24:06.094 I  PeachCommander[1590:22eb] [com.apple.AppKit:Image] ISImage reported a placeholder, image rep is providing a placeholder image for <private>
2026-09-16 18:24:06.094 I  PeachCommander[1590:22eb] [com.apple.AppKit:Image] ISImage reported a placeholder, image rep is providing a placeholder image for <private>
2026-09-16 18:24:06.096 I  PeachCommander[1590:22eb] [com.apple.AppKit:Image] ISImage reported a placeholder, image rep is providing a placeholder image for <private>
2026-09-16 18:24:06.096 I  PeachCommander[1590:22eb] [com.apple.AppKit:Image] ISImage reported a placeholder, image rep is providing a placeholder image for <private>
2026-09-16 18:24:06.103 I  PeachCommander[1590:238c] [com.apple.iconservices:foundation] layer data size zero
2026-09-16 18:24:06.177 I  PeachCommander[1590:22eb] [com.apple.AppKit:Image] ISImage reported a placeholder, image rep is providing a placeholder image for <private>
2026-09-16 18:24:06.178 I  PeachCommander[1590:22eb] [com.apple.AppKit:Image] ISImage reported a placeholder, image rep is providing a placeholder image for <private>
2026-09-16 18:24:06.178 I  PeachCommander[1590:22eb] [com.apple.AppKit:Image] ISImage reported a placeholder, image rep is providing a placeholder image for <private>
2026-09-16 18:24:06.178 I  PeachCommander[1590:22eb] [com.apple.AppKit:Image] ISImage reported a placeholder, image rep is providing a placeholder image for <private>
2026-09-16 18:24:06.178 I  PeachCommander[1590:22eb] [com.apple.AppKit:Image] ISImage reported a placeholder, image rep is providing a placeholder image for <private>
2026-09-16 18:24:06.178 I  PeachCommander[1590:22eb] [com.apple.AppKit:Image] ISImage reported a placeholder, image rep is providing a placeholder image for <private>
2026-09-16 18:24:06.178 I  PeachCommander[1590:22eb] [com.apple.AppKit:Image] ISImage reported a placeholder, image rep is providing a placeholder image for <private>
2026-09-16 18:24:06.178 I  PeachCommander[1590:22eb] [com.apple.AppKit:Image] ISImage reported a placeholder, image rep is providing a placeholder image for <private>
2026-09-16 18:24:06.178 I  PeachCommander[1590:22eb] [com.apple.AppKit:Image] ISImage reported a placeholder, image rep is providing a placeholder image for <private>
2026-09-16 18:24:06.178 I  PeachCommander[1590:22eb] [com.apple.AppKit:Image] ISImage reported a placeholder, image rep is providing a placeholder image for <private>
2026-09-16 18:24:06.178 I  PeachCommander[1590:22eb] [com.apple.AppKit:Image] ISImage reported a placeholder, image rep is providing a placeholder image for <private>
2026-09-16 18:24:06.179 I  PeachCommander[1590:22eb] [com.apple.AppKit:Image] ISImage reported a placeholder, image rep is providing a placeholder image for <private>
2026-09-16 18:24:06.179 I  PeachCommander[1590:22eb] [com.apple.AppKit:Image] ISImage reported a placeholder, image rep is providing a placeholder image for <private>
2026-09-16 18:24:06.179 I  PeachCommander[1590:22eb] [com.apple.AppKit:Image] ISImage reported a placeholder, image rep is providing a placeholder image for <private>
2026-09-16 18:24:06.179 I  PeachCommander[1590:22eb] [com.apple.AppKit:Image] ISImage reported a placeholder, image rep is providing a placeholder image for <private>
2026-09-16 18:24:06.179 I  PeachCommander[1590:22eb] [com.apple.AppKit:Image] ISImage reported a placeholder, image rep is providing a placeholder image for <private>
2026-09-16 18:24:06.179 I  PeachCommander[1590:22eb] [com.apple.AppKit:Image] ISImage reported a placeholder, image rep is providing a placeholder image for <private>
2026-09-16 18:24:06.179 I  PeachCommander[1590:22eb] [com.apple.AppKit:Image] ISImage reported a placeholder, image rep is providing a placeholder image for <private>
2026-09-16 18:24:06.179 I  PeachCommander[1590:22eb] [com.apple.AppKit:Image] ISImage reported a placeholder, image rep is providing a placeholder image for <private>
2026-09-16 18:24:06.179 I  PeachCommander[1590:22eb] [com.apple.AppKit:Image] ISImage reported a placeholder, image rep is providing a placeholder image for <private>
2026-09-16 18:24:06.179 I  PeachCommander[1590:22eb] [com.apple.AppKit:Image] ISImage reported a placeholder, image rep is providing a placeholder image for <private>
2026-09-16 18:24:06.180 I  PeachCommander[1590:22eb] [com.apple.AppKit:Image] ISImage reported a placeholder, image rep is providing a placeholder image for <private>
2026-09-16 18:24:06.180 I  PeachCommander[1590:22eb] [com.apple.AppKit:Image] ISImage reported a placeholder, image rep is providing a placeholder image for <private>
2026-09-16 18:24:06.180 I  PeachCommander[1590:22eb] [com.apple.AppKit:Image] ISImage reported a placeholder, image rep is providing a placeholder image for <private>
2026-09-16 18:24:06.180 I  PeachCommander[1590:22eb] [com.apple.AppKit:Image] ISImage reported a placeholder, image rep is providing a placeholder image for <private>
2026-09-16 18:24:06.180 I  PeachCommander[1590:22eb] [com.apple.AppKit:Image] ISImage reported a placeholder, image rep is providing a placeholder image for <private>
2026-09-16 18:24:06.180 I  PeachCommander[1590:22eb] [com.apple.AppKit:Image] ISImage reported a placeholder, image rep is providing a placeholder image for <private>
2026-09-16 18:24:06.180 I  PeachCommander[1590:22eb] [com.apple.AppKit:Image] ISImage reported a placeholder, image rep is providing a placeholder image for <private>
2026-09-16 18:24:06.180 I  PeachCommander[1590:22eb] [com.apple.AppKit:Image] ISImage reported a placeholder, image rep is providing a placeholder image for <private>
2026-09-16 18:24:06.180 I  PeachCommander[1590:22eb] [com.apple.AppKit:Image] ISImage reported a placeholder, image rep is providing a placeholder image for <private>
2026-09-16 18:24:06.185 I  PeachCommander[1590:22eb] [com.apple.AppKit:Image] ISImage reported a placeholder, image rep is providing a placeholder image for <private>
2026-09-16 18:24:06.185 I  PeachCommander[1590:22eb] [com.apple.AppKit:Image] ISImage reported a placeholder, image rep is providing a placeholder image for <private>
2026-09-16 18:24:06.185 I  PeachCommander[1590:22eb] [com.apple.AppKit:Image] ISImage reported a placeholder, image rep is providing a placeholder image for <private>
2026-09-16 18:24:06.186 I  PeachCommander[1590:22eb] [com.apple.AppKit:Image] ISImage reported a placeholder, image rep is providing a placeholder image for <private>
2026-09-16 18:24:06.186 I  PeachCommander[1590:22eb] [com.apple.AppKit:Image] ISImage reported a placeholder, image rep is providing a placeholder image for <private>
2026-09-16 18:24:06.186 I  PeachCommander[1590:22eb] [com.apple.AppKit:Image] ISImage reported a placeholder, image rep is providing a placeholder image for <private>
2026-09-16 18:24:06.186 I  PeachCommander[1590:22eb] [com.apple.AppKit:Image] ISImage reported a placeholder, image rep is providing a placeholder image for <private>
2026-09-16 18:24:06.186 I  PeachCommander[1590:22eb] [com.apple.AppKit:Image] ISImage reported a placeholder, image rep is providing a placeholder image for <private>
2026-09-16 18:24:06.186 I  PeachCommander[1590:22eb] [com.apple.AppKit:Image] ISImage reported a placeholder, image rep is providing a placeholder image for <private>
2026-09-16 18:24:06.187 I  PeachCommander[1590:22eb] [com.apple.AppKit:Image] ISImage reported a placeholder, image rep is providing a placeholder image for <private>
2026-09-16 18:24:06.187 I  PeachCommander[1590:22eb] [com.apple.AppKit:Image] ISImage reported a placeholder, image rep is providing a placeholder image for <private>
2026-09-16 18:24:06.187 I  PeachCommander[1590:22eb] [com.apple.AppKit:Image] ISImage reported a placeholder, image rep is providing a placeholder image for <private>
2026-09-16 18:24:06.187 I  PeachCommander[1590:22eb] [com.apple.AppKit:Image] ISImage reported a placeholder, image rep is providing a placeholder image for <private>
2026-09-16 18:24:06.187 I  PeachCommander[1590:22eb] [com.apple.AppKit:Image] ISImage reported a placeholder, image rep is providing a placeholder image for <private>
2026-09-16 18:24:06.187 I  PeachCommander[1590:22eb] [com.apple.AppKit:Image] ISImage reported a placeholder, image rep is providing a placeholder image for <private>
2026-09-16 18:24:06.187 I  PeachCommander[1590:22eb] [com.apple.AppKit:Image] ISImage reported a placeholder, image rep is providing a placeholder image for <private>
2026-09-16 18:24:06.187 I  PeachCommander[1590:22eb] [com.apple.AppKit:Image] ISImage reported a placeholder, image rep is providing a placeholder image for <private>
2026-09-16 18:24:06.187 I  PeachCommander[1590:22eb] [com.apple.AppKit:Image] ISImage reported a placeholder, image rep is providing a placeholder image for <private>
2026-09-16 18:24:06.189 I  PeachCommander[1590:22eb] [com.apple.iconservices:foundation] layer data size zero
2026-09-16 18:24:06.189 I  PeachCommander[1590:22eb] [com.apple.iconservices:foundation] layer data size zero
2026-09-16 18:24:06.189 I  PeachCommander[1590:22eb] [com.apple.iconservices:foundation] layer data size zero
2026-09-16 18:24:06.189 I  PeachCommander[1590:22eb] [com.apple.iconservices:foundation] layer data size zero
2026-09-16 18:24:06.189 I  PeachCommander[1590:22eb] [com.apple.iconservices:foundation] layer data size zero
2026-09-16 18:24:06.190 I  PeachCommander[1590:22eb] [com.apple.iconservices:foundation] layer data size zero
2026-09-16 18:24:06.190 I  PeachCommander[1590:22eb] [com.apple.iconservices:foundation] layer data size zero
2026-09-16 18:24:06.190 I  PeachCommander[1590:22eb] [com.apple.iconservices:foundation] layer data size zero
2026-09-16 18:24:06.190 I  PeachCommander[1590:22eb] [com.apple.iconservices:foundation] layer data size zero
2026-09-16 18:24:06.210 I  PeachCommander[1590:22eb] [com.apple.AppKit:Image] ISImage reported a placeholder, image rep is providing a placeholder image for <private>
2026-09-16 18:24:06.210 I  PeachCommander[1590:22eb] [com.apple.AppKit:Image] ISImage reported a placeholder, image rep is providing a placeholder image for <private>
2026-09-16 18:24:06.210 I  PeachCommander[1590:22eb] [com.apple.AppKit:Image] ISImage reported a placeholder, image rep is providing a placeholder image for <private>
2026-09-16 18:24:06.212 I  PeachCommander[1590:22eb] [com.apple.AppKit:Image] ISImage reported a placeholder, image rep is providing a placeholder image for <private>
2026-09-16 18:24:06.213 I  PeachCommander[1590:22eb] [com.apple.AppKit:Image] ISImage reported a placeholder, image rep is providing a placeholder image for <private>
2026-09-16 18:24:06.213 I  PeachCommander[1590:22eb] [com.apple.AppKit:Image] ISImage reported a placeholder, image rep is providing a placeholder image for <private>
2026-09-16 18:24:06.214 I  PeachCommander[1590:22eb] [com.apple.AppKit:Image] ISImage reported a placeholder, image rep is providing a placeholder image for <private>
2026-09-16 18:24:06.214 I  PeachCommander[1590:22eb] [com.apple.AppKit:Image] ISImage reported a placeholder, image rep is providing a placeholder image for <private>
2026-09-16 18:24:06.214 I  PeachCommander[1590:22eb] [com.apple.AppKit:Image] ISImage reported a placeholder, image rep is providing a placeholder image for <private>
2026-09-16 18:24:06.216 I  PeachCommander[1590:22eb] [com.apple.AppKit:Image] ISImage reported a placeholder, image rep is providing a placeholder image for <private>
2026-09-16 18:24:06.216 I  PeachCommander[1590:22eb] [com.apple.AppKit:Image] ISImage reported a placeholder, image rep is providing a placeholder image for <private>
2026-09-16 18:24:06.216 I  PeachCommander[1590:22eb] [com.apple.AppKit:Image] ISImage reported a placeholder, image rep is providing a placeholder image for <private>
2026-09-16 18:24:06.218 I  PeachCommander[1590:22eb] [com.apple.AppKit:Image] ISImage reported a placeholder, image rep is providing a placeholder image for <private>
2026-09-16 18:24:06.218 I  PeachCommander[1590:22eb] [com.apple.AppKit:Image] ISImage reported a placeholder, image rep is providing a placeholder image for <private>
2026-09-16 18:24:06.218 I  PeachCommander[1590:22eb] [com.apple.AppKit:Image] ISImage reported a placeholder, image rep is providing a placeholder image for <private>
2026-09-16 18:24:06.222 I  PeachCommander[1590:22eb] [com.apple.AppKit:Image] ISImage reported a placeholder, image rep is providing a placeholder image for <private>
2026-09-16 18:24:06.222 I  PeachCommander[1590:22eb] [com.apple.AppKit:Image] ISImage reported a placeholder, image rep is providing a placeholder image for <private>
2026-09-16 18:24:06.222 I  PeachCommander[1590:22eb] [com.apple.AppKit:Image] ISImage reported a placeholder, image rep is providing a placeholder image for <private>
2026-09-16 18:24:06.224 I  PeachCommander[1590:22eb] [com.apple.AppKit:Image] ISImage reported a placeholder, image rep is providing a placeholder image for <private>
2026-09-16 18:24:06.224 I  PeachCommander[1590:22eb] [com.apple.AppKit:Image] ISImage reported a placeholder, image rep is providing a placeholder image for <private>
2026-09-16 18:24:06.224 I  PeachCommander[1590:22eb] [com.apple.AppKit:Image] ISImage reported a placeholder, image rep is providing a placeholder image for <private>
2026-09-16 18:24:06.248 I  PeachCommander[1590:22eb] [com.apple.AppKit:Image] ISImage reported a placeholder, image rep is providing a placeholder image for <private>
2026-09-16 18:24:06.249 I  PeachCommander[1590:22eb] [com.apple.AppKit:Image] ISImage reported a placeholder, image rep is providing a placeholder image for <private>
2026-09-16 18:24:06.250 I  PeachCommander[1590:22eb] [com.apple.AppKit:Image] ISImage reported a placeholder, image rep is providing a placeholder image for <private>
2026-09-16 18:24:06.251 I  PeachCommander[1590:22eb] [com.apple.AppKit:Image] ISImage reported a placeholder, image rep is providing a placeholder image for <private>
2026-09-16 18:24:06.251 I  PeachCommander[1590:22eb] [com.apple.AppKit:Image] ISImage reported a placeholder, image rep is providing a placeholder image for <private>
2026-09-16 18:24:06.252 I  PeachCommander[1590:22eb] [com.apple.AppKit:Image] ISImage reported a placeholder, image rep is providing a placeholder image for <private>
2026-09-16 18:24:06.253 I  PeachCommander[1590:22eb] [com.apple.AppKit:Image] ISImage reported a placeholder, image rep is providing a placeholder image for <private>
2026-09-16 18:24:06.254 I  PeachCommander[1590:22eb] [com.apple.AppKit:Image] ISImage reported a placeholder, image rep is providing a placeholder image for <private>
2026-09-16 18:24:06.255 I  PeachCommander[1590:22eb] [com.apple.AppKit:Image] ISImage reported a placeholder, image rep is providing a placeholder image for <private>
2026-09-16 18:24:06.255 I  PeachCommander[1590:22eb] [com.apple.AppKit:Image] ISImage reported a placeholder, image rep is providing a placeholder image for <private>
2026-09-16 18:24:06.256 I  PeachCommander[1590:22eb] [com.apple.AppKit:Image] ISImage reported a placeholder, image rep is providing a placeholder image for <private>
2026-09-16 18:24:06.257 I  PeachCommander[1590:22eb] [com.apple.AppKit:Image] ISImage reported a placeholder, image rep is providing a placeholder image for <private>
2026-09-16 18:24:06.258 I  PeachCommander[1590:22eb] [com.apple.AppKit:Image] ISImage reported a placeholder, image rep is providing a placeholder image for <private>
2026-09-16 18:24:06.259 I  PeachCommander[1590:22eb] [com.apple.AppKit:Image] ISImage reported a placeholder, image rep is providing a placeholder image for <private>
2026-09-16 18:24:06.260 I  PeachCommander[1590:22eb] [com.apple.AppKit:Image] ISImage reported a placeholder, image rep is providing a placeholder image for <private>
2026-09-16 18:24:06.261 I  PeachCommander[1590:22eb] [com.apple.AppKit:Image] ISImage reported a placeholder, image rep is providing a placeholder image for <private>
2026-09-16 18:24:06.261 I  PeachCommander[1590:22eb] [com.apple.AppKit:Image] ISImage reported a placeholder, image rep is providing a placeholder image for <private>
2026-09-16 18:24:06.262 I  PeachCommander[1590:22eb] [com.apple.AppKit:Image] ISImage reported a placeholder, image rep is providing a placeholder image for <private>
2026-09-16 18:24:06.263 I  PeachCommander[1590:22eb] [com.apple.AppKit:Image] ISImage reported a placeholder, image rep is providing a placeholder image for <private>
2026-09-16 18:24:06.264 I  PeachCommander[1590:22eb] [com.apple.AppKit:Image] ISImage reported a placeholder, image rep is providing a placeholder image for <private>
2026-09-16 18:24:06.265 I  PeachCommander[1590:22eb] [com.apple.AppKit:Image] ISImage reported a placeholder, image rep is providing a placeholder image for <private>
2026-09-16 18:24:06.266 I  PeachCommander[1590:22eb] [com.apple.AppKit:Image] ISImage reported a placeholder, image rep is providing a placeholder image for <private>
2026-09-16 18:24:06.266 I  PeachCommander[1590:22eb] [com.apple.AppKit:Image] ISImage reported a placeholder, image rep is providing a placeholder image for <private>
2026-09-16 18:24:06.267 I  PeachCommander[1590:22eb] [com.apple.AppKit:Image] ISImage reported a placeholder, image rep is providing a placeholder image for <private>
2026-09-16 18:24:06.268 I  PeachCommander[1590:22eb] [com.apple.AppKit:Image] ISImage reported a placeholder, image rep is providing a placeholder image for <private>
2026-09-16 18:24:06.270 I  PeachCommander[1590:22eb] [com.apple.AppKit:Image] ISImage reported a placeholder, image rep is providing a placeholder image for <private>
2026-09-16 18:24:06.270 I  PeachCommander[1590:22eb] [com.apple.AppKit:Image] ISImage reported a placeholder, image rep is providing a placeholder image for <private>
2026-09-16 18:24:06.271 I  PeachCommander[1590:22eb] [com.apple.AppKit:Image] ISImage reported a placeholder, image rep is providing a placeholder image for <private>
2026-09-16 18:24:06.271 I  PeachCommander[1590:22eb] [com.apple.AppKit:Image] ISImage reported a placeholder, image rep is providing a placeholder image for <private>
2026-09-16 18:24:06.273 I  PeachCommander[1590:22eb] [com.apple.AppKit:Image] ISImage reported a placeholder, image rep is providing a placeholder image for <private>
2026-09-16 18:24:06.273 I  PeachCommander[1590:22eb] [com.apple.AppKit:Image] ISImage reported a placeholder, image rep is providing a placeholder image for <private>
2026-09-16 18:24:06.274 I  PeachCommander[1590:22eb] [com.apple.AppKit:Image] ISImage reported a placeholder, image rep is providing a placeholder image for <private>
2026-09-16 18:24:06.274 I  PeachCommander[1590:22eb] [com.apple.AppKit:Image] ISImage reported a placeholder, image rep is providing a placeholder image for <private>
2026-09-16 18:24:06.276 I  PeachCommander[1590:22eb] [com.apple.AppKit:Image] ISImage reported a placeholder, image rep is providing a placeholder image for <private>
2026-09-16 18:24:06.276 I  PeachCommander[1590:22eb] [com.apple.AppKit:Image] ISImage reported a placeholder, image rep is providing a placeholder image for <private>
2026-09-16 18:24:06.277 I  PeachCommander[1590:22eb] [com.apple.AppKit:Image] ISImage reported a placeholder, image rep is providing a placeholder image for <private>
2026-09-16 18:24:06.277 I  PeachCommander[1590:22eb] [com.apple.AppKit:Image] ISImage reported a placeholder, image rep is providing a placeholder image for <private>
2026-09-16 18:24:06.278 I  PeachCommander[1590:22eb] [com.apple.AppKit:Image] ISImage reported a placeholder, image rep is providing a placeholder image for <private>
2026-09-16 18:24:06.278 I  PeachCommander[1590:22eb] [com.apple.AppKit:Image] ISImage reported a placeholder, image rep is providing a placeholder image for <private>
2026-09-16 18:24:06.280 I  PeachCommander[1590:22eb] [com.apple.AppKit:Image] ISImage reported a placeholder, image rep is providing a placeholder image for <private>
2026-09-16 18:24:06.280 I  PeachCommander[1590:22eb] [com.apple.AppKit:Image] ISImage reported a placeholder, image rep is providing a placeholder image for <private>
2026-09-16 18:24:06.281 I  PeachCommander[1590:22eb] [com.apple.AppKit:Image] ISImage reported a placeholder, image rep is providing a placeholder image for <private>
2026-09-16 18:24:06.281 I  PeachCommander[1590:22eb] [com.apple.AppKit:Image] ISImage reported a placeholder, image rep is providing a placeholder image for <private>
2026-09-16 18:24:06.282 I  PeachCommander[1590:22eb] [com.apple.AppKit:Image] ISImage reported a placeholder, image rep is providing a placeholder image for <private>
2026-09-16 18:24:06.282 I  PeachCommander[1590:22eb] [com.apple.AppKit:Image] ISImage reported a placeholder, image rep is providing a placeholder image for <private>
2026-09-16 18:24:06.283 I  PeachCommander[1590:22f4] [com.apple.iconservices:foundation] layer data size zero
2026-09-16 18:24:06.284 I  PeachCommander[1590:22eb] [com.apple.AppKit:Image] ISImage reported a placeholder, image rep is providing a placeholder image for <private>
2026-09-16 18:24:06.284 I  PeachCommander[1590:22eb] [com.apple.AppKit:Image] ISImage reported a placeholder, image rep is providing a placeholder image for <private>
2026-09-16 18:24:06.284 I  PeachCommander[1590:22f4] [com.apple.iconservices:foundation] layer data size zero
2026-09-16 18:24:06.285 I  PeachCommander[1590:22eb] [com.apple.AppKit:Image] ISImage reported a placeholder, image rep is providing a placeholder image for <private>
2026-09-16 18:24:06.285 I  PeachCommander[1590:22eb] [com.apple.AppKit:Image] ISImage reported a placeholder, image rep is providing a placeholder image for <private>
2026-09-16 18:24:06.285 I  PeachCommander[1590:22f4] [com.apple.iconservices:foundation] layer data size zero
2026-09-16 18:24:06.287 I  PeachCommander[1590:22eb] [com.apple.AppKit:Image] ISImage reported a placeholder, image rep is providing a placeholder image for <private>
2026-09-16 18:24:06.287 I  PeachCommander[1590:22eb] [com.apple.AppKit:Image] ISImage reported a placeholder, image rep is providing a placeholder image for <private>
2026-09-16 18:24:06.288 I  PeachCommander[1590:22eb] [com.apple.AppKit:Image] ISImage reported a placeholder, image rep is providing a placeholder image for <private>
2026-09-16 18:24:06.288 I  PeachCommander[1590:22eb] [com.apple.AppKit:Image] ISImage reported a placeholder, image rep is providing a placeholder image for <private>
2026-09-16 18:24:06.290 I  PeachCommander[1590:22eb] [com.apple.AppKit:Image] ISImage reported a placeholder, image rep is providing a placeholder image for <private>
2026-09-16 18:24:06.290 I  PeachCommander[1590:22eb] [com.apple.AppKit:Image] ISImage reported a placeholder, image rep is providing a placeholder image for <private>
2026-09-16 18:24:06.290 I  PeachCommander[1590:22f4] [com.apple.iconservices:foundation] layer data size zero
2026-09-16 18:24:06.291 I  PeachCommander[1590:22eb] [com.apple.AppKit:Image] ISImage reported a placeholder, image rep is providing a placeholder image for <private>
2026-09-16 18:24:06.291 I  PeachCommander[1590:22eb] [com.apple.AppKit:Image] ISImage reported a placeholder, image rep is providing a placeholder image for <private>
2026-09-16 18:24:06.293 I  PeachCommander[1590:22eb] [com.apple.AppKit:Image] ISImage reported a placeholder, image rep is providing a placeholder image for <private>
2026-09-16 18:24:06.293 I  PeachCommander[1590:22eb] [com.apple.AppKit:Image] ISImage reported a placeholder, image rep is providing a placeholder image for <private>
2026-09-16 18:24:06.294 I  PeachCommander[1590:22eb] [com.apple.AppKit:Image] ISImage reported a placeholder, image rep is providing a placeholder image for <private>
2026-09-16 18:24:06.294 I  PeachCommander[1590:22eb] [com.apple.AppKit:Image] ISImage reported a placeholder, image rep is providing a placeholder image for <private>
2026-09-16 18:24:06.296 I  PeachCommander[1590:22eb] [com.apple.AppKit:Image] ISImage reported a placeholder, image rep is providing a placeholder image for <private>
2026-09-16 18:24:06.296 I  PeachCommander[1590:22eb] [com.apple.AppKit:Image] ISImage reported a placeholder, image rep is providing a placeholder image for <private>
2026-09-16 18:24:06.297 I  PeachCommander[1590:22eb] [com.apple.AppKit:Image] ISImage reported a placeholder, image rep is providing a placeholder image for <private>
2026-09-16 18:24:06.297 I  PeachCommander[1590:22eb] [com.apple.AppKit:Image] ISImage reported a placeholder, image rep is providing a placeholder image for <private>
2026-09-16 18:24:06.297 I  PeachCommander[1590:22f4] [com.apple.iconservices:foundation] layer data size zero
2026-09-16 18:24:06.298 I  PeachCommander[1590:22eb] [com.apple.AppKit:Image] ISImage reported a placeholder, image rep is providing a placeholder image for <private>
2026-09-16 18:24:06.299 I  PeachCommander[1590:22eb] [com.apple.AppKit:Image] ISImage reported a placeholder, image rep is providing a placeholder image for <private>
2026-09-16 18:24:06.299 I  PeachCommander[1590:22f4] [com.apple.iconservices:foundation] layer data size zero
2026-09-16 18:24:06.300 I  PeachCommander[1590:22eb] [com.apple.AppKit:Image] ISImage reported a placeholder, image rep is providing a placeholder image for <private>
2026-09-16 18:24:06.300 I  PeachCommander[1590:22eb] [com.apple.AppKit:Image] ISImage reported a placeholder, image rep is providing a placeholder image for <private>
2026-09-16 18:24:06.300 I  PeachCommander[1590:22f4] [com.apple.iconservices:foundation] layer data size zero
2026-09-16 18:24:06.302 I  PeachCommander[1590:22eb] [com.apple.AppKit:Image] ISImage reported a placeholder, image rep is providing a placeholder image for <private>
2026-09-16 18:24:06.302 I  PeachCommander[1590:22eb] [com.apple.AppKit:Image] ISImage reported a placeholder, image rep is providing a placeholder image for <private>
2026-09-16 18:24:06.303 I  PeachCommander[1590:22eb] [com.apple.AppKit:Image] ISImage reported a placeholder, image rep is providing a placeholder image for <private>
2026-09-16 18:24:06.303 I  PeachCommander[1590:22eb] [com.apple.AppKit:Image] ISImage reported a placeholder, image rep is providing a placeholder image for <private>
2026-09-16 18:24:06.303 I  PeachCommander[1590:22f4] [com.apple.iconservices:foundation] layer data size zero
2026-09-16 18:24:06.305 I  PeachCommander[1590:22eb] [com.apple.AppKit:Image] ISImage reported a placeholder, image rep is providing a placeholder image for <private>
2026-09-16 18:24:06.305 I  PeachCommander[1590:22eb] [com.apple.AppKit:Image] ISImage reported a placeholder, image rep is providing a placeholder image for <private>
2026-09-16 18:24:06.310 I  PeachCommander[1590:22f4] [com.apple.iconservices:foundation] layer data size zero
2026-09-16 18:24:06.441 I  PeachCommander[1590:22ff] [com.apple.AppKit:WindowTab] Indexing 1 items
2026-09-16 18:24:06.441 A  PeachCommander[1590:22ff] (CoreSpotlight) end-index-batch
2026-09-16 18:24:06.441 A  PeachCommander[1590:22ff] (CoreSpotlight) index-items
2026-09-16 18:24:06.441 Df PeachCommander[1590:22ff] [com.apple.corespotlight:index] CSInlineDonation:<private>: Skipping donation (feature flag disabled)
2026-09-16 18:24:06.442 Df PeachCommander[1590:22ff] [com.apple.corespotlight:index] CSInlineDonation:<private>: Skipping donation (feature flag disabled)
2026-09-16 18:24:07.299 Df PeachCommander[1590:22eb] (Foundation) <private>
2026-09-16 18:24:07.299 I  PeachCommander[1590:22eb] [com.peachcommander:PCFoundation] [automation] > left /Users/admin/pc-demo/sub
2026-09-16 18:24:07.316 Df PeachCommander[1590:22eb] (Foundation) <private>
2026-09-16 18:24:07.316 I  PeachCommander[1590:22eb] [com.peachcommander:PCFoundation] [automation] > wait 1200
2026-09-16 18:24:07.317 I  PeachCommander[1590:22eb] [com.apple.AppKit:Image] ISImage reported a placeholder, image rep is providing a placeholder image for <private>
2026-09-16 18:24:07.318 I  PeachCommander[1590:22eb] [com.apple.AppKit:Image] ISImage reported a placeholder, image rep is providing a placeholder image for <private>
2026-09-16 18:24:07.319 I  PeachCommander[1590:22eb] [com.apple.AppKit:Image] ISImage reported a placeholder, image rep is providing a placeholder image for <private>
2026-09-16 18:24:07.320 I  PeachCommander[1590:22eb] [com.apple.AppKit:Image] ISImage reported a placeholder, image rep is providing a placeholder image for <private>
2026-09-16 18:24:07.321 I  PeachCommander[1590:22eb] [com.apple.AppKit:Image] ISImage reported a placeholder, image rep is providing a placeholder image for <private>
2026-09-16 18:24:07.321 I  PeachCommander[1590:22eb] [com.apple.AppKit:Image] ISImage reported a placeholder, image rep is providing a placeholder image for <private>
2026-09-16 18:24:07.322 I  PeachCommander[1590:22eb] [com.apple.AppKit:Image] ISImage reported a placeholder, image rep is providing a placeholder image for <private>
2026-09-16 18:24:07.323 I  PeachCommander[1590:22eb] [com.apple.AppKit:Image] ISImage reported a placeholder, image rep is providing a placeholder image for <private>
2026-09-16 18:24:07.324 I  PeachCommander[1590:22eb] [com.apple.AppKit:Image] ISImage reported a placeholder, image rep is providing a placeholder image for <private>
2026-09-16 18:24:07.325 I  PeachCommander[1590:22eb] [com.apple.AppKit:Image] ISImage reported a placeholder, image rep is providing a placeholder image for <private>
2026-09-16 18:24:07.325 I  PeachCommander[1590:22eb] [com.apple.AppKit:Image] ISImage reported a placeholder, image rep is providing a placeholder image for <private>
2026-09-16 18:24:07.326 I  PeachCommander[1590:22eb] [com.apple.AppKit:Image] ISImage reported a placeholder, image rep is providing a placeholder image for <private>
2026-09-16 18:24:07.327 I  PeachCommander[1590:22eb] [com.apple.AppKit:Image] ISImage reported a placeholder, image rep is providing a placeholder image for <private>
2026-09-16 18:24:07.328 I  PeachCommander[1590:22eb] [com.apple.AppKit:Image] ISImage reported a placeholder, image rep is providing a placeholder image for <private>
2026-09-16 18:24:07.329 I  PeachCommander[1590:22eb] [com.apple.AppKit:Image] ISImage reported a placeholder, image rep is providing a placeholder image for <private>
2026-09-16 18:24:07.330 I  PeachCommander[1590:22eb] [com.apple.AppKit:Image] ISImage reported a placeholder, image rep is providing a placeholder image for <private>
2026-09-16 18:24:07.331 I  PeachCommander[1590:22eb] [com.apple.AppKit:Image] ISImage reported a placeholder, image rep is providing a placeholder image for <private>
2026-09-16 18:24:07.331 I  PeachCommander[1590:22eb] [com.apple.AppKit:Image] ISImage reported a placeholder, image rep is providing a placeholder image for <private>
2026-09-16 18:24:07.332 I  PeachCommander[1590:22eb] [com.apple.AppKit:Image] ISImage reported a placeholder, image rep is providing a placeholder image for <private>
2026-09-16 18:24:07.333 I  PeachCommander[1590:22eb] [com.apple.AppKit:Image] ISImage reported a placeholder, image rep is providing a placeholder image for <private>
2026-09-16 18:24:07.334 I  PeachCommander[1590:22eb] [com.apple.AppKit:Image] ISImage reported a placeholder, image rep is providing a placeholder image for <private>
2026-09-16 18:24:07.335 I  PeachCommander[1590:22eb] [com.apple.AppKit:Image] ISImage reported a placeholder, image rep is providing a placeholder image for <private>
2026-09-16 18:24:07.335 I  PeachCommander[1590:22eb] [com.apple.AppKit:Image] ISImage reported a placeholder, image rep is providing a placeholder image for <private>
2026-09-16 18:24:07.336 I  PeachCommander[1590:22eb] [com.apple.AppKit:Image] ISImage reported a placeholder, image rep is providing a placeholder image for <private>
2026-09-16 18:24:07.337 I  PeachCommander[1590:22eb] [com.apple.AppKit:Image] ISImage reported a placeholder, image rep is providing a placeholder image for <private>
2026-09-16 18:24:07.339 I  PeachCommander[1590:22eb] [com.apple.AppKit:Image] ISImage reported a placeholder, image rep is providing a placeholder image for <private>
2026-09-16 18:24:07.339 I  PeachCommander[1590:22eb] [com.apple.AppKit:Image] ISImage reported a placeholder, image rep is providing a placeholder image for <private>
2026-09-16 18:24:07.340 I  PeachCommander[1590:22eb] [com.apple.AppKit:Image] ISImage reported a placeholder, image rep is providing a placeholder image for <private>
2026-09-16 18:24:07.340 I  PeachCommander[1590:22eb] [com.apple.AppKit:Image] ISImage reported a placeholder, image rep is providing a placeholder image for <private>
2026-09-16 18:24:07.360 I  PeachCommander[1590:22eb] [com.apple.AppKit:Image] ISImage reported a placeholder, image rep is providing a placeholder image for <private>
2026-09-16 18:24:07.361 I  PeachCommander[1590:22eb] [com.apple.AppKit:Image] ISImage reported a placeholder, image rep is providing a placeholder image for <private>
2026-09-16 18:24:07.373 I  PeachCommander[1590:22eb] [com.apple.AppKit:Image] ISImage reported a placeholder, image rep is providing a placeholder image for <private>
2026-09-16 18:24:07.373 I  PeachCommander[1590:22eb] [com.apple.AppKit:Image] ISImage reported a placeholder, image rep is providing a placeholder image for <private>
2026-09-16 18:24:07.374 I  PeachCommander[1590:22eb] [com.apple.AppKit:Image] ISImage reported a placeholder, image rep is providing a placeholder image for <private>
2026-09-16 18:24:07.374 I  PeachCommander[1590:22eb] [com.apple.AppKit:Image] ISImage reported a placeholder, image rep is providing a placeholder image for <private>
2026-09-16 18:24:07.440 I  PeachCommander[1590:22fd] [com.apple.AppKit:WindowTab] Indexing 1 items
2026-09-16 18:24:07.440 A  PeachCommander[1590:22fd] (CoreSpotlight) end-index-batch
2026-09-16 18:24:07.440 A  PeachCommander[1590:22fd] (CoreSpotlight) index-items
2026-09-16 18:24:07.440 Df PeachCommander[1590:22ff] [com.apple.corespotlight:index] CSInlineDonation:<private>: Skipping donation (feature flag disabled)
2026-09-16 18:24:07.441 Df PeachCommander[1590:22ff] [com.apple.corespotlight:index] CSInlineDonation:<private>: Skipping donation (feature flag disabled)
2026-09-16 18:24:08.539 Df PeachCommander[1590:22eb] (Foundation) <private>
2026-09-16 18:24:08.539 I  PeachCommander[1590:22eb] [com.peachcommander:PCFoundation] [automation] > left /Users/admin/pc-demo
2026-09-16 18:24:08.545 Df PeachCommander[1590:22eb] (Foundation) <private>
2026-09-16 18:24:08.545 I  PeachCommander[1590:22eb] [com.peachcommander:PCFoundation] [automation] > wait 1200
2026-09-16 18:24:08.547 I  PeachCommander[1590:22eb] [com.apple.AppKit:Image] ISImage reported a placeholder, image rep is providing a placeholder image for <private>
2026-09-16 18:24:08.548 I  PeachCommander[1590:22eb] [com.apple.AppKit:Image] ISImage reported a placeholder, image rep is providing a placeholder image for <private>
2026-09-16 18:24:08.549 I  PeachCommander[1590:22eb] [com.apple.AppKit:Image] ISImage reported a placeholder, image rep is providing a placeholder image for <private>
2026-09-16 18:24:08.549 I  PeachCommander[1590:22eb] [com.apple.AppKit:Image] ISImage reported a placeholder, image rep is providing a placeholder image for <private>
2026-09-16 18:24:08.550 I  PeachCommander[1590:22eb] [com.apple.AppKit:Image] ISImage reported a placeholder, image rep is providing a placeholder image for <private>
2026-09-16 18:24:08.550 I  PeachCommander[1590:22eb] [com.apple.AppKit:Image] ISImage reported a placeholder, image rep is providing a placeholder image for <private>
2026-09-16 18:24:08.552 I  PeachCommander[1590:22eb] [com.apple.AppKit:Image] ISImage reported a placeholder, image rep is providing a placeholder image for <private>
2026-09-16 18:24:08.552 I  PeachCommander[1590:22eb] [com.apple.AppKit:Image] ISImage reported a placeholder, image rep is providing a placeholder image for <private>
2026-09-16 18:24:08.553 I  PeachCommander[1590:22eb] [com.apple.AppKit:Image] ISImage reported a placeholder, image rep is providing a placeholder image for <private>
2026-09-16 18:24:08.553 I  PeachCommander[1590:22eb] [com.apple.AppKit:Image] ISImage reported a placeholder, image rep is providing a placeholder image for <private>
2026-09-16 18:24:08.554 I  PeachCommander[1590:22eb] [com.apple.AppKit:Image] ISImage reported a placeholder, image rep is providing a placeholder image for <private>
2026-09-16 18:24:08.555 I  PeachCommander[1590:22eb] [com.apple.AppKit:Image] ISImage reported a placeholder, image rep is providing a placeholder image for <private>
2026-09-16 18:24:08.556 I  PeachCommander[1590:22eb] [com.apple.AppKit:Image] ISImage reported a placeholder, image rep is providing a placeholder image for <private>
2026-09-16 18:24:08.556 I  PeachCommander[1590:22eb] [com.apple.AppKit:Image] ISImage reported a placeholder, image rep is providing a placeholder image for <private>
2026-09-16 18:24:08.557 I  PeachCommander[1590:22eb] [com.apple.AppKit:Image] ISImage reported a placeholder, image rep is providing a placeholder image for <private>
2026-09-16 18:24:08.558 I  PeachCommander[1590:22eb] [com.apple.AppKit:Image] ISImage reported a placeholder, image rep is providing a placeholder image for <private>
2026-09-16 18:24:08.559 I  PeachCommander[1590:22eb] [com.apple.AppKit:Image] ISImage reported a placeholder, image rep is providing a placeholder image for <private>
2026-09-16 18:24:08.559 I  PeachCommander[1590:22eb] [com.apple.AppKit:Image] ISImage reported a placeholder, image rep is providing a placeholder image for <private>
2026-09-16 18:24:08.560 I  PeachCommander[1590:22eb] [com.apple.AppKit:Image] ISImage reported a placeholder, image rep is providing a placeholder image for <private>
2026-09-16 18:24:08.560 I  PeachCommander[1590:22eb] [com.apple.AppKit:Image] ISImage reported a placeholder, image rep is providing a placeholder image for <private>
2026-09-16 18:24:08.562 I  PeachCommander[1590:22eb] [com.apple.AppKit:Image] ISImage reported a placeholder, image rep is providing a placeholder image for <private>
2026-09-16 18:24:08.562 I  PeachCommander[1590:22eb] [com.apple.AppKit:Image] ISImage reported a placeholder, image rep is providing a placeholder image for <private>
2026-09-16 18:24:08.563 I  PeachCommander[1590:22eb] [com.apple.AppKit:Image] ISImage reported a placeholder, image rep is providing a placeholder image for <private>
2026-09-16 18:24:08.563 I  PeachCommander[1590:22eb] [com.apple.AppKit:Image] ISImage reported a placeholder, image rep is providing a placeholder image for <private>
2026-09-16 18:24:08.565 I  PeachCommander[1590:22eb] [com.apple.AppKit:Image] ISImage reported a placeholder, image rep is providing a placeholder image for <private>
2026-09-16 18:24:08.565 I  PeachCommander[1590:22eb] [com.apple.AppKit:Image] ISImage reported a placeholder, image rep is providing a placeholder image for <private>
2026-09-16 18:24:08.567 I  PeachCommander[1590:22eb] [com.apple.AppKit:Image] ISImage reported a placeholder, image rep is providing a placeholder image for <private>
2026-09-16 18:24:08.567 I  PeachCommander[1590:22eb] [com.apple.AppKit:Image] ISImage reported a placeholder, image rep is providing a placeholder image for <private>
2026-09-16 18:24:08.568 I  PeachCommander[1590:22eb] [com.apple.AppKit:Image] ISImage reported a placeholder, image rep is providing a placeholder image for <private>
2026-09-16 18:24:08.568 I  PeachCommander[1590:22eb] [com.apple.AppKit:Image] ISImage reported a placeholder, image rep is providing a placeholder image for <private>
2026-09-16 18:24:08.569 I  PeachCommander[1590:22eb] [com.apple.AppKit:Image] ISImage reported a placeholder, image rep is providing a placeholder image for <private>
2026-09-16 18:24:08.569 I  PeachCommander[1590:22eb] [com.apple.AppKit:Image] ISImage reported a placeholder, image rep is providing a placeholder image for <private>
2026-09-16 18:24:08.571 I  PeachCommander[1590:22eb] [com.apple.AppKit:Image] ISImage reported a placeholder, image rep is providing a placeholder image for <private>
2026-09-16 18:24:08.571 I  PeachCommander[1590:22eb] [com.apple.AppKit:Image] ISImage reported a placeholder, image rep is providing a placeholder image for <private>
2026-09-16 18:24:08.572 I  PeachCommander[1590:22eb] [com.apple.AppKit:Image] ISImage reported a placeholder, image rep is providing a placeholder image for <private>
2026-09-16 18:24:08.572 I  PeachCommander[1590:22eb] [com.apple.AppKit:Image] ISImage reported a placeholder, image rep is providing a placeholder image for <private>
2026-09-16 18:24:08.573 I  PeachCommander[1590:22eb] [com.apple.AppKit:Image] ISImage reported a placeholder, image rep is providing a placeholder image for <private>
2026-09-16 18:24:08.573 I  PeachCommander[1590:22eb] [com.apple.AppKit:Image] ISImage reported a placeholder, image rep is providing a placeholder image for <private>
2026-09-16 18:24:08.574 I  PeachCommander[1590:22eb] [com.apple.AppKit:Image] ISImage reported a placeholder, image rep is providing a placeholder image for <private>
2026-09-16 18:24:08.575 I  PeachCommander[1590:22eb] [com.apple.AppKit:Image] ISImage reported a placeholder, image rep is providing a placeholder image for <private>
2026-09-16 18:24:08.576 I  PeachCommander[1590:22eb] [com.apple.AppKit:Image] ISImage reported a placeholder, image rep is providing a placeholder image for <private>
2026-09-16 18:24:08.576 I  PeachCommander[1590:22eb] [com.apple.AppKit:Image] ISImage reported a placeholder, image rep is providing a placeholder image for <private>
2026-09-16 18:24:08.577 I  PeachCommander[1590:22eb] [com.apple.AppKit:Image] ISImage reported a placeholder, image rep is providing a placeholder image for <private>
2026-09-16 18:24:08.577 I  PeachCommander[1590:22eb] [com.apple.AppKit:Image] ISImage reported a placeholder, image rep is providing a placeholder image for <private>
2026-09-16 18:24:08.579 I  PeachCommander[1590:22eb] [com.apple.AppKit:Image] ISImage reported a placeholder, image rep is providing a placeholder image for <private>
2026-09-16 18:24:08.579 I  PeachCommander[1590:22eb] [com.apple.AppKit:Image] ISImage reported a placeholder, image rep is providing a placeholder image for <private>
2026-09-16 18:24:08.580 I  PeachCommander[1590:22eb] [com.apple.AppKit:Image] ISImage reported a placeholder, image rep is providing a placeholder image for <private>
2026-09-16 18:24:08.580 I  PeachCommander[1590:22eb] [com.apple.AppKit:Image] ISImage reported a placeholder, image rep is providing a placeholder image for <private>
2026-09-16 18:24:08.581 I  PeachCommander[1590:22eb] [com.apple.AppKit:Image] ISImage reported a placeholder, image rep is providing a placeholder image for <private>
2026-09-16 18:24:08.581 I  PeachCommander[1590:22eb] [com.apple.AppKit:Image] ISImage reported a placeholder, image rep is providing a placeholder image for <private>
2026-09-16 18:24:08.583 I  PeachCommander[1590:22eb] [com.apple.AppKit:Image] ISImage reported a placeholder, image rep is providing a placeholder image for <private>
2026-09-16 18:24:08.583 I  PeachCommander[1590:22eb] [com.apple.AppKit:Image] ISImage reported a placeholder, image rep is providing a placeholder image for <private>
2026-09-16 18:24:08.696 I  PeachCommander[1590:22eb] [com.apple.AppKit:Image] ISImage reported a placeholder, image rep is providing a placeholder image for <private>
2026-09-16 18:24:08.697 I  PeachCommander[1590:22eb] [com.apple.AppKit:Image] ISImage reported a placeholder, image rep is providing a placeholder image for <private>
2026-09-16 18:24:08.698 I  PeachCommander[1590:22eb] [com.apple.AppKit:Image] ISImage reported a placeholder, image rep is providing a placeholder image for <private>
2026-09-16 18:24:08.699 I  PeachCommander[1590:22eb] [com.apple.AppKit:Image] ISImage reported a placeholder, image rep is providing a placeholder image for <private>
2026-09-16 18:24:08.699 I  PeachCommander[1590:22eb] [com.apple.AppKit:Image] ISImage reported a placeholder, image rep is providing a placeholder image for <private>
2026-09-16 18:24:08.700 I  PeachCommander[1590:22eb] [com.apple.AppKit:Image] ISImage reported a placeholder, image rep is providing a placeholder image for <private>
2026-09-16 18:24:08.701 I  PeachCommander[1590:22eb] [com.apple.AppKit:Image] ISImage reported a placeholder, image rep is providing a placeholder image for <private>
2026-09-16 18:24:08.702 I  PeachCommander[1590:22eb] [com.apple.AppKit:Image] ISImage reported a placeholder, image rep is providing a placeholder image for <private>
2026-09-16 18:24:08.703 I  PeachCommander[1590:22eb] [com.apple.AppKit:Image] ISImage reported a placeholder, image rep is providing a placeholder image for <private>
2026-09-16 18:24:08.704 I  PeachCommander[1590:22eb] [com.apple.AppKit:Image] ISImage reported a placeholder, image rep is providing a placeholder image for <private>
2026-09-16 18:24:08.705 I  PeachCommander[1590:22eb] [com.apple.AppKit:Image] ISImage reported a placeholder, image rep is providing a placeholder image for <private>
2026-09-16 18:24:08.706 I  PeachCommander[1590:22eb] [com.apple.AppKit:Image] ISImage reported a placeholder, image rep is providing a placeholder image for <private>
2026-09-16 18:24:08.707 I  PeachCommander[1590:22eb] [com.apple.AppKit:Image] ISImage reported a placeholder, image rep is providing a placeholder image for <private>
2026-09-16 18:24:08.707 I  PeachCommander[1590:22eb] [com.apple.AppKit:Image] ISImage reported a placeholder, image rep is providing a placeholder image for <private>
2026-09-16 18:24:08.708 I  PeachCommander[1590:22eb] [com.apple.AppKit:Image] ISImage reported a placeholder, image rep is providing a placeholder image for <private>
2026-09-16 18:24:08.709 I  PeachCommander[1590:22eb] [com.apple.AppKit:Image] ISImage reported a placeholder, image rep is providing a placeholder image for <private>
2026-09-16 18:24:08.710 I  PeachCommander[1590:22eb] [com.apple.AppKit:Image] ISImage reported a placeholder, image rep is providing a placeholder image for <private>
2026-09-16 18:24:08.710 I  PeachCommander[1590:22eb] [com.apple.AppKit:Image] ISImage reported a placeholder, image rep is providing a placeholder image for <private>
2026-09-16 18:24:08.711 I  PeachCommander[1590:22eb] [com.apple.AppKit:Image] ISImage reported a placeholder, image rep is providing a placeholder image for <private>
2026-09-16 18:24:08.712 I  PeachCommander[1590:22eb] [com.apple.AppKit:Image] ISImage reported a placeholder, image rep is providing a placeholder image for <private>
2026-09-16 18:24:08.713 I  PeachCommander[1590:22eb] [com.apple.AppKit:Image] ISImage reported a placeholder, image rep is providing a placeholder image for <private>
2026-09-16 18:24:08.714 I  PeachCommander[1590:22eb] [com.apple.AppKit:Image] ISImage reported a placeholder, image rep is providing a placeholder image for <private>
2026-09-16 18:24:08.715 I  PeachCommander[1590:22eb] [com.apple.AppKit:Image] ISImage reported a placeholder, image rep is providing a placeholder image for <private>
2026-09-16 18:24:08.715 I  PeachCommander[1590:22eb] [com.apple.AppKit:Image] ISImage reported a placeholder, image rep is providing a placeholder image for <private>
2026-09-16 18:24:08.716 I  PeachCommander[1590:22eb] [com.apple.AppKit:Image] ISImage reported a placeholder, image rep is providing a placeholder image for <private>
2026-09-16 18:24:08.717 I  PeachCommander[1590:22eb] [com.apple.AppKit:Image] ISImage reported a placeholder, image rep is providing a placeholder image for <private>
2026-09-16 18:24:08.717 I  PeachCommander[1590:22eb] [com.apple.AppKit:Image] ISImage reported a placeholder, image rep is providing a placeholder image for <private>
2026-09-16 18:24:08.718 I  PeachCommander[1590:22eb] [com.apple.AppKit:Image] ISImage reported a placeholder, image rep is providing a placeholder image for <private>
2026-09-16 18:24:08.718 I  PeachCommander[1590:22eb] [com.apple.AppKit:Image] ISImage reported a placeholder, image rep is providing a placeholder image for <private>
2026-09-16 18:24:08.719 I  PeachCommander[1590:22eb] [com.apple.AppKit:Image] ISImage reported a placeholder, image rep is providing a placeholder image for <private>
2026-09-16 18:24:08.719 I  PeachCommander[1590:22eb] [com.apple.AppKit:Image] ISImage reported a placeholder, image rep is providing a placeholder image for <private>
2026-09-16 18:24:08.721 I  PeachCommander[1590:22eb] [com.apple.AppKit:Image] ISImage reported a placeholder, image rep is providing a placeholder image for <private>
2026-09-16 18:24:08.721 I  PeachCommander[1590:22eb] [com.apple.AppKit:Image] ISImage reported a placeholder, image rep is providing a placeholder image for <private>
2026-09-16 18:24:08.722 I  PeachCommander[1590:22eb] [com.apple.AppKit:Image] ISImage reported a placeholder, image rep is providing a placeholder image for <private>
2026-09-16 18:24:08.722 I  PeachCommander[1590:22eb] [com.apple.AppKit:Image] ISImage reported a placeholder, image rep is providing a placeholder image for <private>
2026-09-16 18:24:08.723 I  PeachCommander[1590:22eb] [com.apple.AppKit:Image] ISImage reported a placeholder, image rep is providing a placeholder image for <private>
2026-09-16 18:24:08.723 I  PeachCommander[1590:22eb] [com.apple.AppKit:Image] ISImage reported a placeholder, image rep is providing a placeholder image for <private>
2026-09-16 18:24:08.725 I  PeachCommander[1590:22eb] [com.apple.AppKit:Image] ISImage reported a placeholder, image rep is providing a placeholder image for <private>
2026-09-16 18:24:08.725 I  PeachCommander[1590:22eb] [com.apple.AppKit:Image] ISImage reported a placeholder, image rep is providing a placeholder image for <private>
2026-09-16 18:24:08.726 I  PeachCommander[1590:22eb] [com.apple.AppKit:Image] ISImage reported a placeholder, image rep is providing a placeholder image for <private>
2026-09-16 18:24:08.726 I  PeachCommander[1590:22eb] [com.apple.AppKit:Image] ISImage reported a placeholder, image rep is providing a placeholder image for <private>
2026-09-16 18:24:08.727 I  PeachCommander[1590:22eb] [com.apple.AppKit:Image] ISImage reported a placeholder, image rep is providing a placeholder image for <private>
2026-09-16 18:24:08.728 I  PeachCommander[1590:22eb] [com.apple.AppKit:Image] ISImage reported a placeholder, image rep is providing a placeholder image for <private>
2026-09-16 18:24:08.729 I  PeachCommander[1590:22eb] [com.apple.AppKit:Image] ISImage reported a placeholder, image rep is providing a placeholder image for <private>
2026-09-16 18:24:08.729 I  PeachCommander[1590:22eb] [com.apple.AppKit:Image] ISImage reported a placeholder, image rep is providing a placeholder image for <private>
2026-09-16 18:24:08.730 I  PeachCommander[1590:22eb] [com.apple.AppKit:Image] ISImage reported a placeholder, image rep is providing a placeholder image for <private>
2026-09-16 18:24:08.730 I  PeachCommander[1590:22eb] [com.apple.AppKit:Image] ISImage reported a placeholder, image rep is providing a placeholder image for <private>
2026-09-16 18:24:08.732 I  PeachCommander[1590:22eb] [com.apple.AppKit:Image] ISImage reported a placeholder, image rep is providing a placeholder image for <private>
2026-09-16 18:24:08.732 I  PeachCommander[1590:22eb] [com.apple.AppKit:Image] ISImage reported a placeholder, image rep is providing a placeholder image for <private>
2026-09-16 18:24:08.733 I  PeachCommander[1590:22eb] [com.apple.AppKit:Image] ISImage reported a placeholder, image rep is providing a placeholder image for <private>
2026-09-16 18:24:08.733 I  PeachCommander[1590:22eb] [com.apple.AppKit:Image] ISImage reported a placeholder, image rep is providing a placeholder image for <private>
2026-09-16 18:24:08.734 I  PeachCommander[1590:22eb] [com.apple.AppKit:Image] ISImage reported a placeholder, image rep is providing a placeholder image for <private>
2026-09-16 18:24:08.734 I  PeachCommander[1590:22eb] [com.apple.AppKit:Image] ISImage reported a placeholder, image rep is providing a placeholder image for <private>
2026-09-16 18:24:08.736 I  PeachCommander[1590:22eb] [com.apple.AppKit:Image] ISImage reported a placeholder, image rep is providing a placeholder image for <private>
2026-09-16 18:24:08.736 I  PeachCommander[1590:22eb] [com.apple.AppKit:Image] ISImage reported a placeholder, image rep is providing a placeholder image for <private>
2026-09-16 18:24:08.737 I  PeachCommander[1590:22eb] [com.apple.AppKit:Image] ISImage reported a placeholder, image rep is providing a placeholder image for <private>
2026-09-16 18:24:08.737 I  PeachCommander[1590:22eb] [com.apple.AppKit:Image] ISImage reported a placeholder, image rep is providing a placeholder image for <private>
2026-09-16 18:24:08.738 I  PeachCommander[1590:22eb] [com.apple.AppKit:Image] ISImage reported a placeholder, image rep is providing a placeholder image for <private>
2026-09-16 18:24:08.738 I  PeachCommander[1590:22eb] [com.apple.AppKit:Image] ISImage reported a placeholder, image rep is providing a placeholder image for <private>
2026-09-16 18:24:08.739 I  PeachCommander[1590:22eb] [com.apple.AppKit:Image] ISImage reported a placeholder, image rep is providing a placeholder image for <private>
2026-09-16 18:24:08.739 I  PeachCommander[1590:22eb] [com.apple.AppKit:Image] ISImage reported a placeholder, image rep is providing a placeholder image for <private>
2026-09-16 18:24:08.741 I  PeachCommander[1590:22eb] [com.apple.AppKit:Image] ISImage reported a placeholder, image rep is providing a placeholder image for <private>
2026-09-16 18:24:08.741 I  PeachCommander[1590:22eb] [com.apple.AppKit:Image] ISImage reported a placeholder, image rep is providing a placeholder image for <private>
2026-09-16 18:24:08.742 I  PeachCommander[1590:22eb] [com.apple.AppKit:Image] ISImage reported a placeholder, image rep is providing a placeholder image for <private>
2026-09-16 18:24:08.743 I  PeachCommander[1590:22eb] [com.apple.AppKit:Image] ISImage reported a placeholder, image rep is providing a placeholder image for <private>
2026-09-16 18:24:08.744 I  PeachCommander[1590:22eb] [com.apple.AppKit:Image] ISImage reported a placeholder, image rep is providing a placeholder image for <private>
2026-09-16 18:24:08.744 I  PeachCommander[1590:22eb] [com.apple.AppKit:Image] ISImage reported a placeholder, image rep is providing a placeholder image for <private>
2026-09-16 18:24:08.746 I  PeachCommander[1590:22eb] [com.apple.AppKit:Image] ISImage reported a placeholder, image rep is providing a placeholder image for <private>
2026-09-16 18:24:08.746 I  PeachCommander[1590:22eb] [com.apple.AppKit:Image] ISImage reported a placeholder, image rep is providing a placeholder image for <private>
2026-09-16 18:24:08.747 I  PeachCommander[1590:22eb] [com.apple.AppKit:Image] ISImage reported a placeholder, image rep is providing a placeholder image for <private>
2026-09-16 18:24:08.747 I  PeachCommander[1590:22eb] [com.apple.AppKit:Image] ISImage reported a placeholder, image rep is providing a placeholder image for <private>
2026-09-16 18:24:08.748 I  PeachCommander[1590:22eb] [com.apple.AppKit:Image] ISImage reported a placeholder, image rep is providing a placeholder image for <private>
2026-09-16 18:24:08.749 I  PeachCommander[1590:22eb] [com.apple.AppKit:Image] ISImage reported a placeholder, image rep is providing a placeholder image for <private>
2026-09-16 18:24:08.750 I  PeachCommander[1590:22eb] [com.apple.AppKit:Image] ISImage reported a placeholder, image rep is providing a placeholder image for <private>
2026-09-16 18:24:08.750 I  PeachCommander[1590:22eb] [com.apple.AppKit:Image] ISImage reported a placeholder, image rep is providing a placeholder image for <private>
2026-09-16 18:24:08.910 I  PeachCommander[1590:22ff] [com.apple.AppKit:WindowTab] Indexing 1 items
2026-09-16 18:24:08.910 A  PeachCommander[1590:22ff] (CoreSpotlight) end-index-batch
2026-09-16 18:24:08.910 A  PeachCommander[1590:22ff] (CoreSpotlight) index-items
2026-09-16 18:24:08.910 Df PeachCommander[1590:22ff] [com.apple.corespotlight:index] CSInlineDonation:<private>: Skipping donation (feature flag disabled)
2026-09-16 18:24:08.911 Df PeachCommander[1590:22ff] [com.apple.corespotlight:index] CSInlineDonation:<private>: Skipping donation (feature flag disabled)
2026-09-16 18:24:09.826 Df PeachCommander[1590:22eb] (Foundation) <private>
2026-09-16 18:24:09.826 I  PeachCommander[1590:22eb] [com.peachcommander:PCFoundation] [automation] > mkfile /Users/admin/pc-demo/ws-journal-victim.txt
2026-09-16 18:24:09.827 Df PeachCommander[1590:22eb] (Foundation) <private>
2026-09-16 18:24:09.827 I  PeachCommander[1590:22eb] [com.peachcommander:PCFoundation] [automation] > wait 400
2026-09-16 18:24:09.854 I  PeachCommander[1590:22eb] [com.apple.AppKit:Image] ISImage reported a placeholder, image rep is providing a placeholder image for <private>
2026-09-16 18:24:09.855 I  PeachCommander[1590:22eb] [com.apple.AppKit:Image] ISImage reported a placeholder, image rep is providing a placeholder image for <private>
2026-09-16 18:24:09.856 I  PeachCommander[1590:22eb] [com.apple.AppKit:Image] ISImage reported a placeholder, image rep is providing a placeholder image for <private>
2026-09-16 18:24:09.856 I  PeachCommander[1590:22eb] [com.apple.AppKit:Image] ISImage reported a placeholder, image rep is providing a placeholder image for <private>
2026-09-16 18:24:09.857 I  PeachCommander[1590:22eb] [com.apple.AppKit:Image] ISImage reported a placeholder, image rep is providing a placeholder image for <private>
2026-09-16 18:24:09.858 I  PeachCommander[1590:22eb] [com.apple.AppKit:Image] ISImage reported a placeholder, image rep is providing a placeholder image for <private>
2026-09-16 18:24:09.859 I  PeachCommander[1590:22eb] [com.apple.AppKit:Image] ISImage reported a placeholder, image rep is providing a placeholder image for <private>
2026-09-16 18:24:09.860 I  PeachCommander[1590:22eb] [com.apple.AppKit:Image] ISImage reported a placeholder, image rep is providing a placeholder image for <private>
2026-09-16 18:24:09.860 I  PeachCommander[1590:22eb] [com.apple.AppKit:Image] ISImage reported a placeholder, image rep is providing a placeholder image for <private>
2026-09-16 18:24:09.861 I  PeachCommander[1590:22eb] [com.apple.AppKit:Image] ISImage reported a placeholder, image rep is providing a placeholder image for <private>
2026-09-16 18:24:09.862 I  PeachCommander[1590:22eb] [com.apple.AppKit:Image] ISImage reported a placeholder, image rep is providing a placeholder image for <private>
2026-09-16 18:24:09.863 I  PeachCommander[1590:22eb] [com.apple.AppKit:Image] ISImage reported a placeholder, image rep is providing a placeholder image for <private>
2026-09-16 18:24:09.864 I  PeachCommander[1590:22eb] [com.apple.AppKit:Image] ISImage reported a placeholder, image rep is providing a placeholder image for <private>
2026-09-16 18:24:09.865 I  PeachCommander[1590:22eb] [com.apple.AppKit:Image] ISImage reported a placeholder, image rep is providing a placeholder image for <private>
2026-09-16 18:24:09.865 I  PeachCommander[1590:22eb] [com.apple.AppKit:Image] ISImage reported a placeholder, image rep is providing a placeholder image for <private>
2026-09-16 18:24:09.866 I  PeachCommander[1590:22eb] [com.apple.AppKit:Image] ISImage reported a placeholder, image rep is providing a placeholder image for <private>
2026-09-16 18:24:09.867 I  PeachCommander[1590:22eb] [com.apple.AppKit:Image] ISImage reported a placeholder, image rep is providing a placeholder image for <private>
2026-09-16 18:24:09.868 I  PeachCommander[1590:22eb] [com.apple.AppKit:Image] ISImage reported a placeholder, image rep is providing a placeholder image for <private>
2026-09-16 18:24:09.869 I  PeachCommander[1590:22eb] [com.apple.AppKit:Image] ISImage reported a placeholder, image rep is providing a placeholder image for <private>
2026-09-16 18:24:09.870 I  PeachCommander[1590:22eb] [com.apple.AppKit:Image] ISImage reported a placeholder, image rep is providing a placeholder image for <private>
2026-09-16 18:24:09.870 I  PeachCommander[1590:22eb] [com.apple.AppKit:Image] ISImage reported a placeholder, image rep is providing a placeholder image for <private>
2026-09-16 18:24:09.871 I  PeachCommander[1590:22eb] [com.apple.AppKit:Image] ISImage reported a placeholder, image rep is providing a placeholder image for <private>
2026-09-16 18:24:09.872 I  PeachCommander[1590:22eb] [com.apple.AppKit:Image] ISImage reported a placeholder, image rep is providing a placeholder image for <private>
2026-09-16 18:24:09.873 I  PeachCommander[1590:22eb] [com.apple.AppKit:Image] ISImage reported a placeholder, image rep is providing a placeholder image for <private>
2026-09-16 18:24:09.874 I  PeachCommander[1590:22eb] [com.apple.AppKit:Image] ISImage reported a placeholder, image rep is providing a placeholder image for <private>
2026-09-16 18:24:09.874 I  PeachCommander[1590:22eb] [com.apple.AppKit:Image] ISImage reported a placeholder, image rep is providing a placeholder image for <private>
2026-09-16 18:24:09.874 I  PeachCommander[1590:22eb] [com.apple.AppKit:Image] ISImage reported a placeholder, image rep is providing a placeholder image for <private>
2026-09-16 18:24:09.876 I  PeachCommander[1590:22eb] [com.apple.AppKit:Image] ISImage reported a placeholder, image rep is providing a placeholder image for <private>
2026-09-16 18:24:09.876 I  PeachCommander[1590:22eb] [com.apple.AppKit:Image] ISImage reported a placeholder, image rep is providing a placeholder image for <private>
2026-09-16 18:24:09.878 I  PeachCommander[1590:22eb] [com.apple.AppKit:Image] ISImage reported a placeholder, image rep is providing a placeholder image for <private>
2026-09-16 18:24:09.878 I  PeachCommander[1590:22eb] [com.apple.AppKit:Image] ISImage reported a placeholder, image rep is providing a placeholder image for <private>
2026-09-16 18:24:09.879 I  PeachCommander[1590:22eb] [com.apple.AppKit:Image] ISImage reported a placeholder, image rep is providing a placeholder image for <private>
2026-09-16 18:24:09.879 I  PeachCommander[1590:22eb] [com.apple.AppKit:Image] ISImage reported a placeholder, image rep is providing a placeholder image for <private>
2026-09-16 18:24:09.880 I  PeachCommander[1590:22eb] [com.apple.AppKit:Image] ISImage reported a placeholder, image rep is providing a placeholder image for <private>
2026-09-16 18:24:09.880 I  PeachCommander[1590:22eb] [com.apple.AppKit:Image] ISImage reported a placeholder, image rep is providing a placeholder image for <private>
2026-09-16 18:24:09.882 I  PeachCommander[1590:22eb] [com.apple.AppKit:Image] ISImage reported a placeholder, image rep is providing a placeholder image for <private>
2026-09-16 18:24:09.882 I  PeachCommander[1590:22eb] [com.apple.AppKit:Image] ISImage reported a placeholder, image rep is providing a placeholder image for <private>
2026-09-16 18:24:09.883 I  PeachCommander[1590:22eb] [com.apple.AppKit:Image] ISImage reported a placeholder, image rep is providing a placeholder image for <private>
2026-09-16 18:24:09.883 I  PeachCommander[1590:22eb] [com.apple.AppKit:Image] ISImage reported a placeholder, image rep is providing a placeholder image for <private>
2026-09-16 18:24:09.884 I  PeachCommander[1590:22eb] [com.apple.AppKit:Image] ISImage reported a placeholder, image rep is providing a placeholder image for <private>
2026-09-16 18:24:09.884 I  PeachCommander[1590:22eb] [com.apple.AppKit:Image] ISImage reported a placeholder, image rep is providing a placeholder image for <private>
2026-09-16 18:24:09.885 I  PeachCommander[1590:22eb] [com.apple.AppKit:Image] ISImage reported a placeholder, image rep is providing a placeholder image for <private>
2026-09-16 18:24:09.886 I  PeachCommander[1590:22eb] [com.apple.AppKit:Image] ISImage reported a placeholder, image rep is providing a placeholder image for <private>
2026-09-16 18:24:09.887 I  PeachCommander[1590:22eb] [com.apple.AppKit:Image] ISImage reported a placeholder, image rep is providing a placeholder image for <private>
2026-09-16 18:24:09.887 I  PeachCommander[1590:22eb] [com.apple.AppKit:Image] ISImage reported a placeholder, image rep is providing a placeholder image for <private>
2026-09-16 18:24:09.888 I  PeachCommander[1590:22eb] [com.apple.AppKit:Image] ISImage reported a placeholder, image rep is providing a placeholder image for <private>
2026-09-16 18:24:09.888 I  PeachCommander[1590:22eb] [com.apple.AppKit:Image] ISImage reported a placeholder, image rep is providing a placeholder image for <private>
2026-09-16 18:24:09.890 I  PeachCommander[1590:22eb] [com.apple.AppKit:Image] ISImage reported a placeholder, image rep is providing a placeholder image for <private>
2026-09-16 18:24:09.890 I  PeachCommander[1590:22eb] [com.apple.AppKit:Image] ISImage reported a placeholder, image rep is providing a placeholder image for <private>
2026-09-16 18:24:09.891 I  PeachCommander[1590:22eb] [com.apple.AppKit:Image] ISImage reported a placeholder, image rep is providing a placeholder image for <private>
2026-09-16 18:24:09.891 I  PeachCommander[1590:22eb] [com.apple.AppKit:Image] ISImage reported a placeholder, image rep is providing a placeholder image for <private>
2026-09-16 18:24:09.893 I  PeachCommander[1590:22eb] [com.apple.AppKit:Image] ISImage reported a placeholder, image rep is providing a placeholder image for <private>
2026-09-16 18:24:09.893 I  PeachCommander[1590:22eb] [com.apple.AppKit:Image] ISImage reported a placeholder, image rep is providing a placeholder image for <private>
2026-09-16 18:24:09.895 I  PeachCommander[1590:22eb] [com.apple.AppKit:Image] ISImage reported a placeholder, image rep is providing a placeholder image for <private>
2026-09-16 18:24:09.895 I  PeachCommander[1590:22eb] [com.apple.AppKit:Image] ISImage reported a placeholder, image rep is providing a placeholder image for <private>
2026-09-16 18:24:09.896 I  PeachCommander[1590:22eb] [com.apple.AppKit:Image] ISImage reported a placeholder, image rep is providing a placeholder image for <private>
2026-09-16 18:24:09.896 I  PeachCommander[1590:22eb] [com.apple.AppKit:Image] ISImage reported a placeholder, image rep is providing a placeholder image for <private>
2026-09-16 18:24:09.898 I  PeachCommander[1590:22eb] [com.apple.AppKit:Image] ISImage reported a placeholder, image rep is providing a placeholder image for <private>
2026-09-16 18:24:09.898 I  PeachCommander[1590:22eb] [com.apple.AppKit:Image] ISImage reported a placeholder, image rep is providing a placeholder image for <private>
2026-09-16 18:24:09.899 I  PeachCommander[1590:22eb] [com.apple.AppKit:Image] ISImage reported a placeholder, image rep is providing a placeholder image for <private>
2026-09-16 18:24:09.899 I  PeachCommander[1590:22eb] [com.apple.AppKit:Image] ISImage reported a placeholder, image rep is providing a placeholder image for <private>
2026-09-16 18:24:09.901 I  PeachCommander[1590:22eb] [com.apple.AppKit:Image] ISImage reported a placeholder, image rep is providing a placeholder image for <private>
2026-09-16 18:24:09.901 I  PeachCommander[1590:22eb] [com.apple.AppKit:Image] ISImage reported a placeholder, image rep is providing a placeholder image for <private>
2026-09-16 18:24:09.902 I  PeachCommander[1590:22eb] [com.apple.AppKit:Image] ISImage reported a placeholder, image rep is providing a placeholder image for <private>
2026-09-16 18:24:09.902 I  PeachCommander[1590:22eb] [com.apple.AppKit:Image] ISImage reported a placeholder, image rep is providing a placeholder image for <private>
2026-09-16 18:24:09.904 I  PeachCommander[1590:22eb] [com.apple.AppKit:Image] ISImage reported a placeholder, image rep is providing a placeholder image for <private>
2026-09-16 18:24:09.904 I  PeachCommander[1590:22eb] [com.apple.AppKit:Image] ISImage reported a placeholder, image rep is providing a placeholder image for <private>
2026-09-16 18:24:09.906 I  PeachCommander[1590:22eb] [com.apple.AppKit:Image] ISImage reported a placeholder, image rep is providing a placeholder image for <private>
2026-09-16 18:24:09.906 I  PeachCommander[1590:22eb] [com.apple.AppKit:Image] ISImage reported a placeholder, image rep is providing a placeholder image for <private>
2026-09-16 18:24:09.907 I  PeachCommander[1590:22eb] [com.apple.AppKit:Image] ISImage reported a placeholder, image rep is providing a placeholder image for <private>
2026-09-16 18:24:09.907 I  PeachCommander[1590:22eb] [com.apple.AppKit:Image] ISImage reported a placeholder, image rep is providing a placeholder image for <private>
2026-09-16 18:24:09.909 I  PeachCommander[1590:22eb] [com.apple.AppKit:Image] ISImage reported a placeholder, image rep is providing a placeholder image for <private>
2026-09-16 18:24:09.909 I  PeachCommander[1590:22eb] [com.apple.AppKit:Image] ISImage reported a placeholder, image rep is providing a placeholder image for <private>
2026-09-16 18:24:09.910 I  PeachCommander[1590:22eb] [com.apple.AppKit:Image] ISImage reported a placeholder, image rep is providing a placeholder image for <private>
2026-09-16 18:24:09.910 I  PeachCommander[1590:22eb] [com.apple.AppKit:Image] ISImage reported a placeholder, image rep is providing a placeholder image for <private>
2026-09-16 18:24:10.028 I  PeachCommander[1590:22eb] [com.apple.AppKit:Image] ISImage reported a placeholder, image rep is providing a placeholder image for <private>
2026-09-16 18:24:10.029 I  PeachCommander[1590:22eb] [com.apple.AppKit:Image] ISImage reported a placeholder, image rep is providing a placeholder image for <private>
2026-09-16 18:24:10.030 I  PeachCommander[1590:22eb] [com.apple.AppKit:Image] ISImage reported a placeholder, image rep is providing a placeholder image for <private>
2026-09-16 18:24:10.031 I  PeachCommander[1590:22eb] [com.apple.AppKit:Image] ISImage reported a placeholder, image rep is providing a placeholder image for <private>
2026-09-16 18:24:10.032 I  PeachCommander[1590:22eb] [com.apple.AppKit:Image] ISImage reported a placeholder, image rep is providing a placeholder image for <private>
2026-09-16 18:24:10.032 I  PeachCommander[1590:22eb] [com.apple.AppKit:Image] ISImage reported a placeholder, image rep is providing a placeholder image for <private>
2026-09-16 18:24:10.033 I  PeachCommander[1590:22eb] [com.apple.AppKit:Image] ISImage reported a placeholder, image rep is providing a placeholder image for <private>
2026-09-16 18:24:10.034 I  PeachCommander[1590:22eb] [com.apple.AppKit:Image] ISImage reported a placeholder, image rep is providing a placeholder image for <private>
2026-09-16 18:24:10.035 I  PeachCommander[1590:22eb] [com.apple.AppKit:Image] ISImage reported a placeholder, image rep is providing a placeholder image for <private>
2026-09-16 18:24:10.036 I  PeachCommander[1590:22eb] [com.apple.AppKit:Image] ISImage reported a placeholder, image rep is providing a placeholder image for <private>
2026-09-16 18:24:10.037 I  PeachCommander[1590:22eb] [com.apple.AppKit:Image] ISImage reported a placeholder, image rep is providing a placeholder image for <private>
2026-09-16 18:24:10.038 I  PeachCommander[1590:22eb] [com.apple.AppKit:Image] ISImage reported a placeholder, image rep is providing a placeholder image for <private>
2026-09-16 18:24:10.038 I  PeachCommander[1590:22eb] [com.apple.AppKit:Image] ISImage reported a placeholder, image rep is providing a placeholder image for <private>
2026-09-16 18:24:10.039 I  PeachCommander[1590:22eb] [com.apple.AppKit:Image] ISImage reported a placeholder, image rep is providing a placeholder image for <private>
2026-09-16 18:24:10.040 I  PeachCommander[1590:22eb] [com.apple.AppKit:Image] ISImage reported a placeholder, image rep is providing a placeholder image for <private>
2026-09-16 18:24:10.041 I  PeachCommander[1590:22eb] [com.apple.AppKit:Image] ISImage reported a placeholder, image rep is providing a placeholder image for <private>
2026-09-16 18:24:10.042 I  PeachCommander[1590:22eb] [com.apple.AppKit:Image] ISImage reported a placeholder, image rep is providing a placeholder image for <private>
2026-09-16 18:24:10.043 I  PeachCommander[1590:22eb] [com.apple.AppKit:Image] ISImage reported a placeholder, image rep is providing a placeholder image for <private>
2026-09-16 18:24:10.043 I  PeachCommander[1590:22eb] [com.apple.AppKit:Image] ISImage reported a placeholder, image rep is providing a placeholder image for <private>
2026-09-16 18:24:10.044 I  PeachCommander[1590:22eb] [com.apple.AppKit:Image] ISImage reported a placeholder, image rep is providing a placeholder image for <private>
2026-09-16 18:24:10.045 I  PeachCommander[1590:22eb] [com.apple.AppKit:Image] ISImage reported a placeholder, image rep is providing a placeholder image for <private>
2026-09-16 18:24:10.046 I  PeachCommander[1590:22eb] [com.apple.AppKit:Image] ISImage reported a placeholder, image rep is providing a placeholder image for <private>
2026-09-16 18:24:10.047 I  PeachCommander[1590:22eb] [com.apple.AppKit:Image] ISImage reported a placeholder, image rep is providing a placeholder image for <private>
2026-09-16 18:24:10.048 I  PeachCommander[1590:22eb] [com.apple.AppKit:Image] ISImage reported a placeholder, image rep is providing a placeholder image for <private>
2026-09-16 18:24:10.049 I  PeachCommander[1590:22eb] [com.apple.AppKit:Image] ISImage reported a placeholder, image rep is providing a placeholder image for <private>
2026-09-16 18:24:10.049 I  PeachCommander[1590:22eb] [com.apple.AppKit:Image] ISImage reported a placeholder, image rep is providing a placeholder image for <private>
2026-09-16 18:24:10.049 I  PeachCommander[1590:22eb] [com.apple.AppKit:Image] ISImage reported a placeholder, image rep is providing a placeholder image for <private>
2026-09-16 18:24:10.051 I  PeachCommander[1590:22eb] [com.apple.AppKit:Image] ISImage reported a placeholder, image rep is providing a placeholder image for <private>
2026-09-16 18:24:10.051 I  PeachCommander[1590:22eb] [com.apple.AppKit:Image] ISImage reported a placeholder, image rep is providing a placeholder image for <private>
2026-09-16 18:24:10.052 I  PeachCommander[1590:22eb] [com.apple.AppKit:Image] ISImage reported a placeholder, image rep is providing a placeholder image for <private>
2026-09-16 18:24:10.052 I  PeachCommander[1590:22eb] [com.apple.AppKit:Image] ISImage reported a placeholder, image rep is providing a placeholder image for <private>
2026-09-16 18:24:10.054 I  PeachCommander[1590:22eb] [com.apple.AppKit:Image] ISImage reported a placeholder, image rep is providing a placeholder image for <private>
2026-09-16 18:24:10.054 I  PeachCommander[1590:22eb] [com.apple.AppKit:Image] ISImage reported a placeholder, image rep is providing a placeholder image for <private>
2026-09-16 18:24:10.055 I  PeachCommander[1590:22eb] [com.apple.AppKit:Image] ISImage reported a placeholder, image rep is providing a placeholder image for <private>
2026-09-16 18:24:10.055 I  PeachCommander[1590:22eb] [com.apple.AppKit:Image] ISImage reported a placeholder, image rep is providing a placeholder image for <private>
2026-09-16 18:24:10.057 I  PeachCommander[1590:22eb] [com.apple.AppKit:Image] ISImage reported a placeholder, image rep is providing a placeholder image for <private>
2026-09-16 18:24:10.057 I  PeachCommander[1590:22eb] [com.apple.AppKit:Image] ISImage reported a placeholder, image rep is providing a placeholder image for <private>
2026-09-16 18:24:10.058 I  PeachCommander[1590:22eb] [com.apple.AppKit:Image] ISImage reported a placeholder, image rep is providing a placeholder image for <private>
2026-09-16 18:24:10.058 I  PeachCommander[1590:22eb] [com.apple.AppKit:Image] ISImage reported a placeholder, image rep is providing a placeholder image for <private>
2026-09-16 18:24:10.059 I  PeachCommander[1590:22eb] [com.apple.AppKit:Image] ISImage reported a placeholder, image rep is providing a placeholder image for <private>
2026-09-16 18:24:10.059 I  PeachCommander[1590:22eb] [com.apple.AppKit:Image] ISImage reported a placeholder, image rep is providing a placeholder image for <private>
2026-09-16 18:24:10.061 I  PeachCommander[1590:22eb] [com.apple.AppKit:Image] ISImage reported a placeholder, image rep is providing a placeholder image for <private>
2026-09-16 18:24:10.061 I  PeachCommander[1590:22eb] [com.apple.AppKit:Image] ISImage reported a placeholder, image rep is providing a placeholder image for <private>
2026-09-16 18:24:10.062 I  PeachCommander[1590:22eb] [com.apple.AppKit:Image] ISImage reported a placeholder, image rep is providing a placeholder image for <private>
2026-09-16 18:24:10.062 I  PeachCommander[1590:22eb] [com.apple.AppKit:Image] ISImage reported a placeholder, image rep is providing a placeholder image for <private>
2026-09-16 18:24:10.064 I  PeachCommander[1590:22eb] [com.apple.AppKit:Image] ISImage reported a placeholder, image rep is providing a placeholder image for <private>
2026-09-16 18:24:10.064 I  PeachCommander[1590:22eb] [com.apple.AppKit:Image] ISImage reported a placeholder, image rep is providing a placeholder image for <private>
2026-09-16 18:24:10.065 I  PeachCommander[1590:22eb] [com.apple.AppKit:Image] ISImage reported a placeholder, image rep is providing a placeholder image for <private>
2026-09-16 18:24:10.065 I  PeachCommander[1590:22eb] [com.apple.AppKit:Image] ISImage reported a placeholder, image rep is providing a placeholder image for <private>
2026-09-16 18:24:10.067 I  PeachCommander[1590:22eb] [com.apple.AppKit:Image] ISImage reported a placeholder, image rep is providing a placeholder image for <private>
2026-09-16 18:24:10.067 I  PeachCommander[1590:22eb] [com.apple.AppKit:Image] ISImage reported a placeholder, image rep is providing a placeholder image for <private>
2026-09-16 18:24:10.068 I  PeachCommander[1590:22eb] [com.apple.AppKit:Image] ISImage reported a placeholder, image rep is providing a placeholder image for <private>
2026-09-16 18:24:10.068 I  PeachCommander[1590:22eb] [com.apple.AppKit:Image] ISImage reported a placeholder, image rep is providing a placeholder image for <private>
2026-09-16 18:24:10.070 I  PeachCommander[1590:22eb] [com.apple.AppKit:Image] ISImage reported a placeholder, image rep is providing a placeholder image for <private>
2026-09-16 18:24:10.070 I  PeachCommander[1590:22eb] [com.apple.AppKit:Image] ISImage reported a placeholder, image rep is providing a placeholder image for <private>
2026-09-16 18:24:10.071 I  PeachCommander[1590:22eb] [com.apple.AppKit:Image] ISImage reported a placeholder, image rep is providing a placeholder image for <private>
2026-09-16 18:24:10.071 I  PeachCommander[1590:22eb] [com.apple.AppKit:Image] ISImage reported a placeholder, image rep is providing a placeholder image for <private>
2026-09-16 18:24:10.072 I  PeachCommander[1590:22eb] [com.apple.AppKit:Image] ISImage reported a placeholder, image rep is providing a placeholder image for <private>
2026-09-16 18:24:10.072 I  PeachCommander[1590:22eb] [com.apple.AppKit:Image] ISImage reported a placeholder, image rep is providing a placeholder image for <private>
2026-09-16 18:24:10.074 I  PeachCommander[1590:22eb] [com.apple.AppKit:Image] ISImage reported a placeholder, image rep is providing a placeholder image for <private>
2026-09-16 18:24:10.074 I  PeachCommander[1590:22eb] [com.apple.AppKit:Image] ISImage reported a placeholder, image rep is providing a placeholder image for <private>
2026-09-16 18:24:10.075 I  PeachCommander[1590:22eb] [com.apple.AppKit:Image] ISImage reported a placeholder, image rep is providing a placeholder image for <private>
2026-09-16 18:24:10.075 I  PeachCommander[1590:22eb] [com.apple.AppKit:Image] ISImage reported a placeholder, image rep is providing a placeholder image for <private>
2026-09-16 18:24:10.077 I  PeachCommander[1590:22eb] [com.apple.AppKit:Image] ISImage reported a placeholder, image rep is providing a placeholder image for <private>
2026-09-16 18:24:10.077 I  PeachCommander[1590:22eb] [com.apple.AppKit:Image] ISImage reported a placeholder, image rep is providing a placeholder image for <private>
2026-09-16 18:24:10.079 I  PeachCommander[1590:22eb] [com.apple.AppKit:Image] ISImage reported a placeholder, image rep is providing a placeholder image for <private>
2026-09-16 18:24:10.079 I  PeachCommander[1590:22eb] [com.apple.AppKit:Image] ISImage reported a placeholder, image rep is providing a placeholder image for <private>
2026-09-16 18:24:10.080 I  PeachCommander[1590:22eb] [com.apple.AppKit:Image] ISImage reported a placeholder, image rep is providing a placeholder image for <private>
2026-09-16 18:24:10.080 I  PeachCommander[1590:22eb] [com.apple.AppKit:Image] ISImage reported a placeholder, image rep is providing a placeholder image for <private>
2026-09-16 18:24:10.081 I  PeachCommander[1590:22eb] [com.apple.AppKit:Image] ISImage reported a placeholder, image rep is providing a placeholder image for <private>
2026-09-16 18:24:10.082 I  PeachCommander[1590:22eb] [com.apple.AppKit:Image] ISImage reported a placeholder, image rep is providing a placeholder image for <private>
2026-09-16 18:24:10.083 I  PeachCommander[1590:22eb] [com.apple.AppKit:Image] ISImage reported a placeholder, image rep is providing a placeholder image for <private>
2026-09-16 18:24:10.083 I  PeachCommander[1590:22eb] [com.apple.AppKit:Image] ISImage reported a placeholder, image rep is providing a placeholder image for <private>
2026-09-16 18:24:10.084 I  PeachCommander[1590:22eb] [com.apple.AppKit:Image] ISImage reported a placeholder, image rep is providing a placeholder image for <private>
2026-09-16 18:24:10.084 I  PeachCommander[1590:22eb] [com.apple.AppKit:Image] ISImage reported a placeholder, image rep is providing a placeholder image for <private>
2026-09-16 18:24:10.250 Df PeachCommander[1590:22eb] (Foundation) <private>
2026-09-16 18:24:10.250 I  PeachCommander[1590:22eb] [com.peachcommander:PCFoundation] [automation] > workspacescope /Users/admin/pc-demo/sub|refuse
2026-09-16 18:24:10.251 Df PeachCommander[1590:22eb] (Foundation) <private>
2026-09-16 18:24:10.251 I  PeachCommander[1590:22eb] [com.peachcommander:PCFoundation] [automation] > wait 500
2026-09-16 18:24:10.791 Df PeachCommander[1590:22eb] (Foundation) <private>
2026-09-16 18:24:10.791 I  PeachCommander[1590:22eb] [com.peachcommander:PCFoundation] [automation] > marknames ws-journal-victim.txt
2026-09-16 18:24:10.791 Df PeachCommander[1590:22eb] (Foundation) <private>
2026-09-16 18:24:10.791 I  PeachCommander[1590:22eb] [com.peachcommander:PCFoundation] [automation] > wait 700
2026-09-16 18:24:10.808 I  PeachCommander[1590:22eb] [com.apple.AppKit:Image] ISImage reported a placeholder, image rep is providing a placeholder image for <private>
2026-09-16 18:24:10.809 I  PeachCommander[1590:22eb] [com.apple.AppKit:Image] ISImage reported a placeholder, image rep is providing a placeholder image for <private>
2026-09-16 18:24:10.809 I  PeachCommander[1590:22eb] [com.apple.AppKit:Image] ISImage reported a placeholder, image rep is providing a placeholder image for <private>
2026-09-16 18:24:10.810 I  PeachCommander[1590:22eb] [com.apple.AppKit:Image] ISImage reported a placeholder, image rep is providing a placeholder image for <private>
2026-09-16 18:24:10.811 I  PeachCommander[1590:22eb] [com.apple.AppKit:Image] ISImage reported a placeholder, image rep is providing a placeholder image for <private>
2026-09-16 18:24:10.812 I  PeachCommander[1590:22eb] [com.apple.AppKit:Image] ISImage reported a placeholder, image rep is providing a placeholder image for <private>
2026-09-16 18:24:10.813 I  PeachCommander[1590:22eb] [com.apple.AppKit:Image] ISImage reported a placeholder, image rep is providing a placeholder image for <private>
2026-09-16 18:24:10.813 I  PeachCommander[1590:22eb] [com.apple.AppKit:Image] ISImage reported a placeholder, image rep is providing a placeholder image for <private>
2026-09-16 18:24:10.814 I  PeachCommander[1590:22eb] [com.apple.AppKit:Image] ISImage reported a placeholder, image rep is providing a placeholder image for <private>
2026-09-16 18:24:10.815 I  PeachCommander[1590:22eb] [com.apple.AppKit:Image] ISImage reported a placeholder, image rep is providing a placeholder image for <private>
2026-09-16 18:24:10.816 I  PeachCommander[1590:22eb] [com.apple.AppKit:Image] ISImage reported a placeholder, image rep is providing a placeholder image for <private>
2026-09-16 18:24:10.817 I  PeachCommander[1590:22eb] [com.apple.AppKit:Image] ISImage reported a placeholder, image rep is providing a placeholder image for <private>
2026-09-16 18:24:10.818 I  PeachCommander[1590:22eb] [com.apple.AppKit:Image] ISImage reported a placeholder, image rep is providing a placeholder image for <private>
2026-09-16 18:24:10.819 I  PeachCommander[1590:22eb] [com.apple.AppKit:Image] ISImage reported a placeholder, image rep is providing a placeholder image for <private>
2026-09-16 18:24:10.820 I  PeachCommander[1590:22eb] [com.apple.AppKit:Image] ISImage reported a placeholder, image rep is providing a placeholder image for <private>
2026-09-16 18:24:10.820 I  PeachCommander[1590:22eb] [com.apple.AppKit:Image] ISImage reported a placeholder, image rep is providing a placeholder image for <private>
2026-09-16 18:24:10.821 I  PeachCommander[1590:22eb] [com.apple.AppKit:Image] ISImage reported a placeholder, image rep is providing a placeholder image for <private>
2026-09-16 18:24:10.822 I  PeachCommander[1590:22eb] [com.apple.AppKit:Image] ISImage reported a placeholder, image rep is providing a placeholder image for <private>
2026-09-16 18:24:10.823 I  PeachCommander[1590:22eb] [com.apple.AppKit:Image] ISImage reported a placeholder, image rep is providing a placeholder image for <private>
2026-09-16 18:24:10.824 I  PeachCommander[1590:22eb] [com.apple.AppKit:Image] ISImage reported a placeholder, image rep is providing a placeholder image for <private>
2026-09-16 18:24:10.825 I  PeachCommander[1590:22eb] [com.apple.AppKit:Image] ISImage reported a placeholder, image rep is providing a placeholder image for <private>
2026-09-16 18:24:10.826 I  PeachCommander[1590:22eb] [com.apple.AppKit:Image] ISImage reported a placeholder, image rep is providing a placeholder image for <private>
2026-09-16 18:24:10.826 I  PeachCommander[1590:22eb] [com.apple.AppKit:Image] ISImage reported a placeholder, image rep is providing a placeholder image for <private>
2026-09-16 18:24:10.827 I  PeachCommander[1590:22eb] [com.apple.AppKit:Image] ISImage reported a placeholder, image rep is providing a placeholder image for <private>
2026-09-16 18:24:10.828 I  PeachCommander[1590:22eb] [com.apple.AppKit:Image] ISImage reported a placeholder, image rep is providing a placeholder image for <private>
2026-09-16 18:24:10.828 I  PeachCommander[1590:22eb] [com.apple.AppKit:Image] ISImage reported a placeholder, image rep is providing a placeholder image for <private>
2026-09-16 18:24:10.829 I  PeachCommander[1590:22eb] [com.apple.AppKit:Image] ISImage reported a placeholder, image rep is providing a placeholder image for <private>
2026-09-16 18:24:10.830 I  PeachCommander[1590:22eb] [com.apple.AppKit:Image] ISImage reported a placeholder, image rep is providing a placeholder image for <private>
2026-09-16 18:24:10.830 I  PeachCommander[1590:22eb] [com.apple.AppKit:Image] ISImage reported a placeholder, image rep is providing a placeholder image for <private>
2026-09-16 18:24:10.832 I  PeachCommander[1590:22eb] [com.apple.AppKit:Image] ISImage reported a placeholder, image rep is providing a placeholder image for <private>
2026-09-16 18:24:10.832 I  PeachCommander[1590:22eb] [com.apple.AppKit:Image] ISImage reported a placeholder, image rep is providing a placeholder image for <private>
2026-09-16 18:24:10.833 I  PeachCommander[1590:22eb] [com.apple.AppKit:Image] ISImage reported a placeholder, image rep is providing a placeholder image for <private>
2026-09-16 18:24:10.833 I  PeachCommander[1590:22eb] [com.apple.AppKit:Image] ISImage reported a placeholder, image rep is providing a placeholder image for <private>
2026-09-16 18:24:10.835 I  PeachCommander[1590:22eb] [com.apple.AppKit:Image] ISImage reported a placeholder, image rep is providing a placeholder image for <private>
2026-09-16 18:24:10.835 I  PeachCommander[1590:22eb] [com.apple.AppKit:Image] ISImage reported a placeholder, image rep is providing a placeholder image for <private>
2026-09-16 18:24:10.836 I  PeachCommander[1590:22eb] [com.apple.AppKit:Image] ISImage reported a placeholder, image rep is providing a placeholder image for <private>
2026-09-16 18:24:10.836 I  PeachCommander[1590:22eb] [com.apple.AppKit:Image] ISImage reported a placeholder, image rep is providing a placeholder image for <private>
2026-09-16 18:24:10.837 I  PeachCommander[1590:22eb] [com.apple.AppKit:Image] ISImage reported a placeholder, image rep is providing a placeholder image for <private>
2026-09-16 18:24:10.837 I  PeachCommander[1590:22eb] [com.apple.AppKit:Image] ISImage reported a placeholder, image rep is providing a placeholder image for <private>
2026-09-16 18:24:10.839 I  PeachCommander[1590:22eb] [com.apple.AppKit:Image] ISImage reported a placeholder, image rep is providing a placeholder image for <private>
2026-09-16 18:24:10.839 I  PeachCommander[1590:22eb] [com.apple.AppKit:Image] ISImage reported a placeholder, image rep is providing a placeholder image for <private>
2026-09-16 18:24:10.840 I  PeachCommander[1590:22eb] [com.apple.AppKit:Image] ISImage reported a placeholder, image rep is providing a placeholder image for <private>
2026-09-16 18:24:10.840 I  PeachCommander[1590:22eb] [com.apple.AppKit:Image] ISImage reported a placeholder, image rep is providing a placeholder image for <private>
2026-09-16 18:24:10.841 I  PeachCommander[1590:22eb] [com.apple.AppKit:Image] ISImage reported a placeholder, image rep is providing a placeholder image for <private>
2026-09-16 18:24:10.841 I  PeachCommander[1590:22eb] [com.apple.AppKit:Image] ISImage reported a placeholder, image rep is providing a placeholder image for <private>
2026-09-16 18:24:10.843 I  PeachCommander[1590:22eb] [com.apple.AppKit:Image] ISImage reported a placeholder, image rep is providing a placeholder image for <private>
2026-09-16 18:24:10.843 I  PeachCommander[1590:22eb] [com.apple.AppKit:Image] ISImage reported a placeholder, image rep is providing a placeholder image for <private>
2026-09-16 18:24:10.844 I  PeachCommander[1590:22eb] [com.apple.AppKit:Image] ISImage reported a placeholder, image rep is providing a placeholder image for <private>
2026-09-16 18:24:10.844 I  PeachCommander[1590:22eb] [com.apple.AppKit:Image] ISImage reported a placeholder, image rep is providing a placeholder image for <private>
2026-09-16 18:24:10.846 I  PeachCommander[1590:22eb] [com.apple.AppKit:Image] ISImage reported a placeholder, image rep is providing a placeholder image for <private>
2026-09-16 18:24:10.846 I  PeachCommander[1590:22eb] [com.apple.AppKit:Image] ISImage reported a placeholder, image rep is providing a placeholder image for <private>
2026-09-16 18:24:10.847 I  PeachCommander[1590:22eb] [com.apple.AppKit:Image] ISImage reported a placeholder, image rep is providing a placeholder image for <private>
2026-09-16 18:24:10.847 I  PeachCommander[1590:22eb] [com.apple.AppKit:Image] ISImage reported a placeholder, image rep is providing a placeholder image for <private>
2026-09-16 18:24:10.848 I  PeachCommander[1590:22eb] [com.apple.AppKit:Image] ISImage reported a placeholder, image rep is providing a placeholder image for <private>
2026-09-16 18:24:10.848 I  PeachCommander[1590:22eb] [com.apple.AppKit:Image] ISImage reported a placeholder, image rep is providing a placeholder image for <private>
2026-09-16 18:24:10.850 I  PeachCommander[1590:22eb] [com.apple.AppKit:Image] ISImage reported a placeholder, image rep is providing a placeholder image for <private>
2026-09-16 18:24:10.850 I  PeachCommander[1590:22eb] [com.apple.AppKit:Image] ISImage reported a placeholder, image rep is providing a placeholder image for <private>
2026-09-16 18:24:10.851 I  PeachCommander[1590:22eb] [com.apple.AppKit:Image] ISImage reported a placeholder, image rep is providing a placeholder image for <private>
2026-09-16 18:24:10.851 I  PeachCommander[1590:22eb] [com.apple.AppKit:Image] ISImage reported a placeholder, image rep is providing a placeholder image for <private>
2026-09-16 18:24:10.853 I  PeachCommander[1590:22eb] [com.apple.AppKit:Image] ISImage reported a placeholder, image rep is providing a placeholder image for <private>
2026-09-16 18:24:10.853 I  PeachCommander[1590:22eb] [com.apple.AppKit:Image] ISImage reported a placeholder, image rep is providing a placeholder image for <private>
2026-09-16 18:24:10.854 I  PeachCommander[1590:22eb] [com.apple.AppKit:Image] ISImage reported a placeholder, image rep is providing a placeholder image for <private>
2026-09-16 18:24:10.854 I  PeachCommander[1590:22eb] [com.apple.AppKit:Image] ISImage reported a placeholder, image rep is providing a placeholder image for <private>
2026-09-16 18:24:10.855 I  PeachCommander[1590:22eb] [com.apple.AppKit:Image] ISImage reported a placeholder, image rep is providing a placeholder image for <private>
2026-09-16 18:24:10.856 I  PeachCommander[1590:22eb] [com.apple.AppKit:Image] ISImage reported a placeholder, image rep is providing a placeholder image for <private>
2026-09-16 18:24:10.857 I  PeachCommander[1590:22eb] [com.apple.AppKit:Image] ISImage reported a placeholder, image rep is providing a placeholder image for <private>
2026-09-16 18:24:10.857 I  PeachCommander[1590:22eb] [com.apple.AppKit:Image] ISImage reported a placeholder, image rep is providing a placeholder image for <private>
2026-09-16 18:24:10.858 I  PeachCommander[1590:22eb] [com.apple.AppKit:Image] ISImage reported a placeholder, image rep is providing a placeholder image for <private>
2026-09-16 18:24:10.858 I  PeachCommander[1590:22eb] [com.apple.AppKit:Image] ISImage reported a placeholder, image rep is providing a placeholder image for <private>
2026-09-16 18:24:10.860 I  PeachCommander[1590:22eb] [com.apple.AppKit:Image] ISImage reported a placeholder, image rep is providing a placeholder image for <private>
2026-09-16 18:24:10.860 I  PeachCommander[1590:22eb] [com.apple.AppKit:Image] ISImage reported a placeholder, image rep is providing a placeholder image for <private>
2026-09-16 18:24:10.861 I  PeachCommander[1590:22eb] [com.apple.AppKit:Image] ISImage reported a placeholder, image rep is providing a placeholder image for <private>
2026-09-16 18:24:10.861 I  PeachCommander[1590:22eb] [com.apple.AppKit:Image] ISImage reported a placeholder, image rep is providing a placeholder image for <private>
2026-09-16 18:24:10.863 I  PeachCommander[1590:22eb] [com.apple.AppKit:Image] ISImage reported a placeholder, image rep is providing a placeholder image for <private>
2026-09-16 18:24:10.863 I  PeachCommander[1590:22eb] [com.apple.AppKit:Image] ISImage reported a placeholder, image rep is providing a placeholder image for <private>
2026-09-16 18:24:11.536 Df PeachCommander[1590:22eb] (Foundation) <private>
2026-09-16 18:24:11.536 I  PeachCommander[1590:22eb] [com.peachcommander:PCFoundation] [automation] > cmd cm_Delete
2026-09-16 18:24:11.536 Df PeachCommander[1590:22eb] (Foundation) <private>
2026-09-16 18:24:11.536 I  PeachCommander[1590:22eb] [com.peachcommander:PCFoundation] [automation] > wait 2000
2026-09-16 18:24:13.642 Df PeachCommander[1590:22eb] (Foundation) <private>
2026-09-16 18:24:13.642 I  PeachCommander[1590:22eb] [com.peachcommander:PCFoundation] [automation] > journaldump /Users/admin/ws-journal.txt
2026-09-16 18:24:13.644 Df PeachCommander[1590:22eb] (Foundation) <private>
2026-09-16 18:24:13.644 I  PeachCommander[1590:22eb] [com.peachcommander:PCFoundation] [automation] > wait 400
2026-09-16 18:24:13.677 I  PeachCommander[1590:22eb] [com.apple.AppKit:Image] ISImage reported a placeholder, image rep is providing a placeholder image for <private>
2026-09-16 18:24:13.678 I  PeachCommander[1590:22eb] [com.apple.AppKit:Image] ISImage reported a placeholder, image rep is providing a placeholder image for <private>
2026-09-16 18:24:13.678 I  PeachCommander[1590:22eb] [com.apple.AppKit:Image] ISImage reported a placeholder, image rep is providing a placeholder image for <private>
2026-09-16 18:24:13.679 I  PeachCommander[1590:22eb] [com.apple.AppKit:Image] ISImage reported a placeholder, image rep is providing a placeholder image for <private>
2026-09-16 18:24:13.680 I  PeachCommander[1590:22eb] [com.apple.AppKit:Image] ISImage reported a placeholder, image rep is providing a placeholder image for <private>
2026-09-16 18:24:13.681 I  PeachCommander[1590:22eb] [com.apple.AppKit:Image] ISImage reported a placeholder, image rep is providing a placeholder image for <private>
2026-09-16 18:24:13.681 I  PeachCommander[1590:22eb] [com.apple.AppKit:Image] ISImage reported a placeholder, image rep is providing a placeholder image for <private>
2026-09-16 18:24:13.682 I  PeachCommander[1590:22eb] [com.apple.AppKit:Image] ISImage reported a placeholder, image rep is providing a placeholder image for <private>
2026-09-16 18:24:13.683 I  PeachCommander[1590:22eb] [com.apple.AppKit:Image] ISImage reported a placeholder, image rep is providing a placeholder image for <private>
2026-09-16 18:24:13.684 I  PeachCommander[1590:22eb] [com.apple.AppKit:Image] ISImage reported a placeholder, image rep is providing a placeholder image for <private>
2026-09-16 18:24:13.684 I  PeachCommander[1590:22eb] [com.apple.AppKit:Image] ISImage reported a placeholder, image rep is providing a placeholder image for <private>
2026-09-16 18:24:13.685 I  PeachCommander[1590:22eb] [com.apple.AppKit:Image] ISImage reported a placeholder, image rep is providing a placeholder image for <private>
2026-09-16 18:24:13.686 I  PeachCommander[1590:22eb] [com.apple.AppKit:Image] ISImage reported a placeholder, image rep is providing a placeholder image for <private>
2026-09-16 18:24:13.687 I  PeachCommander[1590:22eb] [com.apple.AppKit:Image] ISImage reported a placeholder, image rep is providing a placeholder image for <private>
2026-09-16 18:24:13.688 I  PeachCommander[1590:22eb] [com.apple.AppKit:Image] ISImage reported a placeholder, image rep is providing a placeholder image for <private>
2026-09-16 18:24:13.689 I  PeachCommander[1590:22eb] [com.apple.AppKit:Image] ISImage reported a placeholder, image rep is providing a placeholder image for <private>
2026-09-16 18:24:13.689 I  PeachCommander[1590:22eb] [com.apple.AppKit:Image] ISImage reported a placeholder, image rep is providing a placeholder image for <private>
2026-09-16 18:24:13.690 I  PeachCommander[1590:22eb] [com.apple.AppKit:Image] ISImage reported a placeholder, image rep is providing a placeholder image for <private>
2026-09-16 18:24:13.691 I  PeachCommander[1590:22eb] [com.apple.AppKit:Image] ISImage reported a placeholder, image rep is providing a placeholder image for <private>
2026-09-16 18:24:13.692 I  PeachCommander[1590:22eb] [com.apple.AppKit:Image] ISImage reported a placeholder, image rep is providing a placeholder image for <private>
2026-09-16 18:24:13.693 I  PeachCommander[1590:22eb] [com.apple.AppKit:Image] ISImage reported a placeholder, image rep is providing a placeholder image for <private>
2026-09-16 18:24:13.693 I  PeachCommander[1590:22eb] [com.apple.AppKit:Image] ISImage reported a placeholder, image rep is providing a placeholder image for <private>
2026-09-16 18:24:13.694 I  PeachCommander[1590:22eb] [com.apple.AppKit:Image] ISImage reported a placeholder, image rep is providing a placeholder image for <private>
2026-09-16 18:24:13.695 I  PeachCommander[1590:22eb] [com.apple.AppKit:Image] ISImage reported a placeholder, image rep is providing a placeholder image for <private>
2026-09-16 18:24:13.696 I  PeachCommander[1590:22eb] [com.apple.AppKit:Image] ISImage reported a placeholder, image rep is providing a placeholder image for <private>
2026-09-16 18:24:13.697 I  PeachCommander[1590:22eb] [com.apple.AppKit:Image] ISImage reported a placeholder, image rep is providing a placeholder image for <private>
2026-09-16 18:24:13.697 I  PeachCommander[1590:22eb] [com.apple.AppKit:Image] ISImage reported a placeholder, image rep is providing a placeholder image for <private>
2026-09-16 18:24:13.699 I  PeachCommander[1590:22eb] [com.apple.AppKit:Image] ISImage reported a placeholder, image rep is providing a placeholder image for <private>
2026-09-16 18:24:13.699 I  PeachCommander[1590:22eb] [com.apple.AppKit:Image] ISImage reported a placeholder, image rep is providing a placeholder image for <private>
2026-09-16 18:24:13.701 I  PeachCommander[1590:22eb] [com.apple.AppKit:Image] ISImage reported a placeholder, image rep is providing a placeholder image for <private>
2026-09-16 18:24:13.701 I  PeachCommander[1590:22eb] [com.apple.AppKit:Image] ISImage reported a placeholder, image rep is providing a placeholder image for <private>
2026-09-16 18:24:13.703 I  PeachCommander[1590:22eb] [com.apple.AppKit:Image] ISImage reported a placeholder, image rep is providing a placeholder image for <private>
2026-09-16 18:24:13.703 I  PeachCommander[1590:22eb] [com.apple.AppKit:Image] ISImage reported a placeholder, image rep is providing a placeholder image for <private>
2026-09-16 18:24:13.704 I  PeachCommander[1590:22eb] [com.apple.AppKit:Image] ISImage reported a placeholder, image rep is providing a placeholder image for <private>
2026-09-16 18:24:13.704 I  PeachCommander[1590:22eb] [com.apple.AppKit:Image] ISImage reported a placeholder, image rep is providing a placeholder image for <private>
2026-09-16 18:24:13.706 I  PeachCommander[1590:22eb] [com.apple.AppKit:Image] ISImage reported a placeholder, image rep is providing a placeholder image for <private>
2026-09-16 18:24:13.706 I  PeachCommander[1590:22eb] [com.apple.AppKit:Image] ISImage reported a placeholder, image rep is providing a placeholder image for <private>
2026-09-16 18:24:13.708 I  PeachCommander[1590:22eb] [com.apple.AppKit:Image] ISImage reported a placeholder, image rep is providing a placeholder image for <private>
2026-09-16 18:24:13.708 I  PeachCommander[1590:22eb] [com.apple.AppKit:Image] ISImage reported a placeholder, image rep is providing a placeholder image for <private>
2026-09-16 18:24:13.709 I  PeachCommander[1590:22eb] [com.apple.AppKit:Image] ISImage reported a placeholder, image rep is providing a placeholder image for <private>
2026-09-16 18:24:13.709 I  PeachCommander[1590:22eb] [com.apple.AppKit:Image] ISImage reported a placeholder, image rep is providing a placeholder image for <private>
2026-09-16 18:24:13.711 I  PeachCommander[1590:22eb] [com.apple.AppKit:Image] ISImage reported a placeholder, image rep is providing a placeholder image for <private>
2026-09-16 18:24:13.711 I  PeachCommander[1590:22eb] [com.apple.AppKit:Image] ISImage reported a placeholder, image rep is providing a placeholder image for <private>
2026-09-16 18:24:13.712 I  PeachCommander[1590:22eb] [com.apple.AppKit:Image] ISImage reported a placeholder, image rep is providing a placeholder image for <private>
2026-09-16 18:24:13.712 I  PeachCommander[1590:22eb] [com.apple.AppKit:Image] ISImage reported a placeholder, image rep is providing a placeholder image for <private>
2026-09-16 18:24:13.713 I  PeachCommander[1590:22eb] [com.apple.AppKit:Image] ISImage reported a placeholder, image rep is providing a placeholder image for <private>
2026-09-16 18:24:13.713 I  PeachCommander[1590:22eb] [com.apple.AppKit:Image] ISImage reported a placeholder, image rep is providing a placeholder image for <private>
2026-09-16 18:24:13.715 I  PeachCommander[1590:22eb] [com.apple.AppKit:Image] ISImage reported a placeholder, image rep is providing a placeholder image for <private>
2026-09-16 18:24:13.715 I  PeachCommander[1590:22eb] [com.apple.AppKit:Image] ISImage reported a placeholder, image rep is providing a placeholder image for <private>
2026-09-16 18:24:13.716 I  PeachCommander[1590:22eb] [com.apple.AppKit:Image] ISImage reported a placeholder, image rep is providing a placeholder image for <private>
2026-09-16 18:24:13.716 I  PeachCommander[1590:22eb] [com.apple.AppKit:Image] ISImage reported a placeholder, image rep is providing a placeholder image for <private>
2026-09-16 18:24:13.717 I  PeachCommander[1590:22eb] [com.apple.AppKit:Image] ISImage reported a placeholder, image rep is providing a placeholder image for <private>
2026-09-16 18:24:13.718 I  PeachCommander[1590:22eb] [com.apple.AppKit:Image] ISImage reported a placeholder, image rep is providing a placeholder image for <private>
2026-09-16 18:24:13.719 I  PeachCommander[1590:22eb] [com.apple.AppKit:Image] ISImage reported a placeholder, image rep is providing a placeholder image for <private>
2026-09-16 18:24:13.719 I  PeachCommander[1590:22eb] [com.apple.AppKit:Image] ISImage reported a placeholder, image rep is providing a placeholder image for <private>
2026-09-16 18:24:13.720 I  PeachCommander[1590:22eb] [com.apple.AppKit:Image] ISImage reported a placeholder, image rep is providing a placeholder image for <private>
2026-09-16 18:24:13.720 I  PeachCommander[1590:22eb] [com.apple.AppKit:Image] ISImage reported a placeholder, image rep is providing a placeholder image for <private>
2026-09-16 18:24:13.722 I  PeachCommander[1590:22eb] [com.apple.AppKit:Image] ISImage reported a placeholder, image rep is providing a placeholder image for <private>
2026-09-16 18:24:13.722 I  PeachCommander[1590:22eb] [com.apple.AppKit:Image] ISImage reported a placeholder, image rep is providing a placeholder image for <private>
2026-09-16 18:24:13.723 I  PeachCommander[1590:22eb] [com.apple.AppKit:Image] ISImage reported a placeholder, image rep is providing a placeholder image for <private>
2026-09-16 18:24:13.723 I  PeachCommander[1590:22eb] [com.apple.AppKit:Image] ISImage reported a placeholder, image rep is providing a placeholder image for <private>
2026-09-16 18:24:13.724 I  PeachCommander[1590:22eb] [com.apple.AppKit:Image] ISImage reported a placeholder, image rep is providing a placeholder image for <private>
2026-09-16 18:24:13.724 I  PeachCommander[1590:22eb] [com.apple.AppKit:Image] ISImage reported a placeholder, image rep is providing a placeholder image for <private>
2026-09-16 18:24:13.726 I  PeachCommander[1590:22eb] [com.apple.AppKit:Image] ISImage reported a placeholder, image rep is providing a placeholder image for <private>
2026-09-16 18:24:13.726 I  PeachCommander[1590:22eb] [com.apple.AppKit:Image] ISImage reported a placeholder, image rep is providing a placeholder image for <private>
2026-09-16 18:24:13.727 I  PeachCommander[1590:22eb] [com.apple.AppKit:Image] ISImage reported a placeholder, image rep is providing a placeholder image for <private>
2026-09-16 18:24:13.727 I  PeachCommander[1590:22eb] [com.apple.AppKit:Image] ISImage reported a placeholder, image rep is providing a placeholder image for <private>
2026-09-16 18:24:13.729 I  PeachCommander[1590:22eb] [com.apple.AppKit:Image] ISImage reported a placeholder, image rep is providing a placeholder image for <private>
2026-09-16 18:24:13.729 I  PeachCommander[1590:22eb] [com.apple.AppKit:Image] ISImage reported a placeholder, image rep is providing a placeholder image for <private>
2026-09-16 18:24:13.730 I  PeachCommander[1590:22eb] [com.apple.AppKit:Image] ISImage reported a placeholder, image rep is providing a placeholder image for <private>
2026-09-16 18:24:13.730 I  PeachCommander[1590:22eb] [com.apple.AppKit:Image] ISImage reported a placeholder, image rep is providing a placeholder image for <private>
2026-09-16 18:24:13.732 I  PeachCommander[1590:22eb] [com.apple.AppKit:Image] ISImage reported a placeholder, image rep is providing a placeholder image for <private>
2026-09-16 18:24:13.732 I  PeachCommander[1590:22eb] [com.apple.AppKit:Image] ISImage reported a placeholder, image rep is providing a placeholder image for <private>
2026-09-16 18:24:13.733 I  PeachCommander[1590:22eb] [com.apple.AppKit:Image] ISImage reported a placeholder, image rep is providing a placeholder image for <private>
2026-09-16 18:24:13.733 I  PeachCommander[1590:22eb] [com.apple.AppKit:Image] ISImage reported a placeholder, image rep is providing a placeholder image for <private>
2026-09-16 18:24:13.844 I  PeachCommander[1590:22eb] [com.apple.AppKit:Image] ISImage reported a placeholder, image rep is providing a placeholder image for <private>
2026-09-16 18:24:13.845 I  PeachCommander[1590:22eb] [com.apple.AppKit:Image] ISImage reported a placeholder, image rep is providing a placeholder image for <private>
2026-09-16 18:24:13.846 I  PeachCommander[1590:22eb] [com.apple.AppKit:Image] ISImage reported a placeholder, image rep is providing a placeholder image for <private>
2026-09-16 18:24:13.846 I  PeachCommander[1590:22eb] [com.apple.AppKit:Image] ISImage reported a placeholder, image rep is providing a placeholder image for <private>
2026-09-16 18:24:13.847 I  PeachCommander[1590:22eb] [com.apple.AppKit:Image] ISImage reported a placeholder, image rep is providing a placeholder image for <private>
2026-09-16 18:24:13.848 I  PeachCommander[1590:22eb] [com.apple.AppKit:Image] ISImage reported a placeholder, image rep is providing a placeholder image for <private>
2026-09-16 18:24:13.849 I  PeachCommander[1590:22eb] [com.apple.AppKit:Image] ISImage reported a placeholder, image rep is providing a placeholder image for <private>
2026-09-16 18:24:13.850 I  PeachCommander[1590:22eb] [com.apple.AppKit:Image] ISImage reported a placeholder, image rep is providing a placeholder image for <private>
2026-09-16 18:24:13.850 I  PeachCommander[1590:22eb] [com.apple.AppKit:Image] ISImage reported a placeholder, image rep is providing a placeholder image for <private>
2026-09-16 18:24:13.851 I  PeachCommander[1590:22eb] [com.apple.AppKit:Image] ISImage reported a placeholder, image rep is providing a placeholder image for <private>
2026-09-16 18:24:13.852 I  PeachCommander[1590:22eb] [com.apple.AppKit:Image] ISImage reported a placeholder, image rep is providing a placeholder image for <private>
2026-09-16 18:24:13.853 I  PeachCommander[1590:22eb] [com.apple.AppKit:Image] ISImage reported a placeholder, image rep is providing a placeholder image for <private>
2026-09-16 18:24:13.854 I  PeachCommander[1590:22eb] [com.apple.AppKit:Image] ISImage reported a placeholder, image rep is providing a placeholder image for <private>
2026-09-16 18:24:13.854 I  PeachCommander[1590:22eb] [com.apple.AppKit:Image] ISImage reported a placeholder, image rep is providing a placeholder image for <private>
2026-09-16 18:24:13.855 I  PeachCommander[1590:22eb] [com.apple.AppKit:Image] ISImage reported a placeholder, image rep is providing a placeholder image for <private>
2026-09-16 18:24:13.856 I  PeachCommander[1590:22eb] [com.apple.AppKit:Image] ISImage reported a placeholder, image rep is providing a placeholder image for <private>
2026-09-16 18:24:13.857 I  PeachCommander[1590:22eb] [com.apple.AppKit:Image] ISImage reported a placeholder, image rep is providing a placeholder image for <private>
2026-09-16 18:24:13.858 I  PeachCommander[1590:22eb] [com.apple.AppKit:Image] ISImage reported a placeholder, image rep is providing a placeholder image for <private>
2026-09-16 18:24:13.859 I  PeachCommander[1590:22eb] [com.apple.AppKit:Image] ISImage reported a placeholder, image rep is providing a placeholder image for <private>
2026-09-16 18:24:13.860 I  PeachCommander[1590:22eb] [com.apple.AppKit:Image] ISImage reported a placeholder, image rep is providing a placeholder image for <private>
2026-09-16 18:24:13.860 I  PeachCommander[1590:22eb] [com.apple.AppKit:Image] ISImage reported a placeholder, image rep is providing a placeholder image for <private>
2026-09-16 18:24:13.861 I  PeachCommander[1590:22eb] [com.apple.AppKit:Image] ISImage reported a placeholder, image rep is providing a placeholder image for <private>
2026-09-16 18:24:13.862 I  PeachCommander[1590:22eb] [com.apple.AppKit:Image] ISImage reported a placeholder, image rep is providing a placeholder image for <private>
2026-09-16 18:24:13.863 I  PeachCommander[1590:22eb] [com.apple.AppKit:Image] ISImage reported a placeholder, image rep is providing a placeholder image for <private>
2026-09-16 18:24:13.864 I  PeachCommander[1590:22eb] [com.apple.AppKit:Image] ISImage reported a placeholder, image rep is providing a placeholder image for <private>
2026-09-16 18:24:13.865 I  PeachCommander[1590:22eb] [com.apple.AppKit:Image] ISImage reported a placeholder, image rep is providing a placeholder image for <private>
2026-09-16 18:24:13.865 I  PeachCommander[1590:22eb] [com.apple.AppKit:Image] ISImage reported a placeholder, image rep is providing a placeholder image for <private>
2026-09-16 18:24:13.866 I  PeachCommander[1590:22eb] [com.apple.AppKit:Image] ISImage reported a placeholder, image rep is providing a placeholder image for <private>
2026-09-16 18:24:13.866 I  PeachCommander[1590:22eb] [com.apple.AppKit:Image] ISImage reported a placeholder, image rep is providing a placeholder image for <private>
2026-09-16 18:24:13.868 I  PeachCommander[1590:22eb] [com.apple.AppKit:Image] ISImage reported a placeholder, image rep is providing a placeholder image for <private>
2026-09-16 18:24:13.868 I  PeachCommander[1590:22eb] [com.apple.AppKit:Image] ISImage reported a placeholder, image rep is providing a placeholder image for <private>
2026-09-16 18:24:13.869 I  PeachCommander[1590:22eb] [com.apple.AppKit:Image] ISImage reported a placeholder, image rep is providing a placeholder image for <private>
2026-09-16 18:24:13.869 I  PeachCommander[1590:22eb] [com.apple.AppKit:Image] ISImage reported a placeholder, image rep is providing a placeholder image for <private>
2026-09-16 18:24:13.871 I  PeachCommander[1590:22eb] [com.apple.AppKit:Image] ISImage reported a placeholder, image rep is providing a placeholder image for <private>
2026-09-16 18:24:13.871 I  PeachCommander[1590:22eb] [com.apple.AppKit:Image] ISImage reported a placeholder, image rep is providing a placeholder image for <private>
2026-09-16 18:24:13.872 I  PeachCommander[1590:22eb] [com.apple.AppKit:Image] ISImage reported a placeholder, image rep is providing a placeholder image for <private>
2026-09-16 18:24:13.872 I  PeachCommander[1590:22eb] [com.apple.AppKit:Image] ISImage reported a placeholder, image rep is providing a placeholder image for <private>
2026-09-16 18:24:13.873 I  PeachCommander[1590:22eb] [com.apple.AppKit:Image] ISImage reported a placeholder, image rep is providing a placeholder image for <private>
2026-09-16 18:24:13.873 I  PeachCommander[1590:22eb] [com.apple.AppKit:Image] ISImage reported a placeholder, image rep is providing a placeholder image for <private>
2026-09-16 18:24:13.875 I  PeachCommander[1590:22eb] [com.apple.AppKit:Image] ISImage reported a placeholder, image rep is providing a placeholder image for <private>
2026-09-16 18:24:13.875 I  PeachCommander[1590:22eb] [com.apple.AppKit:Image] ISImage reported a placeholder, image rep is providing a placeholder image for <private>
2026-09-16 18:24:13.876 I  PeachCommander[1590:22eb] [com.apple.AppKit:Image] ISImage reported a placeholder, image rep is providing a placeholder image for <private>
2026-09-16 18:24:13.876 I  PeachCommander[1590:22eb] [com.apple.AppKit:Image] ISImage reported a placeholder, image rep is providing a placeholder image for <private>
2026-09-16 18:24:13.878 I  PeachCommander[1590:22eb] [com.apple.AppKit:Image] ISImage reported a placeholder, image rep is providing a placeholder image for <private>
2026-09-16 18:24:13.878 I  PeachCommander[1590:22eb] [com.apple.AppKit:Image] ISImage reported a placeholder, image rep is providing a placeholder image for <private>
2026-09-16 18:24:13.879 I  PeachCommander[1590:22eb] [com.apple.AppKit:Image] ISImage reported a placeholder, image rep is providing a placeholder image for <private>
2026-09-16 18:24:13.879 I  PeachCommander[1590:22eb] [com.apple.AppKit:Image] ISImage reported a placeholder, image rep is providing a placeholder image for <private>
2026-09-16 18:24:13.880 I  PeachCommander[1590:22eb] [com.apple.AppKit:Image] ISImage reported a placeholder, image rep is providing a placeholder image for <private>
2026-09-16 18:24:13.881 I  PeachCommander[1590:22eb] [com.apple.AppKit:Image] ISImage reported a placeholder, image rep is providing a placeholder image for <private>
2026-09-16 18:24:13.882 I  PeachCommander[1590:22eb] [com.apple.AppKit:Image] ISImage reported a placeholder, image rep is providing a placeholder image for <private>
2026-09-16 18:24:13.882 I  PeachCommander[1590:22eb] [com.apple.AppKit:Image] ISImage reported a placeholder, image rep is providing a placeholder image for <private>
2026-09-16 18:24:13.883 I  PeachCommander[1590:22eb] [com.apple.AppKit:Image] ISImage reported a placeholder, image rep is providing a placeholder image for <private>
2026-09-16 18:24:13.883 I  PeachCommander[1590:22eb] [com.apple.AppKit:Image] ISImage reported a placeholder, image rep is providing a placeholder image for <private>
2026-09-16 18:24:13.885 I  PeachCommander[1590:22eb] [com.apple.AppKit:Image] ISImage reported a placeholder, image rep is providing a placeholder image for <private>
2026-09-16 18:24:13.885 I  PeachCommander[1590:22eb] [com.apple.AppKit:Image] ISImage reported a placeholder, image rep is providing a placeholder image for <private>
2026-09-16 18:24:13.886 I  PeachCommander[1590:22eb] [com.apple.AppKit:Image] ISImage reported a placeholder, image rep is providing a placeholder image for <private>
2026-09-16 18:24:13.886 I  PeachCommander[1590:22eb] [com.apple.AppKit:Image] ISImage reported a placeholder, image rep is providing a placeholder image for <private>
2026-09-16 18:24:13.887 I  PeachCommander[1590:22eb] [com.apple.AppKit:Image] ISImage reported a placeholder, image rep is providing a placeholder image for <private>
2026-09-16 18:24:13.887 I  PeachCommander[1590:22eb] [com.apple.AppKit:Image] ISImage reported a placeholder, image rep is providing a placeholder image for <private>
2026-09-16 18:24:13.889 I  PeachCommander[1590:22eb] [com.apple.AppKit:Image] ISImage reported a placeholder, image rep is providing a placeholder image for <private>
2026-09-16 18:24:13.889 I  PeachCommander[1590:22eb] [com.apple.AppKit:Image] ISImage reported a placeholder, image rep is providing a placeholder image for <private>
2026-09-16 18:24:13.890 I  PeachCommander[1590:22eb] [com.apple.AppKit:Image] ISImage reported a placeholder, image rep is providing a placeholder image for <private>
2026-09-16 18:24:13.890 I  PeachCommander[1590:22eb] [com.apple.AppKit:Image] ISImage reported a placeholder, image rep is providing a placeholder image for <private>
2026-09-16 18:24:13.891 I  PeachCommander[1590:22eb] [com.apple.AppKit:Image] ISImage reported a placeholder, image rep is providing a placeholder image for <private>
2026-09-16 18:24:13.891 I  PeachCommander[1590:22eb] [com.apple.AppKit:Image] ISImage reported a placeholder, image rep is providing a placeholder image for <private>
2026-09-16 18:24:13.893 I  PeachCommander[1590:22eb] [com.apple.AppKit:Image] ISImage reported a placeholder, image rep is providing a placeholder image for <private>
2026-09-16 18:24:13.893 I  PeachCommander[1590:22eb] [com.apple.AppKit:Image] ISImage reported a placeholder, image rep is providing a placeholder image for <private>
2026-09-16 18:24:13.894 I  PeachCommander[1590:22eb] [com.apple.AppKit:Image] ISImage reported a placeholder, image rep is providing a placeholder image for <private>
2026-09-16 18:24:13.894 I  PeachCommander[1590:22eb] [com.apple.AppKit:Image] ISImage reported a placeholder, image rep is providing a placeholder image for <private>
2026-09-16 18:24:13.895 I  PeachCommander[1590:22eb] [com.apple.AppKit:Image] ISImage reported a placeholder, image rep is providing a placeholder image for <private>
2026-09-16 18:24:13.895 I  PeachCommander[1590:22eb] [com.apple.AppKit:Image] ISImage reported a placeholder, image rep is providing a placeholder image for <private>
2026-09-16 18:24:13.896 I  PeachCommander[1590:22eb] [com.apple.AppKit:Image] ISImage reported a placeholder, image rep is providing a placeholder image for <private>
2026-09-16 18:24:13.897 I  PeachCommander[1590:22eb] [com.apple.AppKit:Image] ISImage reported a placeholder, image rep is providing a placeholder image for <private>
2026-09-16 18:24:13.898 I  PeachCommander[1590:22eb] [com.apple.AppKit:Image] ISImage reported a placeholder, image rep is providing a placeholder image for <private>
2026-09-16 18:24:13.898 I  PeachCommander[1590:22eb] [com.apple.AppKit:Image] ISImage reported a placeholder, image rep is providing a placeholder image for <private>
2026-09-16 18:24:14.073 Df PeachCommander[1590:22eb] (Foundation) <private>
2026-09-16 18:24:14.073 I  PeachCommander[1590:22eb] [com.peachcommander:PCFoundation] [automation] > workspacescope |ask
2026-09-16 18:24:14.074 Df PeachCommander[1590:22eb] (Foundation) <private>
2026-09-16 18:24:14.074 I  PeachCommander[1590:22eb] [com.peachcommander:PCFoundation] [automation] > wait 300
2026-09-16 18:24:14.383 Df PeachCommander[1590:22eb] (Foundation) <private>
2026-09-16 18:24:14.383 I  PeachCommander[1590:22eb] [com.peachcommander:PCFoundation] [automation] > setbool Operation.ConfirmDelete|1
2026-09-16 18:24:14.383 Df PeachCommander[1590:22eb] (Foundation) <private>
2026-09-16 18:24:14.383 I  PeachCommander[1590:22eb] [com.peachcommander:PCFoundation] [automation] > wait 300
2026-09-16 18:24:14.704 Df PeachCommander[1590:22f4] [com.apple.launchservices:default] LSExceptions shared instance invalidated for timeout.
2026-09-16 18:24:14.705 Df PeachCommander[1590:22eb] (Foundation) <private>
2026-09-16 18:24:14.705 I  PeachCommander[1590:22eb] [com.peachcommander:PCFoundation] [automation] done
