Timestamp               Ty Process[PID:TID]
2026-09-16 18:24:18.318 A  PeachCommander[1750:24ea] (libsystem_info.dylib) Retrieve User by ID
2026-09-16 18:24:18.319 Df PeachCommander[1750:24ea] [com.apple.xpc:connection] [0x1055947f0] activating connection: mach=true listener=false peer=false name=com.apple.cfprefsd.daemon
2026-09-16 18:24:18.319 Df PeachCommander[1750:24f1] [com.apple.xpc:connection] [0x105594f30] activating connection: mach=true listener=false peer=false name=com.apple.cfprefsd.agent
2026-09-16 18:24:18.320 Df PeachCommander[1750:24ea] [com.apple.xpc:connection] [0x1055945a0] activating connection: mach=true listener=false peer=false name=com.apple.coreservices.launchservicesd
2026-09-16 18:24:18.321 I  PeachCommander[1750:24ea] [com.apple.launchservices:cas] Registering for notification <private> on default queue, to re-boostrap client connection.
2026-09-16 18:24:18.321 Df PeachCommander[1750:24ea] [com.apple.xpc:connection] [0x85f064000] activating connection: mach=true listener=false peer=false name=com.apple.pasteboard.1
2026-09-16 18:24:18.321 Df PeachCommander[1750:24ea] [com.apple.xpc:connection] [0x85f064140] activating connection: mach=true listener=false peer=false name=com.apple.distributed_notifications@Uv3
2026-09-16 18:24:18.322 Df PeachCommander[1750:24ea] [com.apple.AppKit:AutomaticTermination] void _NSDisableAutomaticTerminationAndLog(NSString *) No windows open yet
2026-09-16 18:24:18.322 A  PeachCommander[1750:24ea] (TCC) TCCAccessRequest() IPC
2026-09-16 18:24:18.323 Df PeachCommander[1750:24ea] [com.apple.xpc:connection] [0x85f064280] activating connection: mach=true listener=false peer=false name=com.apple.tccd.system
2026-09-16 18:24:18.323 I  PeachCommander[1750:24ea] [com.apple.TCC:access] SEND: 0/7 synchronous to com.apple.tccd.system: request: msgID=1750.1, function=TCCAccessRequest, service=kTCCServiceListenEvent,
2026-09-16 18:24:18.324 I  PeachCommander[1750:24ea] [com.apple.TCC:access] RECV: synchronous reply <dictionary: 0x85f034000> { count = 5, transaction: 0, voucher = 0x0, contents =
	"prompt_type" => <uint64: 0xb4e63e7a154fef27>: 1
	"auth_value" => <uint64: 0xb4e63e7a154fef27>: 1
	"preflight_unknown" => <bool: 0x1ee965190>: true
	"auth_version" => <uint64: 0xb4e63e7a154fef27>: 1
	"auth_reason" => <uint64: 0xb4e63e7a154fef07>: 5
}
2026-09-16 18:24:18.324 Df PeachCommander[1750:24ea] [com.apple.xpc:connection] [0x85f064280] invalidated after the last release of the connection object
2026-09-16 18:24:18.324 Df PeachCommander[1750:24ea] [com.apple.SkyLight:default] server port 0x0000390b, session port 0x0000390b
2026-09-16 18:24:18.327 I  PeachCommander[1750:24f2] [com.apple.SkyLight:processes] 0[outside of RPC]: First connection id 287451 mapped to ctx = 0x1055a13d0
2026-09-16 18:24:18.327 Df PeachCommander[1750:24ea] [com.apple.SkyLight:default] New connection 0x462db main
2026-09-16 18:24:18.327 I  PeachCommander[1750:24ea] [com.apple.hiservices:processmgr] Checking in with CAS, pid=1750
2026-09-16 18:24:18.327 I  PeachCommander[1750:24ea] [com.apple.launchservices:cas] LSApplicationCheckIn(), app being registered is:"/Users/admin/pc-test/PeachCommander.app/Contents/MacOS/PeachCommander"
2026-09-16 18:24:18.328 I  PeachCommander[1750:24ea] [com.apple.launchservices:cas]  { "ApplicationType"="Foreground", "BuildMachineOSBuild"="25E246", "CFBundleDevelopmentRegion"="en", "CFBundleDocumentTypes"=( { "CFBundleTypeName"="Peach Commander Plugin Package", "CFBundleTypeRole"="Viewer", "LSHandlerRank"="Owner", "LSItemContentTypes"=( "com.peachcommander.plugin-package") }, { "CFBundleTypeName"="Peach Commander Workspace", "CFBundleTypeRole"="Viewer", "LSHandlerRank"="Owner", "LSItemContentTypes"=( "com.peachcommander.workspace") }), "CFBundleExecutable"="PeachCommander", "CFBundleExecutablePath"="/Users/admin/pc-test/PeachCommander.app/Contents/MacOS/PeachCommander", "CFBundleHelpBookFolder"="PeachCommander.help", "CFBundleHelpBookName"="Peach Commander Help", "CFBundleIconFile"="AppIcon", "CFBundleIconName"="AppIcon", "CFBundleIdentifier"="com.peachcommander.app", "CFBundleInfoDictionaryVersion"="6.0", "CFBundleName"="PeachCommander", "CFBundleNumericVersion"=419463168, "CFBundlePackageType"="APPL", "CFBundleShortVersionString"="0.9.1", "CFBundleSignature"="?????", "CFBundleS<…>
2026-09-16 18:24:18.328 Df PeachCommander[1750:24ea] [com.apple.processmanager:front-35286506] CHECKIN: pid=1750
2026-09-16 18:24:18.329 Df PeachCommander[1750:24ea] [com.apple.processmanager:front-35286506] CHECKEDIN: pid=1750 asn=0x0-0x2c02c foreground=1
2026-09-16 18:24:18.329 I  PeachCommander[1750:24ea] [com.apple.launchservices:cas] Setting processControlState to default PROC_SETPC_SUSPEND because application does not have LSProcessControlValue key
2026-09-16 18:24:18.330 Df PeachCommander[1750:24ea] [com.apple.xpc:connection] [0x85f064280] activating connection: mach=false listener=true peer=false name=(anonymous)
2026-09-16 18:24:18.330 Df PeachCommander[1750:24ea] [com.apple.xpc:connection] [0x85f064280] Connection returned listener port: 0x5403
2026-09-16 18:24:18.330 Df PeachCommander[1750:24f1] [com.apple.xpc:connection] [0x85ecb4300] activating connection: mach=false listener=false peer=true name=com.apple.xpc.anonymous.0x85f064280.peer[131].0x85ecb4300
2026-09-16 18:24:18.330 Df PeachCommander[1750:24ea] [com.apple.processmanager:front-35286506] FRONTLOGGING: version 1
2026-09-16 18:24:18.330 Df PeachCommander[1750:24ea] [com.apple.processmanager:front-35286506] Registered, pid=1750 ASN=0x0,0x2c02c
2026-09-16 18:24:18.330 Df PeachCommander[1750:24ea] [com.apple.xpc:connection] [0x85f0643c0] activating connection: mach=true listener=false peer=false name=com.apple.analyticsd
2026-09-16 18:24:18.330 I  PeachCommander[1750:24ea] [com.apple.CoreAnalytics:client] Daemon status changed from 0 to 1
2026-09-16 18:24:18.331 I  PeachCommander[1750:24f1] [com.apple.CarbonCore:coreservicesdaemon] SCSession():SCSession( id=100, this=0x0x105599a50 option=65538) created, forUID=501 mach_port_t=0x4203.
2026-09-16 18:24:18.331 I  PeachCommander[1750:24f1] [com.apple.CarbonCore:coreservicesdaemon] SCSession():SCSession( id=101, this=0x0x105599b90 option=65538) created, forUID=501 mach_port_t=0x4f03.
2026-09-16 18:24:18.331 I  PeachCommander[1750:24f1] [com.apple.CarbonCore:coreservicesdaemon] connectToCoreServicesD():Instantiating server (coreservicesd based) SCSession, port=0x4203 serverOptions=0x10002.
2026-09-16 18:24:18.331 I  PeachCommander[1750:24ea] [com.apple.hiservices:processmgr] _RegisterApplication( pid 1750 => 0x0,0x2c02c) type=foreground
2026-09-16 18:24:18.331 Df PeachCommander[1750:24ea] [com.apple.xpc:connection] [0x85f064280] Connection returned listener port: 0x5403
2026-09-16 18:24:18.331 I  PeachCommander[1750:24ea] [com.apple.launchservices:cas] CFArrayRef _LSCopyLaunchModifiers(LSSessionID, LSASNRef _Nonnull), result for psn [ kLSCurrentApp ASN, 0x0,0x2]  is 1 items.
2026-09-16 18:24:18.331 Df PeachCommander[1750:24ea] [com.apple.processmanager:front-35286506] BringForward: pid=1750 asn=0x0-0x2c02c bringForward=1 foreground=1 uiElement=0 launchedByLS=1 modifiersCount=1 allDisabled=1
2026-09-16 18:24:18.331 Df PeachCommander[1750:24ea] [com.apple.processmanager:front-35286506] BringFrontModifier: pid=1750 asn=0x0-0x2c02c Modifier 0 hideAfter=0 hideOthers=0 dontMakeFrontmost=0 mouseDown=0/0 seed=0/0
2026-09-16 18:24:18.331 Df PeachCommander[1750:24ea] [com.apple.processmanager:front-35286506] BringForward: pid=1750 asn=0x0-0x2c02c
2026-09-16 18:24:18.331 Df PeachCommander[1750:24ea] [com.apple.processmanager:front-35286506] SetFrontProcess: asn=0x0-0x2c02c options=0
2026-09-16 18:24:18.331 I  PeachCommander[1750:24ea] [com.apple.SkyLight:processes] 0[outside of RPC]: SLPSetFrontProcess(0x0-0x2c02c window=0 options=0x0
2026-09-16 18:24:18.331 Df PeachCommander[1750:24f1] [com.apple.xpc:connection] [0x85f064500] activating connection: mach=true listener=false peer=false name=com.apple.lsd.mapdb
2026-09-16 18:24:18.331 Df PeachCommander[1750:24f2] [com.apple.CoreAnalytics:client] Received configuration update from daemon (initial)
2026-09-16 18:24:18.332 I  PeachCommander[1750:24f1] [com.apple.launchservices:db] LaunchServices database schema version: 20971544
2026-09-16 18:24:18.333 Df PeachCommander[1750:24ea] [com.apple.AppKit:Appearance] Current system appearance, (HLTB: 1), (SLS: 0)
2026-09-16 18:24:18.334 Df PeachCommander[1750:24ea] (libMobileGestalt.dylib) No persisted cache on this platform.
2026-09-16 18:24:18.334 I  PeachCommander[1750:24f6] [com.apple.launchservices:cas] information in shared memory for 0x0-0x2c02c with seed 533 was still valid, so using cached info { "ApplicationType"="Foreground", "BuildMachineOSBuild"="25E246", "BundleIdentifierLowerCase"="com.peachcommander.app", "CFBundleDevelopmentRegion"="en", "CFBundleDocumentTypes"=( { "CFBundleTypeName"="Peach Commander Plugin Package", "CFBundleTypeRole"="Viewer", "LSHandlerRank"="Owner", "LSItemContentTypes"=( "com.peachcommander.plugin-package") }, { "CFBundleTypeName"="Peach Commander Workspace", "CFBundleTypeRole"="Viewer", "LSHandlerRank"="Owner", "LSItemContentTypes"=( "com.peachcommander.workspace") }), "CFBundleExecutable"="PeachCommander", "CFBundleExecutablePath"="/Users/admin/pc-test/PeachCommander.app/Contents/MacOS/PeachCommander", "CFBundleExecutablePathDeviceID"=16777229, "CFBundleExecutablePathINode"=488189, "CFBundleHelpBookFolder"="PeachCommander.help", "CFBundleHelpBookName"="Peach Commander Help", "CFBundleIconFile"="AppIcon", "CFBundleIconName"="AppIcon", "CFBundleIdentifier"="com.peachcommander.app", "CFBundleInfoDictionaryVersion"="6.0", "CFBundleName"="PeachCo<…>
2026-09-16 18:24:18.335 Df PeachCommander[1750:24ea] (libMobileGestalt.dylib) Could not get size of EAN data (IOConnectCallScalarMethod kAppleNVMeEANGetSize returned 0xE00002E2)
2026-09-16 18:24:18.335 Df PeachCommander[1750:24ea] (libMobileGestalt.dylib) Failed to copy 'aptk' from EAN
2026-09-16 18:24:18.335 Df PeachCommander[1750:24ea] (libMobileGestalt.dylib) Failed to copy APTicket properties. Falling back to default policy.
2026-09-16 18:24:18.335 Df PeachCommander[1750:24ea] (libMobileGestalt.dylib) Creating default MGSysConfigPolicy
2026-09-16 18:24:18.335 Df PeachCommander[1750:24ea] (libMobileGestalt.dylib) CFDictionaryRef copySyscfgDictionary(void) enumeration of <private> failed.
2026-09-16 18:24:18.335 Df PeachCommander[1750:24ea] (libMobileGestalt.dylib) Failed to find key <private>
2026-09-16 18:24:18.336 Df PeachCommander[1750:24ea] [com.apple.AppKit:Appearance] Current system appearance, (HLTB: 1), (SLS: 0)
2026-09-16 18:24:18.336 Df PeachCommander[1750:24ea] [com.apple.AppKit:Appearance] Post-registration system appearance: (HLTB: 1)
2026-09-16 18:24:18.337 I  PeachCommander[1750:24f1] [com.apple.launchservices:default] Unable to load Info.plist exceptions (eGPUOverrides)
2026-09-16 18:24:18.337 I  PeachCommander[1750:24f1] [com.apple.launchservices:default] Unable to load Info.plist exceptions (gameModeOverrides)
2026-09-16 18:24:18.337 I  PeachCommander[1750:24f1] [com.apple.launchservices:default] Unable to load Info.plist exceptions (identifiedGameOverrides)
2026-09-16 18:24:18.337 I  PeachCommander[1750:24f1] [com.apple.launchservices:default] Unable to load Info.plist exceptions (SystemHiddenPreferred)
2026-09-16 18:24:18.337 Df PeachCommander[1750:24ea] [com.apple.FrontBoard:Common] FBSWorkspace: endpoint monitoring is disabled.
2026-09-16 18:24:18.337 Df PeachCommander[1750:24ea] [com.apple.FrontBoard:Common] FBSWorkspace: default shell endpoint is disabled.
2026-09-16 18:24:18.338 Df PeachCommander[1750:24ea] [com.apple.runningboard:connection] Initializing connection
2026-09-16 18:24:18.338 Df PeachCommander[1750:24ea] [com.apple.runningboard:process] Removing all cached process handles
2026-09-16 18:24:18.338 Df PeachCommander[1750:24f6] [com.apple.runningboard:connection] Sending handshake request attempt #1 to server
2026-09-16 18:24:18.338 Df PeachCommander[1750:24f6] [com.apple.runningboard:connection] Creating connection to com.apple.runningboard
2026-09-16 18:24:18.338 Df PeachCommander[1750:24f6] [com.apple.xpc:connection] [0x85f064640] activating connection: mach=true listener=false peer=false name=com.apple.runningboard
2026-09-16 18:24:18.338 A  PeachCommander[1750:24f2] (RunningBoardServices) didChangeInheritances
2026-09-16 18:24:18.338 Df PeachCommander[1750:24ea] [com.apple.xpc:connection] [0x85f064280] Connection returned listener port: 0x5403
2026-09-16 18:24:18.338 Df PeachCommander[1750:24f6] [com.apple.runningboard:connection] Handshake succeeded
2026-09-16 18:24:18.338 Df PeachCommander[1750:24f6] [com.apple.runningboard:connection] Identity resolved as app<application.com.peachcommander.app.487132.488189(501)>
2026-09-16 18:24:18.339 I  PeachCommander[1750:24ea] [com.apple.launchservices:cas] information in shared memory for 0x0-0x2c02c with seed 533 was still valid, so using cached info { "ApplicationType"="Foreground", "BuildMachineOSBuild"="25E246", "BundleIdentifierLowerCase"="com.peachcommander.app", "CFBundleDevelopmentRegion"="en", "CFBundleDocumentTypes"=( { "CFBundleTypeName"="Peach Commander Plugin Package", "CFBundleTypeRole"="Viewer", "LSHandlerRank"="Owner", "LSItemContentTypes"=( "com.peachcommander.plugin-package") }, { "CFBundleTypeName"="Peach Commander Workspace", "CFBundleTypeRole"="Viewer", "LSHandlerRank"="Owner", "LSItemContentTypes"=( "com.peachcommander.workspace") }), "CFBundleExecutable"="PeachCommander", "CFBundleExecutablePath"="/Users/admin/pc-test/PeachCommander.app/Contents/MacOS/PeachCommander", "CFBundleExecutablePathDeviceID"=16777229, "CFBundleExecutablePathINode"=488189, "CFBundleHelpBookFolder"="PeachCommander.help", "CFBundleHelpBookName"="Peach Commander Help", "CFBundleIconFile"="AppIcon", "CFBundleIconName"="AppIcon", "CFBundleIdentifier"="com.peachcommander.app", "CFBundleInfoDictionaryVersion"="6.0", "CFBundleName"="PeachCo<…>
2026-09-16 18:24:18.340 Df PeachCommander[1750:24ea] [com.apple.xpc:connection] [0x85f064280] Connection returned listener port: 0x5403
2026-09-16 18:24:18.341 A  PeachCommander[1750:24f2] (AppIntents) appintents:register process
2026-09-16 18:24:18.342 Df PeachCommander[1750:24f2] [com.apple.appintents:Connection] Created a new Process Instance Registry XPC connection (inactive)
2026-09-16 18:24:18.342 Df PeachCommander[1750:24f2] [com.apple.xpc:connection] [0x85f0648c0] activating connection: mach=true listener=false peer=false name=com.apple.linkd.autoShortcut
2026-09-16 18:24:18.342 Df PeachCommander[1750:24f2] [com.apple.appintents:Connection] Activated connection to linkd (ApplicationService)
2026-09-16 18:24:18.342 Df PeachCommander[1750:24f2] [com.apple.xpc:connection] [0x85f064a00] activating connection: mach=false listener=true peer=false name=(anonymous)
2026-09-16 18:24:18.342 I  PeachCommander[1750:24ea] [com.apple.launchservices:cas] information in shared memory for 0x0-0x2c02c with seed 533 was still valid, so using cached info { "ApplicationType"="Foreground", "BuildMachineOSBuild"="25E246", "BundleIdentifierLowerCase"="com.peachcommander.app", "CFBundleDevelopmentRegion"="en", "CFBundleDocumentTypes"=( { "CFBundleTypeName"="Peach Commander Plugin Package", "CFBundleTypeRole"="Viewer", "LSHandlerRank"="Owner", "LSItemContentTypes"=( "com.peachcommander.plugin-package") }, { "CFBundleTypeName"="Peach Commander Workspace", "CFBundleTypeRole"="Viewer", "LSHandlerRank"="Owner", "LSItemContentTypes"=( "com.peachcommander.workspace") }), "CFBundleExecutable"="PeachCommander", "CFBundleExecutablePath"="/Users/admin/pc-test/PeachCommander.app/Contents/MacOS/PeachCommander", "CFBundleExecutablePathDeviceID"=16777229, "CFBundleExecutablePathINode"=488189, "CFBundleHelpBookFolder"="PeachCommander.help", "CFBundleHelpBookName"="Peach Commander Help", "CFBundleIconFile"="AppIcon", "CFBundleIconName"="AppIcon", "CFBundleIdentifier"="com.peachcommander.app", "CFBundleInfoDictionaryVersion"="6.0", "CFBundleName"="PeachCo<…>
2026-09-16 18:24:18.342 I  PeachCommander[1750:24ea] [com.apple.hiservices:processmgr] TransformProcessType(0x0,0x2 => 1 wasFront=1 pickNew=0)
2026-09-16 18:24:18.342 I  PeachCommander[1750:24ea] [com.apple.CoreAnalytics:client] Dropping "com.apple.appkit.app_config" as it isn't used in any transform (not in the config or budgeted?)
2026-09-16 18:24:18.342 I  PeachCommander[1750:24f2] [com.apple.appintents:Execution] LNAppConnectionListener instantiated
2026-09-16 18:24:18.342 Df PeachCommander[1750:24f2] [com.apple.xpc:connection] [0x85f064a00] Connection returned listener port: 0x6203
2026-09-16 18:24:18.343 Df PeachCommander[1750:24ea] [com.apple.dt.xctest:Default] Registering for test daemon availability notify post.
2026-09-16 18:24:18.343 Df PeachCommander[1750:24f6] [com.apple.xpc:connection] [0x85f0648c0] Re-initialization successful; calling out to event handler with XPC_ERROR_CONNECTION_INTERRUPTED
2026-09-16 18:24:18.343 Df PeachCommander[1750:24f6] [com.apple.appintents:Connection] Process Instance Registry XPC connection has been interrupted
2026-09-16 18:24:18.343 E  PeachCommander[1750:24f2] [com.apple.appintents:Connection] Unable to get synchronousRemoteObjectProxy, error: Error Domain=NSCocoaErrorDomain Code=4097 "connection to service named com.apple.linkd.autoShortcut" UserInfo={NSDebugDescription=connection to service named com.apple.linkd.autoShortcut}
2026-09-16 18:24:18.343 Df PeachCommander[1750:24ea] [com.apple.dt.xctest:Default] notify_get_state check indicated test daemon not ready.
2026-09-16 18:24:18.343 E  PeachCommander[1750:24f2] [com.apple.AppKit:Application] Error registering app with intents framework: Error Domain=NSCocoaErrorDomain Code=4097 UserInfo={NSDebugDescription=<private>}
2026-09-16 18:24:18.343 Df PeachCommander[1750:24f6] [com.apple.appintents:Connection] Created a new Process Instance Registry XPC connection (inactive)
2026-09-16 18:24:18.343 A  PeachCommander[1750:24f6] (AppIntents) appintents:register process
2026-09-16 18:24:18.343 Df PeachCommander[1750:24f6] [com.apple.appintents:Connection] Created a new Process Instance Registry XPC connection (inactive)
2026-09-16 18:24:18.343 Df PeachCommander[1750:24f6] [com.apple.xpc:connection] [0x85f064c80] activating connection: mach=true listener=false peer=false name=com.apple.linkd.autoShortcut
2026-09-16 18:24:18.343 Df PeachCommander[1750:24ea] [com.apple.dt.xctest:Default] notify_get_state check indicated test daemon not ready.
2026-09-16 18:24:18.343 Df PeachCommander[1750:24f6] [com.apple.appintents:Connection] Activated connection to linkd (ApplicationService)
2026-09-16 18:24:18.343 Df PeachCommander[1750:24f6] [com.apple.xpc:connection] [0x85f064a00] Connection returned listener port: 0x6203
2026-09-16 18:24:18.343 Df PeachCommander[1750:24ea] [com.apple.dt.xctest:Default] notify_get_state check indicated test daemon not ready.
2026-09-16 18:24:18.343 Df PeachCommander[1750:24f1] [com.apple.xpc:connection] [0x85f064c80] Re-initialization successful; calling out to event handler with XPC_ERROR_CONNECTION_INTERRUPTED
2026-09-16 18:24:18.343 Df PeachCommander[1750:24f1] [com.apple.appintents:Connection] Process Instance Registry XPC connection has been interrupted
2026-09-16 18:24:18.343 Df PeachCommander[1750:24f1] [com.apple.appintents:Connection] Created a new Process Instance Registry XPC connection (inactive)
2026-09-16 18:24:18.343 E  PeachCommander[1750:24f6] [com.apple.appintents:Connection] Unable to get synchronousRemoteObjectProxy, error: Error Domain=NSCocoaErrorDomain Code=4097 "connection to service named com.apple.linkd.autoShortcut" UserInfo={NSDebugDescription=connection to service named com.apple.linkd.autoShortcut}
2026-09-16 18:24:18.343 A  PeachCommander[1750:24f1] (AppIntents) appintents:register process
2026-09-16 18:24:18.343 E  PeachCommander[1750:24f6] [com.apple.appintents:Connection] Unable to re-register with Process Instance Registry, error: Error Domain=NSCocoaErrorDomain Code=4097 "connection to service named com.apple.linkd.autoShortcut" UserInfo={NSDebugDescription=connection to service named com.apple.linkd.autoShortcut}
2026-09-16 18:24:18.344 Df PeachCommander[1750:24f1] [com.apple.appintents:Connection] Created a new Process Instance Registry XPC connection (inactive)
2026-09-16 18:24:18.344 Df PeachCommander[1750:24f1] [com.apple.xpc:connection] [0x85f0652c0] activating connection: mach=true listener=false peer=false name=com.apple.linkd.autoShortcut
2026-09-16 18:24:18.344 Df PeachCommander[1750:24f1] [com.apple.appintents:Connection] Activated connection to linkd (ApplicationService)
2026-09-16 18:24:18.344 Df PeachCommander[1750:24f1] [com.apple.xpc:connection] [0x85f064a00] Connection returned listener port: 0x6203
2026-09-16 18:24:18.344 Df PeachCommander[1750:24f6] [com.apple.xpc:connection] [0x85f0652c0] Re-initialization successful; calling out to event handler with XPC_ERROR_CONNECTION_INTERRUPTED
2026-09-16 18:24:18.344 Df PeachCommander[1750:24f6] [com.apple.appintents:Connection] Process Instance Registry XPC connection has been interrupted
2026-09-16 18:24:18.344 E  PeachCommander[1750:24f1] [com.apple.appintents:Connection] Unable to get synchronousRemoteObjectProxy, error: Error Domain=NSCocoaErrorDomain Code=4097 "connection to service named com.apple.linkd.autoShortcut" UserInfo={NSDebugDescription=connection to service named com.apple.linkd.autoShortcut}
2026-09-16 18:24:18.344 E  PeachCommander[1750:24f1] [com.apple.appintents:Connection] Unable to re-register with Process Instance Registry, error: Error Domain=NSCocoaErrorDomain Code=4097 "connection to service named com.apple.linkd.autoShortcut" UserInfo={NSDebugDescription=connection to service named com.apple.linkd.autoShortcut}
2026-09-16 18:24:18.344 Df PeachCommander[1750:24f6] [com.apple.appintents:Connection] Created a new Process Instance Registry XPC connection (inactive)
2026-09-16 18:24:18.344 A  PeachCommander[1750:24f6] (AppIntents) appintents:register process
2026-09-16 18:24:18.344 Df PeachCommander[1750:24f6] [com.apple.appintents:Connection] Created a new Process Instance Registry XPC connection (inactive)
2026-09-16 18:24:18.344 Df PeachCommander[1750:24f6] [com.apple.xpc:connection] [0x85f065540] activating connection: mach=true listener=false peer=false name=com.apple.linkd.autoShortcut
2026-09-16 18:24:18.344 Df PeachCommander[1750:24f6] [com.apple.appintents:Connection] Activated connection to linkd (ApplicationService)
2026-09-16 18:24:18.344 Df PeachCommander[1750:24f6] [com.apple.xpc:connection] [0x85f064a00] Connection returned listener port: 0x6203
2026-09-16 18:24:18.344 Df PeachCommander[1750:24f1] [com.apple.xpc:connection] [0x85f065540] Re-initialization successful; calling out to event handler with XPC_ERROR_CONNECTION_INTERRUPTED
2026-09-16 18:24:18.344 Df PeachCommander[1750:24f1] [com.apple.appintents:Connection] Process Instance Registry XPC connection has been interrupted
2026-09-16 18:24:18.344 E  PeachCommander[1750:24f1] [com.apple.appintents:Connection] Will NOT re-try to establish the connection
2026-09-16 18:24:18.344 E  PeachCommander[1750:24f6] [com.apple.appintents:Connection] Unable to get synchronousRemoteObjectProxy, error: Error Domain=NSCocoaErrorDomain Code=4097 "connection to service named com.apple.linkd.autoShortcut" UserInfo={NSDebugDescription=connection to service named com.apple.linkd.autoShortcut}
2026-09-16 18:24:18.344 E  PeachCommander[1750:24f6] [com.apple.appintents:Connection] Unable to re-register with Process Instance Registry, error: Error Domain=NSCocoaErrorDomain Code=4097 "connection to service named com.apple.linkd.autoShortcut" UserInfo={NSDebugDescription=connection to service named com.apple.linkd.autoShortcut}
2026-09-16 18:24:18.348 A  PeachCommander[1750:24ea] (CoreFoundation) Loading Preferences From System CFPrefsD
2026-09-16 18:24:18.349 Df PeachCommander[1750:24ea] (libMobileGestalt.dylib) couldn't load support library
2026-09-16 18:24:18.349 Df PeachCommander[1750:24ea] (libMobileGestalt.dylib) called dummy function!
2026-09-16 18:24:18.349 I  PeachCommander[1750:24ea] [com.apple.GenerativeModels:availability] Current availability state: unavailable, use cases: com.apple.WritingTools, language: <any>, api: <private>
2026-09-16 18:24:18.349 Df PeachCommander[1750:24ea] [com.apple.GenerativeModels:availability] registering darwin observer for name: com.apple.gms.availability.notification
2026-09-16 18:24:18.349 Df PeachCommander[1750:24ea] [com.apple.GenerativeModels:availability] registering darwin observer for name: com.apple.os-eligibility-domain.change.greymatter
2026-09-16 18:24:18.349 Df PeachCommander[1750:24ea] [com.apple.GenerativeModels:availability] registering darwin observer for name: com.apple.language.changed
2026-09-16 18:24:18.349 Df PeachCommander[1750:24ea] [com.apple.WritingTools:Default] isAvailable value changed: isMDMAllowed = true, gmAvailable (current) = false
2026-09-16 18:24:18.352 I  PeachCommander[1750:24ea] [com.apple.CoreAnalytics:client] Dropping "com.apple.appkit.app_config" as it isn't used in any transform (not in the config or budgeted?)
2026-09-16 18:24:18.355 Df PeachCommander[1750:24ea] [com.apple.AppKit:Appearance] NSApp cache appearance:
-NSRequiresAquaSystemAppearance: 0
-appearance: (null)
-effectiveAppearance: <NSCompositeAppearance: 0x85ec98460
 (
    "<NSAquaAppearance: 0x85ec986e0>",
    "<NSSystemAppearance: 0x85ec98500>"
)>
2026-09-16 18:24:18.359 A  PeachCommander[1750:24ea] (CoreFoundation) Loading Preferences From User CFPrefsD
2026-09-16 18:24:18.359 A  PeachCommander[1750:24ea] (CoreFoundation) Loading Preferences From User CFPrefsD
2026-09-16 18:24:18.364 A  PeachCommander[1750:24f1] (libsystem_info.dylib) Membership API: translate identifier
2026-09-16 18:24:18.366 I  PeachCommander[1750:24ea] [com.apple.CoreAnalytics:client] Dropping "com.apple.appkit.app_config" as it isn't used in any transform (not in the config or budgeted?)
2026-09-16 18:24:18.366 I  PeachCommander[1750:24ea] [com.apple.CoreAnalytics:client] Dropping "com.apple.appkit.app_config" as it isn't used in any transform (not in the config or budgeted?)
2026-09-16 18:24:18.368 Df PeachCommander[1750:24f2] [com.apple.xpc:connection] [0x85f065a40] activating connection: mach=true listener=false peer=false name=com.apple.dock.fullscreen
2026-09-16 18:24:18.369 Df PeachCommander[1750:24ea] [com.apple.xpc:connection] [0x85f065b80] activating connection: mach=true listener=false peer=false name=com.apple.fonts
2026-09-16 18:24:18.373 I  PeachCommander[1750:24ea] [com.apple.launchservices:cas] information in shared memory for 0x0-0x2c02c with seed 533 was still valid, so using cached info { "ApplicationType"="Foreground", "BuildMachineOSBuild"="25E246", "BundleIdentifierLowerCase"="com.peachcommander.app", "CFBundleDevelopmentRegion"="en", "CFBundleDocumentTypes"=( { "CFBundleTypeName"="Peach Commander Plugin Package", "CFBundleTypeRole"="Viewer", "LSHandlerRank"="Owner", "LSItemContentTypes"=( "com.peachcommander.plugin-package") }, { "CFBundleTypeName"="Peach Commander Workspace", "CFBundleTypeRole"="Viewer", "LSHandlerRank"="Owner", "LSItemContentTypes"=( "com.peachcommander.workspace") }), "CFBundleExecutable"="PeachCommander", "CFBundleExecutablePath"="/Users/admin/pc-test/PeachCommander.app/Contents/MacOS/PeachCommander", "CFBundleExecutablePathDeviceID"=16777229, "CFBundleExecutablePathINode"=488189, "CFBundleHelpBookFolder"="PeachCommander.help", "CFBundleHelpBookName"="Peach Commander Help", "CFBundleIconFile"="AppIcon", "CFBundleIconName"="AppIcon", "CFBundleIdentifier"="com.peachcommander.app", "CFBundleInfoDictionaryVersion"="6.0", "CFBundleName"="PeachCo<…>
2026-09-16 18:24:18.373 I  PeachCommander[1750:24ea] [com.apple.CoreAnalytics:client] Dropping "com.apple.appkit.app_config" as it isn't used in any transform (not in the config or budgeted?)
2026-09-16 18:24:18.373 Df PeachCommander[1750:24ea] [com.apple.AppKit:AutomaticTermination] -[NSApplication(NSAppssassination) _checkForAutomaticTerminationSupportPossiblyEnablingIt]_block_invoke Enabling automatic termination support.
2026-09-16 18:24:18.374 Df PeachCommander[1750:24ea] [com.apple.xpc:connection] [0x85f064dc0] activating connection: mach=true listener=false peer=false name=com.apple.appkit.restoration_storage
2026-09-16 18:24:18.374 I  PeachCommander[1750:24ea] [com.apple.launchservices:cas] information in shared memory for 0x0-0x2c02c with seed 533 was still valid, so using cached info { "ApplicationType"="Foreground", "BuildMachineOSBuild"="25E246", "BundleIdentifierLowerCase"="com.peachcommander.app", "CFBundleDevelopmentRegion"="en", "CFBundleDocumentTypes"=( { "CFBundleTypeName"="Peach Commander Plugin Package", "CFBundleTypeRole"="Viewer", "LSHandlerRank"="Owner", "LSItemContentTypes"=( "com.peachcommander.plugin-package") }, { "CFBundleTypeName"="Peach Commander Workspace", "CFBundleTypeRole"="Viewer", "LSHandlerRank"="Owner", "LSItemContentTypes"=( "com.peachcommander.workspace") }), "CFBundleExecutable"="PeachCommander", "CFBundleExecutablePath"="/Users/admin/pc-test/PeachCommander.app/Contents/MacOS/PeachCommander", "CFBundleExecutablePathDeviceID"=16777229, "CFBundleExecutablePathINode"=488189, "CFBundleHelpBookFolder"="PeachCommander.help", "CFBundleHelpBookName"="Peach Commander Help", "CFBundleIconFile"="AppIcon", "CFBundleIconName"="AppIcon", "CFBundleIdentifier"="com.peachcommander.app", "CFBundleInfoDictionaryVersion"="6.0", "CFBundleName"="PeachCo<…>
2026-09-16 18:24:18.374 Df PeachCommander[1750:24ea] [com.apple.xpc:connection] [0x85f064f00] activating connection: mach=true listener=false peer=false name=com.apple.coreservices.appleevents
2026-09-16 18:24:18.374 I  PeachCommander[1750:24ea] [com.apple.appleevents:main] _AEGetRegisteredMachPort() created default port (port:45059/0xb003 rcv:1 send:1 limit:5) and registered it with server
2026-09-16 18:24:18.374 Df PeachCommander[1750:24ea] [com.apple.xpc:connection] [0x85f064280] Connection returned listener port: 0x5403
2026-09-16 18:24:18.375 I  PeachCommander[1750:24ea] [com.apple.launchservices:cas] information in shared memory for 0x0-0x2c02c with seed 533 was still valid, so using cached info { "ApplicationType"="Foreground", "BuildMachineOSBuild"="25E246", "BundleIdentifierLowerCase"="com.peachcommander.app", "CFBundleDevelopmentRegion"="en", "CFBundleDocumentTypes"=( { "CFBundleTypeName"="Peach Commander Plugin Package", "CFBundleTypeRole"="Viewer", "LSHandlerRank"="Owner", "LSItemContentTypes"=( "com.peachcommander.plugin-package") }, { "CFBundleTypeName"="Peach Commander Workspace", "CFBundleTypeRole"="Viewer", "LSHandlerRank"="Owner", "LSItemContentTypes"=( "com.peachcommander.workspace") }), "CFBundleExecutable"="PeachCommander", "CFBundleExecutablePath"="/Users/admin/pc-test/PeachCommander.app/Contents/MacOS/PeachCommander", "CFBundleExecutablePathDeviceID"=16777229, "CFBundleExecutablePathINode"=488189, "CFBundleHelpBookFolder"="PeachCommander.help", "CFBundleHelpBookName"="Peach Commander Help", "CFBundleIconFile"="AppIcon", "CFBundleIconName"="AppIcon", "CFBundleIdentifier"="com.peachcommander.app", "CFBundleInfoDictionaryVersion"="6.0", "CFBundleName"="PeachCo<…>
2026-09-16 18:24:18.375 Df PeachCommander[1750:24ea] [com.apple.processmanager:front-35286506] SignalReady: pid=1750 asn=0x0-0x2c02c
2026-09-16 18:24:18.375 Df PeachCommander[1750:24ea] [com.apple.processmanager:front-35286506] SIGNAL: pid=1750 asn=0x0x-0x2c02c
2026-09-16 18:24:18.375 I  PeachCommander[1750:24ea] [com.apple.appleevents:main] aeGenerateFakeFirstOAPPEventIfNecessary()
2026-09-16 18:24:18.375 I  PeachCommander[1750:24ea] [com.apple.appleevents:main] aeGenerateFakeFirstOAPPEventIfNecessary(), needToCreateFakeOAPPEventIfFirstEvent == true
2026-09-16 18:24:18.375 I  PeachCommander[1750:24ea] [com.apple.launchservices:cas] Removing cached information for app [ 0x0-0x2c02c]  "PeachCommander", as its seed is different from that in shared memory ( 533 vs 535)
2026-09-16 18:24:18.376 I  PeachCommander[1750:24ea] [com.apple.CFPasteboard:entry] CopyData('DefaultAsciiKeyboardLayoutPasteboard' (<CFUUID 0x85ed9bd60> E675DF16-9B9A-4759-9748-66E6C1F92076) gen: -1 item: 1264739405 flavor: 'DefaultAsciiKeyboardLayoutFlavor')
2026-09-16 18:24:18.376 I  PeachCommander[1750:24ea] [com.apple.CFPasteboard:cache] Rebuilding cache for 'DefaultAsciiKeyboardLayoutPasteboard' (<CFUUID 0x85ed9bd60> E675DF16-9B9A-4759-9748-66E6C1F92076)
2026-09-16 18:24:18.376 I  PeachCommander[1750:24ea] [com.apple.CFPasteboard:exit] (not-in-cache) - result: -8 generation: 0 null data flags: 0
2026-09-16 18:24:18.376 A  PeachCommander[1750:24ea] (CoreFoundation) Loading Preferences From User CFPrefsD
2026-09-16 18:24:18.376 A  PeachCommander[1750:24ea] (CoreFoundation) Loading Preferences From System CFPrefsD
2026-09-16 18:24:18.377 I  PeachCommander[1750:24ea] [com.apple.CFPasteboard:entry] CopyData('AppleIntlFileCacheModificationDatePasteboard' (<CFUUID 0x85ed9bee0> FBF3E224-6BB4-45C1-97F1-34D549BC7F06) gen: -1 item: 1 flavor: '-32766 1768845414')
2026-09-16 18:24:18.377 I  PeachCommander[1750:24ea] [com.apple.CFPasteboard:cache] Rebuilding cache for 'AppleIntlFileCacheModificationDatePasteboard' (<CFUUID 0x85ed9bee0> FBF3E224-6BB4-45C1-97F1-34D549BC7F06)
2026-09-16 18:24:18.377 I  PeachCommander[1750:24ea] [com.apple.CFPasteboard:general] Will request data from daemon
2026-09-16 18:24:18.377 I  PeachCommander[1750:24ea] [com.apple.CFPasteboard:exit] (not-in-cache) - result: 0 generation: 4 data (310 bytes) flags: 0
2026-09-16 18:24:18.377 I  PeachCommander[1750:24ea] [com.apple.CFPasteboard:entry] CopyData('AppleIntlFileCacheModificationDatePasteboard' (<CFUUID 0x85ed9bee0> FBF3E224-6BB4-45C1-97F1-34D549BC7F06) gen: -1 item: 1 flavor: '-32765 1802264953')
2026-09-16 18:24:18.377 I  PeachCommander[1750:24ea] [com.apple.CFPasteboard:general] Will request data from daemon
2026-09-16 18:24:18.377 I  PeachCommander[1750:24ea] [com.apple.CFPasteboard:exit] (not-in-cache) - result: 0 generation: 4 data (306 bytes) flags: 0
2026-09-16 18:24:18.377 I  PeachCommander[1750:24ea] [com.apple.CFPasteboard:entry] CopyData('AppleIntlFileCacheModificationDatePasteboard' (<CFUUID 0x85ed9bee0> FBF3E224-6BB4-45C1-97F1-34D549BC7F06) gen: -1 item: 1 flavor: '-32764 1802264953')
2026-09-16 18:24:18.377 I  PeachCommander[1750:24ea] [com.apple.CFPasteboard:general] Will request data from daemon
2026-09-16 18:24:18.377 I  PeachCommander[1750:24ea] [com.apple.CFPasteboard:exit] (not-in-cache) - result: 0 generation: 4 data (281 bytes) flags: 0
2026-09-16 18:24:18.377 I  PeachCommander[1750:24ea] [com.apple.CFPasteboard:entry] CopyData('AppleIntlFileCacheModificationDatePasteboard' (<CFUUID 0x85ed9bee0> FBF3E224-6BB4-45C1-97F1-34D549BC7F06) gen: -1 item: 1 flavor: '-32763 1802264953')
2026-09-16 18:24:18.377 I  PeachCommander[1750:24ea] [com.apple.CFPasteboard:general] Will request data from daemon
2026-09-16 18:24:18.378 I  PeachCommander[1750:24ea] [com.apple.CFPasteboard:exit] (not-in-cache) - result: 0 generation: 4 data (318 bytes) flags: 0
2026-09-16 18:24:18.378 I  PeachCommander[1750:24ea] [com.apple.CFPasteboard:entry] CopyData('AppleIntlFileCacheModificationDatePasteboard' (<CFUUID 0x85ed9bee0> FBF3E224-6BB4-45C1-97F1-34D549BC7F06) gen: -1 item: 1 flavor: '-32765 1768845414')
2026-09-16 18:24:18.378 I  PeachCommander[1750:24ea] [com.apple.CFPasteboard:general] Will request data from daemon
2026-09-16 18:24:18.378 I  PeachCommander[1750:24ea] [com.apple.CFPasteboard:exit] (not-in-cache) - result: 0 generation: 4 data (303 bytes) flags: 0
2026-09-16 18:24:18.378 I  PeachCommander[1750:24ea] [com.apple.CFPasteboard:entry] CopyData('AppleIntlFileCacheModificationDatePasteboard' (<CFUUID 0x85ed9bee0> FBF3E224-6BB4-45C1-97F1-34D549BC7F06) gen: -1 item: 1 flavor: '-32763 1768845414')
2026-09-16 18:24:18.378 I  PeachCommander[1750:24ea] [com.apple.CFPasteboard:general] Will request data from daemon
2026-09-16 18:24:18.378 I  PeachCommander[1750:24ea] [com.apple.CFPasteboard:exit] (not-in-cache) - result: 0 generation: 4 data (315 bytes) flags: 0
2026-09-16 18:24:18.379 I  PeachCommander[1750:24ea] [com.apple.launchservices:cas] information in shared memory for 0x0-0x2c02c with seed 535 was still valid, so using cached info { "ApplicationType"="Foreground", "BuildMachineOSBuild"="25E246", "BundleIdentifierLowerCase"="com.peachcommander.app", "CFBundleDevelopmentRegion"="en", "CFBundleDocumentTypes"=( { "CFBundleTypeName"="Peach Commander Plugin Package", "CFBundleTypeRole"="Viewer", "LSHandlerRank"="Owner", "LSItemContentTypes"=( "com.peachcommander.plugin-package") }, { "CFBundleTypeName"="Peach Commander Workspace", "CFBundleTypeRole"="Viewer", "LSHandlerRank"="Owner", "LSItemContentTypes"=( "com.peachcommander.workspace") }), "CFBundleExecutable"="PeachCommander", "CFBundleExecutablePath"="/Users/admin/pc-test/PeachCommander.app/Contents/MacOS/PeachCommander", "CFBundleExecutablePathDeviceID"=16777229, "CFBundleExecutablePathINode"=488189, "CFBundleHelpBookFolder"="PeachCommander.help", "CFBundleHelpBookName"="Peach Commander Help", "CFBundleIconFile"="AppIcon", "CFBundleIconName"="AppIcon", "CFBundleIdentifier"="com.peachcommander.app", "CFBundleInfoDictionaryVersion"="6.0", "CFBundleName"="PeachCo<…>
2026-09-16 18:24:18.379 Df PeachCommander[1750:24ea] [com.apple.xpc:connection] [0x85f065e00] activating connection: mach=false listener=false peer=false name=com.apple.ViewBridgeAuxiliary
2026-09-16 18:24:18.386 Df PeachCommander[1750:24ea] [com.apple.xpc:connection] [0x85f065cc0] activating connection: mach=false listener=false peer=false name=(anonymous)
2026-09-16 18:24:18.386 Df PeachCommander[1750:24ea] [com.apple.xpc:connection] [0x85f065f40] activating connection: mach=false listener=true peer=false name=(anonymous)
2026-09-16 18:24:18.386 Df PeachCommander[1750:24ea] [com.apple.xpc:connection] [0x85f065f40] Connection returned listener port: 0xb503
2026-09-16 18:24:18.386 Df PeachCommander[1750:24ea] [com.apple.xpc:connection] [0x85f065e00] invalidated after the last release of the connection object
2026-09-16 18:24:18.387 I  PeachCommander[1750:24ea] [com.apple.runningboard:assertion] Acquiring assertion: <RBSAssertionDescriptor| "AppNap adapter assertion" ID:(null) target:1750>
2026-09-16 18:24:18.390 I  PeachCommander[1750:24ea] [com.apple.showhide:pr-59900543] SHOWHIDE: SHOW id=20 0x0-0x2C02C, err=0 eventTime=101162216833 windowID=0
2026-09-16 18:24:18.390 I  PeachCommander[1750:24ea] [com.apple.CarbonCore:coreservicesdaemon] findOrCreateCacheable():findOrCreateCacheable(), factoryName=3 cacheableName=<private> fCacheables.size()=0
2026-09-16 18:24:18.390 I  PeachCommander[1750:24ea] [com.apple.CarbonCore:coreservicesdaemon] findOrCreateCacheable():findOrCreateCacheable(), result = 0x85f00ac80 (should be non-NULL)
2026-09-16 18:24:18.390 Df PeachCommander[1750:24ea] [com.apple.AppKit:AutomaticTermination] void _NSDisableAutomaticTerminationAndLog(NSString *) Restoring windows
2026-09-16 18:24:18.390 Df PeachCommander[1750:24ea] [com.apple.AppKit:StateRestoration] -[NSApplication _reopenWindowsAsNecessaryIncludingRestorableState:withFullFidelity:completionHandler:] shouldRestoreState=1 hasPersistentStateToRestore=0 shouldStillRestoreStateAfterPrompting=0
2026-09-16 18:24:18.390 Df PeachCommander[1750:24ea] [com.apple.xpc:connection] [0x85f065e00] activating connection: mach=true listener=false peer=false name=com.apple.window_proxies
2026-09-16 18:24:18.390 Df PeachCommander[1750:24ea] [com.apple.xpc:connection] [0x85f065e00] invalidated because the current process cancelled the connection by calling xpc_connection_cancel()
2026-09-16 18:24:18.390 I  PeachCommander[1750:24ea] [com.apple.SkyLight:processes] 0[outside of RPC]: SLSSetFrontProcessWithInfo(0x0-0x2 window=0 options=0x1
2026-09-16 18:24:18.391 I  PeachCommander[1750:24ea] [com.apple.CoreAnalytics:client] Dropping "com.apple.appkit.app_config" as it isn't used in any transform (not in the config or budgeted?)
2026-09-16 18:24:18.391 Df PeachCommander[1750:24ea] [com.apple.AppKit:AutomaticTermination] void _NSEnableAutomaticTerminationAndLog(NSString *) Restoring windows
2026-09-16 18:24:18.394 I  PeachCommander[1750:24ea] [com.apple.CoreAnalytics:client] Dropping "com.apple.appkit.app_config" as it isn't used in any transform (not in the config or budgeted?)
2026-09-16 18:24:18.394 I  PeachCommander[1750:24ea] [com.apple.CoreAnalytics:client] Dropping "com.apple.appkit.app_config" as it isn't used in any transform (not in the config or budgeted?)
2026-09-16 18:24:18.405 A  PeachCommander[1750:24f2] (RunningBoardServices) didChangeInheritances
2026-09-16 18:24:18.410 A  PeachCommander[1750:24ea] (CoreFoundation) Loading Preferences From User CFPrefsD
2026-09-16 18:24:18.417 I  PeachCommander[1750:24ea] [com.peachcommander:PCFoundation] VolumeManager initialized
2026-09-16 18:24:18.442 Df PeachCommander[1750:24ea] [com.apple.BoardServices:XPCErrors] [C:1] Alloc <private>
2026-09-16 18:24:18.442 Df PeachCommander[1750:24ea] [com.apple.xpc:connection] [0x85f361540] activating connection: mach=false listener=false peer=false name=(anonymous)
2026-09-16 18:24:18.444 I  PeachCommander[1750:24ea] [com.apple.AppKit:Window] context (0 -> e9ab5c36) for window 47
2026-09-16 18:24:18.445 Df PeachCommander[1750:24f6] [com.apple.corespotlight:index] (<private>) deleteSearchableItemsWithDomainIdentifiers, protectionClass:(null), domainIdentifiers number:1
2026-09-16 18:24:18.445 A  PeachCommander[1750:24f6] (CoreSpotlight) delete-domains
2026-09-16 18:24:18.445 Df PeachCommander[1750:24f2] [com.apple.corespotlight:index] CSInlineDonation:<private>: Skipping donation (feature flag disabled)
2026-09-16 18:24:18.445 Df PeachCommander[1750:24f2] (CoreSpotlight) sConnectionName: com.apple.spotlight.IndexAgent
2026-09-16 18:24:18.445 Df PeachCommander[1750:24f2] (CoreSpotlight) Start service name com.apple.spotlight.IndexAgent
2026-09-16 18:24:18.445 Df PeachCommander[1750:24f2] [com.apple.xpc:connection] [0x85f3617c0] activating connection: mach=true listener=false peer=false name=com.apple.spotlight.IndexAgent
2026-09-16 18:24:18.445 I  PeachCommander[1750:24ea] [com.peachcommander:PCFoundation] MainWindowController initialized (config: <private>)
2026-09-16 18:24:18.446 I  PeachCommander[1750:24ea] [com.peachcommander:PCFoundation] SelectionState initialized
2026-09-16 18:24:18.446 I  PeachCommander[1750:24ea] [com.peachcommander:PCFoundation] DirectoryModel initialized
2026-09-16 18:24:18.446 I  PeachCommander[1750:24ea] [com.peachcommander:PCFoundation] VolumeManager initialized
2026-09-16 18:24:18.446 I  PeachCommander[1750:24ea] [com.peachcommander:PCFoundation] PanelController initialized for <private> panel
2026-09-16 18:24:18.446 I  PeachCommander[1750:24ea] [com.peachcommander:PCFoundation] SelectionState initialized
2026-09-16 18:24:18.446 I  PeachCommander[1750:24ea] [com.peachcommander:PCFoundation] DirectoryModel initialized
2026-09-16 18:24:18.446 I  PeachCommander[1750:24ea] [com.peachcommander:PCFoundation] VolumeManager initialized
2026-09-16 18:24:18.446 I  PeachCommander[1750:24ea] [com.peachcommander:PCFoundation] PanelController initialized for <private> panel
2026-09-16 18:24:18.451 I  PeachCommander[1750:24ea] [com.apple.AppKit:Animation] Running new animation: <private>
2026-09-16 18:24:18.451 I  PeachCommander[1750:24ea] [com.apple.AppKit:Animation] Running new animation: <private>
2026-09-16 18:24:18.451 I  PeachCommander[1750:24ea] [com.apple.AppKit:Animation] Running new animation: <private>
2026-09-16 18:24:18.451 I  PeachCommander[1750:24ea] [com.apple.AppKit:Animation] Running new animation: <private>
2026-09-16 18:24:18.451 I  PeachCommander[1750:24ea] [com.apple.AppKit:Animation] Running new animation: <private>
2026-09-16 18:24:18.454 I  PeachCommander[1750:24ea] [com.apple.AppKit:Animation] Running new animation: <private>
2026-09-16 18:24:18.454 I  PeachCommander[1750:24ea] [com.apple.AppKit:Animation] Running new animation: <private>
2026-09-16 18:24:18.454 I  PeachCommander[1750:24ea] [com.apple.AppKit:Animation] Running new animation: <private>
2026-09-16 18:24:18.454 I  PeachCommander[1750:24ea] [com.apple.AppKit:Animation] Running new animation: <private>
2026-09-16 18:24:18.454 I  PeachCommander[1750:24ea] [com.apple.AppKit:Animation] Running new animation: <private>
2026-09-16 18:24:18.463 I  PeachCommander[1750:24ea] [com.apple.CoreAnalytics:client] Dropping "com.apple.appkit.app_config" as it isn't used in any transform (not in the config or budgeted?)
2026-09-16 18:24:18.466 I  PeachCommander[1750:24ea] [com.apple.CoreAnalytics:client] Dropping "com.apple.appkit.app_config" as it isn't used in any transform (not in the config or budgeted?)
2026-09-16 18:24:18.477 Df PeachCommander[1750:24ea] [com.apple.xpc:connection] [0x85f55da40] activating connection: mach=true listener=false peer=false name=com.apple.iconservices
2026-09-16 18:24:18.477 Df PeachCommander[1750:24ea] [com.apple.xpc:connection] [0x85f55db80] activating connection: mach=true listener=false peer=false name=com.apple.iconservices.store
2026-09-16 18:24:18.478 I  PeachCommander[1750:24ea] [com.peachcommander:Theme] no user themes in /Users/admin/pc-cfg/themes
2026-09-16 18:24:18.478 Df PeachCommander[1750:24ea] [com.apple.AppKit:Appearance] Invalidate NSApp effectiveAppearance
2026-09-16 18:24:18.478 Df PeachCommander[1750:24ea] [com.apple.AppKit:Appearance] NSApp cache appearance:
-NSRequiresAquaSystemAppearance: 0
-appearance: <NSCompositeAppearance: 0x85ec999a0
 (
    "<NSDarkAquaAppearance: 0x85ec99a40>",
    "<NSSystemAppearance: 0x85ec98500>"
)>
-effectiveAppearance: <NSCompositeAppearance: 0x85ec999a0
 (
    "<NSDarkAquaAppearance: 0x85ec99a40>",
    "<NSSystemAppearance: 0x85ec98500>"
)>
2026-09-16 18:24:18.481 I  PeachCommander[1750:24ea] [com.peachcommander:PCFoundation] Theme applied: id=system, appearance=dark, dark=true, background=#333333
2026-09-16 18:24:18.521 I  PeachCommander[1750:24ea] [com.apple.AppKit:Image] ISImage reported a placeholder, image rep is providing a placeholder image for <private>
2026-09-16 18:24:18.521 I  PeachCommander[1750:24ea] [com.apple.AppKit:Image] ISImage reported a placeholder, image rep is providing a placeholder image for <private>
2026-09-16 18:24:18.523 I  PeachCommander[1750:24ea] [com.apple.CoreAnalytics:client] Dropping "com.apple.appkit.app_config" as it isn't used in any transform (not in the config or budgeted?)
2026-09-16 18:24:18.523 I  PeachCommander[1750:24f1] [com.apple.iconservices:foundation] layer data size zero
2026-09-16 18:24:18.525 I  PeachCommander[1750:24f6] [com.apple.iconservices:foundation] layer data size zero
2026-09-16 18:24:18.529 I  PeachCommander[1750:24ea] [com.apple.AppKit:Animation] Running new animation: <private>
2026-09-16 18:24:18.529 I  PeachCommander[1750:24ea] [com.apple.AppKit:Animation] Running new animation: <private>
2026-09-16 18:24:18.529 I  PeachCommander[1750:24ea] [com.apple.AppKit:Animation] Running new animation: <private>
2026-09-16 18:24:18.529 I  PeachCommander[1750:24ea] [com.apple.AppKit:Animation] Running new animation: <private>
2026-09-16 18:24:18.529 I  PeachCommander[1750:24ea] [com.apple.AppKit:Animation] Running new animation: <private>
2026-09-16 18:24:18.529 I  PeachCommander[1750:24ea] [com.apple.AppKit:Animation] Running new animation: <private>
2026-09-16 18:24:18.529 I  PeachCommander[1750:24ea] [com.apple.AppKit:Animation] Running new animation: <private>
2026-09-16 18:24:18.529 I  PeachCommander[1750:24ea] [com.apple.AppKit:Animation] Running new animation: <private>
2026-09-16 18:24:18.529 I  PeachCommander[1750:24ea] [com.apple.AppKit:Animation] Running new animation: <private>
2026-09-16 18:24:18.529 I  PeachCommander[1750:24ea] [com.apple.AppKit:Animation] Running new animation: <private>
2026-09-16 18:24:18.533 I  PeachCommander[1750:24ea] [com.peachcommander:PCFoundation] Keymap loaded: scheme=<private>, 82 effective bindings
2026-09-16 18:24:18.538 I  PeachCommander[1750:24ea] [com.apple.CoreAnalytics:client] Dropping "<private>" as it isn't used in any transform (not in the config or budgeted?)
2026-09-16 18:24:18.539 I  PeachCommander[1750:24ea] [com.apple.CoreAnalytics:client] Dropping "<private>" as it isn't used in any transform (not in the config or budgeted?)
2026-09-16 18:24:18.539 I  PeachCommander[1750:24ea] [com.apple.CoreAnalytics:client] Dropping "<private>" as it isn't used in any transform (not in the config or budgeted?)
2026-09-16 18:24:18.540 I  PeachCommander[1750:24ea] [com.peachcommander:PCFoundation] MainWindowController window loaded
2026-09-16 18:24:18.540 I  PeachCommander[1750:24ea] [com.apple.launchservices:cas] information in shared memory for 0x0-0x2c02c with seed 535 was still valid, so using cached info { "ApplicationType"="Foreground", "BuildMachineOSBuild"="25E246", "BundleIdentifierLowerCase"="com.peachcommander.app", "CFBundleDevelopmentRegion"="en", "CFBundleDocumentTypes"=( { "CFBundleTypeName"="Peach Commander Plugin Package", "CFBundleTypeRole"="Viewer", "LSHandlerRank"="Owner", "LSItemContentTypes"=( "com.peachcommander.plugin-package") }, { "CFBundleTypeName"="Peach Commander Workspace", "CFBundleTypeRole"="Viewer", "LSHandlerRank"="Owner", "LSItemContentTypes"=( "com.peachcommander.workspace") }), "CFBundleExecutable"="PeachCommander", "CFBundleExecutablePath"="/Users/admin/pc-test/PeachCommander.app/Contents/MacOS/PeachCommander", "CFBundleExecutablePathDeviceID"=16777229, "CFBundleExecutablePathINode"=488189, "CFBundleHelpBookFolder"="PeachCommander.help", "CFBundleHelpBookName"="Peach Commander Help", "CFBundleIconFile"="AppIcon", "CFBundleIconName"="AppIcon", "CFBundleIdentifier"="com.peachcommander.app", "CFBundleInfoDictionaryVersion"="6.0", "CFBundleName"="PeachCo<…>
2026-09-16 18:24:18.541 I  PeachCommander[1750:24ea] [com.apple.launchservices:cas] information in shared memory for 0x0-0x2c02c with seed 535 was still valid, so using cached info { "ApplicationType"="Foreground", "BuildMachineOSBuild"="25E246", "BundleIdentifierLowerCase"="com.peachcommander.app", "CFBundleDevelopmentRegion"="en", "CFBundleDocumentTypes"=( { "CFBundleTypeName"="Peach Commander Plugin Package", "CFBundleTypeRole"="Viewer", "LSHandlerRank"="Owner", "LSItemContentTypes"=( "com.peachcommander.plugin-package") }, { "CFBundleTypeName"="Peach Commander Workspace", "CFBundleTypeRole"="Viewer", "LSHandlerRank"="Owner", "LSItemContentTypes"=( "com.peachcommander.workspace") }), "CFBundleExecutable"="PeachCommander", "CFBundleExecutablePath"="/Users/admin/pc-test/PeachCommander.app/Contents/MacOS/PeachCommander", "CFBundleExecutablePathDeviceID"=16777229, "CFBundleExecutablePathINode"=488189, "CFBundleHelpBookFolder"="PeachCommander.help", "CFBundleHelpBookName"="Peach Commander Help", "CFBundleIconFile"="AppIcon", "CFBundleIconName"="AppIcon", "CFBundleIdentifier"="com.peachcommander.app", "CFBundleInfoDictionaryVersion"="6.0", "CFBundleName"="PeachCo<…>
2026-09-16 18:24:18.542 I  PeachCommander[1750:24ea] [com.apple.AppKit:Image] ISImage reported a placeholder, image rep is providing a placeholder image for <private>
2026-09-16 18:24:18.542 I  PeachCommander[1750:24ea] [com.apple.AppKit:Image] ISImage reported a placeholder, image rep is providing a placeholder image for <private>
2026-09-16 18:24:18.553 I  PeachCommander[1750:24ea] [com.apple.AppKit:Window] order window front conditionally: 47 related: 0
2026-09-16 18:24:18.553 Df PeachCommander[1750:24ea] [com.apple.AppKit:AutomaticTermination] void _NSEnableAutomaticTerminationAndLog(NSString *) No windows open yet
2026-09-16 18:24:18.554 I  PeachCommander[1750:24ea] [com.apple.AppKit:Intelligence] starting collection observation
2026-09-16 18:24:18.554 Df PeachCommander[1750:24f2] [com.apple.UIIntelligenceSupport:xpc] establishing connection to agent
2026-09-16 18:24:18.554 Df PeachCommander[1750:24f2] [com.apple.xpc:session] [0x85e1745f0] Session created.
2026-09-16 18:24:18.554 Df PeachCommander[1750:24f2] [com.apple.xpc:session] [0x85e1745f0] Session created from connection [0x85f55ed00]
2026-09-16 18:24:18.554 Df PeachCommander[1750:24f2] [com.apple.xpc:connection] [0x85f55ed00] activating connection: mach=true listener=false peer=false name=com.apple.uiintelligencesupport.agent
2026-09-16 18:24:18.554 Df PeachCommander[1750:24f2] [com.apple.xpc:session] [0x85e1745f0] Session activated
2026-09-16 18:24:18.554 I  PeachCommander[1750:24ea] [com.apple.SkyLight:processes] 0[outside of RPC]: SLSSetFrontProcessWithInfo(0x0-0x2 window=0 options=0x1
2026-09-16 18:24:18.554 Df PeachCommander[1750:24f6] [com.apple.UIIntelligenceSupport:xpc] Connection established with agent PID: 1187
2026-09-16 18:24:18.554 I  PeachCommander[1750:24ea] [com.apple.launchservices:cas] information in shared memory for 0x0-0x2c02c with seed 535 was still valid, so using cached info { "ApplicationType"="Foreground", "BuildMachineOSBuild"="25E246", "BundleIdentifierLowerCase"="com.peachcommander.app", "CFBundleDevelopmentRegion"="en", "CFBundleDocumentTypes"=( { "CFBundleTypeName"="Peach Commander Plugin Package", "CFBundleTypeRole"="Viewer", "LSHandlerRank"="Owner", "LSItemContentTypes"=( "com.peachcommander.plugin-package") }, { "CFBundleTypeName"="Peach Commander Workspace", "CFBundleTypeRole"="Viewer", "LSHandlerRank"="Owner", "LSItemContentTypes"=( "com.peachcommander.workspace") }), "CFBundleExecutable"="PeachCommander", "CFBundleExecutablePath"="/Users/admin/pc-test/PeachCommander.app/Contents/MacOS/PeachCommander", "CFBundleExecutablePathDeviceID"=16777229, "CFBundleExecutablePathINode"=488189, "CFBundleHelpBookFolder"="PeachCommander.help", "CFBundleHelpBookName"="Peach Commander Help", "CFBundleIconFile"="AppIcon", "CFBundleIconName"="AppIcon", "CFBundleIdentifier"="com.peachcommander.app", "CFBundleInfoDictionaryVersion"="6.0", "CFBundleName"="PeachCo<…>
2026-09-16 18:24:18.555 Df PeachCommander[1750:24ea] [com.apple.xpc:connection] [0x85f55ee40] activating connection: mach=true listener=false peer=false name=com.apple.FileCoordination
2026-09-16 18:24:18.555 Df PeachCommander[1750:24f6] [com.apple.foundation.filecoordination:presenter] Adding presenter 58E2E47B-AA37-4792-9F12-EE2ACBA6FF16 for URL: <private>
2026-09-16 18:24:18.555 I  PeachCommander[1750:24ea] [com.apple.launchservices:cas] information in shared memory for 0x0-0x2c02c with seed 535 was still valid, so using cached info { "ApplicationType"="Foreground", "BuildMachineOSBuild"="25E246", "BundleIdentifierLowerCase"="com.peachcommander.app", "CFBundleDevelopmentRegion"="en", "CFBundleDocumentTypes"=( { "CFBundleTypeName"="Peach Commander Plugin Package", "CFBundleTypeRole"="Viewer", "LSHandlerRank"="Owner", "LSItemContentTypes"=( "com.peachcommander.plugin-package") }, { "CFBundleTypeName"="Peach Commander Workspace", "CFBundleTypeRole"="Viewer", "LSHandlerRank"="Owner", "LSItemContentTypes"=( "com.peachcommander.workspace") }), "CFBundleExecutable"="PeachCommander", "CFBundleExecutablePath"="/Users/admin/pc-test/PeachCommander.app/Contents/MacOS/PeachCommander", "CFBundleExecutablePathDeviceID"=16777229, "CFBundleExecutablePathINode"=488189, "CFBundleHelpBookFolder"="PeachCommander.help", "CFBundleHelpBookName"="Peach Commander Help", "CFBundleIconFile"="AppIcon", "CFBundleIconName"="AppIcon", "CFBundleIdentifier"="com.peachcommander.app", "CFBundleInfoDictionaryVersion"="6.0", "CFBundleName"="PeachCo<…>
2026-09-16 18:24:18.559 I  PeachCommander[1750:24ea] [com.apple.AppKit:Window] order all windows front 101162216833
2026-09-16 18:24:18.559 I  PeachCommander[1750:24ea] [com.apple.launchservices:cas] information in shared memory for 0x0-0x2c02c with seed 535 was still valid, so using cached info { "ApplicationType"="Foreground", "BuildMachineOSBuild"="25E246", "BundleIdentifierLowerCase"="com.peachcommander.app", "CFBundleDevelopmentRegion"="en", "CFBundleDocumentTypes"=( { "CFBundleTypeName"="Peach Commander Plugin Package", "CFBundleTypeRole"="Viewer", "LSHandlerRank"="Owner", "LSItemContentTypes"=( "com.peachcommander.plugin-package") }, { "CFBundleTypeName"="Peach Commander Workspace", "CFBundleTypeRole"="Viewer", "LSHandlerRank"="Owner", "LSItemContentTypes"=( "com.peachcommander.workspace") }), "CFBundleExecutable"="PeachCommander", "CFBundleExecutablePath"="/Users/admin/pc-test/PeachCommander.app/Contents/MacOS/PeachCommander", "CFBundleExecutablePathDeviceID"=16777229, "CFBundleExecutablePathINode"=488189, "CFBundleHelpBookFolder"="PeachCommander.help", "CFBundleHelpBookName"="Peach Commander Help", "CFBundleIconFile"="AppIcon", "CFBundleIconName"="AppIcon", "CFBundleIdentifier"="com.peachcommander.app", "CFBundleInfoDictionaryVersion"="6.0", "CFBundleName"="PeachCo<…>
2026-09-16 18:24:18.559 I  PeachCommander[1750:24ea] [com.apple.showhide:pr-59900543] SHOWHIDE: CONFIRM, id=20, err=0
2026-09-16 18:24:18.560 I  PeachCommander[1750:24ea] [com.apple.AppKit:Window] context (0 -> 6f5b5dd3) for window 46
2026-09-16 18:24:18.560 I  PeachCommander[1750:24ea] [com.apple.AppKit:Window] context (0 -> 4067fe14) for window 45
2026-09-16 18:24:18.560 I  PeachCommander[1750:24ea] [com.apple.AppKit:Window] context (0 -> b2f2cb41) for window 44
2026-09-16 18:24:18.560 I  PeachCommander[1750:24ea] [com.apple.AppKit:Window] context (0 -> 959a5ce3) for window 43
2026-09-16 18:24:18.593 Df PeachCommander[1750:24ea] [com.apple.AppKit:AutomaticTermination] void _updateToReflectAutomaticTerminationState(void) Setting _kLSApplicationWouldBeTerminatedByTALKey=0
2026-09-16 18:24:18.596 I  PeachCommander[1750:24ea] [com.apple.AppKit:Image] ISImage reported a placeholder, image rep is providing a placeholder image for <private>
2026-09-16 18:24:18.596 I  PeachCommander[1750:24ea] [com.apple.AppKit:Image] ISImage reported a placeholder, image rep is providing a placeholder image for <private>
2026-09-16 18:24:18.596 I  PeachCommander[1750:24ea] [com.apple.AppKit:Image] ISImage reported a placeholder, image rep is providing a placeholder image for <private>
2026-09-16 18:24:18.597 I  PeachCommander[1750:24ea] [com.apple.AppKit:Image] ISImage reported a placeholder, image rep is providing a placeholder image for <private>
2026-09-16 18:24:18.597 I  PeachCommander[1750:24ea] [com.apple.AppKit:Image] ISImage reported a placeholder, image rep is providing a placeholder image for <private>
2026-09-16 18:24:18.597 I  PeachCommander[1750:24ea] [com.apple.AppKit:Image] ISImage reported a placeholder, image rep is providing a placeholder image for <private>
2026-09-16 18:24:18.626 A  PeachCommander[1750:24f1] (RunningBoardServices) didChangeInheritances
2026-09-16 18:24:18.676 Df PeachCommander[1750:24ea] [com.apple.libsystem.libdispatch:] DEPRECATED USE in libdispatch client: dispatch source activated with no event handler set; set a breakpoint on _dispatch_bug_deprecated to debug
2026-09-16 18:24:18.763 I  PeachCommander[1750:24ea] [com.apple.AppKit:Image] ISImage reported a placeholder, image rep is providing a placeholder image for <private>
2026-09-16 18:24:18.763 I  PeachCommander[1750:24ea] [com.apple.AppKit:Image] ISImage reported a placeholder, image rep is providing a placeholder image for <private>
2026-09-16 18:24:18.763 I  PeachCommander[1750:24ea] [com.apple.AppKit:Image] ISImage reported a placeholder, image rep is providing a placeholder image for <private>
2026-09-16 18:24:18.770 I  PeachCommander[1750:24ea] [com.apple.AppKit:Image] ISImage reported a placeholder, image rep is providing a placeholder image for <private>
2026-09-16 18:24:18.771 I  PeachCommander[1750:24ea] [com.apple.AppKit:Image] ISImage reported a placeholder, image rep is providing a placeholder image for <private>
2026-09-16 18:24:18.776 I  PeachCommander[1750:24ea] [com.apple.AppKit:Image] ISImage reported a placeholder, image rep is providing a placeholder image for <private>
2026-09-16 18:24:18.776 I  PeachCommander[1750:24ea] [com.apple.AppKit:Image] ISImage reported a placeholder, image rep is providing a placeholder image for <private>
2026-09-16 18:24:18.779 I  PeachCommander[1750:24ea] [com.apple.AppKit:Image] ISImage reported a placeholder, image rep is providing a placeholder image for <private>
2026-09-16 18:24:18.779 I  PeachCommander[1750:24ea] [com.apple.AppKit:Image] ISImage reported a placeholder, image rep is providing a placeholder image for <private>
2026-09-16 18:24:18.815 I  PeachCommander[1750:24ea] [com.apple.CarbonCore:gestalt] SetGestaltValuesBulk SetGestaltValuesBulk( count=22 tuples=0x185256650
2026-09-16 18:24:18.815 I  PeachCommander[1750:24ea] [com.apple.CarbonCore:gestalt] SetGestaltValue SetGestaltValue(alis 1C9) => 0
2026-09-16 18:24:18.815 I  PeachCommander[1750:24ea] [com.apple.CarbonCore:gestalt] SetGestaltValue SetGestaltValue(os   FE) => 0
2026-09-16 18:24:18.815 I  PeachCommander[1750:24ea] [com.apple.CarbonCore:gestalt] SetGestaltValue SetGestaltValue(addr 7) => 0
2026-09-16 18:24:18.815 I  PeachCommander[1750:24ea] [com.apple.CarbonCore:gestalt] SetGestaltValue SetGestaltValue(fs   3D332) => 0
2026-09-16 18:24:18.815 I  PeachCommander[1750:24ea] [com.apple.CarbonCore:gestalt] SetGestaltValue SetGestaltValue(fold 11) => 0
2026-09-16 18:24:18.815 I  PeachCommander[1750:24ea] [com.apple.CarbonCore:gestalt] SetGestaltValue SetGestaltValue(lram 7FFFF000) => 0
2026-09-16 18:24:18.815 I  PeachCommander[1750:24ea] [com.apple.CarbonCore:gestalt] SetGestaltValue SetGestaltValue(mmap 1) => 0
2026-09-16 18:24:18.815 I  PeachCommander[1750:24ea] [com.apple.CarbonCore:gestalt] SetGestaltValue SetGestaltValue(cfrg 1) => 0
2026-09-16 18:24:18.815 I  PeachCommander[1750:24ea] [com.apple.CarbonCore:gestalt] SetGestaltValue SetGestaltValue(thds 7) => 0
2026-09-16 18:24:18.815 I  PeachCommander[1750:24ea] [com.apple.CarbonCore:gestalt] SetGestaltValue SetGestaltValue(tmgr E) => 0
2026-09-16 18:24:18.815 I  PeachCommander[1750:24ea] [com.apple.CarbonCore:gestalt] SetGestaltValue SetGestaltValue(vers 7) => 0
2026-09-16 18:24:18.815 I  PeachCommander[1750:24ea] [com.apple.CarbonCore:gestalt] SetGestaltValue SetGestaltValue(cbon 160) => 0
2026-09-16 18:24:18.815 I  PeachCommander[1750:24ea] [com.apple.CarbonCore:gestalt] SetGestaltValue SetGestaltValue(cltn 1108000) => 0
2026-09-16 18:24:18.815 I  PeachCommander[1750:24ea] [com.apple.CarbonCore:gestalt] SetGestaltValue SetGestaltValue(cpnt 8) => 0
2026-09-16 18:24:18.815 I  PeachCommander[1750:24ea] [com.apple.CarbonCore:gestalt] SetGestaltValue SetGestaltValue(rsrc 3) => 0
2026-09-16 18:24:18.815 I  PeachCommander[1750:24ea] [com.apple.CarbonCore:gestalt] SetGestaltValue SetGestaltValue(rmbg 11F) => 0
2026-09-16 18:24:18.815 I  PeachCommander[1750:24ea] [com.apple.CarbonCore:gestalt] SetGestaltValue SetGestaltValue(vm   11) => 0
2026-09-16 18:24:18.815 I  PeachCommander[1750:24ea] [com.apple.CarbonCore:gestalt] SetGestaltValue SetGestaltValue(srad 4170706C) => 0
2026-09-16 18:24:18.815 I  PeachCommander[1750:24ea] [com.apple.CarbonCore:gestalt] SetGestaltValue SetGestaltValue(sysa 14) => 0
2026-09-16 18:24:18.815 I  PeachCommander[1750:24ea] [com.apple.CarbonCore:gestalt] SetGestaltValue SetGestaltValue(copl 9) => 0
2026-09-16 18:24:18.815 I  PeachCommander[1750:24ea] [com.apple.CarbonCore:gestalt] SetGestaltValue SetGestaltValue(xlat 0) => 0
2026-09-16 18:24:18.815 I  PeachCommander[1750:24ea] [com.apple.CarbonCore:gestalt] SetGestaltValue SetGestaltValue(stdf 0) => 0
2026-09-16 18:24:18.815 I  PeachCommander[1750:24ea] [com.apple.CarbonCore:gestalt] _NewGestalt _NewGestalt(ram  0x1851cf644) => 0
2026-09-16 18:24:18.815 I  PeachCommander[1750:24ea] [com.apple.CarbonCore:gestalt] _NewGestalt _NewGestalt(ramm 0x1851cf644) => 0
2026-09-16 18:24:18.815 I  PeachCommander[1750:24ea] [com.apple.CarbonCore:gestalt] _NewGestalt _NewGestalt(cput 0x1851cf734) => 0
2026-09-16 18:24:18.815 I  PeachCommander[1750:24ea] [com.apple.CarbonCore:gestalt] _NewGestalt _NewGestalt(cpuf 0x1851cf764) => 0
2026-09-16 18:24:18.815 I  PeachCommander[1750:24ea] [com.apple.CarbonCore:gestalt] _NewGestalt _NewGestalt(bclk 0x1851cf794) => 0
2026-09-16 18:24:18.815 I  PeachCommander[1750:24ea] [com.apple.CarbonCore:gestalt] _NewGestalt _NewGestalt(bclm 0x1851cf794) => 0
2026-09-16 18:24:18.815 I  PeachCommander[1750:24ea] [com.apple.CarbonCore:gestalt] _NewGestalt _NewGestalt(pclk 0x1851cf834) => 0
2026-09-16 18:24:18.815 I  PeachCommander[1750:24ea] [com.apple.CarbonCore:gestalt] _NewGestalt _NewGestalt(mclk 0x1851cf834) => 0
2026-09-16 18:24:18.815 I  PeachCommander[1750:24ea] [com.apple.CarbonCore:gestalt] _NewGestalt _NewGestalt(a/ux 0x1851cf94c) => 0
2026-09-16 18:24:18.815 I  PeachCommander[1750:24ea] [com.apple.CarbonCore:gestalt] _NewGestalt _NewGestalt(pgsz 0x1851cf954) => 0
2026-09-16 18:24:18.815 I  PeachCommander[1750:24ea] [com.apple.CarbonCore:gestalt] _NewGestalt _NewGestalt(csiz 0x1851cf994) => 0
2026-09-16 18:24:18.815 I  PeachCommander[1750:24ea] [com.apple.CarbonCore:gestalt] _NewGestalt _NewGestalt(sysv 0x18517adfc) => 0
2026-09-16 18:24:18.815 I  PeachCommander[1750:24ea] [com.apple.CarbonCore:gestalt] _NewGestalt _NewGestalt(sys1 0x18517adfc) => 0
2026-09-16 18:24:18.815 I  PeachCommander[1750:24ea] [com.apple.CarbonCore:gestalt] _NewGestalt _NewGestalt(sys2 0x18517adfc) => 0
2026-09-16 18:24:18.815 I  PeachCommander[1750:24ea] [com.apple.CarbonCore:gestalt] _NewGestalt _NewGestalt(sys3 0x18517adfc) => 0
2026-09-16 18:24:18.815 I  PeachCommander[1750:24ea] [com.apple.CarbonCore:gestalt] _NewGestalt _NewGestalt(cdfl 0x1851cf9d4) => 0
2026-09-16 18:24:18.815 I  PeachCommander[1750:24ea] [com.apple.CarbonCore:gestalt] _NewGestalt _NewGestalt(cdrm 0x1851cfc30) => 0
2026-09-16 18:24:18.815 I  PeachCommander[1750:24ea] [com.apple.CarbonCore:gestalt] _NewGestalt _NewGestalt(cpus 0x1851cfc78) => 0
2026-09-16 18:24:18.815 I  PeachCommander[1750:24ea] [com.apple.CarbonCore:gestalt] SetGestaltValue SetGestaltValue(swex 1) => 0
2026-09-16 18:24:18.815 Df PeachCommander[1750:24ea] [com.apple.xpc:connection] [0x85fa4c140] activating connection: mach=false listener=false peer=false name=com.apple.hiservices-xpcservice
2026-09-16 18:24:18.816 I  PeachCommander[1750:24ea] [com.apple.CFPasteboard:entry] CopyData('ApplePerContextInputPasteboard' (<CFUUID 0x85d8a0d20> 38609616-DEB8-4C2A-B9D2-62760F78C4D0) gen: -1 item: 1264739405 flavor: 'ApplePerContextInputFlavor')
2026-09-16 18:24:18.816 I  PeachCommander[1750:24ea] [com.apple.CFPasteboard:cache] Rebuilding cache for 'ApplePerContextInputPasteboard' (<CFUUID 0x85d8a0d20> 38609616-DEB8-4C2A-B9D2-62760F78C4D0)
2026-09-16 18:24:18.816 I  PeachCommander[1750:24ea] [com.apple.CFPasteboard:general] Will request data from daemon
2026-09-16 18:24:18.817 I  PeachCommander[1750:24ea] [com.apple.CFPasteboard:exit] (not-in-cache) - result: 0 generation: 1 data (182 bytes) flags: 0
2026-09-16 18:24:18.817 I  PeachCommander[1750:24ea] [com.apple.CFPasteboard:entry] CopyData('DefaultAsciiKeyboardLayoutPasteboard' (<CFUUID 0x85ed9bd60> E675DF16-9B9A-4759-9748-66E6C1F92076) gen: -1 item: 1264739405 flavor: 'DefaultAsciiKeyboardLayoutFlavor')
2026-09-16 18:24:18.817 I  PeachCommander[1750:24ea] [com.apple.CFPasteboard:exit] (not-in-cache) - result: -8 generation: 0 null data flags: 0
2026-09-16 18:24:18.826 I  PeachCommander[1750:24ea] [com.apple.AppKit:Image] ISImage reported a placeholder, image rep is providing a placeholder image for <private>
2026-09-16 18:24:18.832 I  PeachCommander[1750:24ea] [com.apple.AppKit:Image] ISImage reported a placeholder, image rep is providing a placeholder image for <private>
2026-09-16 18:24:18.832 I  PeachCommander[1750:24ea] [com.apple.AppKit:Image] ISImage reported a placeholder, image rep is providing a placeholder image for <private>
2026-09-16 18:24:18.833 I  PeachCommander[1750:24ea] [com.apple.AppKit:Image] ISImage reported a placeholder, image rep is providing a placeholder image for <private>
2026-09-16 18:24:18.833 I  PeachCommander[1750:24ea] [com.apple.AppKit:Image] ISImage reported a placeholder, image rep is providing a placeholder image for <private>
2026-09-16 18:24:18.835 I  PeachCommander[1750:24ea] [com.apple.AppKit:Image] ISImage reported a placeholder, image rep is providing a placeholder image for <private>
2026-09-16 18:24:18.835 I  PeachCommander[1750:24ea] [com.apple.AppKit:Image] ISImage reported a placeholder, image rep is providing a placeholder image for <private>
2026-09-16 18:24:18.837 I  PeachCommander[1750:24ea] [com.apple.AppKit:Image] ISImage reported a placeholder, image rep is providing a placeholder image for <private>
2026-09-16 18:24:18.837 I  PeachCommander[1750:24ea] [com.apple.AppKit:Image] ISImage reported a placeholder, image rep is providing a placeholder image for <private>
2026-09-16 18:24:18.838 I  PeachCommander[1750:24ea] [com.apple.AppKit:Image] ISImage reported a placeholder, image rep is providing a placeholder image for <private>
2026-09-16 18:24:18.838 I  PeachCommander[1750:24ea] [com.apple.AppKit:Image] ISImage reported a placeholder, image rep is providing a placeholder image for <private>
2026-09-16 18:24:18.840 I  PeachCommander[1750:24ea] [com.apple.AppKit:Image] ISImage reported a placeholder, image rep is providing a placeholder image for <private>
2026-09-16 18:24:18.840 I  PeachCommander[1750:24ea] [com.apple.AppKit:Image] ISImage reported a placeholder, image rep is providing a placeholder image for <private>
2026-09-16 18:24:18.842 I  PeachCommander[1750:24ea] [com.apple.AppKit:Image] ISImage reported a placeholder, image rep is providing a placeholder image for <private>
2026-09-16 18:24:18.842 I  PeachCommander[1750:24ea] [com.apple.AppKit:Image] ISImage reported a placeholder, image rep is providing a placeholder image for <private>
2026-09-16 18:24:18.843 I  PeachCommander[1750:24ea] [com.apple.AppKit:Image] ISImage reported a placeholder, image rep is providing a placeholder image for <private>
2026-09-16 18:24:18.843 I  PeachCommander[1750:24ea] [com.apple.AppKit:Image] ISImage reported a placeholder, image rep is providing a placeholder image for <private>
2026-09-16 18:24:18.845 I  PeachCommander[1750:24ea] [com.apple.AppKit:Image] ISImage reported a placeholder, image rep is providing a placeholder image for <private>
2026-09-16 18:24:18.845 I  PeachCommander[1750:24ea] [com.apple.AppKit:Image] ISImage reported a placeholder, image rep is providing a placeholder image for <private>
2026-09-16 18:24:18.846 I  PeachCommander[1750:24ea] [com.apple.AppKit:Image] ISImage reported a placeholder, image rep is providing a placeholder image for <private>
2026-09-16 18:24:18.846 I  PeachCommander[1750:24ea] [com.apple.AppKit:Image] ISImage reported a placeholder, image rep is providing a placeholder image for <private>
2026-09-16 18:24:18.847 I  PeachCommander[1750:24ea] [com.apple.AppKit:Image] ISImage reported a placeholder, image rep is providing a placeholder image for <private>
2026-09-16 18:24:18.847 I  PeachCommander[1750:24ea] [com.apple.AppKit:Image] ISImage reported a placeholder, image rep is providing a placeholder image for <private>
2026-09-16 18:24:18.849 I  PeachCommander[1750:24ea] [com.apple.AppKit:Image] ISImage reported a placeholder, image rep is providing a placeholder image for <private>
2026-09-16 18:24:18.849 I  PeachCommander[1750:24ea] [com.apple.AppKit:Image] ISImage reported a placeholder, image rep is providing a placeholder image for <private>
2026-09-16 18:24:18.850 I  PeachCommander[1750:24ea] [com.apple.AppKit:Image] ISImage reported a placeholder, image rep is providing a placeholder image for <private>
2026-09-16 18:24:18.850 I  PeachCommander[1750:24ea] [com.apple.AppKit:Image] ISImage reported a placeholder, image rep is providing a placeholder image for <private>
2026-09-16 18:24:18.852 I  PeachCommander[1750:24ea] [com.apple.AppKit:Image] ISImage reported a placeholder, image rep is providing a placeholder image for <private>
2026-09-16 18:24:18.852 I  PeachCommander[1750:24ea] [com.apple.AppKit:Image] ISImage reported a placeholder, image rep is providing a placeholder image for <private>
2026-09-16 18:24:18.853 I  PeachCommander[1750:24ea] [com.apple.AppKit:Image] ISImage reported a placeholder, image rep is providing a placeholder image for <private>
2026-09-16 18:24:18.853 I  PeachCommander[1750:24ea] [com.apple.AppKit:Image] ISImage reported a placeholder, image rep is providing a placeholder image for <private>
2026-09-16 18:24:18.854 I  PeachCommander[1750:24ea] [com.apple.AppKit:Image] ISImage reported a placeholder, image rep is providing a placeholder image for <private>
2026-09-16 18:24:18.855 I  PeachCommander[1750:24ea] [com.apple.AppKit:Image] ISImage reported a placeholder, image rep is providing a placeholder image for <private>
2026-09-16 18:24:18.856 I  PeachCommander[1750:24ea] [com.apple.AppKit:Image] ISImage reported a placeholder, image rep is providing a placeholder image for <private>
2026-09-16 18:24:18.856 I  PeachCommander[1750:24ea] [com.apple.AppKit:Image] ISImage reported a placeholder, image rep is providing a placeholder image for <private>
2026-09-16 18:24:18.858 I  PeachCommander[1750:24ea] [com.apple.AppKit:Image] ISImage reported a placeholder, image rep is providing a placeholder image for <private>
2026-09-16 18:24:18.858 I  PeachCommander[1750:24ea] [com.apple.AppKit:Image] ISImage reported a placeholder, image rep is providing a placeholder image for <private>
2026-09-16 18:24:18.859 I  PeachCommander[1750:24ea] [com.apple.AppKit:Image] ISImage reported a placeholder, image rep is providing a placeholder image for <private>
2026-09-16 18:24:18.859 I  PeachCommander[1750:24ea] [com.apple.AppKit:Image] ISImage reported a placeholder, image rep is providing a placeholder image for <private>
2026-09-16 18:24:18.860 I  PeachCommander[1750:24ea] [com.apple.AppKit:Image] ISImage reported a placeholder, image rep is providing a placeholder image for <private>
2026-09-16 18:24:18.860 I  PeachCommander[1750:24ea] [com.apple.AppKit:Image] ISImage reported a placeholder, image rep is providing a placeholder image for <private>
2026-09-16 18:24:18.862 I  PeachCommander[1750:24ea] [com.apple.AppKit:Image] ISImage reported a placeholder, image rep is providing a placeholder image for <private>
2026-09-16 18:24:18.862 I  PeachCommander[1750:24ea] [com.apple.AppKit:Image] ISImage reported a placeholder, image rep is providing a placeholder image for <private>
2026-09-16 18:24:18.863 I  PeachCommander[1750:24ea] [com.apple.AppKit:Image] ISImage reported a placeholder, image rep is providing a placeholder image for <private>
2026-09-16 18:24:18.863 I  PeachCommander[1750:24ea] [com.apple.AppKit:Image] ISImage reported a placeholder, image rep is providing a placeholder image for <private>
2026-09-16 18:24:18.864 I  PeachCommander[1750:24ea] [com.apple.AppKit:Image] ISImage reported a placeholder, image rep is providing a placeholder image for <private>
2026-09-16 18:24:18.864 I  PeachCommander[1750:24ea] [com.apple.AppKit:Image] ISImage reported a placeholder, image rep is providing a placeholder image for <private>
2026-09-16 18:24:18.866 I  PeachCommander[1750:24ea] [com.apple.AppKit:Image] ISImage reported a placeholder, image rep is providing a placeholder image for <private>
2026-09-16 18:24:18.866 I  PeachCommander[1750:24ea] [com.apple.AppKit:Image] ISImage reported a placeholder, image rep is providing a placeholder image for <private>
2026-09-16 18:24:18.867 I  PeachCommander[1750:24ea] [com.apple.AppKit:Image] ISImage reported a placeholder, image rep is providing a placeholder image for <private>
2026-09-16 18:24:18.867 I  PeachCommander[1750:24ea] [com.apple.AppKit:Image] ISImage reported a placeholder, image rep is providing a placeholder image for <private>
2026-09-16 18:24:18.868 I  PeachCommander[1750:24ea] [com.apple.AppKit:Image] ISImage reported a placeholder, image rep is providing a placeholder image for <private>
2026-09-16 18:24:18.868 I  PeachCommander[1750:24ea] [com.apple.AppKit:Image] ISImage reported a placeholder, image rep is providing a placeholder image for <private>
2026-09-16 18:24:18.870 I  PeachCommander[1750:24ea] [com.apple.AppKit:Image] ISImage reported a placeholder, image rep is providing a placeholder image for <private>
2026-09-16 18:24:18.870 I  PeachCommander[1750:24ea] [com.apple.AppKit:Image] ISImage reported a placeholder, image rep is providing a placeholder image for <private>
2026-09-16 18:24:18.939 I  PeachCommander[1750:24ea] [com.apple.coreanimation:Utilities] IOSurface Compression Enabled: NO
2026-09-16 18:24:18.940 Df PeachCommander[1750:24f6] [com.apple.coreanimation:Metal] Precompiled pipelines disabled on unsupported hardware.
2026-09-16 18:24:18.952 I  PeachCommander[1750:24f1] [com.apple.AppKit:WindowTab] Indexing 1 items
2026-09-16 18:24:18.952 A  PeachCommander[1750:24f1] (CoreSpotlight) end-index-batch
2026-09-16 18:24:18.952 Df PeachCommander[1750:24f1] [com.apple.corespotlight:index] *warn* MailCS ======%%% _setMailMessageAttributes skip:1
2026-09-16 18:24:18.952 A  PeachCommander[1750:24f1] (CoreSpotlight) index-items
2026-09-16 18:24:18.952 Df PeachCommander[1750:2586] [com.apple.corespotlight:index] CSInlineDonation:<private>: Skipping donation (feature flag disabled)
2026-09-16 18:24:18.952 A  PeachCommander[1750:24ff] (libsystem_info.dylib) Retrieve Group by ID
2026-09-16 18:24:18.953 Df PeachCommander[1750:2586] [com.apple.corespotlight:index] CSInlineDonation:<private>: Skipping donation (feature flag disabled)
2026-09-16 18:24:19.017 I  PeachCommander[1750:24ea] [com.apple.HIToolbox:MBDisplays] <private>
2026-09-16 18:24:19.017 I  PeachCommander[1750:24ea] [com.apple.HIToolbox:MBDisplays] <private>
2026-09-16 18:24:19.151 I  PeachCommander[1750:24ea] [com.apple.AppKit:Image] ISImage reported a placeholder, image rep is providing a placeholder image for <private>
2026-09-16 18:24:19.152 I  PeachCommander[1750:24ea] [com.apple.AppKit:Image] ISImage reported a placeholder, image rep is providing a placeholder image for <private>
2026-09-16 18:24:19.153 I  PeachCommander[1750:24ea] [com.apple.AppKit:Image] ISImage reported a placeholder, image rep is providing a placeholder image for <private>
2026-09-16 18:24:19.154 I  PeachCommander[1750:24ea] [com.apple.AppKit:Image] ISImage reported a placeholder, image rep is providing a placeholder image for <private>
2026-09-16 18:24:19.155 I  PeachCommander[1750:24ea] [com.apple.AppKit:Image] ISImage reported a placeholder, image rep is providing a placeholder image for <private>
2026-09-16 18:24:19.155 I  PeachCommander[1750:24ea] [com.apple.AppKit:Image] ISImage reported a placeholder, image rep is providing a placeholder image for <private>
2026-09-16 18:24:19.156 I  PeachCommander[1750:24ea] [com.apple.AppKit:Image] ISImage reported a placeholder, image rep is providing a placeholder image for <private>
2026-09-16 18:24:19.157 I  PeachCommander[1750:24ea] [com.apple.AppKit:Image] ISImage reported a placeholder, image rep is providing a placeholder image for <private>
2026-09-16 18:24:19.158 I  PeachCommander[1750:24ea] [com.apple.AppKit:Image] ISImage reported a placeholder, image rep is providing a placeholder image for <private>
2026-09-16 18:24:19.159 I  PeachCommander[1750:24ea] [com.apple.AppKit:Image] ISImage reported a placeholder, image rep is providing a placeholder image for <private>
2026-09-16 18:24:19.160 I  PeachCommander[1750:24ea] [com.apple.AppKit:Image] ISImage reported a placeholder, image rep is providing a placeholder image for <private>
2026-09-16 18:24:19.160 I  PeachCommander[1750:24ea] [com.apple.AppKit:Image] ISImage reported a placeholder, image rep is providing a placeholder image for <private>
2026-09-16 18:24:19.161 I  PeachCommander[1750:24ea] [com.apple.AppKit:Image] ISImage reported a placeholder, image rep is providing a placeholder image for <private>
2026-09-16 18:24:19.162 I  PeachCommander[1750:24ea] [com.apple.AppKit:Image] ISImage reported a placeholder, image rep is providing a placeholder image for <private>
2026-09-16 18:24:19.163 I  PeachCommander[1750:24ea] [com.apple.AppKit:Image] ISImage reported a placeholder, image rep is providing a placeholder image for <private>
2026-09-16 18:24:19.164 I  PeachCommander[1750:24ea] [com.apple.AppKit:Image] ISImage reported a placeholder, image rep is providing a placeholder image for <private>
2026-09-16 18:24:19.165 I  PeachCommander[1750:24ea] [com.apple.AppKit:Image] ISImage reported a placeholder, image rep is providing a placeholder image for <private>
2026-09-16 18:24:19.166 I  PeachCommander[1750:24ea] [com.apple.AppKit:Image] ISImage reported a placeholder, image rep is providing a placeholder image for <private>
2026-09-16 18:24:19.166 I  PeachCommander[1750:24ea] [com.apple.AppKit:Image] ISImage reported a placeholder, image rep is providing a placeholder image for <private>
2026-09-16 18:24:19.168 I  PeachCommander[1750:24ea] [com.apple.AppKit:Image] ISImage reported a placeholder, image rep is providing a placeholder image for <private>
2026-09-16 18:24:19.169 I  PeachCommander[1750:24ea] [com.apple.AppKit:Image] ISImage reported a placeholder, image rep is providing a placeholder image for <private>
2026-09-16 18:24:19.170 I  PeachCommander[1750:24ea] [com.apple.AppKit:Image] ISImage reported a placeholder, image rep is providing a placeholder image for <private>
2026-09-16 18:24:19.171 I  PeachCommander[1750:24ea] [com.apple.AppKit:Image] ISImage reported a placeholder, image rep is providing a placeholder image for <private>
2026-09-16 18:24:19.172 I  PeachCommander[1750:24ea] [com.apple.AppKit:Image] ISImage reported a placeholder, image rep is providing a placeholder image for <private>
2026-09-16 18:24:19.173 I  PeachCommander[1750:24ea] [com.apple.AppKit:Image] ISImage reported a placeholder, image rep is providing a placeholder image for <private>
2026-09-16 18:24:19.173 I  PeachCommander[1750:24ea] [com.apple.AppKit:Image] ISImage reported a placeholder, image rep is providing a placeholder image for <private>
2026-09-16 18:24:19.174 I  PeachCommander[1750:24ea] [com.apple.AppKit:Image] ISImage reported a placeholder, image rep is providing a placeholder image for <private>
2026-09-16 18:24:19.175 I  PeachCommander[1750:24ea] [com.apple.AppKit:Image] ISImage reported a placeholder, image rep is providing a placeholder image for <private>
2026-09-16 18:24:19.175 I  PeachCommander[1750:24ea] [com.apple.AppKit:Image] ISImage reported a placeholder, image rep is providing a placeholder image for <private>
2026-09-16 18:24:19.176 I  PeachCommander[1750:24ea] [com.apple.AppKit:Image] ISImage reported a placeholder, image rep is providing a placeholder image for <private>
2026-09-16 18:24:19.176 I  PeachCommander[1750:24ea] [com.apple.AppKit:Image] ISImage reported a placeholder, image rep is providing a placeholder image for <private>
2026-09-16 18:24:19.178 I  PeachCommander[1750:24ea] [com.apple.AppKit:Image] ISImage reported a placeholder, image rep is providing a placeholder image for <private>
2026-09-16 18:24:19.178 I  PeachCommander[1750:24ea] [com.apple.AppKit:Image] ISImage reported a placeholder, image rep is providing a placeholder image for <private>
2026-09-16 18:24:19.179 I  PeachCommander[1750:24ea] [com.apple.AppKit:Image] ISImage reported a placeholder, image rep is providing a placeholder image for <private>
2026-09-16 18:24:19.179 I  PeachCommander[1750:24ea] [com.apple.AppKit:Image] ISImage reported a placeholder, image rep is providing a placeholder image for <private>
2026-09-16 18:24:19.181 I  PeachCommander[1750:24ea] [com.apple.AppKit:Image] ISImage reported a placeholder, image rep is providing a placeholder image for <private>
2026-09-16 18:24:19.181 I  PeachCommander[1750:24ea] [com.apple.AppKit:Image] ISImage reported a placeholder, image rep is providing a placeholder image for <private>
2026-09-16 18:24:19.182 I  PeachCommander[1750:24ea] [com.apple.AppKit:Image] ISImage reported a placeholder, image rep is providing a placeholder image for <private>
2026-09-16 18:24:19.182 I  PeachCommander[1750:24ea] [com.apple.AppKit:Image] ISImage reported a placeholder, image rep is providing a placeholder image for <private>
2026-09-16 18:24:19.183 I  PeachCommander[1750:24ea] [com.apple.AppKit:Image] ISImage reported a placeholder, image rep is providing a placeholder image for <private>
2026-09-16 18:24:19.183 I  PeachCommander[1750:24ea] [com.apple.AppKit:Image] ISImage reported a placeholder, image rep is providing a placeholder image for <private>
2026-09-16 18:24:19.185 I  PeachCommander[1750:24ea] [com.apple.AppKit:Image] ISImage reported a placeholder, image rep is providing a placeholder image for <private>
2026-09-16 18:24:19.185 I  PeachCommander[1750:24ea] [com.apple.AppKit:Image] ISImage reported a placeholder, image rep is providing a placeholder image for <private>
2026-09-16 18:24:19.186 I  PeachCommander[1750:24ea] [com.apple.AppKit:Image] ISImage reported a placeholder, image rep is providing a placeholder image for <private>
2026-09-16 18:24:19.186 I  PeachCommander[1750:24ea] [com.apple.AppKit:Image] ISImage reported a placeholder, image rep is providing a placeholder image for <private>
2026-09-16 18:24:19.187 I  PeachCommander[1750:24ea] [com.apple.AppKit:Image] ISImage reported a placeholder, image rep is providing a placeholder image for <private>
2026-09-16 18:24:19.187 I  PeachCommander[1750:24ea] [com.apple.AppKit:Image] ISImage reported a placeholder, image rep is providing a placeholder image for <private>
2026-09-16 18:24:19.189 I  PeachCommander[1750:24ea] [com.apple.AppKit:Image] ISImage reported a placeholder, image rep is providing a placeholder image for <private>
2026-09-16 18:24:19.189 I  PeachCommander[1750:24ea] [com.apple.AppKit:Image] ISImage reported a placeholder, image rep is providing a placeholder image for <private>
2026-09-16 18:24:19.191 I  PeachCommander[1750:24ea] [com.apple.AppKit:Image] ISImage reported a placeholder, image rep is providing a placeholder image for <private>
2026-09-16 18:24:19.191 I  PeachCommander[1750:24ea] [com.apple.AppKit:Image] ISImage reported a placeholder, image rep is providing a placeholder image for <private>
2026-09-16 18:24:19.192 I  PeachCommander[1750:24ea] [com.apple.AppKit:Image] ISImage reported a placeholder, image rep is providing a placeholder image for <private>
2026-09-16 18:24:19.192 I  PeachCommander[1750:24ea] [com.apple.AppKit:Image] ISImage reported a placeholder, image rep is providing a placeholder image for <private>
2026-09-16 18:24:19.194 I  PeachCommander[1750:24ea] [com.apple.AppKit:Image] ISImage reported a placeholder, image rep is providing a placeholder image for <private>
2026-09-16 18:24:19.194 I  PeachCommander[1750:24ea] [com.apple.AppKit:Image] ISImage reported a placeholder, image rep is providing a placeholder image for <private>
2026-09-16 18:24:19.195 I  PeachCommander[1750:24ea] [com.apple.AppKit:Image] ISImage reported a placeholder, image rep is providing a placeholder image for <private>
2026-09-16 18:24:19.195 I  PeachCommander[1750:24ea] [com.apple.AppKit:Image] ISImage reported a placeholder, image rep is providing a placeholder image for <private>
2026-09-16 18:24:19.196 I  PeachCommander[1750:24ea] [com.apple.AppKit:Image] ISImage reported a placeholder, image rep is providing a placeholder image for <private>
2026-09-16 18:24:19.196 I  PeachCommander[1750:24ea] [com.apple.AppKit:Image] ISImage reported a placeholder, image rep is providing a placeholder image for <private>
2026-09-16 18:24:19.198 I  PeachCommander[1750:24ea] [com.apple.AppKit:Image] ISImage reported a placeholder, image rep is providing a placeholder image for <private>
2026-09-16 18:24:19.198 I  PeachCommander[1750:24ea] [com.apple.AppKit:Image] ISImage reported a placeholder, image rep is providing a placeholder image for <private>
2026-09-16 18:24:19.199 I  PeachCommander[1750:24ea] [com.apple.AppKit:Image] ISImage reported a placeholder, image rep is providing a placeholder image for <private>
2026-09-16 18:24:19.199 I  PeachCommander[1750:24ea] [com.apple.AppKit:Image] ISImage reported a placeholder, image rep is providing a placeholder image for <private>
2026-09-16 18:24:19.200 I  PeachCommander[1750:24ea] [com.apple.AppKit:Image] ISImage reported a placeholder, image rep is providing a placeholder image for <private>
2026-09-16 18:24:19.200 I  PeachCommander[1750:24ea] [com.apple.AppKit:Image] ISImage reported a placeholder, image rep is providing a placeholder image for <private>
2026-09-16 18:24:19.202 I  PeachCommander[1750:24ea] [com.apple.AppKit:Image] ISImage reported a placeholder, image rep is providing a placeholder image for <private>
2026-09-16 18:24:19.202 I  PeachCommander[1750:24ea] [com.apple.AppKit:Image] ISImage reported a placeholder, image rep is providing a placeholder image for <private>
2026-09-16 18:24:19.203 I  PeachCommander[1750:24ea] [com.apple.AppKit:Image] ISImage reported a placeholder, image rep is providing a placeholder image for <private>
2026-09-16 18:24:19.203 I  PeachCommander[1750:24ea] [com.apple.AppKit:Image] ISImage reported a placeholder, image rep is providing a placeholder image for <private>
2026-09-16 18:24:19.204 I  PeachCommander[1750:24ea] [com.apple.AppKit:Image] ISImage reported a placeholder, image rep is providing a placeholder image for <private>
2026-09-16 18:24:19.204 I  PeachCommander[1750:24ea] [com.apple.AppKit:Image] ISImage reported a placeholder, image rep is providing a placeholder image for <private>
2026-09-16 18:24:19.205 I  PeachCommander[1750:24ea] [com.apple.AppKit:Image] ISImage reported a placeholder, image rep is providing a placeholder image for <private>
2026-09-16 18:24:19.206 I  PeachCommander[1750:24ea] [com.apple.AppKit:Image] ISImage reported a placeholder, image rep is providing a placeholder image for <private>
2026-09-16 18:24:19.207 I  PeachCommander[1750:24ea] [com.apple.AppKit:Image] ISImage reported a placeholder, image rep is providing a placeholder image for <private>
2026-09-16 18:24:19.207 I  PeachCommander[1750:24ea] [com.apple.AppKit:Image] ISImage reported a placeholder, image rep is providing a placeholder image for <private>
2026-09-16 18:24:19.208 I  PeachCommander[1750:24ea] [com.apple.AppKit:Image] ISImage reported a placeholder, image rep is providing a placeholder image for <private>
2026-09-16 18:24:19.208 I  PeachCommander[1750:24ea] [com.apple.AppKit:Image] ISImage reported a placeholder, image rep is providing a placeholder image for <private>
2026-09-16 18:24:19.209 I  PeachCommander[1750:24ea] [com.apple.AppKit:Image] ISImage reported a placeholder, image rep is providing a placeholder image for <private>
2026-09-16 18:24:19.209 I  PeachCommander[1750:24ea] [com.apple.AppKit:Image] ISImage reported a placeholder, image rep is providing a placeholder image for <private>
2026-09-16 18:24:19.211 I  PeachCommander[1750:24ea] [com.apple.AppKit:Image] ISImage reported a placeholder, image rep is providing a placeholder image for <private>
2026-09-16 18:24:19.211 I  PeachCommander[1750:24ea] [com.apple.AppKit:Image] ISImage reported a placeholder, image rep is providing a placeholder image for <private>
2026-09-16 18:24:19.291 A  PeachCommander[1750:24f2] (CoreFoundation) Loading Preferences From System CFPrefsD
2026-09-16 18:24:19.294 I  PeachCommander[1750:24ea] [com.apple.AppKit:Image] ISImage reported a placeholder, image rep is providing a placeholder image for <private>
2026-09-16 18:24:19.308 I  PeachCommander[1750:24ea] [com.apple.AppKit:Image] ISImage reported a placeholder, image rep is providing a placeholder image for <private>
2026-09-16 18:24:19.308 I  PeachCommander[1750:24ea] [com.apple.AppKit:Image] ISImage reported a placeholder, image rep is providing a placeholder image for <private>
2026-09-16 18:24:19.309 I  PeachCommander[1750:24ea] [com.apple.AppKit:Image] ISImage reported a placeholder, image rep is providing a placeholder image for <private>
2026-09-16 18:24:19.309 I  PeachCommander[1750:24ea] [com.apple.AppKit:Image] ISImage reported a placeholder, image rep is providing a placeholder image for <private>
2026-09-16 18:24:19.311 I  PeachCommander[1750:24ea] [com.apple.AppKit:Image] ISImage reported a placeholder, image rep is providing a placeholder image for <private>
2026-09-16 18:24:19.311 I  PeachCommander[1750:24ea] [com.apple.AppKit:Image] ISImage reported a placeholder, image rep is providing a placeholder image for <private>
2026-09-16 18:24:19.313 I  PeachCommander[1750:24ea] [com.apple.AppKit:Image] ISImage reported a placeholder, image rep is providing a placeholder image for <private>
2026-09-16 18:24:19.313 I  PeachCommander[1750:24ea] [com.apple.AppKit:Image] ISImage reported a placeholder, image rep is providing a placeholder image for <private>
2026-09-16 18:24:19.315 I  PeachCommander[1750:24ea] [com.apple.AppKit:Image] ISImage reported a placeholder, image rep is providing a placeholder image for <private>
2026-09-16 18:24:19.315 I  PeachCommander[1750:24ea] [com.apple.AppKit:Image] ISImage reported a placeholder, image rep is providing a placeholder image for <private>
2026-09-16 18:24:19.316 I  PeachCommander[1750:24ea] [com.apple.AppKit:Image] ISImage reported a placeholder, image rep is providing a placeholder image for <private>
2026-09-16 18:24:19.316 I  PeachCommander[1750:24ea] [com.apple.AppKit:Image] ISImage reported a placeholder, image rep is providing a placeholder image for <private>
2026-09-16 18:24:19.318 I  PeachCommander[1750:24ea] [com.apple.AppKit:Image] ISImage reported a placeholder, image rep is providing a placeholder image for <private>
2026-09-16 18:24:19.318 I  PeachCommander[1750:24ea] [com.apple.AppKit:Image] ISImage reported a placeholder, image rep is providing a placeholder image for <private>
2026-09-16 18:24:19.319 I  PeachCommander[1750:24ea] [com.apple.AppKit:Image] ISImage reported a placeholder, image rep is providing a placeholder image for <private>
2026-09-16 18:24:19.319 I  PeachCommander[1750:24ea] [com.apple.AppKit:Image] ISImage reported a placeholder, image rep is providing a placeholder image for <private>
2026-09-16 18:24:19.321 I  PeachCommander[1750:24ea] [com.apple.AppKit:Image] ISImage reported a placeholder, image rep is providing a placeholder image for <private>
2026-09-16 18:24:19.321 I  PeachCommander[1750:24ea] [com.apple.AppKit:Image] ISImage reported a placeholder, image rep is providing a placeholder image for <private>
2026-09-16 18:24:19.322 I  PeachCommander[1750:24ea] [com.apple.AppKit:Image] ISImage reported a placeholder, image rep is providing a placeholder image for <private>
2026-09-16 18:24:19.322 I  PeachCommander[1750:24ea] [com.apple.AppKit:Image] ISImage reported a placeholder, image rep is providing a placeholder image for <private>
2026-09-16 18:24:19.324 I  PeachCommander[1750:24ea] [com.apple.AppKit:Image] ISImage reported a placeholder, image rep is providing a placeholder image for <private>
2026-09-16 18:24:19.324 I  PeachCommander[1750:24ea] [com.apple.AppKit:Image] ISImage reported a placeholder, image rep is providing a placeholder image for <private>
2026-09-16 18:24:19.325 I  PeachCommander[1750:24ea] [com.apple.AppKit:Image] ISImage reported a placeholder, image rep is providing a placeholder image for <private>
2026-09-16 18:24:19.325 I  PeachCommander[1750:24ea] [com.apple.AppKit:Image] ISImage reported a placeholder, image rep is providing a placeholder image for <private>
2026-09-16 18:24:19.327 I  PeachCommander[1750:24ea] [com.apple.AppKit:Image] ISImage reported a placeholder, image rep is providing a placeholder image for <private>
2026-09-16 18:24:19.327 I  PeachCommander[1750:24ea] [com.apple.AppKit:Image] ISImage reported a placeholder, image rep is providing a placeholder image for <private>
2026-09-16 18:24:19.329 I  PeachCommander[1750:24ea] [com.apple.AppKit:Image] ISImage reported a placeholder, image rep is providing a placeholder image for <private>
2026-09-16 18:24:19.329 I  PeachCommander[1750:24ea] [com.apple.AppKit:Image] ISImage reported a placeholder, image rep is providing a placeholder image for <private>
2026-09-16 18:24:19.330 I  PeachCommander[1750:24ea] [com.apple.AppKit:Image] ISImage reported a placeholder, image rep is providing a placeholder image for <private>
2026-09-16 18:24:19.330 I  PeachCommander[1750:24ea] [com.apple.AppKit:Image] ISImage reported a placeholder, image rep is providing a placeholder image for <private>
2026-09-16 18:24:19.331 I  PeachCommander[1750:24ea] [com.apple.AppKit:Image] ISImage reported a placeholder, image rep is providing a placeholder image for <private>
2026-09-16 18:24:19.331 I  PeachCommander[1750:24ea] [com.apple.AppKit:Image] ISImage reported a placeholder, image rep is providing a placeholder image for <private>
2026-09-16 18:24:19.333 I  PeachCommander[1750:24ea] [com.apple.AppKit:Image] ISImage reported a placeholder, image rep is providing a placeholder image for <private>
2026-09-16 18:24:19.333 I  PeachCommander[1750:24ea] [com.apple.AppKit:Image] ISImage reported a placeholder, image rep is providing a placeholder image for <private>
2026-09-16 18:24:19.335 I  PeachCommander[1750:24ea] [com.apple.AppKit:Image] ISImage reported a placeholder, image rep is providing a placeholder image for <private>
2026-09-16 18:24:19.335 I  PeachCommander[1750:24ea] [com.apple.AppKit:Image] ISImage reported a placeholder, image rep is providing a placeholder image for <private>
2026-09-16 18:24:19.336 I  PeachCommander[1750:24ea] [com.apple.AppKit:Image] ISImage reported a placeholder, image rep is providing a placeholder image for <private>
2026-09-16 18:24:19.336 I  PeachCommander[1750:24ea] [com.apple.AppKit:Image] ISImage reported a placeholder, image rep is providing a placeholder image for <private>
2026-09-16 18:24:19.338 I  PeachCommander[1750:24ea] [com.apple.AppKit:Image] ISImage reported a placeholder, image rep is providing a placeholder image for <private>
2026-09-16 18:24:19.338 I  PeachCommander[1750:24ea] [com.apple.AppKit:Image] ISImage reported a placeholder, image rep is providing a placeholder image for <private>
2026-09-16 18:24:19.339 I  PeachCommander[1750:24ea] [com.apple.AppKit:Image] ISImage reported a placeholder, image rep is providing a placeholder image for <private>
2026-09-16 18:24:19.339 I  PeachCommander[1750:24ea] [com.apple.AppKit:Image] ISImage reported a placeholder, image rep is providing a placeholder image for <private>
2026-09-16 18:24:19.340 I  PeachCommander[1750:24ea] [com.apple.AppKit:Image] ISImage reported a placeholder, image rep is providing a placeholder image for <private>
2026-09-16 18:24:19.340 I  PeachCommander[1750:24ea] [com.apple.AppKit:Image] ISImage reported a placeholder, image rep is providing a placeholder image for <private>
2026-09-16 18:24:19.342 I  PeachCommander[1750:24ea] [com.apple.AppKit:Image] ISImage reported a placeholder, image rep is providing a placeholder image for <private>
2026-09-16 18:24:19.342 I  PeachCommander[1750:24ea] [com.apple.AppKit:Image] ISImage reported a placeholder, image rep is providing a placeholder image for <private>
2026-09-16 18:24:19.343 I  PeachCommander[1750:24ea] [com.apple.AppKit:Image] ISImage reported a placeholder, image rep is providing a placeholder image for <private>
2026-09-16 18:24:19.343 I  PeachCommander[1750:24ea] [com.apple.AppKit:Image] ISImage reported a placeholder, image rep is providing a placeholder image for <private>
2026-09-16 18:24:19.345 I  PeachCommander[1750:24ea] [com.apple.AppKit:Image] ISImage reported a placeholder, image rep is providing a placeholder image for <private>
2026-09-16 18:24:19.345 I  PeachCommander[1750:24ea] [com.apple.AppKit:Image] ISImage reported a placeholder, image rep is providing a placeholder image for <private>
2026-09-16 18:24:19.424 I  PeachCommander[1750:24ea] [com.apple.iconservices:foundation] layer data size zero
2026-09-16 18:24:19.425 A  PeachCommander[1750:24ea] (CoreFoundation) Loading Preferences From User CFPrefsD
2026-09-16 18:24:19.426 I  PeachCommander[1750:24ea] [com.apple.CoreAnalytics:client] Dropping "com.apple.ImageIO.readerSelection" as it isn't used in any transform (not in the config or budgeted?)
2026-09-16 18:24:19.451 I  PeachCommander[1750:24ea] [com.peachcommander:PCFoundation] Session restored
2026-09-16 18:24:19.451 Df PeachCommander[1750:24ea] (Foundation) <private>
2026-09-16 18:24:19.451 I  PeachCommander[1750:24ea] [com.peachcommander:PCFoundation] [automation] running /Users/admin/auto.txt
2026-09-16 18:24:19.451 Df PeachCommander[1750:24ea] (Foundation) <private>
2026-09-16 18:24:19.451 I  PeachCommander[1750:24ea] [com.peachcommander:PCFoundation] [automation] > setbool Operation.ConfirmDelete|0
2026-09-16 18:24:19.451 Df PeachCommander[1750:24ea] (Foundation) <private>
2026-09-16 18:24:19.451 I  PeachCommander[1750:24ea] [com.peachcommander:PCFoundation] [automation] > wait 300
2026-09-16 18:24:19.464 I  PeachCommander[1750:24ea] [com.apple.AppKit:Image] ISImage reported a placeholder, image rep is providing a placeholder image for <private>
2026-09-16 18:24:19.465 I  PeachCommander[1750:24ea] [com.apple.AppKit:Image] ISImage reported a placeholder, image rep is providing a placeholder image for <private>
2026-09-16 18:24:19.466 I  PeachCommander[1750:24ea] [com.apple.AppKit:Image] ISImage reported a placeholder, image rep is providing a placeholder image for <private>
2026-09-16 18:24:19.467 I  PeachCommander[1750:24ea] [com.apple.AppKit:Image] ISImage reported a placeholder, image rep is providing a placeholder image for <private>
2026-09-16 18:24:19.468 I  PeachCommander[1750:24ea] [com.apple.AppKit:Image] ISImage reported a placeholder, image rep is providing a placeholder image for <private>
2026-09-16 18:24:19.468 I  PeachCommander[1750:24ea] [com.apple.AppKit:Image] ISImage reported a placeholder, image rep is providing a placeholder image for <private>
2026-09-16 18:24:19.469 I  PeachCommander[1750:24ea] [com.apple.AppKit:Image] ISImage reported a placeholder, image rep is providing a placeholder image for <private>
2026-09-16 18:24:19.470 I  PeachCommander[1750:24ea] [com.apple.AppKit:Image] ISImage reported a placeholder, image rep is providing a placeholder image for <private>
2026-09-16 18:24:19.471 I  PeachCommander[1750:24ea] [com.apple.AppKit:Image] ISImage reported a placeholder, image rep is providing a placeholder image for <private>
2026-09-16 18:24:19.472 I  PeachCommander[1750:24ea] [com.apple.AppKit:Image] ISImage reported a placeholder, image rep is providing a placeholder image for <private>
2026-09-16 18:24:19.472 I  PeachCommander[1750:24ea] [com.apple.AppKit:Image] ISImage reported a placeholder, image rep is providing a placeholder image for <private>
2026-09-16 18:24:19.473 I  PeachCommander[1750:24ea] [com.apple.AppKit:Image] ISImage reported a placeholder, image rep is providing a placeholder image for <private>
2026-09-16 18:24:19.474 I  PeachCommander[1750:24ea] [com.apple.AppKit:Image] ISImage reported a placeholder, image rep is providing a placeholder image for <private>
2026-09-16 18:24:19.475 I  PeachCommander[1750:24ea] [com.apple.AppKit:Image] ISImage reported a placeholder, image rep is providing a placeholder image for <private>
2026-09-16 18:24:19.476 I  PeachCommander[1750:24ea] [com.apple.AppKit:Image] ISImage reported a placeholder, image rep is providing a placeholder image for <private>
2026-09-16 18:24:19.477 I  PeachCommander[1750:24ea] [com.apple.AppKit:Image] ISImage reported a placeholder, image rep is providing a placeholder image for <private>
2026-09-16 18:24:19.477 I  PeachCommander[1750:24ea] [com.apple.AppKit:Image] ISImage reported a placeholder, image rep is providing a placeholder image for <private>
2026-09-16 18:24:19.478 I  PeachCommander[1750:24ea] [com.apple.AppKit:Image] ISImage reported a placeholder, image rep is providing a placeholder image for <private>
2026-09-16 18:24:19.479 I  PeachCommander[1750:24ea] [com.apple.AppKit:Image] ISImage reported a placeholder, image rep is providing a placeholder image for <private>
2026-09-16 18:24:19.480 I  PeachCommander[1750:24ea] [com.apple.AppKit:Image] ISImage reported a placeholder, image rep is providing a placeholder image for <private>
2026-09-16 18:24:19.481 I  PeachCommander[1750:24ea] [com.apple.AppKit:Image] ISImage reported a placeholder, image rep is providing a placeholder image for <private>
2026-09-16 18:24:19.482 I  PeachCommander[1750:24ea] [com.apple.AppKit:Image] ISImage reported a placeholder, image rep is providing a placeholder image for <private>
2026-09-16 18:24:19.483 I  PeachCommander[1750:24ea] [com.apple.AppKit:Image] ISImage reported a placeholder, image rep is providing a placeholder image for <private>
2026-09-16 18:24:19.484 I  PeachCommander[1750:24ea] [com.apple.AppKit:Image] ISImage reported a placeholder, image rep is providing a placeholder image for <private>
2026-09-16 18:24:19.485 I  PeachCommander[1750:24ea] [com.apple.AppKit:Image] ISImage reported a placeholder, image rep is providing a placeholder image for <private>
2026-09-16 18:24:19.488 I  PeachCommander[1750:24ea] [com.apple.AppKit:Image] ISImage reported a placeholder, image rep is providing a placeholder image for <private>
2026-09-16 18:24:19.488 I  PeachCommander[1750:24ea] [com.apple.AppKit:Image] ISImage reported a placeholder, image rep is providing a placeholder image for <private>
2026-09-16 18:24:19.490 I  PeachCommander[1750:24ea] [com.apple.AppKit:Image] ISImage reported a placeholder, image rep is providing a placeholder image for <private>
2026-09-16 18:24:19.490 I  PeachCommander[1750:24ea] [com.apple.AppKit:Image] ISImage reported a placeholder, image rep is providing a placeholder image for <private>
2026-09-16 18:24:19.491 I  PeachCommander[1750:24ea] [com.apple.AppKit:Image] ISImage reported a placeholder, image rep is providing a placeholder image for <private>
2026-09-16 18:24:19.491 I  PeachCommander[1750:24ea] [com.apple.AppKit:Image] ISImage reported a placeholder, image rep is providing a placeholder image for <private>
2026-09-16 18:24:19.493 I  PeachCommander[1750:24ea] [com.apple.AppKit:Image] ISImage reported a placeholder, image rep is providing a placeholder image for <private>
2026-09-16 18:24:19.493 I  PeachCommander[1750:24ea] [com.apple.AppKit:Image] ISImage reported a placeholder, image rep is providing a placeholder image for <private>
2026-09-16 18:24:19.494 I  PeachCommander[1750:24ea] [com.apple.AppKit:Image] ISImage reported a placeholder, image rep is providing a placeholder image for <private>
2026-09-16 18:24:19.494 I  PeachCommander[1750:24ea] [com.apple.AppKit:Image] ISImage reported a placeholder, image rep is providing a placeholder image for <private>
2026-09-16 18:24:19.496 I  PeachCommander[1750:24ea] [com.apple.AppKit:Image] ISImage reported a placeholder, image rep is providing a placeholder image for <private>
2026-09-16 18:24:19.496 I  PeachCommander[1750:24ea] [com.apple.AppKit:Image] ISImage reported a placeholder, image rep is providing a placeholder image for <private>
2026-09-16 18:24:19.497 I  PeachCommander[1750:24ea] [com.apple.AppKit:Image] ISImage reported a placeholder, image rep is providing a placeholder image for <private>
2026-09-16 18:24:19.497 I  PeachCommander[1750:24ea] [com.apple.AppKit:Image] ISImage reported a placeholder, image rep is providing a placeholder image for <private>
2026-09-16 18:24:19.499 I  PeachCommander[1750:24ea] [com.apple.AppKit:Image] ISImage reported a placeholder, image rep is providing a placeholder image for <private>
2026-09-16 18:24:19.499 I  PeachCommander[1750:24ea] [com.apple.AppKit:Image] ISImage reported a placeholder, image rep is providing a placeholder image for <private>
2026-09-16 18:24:19.500 I  PeachCommander[1750:24ea] [com.apple.AppKit:Image] ISImage reported a placeholder, image rep is providing a placeholder image for <private>
2026-09-16 18:24:19.500 I  PeachCommander[1750:24ea] [com.apple.AppKit:Image] ISImage reported a placeholder, image rep is providing a placeholder image for <private>
2026-09-16 18:24:19.501 I  PeachCommander[1750:24ea] [com.apple.AppKit:Image] ISImage reported a placeholder, image rep is providing a placeholder image for <private>
2026-09-16 18:24:19.502 I  PeachCommander[1750:24ea] [com.apple.AppKit:Image] ISImage reported a placeholder, image rep is providing a placeholder image for <private>
2026-09-16 18:24:19.503 I  PeachCommander[1750:24ea] [com.apple.AppKit:Image] ISImage reported a placeholder, image rep is providing a placeholder image for <private>
2026-09-16 18:24:19.503 I  PeachCommander[1750:24ea] [com.apple.AppKit:Image] ISImage reported a placeholder, image rep is providing a placeholder image for <private>
2026-09-16 18:24:19.504 I  PeachCommander[1750:24ea] [com.apple.AppKit:Image] ISImage reported a placeholder, image rep is providing a placeholder image for <private>
2026-09-16 18:24:19.504 I  PeachCommander[1750:24ea] [com.apple.AppKit:Image] ISImage reported a placeholder, image rep is providing a placeholder image for <private>
2026-09-16 18:24:19.506 I  PeachCommander[1750:24ea] [com.apple.AppKit:Image] ISImage reported a placeholder, image rep is providing a placeholder image for <private>
2026-09-16 18:24:19.506 I  PeachCommander[1750:24ea] [com.apple.AppKit:Image] ISImage reported a placeholder, image rep is providing a placeholder image for <private>
2026-09-16 18:24:19.507 I  PeachCommander[1750:24ea] [com.apple.AppKit:Image] ISImage reported a placeholder, image rep is providing a placeholder image for <private>
2026-09-16 18:24:19.507 I  PeachCommander[1750:24ea] [com.apple.AppKit:Image] ISImage reported a placeholder, image rep is providing a placeholder image for <private>
2026-09-16 18:24:19.508 I  PeachCommander[1750:24ea] [com.apple.AppKit:Image] ISImage reported a placeholder, image rep is providing a placeholder image for <private>
2026-09-16 18:24:19.508 I  PeachCommander[1750:24ea] [com.apple.AppKit:Image] ISImage reported a placeholder, image rep is providing a placeholder image for <private>
2026-09-16 18:24:19.510 I  PeachCommander[1750:24ea] [com.apple.AppKit:Image] ISImage reported a placeholder, image rep is providing a placeholder image for <private>
2026-09-16 18:24:19.510 I  PeachCommander[1750:24ea] [com.apple.AppKit:Image] ISImage reported a placeholder, image rep is providing a placeholder image for <private>
2026-09-16 18:24:19.511 I  PeachCommander[1750:24ea] [com.apple.AppKit:Image] ISImage reported a placeholder, image rep is providing a placeholder image for <private>
2026-09-16 18:24:19.511 I  PeachCommander[1750:24ea] [com.apple.AppKit:Image] ISImage reported a placeholder, image rep is providing a placeholder image for <private>
2026-09-16 18:24:19.512 I  PeachCommander[1750:24ea] [com.apple.AppKit:Image] ISImage reported a placeholder, image rep is providing a placeholder image for <private>
2026-09-16 18:24:19.513 I  PeachCommander[1750:24ea] [com.apple.AppKit:Image] ISImage reported a placeholder, image rep is providing a placeholder image for <private>
2026-09-16 18:24:19.514 I  PeachCommander[1750:24ea] [com.apple.AppKit:Image] ISImage reported a placeholder, image rep is providing a placeholder image for <private>
2026-09-16 18:24:19.514 I  PeachCommander[1750:24ea] [com.apple.AppKit:Image] ISImage reported a placeholder, image rep is providing a placeholder image for <private>
2026-09-16 18:24:19.515 I  PeachCommander[1750:24ea] [com.apple.AppKit:Image] ISImage reported a placeholder, image rep is providing a placeholder image for <private>
2026-09-16 18:24:19.515 I  PeachCommander[1750:24ea] [com.apple.AppKit:Image] ISImage reported a placeholder, image rep is providing a placeholder image for <private>
2026-09-16 18:24:19.516 I  PeachCommander[1750:24ea] [com.apple.AppKit:Image] ISImage reported a placeholder, image rep is providing a placeholder image for <private>
2026-09-16 18:24:19.516 I  PeachCommander[1750:24ea] [com.apple.AppKit:Image] ISImage reported a placeholder, image rep is providing a placeholder image for <private>
2026-09-16 18:24:19.518 I  PeachCommander[1750:24ea] [com.apple.AppKit:Image] ISImage reported a placeholder, image rep is providing a placeholder image for <private>
2026-09-16 18:24:19.518 I  PeachCommander[1750:24ea] [com.apple.AppKit:Image] ISImage reported a placeholder, image rep is providing a placeholder image for <private>
2026-09-16 18:24:19.519 I  PeachCommander[1750:24ea] [com.apple.AppKit:Image] ISImage reported a placeholder, image rep is providing a placeholder image for <private>
2026-09-16 18:24:19.519 I  PeachCommander[1750:24ea] [com.apple.AppKit:Image] ISImage reported a placeholder, image rep is providing a placeholder image for <private>
2026-09-16 18:24:19.520 I  PeachCommander[1750:24ea] [com.apple.AppKit:Image] ISImage reported a placeholder, image rep is providing a placeholder image for <private>
2026-09-16 18:24:19.520 I  PeachCommander[1750:24ea] [com.apple.AppKit:Image] ISImage reported a placeholder, image rep is providing a placeholder image for <private>
2026-09-16 18:24:19.522 I  PeachCommander[1750:24ea] [com.apple.AppKit:Image] ISImage reported a placeholder, image rep is providing a placeholder image for <private>
2026-09-16 18:24:19.522 I  PeachCommander[1750:24ea] [com.apple.AppKit:Image] ISImage reported a placeholder, image rep is providing a placeholder image for <private>
2026-09-16 18:24:19.642 I  PeachCommander[1750:2589] [com.apple.AppKit:WindowTab] Indexing 1 items
2026-09-16 18:24:19.642 A  PeachCommander[1750:2589] (CoreSpotlight) end-index-batch
2026-09-16 18:24:19.642 A  PeachCommander[1750:2589] (CoreSpotlight) index-items
2026-09-16 18:24:19.642 Df PeachCommander[1750:2589] [com.apple.corespotlight:index] CSInlineDonation:<private>: Skipping donation (feature flag disabled)
2026-09-16 18:24:19.642 Df PeachCommander[1750:2589] [com.apple.corespotlight:index] CSInlineDonation:<private>: Skipping donation (feature flag disabled)
2026-09-16 18:24:19.775 Df PeachCommander[1750:24ea] (Foundation) <private>
2026-09-16 18:24:19.775 I  PeachCommander[1750:24ea] [com.peachcommander:PCFoundation] [automation] > active left
2026-09-16 18:24:19.776 Df PeachCommander[1750:24ea] (Foundation) <private>
2026-09-16 18:24:19.776 I  PeachCommander[1750:24ea] [com.peachcommander:PCFoundation] [automation] > left /Users/admin/pc-demo
2026-09-16 18:24:19.789 Df PeachCommander[1750:24ea] (Foundation) <private>
2026-09-16 18:24:19.789 I  PeachCommander[1750:24ea] [com.peachcommander:PCFoundation] [automation] > wait 1200
2026-09-16 18:24:19.790 I  PeachCommander[1750:24ea] [com.apple.AppKit:Image] ISImage reported a placeholder, image rep is providing a placeholder image for <private>
2026-09-16 18:24:19.791 I  PeachCommander[1750:24ea] [com.apple.AppKit:Image] ISImage reported a placeholder, image rep is providing a placeholder image for <private>
2026-09-16 18:24:19.792 I  PeachCommander[1750:24ea] [com.apple.AppKit:Image] ISImage reported a placeholder, image rep is providing a placeholder image for <private>
2026-09-16 18:24:19.793 I  PeachCommander[1750:24ea] [com.apple.AppKit:Image] ISImage reported a placeholder, image rep is providing a placeholder image for <private>
2026-09-16 18:24:19.794 I  PeachCommander[1750:24ea] [com.apple.AppKit:Image] ISImage reported a placeholder, image rep is providing a placeholder image for <private>
2026-09-16 18:24:19.794 I  PeachCommander[1750:24ea] [com.apple.AppKit:Image] ISImage reported a placeholder, image rep is providing a placeholder image for <private>
2026-09-16 18:24:19.795 I  PeachCommander[1750:24ea] [com.apple.AppKit:Image] ISImage reported a placeholder, image rep is providing a placeholder image for <private>
2026-09-16 18:24:19.796 I  PeachCommander[1750:24ea] [com.apple.AppKit:Image] ISImage reported a placeholder, image rep is providing a placeholder image for <private>
2026-09-16 18:24:19.797 I  PeachCommander[1750:24ea] [com.apple.AppKit:Image] ISImage reported a placeholder, image rep is providing a placeholder image for <private>
2026-09-16 18:24:19.798 I  PeachCommander[1750:24ea] [com.apple.AppKit:Image] ISImage reported a placeholder, image rep is providing a placeholder image for <private>
2026-09-16 18:24:19.798 I  PeachCommander[1750:24ea] [com.apple.AppKit:Image] ISImage reported a placeholder, image rep is providing a placeholder image for <private>
2026-09-16 18:24:19.799 I  PeachCommander[1750:24ea] [com.apple.AppKit:Image] ISImage reported a placeholder, image rep is providing a placeholder image for <private>
2026-09-16 18:24:19.800 I  PeachCommander[1750:24ea] [com.apple.AppKit:Image] ISImage reported a placeholder, image rep is providing a placeholder image for <private>
2026-09-16 18:24:19.801 I  PeachCommander[1750:24ea] [com.apple.AppKit:Image] ISImage reported a placeholder, image rep is providing a placeholder image for <private>
2026-09-16 18:24:19.802 I  PeachCommander[1750:24ea] [com.apple.AppKit:Image] ISImage reported a placeholder, image rep is providing a placeholder image for <private>
2026-09-16 18:24:19.802 I  PeachCommander[1750:24ea] [com.apple.AppKit:Image] ISImage reported a placeholder, image rep is providing a placeholder image for <private>
2026-09-16 18:24:19.803 I  PeachCommander[1750:24ea] [com.apple.AppKit:Image] ISImage reported a placeholder, image rep is providing a placeholder image for <private>
2026-09-16 18:24:19.804 I  PeachCommander[1750:24ea] [com.apple.AppKit:Image] ISImage reported a placeholder, image rep is providing a placeholder image for <private>
2026-09-16 18:24:19.805 I  PeachCommander[1750:24ea] [com.apple.AppKit:Image] ISImage reported a placeholder, image rep is providing a placeholder image for <private>
2026-09-16 18:24:19.805 I  PeachCommander[1750:24ea] [com.apple.AppKit:Image] ISImage reported a placeholder, image rep is providing a placeholder image for <private>
2026-09-16 18:24:19.806 I  PeachCommander[1750:24ea] [com.apple.AppKit:Image] ISImage reported a placeholder, image rep is providing a placeholder image for <private>
2026-09-16 18:24:19.807 I  PeachCommander[1750:24ea] [com.apple.AppKit:Image] ISImage reported a placeholder, image rep is providing a placeholder image for <private>
2026-09-16 18:24:19.808 I  PeachCommander[1750:24ea] [com.apple.AppKit:Image] ISImage reported a placeholder, image rep is providing a placeholder image for <private>
2026-09-16 18:24:19.809 I  PeachCommander[1750:24ea] [com.apple.AppKit:Image] ISImage reported a placeholder, image rep is providing a placeholder image for <private>
2026-09-16 18:24:19.810 I  PeachCommander[1750:24ea] [com.apple.AppKit:Image] ISImage reported a placeholder, image rep is providing a placeholder image for <private>
2026-09-16 18:24:19.811 I  PeachCommander[1750:24ea] [com.apple.AppKit:Image] ISImage reported a placeholder, image rep is providing a placeholder image for <private>
2026-09-16 18:24:19.811 I  PeachCommander[1750:24ea] [com.apple.AppKit:Image] ISImage reported a placeholder, image rep is providing a placeholder image for <private>
2026-09-16 18:24:19.812 I  PeachCommander[1750:24ea] [com.apple.AppKit:Image] ISImage reported a placeholder, image rep is providing a placeholder image for <private>
2026-09-16 18:24:19.812 I  PeachCommander[1750:24ea] [com.apple.AppKit:Image] ISImage reported a placeholder, image rep is providing a placeholder image for <private>
2026-09-16 18:24:19.813 I  PeachCommander[1750:24ea] [com.apple.AppKit:Image] ISImage reported a placeholder, image rep is providing a placeholder image for <private>
2026-09-16 18:24:19.814 I  PeachCommander[1750:24ea] [com.apple.AppKit:Image] ISImage reported a placeholder, image rep is providing a placeholder image for <private>
2026-09-16 18:24:19.815 I  PeachCommander[1750:24ea] [com.apple.AppKit:Image] ISImage reported a placeholder, image rep is providing a placeholder image for <private>
2026-09-16 18:24:19.815 I  PeachCommander[1750:24ea] [com.apple.AppKit:Image] ISImage reported a placeholder, image rep is providing a placeholder image for <private>
2026-09-16 18:24:19.816 I  PeachCommander[1750:24ea] [com.apple.AppKit:Image] ISImage reported a placeholder, image rep is providing a placeholder image for <private>
2026-09-16 18:24:19.817 I  PeachCommander[1750:24ea] [com.apple.AppKit:Image] ISImage reported a placeholder, image rep is providing a placeholder image for <private>
2026-09-16 18:24:19.818 I  PeachCommander[1750:24ea] [com.apple.AppKit:Image] ISImage reported a placeholder, image rep is providing a placeholder image for <private>
2026-09-16 18:24:19.818 I  PeachCommander[1750:24ea] [com.apple.AppKit:Image] ISImage reported a placeholder, image rep is providing a placeholder image for <private>
2026-09-16 18:24:19.819 I  PeachCommander[1750:24ea] [com.apple.AppKit:Image] ISImage reported a placeholder, image rep is providing a placeholder image for <private>
2026-09-16 18:24:19.819 I  PeachCommander[1750:24ea] [com.apple.AppKit:Image] ISImage reported a placeholder, image rep is providing a placeholder image for <private>
2026-09-16 18:24:19.821 I  PeachCommander[1750:24ea] [com.apple.AppKit:Image] ISImage reported a placeholder, image rep is providing a placeholder image for <private>
2026-09-16 18:24:19.821 I  PeachCommander[1750:24ea] [com.apple.AppKit:Image] ISImage reported a placeholder, image rep is providing a placeholder image for <private>
2026-09-16 18:24:19.822 I  PeachCommander[1750:24ea] [com.apple.AppKit:Image] ISImage reported a placeholder, image rep is providing a placeholder image for <private>
2026-09-16 18:24:19.822 I  PeachCommander[1750:24ea] [com.apple.AppKit:Image] ISImage reported a placeholder, image rep is providing a placeholder image for <private>
2026-09-16 18:24:19.823 I  PeachCommander[1750:24ea] [com.apple.AppKit:Image] ISImage reported a placeholder, image rep is providing a placeholder image for <private>
2026-09-16 18:24:19.823 I  PeachCommander[1750:24ea] [com.apple.AppKit:Image] ISImage reported a placeholder, image rep is providing a placeholder image for <private>
2026-09-16 18:24:19.825 I  PeachCommander[1750:24ea] [com.apple.AppKit:Image] ISImage reported a placeholder, image rep is providing a placeholder image for <private>
2026-09-16 18:24:19.825 I  PeachCommander[1750:24ea] [com.apple.AppKit:Image] ISImage reported a placeholder, image rep is providing a placeholder image for <private>
2026-09-16 18:24:19.825 I  PeachCommander[1750:2589] [com.apple.iconservices:foundation] layer data size zero
2026-09-16 18:24:19.827 I  PeachCommander[1750:24ea] [com.apple.AppKit:Image] ISImage reported a placeholder, image rep is providing a placeholder image for <private>
2026-09-16 18:24:19.827 I  PeachCommander[1750:24ea] [com.apple.AppKit:Image] ISImage reported a placeholder, image rep is providing a placeholder image for <private>
2026-09-16 18:24:19.829 I  PeachCommander[1750:24ea] [com.apple.AppKit:Image] ISImage reported a placeholder, image rep is providing a placeholder image for <private>
2026-09-16 18:24:19.829 I  PeachCommander[1750:24ea] [com.apple.AppKit:Image] ISImage reported a placeholder, image rep is providing a placeholder image for <private>
2026-09-16 18:24:19.830 I  PeachCommander[1750:24ea] [com.apple.AppKit:Image] ISImage reported a placeholder, image rep is providing a placeholder image for <private>
2026-09-16 18:24:19.830 I  PeachCommander[1750:24ea] [com.apple.AppKit:Image] ISImage reported a placeholder, image rep is providing a placeholder image for <private>
2026-09-16 18:24:19.832 I  PeachCommander[1750:24ea] [com.apple.AppKit:Image] ISImage reported a placeholder, image rep is providing a placeholder image for <private>
2026-09-16 18:24:19.832 I  PeachCommander[1750:24ea] [com.apple.AppKit:Image] ISImage reported a placeholder, image rep is providing a placeholder image for <private>
2026-09-16 18:24:19.834 I  PeachCommander[1750:24ea] [com.apple.AppKit:Image] ISImage reported a placeholder, image rep is providing a placeholder image for <private>
2026-09-16 18:24:19.834 I  PeachCommander[1750:24ea] [com.apple.AppKit:Image] ISImage reported a placeholder, image rep is providing a placeholder image for <private>
2026-09-16 18:24:19.835 I  PeachCommander[1750:24ea] [com.apple.AppKit:Image] ISImage reported a placeholder, image rep is providing a placeholder image for <private>
2026-09-16 18:24:19.835 I  PeachCommander[1750:24ea] [com.apple.AppKit:Image] ISImage reported a placeholder, image rep is providing a placeholder image for <private>
2026-09-16 18:24:19.836 I  PeachCommander[1750:24ea] [com.apple.AppKit:Image] ISImage reported a placeholder, image rep is providing a placeholder image for <private>
2026-09-16 18:24:19.836 I  PeachCommander[1750:24ea] [com.apple.AppKit:Image] ISImage reported a placeholder, image rep is providing a placeholder image for <private>
2026-09-16 18:24:19.838 I  PeachCommander[1750:24ea] [com.apple.AppKit:Image] ISImage reported a placeholder, image rep is providing a placeholder image for <private>
2026-09-16 18:24:19.838 I  PeachCommander[1750:24ea] [com.apple.AppKit:Image] ISImage reported a placeholder, image rep is providing a placeholder image for <private>
2026-09-16 18:24:19.839 I  PeachCommander[1750:24ea] [com.apple.AppKit:Image] ISImage reported a placeholder, image rep is providing a placeholder image for <private>
2026-09-16 18:24:19.839 I  PeachCommander[1750:24ea] [com.apple.AppKit:Image] ISImage reported a placeholder, image rep is providing a placeholder image for <private>
2026-09-16 18:24:19.840 I  PeachCommander[1750:24ea] [com.apple.AppKit:Image] ISImage reported a placeholder, image rep is providing a placeholder image for <private>
2026-09-16 18:24:19.840 I  PeachCommander[1750:24ea] [com.apple.AppKit:Image] ISImage reported a placeholder, image rep is providing a placeholder image for <private>
2026-09-16 18:24:19.841 I  PeachCommander[1750:24ea] [com.apple.AppKit:Image] ISImage reported a placeholder, image rep is providing a placeholder image for <private>
2026-09-16 18:24:19.841 I  PeachCommander[1750:24ea] [com.apple.AppKit:Image] ISImage reported a placeholder, image rep is providing a placeholder image for <private>
2026-09-16 18:24:19.843 I  PeachCommander[1750:24ea] [com.apple.AppKit:Image] ISImage reported a placeholder, image rep is providing a placeholder image for <private>
2026-09-16 18:24:19.843 I  PeachCommander[1750:24ea] [com.apple.AppKit:Image] ISImage reported a placeholder, image rep is providing a placeholder image for <private>
2026-09-16 18:24:19.844 I  PeachCommander[1750:24ea] [com.apple.AppKit:Image] ISImage reported a placeholder, image rep is providing a placeholder image for <private>
2026-09-16 18:24:19.844 I  PeachCommander[1750:24ea] [com.apple.AppKit:Image] ISImage reported a placeholder, image rep is providing a placeholder image for <private>
2026-09-16 18:24:19.845 I  PeachCommander[1750:24ea] [com.apple.AppKit:Image] ISImage reported a placeholder, image rep is providing a placeholder image for <private>
2026-09-16 18:24:19.845 I  PeachCommander[1750:24ea] [com.apple.AppKit:Image] ISImage reported a placeholder, image rep is providing a placeholder image for <private>
2026-09-16 18:24:19.847 I  PeachCommander[1750:24ea] [com.apple.AppKit:Image] ISImage reported a placeholder, image rep is providing a placeholder image for <private>
2026-09-16 18:24:19.847 I  PeachCommander[1750:24ea] [com.apple.AppKit:Image] ISImage reported a placeholder, image rep is providing a placeholder image for <private>
2026-09-16 18:24:19.853 I  PeachCommander[1750:24f1] [com.apple.iconservices:foundation] layer data size zero
2026-09-16 18:24:19.919 I  PeachCommander[1750:24ea] [com.apple.AppKit:Image] ISImage reported a placeholder, image rep is providing a placeholder image for <private>
2026-09-16 18:24:19.919 I  PeachCommander[1750:24ea] [com.apple.AppKit:Image] ISImage reported a placeholder, image rep is providing a placeholder image for <private>
2026-09-16 18:24:19.919 I  PeachCommander[1750:24ea] [com.apple.AppKit:Image] ISImage reported a placeholder, image rep is providing a placeholder image for <private>
2026-09-16 18:24:19.919 I  PeachCommander[1750:24ea] [com.apple.AppKit:Image] ISImage reported a placeholder, image rep is providing a placeholder image for <private>
2026-09-16 18:24:19.919 I  PeachCommander[1750:24ea] [com.apple.AppKit:Image] ISImage reported a placeholder, image rep is providing a placeholder image for <private>
2026-09-16 18:24:19.919 I  PeachCommander[1750:24ea] [com.apple.AppKit:Image] ISImage reported a placeholder, image rep is providing a placeholder image for <private>
2026-09-16 18:24:19.920 I  PeachCommander[1750:24ea] [com.apple.AppKit:Image] ISImage reported a placeholder, image rep is providing a placeholder image for <private>
2026-09-16 18:24:19.920 I  PeachCommander[1750:24ea] [com.apple.AppKit:Image] ISImage reported a placeholder, image rep is providing a placeholder image for <private>
2026-09-16 18:24:19.920 I  PeachCommander[1750:24ea] [com.apple.AppKit:Image] ISImage reported a placeholder, image rep is providing a placeholder image for <private>
2026-09-16 18:24:19.920 I  PeachCommander[1750:24ea] [com.apple.AppKit:Image] ISImage reported a placeholder, image rep is providing a placeholder image for <private>
2026-09-16 18:24:19.920 I  PeachCommander[1750:24ea] [com.apple.AppKit:Image] ISImage reported a placeholder, image rep is providing a placeholder image for <private>
2026-09-16 18:24:19.920 I  PeachCommander[1750:24ea] [com.apple.AppKit:Image] ISImage reported a placeholder, image rep is providing a placeholder image for <private>
2026-09-16 18:24:19.920 I  PeachCommander[1750:24ea] [com.apple.AppKit:Image] ISImage reported a placeholder, image rep is providing a placeholder image for <private>
2026-09-16 18:24:19.920 I  PeachCommander[1750:24ea] [com.apple.AppKit:Image] ISImage reported a placeholder, image rep is providing a placeholder image for <private>
2026-09-16 18:24:19.920 I  PeachCommander[1750:24ea] [com.apple.AppKit:Image] ISImage reported a placeholder, image rep is providing a placeholder image for <private>
2026-09-16 18:24:19.920 I  PeachCommander[1750:24ea] [com.apple.AppKit:Image] ISImage reported a placeholder, image rep is providing a placeholder image for <private>
2026-09-16 18:24:19.920 I  PeachCommander[1750:24ea] [com.apple.AppKit:Image] ISImage reported a placeholder, image rep is providing a placeholder image for <private>
2026-09-16 18:24:19.920 I  PeachCommander[1750:24ea] [com.apple.AppKit:Image] ISImage reported a placeholder, image rep is providing a placeholder image for <private>
2026-09-16 18:24:19.921 I  PeachCommander[1750:24ea] [com.apple.AppKit:Image] ISImage reported a placeholder, image rep is providing a placeholder image for <private>
2026-09-16 18:24:19.921 I  PeachCommander[1750:24ea] [com.apple.AppKit:Image] ISImage reported a placeholder, image rep is providing a placeholder image for <private>
2026-09-16 18:24:19.921 I  PeachCommander[1750:24ea] [com.apple.AppKit:Image] ISImage reported a placeholder, image rep is providing a placeholder image for <private>
2026-09-16 18:24:19.921 I  PeachCommander[1750:24ea] [com.apple.AppKit:Image] ISImage reported a placeholder, image rep is providing a placeholder image for <private>
2026-09-16 18:24:19.921 I  PeachCommander[1750:24ea] [com.apple.AppKit:Image] ISImage reported a placeholder, image rep is providing a placeholder image for <private>
2026-09-16 18:24:19.921 I  PeachCommander[1750:24ea] [com.apple.AppKit:Image] ISImage reported a placeholder, image rep is providing a placeholder image for <private>
2026-09-16 18:24:19.921 I  PeachCommander[1750:24ea] [com.apple.AppKit:Image] ISImage reported a placeholder, image rep is providing a placeholder image for <private>
2026-09-16 18:24:19.921 I  PeachCommander[1750:24ea] [com.apple.AppKit:Image] ISImage reported a placeholder, image rep is providing a placeholder image for <private>
2026-09-16 18:24:19.921 I  PeachCommander[1750:24ea] [com.apple.AppKit:Image] ISImage reported a placeholder, image rep is providing a placeholder image for <private>
2026-09-16 18:24:19.921 I  PeachCommander[1750:24ea] [com.apple.AppKit:Image] ISImage reported a placeholder, image rep is providing a placeholder image for <private>
2026-09-16 18:24:19.921 I  PeachCommander[1750:24ea] [com.apple.AppKit:Image] ISImage reported a placeholder, image rep is providing a placeholder image for <private>
2026-09-16 18:24:19.921 I  PeachCommander[1750:24ea] [com.apple.AppKit:Image] ISImage reported a placeholder, image rep is providing a placeholder image for <private>
2026-09-16 18:24:19.926 I  PeachCommander[1750:24ea] [com.apple.AppKit:Image] ISImage reported a placeholder, image rep is providing a placeholder image for <private>
2026-09-16 18:24:19.926 I  PeachCommander[1750:24ea] [com.apple.AppKit:Image] ISImage reported a placeholder, image rep is providing a placeholder image for <private>
2026-09-16 18:24:19.926 I  PeachCommander[1750:24ea] [com.apple.AppKit:Image] ISImage reported a placeholder, image rep is providing a placeholder image for <private>
2026-09-16 18:24:19.926 I  PeachCommander[1750:24ea] [com.apple.AppKit:Image] ISImage reported a placeholder, image rep is providing a placeholder image for <private>
2026-09-16 18:24:19.927 I  PeachCommander[1750:24ea] [com.apple.AppKit:Image] ISImage reported a placeholder, image rep is providing a placeholder image for <private>
2026-09-16 18:24:19.927 I  PeachCommander[1750:24ea] [com.apple.AppKit:Image] ISImage reported a placeholder, image rep is providing a placeholder image for <private>
2026-09-16 18:24:19.927 I  PeachCommander[1750:24ea] [com.apple.AppKit:Image] ISImage reported a placeholder, image rep is providing a placeholder image for <private>
2026-09-16 18:24:19.927 I  PeachCommander[1750:24ea] [com.apple.AppKit:Image] ISImage reported a placeholder, image rep is providing a placeholder image for <private>
2026-09-16 18:24:19.927 I  PeachCommander[1750:24ea] [com.apple.AppKit:Image] ISImage reported a placeholder, image rep is providing a placeholder image for <private>
2026-09-16 18:24:19.927 I  PeachCommander[1750:24ea] [com.apple.AppKit:Image] ISImage reported a placeholder, image rep is providing a placeholder image for <private>
2026-09-16 18:24:19.927 I  PeachCommander[1750:24ea] [com.apple.AppKit:Image] ISImage reported a placeholder, image rep is providing a placeholder image for <private>
2026-09-16 18:24:19.927 I  PeachCommander[1750:24ea] [com.apple.AppKit:Image] ISImage reported a placeholder, image rep is providing a placeholder image for <private>
2026-09-16 18:24:19.927 I  PeachCommander[1750:24ea] [com.apple.AppKit:Image] ISImage reported a placeholder, image rep is providing a placeholder image for <private>
2026-09-16 18:24:19.928 I  PeachCommander[1750:24ea] [com.apple.AppKit:Image] ISImage reported a placeholder, image rep is providing a placeholder image for <private>
2026-09-16 18:24:19.928 I  PeachCommander[1750:24ea] [com.apple.AppKit:Image] ISImage reported a placeholder, image rep is providing a placeholder image for <private>
2026-09-16 18:24:19.928 I  PeachCommander[1750:24ea] [com.apple.AppKit:Image] ISImage reported a placeholder, image rep is providing a placeholder image for <private>
2026-09-16 18:24:19.928 I  PeachCommander[1750:24ea] [com.apple.AppKit:Image] ISImage reported a placeholder, image rep is providing a placeholder image for <private>
2026-09-16 18:24:19.928 I  PeachCommander[1750:24ea] [com.apple.AppKit:Image] ISImage reported a placeholder, image rep is providing a placeholder image for <private>
2026-09-16 18:24:19.930 I  PeachCommander[1750:24ea] [com.apple.iconservices:foundation] layer data size zero
2026-09-16 18:24:19.930 I  PeachCommander[1750:24ea] [com.apple.iconservices:foundation] layer data size zero
2026-09-16 18:24:19.930 I  PeachCommander[1750:24ea] [com.apple.iconservices:foundation] layer data size zero
2026-09-16 18:24:19.930 I  PeachCommander[1750:24ea] [com.apple.iconservices:foundation] layer data size zero
2026-09-16 18:24:19.930 I  PeachCommander[1750:24ea] [com.apple.iconservices:foundation] layer data size zero
2026-09-16 18:24:19.930 I  PeachCommander[1750:24ea] [com.apple.iconservices:foundation] layer data size zero
2026-09-16 18:24:19.930 I  PeachCommander[1750:24ea] [com.apple.iconservices:foundation] layer data size zero
2026-09-16 18:24:19.930 I  PeachCommander[1750:24ea] [com.apple.iconservices:foundation] layer data size zero
2026-09-16 18:24:19.931 I  PeachCommander[1750:24ea] [com.apple.iconservices:foundation] layer data size zero
2026-09-16 18:24:19.946 I  PeachCommander[1750:24ea] [com.apple.AppKit:Image] ISImage reported a placeholder, image rep is providing a placeholder image for <private>
2026-09-16 18:24:19.946 I  PeachCommander[1750:24ea] [com.apple.AppKit:Image] ISImage reported a placeholder, image rep is providing a placeholder image for <private>
2026-09-16 18:24:19.946 I  PeachCommander[1750:24ea] [com.apple.AppKit:Image] ISImage reported a placeholder, image rep is providing a placeholder image for <private>
2026-09-16 18:24:19.948 I  PeachCommander[1750:24ea] [com.apple.AppKit:Image] ISImage reported a placeholder, image rep is providing a placeholder image for <private>
2026-09-16 18:24:19.948 I  PeachCommander[1750:24ea] [com.apple.AppKit:Image] ISImage reported a placeholder, image rep is providing a placeholder image for <private>
2026-09-16 18:24:19.948 I  PeachCommander[1750:24ea] [com.apple.AppKit:Image] ISImage reported a placeholder, image rep is providing a placeholder image for <private>
2026-09-16 18:24:19.949 I  PeachCommander[1750:24ea] [com.apple.AppKit:Image] ISImage reported a placeholder, image rep is providing a placeholder image for <private>
2026-09-16 18:24:19.949 I  PeachCommander[1750:24ea] [com.apple.AppKit:Image] ISImage reported a placeholder, image rep is providing a placeholder image for <private>
2026-09-16 18:24:19.949 I  PeachCommander[1750:24ea] [com.apple.AppKit:Image] ISImage reported a placeholder, image rep is providing a placeholder image for <private>
2026-09-16 18:24:19.951 I  PeachCommander[1750:24ea] [com.apple.AppKit:Image] ISImage reported a placeholder, image rep is providing a placeholder image for <private>
2026-09-16 18:24:19.951 I  PeachCommander[1750:24ea] [com.apple.AppKit:Image] ISImage reported a placeholder, image rep is providing a placeholder image for <private>
2026-09-16 18:24:19.951 I  PeachCommander[1750:24ea] [com.apple.AppKit:Image] ISImage reported a placeholder, image rep is providing a placeholder image for <private>
2026-09-16 18:24:19.952 I  PeachCommander[1750:24ea] [com.apple.AppKit:Image] ISImage reported a placeholder, image rep is providing a placeholder image for <private>
2026-09-16 18:24:19.952 I  PeachCommander[1750:24ea] [com.apple.AppKit:Image] ISImage reported a placeholder, image rep is providing a placeholder image for <private>
2026-09-16 18:24:19.952 I  PeachCommander[1750:24ea] [com.apple.AppKit:Image] ISImage reported a placeholder, image rep is providing a placeholder image for <private>
2026-09-16 18:24:19.955 I  PeachCommander[1750:24ea] [com.apple.AppKit:Image] ISImage reported a placeholder, image rep is providing a placeholder image for <private>
2026-09-16 18:24:19.955 I  PeachCommander[1750:24ea] [com.apple.AppKit:Image] ISImage reported a placeholder, image rep is providing a placeholder image for <private>
2026-09-16 18:24:19.955 I  PeachCommander[1750:24ea] [com.apple.AppKit:Image] ISImage reported a placeholder, image rep is providing a placeholder image for <private>
2026-09-16 18:24:19.956 I  PeachCommander[1750:24ea] [com.apple.AppKit:Image] ISImage reported a placeholder, image rep is providing a placeholder image for <private>
2026-09-16 18:24:19.956 I  PeachCommander[1750:24ea] [com.apple.AppKit:Image] ISImage reported a placeholder, image rep is providing a placeholder image for <private>
2026-09-16 18:24:19.956 I  PeachCommander[1750:24ea] [com.apple.AppKit:Image] ISImage reported a placeholder, image rep is providing a placeholder image for <private>
2026-09-16 18:24:19.979 I  PeachCommander[1750:24ea] [com.apple.AppKit:Image] ISImage reported a placeholder, image rep is providing a placeholder image for <private>
2026-09-16 18:24:19.980 I  PeachCommander[1750:24ea] [com.apple.AppKit:Image] ISImage reported a placeholder, image rep is providing a placeholder image for <private>
2026-09-16 18:24:19.981 I  PeachCommander[1750:24ea] [com.apple.AppKit:Image] ISImage reported a placeholder, image rep is providing a placeholder image for <private>
2026-09-16 18:24:19.982 I  PeachCommander[1750:24ea] [com.apple.AppKit:Image] ISImage reported a placeholder, image rep is providing a placeholder image for <private>
2026-09-16 18:24:19.983 I  PeachCommander[1750:24ea] [com.apple.AppKit:Image] ISImage reported a placeholder, image rep is providing a placeholder image for <private>
2026-09-16 18:24:19.984 I  PeachCommander[1750:24ea] [com.apple.AppKit:Image] ISImage reported a placeholder, image rep is providing a placeholder image for <private>
2026-09-16 18:24:19.985 I  PeachCommander[1750:24ea] [com.apple.AppKit:Image] ISImage reported a placeholder, image rep is providing a placeholder image for <private>
2026-09-16 18:24:19.986 I  PeachCommander[1750:24ea] [com.apple.AppKit:Image] ISImage reported a placeholder, image rep is providing a placeholder image for <private>
2026-09-16 18:24:19.987 I  PeachCommander[1750:24ea] [com.apple.AppKit:Image] ISImage reported a placeholder, image rep is providing a placeholder image for <private>
2026-09-16 18:24:19.988 I  PeachCommander[1750:24ea] [com.apple.AppKit:Image] ISImage reported a placeholder, image rep is providing a placeholder image for <private>
2026-09-16 18:24:19.989 I  PeachCommander[1750:24ea] [com.apple.AppKit:Image] ISImage reported a placeholder, image rep is providing a placeholder image for <private>
2026-09-16 18:24:19.989 I  PeachCommander[1750:24ea] [com.apple.AppKit:Image] ISImage reported a placeholder, image rep is providing a placeholder image for <private>
2026-09-16 18:24:19.990 I  PeachCommander[1750:24ea] [com.apple.AppKit:Image] ISImage reported a placeholder, image rep is providing a placeholder image for <private>
2026-09-16 18:24:19.991 I  PeachCommander[1750:24ea] [com.apple.AppKit:Image] ISImage reported a placeholder, image rep is providing a placeholder image for <private>
2026-09-16 18:24:19.992 I  PeachCommander[1750:24ea] [com.apple.AppKit:Image] ISImage reported a placeholder, image rep is providing a placeholder image for <private>
2026-09-16 18:24:19.993 I  PeachCommander[1750:24ea] [com.apple.AppKit:Image] ISImage reported a placeholder, image rep is providing a placeholder image for <private>
2026-09-16 18:24:19.994 I  PeachCommander[1750:24ea] [com.apple.AppKit:Image] ISImage reported a placeholder, image rep is providing a placeholder image for <private>
2026-09-16 18:24:19.995 I  PeachCommander[1750:24ea] [com.apple.AppKit:Image] ISImage reported a placeholder, image rep is providing a placeholder image for <private>
2026-09-16 18:24:19.996 I  PeachCommander[1750:24ea] [com.apple.AppKit:Image] ISImage reported a placeholder, image rep is providing a placeholder image for <private>
2026-09-16 18:24:19.997 I  PeachCommander[1750:24ea] [com.apple.AppKit:Image] ISImage reported a placeholder, image rep is providing a placeholder image for <private>
2026-09-16 18:24:19.998 I  PeachCommander[1750:24ea] [com.apple.AppKit:Image] ISImage reported a placeholder, image rep is providing a placeholder image for <private>
2026-09-16 18:24:19.999 I  PeachCommander[1750:24ea] [com.apple.AppKit:Image] ISImage reported a placeholder, image rep is providing a placeholder image for <private>
2026-09-16 18:24:19.999 I  PeachCommander[1750:24ea] [com.apple.AppKit:Image] ISImage reported a placeholder, image rep is providing a placeholder image for <private>
2026-09-16 18:24:20.000 I  PeachCommander[1750:24ea] [com.apple.AppKit:Image] ISImage reported a placeholder, image rep is providing a placeholder image for <private>
2026-09-16 18:24:20.001 I  PeachCommander[1750:24ea] [com.apple.AppKit:Image] ISImage reported a placeholder, image rep is providing a placeholder image for <private>
2026-09-16 18:24:20.003 I  PeachCommander[1750:24ea] [com.apple.AppKit:Image] ISImage reported a placeholder, image rep is providing a placeholder image for <private>
2026-09-16 18:24:20.003 I  PeachCommander[1750:24ea] [com.apple.AppKit:Image] ISImage reported a placeholder, image rep is providing a placeholder image for <private>
2026-09-16 18:24:20.004 I  PeachCommander[1750:24ea] [com.apple.AppKit:Image] ISImage reported a placeholder, image rep is providing a placeholder image for <private>
2026-09-16 18:24:20.004 I  PeachCommander[1750:24ea] [com.apple.AppKit:Image] ISImage reported a placeholder, image rep is providing a placeholder image for <private>
2026-09-16 18:24:20.006 I  PeachCommander[1750:24ea] [com.apple.AppKit:Image] ISImage reported a placeholder, image rep is providing a placeholder image for <private>
2026-09-16 18:24:20.006 I  PeachCommander[1750:24ea] [com.apple.AppKit:Image] ISImage reported a placeholder, image rep is providing a placeholder image for <private>
2026-09-16 18:24:20.007 I  PeachCommander[1750:24ea] [com.apple.AppKit:Image] ISImage reported a placeholder, image rep is providing a placeholder image for <private>
2026-09-16 18:24:20.007 I  PeachCommander[1750:24ea] [com.apple.AppKit:Image] ISImage reported a placeholder, image rep is providing a placeholder image for <private>
2026-09-16 18:24:20.008 I  PeachCommander[1750:24ea] [com.apple.AppKit:Image] ISImage reported a placeholder, image rep is providing a placeholder image for <private>
2026-09-16 18:24:20.008 I  PeachCommander[1750:24ea] [com.apple.AppKit:Image] ISImage reported a placeholder, image rep is providing a placeholder image for <private>
2026-09-16 18:24:20.010 I  PeachCommander[1750:24ea] [com.apple.AppKit:Image] ISImage reported a placeholder, image rep is providing a placeholder image for <private>
2026-09-16 18:24:20.010 I  PeachCommander[1750:24ea] [com.apple.AppKit:Image] ISImage reported a placeholder, image rep is providing a placeholder image for <private>
2026-09-16 18:24:20.011 I  PeachCommander[1750:24ea] [com.apple.AppKit:Image] ISImage reported a placeholder, image rep is providing a placeholder image for <private>
2026-09-16 18:24:20.011 I  PeachCommander[1750:24ea] [com.apple.AppKit:Image] ISImage reported a placeholder, image rep is providing a placeholder image for <private>
2026-09-16 18:24:20.012 I  PeachCommander[1750:24ea] [com.apple.AppKit:Image] ISImage reported a placeholder, image rep is providing a placeholder image for <private>
2026-09-16 18:24:20.012 I  PeachCommander[1750:24ea] [com.apple.AppKit:Image] ISImage reported a placeholder, image rep is providing a placeholder image for <private>
2026-09-16 18:24:20.014 I  PeachCommander[1750:24ea] [com.apple.AppKit:Image] ISImage reported a placeholder, image rep is providing a placeholder image for <private>
2026-09-16 18:24:20.014 I  PeachCommander[1750:24ea] [com.apple.AppKit:Image] ISImage reported a placeholder, image rep is providing a placeholder image for <private>
2026-09-16 18:24:20.015 I  PeachCommander[1750:24ea] [com.apple.AppKit:Image] ISImage reported a placeholder, image rep is providing a placeholder image for <private>
2026-09-16 18:24:20.015 I  PeachCommander[1750:24ea] [com.apple.AppKit:Image] ISImage reported a placeholder, image rep is providing a placeholder image for <private>
2026-09-16 18:24:20.016 I  PeachCommander[1750:24f2] [com.apple.iconservices:foundation] layer data size zero
2026-09-16 18:24:20.017 I  PeachCommander[1750:24ea] [com.apple.AppKit:Image] ISImage reported a placeholder, image rep is providing a placeholder image for <private>
2026-09-16 18:24:20.017 I  PeachCommander[1750:24ea] [com.apple.AppKit:Image] ISImage reported a placeholder, image rep is providing a placeholder image for <private>
2026-09-16 18:24:20.017 I  PeachCommander[1750:24f2] [com.apple.iconservices:foundation] layer data size zero
2026-09-16 18:24:20.019 I  PeachCommander[1750:24ea] [com.apple.AppKit:Image] ISImage reported a placeholder, image rep is providing a placeholder image for <private>
2026-09-16 18:24:20.019 I  PeachCommander[1750:24ea] [com.apple.AppKit:Image] ISImage reported a placeholder, image rep is providing a placeholder image for <private>
2026-09-16 18:24:20.019 I  PeachCommander[1750:24f2] [com.apple.iconservices:foundation] layer data size zero
2026-09-16 18:24:20.020 I  PeachCommander[1750:24ea] [com.apple.AppKit:Image] ISImage reported a placeholder, image rep is providing a placeholder image for <private>
2026-09-16 18:24:20.020 I  PeachCommander[1750:24ea] [com.apple.AppKit:Image] ISImage reported a placeholder, image rep is providing a placeholder image for <private>
2026-09-16 18:24:20.021 I  PeachCommander[1750:24ea] [com.apple.AppKit:Image] ISImage reported a placeholder, image rep is providing a placeholder image for <private>
2026-09-16 18:24:20.021 I  PeachCommander[1750:24ea] [com.apple.AppKit:Image] ISImage reported a placeholder, image rep is providing a placeholder image for <private>
2026-09-16 18:24:20.023 I  PeachCommander[1750:24ea] [com.apple.AppKit:Image] ISImage reported a placeholder, image rep is providing a placeholder image for <private>
2026-09-16 18:24:20.023 I  PeachCommander[1750:24ea] [com.apple.AppKit:Image] ISImage reported a placeholder, image rep is providing a placeholder image for <private>
2026-09-16 18:24:20.024 I  PeachCommander[1750:24f2] [com.apple.iconservices:foundation] layer data size zero
2026-09-16 18:24:20.025 I  PeachCommander[1750:24ea] [com.apple.AppKit:Image] ISImage reported a placeholder, image rep is providing a placeholder image for <private>
2026-09-16 18:24:20.025 I  PeachCommander[1750:24ea] [com.apple.AppKit:Image] ISImage reported a placeholder, image rep is providing a placeholder image for <private>
2026-09-16 18:24:20.026 I  PeachCommander[1750:24ea] [com.apple.AppKit:Image] ISImage reported a placeholder, image rep is providing a placeholder image for <private>
2026-09-16 18:24:20.026 I  PeachCommander[1750:24ea] [com.apple.AppKit:Image] ISImage reported a placeholder, image rep is providing a placeholder image for <private>
2026-09-16 18:24:20.028 I  PeachCommander[1750:24ea] [com.apple.AppKit:Image] ISImage reported a placeholder, image rep is providing a placeholder image for <private>
2026-09-16 18:24:20.028 I  PeachCommander[1750:24ea] [com.apple.AppKit:Image] ISImage reported a placeholder, image rep is providing a placeholder image for <private>
2026-09-16 18:24:20.030 I  PeachCommander[1750:24ea] [com.apple.AppKit:Image] ISImage reported a placeholder, image rep is providing a placeholder image for <private>
2026-09-16 18:24:20.030 I  PeachCommander[1750:24ea] [com.apple.AppKit:Image] ISImage reported a placeholder, image rep is providing a placeholder image for <private>
2026-09-16 18:24:20.032 I  PeachCommander[1750:24ea] [com.apple.AppKit:Image] ISImage reported a placeholder, image rep is providing a placeholder image for <private>
2026-09-16 18:24:20.032 I  PeachCommander[1750:24ea] [com.apple.AppKit:Image] ISImage reported a placeholder, image rep is providing a placeholder image for <private>
2026-09-16 18:24:20.032 I  PeachCommander[1750:24f2] [com.apple.iconservices:foundation] layer data size zero
2026-09-16 18:24:20.033 I  PeachCommander[1750:24ea] [com.apple.AppKit:Image] ISImage reported a placeholder, image rep is providing a placeholder image for <private>
2026-09-16 18:24:20.033 I  PeachCommander[1750:24ea] [com.apple.AppKit:Image] ISImage reported a placeholder, image rep is providing a placeholder image for <private>
2026-09-16 18:24:20.033 I  PeachCommander[1750:24f2] [com.apple.iconservices:foundation] layer data size zero
2026-09-16 18:24:20.035 I  PeachCommander[1750:24ea] [com.apple.AppKit:Image] ISImage reported a placeholder, image rep is providing a placeholder image for <private>
2026-09-16 18:24:20.035 I  PeachCommander[1750:24ea] [com.apple.AppKit:Image] ISImage reported a placeholder, image rep is providing a placeholder image for <private>
2026-09-16 18:24:20.035 I  PeachCommander[1750:24f2] [com.apple.iconservices:foundation] layer data size zero
2026-09-16 18:24:20.037 I  PeachCommander[1750:24ea] [com.apple.AppKit:Image] ISImage reported a placeholder, image rep is providing a placeholder image for <private>
2026-09-16 18:24:20.037 I  PeachCommander[1750:24ea] [com.apple.AppKit:Image] ISImage reported a placeholder, image rep is providing a placeholder image for <private>
2026-09-16 18:24:20.039 I  PeachCommander[1750:24ea] [com.apple.AppKit:Image] ISImage reported a placeholder, image rep is providing a placeholder image for <private>
2026-09-16 18:24:20.039 I  PeachCommander[1750:24ea] [com.apple.AppKit:Image] ISImage reported a placeholder, image rep is providing a placeholder image for <private>
2026-09-16 18:24:20.039 I  PeachCommander[1750:24f2] [com.apple.iconservices:foundation] layer data size zero
2026-09-16 18:24:20.041 I  PeachCommander[1750:24ea] [com.apple.AppKit:Image] ISImage reported a placeholder, image rep is providing a placeholder image for <private>
2026-09-16 18:24:20.041 I  PeachCommander[1750:24ea] [com.apple.AppKit:Image] ISImage reported a placeholder, image rep is providing a placeholder image for <private>
2026-09-16 18:24:20.042 I  PeachCommander[1750:24f2] [com.apple.iconservices:foundation] layer data size zero
2026-09-16 18:24:20.177 I  PeachCommander[1750:24f6] [com.apple.AppKit:WindowTab] Indexing 1 items
2026-09-16 18:24:20.177 A  PeachCommander[1750:24f6] (CoreSpotlight) end-index-batch
2026-09-16 18:24:20.177 A  PeachCommander[1750:24f6] (CoreSpotlight) index-items
2026-09-16 18:24:20.177 Df PeachCommander[1750:24f6] [com.apple.corespotlight:index] CSInlineDonation:<private>: Skipping donation (feature flag disabled)
2026-09-16 18:24:20.177 Df PeachCommander[1750:24f6] [com.apple.corespotlight:index] CSInlineDonation:<private>: Skipping donation (feature flag disabled)
2026-09-16 18:24:20.994 Df PeachCommander[1750:24ea] (Foundation) <private>
2026-09-16 18:24:20.994 I  PeachCommander[1750:24ea] [com.peachcommander:PCFoundation] [automation] > mkfile /Users/admin/pc-demo/ws-scope-victim.txt
2026-09-16 18:24:20.995 Df PeachCommander[1750:24ea] (Foundation) <private>
2026-09-16 18:24:20.995 I  PeachCommander[1750:24ea] [com.peachcommander:PCFoundation] [automation] > wait 400
2026-09-16 18:24:21.023 I  PeachCommander[1750:24ea] [com.apple.AppKit:Image] ISImage reported a placeholder, image rep is providing a placeholder image for <private>
2026-09-16 18:24:21.024 I  PeachCommander[1750:24ea] [com.apple.AppKit:Image] ISImage reported a placeholder, image rep is providing a placeholder image for <private>
2026-09-16 18:24:21.024 I  PeachCommander[1750:24ea] [com.apple.AppKit:Image] ISImage reported a placeholder, image rep is providing a placeholder image for <private>
2026-09-16 18:24:21.025 I  PeachCommander[1750:24ea] [com.apple.AppKit:Image] ISImage reported a placeholder, image rep is providing a placeholder image for <private>
2026-09-16 18:24:21.026 I  PeachCommander[1750:24ea] [com.apple.AppKit:Image] ISImage reported a placeholder, image rep is providing a placeholder image for <private>
2026-09-16 18:24:21.027 I  PeachCommander[1750:24ea] [com.apple.AppKit:Image] ISImage reported a placeholder, image rep is providing a placeholder image for <private>
2026-09-16 18:24:21.027 I  PeachCommander[1750:24ea] [com.apple.AppKit:Image] ISImage reported a placeholder, image rep is providing a placeholder image for <private>
2026-09-16 18:24:21.028 I  PeachCommander[1750:24ea] [com.apple.AppKit:Image] ISImage reported a placeholder, image rep is providing a placeholder image for <private>
2026-09-16 18:24:21.029 I  PeachCommander[1750:24ea] [com.apple.AppKit:Image] ISImage reported a placeholder, image rep is providing a placeholder image for <private>
2026-09-16 18:24:21.030 I  PeachCommander[1750:24ea] [com.apple.AppKit:Image] ISImage reported a placeholder, image rep is providing a placeholder image for <private>
2026-09-16 18:24:21.031 I  PeachCommander[1750:24ea] [com.apple.AppKit:Image] ISImage reported a placeholder, image rep is providing a placeholder image for <private>
2026-09-16 18:24:21.031 I  PeachCommander[1750:24ea] [com.apple.AppKit:Image] ISImage reported a placeholder, image rep is providing a placeholder image for <private>
2026-09-16 18:24:21.032 I  PeachCommander[1750:24ea] [com.apple.AppKit:Image] ISImage reported a placeholder, image rep is providing a placeholder image for <private>
2026-09-16 18:24:21.033 I  PeachCommander[1750:24ea] [com.apple.AppKit:Image] ISImage reported a placeholder, image rep is providing a placeholder image for <private>
2026-09-16 18:24:21.034 I  PeachCommander[1750:24ea] [com.apple.AppKit:Image] ISImage reported a placeholder, image rep is providing a placeholder image for <private>
2026-09-16 18:24:21.034 I  PeachCommander[1750:24ea] [com.apple.AppKit:Image] ISImage reported a placeholder, image rep is providing a placeholder image for <private>
2026-09-16 18:24:21.035 I  PeachCommander[1750:24ea] [com.apple.AppKit:Image] ISImage reported a placeholder, image rep is providing a placeholder image for <private>
2026-09-16 18:24:21.036 I  PeachCommander[1750:24ea] [com.apple.AppKit:Image] ISImage reported a placeholder, image rep is providing a placeholder image for <private>
2026-09-16 18:24:21.037 I  PeachCommander[1750:24ea] [com.apple.AppKit:Image] ISImage reported a placeholder, image rep is providing a placeholder image for <private>
2026-09-16 18:24:21.037 I  PeachCommander[1750:24ea] [com.apple.AppKit:Image] ISImage reported a placeholder, image rep is providing a placeholder image for <private>
2026-09-16 18:24:21.038 I  PeachCommander[1750:24ea] [com.apple.AppKit:Image] ISImage reported a placeholder, image rep is providing a placeholder image for <private>
2026-09-16 18:24:21.039 I  PeachCommander[1750:24ea] [com.apple.AppKit:Image] ISImage reported a placeholder, image rep is providing a placeholder image for <private>
2026-09-16 18:24:21.040 I  PeachCommander[1750:24ea] [com.apple.AppKit:Image] ISImage reported a placeholder, image rep is providing a placeholder image for <private>
2026-09-16 18:24:21.040 I  PeachCommander[1750:24ea] [com.apple.AppKit:Image] ISImage reported a placeholder, image rep is providing a placeholder image for <private>
2026-09-16 18:24:21.041 I  PeachCommander[1750:24ea] [com.apple.AppKit:Image] ISImage reported a placeholder, image rep is providing a placeholder image for <private>
2026-09-16 18:24:21.042 I  PeachCommander[1750:24ea] [com.apple.AppKit:Image] ISImage reported a placeholder, image rep is providing a placeholder image for <private>
2026-09-16 18:24:21.042 I  PeachCommander[1750:24ea] [com.apple.AppKit:Image] ISImage reported a placeholder, image rep is providing a placeholder image for <private>
2026-09-16 18:24:21.044 I  PeachCommander[1750:24ea] [com.apple.AppKit:Image] ISImage reported a placeholder, image rep is providing a placeholder image for <private>
2026-09-16 18:24:21.044 I  PeachCommander[1750:24ea] [com.apple.AppKit:Image] ISImage reported a placeholder, image rep is providing a placeholder image for <private>
2026-09-16 18:24:21.045 I  PeachCommander[1750:24ea] [com.apple.AppKit:Image] ISImage reported a placeholder, image rep is providing a placeholder image for <private>
2026-09-16 18:24:21.045 I  PeachCommander[1750:24ea] [com.apple.AppKit:Image] ISImage reported a placeholder, image rep is providing a placeholder image for <private>
2026-09-16 18:24:21.047 I  PeachCommander[1750:24ea] [com.apple.AppKit:Image] ISImage reported a placeholder, image rep is providing a placeholder image for <private>
2026-09-16 18:24:21.047 I  PeachCommander[1750:24ea] [com.apple.AppKit:Image] ISImage reported a placeholder, image rep is providing a placeholder image for <private>
2026-09-16 18:24:21.048 I  PeachCommander[1750:24ea] [com.apple.AppKit:Image] ISImage reported a placeholder, image rep is providing a placeholder image for <private>
2026-09-16 18:24:21.048 I  PeachCommander[1750:24ea] [com.apple.AppKit:Image] ISImage reported a placeholder, image rep is providing a placeholder image for <private>
2026-09-16 18:24:21.049 I  PeachCommander[1750:24ea] [com.apple.AppKit:Image] ISImage reported a placeholder, image rep is providing a placeholder image for <private>
2026-09-16 18:24:21.049 I  PeachCommander[1750:24ea] [com.apple.AppKit:Image] ISImage reported a placeholder, image rep is providing a placeholder image for <private>
2026-09-16 18:24:21.051 I  PeachCommander[1750:24ea] [com.apple.AppKit:Image] ISImage reported a placeholder, image rep is providing a placeholder image for <private>
2026-09-16 18:24:21.051 I  PeachCommander[1750:24ea] [com.apple.AppKit:Image] ISImage reported a placeholder, image rep is providing a placeholder image for <private>
2026-09-16 18:24:21.052 I  PeachCommander[1750:24ea] [com.apple.AppKit:Image] ISImage reported a placeholder, image rep is providing a placeholder image for <private>
2026-09-16 18:24:21.052 I  PeachCommander[1750:24ea] [com.apple.AppKit:Image] ISImage reported a placeholder, image rep is providing a placeholder image for <private>
2026-09-16 18:24:21.054 I  PeachCommander[1750:24ea] [com.apple.AppKit:Image] ISImage reported a placeholder, image rep is providing a placeholder image for <private>
2026-09-16 18:24:21.054 I  PeachCommander[1750:24ea] [com.apple.AppKit:Image] ISImage reported a placeholder, image rep is providing a placeholder image for <private>
2026-09-16 18:24:21.055 I  PeachCommander[1750:24ea] [com.apple.AppKit:Image] ISImage reported a placeholder, image rep is providing a placeholder image for <private>
2026-09-16 18:24:21.055 I  PeachCommander[1750:24ea] [com.apple.AppKit:Image] ISImage reported a placeholder, image rep is providing a placeholder image for <private>
2026-09-16 18:24:21.056 I  PeachCommander[1750:24ea] [com.apple.AppKit:Image] ISImage reported a placeholder, image rep is providing a placeholder image for <private>
2026-09-16 18:24:21.057 I  PeachCommander[1750:24ea] [com.apple.AppKit:Image] ISImage reported a placeholder, image rep is providing a placeholder image for <private>
2026-09-16 18:24:21.058 I  PeachCommander[1750:24ea] [com.apple.AppKit:Image] ISImage reported a placeholder, image rep is providing a placeholder image for <private>
2026-09-16 18:24:21.058 I  PeachCommander[1750:24ea] [com.apple.AppKit:Image] ISImage reported a placeholder, image rep is providing a placeholder image for <private>
2026-09-16 18:24:21.059 I  PeachCommander[1750:24ea] [com.apple.AppKit:Image] ISImage reported a placeholder, image rep is providing a placeholder image for <private>
2026-09-16 18:24:21.059 I  PeachCommander[1750:24ea] [com.apple.AppKit:Image] ISImage reported a placeholder, image rep is providing a placeholder image for <private>
2026-09-16 18:24:21.060 I  PeachCommander[1750:24ea] [com.apple.AppKit:Image] ISImage reported a placeholder, image rep is providing a placeholder image for <private>
2026-09-16 18:24:21.061 I  PeachCommander[1750:24ea] [com.apple.AppKit:Image] ISImage reported a placeholder, image rep is providing a placeholder image for <private>
2026-09-16 18:24:21.062 I  PeachCommander[1750:24ea] [com.apple.AppKit:Image] ISImage reported a placeholder, image rep is providing a placeholder image for <private>
2026-09-16 18:24:21.062 I  PeachCommander[1750:24ea] [com.apple.AppKit:Image] ISImage reported a placeholder, image rep is providing a placeholder image for <private>
2026-09-16 18:24:21.063 I  PeachCommander[1750:24ea] [com.apple.AppKit:Image] ISImage reported a placeholder, image rep is providing a placeholder image for <private>
2026-09-16 18:24:21.063 I  PeachCommander[1750:24ea] [com.apple.AppKit:Image] ISImage reported a placeholder, image rep is providing a placeholder image for <private>
2026-09-16 18:24:21.065 I  PeachCommander[1750:24ea] [com.apple.AppKit:Image] ISImage reported a placeholder, image rep is providing a placeholder image for <private>
2026-09-16 18:24:21.065 I  PeachCommander[1750:24ea] [com.apple.AppKit:Image] ISImage reported a placeholder, image rep is providing a placeholder image for <private>
2026-09-16 18:24:21.066 I  PeachCommander[1750:24ea] [com.apple.AppKit:Image] ISImage reported a placeholder, image rep is providing a placeholder image for <private>
2026-09-16 18:24:21.066 I  PeachCommander[1750:24ea] [com.apple.AppKit:Image] ISImage reported a placeholder, image rep is providing a placeholder image for <private>
2026-09-16 18:24:21.068 I  PeachCommander[1750:24ea] [com.apple.AppKit:Image] ISImage reported a placeholder, image rep is providing a placeholder image for <private>
2026-09-16 18:24:21.068 I  PeachCommander[1750:24ea] [com.apple.AppKit:Image] ISImage reported a placeholder, image rep is providing a placeholder image for <private>
2026-09-16 18:24:21.069 I  PeachCommander[1750:24ea] [com.apple.AppKit:Image] ISImage reported a placeholder, image rep is providing a placeholder image for <private>
2026-09-16 18:24:21.069 I  PeachCommander[1750:24ea] [com.apple.AppKit:Image] ISImage reported a placeholder, image rep is providing a placeholder image for <private>
2026-09-16 18:24:21.071 I  PeachCommander[1750:24ea] [com.apple.AppKit:Image] ISImage reported a placeholder, image rep is providing a placeholder image for <private>
2026-09-16 18:24:21.071 I  PeachCommander[1750:24ea] [com.apple.AppKit:Image] ISImage reported a placeholder, image rep is providing a placeholder image for <private>
2026-09-16 18:24:21.072 I  PeachCommander[1750:24ea] [com.apple.AppKit:Image] ISImage reported a placeholder, image rep is providing a placeholder image for <private>
2026-09-16 18:24:21.072 I  PeachCommander[1750:24ea] [com.apple.AppKit:Image] ISImage reported a placeholder, image rep is providing a placeholder image for <private>
2026-09-16 18:24:21.073 I  PeachCommander[1750:24ea] [com.apple.AppKit:Image] ISImage reported a placeholder, image rep is providing a placeholder image for <private>
2026-09-16 18:24:21.073 I  PeachCommander[1750:24ea] [com.apple.AppKit:Image] ISImage reported a placeholder, image rep is providing a placeholder image for <private>
2026-09-16 18:24:21.075 I  PeachCommander[1750:24ea] [com.apple.AppKit:Image] ISImage reported a placeholder, image rep is providing a placeholder image for <private>
2026-09-16 18:24:21.075 I  PeachCommander[1750:24ea] [com.apple.AppKit:Image] ISImage reported a placeholder, image rep is providing a placeholder image for <private>
2026-09-16 18:24:21.076 I  PeachCommander[1750:24ea] [com.apple.AppKit:Image] ISImage reported a placeholder, image rep is providing a placeholder image for <private>
2026-09-16 18:24:21.076 I  PeachCommander[1750:24ea] [com.apple.AppKit:Image] ISImage reported a placeholder, image rep is providing a placeholder image for <private>
2026-09-16 18:24:21.187 I  PeachCommander[1750:24ea] [com.apple.AppKit:Image] ISImage reported a placeholder, image rep is providing a placeholder image for <private>
2026-09-16 18:24:21.188 I  PeachCommander[1750:24ea] [com.apple.AppKit:Image] ISImage reported a placeholder, image rep is providing a placeholder image for <private>
2026-09-16 18:24:21.189 I  PeachCommander[1750:24ea] [com.apple.AppKit:Image] ISImage reported a placeholder, image rep is providing a placeholder image for <private>
2026-09-16 18:24:21.190 I  PeachCommander[1750:24ea] [com.apple.AppKit:Image] ISImage reported a placeholder, image rep is providing a placeholder image for <private>
2026-09-16 18:24:21.191 I  PeachCommander[1750:24ea] [com.apple.AppKit:Image] ISImage reported a placeholder, image rep is providing a placeholder image for <private>
2026-09-16 18:24:21.192 I  PeachCommander[1750:24ea] [com.apple.AppKit:Image] ISImage reported a placeholder, image rep is providing a placeholder image for <private>
2026-09-16 18:24:21.192 I  PeachCommander[1750:24ea] [com.apple.AppKit:Image] ISImage reported a placeholder, image rep is providing a placeholder image for <private>
2026-09-16 18:24:21.193 I  PeachCommander[1750:24ea] [com.apple.AppKit:Image] ISImage reported a placeholder, image rep is providing a placeholder image for <private>
2026-09-16 18:24:21.194 I  PeachCommander[1750:24ea] [com.apple.AppKit:Image] ISImage reported a placeholder, image rep is providing a placeholder image for <private>
2026-09-16 18:24:21.195 I  PeachCommander[1750:24ea] [com.apple.AppKit:Image] ISImage reported a placeholder, image rep is providing a placeholder image for <private>
2026-09-16 18:24:21.196 I  PeachCommander[1750:24ea] [com.apple.AppKit:Image] ISImage reported a placeholder, image rep is providing a placeholder image for <private>
2026-09-16 18:24:21.196 I  PeachCommander[1750:24ea] [com.apple.AppKit:Image] ISImage reported a placeholder, image rep is providing a placeholder image for <private>
2026-09-16 18:24:21.197 I  PeachCommander[1750:24ea] [com.apple.AppKit:Image] ISImage reported a placeholder, image rep is providing a placeholder image for <private>
2026-09-16 18:24:21.198 I  PeachCommander[1750:24ea] [com.apple.AppKit:Image] ISImage reported a placeholder, image rep is providing a placeholder image for <private>
2026-09-16 18:24:21.199 I  PeachCommander[1750:24ea] [com.apple.AppKit:Image] ISImage reported a placeholder, image rep is providing a placeholder image for <private>
2026-09-16 18:24:21.200 I  PeachCommander[1750:24ea] [com.apple.AppKit:Image] ISImage reported a placeholder, image rep is providing a placeholder image for <private>
2026-09-16 18:24:21.201 I  PeachCommander[1750:24ea] [com.apple.AppKit:Image] ISImage reported a placeholder, image rep is providing a placeholder image for <private>
2026-09-16 18:24:21.202 I  PeachCommander[1750:24ea] [com.apple.AppKit:Image] ISImage reported a placeholder, image rep is providing a placeholder image for <private>
2026-09-16 18:24:21.202 I  PeachCommander[1750:24ea] [com.apple.AppKit:Image] ISImage reported a placeholder, image rep is providing a placeholder image for <private>
2026-09-16 18:24:21.203 I  PeachCommander[1750:24ea] [com.apple.AppKit:Image] ISImage reported a placeholder, image rep is providing a placeholder image for <private>
2026-09-16 18:24:21.204 I  PeachCommander[1750:24ea] [com.apple.AppKit:Image] ISImage reported a placeholder, image rep is providing a placeholder image for <private>
2026-09-16 18:24:21.205 I  PeachCommander[1750:24ea] [com.apple.AppKit:Image] ISImage reported a placeholder, image rep is providing a placeholder image for <private>
2026-09-16 18:24:21.206 I  PeachCommander[1750:24ea] [com.apple.AppKit:Image] ISImage reported a placeholder, image rep is providing a placeholder image for <private>
2026-09-16 18:24:21.206 I  PeachCommander[1750:24ea] [com.apple.AppKit:Image] ISImage reported a placeholder, image rep is providing a placeholder image for <private>
2026-09-16 18:24:21.207 I  PeachCommander[1750:24ea] [com.apple.AppKit:Image] ISImage reported a placeholder, image rep is providing a placeholder image for <private>
2026-09-16 18:24:21.208 I  PeachCommander[1750:24ea] [com.apple.AppKit:Image] ISImage reported a placeholder, image rep is providing a placeholder image for <private>
2026-09-16 18:24:21.208 I  PeachCommander[1750:24ea] [com.apple.AppKit:Image] ISImage reported a placeholder, image rep is providing a placeholder image for <private>
2026-09-16 18:24:21.209 I  PeachCommander[1750:24ea] [com.apple.AppKit:Image] ISImage reported a placeholder, image rep is providing a placeholder image for <private>
2026-09-16 18:24:21.209 I  PeachCommander[1750:24ea] [com.apple.AppKit:Image] ISImage reported a placeholder, image rep is providing a placeholder image for <private>
2026-09-16 18:24:21.211 I  PeachCommander[1750:24ea] [com.apple.AppKit:Image] ISImage reported a placeholder, image rep is providing a placeholder image for <private>
2026-09-16 18:24:21.211 I  PeachCommander[1750:24ea] [com.apple.AppKit:Image] ISImage reported a placeholder, image rep is providing a placeholder image for <private>
2026-09-16 18:24:21.212 I  PeachCommander[1750:24ea] [com.apple.AppKit:Image] ISImage reported a placeholder, image rep is providing a placeholder image for <private>
2026-09-16 18:24:21.212 I  PeachCommander[1750:24ea] [com.apple.AppKit:Image] ISImage reported a placeholder, image rep is providing a placeholder image for <private>
2026-09-16 18:24:21.214 I  PeachCommander[1750:24ea] [com.apple.AppKit:Image] ISImage reported a placeholder, image rep is providing a placeholder image for <private>
2026-09-16 18:24:21.214 I  PeachCommander[1750:24ea] [com.apple.AppKit:Image] ISImage reported a placeholder, image rep is providing a placeholder image for <private>
2026-09-16 18:24:21.215 I  PeachCommander[1750:24ea] [com.apple.AppKit:Image] ISImage reported a placeholder, image rep is providing a placeholder image for <private>
2026-09-16 18:24:21.215 I  PeachCommander[1750:24ea] [com.apple.AppKit:Image] ISImage reported a placeholder, image rep is providing a placeholder image for <private>
2026-09-16 18:24:21.216 I  PeachCommander[1750:24ea] [com.apple.AppKit:Image] ISImage reported a placeholder, image rep is providing a placeholder image for <private>
2026-09-16 18:24:21.216 I  PeachCommander[1750:24ea] [com.apple.AppKit:Image] ISImage reported a placeholder, image rep is providing a placeholder image for <private>
2026-09-16 18:24:21.217 I  PeachCommander[1750:24ea] [com.apple.AppKit:Image] ISImage reported a placeholder, image rep is providing a placeholder image for <private>
2026-09-16 18:24:21.217 I  PeachCommander[1750:24ea] [com.apple.AppKit:Image] ISImage reported a placeholder, image rep is providing a placeholder image for <private>
2026-09-16 18:24:21.219 I  PeachCommander[1750:24ea] [com.apple.AppKit:Image] ISImage reported a placeholder, image rep is providing a placeholder image for <private>
2026-09-16 18:24:21.219 I  PeachCommander[1750:24ea] [com.apple.AppKit:Image] ISImage reported a placeholder, image rep is providing a placeholder image for <private>
2026-09-16 18:24:21.220 I  PeachCommander[1750:24ea] [com.apple.AppKit:Image] ISImage reported a placeholder, image rep is providing a placeholder image for <private>
2026-09-16 18:24:21.220 I  PeachCommander[1750:24ea] [com.apple.AppKit:Image] ISImage reported a placeholder, image rep is providing a placeholder image for <private>
2026-09-16 18:24:21.222 I  PeachCommander[1750:24ea] [com.apple.AppKit:Image] ISImage reported a placeholder, image rep is providing a placeholder image for <private>
2026-09-16 18:24:21.222 I  PeachCommander[1750:24ea] [com.apple.AppKit:Image] ISImage reported a placeholder, image rep is providing a placeholder image for <private>
2026-09-16 18:24:21.223 I  PeachCommander[1750:24ea] [com.apple.AppKit:Image] ISImage reported a placeholder, image rep is providing a placeholder image for <private>
2026-09-16 18:24:21.223 I  PeachCommander[1750:24ea] [com.apple.AppKit:Image] ISImage reported a placeholder, image rep is providing a placeholder image for <private>
2026-09-16 18:24:21.224 I  PeachCommander[1750:24ea] [com.apple.AppKit:Image] ISImage reported a placeholder, image rep is providing a placeholder image for <private>
2026-09-16 18:24:21.225 I  PeachCommander[1750:24ea] [com.apple.AppKit:Image] ISImage reported a placeholder, image rep is providing a placeholder image for <private>
2026-09-16 18:24:21.226 I  PeachCommander[1750:24ea] [com.apple.AppKit:Image] ISImage reported a placeholder, image rep is providing a placeholder image for <private>
2026-09-16 18:24:21.226 I  PeachCommander[1750:24ea] [com.apple.AppKit:Image] ISImage reported a placeholder, image rep is providing a placeholder image for <private>
2026-09-16 18:24:21.228 I  PeachCommander[1750:24ea] [com.apple.AppKit:Image] ISImage reported a placeholder, image rep is providing a placeholder image for <private>
2026-09-16 18:24:21.228 I  PeachCommander[1750:24ea] [com.apple.AppKit:Image] ISImage reported a placeholder, image rep is providing a placeholder image for <private>
2026-09-16 18:24:21.230 I  PeachCommander[1750:24ea] [com.apple.AppKit:Image] ISImage reported a placeholder, image rep is providing a placeholder image for <private>
2026-09-16 18:24:21.230 I  PeachCommander[1750:24ea] [com.apple.AppKit:Image] ISImage reported a placeholder, image rep is providing a placeholder image for <private>
2026-09-16 18:24:21.231 I  PeachCommander[1750:24ea] [com.apple.AppKit:Image] ISImage reported a placeholder, image rep is providing a placeholder image for <private>
2026-09-16 18:24:21.231 I  PeachCommander[1750:24ea] [com.apple.AppKit:Image] ISImage reported a placeholder, image rep is providing a placeholder image for <private>
2026-09-16 18:24:21.233 I  PeachCommander[1750:24ea] [com.apple.AppKit:Image] ISImage reported a placeholder, image rep is providing a placeholder image for <private>
2026-09-16 18:24:21.233 I  PeachCommander[1750:24ea] [com.apple.AppKit:Image] ISImage reported a placeholder, image rep is providing a placeholder image for <private>
2026-09-16 18:24:21.234 I  PeachCommander[1750:24ea] [com.apple.AppKit:Image] ISImage reported a placeholder, image rep is providing a placeholder image for <private>
2026-09-16 18:24:21.235 I  PeachCommander[1750:24ea] [com.apple.AppKit:Image] ISImage reported a placeholder, image rep is providing a placeholder image for <private>
2026-09-16 18:24:21.236 I  PeachCommander[1750:24ea] [com.apple.AppKit:Image] ISImage reported a placeholder, image rep is providing a placeholder image for <private>
2026-09-16 18:24:21.236 I  PeachCommander[1750:24ea] [com.apple.AppKit:Image] ISImage reported a placeholder, image rep is providing a placeholder image for <private>
2026-09-16 18:24:21.238 I  PeachCommander[1750:24ea] [com.apple.AppKit:Image] ISImage reported a placeholder, image rep is providing a placeholder image for <private>
2026-09-16 18:24:21.238 I  PeachCommander[1750:24ea] [com.apple.AppKit:Image] ISImage reported a placeholder, image rep is providing a placeholder image for <private>
2026-09-16 18:24:21.240 I  PeachCommander[1750:24ea] [com.apple.AppKit:Image] ISImage reported a placeholder, image rep is providing a placeholder image for <private>
2026-09-16 18:24:21.240 I  PeachCommander[1750:24ea] [com.apple.AppKit:Image] ISImage reported a placeholder, image rep is providing a placeholder image for <private>
2026-09-16 18:24:21.242 I  PeachCommander[1750:24ea] [com.apple.AppKit:Image] ISImage reported a placeholder, image rep is providing a placeholder image for <private>
2026-09-16 18:24:21.242 I  PeachCommander[1750:24ea] [com.apple.AppKit:Image] ISImage reported a placeholder, image rep is providing a placeholder image for <private>
2026-09-16 18:24:21.243 I  PeachCommander[1750:24ea] [com.apple.AppKit:Image] ISImage reported a placeholder, image rep is providing a placeholder image for <private>
2026-09-16 18:24:21.243 I  PeachCommander[1750:24ea] [com.apple.AppKit:Image] ISImage reported a placeholder, image rep is providing a placeholder image for <private>
2026-09-16 18:24:21.245 I  PeachCommander[1750:24ea] [com.apple.AppKit:Image] ISImage reported a placeholder, image rep is providing a placeholder image for <private>
2026-09-16 18:24:21.245 I  PeachCommander[1750:24ea] [com.apple.AppKit:Image] ISImage reported a placeholder, image rep is providing a placeholder image for <private>
2026-09-16 18:24:21.422 Df PeachCommander[1750:24ea] (Foundation) <private>
2026-09-16 18:24:21.422 I  PeachCommander[1750:24ea] [com.peachcommander:PCFoundation] [automation] > workspacescope /Users/admin/pc-demo/sub|refuse
2026-09-16 18:24:21.423 Df PeachCommander[1750:24ea] (Foundation) <private>
2026-09-16 18:24:21.423 I  PeachCommander[1750:24ea] [com.peachcommander:PCFoundation] [automation] > wait 500
2026-09-16 18:24:21.964 Df PeachCommander[1750:24ea] (Foundation) <private>
2026-09-16 18:24:21.964 I  PeachCommander[1750:24ea] [com.peachcommander:PCFoundation] [automation] > workspacedump /Users/admin/ws-scope.txt
2026-09-16 18:24:21.965 Df PeachCommander[1750:24ea] (Foundation) <private>
2026-09-16 18:24:21.965 I  PeachCommander[1750:24ea] [com.peachcommander:PCFoundation] [automation] > wait 300
2026-09-16 18:24:22.290 Df PeachCommander[1750:24ea] (Foundation) <private>
2026-09-16 18:24:22.290 I  PeachCommander[1750:24ea] [com.peachcommander:PCFoundation] [automation] > marknames ws-scope-victim.txt
2026-09-16 18:24:22.290 Df PeachCommander[1750:24ea] (Foundation) <private>
2026-09-16 18:24:22.290 I  PeachCommander[1750:24ea] [com.peachcommander:PCFoundation] [automation] > wait 700
2026-09-16 18:24:22.302 I  PeachCommander[1750:24ea] [com.apple.AppKit:Image] ISImage reported a placeholder, image rep is providing a placeholder image for <private>
2026-09-16 18:24:22.303 I  PeachCommander[1750:24ea] [com.apple.AppKit:Image] ISImage reported a placeholder, image rep is providing a placeholder image for <private>
2026-09-16 18:24:22.304 I  PeachCommander[1750:24ea] [com.apple.AppKit:Image] ISImage reported a placeholder, image rep is providing a placeholder image for <private>
2026-09-16 18:24:22.305 I  PeachCommander[1750:24ea] [com.apple.AppKit:Image] ISImage reported a placeholder, image rep is providing a placeholder image for <private>
2026-09-16 18:24:22.306 I  PeachCommander[1750:24ea] [com.apple.AppKit:Image] ISImage reported a placeholder, image rep is providing a placeholder image for <private>
2026-09-16 18:24:22.306 I  PeachCommander[1750:24ea] [com.apple.AppKit:Image] ISImage reported a placeholder, image rep is providing a placeholder image for <private>
2026-09-16 18:24:22.307 I  PeachCommander[1750:24ea] [com.apple.AppKit:Image] ISImage reported a placeholder, image rep is providing a placeholder image for <private>
2026-09-16 18:24:22.308 I  PeachCommander[1750:24ea] [com.apple.AppKit:Image] ISImage reported a placeholder, image rep is providing a placeholder image for <private>
2026-09-16 18:24:22.309 I  PeachCommander[1750:24ea] [com.apple.AppKit:Image] ISImage reported a placeholder, image rep is providing a placeholder image for <private>
2026-09-16 18:24:22.309 I  PeachCommander[1750:24ea] [com.apple.AppKit:Image] ISImage reported a placeholder, image rep is providing a placeholder image for <private>
2026-09-16 18:24:22.310 I  PeachCommander[1750:24ea] [com.apple.AppKit:Image] ISImage reported a placeholder, image rep is providing a placeholder image for <private>
2026-09-16 18:24:22.311 I  PeachCommander[1750:24ea] [com.apple.AppKit:Image] ISImage reported a placeholder, image rep is providing a placeholder image for <private>
2026-09-16 18:24:22.312 I  PeachCommander[1750:24ea] [com.apple.AppKit:Image] ISImage reported a placeholder, image rep is providing a placeholder image for <private>
2026-09-16 18:24:22.313 I  PeachCommander[1750:24ea] [com.apple.AppKit:Image] ISImage reported a placeholder, image rep is providing a placeholder image for <private>
2026-09-16 18:24:22.313 I  PeachCommander[1750:24ea] [com.apple.AppKit:Image] ISImage reported a placeholder, image rep is providing a placeholder image for <private>
2026-09-16 18:24:22.314 I  PeachCommander[1750:24ea] [com.apple.AppKit:Image] ISImage reported a placeholder, image rep is providing a placeholder image for <private>
2026-09-16 18:24:22.315 I  PeachCommander[1750:24ea] [com.apple.AppKit:Image] ISImage reported a placeholder, image rep is providing a placeholder image for <private>
2026-09-16 18:24:22.316 I  PeachCommander[1750:24ea] [com.apple.AppKit:Image] ISImage reported a placeholder, image rep is providing a placeholder image for <private>
2026-09-16 18:24:22.317 I  PeachCommander[1750:24ea] [com.apple.AppKit:Image] ISImage reported a placeholder, image rep is providing a placeholder image for <private>
2026-09-16 18:24:22.317 I  PeachCommander[1750:24ea] [com.apple.AppKit:Image] ISImage reported a placeholder, image rep is providing a placeholder image for <private>
2026-09-16 18:24:22.318 I  PeachCommander[1750:24ea] [com.apple.AppKit:Image] ISImage reported a placeholder, image rep is providing a placeholder image for <private>
2026-09-16 18:24:22.319 I  PeachCommander[1750:24ea] [com.apple.AppKit:Image] ISImage reported a placeholder, image rep is providing a placeholder image for <private>
2026-09-16 18:24:22.320 I  PeachCommander[1750:24ea] [com.apple.AppKit:Image] ISImage reported a placeholder, image rep is providing a placeholder image for <private>
2026-09-16 18:24:22.321 I  PeachCommander[1750:24ea] [com.apple.AppKit:Image] ISImage reported a placeholder, image rep is providing a placeholder image for <private>
2026-09-16 18:24:22.322 I  PeachCommander[1750:24ea] [com.apple.AppKit:Image] ISImage reported a placeholder, image rep is providing a placeholder image for <private>
2026-09-16 18:24:22.322 I  PeachCommander[1750:24ea] [com.apple.AppKit:Image] ISImage reported a placeholder, image rep is providing a placeholder image for <private>
2026-09-16 18:24:22.322 I  PeachCommander[1750:24ea] [com.apple.AppKit:Image] ISImage reported a placeholder, image rep is providing a placeholder image for <private>
2026-09-16 18:24:22.324 I  PeachCommander[1750:24ea] [com.apple.AppKit:Image] ISImage reported a placeholder, image rep is providing a placeholder image for <private>
2026-09-16 18:24:22.324 I  PeachCommander[1750:24ea] [com.apple.AppKit:Image] ISImage reported a placeholder, image rep is providing a placeholder image for <private>
2026-09-16 18:24:22.325 I  PeachCommander[1750:24ea] [com.apple.AppKit:Image] ISImage reported a placeholder, image rep is providing a placeholder image for <private>
2026-09-16 18:24:22.325 I  PeachCommander[1750:24ea] [com.apple.AppKit:Image] ISImage reported a placeholder, image rep is providing a placeholder image for <private>
2026-09-16 18:24:22.327 I  PeachCommander[1750:24ea] [com.apple.AppKit:Image] ISImage reported a placeholder, image rep is providing a placeholder image for <private>
2026-09-16 18:24:22.327 I  PeachCommander[1750:24ea] [com.apple.AppKit:Image] ISImage reported a placeholder, image rep is providing a placeholder image for <private>
2026-09-16 18:24:22.328 I  PeachCommander[1750:24ea] [com.apple.AppKit:Image] ISImage reported a placeholder, image rep is providing a placeholder image for <private>
2026-09-16 18:24:22.328 I  PeachCommander[1750:24ea] [com.apple.AppKit:Image] ISImage reported a placeholder, image rep is providing a placeholder image for <private>
2026-09-16 18:24:22.329 I  PeachCommander[1750:24ea] [com.apple.AppKit:Image] ISImage reported a placeholder, image rep is providing a placeholder image for <private>
2026-09-16 18:24:22.329 I  PeachCommander[1750:24ea] [com.apple.AppKit:Image] ISImage reported a placeholder, image rep is providing a placeholder image for <private>
2026-09-16 18:24:22.331 I  PeachCommander[1750:24ea] [com.apple.AppKit:Image] ISImage reported a placeholder, image rep is providing a placeholder image for <private>
2026-09-16 18:24:22.331 I  PeachCommander[1750:24ea] [com.apple.AppKit:Image] ISImage reported a placeholder, image rep is providing a placeholder image for <private>
2026-09-16 18:24:22.332 I  PeachCommander[1750:24ea] [com.apple.AppKit:Image] ISImage reported a placeholder, image rep is providing a placeholder image for <private>
2026-09-16 18:24:22.332 I  PeachCommander[1750:24ea] [com.apple.AppKit:Image] ISImage reported a placeholder, image rep is providing a placeholder image for <private>
2026-09-16 18:24:22.334 I  PeachCommander[1750:24ea] [com.apple.AppKit:Image] ISImage reported a placeholder, image rep is providing a placeholder image for <private>
2026-09-16 18:24:22.334 I  PeachCommander[1750:24ea] [com.apple.AppKit:Image] ISImage reported a placeholder, image rep is providing a placeholder image for <private>
2026-09-16 18:24:22.335 I  PeachCommander[1750:24ea] [com.apple.AppKit:Image] ISImage reported a placeholder, image rep is providing a placeholder image for <private>
2026-09-16 18:24:22.335 I  PeachCommander[1750:24ea] [com.apple.AppKit:Image] ISImage reported a placeholder, image rep is providing a placeholder image for <private>
2026-09-16 18:24:22.337 I  PeachCommander[1750:24ea] [com.apple.AppKit:Image] ISImage reported a placeholder, image rep is providing a placeholder image for <private>
2026-09-16 18:24:22.337 I  PeachCommander[1750:24ea] [com.apple.AppKit:Image] ISImage reported a placeholder, image rep is providing a placeholder image for <private>
2026-09-16 18:24:22.338 I  PeachCommander[1750:24ea] [com.apple.AppKit:Image] ISImage reported a placeholder, image rep is providing a placeholder image for <private>
2026-09-16 18:24:22.338 I  PeachCommander[1750:24ea] [com.apple.AppKit:Image] ISImage reported a placeholder, image rep is providing a placeholder image for <private>
2026-09-16 18:24:22.339 I  PeachCommander[1750:24ea] [com.apple.AppKit:Image] ISImage reported a placeholder, image rep is providing a placeholder image for <private>
2026-09-16 18:24:22.339 I  PeachCommander[1750:24ea] [com.apple.AppKit:Image] ISImage reported a placeholder, image rep is providing a placeholder image for <private>
2026-09-16 18:24:22.341 I  PeachCommander[1750:24ea] [com.apple.AppKit:Image] ISImage reported a placeholder, image rep is providing a placeholder image for <private>
2026-09-16 18:24:22.341 I  PeachCommander[1750:24ea] [com.apple.AppKit:Image] ISImage reported a placeholder, image rep is providing a placeholder image for <private>
2026-09-16 18:24:22.343 I  PeachCommander[1750:24ea] [com.apple.AppKit:Image] ISImage reported a placeholder, image rep is providing a placeholder image for <private>
2026-09-16 18:24:22.343 I  PeachCommander[1750:24ea] [com.apple.AppKit:Image] ISImage reported a placeholder, image rep is providing a placeholder image for <private>
2026-09-16 18:24:22.344 I  PeachCommander[1750:24ea] [com.apple.AppKit:Image] ISImage reported a placeholder, image rep is providing a placeholder image for <private>
2026-09-16 18:24:22.344 I  PeachCommander[1750:24ea] [com.apple.AppKit:Image] ISImage reported a placeholder, image rep is providing a placeholder image for <private>
2026-09-16 18:24:22.345 I  PeachCommander[1750:24ea] [com.apple.AppKit:Image] ISImage reported a placeholder, image rep is providing a placeholder image for <private>
2026-09-16 18:24:22.345 I  PeachCommander[1750:24ea] [com.apple.AppKit:Image] ISImage reported a placeholder, image rep is providing a placeholder image for <private>
2026-09-16 18:24:22.347 I  PeachCommander[1750:24ea] [com.apple.AppKit:Image] ISImage reported a placeholder, image rep is providing a placeholder image for <private>
2026-09-16 18:24:22.347 I  PeachCommander[1750:24ea] [com.apple.AppKit:Image] ISImage reported a placeholder, image rep is providing a placeholder image for <private>
2026-09-16 18:24:22.348 I  PeachCommander[1750:24ea] [com.apple.AppKit:Image] ISImage reported a placeholder, image rep is providing a placeholder image for <private>
2026-09-16 18:24:22.348 I  PeachCommander[1750:24ea] [com.apple.AppKit:Image] ISImage reported a placeholder, image rep is providing a placeholder image for <private>
2026-09-16 18:24:22.349 I  PeachCommander[1750:24ea] [com.apple.AppKit:Image] ISImage reported a placeholder, image rep is providing a placeholder image for <private>
2026-09-16 18:24:22.349 I  PeachCommander[1750:24ea] [com.apple.AppKit:Image] ISImage reported a placeholder, image rep is providing a placeholder image for <private>
2026-09-16 18:24:22.351 I  PeachCommander[1750:24ea] [com.apple.AppKit:Image] ISImage reported a placeholder, image rep is providing a placeholder image for <private>
2026-09-16 18:24:22.351 I  PeachCommander[1750:24ea] [com.apple.AppKit:Image] ISImage reported a placeholder, image rep is providing a placeholder image for <private>
2026-09-16 18:24:22.352 I  PeachCommander[1750:24ea] [com.apple.AppKit:Image] ISImage reported a placeholder, image rep is providing a placeholder image for <private>
2026-09-16 18:24:22.353 I  PeachCommander[1750:24ea] [com.apple.AppKit:Image] ISImage reported a placeholder, image rep is providing a placeholder image for <private>
2026-09-16 18:24:22.354 I  PeachCommander[1750:24ea] [com.apple.AppKit:Image] ISImage reported a placeholder, image rep is providing a placeholder image for <private>
2026-09-16 18:24:22.354 I  PeachCommander[1750:24ea] [com.apple.AppKit:Image] ISImage reported a placeholder, image rep is providing a placeholder image for <private>
2026-09-16 18:24:22.355 I  PeachCommander[1750:24ea] [com.apple.AppKit:Image] ISImage reported a placeholder, image rep is providing a placeholder image for <private>
2026-09-16 18:24:22.355 I  PeachCommander[1750:24ea] [com.apple.AppKit:Image] ISImage reported a placeholder, image rep is providing a placeholder image for <private>
2026-09-16 18:24:22.357 I  PeachCommander[1750:24ea] [com.apple.AppKit:Image] ISImage reported a placeholder, image rep is providing a placeholder image for <private>
2026-09-16 18:24:22.357 I  PeachCommander[1750:24ea] [com.apple.AppKit:Image] ISImage reported a placeholder, image rep is providing a placeholder image for <private>
2026-09-16 18:24:22.450 I  PeachCommander[1750:24ea] [com.apple.AppKit:Image] ISImage reported a placeholder, image rep is providing a placeholder image for <private>
2026-09-16 18:24:22.451 I  PeachCommander[1750:24ea] [com.apple.AppKit:Image] ISImage reported a placeholder, image rep is providing a placeholder image for <private>
2026-09-16 18:24:22.452 I  PeachCommander[1750:24ea] [com.apple.AppKit:Image] ISImage reported a placeholder, image rep is providing a placeholder image for <private>
2026-09-16 18:24:22.453 I  PeachCommander[1750:24ea] [com.apple.AppKit:Image] ISImage reported a placeholder, image rep is providing a placeholder image for <private>
2026-09-16 18:24:22.455 I  PeachCommander[1750:24ea] [com.apple.AppKit:Image] ISImage reported a placeholder, image rep is providing a placeholder image for <private>
2026-09-16 18:24:22.455 I  PeachCommander[1750:24ea] [com.apple.AppKit:Image] ISImage reported a placeholder, image rep is providing a placeholder image for <private>
2026-09-16 18:24:22.456 I  PeachCommander[1750:24ea] [com.apple.AppKit:Image] ISImage reported a placeholder, image rep is providing a placeholder image for <private>
2026-09-16 18:24:22.457 I  PeachCommander[1750:24ea] [com.apple.AppKit:Image] ISImage reported a placeholder, image rep is providing a placeholder image for <private>
2026-09-16 18:24:22.458 I  PeachCommander[1750:24ea] [com.apple.AppKit:Image] ISImage reported a placeholder, image rep is providing a placeholder image for <private>
2026-09-16 18:24:22.459 I  PeachCommander[1750:24ea] [com.apple.AppKit:Image] ISImage reported a placeholder, image rep is providing a placeholder image for <private>
2026-09-16 18:24:22.460 I  PeachCommander[1750:24ea] [com.apple.AppKit:Image] ISImage reported a placeholder, image rep is providing a placeholder image for <private>
2026-09-16 18:24:22.460 I  PeachCommander[1750:24ea] [com.apple.AppKit:Image] ISImage reported a placeholder, image rep is providing a placeholder image for <private>
2026-09-16 18:24:22.461 I  PeachCommander[1750:24ea] [com.apple.AppKit:Image] ISImage reported a placeholder, image rep is providing a placeholder image for <private>
2026-09-16 18:24:22.462 I  PeachCommander[1750:24ea] [com.apple.AppKit:Image] ISImage reported a placeholder, image rep is providing a placeholder image for <private>
2026-09-16 18:24:22.463 I  PeachCommander[1750:24ea] [com.apple.AppKit:Image] ISImage reported a placeholder, image rep is providing a placeholder image for <private>
2026-09-16 18:24:22.463 I  PeachCommander[1750:24ea] [com.apple.AppKit:Image] ISImage reported a placeholder, image rep is providing a placeholder image for <private>
2026-09-16 18:24:22.464 I  PeachCommander[1750:24ea] [com.apple.AppKit:Image] ISImage reported a placeholder, image rep is providing a placeholder image for <private>
2026-09-16 18:24:22.465 I  PeachCommander[1750:24ea] [com.apple.AppKit:Image] ISImage reported a placeholder, image rep is providing a placeholder image for <private>
2026-09-16 18:24:22.466 I  PeachCommander[1750:24ea] [com.apple.AppKit:Image] ISImage reported a placeholder, image rep is providing a placeholder image for <private>
2026-09-16 18:24:22.466 I  PeachCommander[1750:24ea] [com.apple.AppKit:Image] ISImage reported a placeholder, image rep is providing a placeholder image for <private>
2026-09-16 18:24:22.467 I  PeachCommander[1750:24ea] [com.apple.AppKit:Image] ISImage reported a placeholder, image rep is providing a placeholder image for <private>
2026-09-16 18:24:22.468 I  PeachCommander[1750:24ea] [com.apple.AppKit:Image] ISImage reported a placeholder, image rep is providing a placeholder image for <private>
2026-09-16 18:24:22.469 I  PeachCommander[1750:24ea] [com.apple.AppKit:Image] ISImage reported a placeholder, image rep is providing a placeholder image for <private>
2026-09-16 18:24:22.470 I  PeachCommander[1750:24ea] [com.apple.AppKit:Image] ISImage reported a placeholder, image rep is providing a placeholder image for <private>
2026-09-16 18:24:22.471 I  PeachCommander[1750:24ea] [com.apple.AppKit:Image] ISImage reported a placeholder, image rep is providing a placeholder image for <private>
2026-09-16 18:24:22.471 I  PeachCommander[1750:24ea] [com.apple.AppKit:Image] ISImage reported a placeholder, image rep is providing a placeholder image for <private>
2026-09-16 18:24:22.471 I  PeachCommander[1750:24ea] [com.apple.AppKit:Image] ISImage reported a placeholder, image rep is providing a placeholder image for <private>
2026-09-16 18:24:22.473 I  PeachCommander[1750:24ea] [com.apple.AppKit:Image] ISImage reported a placeholder, image rep is providing a placeholder image for <private>
2026-09-16 18:24:22.473 I  PeachCommander[1750:24ea] [com.apple.AppKit:Image] ISImage reported a placeholder, image rep is providing a placeholder image for <private>
2026-09-16 18:24:22.475 I  PeachCommander[1750:24ea] [com.apple.AppKit:Image] ISImage reported a placeholder, image rep is providing a placeholder image for <private>
2026-09-16 18:24:22.475 I  PeachCommander[1750:24ea] [com.apple.AppKit:Image] ISImage reported a placeholder, image rep is providing a placeholder image for <private>
2026-09-16 18:24:22.476 I  PeachCommander[1750:24ea] [com.apple.AppKit:Image] ISImage reported a placeholder, image rep is providing a placeholder image for <private>
2026-09-16 18:24:22.476 I  PeachCommander[1750:24ea] [com.apple.AppKit:Image] ISImage reported a placeholder, image rep is providing a placeholder image for <private>
2026-09-16 18:24:22.478 I  PeachCommander[1750:24ea] [com.apple.AppKit:Image] ISImage reported a placeholder, image rep is providing a placeholder image for <private>
2026-09-16 18:24:22.478 I  PeachCommander[1750:24ea] [com.apple.AppKit:Image] ISImage reported a placeholder, image rep is providing a placeholder image for <private>
2026-09-16 18:24:22.479 I  PeachCommander[1750:24ea] [com.apple.AppKit:Image] ISImage reported a placeholder, image rep is providing a placeholder image for <private>
2026-09-16 18:24:22.479 I  PeachCommander[1750:24ea] [com.apple.AppKit:Image] ISImage reported a placeholder, image rep is providing a placeholder image for <private>
2026-09-16 18:24:22.480 I  PeachCommander[1750:24ea] [com.apple.AppKit:Image] ISImage reported a placeholder, image rep is providing a placeholder image for <private>
2026-09-16 18:24:22.481 I  PeachCommander[1750:24ea] [com.apple.AppKit:Image] ISImage reported a placeholder, image rep is providing a placeholder image for <private>
2026-09-16 18:24:22.482 I  PeachCommander[1750:24ea] [com.apple.AppKit:Image] ISImage reported a placeholder, image rep is providing a placeholder image for <private>
2026-09-16 18:24:22.482 I  PeachCommander[1750:24ea] [com.apple.AppKit:Image] ISImage reported a placeholder, image rep is providing a placeholder image for <private>
2026-09-16 18:24:22.483 I  PeachCommander[1750:24ea] [com.apple.AppKit:Image] ISImage reported a placeholder, image rep is providing a placeholder image for <private>
2026-09-16 18:24:22.483 I  PeachCommander[1750:24ea] [com.apple.AppKit:Image] ISImage reported a placeholder, image rep is providing a placeholder image for <private>
2026-09-16 18:24:22.485 I  PeachCommander[1750:24ea] [com.apple.AppKit:Image] ISImage reported a placeholder, image rep is providing a placeholder image for <private>
2026-09-16 18:24:22.485 I  PeachCommander[1750:24ea] [com.apple.AppKit:Image] ISImage reported a placeholder, image rep is providing a placeholder image for <private>
2026-09-16 18:24:22.486 I  PeachCommander[1750:24ea] [com.apple.AppKit:Image] ISImage reported a placeholder, image rep is providing a placeholder image for <private>
2026-09-16 18:24:22.486 I  PeachCommander[1750:24ea] [com.apple.AppKit:Image] ISImage reported a placeholder, image rep is providing a placeholder image for <private>
2026-09-16 18:24:22.487 I  PeachCommander[1750:24ea] [com.apple.AppKit:Image] ISImage reported a placeholder, image rep is providing a placeholder image for <private>
2026-09-16 18:24:22.488 I  PeachCommander[1750:24ea] [com.apple.AppKit:Image] ISImage reported a placeholder, image rep is providing a placeholder image for <private>
2026-09-16 18:24:22.489 I  PeachCommander[1750:24ea] [com.apple.AppKit:Image] ISImage reported a placeholder, image rep is providing a placeholder image for <private>
2026-09-16 18:24:22.489 I  PeachCommander[1750:24ea] [com.apple.AppKit:Image] ISImage reported a placeholder, image rep is providing a placeholder image for <private>
2026-09-16 18:24:22.491 I  PeachCommander[1750:24ea] [com.apple.AppKit:Image] ISImage reported a placeholder, image rep is providing a placeholder image for <private>
2026-09-16 18:24:22.491 I  PeachCommander[1750:24ea] [com.apple.AppKit:Image] ISImage reported a placeholder, image rep is providing a placeholder image for <private>
2026-09-16 18:24:22.493 I  PeachCommander[1750:24ea] [com.apple.AppKit:Image] ISImage reported a placeholder, image rep is providing a placeholder image for <private>
2026-09-16 18:24:22.493 I  PeachCommander[1750:24ea] [com.apple.AppKit:Image] ISImage reported a placeholder, image rep is providing a placeholder image for <private>
2026-09-16 18:24:22.494 I  PeachCommander[1750:24ea] [com.apple.AppKit:Image] ISImage reported a placeholder, image rep is providing a placeholder image for <private>
2026-09-16 18:24:22.494 I  PeachCommander[1750:24ea] [com.apple.AppKit:Image] ISImage reported a placeholder, image rep is providing a placeholder image for <private>
2026-09-16 18:24:22.496 I  PeachCommander[1750:24ea] [com.apple.AppKit:Image] ISImage reported a placeholder, image rep is providing a placeholder image for <private>
2026-09-16 18:24:22.496 I  PeachCommander[1750:24ea] [com.apple.AppKit:Image] ISImage reported a placeholder, image rep is providing a placeholder image for <private>
2026-09-16 18:24:22.498 I  PeachCommander[1750:24ea] [com.apple.AppKit:Image] ISImage reported a placeholder, image rep is providing a placeholder image for <private>
2026-09-16 18:24:22.498 I  PeachCommander[1750:24ea] [com.apple.AppKit:Image] ISImage reported a placeholder, image rep is providing a placeholder image for <private>
2026-09-16 18:24:22.500 I  PeachCommander[1750:24ea] [com.apple.AppKit:Image] ISImage reported a placeholder, image rep is providing a placeholder image for <private>
2026-09-16 18:24:22.500 I  PeachCommander[1750:24ea] [com.apple.AppKit:Image] ISImage reported a placeholder, image rep is providing a placeholder image for <private>
2026-09-16 18:24:22.501 I  PeachCommander[1750:24ea] [com.apple.AppKit:Image] ISImage reported a placeholder, image rep is providing a placeholder image for <private>
2026-09-16 18:24:22.501 I  PeachCommander[1750:24ea] [com.apple.AppKit:Image] ISImage reported a placeholder, image rep is providing a placeholder image for <private>
2026-09-16 18:24:22.503 I  PeachCommander[1750:24ea] [com.apple.AppKit:Image] ISImage reported a placeholder, image rep is providing a placeholder image for <private>
2026-09-16 18:24:22.503 I  PeachCommander[1750:24ea] [com.apple.AppKit:Image] ISImage reported a placeholder, image rep is providing a placeholder image for <private>
2026-09-16 18:24:22.504 I  PeachCommander[1750:24ea] [com.apple.AppKit:Image] ISImage reported a placeholder, image rep is providing a placeholder image for <private>
2026-09-16 18:24:22.504 I  PeachCommander[1750:24ea] [com.apple.AppKit:Image] ISImage reported a placeholder, image rep is providing a placeholder image for <private>
2026-09-16 18:24:22.506 I  PeachCommander[1750:24ea] [com.apple.AppKit:Image] ISImage reported a placeholder, image rep is providing a placeholder image for <private>
2026-09-16 18:24:22.506 I  PeachCommander[1750:24ea] [com.apple.AppKit:Image] ISImage reported a placeholder, image rep is providing a placeholder image for <private>
2026-09-16 18:24:22.507 I  PeachCommander[1750:24ea] [com.apple.AppKit:Image] ISImage reported a placeholder, image rep is providing a placeholder image for <private>
2026-09-16 18:24:22.507 I  PeachCommander[1750:24ea] [com.apple.AppKit:Image] ISImage reported a placeholder, image rep is providing a placeholder image for <private>
2026-09-16 18:24:22.509 I  PeachCommander[1750:24ea] [com.apple.AppKit:Image] ISImage reported a placeholder, image rep is providing a placeholder image for <private>
2026-09-16 18:24:22.509 I  PeachCommander[1750:24ea] [com.apple.AppKit:Image] ISImage reported a placeholder, image rep is providing a placeholder image for <private>
2026-09-16 18:24:22.623 I  PeachCommander[1750:24ea] [com.apple.AppKit:Image] ISImage reported a placeholder, image rep is providing a placeholder image for <private>
2026-09-16 18:24:22.624 I  PeachCommander[1750:24ea] [com.apple.AppKit:Image] ISImage reported a placeholder, image rep is providing a placeholder image for <private>
2026-09-16 18:24:22.625 I  PeachCommander[1750:24ea] [com.apple.AppKit:Image] ISImage reported a placeholder, image rep is providing a placeholder image for <private>
2026-09-16 18:24:22.626 I  PeachCommander[1750:24ea] [com.apple.AppKit:Image] ISImage reported a placeholder, image rep is providing a placeholder image for <private>
2026-09-16 18:24:22.626 I  PeachCommander[1750:24ea] [com.apple.AppKit:Image] ISImage reported a placeholder, image rep is providing a placeholder image for <private>
2026-09-16 18:24:22.627 I  PeachCommander[1750:24ea] [com.apple.AppKit:Image] ISImage reported a placeholder, image rep is providing a placeholder image for <private>
2026-09-16 18:24:22.628 I  PeachCommander[1750:24ea] [com.apple.AppKit:Image] ISImage reported a placeholder, image rep is providing a placeholder image for <private>
2026-09-16 18:24:22.629 I  PeachCommander[1750:24ea] [com.apple.AppKit:Image] ISImage reported a placeholder, image rep is providing a placeholder image for <private>
2026-09-16 18:24:22.630 I  PeachCommander[1750:24ea] [com.apple.AppKit:Image] ISImage reported a placeholder, image rep is providing a placeholder image for <private>
2026-09-16 18:24:22.631 I  PeachCommander[1750:24ea] [com.apple.AppKit:Image] ISImage reported a placeholder, image rep is providing a placeholder image for <private>
2026-09-16 18:24:22.631 I  PeachCommander[1750:24ea] [com.apple.AppKit:Image] ISImage reported a placeholder, image rep is providing a placeholder image for <private>
2026-09-16 18:24:22.632 I  PeachCommander[1750:24ea] [com.apple.AppKit:Image] ISImage reported a placeholder, image rep is providing a placeholder image for <private>
2026-09-16 18:24:22.633 I  PeachCommander[1750:24ea] [com.apple.AppKit:Image] ISImage reported a placeholder, image rep is providing a placeholder image for <private>
2026-09-16 18:24:22.634 I  PeachCommander[1750:24ea] [com.apple.AppKit:Image] ISImage reported a placeholder, image rep is providing a placeholder image for <private>
2026-09-16 18:24:22.635 I  PeachCommander[1750:24ea] [com.apple.AppKit:Image] ISImage reported a placeholder, image rep is providing a placeholder image for <private>
2026-09-16 18:24:22.636 I  PeachCommander[1750:24ea] [com.apple.AppKit:Image] ISImage reported a placeholder, image rep is providing a placeholder image for <private>
2026-09-16 18:24:22.637 I  PeachCommander[1750:24ea] [com.apple.AppKit:Image] ISImage reported a placeholder, image rep is providing a placeholder image for <private>
2026-09-16 18:24:22.638 I  PeachCommander[1750:24ea] [com.apple.AppKit:Image] ISImage reported a placeholder, image rep is providing a placeholder image for <private>
2026-09-16 18:24:22.638 I  PeachCommander[1750:24ea] [com.apple.AppKit:Image] ISImage reported a placeholder, image rep is providing a placeholder image for <private>
2026-09-16 18:24:22.639 I  PeachCommander[1750:24ea] [com.apple.AppKit:Image] ISImage reported a placeholder, image rep is providing a placeholder image for <private>
2026-09-16 18:24:22.640 I  PeachCommander[1750:24ea] [com.apple.AppKit:Image] ISImage reported a placeholder, image rep is providing a placeholder image for <private>
2026-09-16 18:24:22.641 I  PeachCommander[1750:24ea] [com.apple.AppKit:Image] ISImage reported a placeholder, image rep is providing a placeholder image for <private>
2026-09-16 18:24:22.642 I  PeachCommander[1750:24ea] [com.apple.AppKit:Image] ISImage reported a placeholder, image rep is providing a placeholder image for <private>
2026-09-16 18:24:22.643 I  PeachCommander[1750:24ea] [com.apple.AppKit:Image] ISImage reported a placeholder, image rep is providing a placeholder image for <private>
2026-09-16 18:24:22.643 I  PeachCommander[1750:24ea] [com.apple.AppKit:Image] ISImage reported a placeholder, image rep is providing a placeholder image for <private>
2026-09-16 18:24:22.645 I  PeachCommander[1750:24ea] [com.apple.AppKit:Image] ISImage reported a placeholder, image rep is providing a placeholder image for <private>
2026-09-16 18:24:22.645 I  PeachCommander[1750:24ea] [com.apple.AppKit:Image] ISImage reported a placeholder, image rep is providing a placeholder image for <private>
2026-09-16 18:24:22.646 I  PeachCommander[1750:24ea] [com.apple.AppKit:Image] ISImage reported a placeholder, image rep is providing a placeholder image for <private>
2026-09-16 18:24:22.646 I  PeachCommander[1750:24ea] [com.apple.AppKit:Image] ISImage reported a placeholder, image rep is providing a placeholder image for <private>
2026-09-16 18:24:22.648 I  PeachCommander[1750:24ea] [com.apple.AppKit:Image] ISImage reported a placeholder, image rep is providing a placeholder image for <private>
2026-09-16 18:24:22.648 I  PeachCommander[1750:24ea] [com.apple.AppKit:Image] ISImage reported a placeholder, image rep is providing a placeholder image for <private>
2026-09-16 18:24:22.649 I  PeachCommander[1750:24ea] [com.apple.AppKit:Image] ISImage reported a placeholder, image rep is providing a placeholder image for <private>
2026-09-16 18:24:22.649 I  PeachCommander[1750:24ea] [com.apple.AppKit:Image] ISImage reported a placeholder, image rep is providing a placeholder image for <private>
2026-09-16 18:24:22.650 I  PeachCommander[1750:24ea] [com.apple.AppKit:Image] ISImage reported a placeholder, image rep is providing a placeholder image for <private>
2026-09-16 18:24:22.650 I  PeachCommander[1750:24ea] [com.apple.AppKit:Image] ISImage reported a placeholder, image rep is providing a placeholder image for <private>
2026-09-16 18:24:22.652 I  PeachCommander[1750:24ea] [com.apple.AppKit:Image] ISImage reported a placeholder, image rep is providing a placeholder image for <private>
2026-09-16 18:24:22.652 I  PeachCommander[1750:24ea] [com.apple.AppKit:Image] ISImage reported a placeholder, image rep is providing a placeholder image for <private>
2026-09-16 18:24:22.653 I  PeachCommander[1750:24ea] [com.apple.AppKit:Image] ISImage reported a placeholder, image rep is providing a placeholder image for <private>
2026-09-16 18:24:22.653 I  PeachCommander[1750:24ea] [com.apple.AppKit:Image] ISImage reported a placeholder, image rep is providing a placeholder image for <private>
2026-09-16 18:24:22.654 I  PeachCommander[1750:24ea] [com.apple.AppKit:Image] ISImage reported a placeholder, image rep is providing a placeholder image for <private>
2026-09-16 18:24:22.654 I  PeachCommander[1750:24ea] [com.apple.AppKit:Image] ISImage reported a placeholder, image rep is providing a placeholder image for <private>
2026-09-16 18:24:22.656 I  PeachCommander[1750:24ea] [com.apple.AppKit:Image] ISImage reported a placeholder, image rep is providing a placeholder image for <private>
2026-09-16 18:24:22.656 I  PeachCommander[1750:24ea] [com.apple.AppKit:Image] ISImage reported a placeholder, image rep is providing a placeholder image for <private>
2026-09-16 18:24:22.657 I  PeachCommander[1750:24ea] [com.apple.AppKit:Image] ISImage reported a placeholder, image rep is providing a placeholder image for <private>
2026-09-16 18:24:22.657 I  PeachCommander[1750:24ea] [com.apple.AppKit:Image] ISImage reported a placeholder, image rep is providing a placeholder image for <private>
2026-09-16 18:24:22.658 I  PeachCommander[1750:24ea] [com.apple.AppKit:Image] ISImage reported a placeholder, image rep is providing a placeholder image for <private>
2026-09-16 18:24:22.659 I  PeachCommander[1750:24ea] [com.apple.AppKit:Image] ISImage reported a placeholder, image rep is providing a placeholder image for <private>
2026-09-16 18:24:22.660 I  PeachCommander[1750:24ea] [com.apple.AppKit:Image] ISImage reported a placeholder, image rep is providing a placeholder image for <private>
2026-09-16 18:24:22.660 I  PeachCommander[1750:24ea] [com.apple.AppKit:Image] ISImage reported a placeholder, image rep is providing a placeholder image for <private>
2026-09-16 18:24:22.661 I  PeachCommander[1750:24ea] [com.apple.AppKit:Image] ISImage reported a placeholder, image rep is providing a placeholder image for <private>
2026-09-16 18:24:22.661 I  PeachCommander[1750:24ea] [com.apple.AppKit:Image] ISImage reported a placeholder, image rep is providing a placeholder image for <private>
2026-09-16 18:24:22.662 I  PeachCommander[1750:24ea] [com.apple.AppKit:Image] ISImage reported a placeholder, image rep is providing a placeholder image for <private>
2026-09-16 18:24:22.663 I  PeachCommander[1750:24ea] [com.apple.AppKit:Image] ISImage reported a placeholder, image rep is providing a placeholder image for <private>
2026-09-16 18:24:22.664 I  PeachCommander[1750:24ea] [com.apple.AppKit:Image] ISImage reported a placeholder, image rep is providing a placeholder image for <private>
2026-09-16 18:24:22.664 I  PeachCommander[1750:24ea] [com.apple.AppKit:Image] ISImage reported a placeholder, image rep is providing a placeholder image for <private>
2026-09-16 18:24:22.665 I  PeachCommander[1750:24ea] [com.apple.AppKit:Image] ISImage reported a placeholder, image rep is providing a placeholder image for <private>
2026-09-16 18:24:22.665 I  PeachCommander[1750:24ea] [com.apple.AppKit:Image] ISImage reported a placeholder, image rep is providing a placeholder image for <private>
2026-09-16 18:24:22.667 I  PeachCommander[1750:24ea] [com.apple.AppKit:Image] ISImage reported a placeholder, image rep is providing a placeholder image for <private>
2026-09-16 18:24:22.667 I  PeachCommander[1750:24ea] [com.apple.AppKit:Image] ISImage reported a placeholder, image rep is providing a placeholder image for <private>
2026-09-16 18:24:22.668 I  PeachCommander[1750:24ea] [com.apple.AppKit:Image] ISImage reported a placeholder, image rep is providing a placeholder image for <private>
2026-09-16 18:24:22.668 I  PeachCommander[1750:24ea] [com.apple.AppKit:Image] ISImage reported a placeholder, image rep is providing a placeholder image for <private>
2026-09-16 18:24:22.670 I  PeachCommander[1750:24ea] [com.apple.AppKit:Image] ISImage reported a placeholder, image rep is providing a placeholder image for <private>
2026-09-16 18:24:22.670 I  PeachCommander[1750:24ea] [com.apple.AppKit:Image] ISImage reported a placeholder, image rep is providing a placeholder image for <private>
2026-09-16 18:24:22.671 I  PeachCommander[1750:24ea] [com.apple.AppKit:Image] ISImage reported a placeholder, image rep is providing a placeholder image for <private>
2026-09-16 18:24:22.671 I  PeachCommander[1750:24ea] [com.apple.AppKit:Image] ISImage reported a placeholder, image rep is providing a placeholder image for <private>
2026-09-16 18:24:22.672 I  PeachCommander[1750:24ea] [com.apple.AppKit:Image] ISImage reported a placeholder, image rep is providing a placeholder image for <private>
2026-09-16 18:24:22.672 I  PeachCommander[1750:24ea] [com.apple.AppKit:Image] ISImage reported a placeholder, image rep is providing a placeholder image for <private>
2026-09-16 18:24:22.674 I  PeachCommander[1750:24ea] [com.apple.AppKit:Image] ISImage reported a placeholder, image rep is providing a placeholder image for <private>
2026-09-16 18:24:22.674 I  PeachCommander[1750:24ea] [com.apple.AppKit:Image] ISImage reported a placeholder, image rep is providing a placeholder image for <private>
2026-09-16 18:24:22.675 I  PeachCommander[1750:24ea] [com.apple.AppKit:Image] ISImage reported a placeholder, image rep is providing a placeholder image for <private>
2026-09-16 18:24:22.675 I  PeachCommander[1750:24ea] [com.apple.AppKit:Image] ISImage reported a placeholder, image rep is providing a placeholder image for <private>
2026-09-16 18:24:22.677 I  PeachCommander[1750:24ea] [com.apple.AppKit:Image] ISImage reported a placeholder, image rep is providing a placeholder image for <private>
2026-09-16 18:24:22.677 I  PeachCommander[1750:24ea] [com.apple.AppKit:Image] ISImage reported a placeholder, image rep is providing a placeholder image for <private>
2026-09-16 18:24:22.678 I  PeachCommander[1750:24ea] [com.apple.AppKit:Image] ISImage reported a placeholder, image rep is providing a placeholder image for <private>
2026-09-16 18:24:22.678 I  PeachCommander[1750:24ea] [com.apple.AppKit:Image] ISImage reported a placeholder, image rep is providing a placeholder image for <private>
2026-09-16 18:24:23.002 Df PeachCommander[1750:24ea] (Foundation) <private>
2026-09-16 18:24:23.002 I  PeachCommander[1750:24ea] [com.peachcommander:PCFoundation] [automation] > cmd cm_Delete
2026-09-16 18:24:23.002 Df PeachCommander[1750:24ea] (Foundation) <private>
2026-09-16 18:24:23.002 I  PeachCommander[1750:24ea] [com.peachcommander:PCFoundation] [automation] > wait 2000
2026-09-16 18:24:25.097 Df PeachCommander[1750:24ea] (Foundation) <private>
2026-09-16 18:24:25.097 I  PeachCommander[1750:24ea] [com.peachcommander:PCFoundation] [automation] > dump /Users/admin/ws-scope-after.txt
2026-09-16 18:24:25.099 Df PeachCommander[1750:24ea] (Foundation) <private>
2026-09-16 18:24:25.099 Df PeachCommander[1750:24ea] (Foundation) <private>
2026-09-16 18:24:25.099 I  PeachCommander[1750:24ea] [com.peachcommander:PCFoundation] [automation] > wait 400
2026-09-16 18:24:25.127 I  PeachCommander[1750:24ea] [com.apple.AppKit:Image] ISImage reported a placeholder, image rep is providing a placeholder image for <private>
2026-09-16 18:24:25.128 I  PeachCommander[1750:24ea] [com.apple.AppKit:Image] ISImage reported a placeholder, image rep is providing a placeholder image for <private>
2026-09-16 18:24:25.129 I  PeachCommander[1750:24ea] [com.apple.AppKit:Image] ISImage reported a placeholder, image rep is providing a placeholder image for <private>
2026-09-16 18:24:25.129 I  PeachCommander[1750:24ea] [com.apple.AppKit:Image] ISImage reported a placeholder, image rep is providing a placeholder image for <private>
2026-09-16 18:24:25.130 I  PeachCommander[1750:24ea] [com.apple.AppKit:Image] ISImage reported a placeholder, image rep is providing a placeholder image for <private>
2026-09-16 18:24:25.131 I  PeachCommander[1750:24ea] [com.apple.AppKit:Image] ISImage reported a placeholder, image rep is providing a placeholder image for <private>
2026-09-16 18:24:25.132 I  PeachCommander[1750:24ea] [com.apple.AppKit:Image] ISImage reported a placeholder, image rep is providing a placeholder image for <private>
2026-09-16 18:24:25.133 I  PeachCommander[1750:24ea] [com.apple.AppKit:Image] ISImage reported a placeholder, image rep is providing a placeholder image for <private>
2026-09-16 18:24:25.134 I  PeachCommander[1750:24ea] [com.apple.AppKit:Image] ISImage reported a placeholder, image rep is providing a placeholder image for <private>
2026-09-16 18:24:25.135 I  PeachCommander[1750:24ea] [com.apple.AppKit:Image] ISImage reported a placeholder, image rep is providing a placeholder image for <private>
2026-09-16 18:24:25.135 I  PeachCommander[1750:24ea] [com.apple.AppKit:Image] ISImage reported a placeholder, image rep is providing a placeholder image for <private>
2026-09-16 18:24:25.137 I  PeachCommander[1750:24ea] [com.apple.AppKit:Image] ISImage reported a placeholder, image rep is providing a placeholder image for <private>
2026-09-16 18:24:25.137 I  PeachCommander[1750:24ea] [com.apple.AppKit:Image] ISImage reported a placeholder, image rep is providing a placeholder image for <private>
2026-09-16 18:24:25.138 I  PeachCommander[1750:24ea] [com.apple.AppKit:Image] ISImage reported a placeholder, image rep is providing a placeholder image for <private>
2026-09-16 18:24:25.139 I  PeachCommander[1750:24ea] [com.apple.AppKit:Image] ISImage reported a placeholder, image rep is providing a placeholder image for <private>
2026-09-16 18:24:25.140 I  PeachCommander[1750:24ea] [com.apple.AppKit:Image] ISImage reported a placeholder, image rep is providing a placeholder image for <private>
2026-09-16 18:24:25.140 I  PeachCommander[1750:24ea] [com.apple.AppKit:Image] ISImage reported a placeholder, image rep is providing a placeholder image for <private>
2026-09-16 18:24:25.141 I  PeachCommander[1750:24ea] [com.apple.AppKit:Image] ISImage reported a placeholder, image rep is providing a placeholder image for <private>
2026-09-16 18:24:25.142 I  PeachCommander[1750:24ea] [com.apple.AppKit:Image] ISImage reported a placeholder, image rep is providing a placeholder image for <private>
2026-09-16 18:24:25.143 I  PeachCommander[1750:24ea] [com.apple.AppKit:Image] ISImage reported a placeholder, image rep is providing a placeholder image for <private>
2026-09-16 18:24:25.144 I  PeachCommander[1750:24ea] [com.apple.AppKit:Image] ISImage reported a placeholder, image rep is providing a placeholder image for <private>
2026-09-16 18:24:25.144 I  PeachCommander[1750:24ea] [com.apple.AppKit:Image] ISImage reported a placeholder, image rep is providing a placeholder image for <private>
2026-09-16 18:24:25.145 I  PeachCommander[1750:24ea] [com.apple.AppKit:Image] ISImage reported a placeholder, image rep is providing a placeholder image for <private>
2026-09-16 18:24:25.146 I  PeachCommander[1750:24ea] [com.apple.AppKit:Image] ISImage reported a placeholder, image rep is providing a placeholder image for <private>
2026-09-16 18:24:25.147 I  PeachCommander[1750:24ea] [com.apple.AppKit:Image] ISImage reported a placeholder, image rep is providing a placeholder image for <private>
2026-09-16 18:24:25.147 I  PeachCommander[1750:24ea] [com.apple.AppKit:Image] ISImage reported a placeholder, image rep is providing a placeholder image for <private>
2026-09-16 18:24:25.147 I  PeachCommander[1750:24ea] [com.apple.AppKit:Image] ISImage reported a placeholder, image rep is providing a placeholder image for <private>
2026-09-16 18:24:25.149 I  PeachCommander[1750:24ea] [com.apple.AppKit:Image] ISImage reported a placeholder, image rep is providing a placeholder image for <private>
2026-09-16 18:24:25.149 I  PeachCommander[1750:24ea] [com.apple.AppKit:Image] ISImage reported a placeholder, image rep is providing a placeholder image for <private>
2026-09-16 18:24:25.150 I  PeachCommander[1750:24ea] [com.apple.AppKit:Image] ISImage reported a placeholder, image rep is providing a placeholder image for <private>
2026-09-16 18:24:25.150 I  PeachCommander[1750:24ea] [com.apple.AppKit:Image] ISImage reported a placeholder, image rep is providing a placeholder image for <private>
2026-09-16 18:24:25.152 I  PeachCommander[1750:24ea] [com.apple.AppKit:Image] ISImage reported a placeholder, image rep is providing a placeholder image for <private>
2026-09-16 18:24:25.152 I  PeachCommander[1750:24ea] [com.apple.AppKit:Image] ISImage reported a placeholder, image rep is providing a placeholder image for <private>
2026-09-16 18:24:25.153 I  PeachCommander[1750:24ea] [com.apple.AppKit:Image] ISImage reported a placeholder, image rep is providing a placeholder image for <private>
2026-09-16 18:24:25.153 I  PeachCommander[1750:24ea] [com.apple.AppKit:Image] ISImage reported a placeholder, image rep is providing a placeholder image for <private>
2026-09-16 18:24:25.154 I  PeachCommander[1750:24ea] [com.apple.AppKit:Image] ISImage reported a placeholder, image rep is providing a placeholder image for <private>
2026-09-16 18:24:25.154 I  PeachCommander[1750:24ea] [com.apple.AppKit:Image] ISImage reported a placeholder, image rep is providing a placeholder image for <private>
2026-09-16 18:24:25.156 I  PeachCommander[1750:24ea] [com.apple.AppKit:Image] ISImage reported a placeholder, image rep is providing a placeholder image for <private>
2026-09-16 18:24:25.156 I  PeachCommander[1750:24ea] [com.apple.AppKit:Image] ISImage reported a placeholder, image rep is providing a placeholder image for <private>
2026-09-16 18:24:25.157 I  PeachCommander[1750:24ea] [com.apple.AppKit:Image] ISImage reported a placeholder, image rep is providing a placeholder image for <private>
2026-09-16 18:24:25.157 I  PeachCommander[1750:24ea] [com.apple.AppKit:Image] ISImage reported a placeholder, image rep is providing a placeholder image for <private>
2026-09-16 18:24:25.159 I  PeachCommander[1750:24ea] [com.apple.AppKit:Image] ISImage reported a placeholder, image rep is providing a placeholder image for <private>
2026-09-16 18:24:25.159 I  PeachCommander[1750:24ea] [com.apple.AppKit:Image] ISImage reported a placeholder, image rep is providing a placeholder image for <private>
2026-09-16 18:24:25.160 I  PeachCommander[1750:24ea] [com.apple.AppKit:Image] ISImage reported a placeholder, image rep is providing a placeholder image for <private>
2026-09-16 18:24:25.160 I  PeachCommander[1750:24ea] [com.apple.AppKit:Image] ISImage reported a placeholder, image rep is providing a placeholder image for <private>
2026-09-16 18:24:25.161 I  PeachCommander[1750:24ea] [com.apple.AppKit:Image] ISImage reported a placeholder, image rep is providing a placeholder image for <private>
2026-09-16 18:24:25.161 I  PeachCommander[1750:24ea] [com.apple.AppKit:Image] ISImage reported a placeholder, image rep is providing a placeholder image for <private>
2026-09-16 18:24:25.163 I  PeachCommander[1750:24ea] [com.apple.AppKit:Image] ISImage reported a placeholder, image rep is providing a placeholder image for <private>
2026-09-16 18:24:25.163 I  PeachCommander[1750:24ea] [com.apple.AppKit:Image] ISImage reported a placeholder, image rep is providing a placeholder image for <private>
2026-09-16 18:24:25.164 I  PeachCommander[1750:24ea] [com.apple.AppKit:Image] ISImage reported a placeholder, image rep is providing a placeholder image for <private>
2026-09-16 18:24:25.164 I  PeachCommander[1750:24ea] [com.apple.AppKit:Image] ISImage reported a placeholder, image rep is providing a placeholder image for <private>
2026-09-16 18:24:25.165 I  PeachCommander[1750:24ea] [com.apple.AppKit:Image] ISImage reported a placeholder, image rep is providing a placeholder image for <private>
2026-09-16 18:24:25.165 I  PeachCommander[1750:24ea] [com.apple.AppKit:Image] ISImage reported a placeholder, image rep is providing a placeholder image for <private>
2026-09-16 18:24:25.167 I  PeachCommander[1750:24ea] [com.apple.AppKit:Image] ISImage reported a placeholder, image rep is providing a placeholder image for <private>
2026-09-16 18:24:25.167 I  PeachCommander[1750:24ea] [com.apple.AppKit:Image] ISImage reported a placeholder, image rep is providing a placeholder image for <private>
2026-09-16 18:24:25.168 I  PeachCommander[1750:24ea] [com.apple.AppKit:Image] ISImage reported a placeholder, image rep is providing a placeholder image for <private>
2026-09-16 18:24:25.169 I  PeachCommander[1750:24ea] [com.apple.AppKit:Image] ISImage reported a placeholder, image rep is providing a placeholder image for <private>
2026-09-16 18:24:25.170 I  PeachCommander[1750:24ea] [com.apple.AppKit:Image] ISImage reported a placeholder, image rep is providing a placeholder image for <private>
2026-09-16 18:24:25.170 I  PeachCommander[1750:24ea] [com.apple.AppKit:Image] ISImage reported a placeholder, image rep is providing a placeholder image for <private>
2026-09-16 18:24:25.172 I  PeachCommander[1750:24ea] [com.apple.AppKit:Image] ISImage reported a placeholder, image rep is providing a placeholder image for <private>
2026-09-16 18:24:25.172 I  PeachCommander[1750:24ea] [com.apple.AppKit:Image] ISImage reported a placeholder, image rep is providing a placeholder image for <private>
2026-09-16 18:24:25.173 I  PeachCommander[1750:24ea] [com.apple.AppKit:Image] ISImage reported a placeholder, image rep is providing a placeholder image for <private>
2026-09-16 18:24:25.173 I  PeachCommander[1750:24ea] [com.apple.AppKit:Image] ISImage reported a placeholder, image rep is providing a placeholder image for <private>
2026-09-16 18:24:25.174 I  PeachCommander[1750:24ea] [com.apple.AppKit:Image] ISImage reported a placeholder, image rep is providing a placeholder image for <private>
2026-09-16 18:24:25.175 I  PeachCommander[1750:24ea] [com.apple.AppKit:Image] ISImage reported a placeholder, image rep is providing a placeholder image for <private>
2026-09-16 18:24:25.176 I  PeachCommander[1750:24ea] [com.apple.AppKit:Image] ISImage reported a placeholder, image rep is providing a placeholder image for <private>
2026-09-16 18:24:25.176 I  PeachCommander[1750:24ea] [com.apple.AppKit:Image] ISImage reported a placeholder, image rep is providing a placeholder image for <private>
2026-09-16 18:24:25.178 I  PeachCommander[1750:24ea] [com.apple.AppKit:Image] ISImage reported a placeholder, image rep is providing a placeholder image for <private>
2026-09-16 18:24:25.178 I  PeachCommander[1750:24ea] [com.apple.AppKit:Image] ISImage reported a placeholder, image rep is providing a placeholder image for <private>
2026-09-16 18:24:25.179 I  PeachCommander[1750:24ea] [com.apple.AppKit:Image] ISImage reported a placeholder, image rep is providing a placeholder image for <private>
2026-09-16 18:24:25.179 I  PeachCommander[1750:24ea] [com.apple.AppKit:Image] ISImage reported a placeholder, image rep is providing a placeholder image for <private>
2026-09-16 18:24:25.181 I  PeachCommander[1750:24ea] [com.apple.AppKit:Image] ISImage reported a placeholder, image rep is providing a placeholder image for <private>
2026-09-16 18:24:25.181 I  PeachCommander[1750:24ea] [com.apple.AppKit:Image] ISImage reported a placeholder, image rep is providing a placeholder image for <private>
2026-09-16 18:24:25.182 I  PeachCommander[1750:24ea] [com.apple.AppKit:Image] ISImage reported a placeholder, image rep is providing a placeholder image for <private>
2026-09-16 18:24:25.182 I  PeachCommander[1750:24ea] [com.apple.AppKit:Image] ISImage reported a placeholder, image rep is providing a placeholder image for <private>
2026-09-16 18:24:25.289 I  PeachCommander[1750:24ea] [com.apple.AppKit:Image] ISImage reported a placeholder, image rep is providing a placeholder image for <private>
2026-09-16 18:24:25.290 I  PeachCommander[1750:24ea] [com.apple.AppKit:Image] ISImage reported a placeholder, image rep is providing a placeholder image for <private>
2026-09-16 18:24:25.291 I  PeachCommander[1750:24ea] [com.apple.AppKit:Image] ISImage reported a placeholder, image rep is providing a placeholder image for <private>
2026-09-16 18:24:25.292 I  PeachCommander[1750:24ea] [com.apple.AppKit:Image] ISImage reported a placeholder, image rep is providing a placeholder image for <private>
2026-09-16 18:24:25.293 I  PeachCommander[1750:24ea] [com.apple.AppKit:Image] ISImage reported a placeholder, image rep is providing a placeholder image for <private>
2026-09-16 18:24:25.294 I  PeachCommander[1750:24ea] [com.apple.AppKit:Image] ISImage reported a placeholder, image rep is providing a placeholder image for <private>
2026-09-16 18:24:25.295 I  PeachCommander[1750:24ea] [com.apple.AppKit:Image] ISImage reported a placeholder, image rep is providing a placeholder image for <private>
2026-09-16 18:24:25.296 I  PeachCommander[1750:24ea] [com.apple.AppKit:Image] ISImage reported a placeholder, image rep is providing a placeholder image for <private>
2026-09-16 18:24:25.297 I  PeachCommander[1750:24ea] [com.apple.AppKit:Image] ISImage reported a placeholder, image rep is providing a placeholder image for <private>
2026-09-16 18:24:25.297 I  PeachCommander[1750:24ea] [com.apple.AppKit:Image] ISImage reported a placeholder, image rep is providing a placeholder image for <private>
2026-09-16 18:24:25.298 I  PeachCommander[1750:24ea] [com.apple.AppKit:Image] ISImage reported a placeholder, image rep is providing a placeholder image for <private>
2026-09-16 18:24:25.299 I  PeachCommander[1750:24ea] [com.apple.AppKit:Image] ISImage reported a placeholder, image rep is providing a placeholder image for <private>
2026-09-16 18:24:25.300 I  PeachCommander[1750:24ea] [com.apple.AppKit:Image] ISImage reported a placeholder, image rep is providing a placeholder image for <private>
2026-09-16 18:24:25.301 I  PeachCommander[1750:24ea] [com.apple.AppKit:Image] ISImage reported a placeholder, image rep is providing a placeholder image for <private>
2026-09-16 18:24:25.302 I  PeachCommander[1750:24ea] [com.apple.AppKit:Image] ISImage reported a placeholder, image rep is providing a placeholder image for <private>
2026-09-16 18:24:25.302 I  PeachCommander[1750:24ea] [com.apple.AppKit:Image] ISImage reported a placeholder, image rep is providing a placeholder image for <private>
2026-09-16 18:24:25.303 I  PeachCommander[1750:24ea] [com.apple.AppKit:Image] ISImage reported a placeholder, image rep is providing a placeholder image for <private>
2026-09-16 18:24:25.304 I  PeachCommander[1750:24ea] [com.apple.AppKit:Image] ISImage reported a placeholder, image rep is providing a placeholder image for <private>
2026-09-16 18:24:25.305 I  PeachCommander[1750:24ea] [com.apple.AppKit:Image] ISImage reported a placeholder, image rep is providing a placeholder image for <private>
2026-09-16 18:24:25.306 I  PeachCommander[1750:24ea] [com.apple.AppKit:Image] ISImage reported a placeholder, image rep is providing a placeholder image for <private>
2026-09-16 18:24:25.307 I  PeachCommander[1750:24ea] [com.apple.AppKit:Image] ISImage reported a placeholder, image rep is providing a placeholder image for <private>
2026-09-16 18:24:25.308 I  PeachCommander[1750:24ea] [com.apple.AppKit:Image] ISImage reported a placeholder, image rep is providing a placeholder image for <private>
2026-09-16 18:24:25.308 I  PeachCommander[1750:24ea] [com.apple.AppKit:Image] ISImage reported a placeholder, image rep is providing a placeholder image for <private>
2026-09-16 18:24:25.309 I  PeachCommander[1750:24ea] [com.apple.AppKit:Image] ISImage reported a placeholder, image rep is providing a placeholder image for <private>
2026-09-16 18:24:25.310 I  PeachCommander[1750:24ea] [com.apple.AppKit:Image] ISImage reported a placeholder, image rep is providing a placeholder image for <private>
2026-09-16 18:24:25.311 I  PeachCommander[1750:24ea] [com.apple.AppKit:Image] ISImage reported a placeholder, image rep is providing a placeholder image for <private>
2026-09-16 18:24:25.311 I  PeachCommander[1750:24ea] [com.apple.AppKit:Image] ISImage reported a placeholder, image rep is providing a placeholder image for <private>
2026-09-16 18:24:25.312 I  PeachCommander[1750:24ea] [com.apple.AppKit:Image] ISImage reported a placeholder, image rep is providing a placeholder image for <private>
2026-09-16 18:24:25.312 I  PeachCommander[1750:24ea] [com.apple.AppKit:Image] ISImage reported a placeholder, image rep is providing a placeholder image for <private>
2026-09-16 18:24:25.314 I  PeachCommander[1750:24ea] [com.apple.AppKit:Image] ISImage reported a placeholder, image rep is providing a placeholder image for <private>
2026-09-16 18:24:25.314 I  PeachCommander[1750:24ea] [com.apple.AppKit:Image] ISImage reported a placeholder, image rep is providing a placeholder image for <private>
2026-09-16 18:24:25.315 I  PeachCommander[1750:24ea] [com.apple.AppKit:Image] ISImage reported a placeholder, image rep is providing a placeholder image for <private>
2026-09-16 18:24:25.316 I  PeachCommander[1750:24ea] [com.apple.AppKit:Image] ISImage reported a placeholder, image rep is providing a placeholder image for <private>
2026-09-16 18:24:25.317 I  PeachCommander[1750:24ea] [com.apple.AppKit:Image] ISImage reported a placeholder, image rep is providing a placeholder image for <private>
2026-09-16 18:24:25.317 I  PeachCommander[1750:24ea] [com.apple.AppKit:Image] ISImage reported a placeholder, image rep is providing a placeholder image for <private>
2026-09-16 18:24:25.318 I  PeachCommander[1750:24ea] [com.apple.AppKit:Image] ISImage reported a placeholder, image rep is providing a placeholder image for <private>
2026-09-16 18:24:25.318 I  PeachCommander[1750:24ea] [com.apple.AppKit:Image] ISImage reported a placeholder, image rep is providing a placeholder image for <private>
2026-09-16 18:24:25.319 I  PeachCommander[1750:24ea] [com.apple.AppKit:Image] ISImage reported a placeholder, image rep is providing a placeholder image for <private>
2026-09-16 18:24:25.320 I  PeachCommander[1750:24ea] [com.apple.AppKit:Image] ISImage reported a placeholder, image rep is providing a placeholder image for <private>
2026-09-16 18:24:25.321 I  PeachCommander[1750:24ea] [com.apple.AppKit:Image] ISImage reported a placeholder, image rep is providing a placeholder image for <private>
2026-09-16 18:24:25.321 I  PeachCommander[1750:24ea] [com.apple.AppKit:Image] ISImage reported a placeholder, image rep is providing a placeholder image for <private>
2026-09-16 18:24:25.322 I  PeachCommander[1750:24ea] [com.apple.AppKit:Image] ISImage reported a placeholder, image rep is providing a placeholder image for <private>
2026-09-16 18:24:25.322 I  PeachCommander[1750:24ea] [com.apple.AppKit:Image] ISImage reported a placeholder, image rep is providing a placeholder image for <private>
2026-09-16 18:24:25.324 I  PeachCommander[1750:24ea] [com.apple.AppKit:Image] ISImage reported a placeholder, image rep is providing a placeholder image for <private>
2026-09-16 18:24:25.324 I  PeachCommander[1750:24ea] [com.apple.AppKit:Image] ISImage reported a placeholder, image rep is providing a placeholder image for <private>
2026-09-16 18:24:25.325 I  PeachCommander[1750:24ea] [com.apple.AppKit:Image] ISImage reported a placeholder, image rep is providing a placeholder image for <private>
2026-09-16 18:24:25.325 I  PeachCommander[1750:24ea] [com.apple.AppKit:Image] ISImage reported a placeholder, image rep is providing a placeholder image for <private>
2026-09-16 18:24:25.327 I  PeachCommander[1750:24ea] [com.apple.AppKit:Image] ISImage reported a placeholder, image rep is providing a placeholder image for <private>
2026-09-16 18:24:25.327 I  PeachCommander[1750:24ea] [com.apple.AppKit:Image] ISImage reported a placeholder, image rep is providing a placeholder image for <private>
2026-09-16 18:24:25.328 I  PeachCommander[1750:24ea] [com.apple.AppKit:Image] ISImage reported a placeholder, image rep is providing a placeholder image for <private>
2026-09-16 18:24:25.328 I  PeachCommander[1750:24ea] [com.apple.AppKit:Image] ISImage reported a placeholder, image rep is providing a placeholder image for <private>
2026-09-16 18:24:25.329 I  PeachCommander[1750:24ea] [com.apple.AppKit:Image] ISImage reported a placeholder, image rep is providing a placeholder image for <private>
2026-09-16 18:24:25.329 I  PeachCommander[1750:24ea] [com.apple.AppKit:Image] ISImage reported a placeholder, image rep is providing a placeholder image for <private>
2026-09-16 18:24:25.331 I  PeachCommander[1750:24ea] [com.apple.AppKit:Image] ISImage reported a placeholder, image rep is providing a placeholder image for <private>
2026-09-16 18:24:25.331 I  PeachCommander[1750:24ea] [com.apple.AppKit:Image] ISImage reported a placeholder, image rep is providing a placeholder image for <private>
2026-09-16 18:24:25.332 I  PeachCommander[1750:24ea] [com.apple.AppKit:Image] ISImage reported a placeholder, image rep is providing a placeholder image for <private>
2026-09-16 18:24:25.332 I  PeachCommander[1750:24ea] [com.apple.AppKit:Image] ISImage reported a placeholder, image rep is providing a placeholder image for <private>
2026-09-16 18:24:25.334 I  PeachCommander[1750:24ea] [com.apple.AppKit:Image] ISImage reported a placeholder, image rep is providing a placeholder image for <private>
2026-09-16 18:24:25.334 I  PeachCommander[1750:24ea] [com.apple.AppKit:Image] ISImage reported a placeholder, image rep is providing a placeholder image for <private>
2026-09-16 18:24:25.335 I  PeachCommander[1750:24ea] [com.apple.AppKit:Image] ISImage reported a placeholder, image rep is providing a placeholder image for <private>
2026-09-16 18:24:25.335 I  PeachCommander[1750:24ea] [com.apple.AppKit:Image] ISImage reported a placeholder, image rep is providing a placeholder image for <private>
2026-09-16 18:24:25.337 I  PeachCommander[1750:24ea] [com.apple.AppKit:Image] ISImage reported a placeholder, image rep is providing a placeholder image for <private>
2026-09-16 18:24:25.337 I  PeachCommander[1750:24ea] [com.apple.AppKit:Image] ISImage reported a placeholder, image rep is providing a placeholder image for <private>
2026-09-16 18:24:25.338 I  PeachCommander[1750:24ea] [com.apple.AppKit:Image] ISImage reported a placeholder, image rep is providing a placeholder image for <private>
2026-09-16 18:24:25.338 I  PeachCommander[1750:24ea] [com.apple.AppKit:Image] ISImage reported a placeholder, image rep is providing a placeholder image for <private>
2026-09-16 18:24:25.339 I  PeachCommander[1750:24ea] [com.apple.AppKit:Image] ISImage reported a placeholder, image rep is providing a placeholder image for <private>
2026-09-16 18:24:25.339 I  PeachCommander[1750:24ea] [com.apple.AppKit:Image] ISImage reported a placeholder, image rep is providing a placeholder image for <private>
2026-09-16 18:24:25.341 I  PeachCommander[1750:24ea] [com.apple.AppKit:Image] ISImage reported a placeholder, image rep is providing a placeholder image for <private>
2026-09-16 18:24:25.341 I  PeachCommander[1750:24ea] [com.apple.AppKit:Image] ISImage reported a placeholder, image rep is providing a placeholder image for <private>
2026-09-16 18:24:25.342 I  PeachCommander[1750:24ea] [com.apple.AppKit:Image] ISImage reported a placeholder, image rep is providing a placeholder image for <private>
2026-09-16 18:24:25.342 I  PeachCommander[1750:24ea] [com.apple.AppKit:Image] ISImage reported a placeholder, image rep is providing a placeholder image for <private>
2026-09-16 18:24:25.344 I  PeachCommander[1750:24ea] [com.apple.AppKit:Image] ISImage reported a placeholder, image rep is providing a placeholder image for <private>
2026-09-16 18:24:25.344 I  PeachCommander[1750:24ea] [com.apple.AppKit:Image] ISImage reported a placeholder, image rep is providing a placeholder image for <private>
2026-09-16 18:24:25.345 I  PeachCommander[1750:24ea] [com.apple.AppKit:Image] ISImage reported a placeholder, image rep is providing a placeholder image for <private>
2026-09-16 18:24:25.345 I  PeachCommander[1750:24ea] [com.apple.AppKit:Image] ISImage reported a placeholder, image rep is providing a placeholder image for <private>
2026-09-16 18:24:25.534 Df PeachCommander[1750:24ea] (Foundation) <private>
2026-09-16 18:24:25.534 I  PeachCommander[1750:24ea] [com.peachcommander:PCFoundation] [automation] > workspacescope |ask
2026-09-16 18:24:25.535 Df PeachCommander[1750:24ea] (Foundation) <private>
2026-09-16 18:24:25.535 I  PeachCommander[1750:24ea] [com.peachcommander:PCFoundation] [automation] > wait 300
2026-09-16 18:24:25.848 Df PeachCommander[1750:24ea] (Foundation) <private>
2026-09-16 18:24:25.848 I  PeachCommander[1750:24ea] [com.peachcommander:PCFoundation] [automation] > setbool Operation.ConfirmDelete|1
2026-09-16 18:24:25.848 Df PeachCommander[1750:24ea] (Foundation) <private>
2026-09-16 18:24:25.848 I  PeachCommander[1750:24ea] [com.peachcommander:PCFoundation] [automation] > wait 300
2026-09-16 18:24:26.178 Df PeachCommander[1750:24ea] (Foundation) <private>
2026-09-16 18:24:26.178 I  PeachCommander[1750:24ea] [com.peachcommander:PCFoundation] [automation] done
